2025-03-08 00:08:36,858 - __main__ - INFO - Logging initialized
2025-03-08 00:08:36,861 - app.utils.path_manager - INFO - Application directories created successfully
2025-03-08 00:08:36,861 - __main__ - INFO - Application directories created
2025-03-08 00:08:36,861 - app.utils.config - INFO - Loading configuration
2025-03-08 00:08:36,864 - app.utils.config - INFO - Configuration loaded from file
2025-03-08 00:08:36,865 - app.utils.config - INFO - Loading configuration
2025-03-08 00:08:36,867 - app.utils.config - INFO - Configuration loaded from file
2025-03-08 00:08:36,867 - __main__ - INFO - Configuration initialized
2025-03-08 00:08:36,988 - app.utils.i18n - INFO - Loading translations
2025-03-08 00:08:36,992 - app.utils.i18n - INFO - Loaded 8 translations for en
2025-03-08 00:08:36,992 - app.utils.i18n - INFO - Loaded 8 translations for zh_CN
2025-03-08 00:08:36,992 - app.utils.i18n - INFO - Total loaded translations: 16
2025-03-08 00:08:36,994 - app.utils.i18n - INFO - Available locales: ['en', 'zh_CN']
2025-03-08 00:08:36,995 - app.utils.i18n - INFO - Set locale to en
2025-03-08 00:08:36,996 - app.utils.i18n - INFO - === Translation Status ===
2025-03-08 00:08:36,997 - app.utils.i18n - INFO - Current locale: en
2025-03-08 00:08:36,997 - app.utils.i18n - INFO - Available locales: ['en', 'zh_CN']
2025-03-08 00:08:36,998 - app.utils.i18n - INFO - Initialized: False
2025-03-08 00:08:36,999 - app.utils.i18n - INFO - Loaded strings for current locale: 8
2025-03-08 00:08:36,999 - app.utils.i18n - INFO - =====================
2025-03-08 00:08:36,999 - app.utils.i18n - INFO - Translations initialized successfully
2025-03-08 00:08:37,022 - __main__ - INFO - Loading theme from: c:\Users\ETPau\Documents\GitHub\CNN-\app\resources\themes\py_onedark.qss
2025-03-08 00:08:37,024 - __main__ - INFO - Theme applied successfully
2025-03-08 00:08:37,024 - __main__ - INFO - Creating main window...
2025-03-08 00:08:37,028 - app.gui.main_window - INFO - Initializing MainWindow
2025-03-08 00:08:37,033 - app.gui.image_list_widget - INFO - Initializing ImageBrowser
2025-03-08 00:08:37,037 - app.gui.image_list_widget - INFO - Preview label initialized
2025-03-08 00:08:37,038 - app.gui.image_list_widget - INFO - btn_import created
2025-03-08 00:08:37,039 - app.gui.image_list_widget - INFO - btn_remove created
2025-03-08 00:08:37,040 - app.gui.image_list_widget - INFO - btn_clear created
2025-03-08 00:08:37,040 - app.gui.image_list_widget - INFO - Buttons created
2025-03-08 00:08:37,040 - app.gui.image_list_widget - INFO - Setting up ImageBrowser UI
2025-03-08 00:08:37,041 - app.gui.image_list_widget - INFO - QHBoxLayout created
2025-03-08 00:08:37,042 - app.gui.image_list_widget - INFO - QVBoxLayout created
2025-03-08 00:08:37,044 - app.gui.image_list_widget - INFO - btn_import added
2025-03-08 00:08:37,045 - app.gui.image_list_widget - INFO - btn_remove added
2025-03-08 00:08:37,045 - app.gui.image_list_widget - INFO - btn_clear added
2025-03-08 00:08:37,045 - app.gui.image_list_widget - INFO - list_widget added
2025-03-08 00:08:37,047 - app.gui.image_list_widget - INFO - Left panel added to layout
2025-03-08 00:08:37,047 - app.gui.image_list_widget - INFO - Preview label added to layout
2025-03-08 00:08:37,049 - app.gui.image_list_widget - INFO - Layout set
2025-03-08 00:08:37,050 - app.gui.image_list_widget - INFO - Button states updated
2025-03-08 00:08:37,050 - app.gui.image_list_widget - INFO - UI setup complete
2025-03-08 00:08:37,051 - app.gui.image_list_widget - INFO - Signals connected
2025-03-08 00:08:37,052 - app.gui.image_list_widget - INFO - ImageBrowser initialization complete
2025-03-08 00:08:37,052 - app.gui.result_visualizer - INFO - Initializing ResultVisualizer
2025-03-08 00:08:37,055 - app.gui.result_visualizer - INFO - ResultVisualizer initialization complete
2025-03-08 00:08:37,169 - app.gui.main_window - INFO - MainWindow initialization complete
2025-03-08 00:08:37,169 - __main__ - INFO - Main window created successfully
2025-03-08 00:08:38,325 - __main__ - INFO - Main window shown
2025-03-08 00:08:42,074 - app.gui.about_dialog - INFO - Initializing AboutDialog
2025-03-08 00:08:42,097 - app.gui.about_dialog - INFO - AboutDialog initialization complete
2025-03-08 00:13:14,742 - __main__ - INFO - Logging initialized
2025-03-08 00:13:14,759 - app.utils.path_manager - INFO - Application directories created successfully
2025-03-08 00:13:14,759 - __main__ - INFO - Application directories created
2025-03-08 00:13:14,760 - app.utils.config - INFO - Loading configuration
2025-03-08 00:13:14,761 - app.utils.config - INFO - Configuration loaded from file
2025-03-08 00:13:14,761 - app.utils.config - INFO - Loading configuration
2025-03-08 00:13:14,764 - app.utils.config - INFO - Configuration loaded from file
2025-03-08 00:13:14,766 - __main__ - INFO - Configuration initialized
2025-03-08 00:13:14,860 - app.utils.i18n - INFO - Loading translations
2025-03-08 00:13:14,863 - app.utils.i18n - INFO - Loaded 8 translations for en
2025-03-08 00:13:14,864 - app.utils.i18n - INFO - Loaded 8 translations for zh_CN
2025-03-08 00:13:14,864 - app.utils.i18n - INFO - Total loaded translations: 16
2025-03-08 00:13:14,864 - app.utils.i18n - INFO - Available locales: ['en', 'zh_CN']
2025-03-08 00:13:14,865 - app.utils.i18n - INFO - Set locale to en
2025-03-08 00:13:14,866 - app.utils.i18n - INFO - === Translation Status ===
2025-03-08 00:13:14,866 - app.utils.i18n - INFO - Current locale: en
2025-03-08 00:13:14,867 - app.utils.i18n - INFO - Available locales: ['en', 'zh_CN']
2025-03-08 00:13:14,867 - app.utils.i18n - INFO - Initialized: False
2025-03-08 00:13:14,868 - app.utils.i18n - INFO - Loaded strings for current locale: 8
2025-03-08 00:13:14,868 - app.utils.i18n - INFO - =====================
2025-03-08 00:13:14,869 - app.utils.i18n - INFO - Translations initialized successfully
2025-03-08 00:13:14,890 - __main__ - INFO - Loading theme from: c:\Users\ETPau\Documents\GitHub\CNN-\app\resources\themes\py_onedark.qss
2025-03-08 00:13:14,891 - __main__ - INFO - Theme applied successfully
2025-03-08 00:13:14,892 - __main__ - INFO - Creating main window...
2025-03-08 00:13:14,894 - app.gui.main_window - INFO - Initializing MainWindow
2025-03-08 00:13:14,897 - app.gui.image_list_widget - INFO - Initializing ImageBrowser
2025-03-08 00:13:14,898 - app.gui.image_list_widget - INFO - Preview label initialized
2025-03-08 00:13:14,899 - app.gui.image_list_widget - INFO - btn_import created
2025-03-08 00:13:14,900 - app.gui.image_list_widget - INFO - btn_remove created
2025-03-08 00:13:14,900 - app.gui.image_list_widget - INFO - btn_clear created
2025-03-08 00:13:14,902 - app.gui.image_list_widget - INFO - Buttons created
2025-03-08 00:13:14,903 - app.gui.image_list_widget - INFO - Setting up ImageBrowser UI
2025-03-08 00:13:14,903 - app.gui.image_list_widget - INFO - QHBoxLayout created
2025-03-08 00:13:14,904 - app.gui.image_list_widget - INFO - QVBoxLayout created
2025-03-08 00:13:14,904 - app.gui.image_list_widget - INFO - btn_import added
2025-03-08 00:13:14,905 - app.gui.image_list_widget - INFO - btn_remove added
2025-03-08 00:13:14,905 - app.gui.image_list_widget - INFO - btn_clear added
2025-03-08 00:13:14,906 - app.gui.image_list_widget - INFO - list_widget added
2025-03-08 00:13:14,908 - app.gui.image_list_widget - INFO - Left panel added to layout
2025-03-08 00:13:14,909 - app.gui.image_list_widget - INFO - Preview label added to layout
2025-03-08 00:13:14,911 - app.gui.image_list_widget - INFO - Layout set
2025-03-08 00:13:14,912 - app.gui.image_list_widget - INFO - Button states updated
2025-03-08 00:13:14,912 - app.gui.image_list_widget - INFO - UI setup complete
2025-03-08 00:13:14,913 - app.gui.image_list_widget - INFO - Signals connected
2025-03-08 00:13:14,914 - app.gui.image_list_widget - INFO - ImageBrowser initialization complete
2025-03-08 00:13:14,915 - app.gui.result_visualizer - INFO - Initializing ResultVisualizer
2025-03-08 00:13:14,917 - app.gui.result_visualizer - INFO - ResultVisualizer initialization complete
2025-03-08 00:13:14,984 - app.gui.main_window - INFO - MainWindow initialization complete
2025-03-08 00:13:14,985 - __main__ - INFO - Main window created successfully
2025-03-08 00:13:15,433 - __main__ - INFO - Main window shown
2025-03-08 00:13:18,248 - app.gui.about_dialog - INFO - Initializing AboutDialog
2025-03-08 00:13:18,270 - app.gui.about_dialog - INFO - AboutDialog initialization complete
2025-03-08 12:45:35,006 - __main__ - INFO - Logging initialized
2025-03-08 12:45:35,080 - __main__ - INFO - Application started: Colony Detection 1.0.0
2025-03-08 12:45:35,080 - __main__ - INFO - Platform: win32, Python: 3.11.0 (main, Oct 24 2022, 18:26:48) [MSC v.1933 64 bit (AMD64)]
2025-03-08 12:45:35,084 - app.utils.path_manager - INFO - Application directories created successfully
2025-03-08 12:45:35,084 - __main__ - INFO - Application directories created
2025-03-08 12:45:35,086 - app.utils.config - INFO - Configuration loaded successfully
2025-03-08 12:45:35,087 - app.utils.config - INFO - Configuration loaded successfully
2025-03-08 12:45:35,088 - __main__ - INFO - Configuration initialized: {'default_path': 'C:\\Users\\ETPau/Desktop/MicroAI_Detect', 'export_formats': ['json', 'csv', 'xlsx'], 'analysis_iterations': 100, 'language': 'zh', 'theme': 'light'}
2025-03-08 12:45:35,088 - app.utils.i18n - INFO - Loading translations
2025-03-08 12:45:35,090 - app.utils.i18n - INFO - Loaded 8 translations for en
2025-03-08 12:45:35,092 - app.utils.i18n - INFO - Loaded 8 translations for zh_CN
2025-03-08 12:45:35,092 - app.utils.i18n - INFO - Total loaded translations: 16
2025-03-08 12:45:35,092 - app.utils.i18n - INFO - Available locales: ['en', 'zh_CN']
2025-03-08 12:45:35,093 - app.utils.i18n - INFO - Set locale to en
2025-03-08 12:45:35,093 - app.utils.i18n - INFO - === Translation Status ===
2025-03-08 12:45:35,095 - app.utils.i18n - INFO - Current locale: en
2025-03-08 12:45:35,095 - app.utils.i18n - INFO - Available locales: ['en', 'zh_CN']
2025-03-08 12:45:35,095 - app.utils.i18n - INFO - Initialized: False
2025-03-08 12:45:35,095 - app.utils.i18n - INFO - Loaded strings for current locale: 8
2025-03-08 12:45:35,096 - app.utils.i18n - INFO - =====================
2025-03-08 12:45:35,096 - app.utils.i18n - INFO - Translations initialized successfully
2025-03-08 12:45:35,096 - __main__ - INFO - Translations initialized. Current locale: en
2025-03-08 12:45:35,112 - __main__ - INFO - Theme applied successfully
2025-03-08 12:45:35,113 - __main__ - INFO - Creating main window...
2025-03-08 12:45:35,115 - app.gui.main_window - INFO - Initializing MainWindow
2025-03-08 12:45:35,119 - app.gui.image_list_widget - INFO - Initializing ImageBrowser
2025-03-08 12:45:35,120 - app.gui.image_list_widget - INFO - Preview label initialized
2025-03-08 12:45:35,120 - app.gui.image_list_widget - INFO - btn_import created
2025-03-08 12:45:35,121 - app.gui.image_list_widget - INFO - btn_remove created
2025-03-08 12:45:35,122 - app.gui.image_list_widget - INFO - btn_clear created
2025-03-08 12:45:35,122 - app.gui.image_list_widget - INFO - Buttons created
2025-03-08 12:45:35,123 - app.gui.image_list_widget - INFO - Setting up ImageBrowser UI
2025-03-08 12:45:35,123 - app.gui.image_list_widget - INFO - QHBoxLayout created
2025-03-08 12:45:35,124 - app.gui.image_list_widget - INFO - Button group created
2025-03-08 12:45:35,125 - app.gui.image_list_widget - INFO - List group created
2025-03-08 12:45:35,126 - app.gui.image_list_widget - INFO - QVBoxLayout created
2025-03-08 12:45:35,126 - app.gui.image_list_widget - INFO - Groups added to left panel
2025-03-08 12:45:35,129 - app.gui.image_list_widget - INFO - Left panel added to layout
2025-03-08 12:45:35,130 - app.gui.image_list_widget - INFO - Preview group added to layout
2025-03-08 12:45:35,130 - app.gui.image_list_widget - INFO - Layout set
2025-03-08 12:45:35,132 - app.gui.image_list_widget - INFO - Button states updated
2025-03-08 12:45:35,132 - app.gui.image_list_widget - INFO - UI setup complete
2025-03-08 12:45:35,134 - app.gui.image_list_widget - INFO - Signals connected
2025-03-08 12:45:35,134 - app.gui.image_list_widget - INFO - ImageBrowser initialization complete
2025-03-08 12:45:35,173 - app.gui.result_visualizer - INFO - Initializing ResultVisualizer
2025-03-08 12:45:35,179 - app.gui.result_visualizer - INFO - ResultVisualizer initialization complete
2025-03-08 12:45:35,291 - app.gui.main_window - INFO - MainWindow initialization complete
2025-03-08 12:45:35,556 - __main__ - INFO - Main window initialized and shown
2025-03-08 12:46:23,354 - app.gui.settings_dialog - INFO - Initializing SettingsDialog
2025-03-08 12:46:23,359 - app.gui.settings_dialog - INFO - SettingsDialog initialization complete
2025-03-08 12:47:38,187 - app.gui.settings_dialog - INFO - Initializing SettingsDialog
2025-03-08 12:47:38,190 - app.gui.settings_dialog - INFO - SettingsDialog initialization complete
2025-03-08 12:48:55,396 - __main__ - INFO - Logging initialized
2025-03-08 12:48:55,436 - __main__ - INFO - Application started: Colony Detection 1.0.0
2025-03-08 12:48:55,436 - __main__ - INFO - Platform: win32, Python: 3.11.0 (main, Oct 24 2022, 18:26:48) [MSC v.1933 64 bit (AMD64)]
2025-03-08 12:48:55,440 - __main__ - INFO - Using font: Microsoft YaHei
2025-03-08 12:48:55,441 - app.utils.path_manager - INFO - Application directories created successfully
2025-03-08 12:48:55,441 - __main__ - INFO - Application directories created
2025-03-08 12:48:55,442 - app.utils.config - INFO - Configuration loaded successfully
2025-03-08 12:48:55,443 - app.utils.config - INFO - Configuration loaded successfully
2025-03-08 12:48:55,443 - __main__ - INFO - Configuration initialized: {'default_path': 'C:\\Users\\ETPau/Desktop/MicroAI_Detect', 'export_formats': ['json', 'csv', 'xlsx'], 'analysis_iterations': 100, 'language': 'zh', 'theme': 'light'}
2025-03-08 12:48:55,443 - app.utils.i18n - INFO - Loading translations
2025-03-08 12:48:55,445 - app.utils.i18n - INFO - Loaded 8 translations for en
2025-03-08 12:48:55,445 - app.utils.i18n - INFO - Loaded 8 translations for zh_CN
2025-03-08 12:48:55,445 - app.utils.i18n - INFO - Total loaded translations: 16
2025-03-08 12:48:55,445 - app.utils.i18n - INFO - Available locales: ['en', 'zh_CN']
2025-03-08 12:48:55,445 - app.utils.i18n - INFO - Set locale to en
2025-03-08 12:48:55,446 - app.utils.i18n - INFO - === Translation Status ===
2025-03-08 12:48:55,446 - app.utils.i18n - INFO - Current locale: en
2025-03-08 12:48:55,446 - app.utils.i18n - INFO - Available locales: ['en', 'zh_CN']
2025-03-08 12:48:55,446 - app.utils.i18n - INFO - Initialized: False
2025-03-08 12:48:55,447 - app.utils.i18n - INFO - Loaded strings for current locale: 8
2025-03-08 12:48:55,447 - app.utils.i18n - INFO - =====================
2025-03-08 12:48:55,447 - app.utils.i18n - INFO - Translations initialized successfully
2025-03-08 12:48:55,447 - __main__ - INFO - Translations initialized. Current locale: en
2025-03-08 12:48:55,456 - __main__ - INFO - Theme applied successfully
2025-03-08 12:48:55,457 - __main__ - INFO - Creating main window...
2025-03-08 12:48:55,459 - app.gui.main_window - INFO - Initializing MainWindow
2025-03-08 12:48:55,463 - app.gui.image_list_widget - INFO - Initializing ImageBrowser
2025-03-08 12:48:55,464 - app.gui.image_list_widget - INFO - Preview label initialized
2025-03-08 12:48:55,465 - app.gui.image_list_widget - INFO - btn_import created
2025-03-08 12:48:55,465 - app.gui.image_list_widget - INFO - btn_remove created
2025-03-08 12:48:55,466 - app.gui.image_list_widget - INFO - btn_clear created
2025-03-08 12:48:55,466 - app.gui.image_list_widget - INFO - Buttons created
2025-03-08 12:48:55,466 - app.gui.image_list_widget - INFO - Setting up ImageBrowser UI
2025-03-08 12:48:55,466 - app.gui.image_list_widget - INFO - QHBoxLayout created
2025-03-08 12:48:55,467 - app.gui.image_list_widget - INFO - Button group created
2025-03-08 12:48:55,468 - app.gui.image_list_widget - INFO - List group created
2025-03-08 12:48:55,468 - app.gui.image_list_widget - INFO - QVBoxLayout created
2025-03-08 12:48:55,468 - app.gui.image_list_widget - INFO - Groups added to left panel
2025-03-08 12:48:55,470 - app.gui.image_list_widget - INFO - Left panel added to layout
2025-03-08 12:48:55,470 - app.gui.image_list_widget - INFO - Preview group added to layout
2025-03-08 12:48:55,471 - app.gui.image_list_widget - INFO - Layout set
2025-03-08 12:48:55,471 - app.gui.image_list_widget - INFO - Button states updated
2025-03-08 12:48:55,471 - app.gui.image_list_widget - INFO - UI setup complete
2025-03-08 12:48:55,472 - app.gui.image_list_widget - INFO - Signals connected
2025-03-08 12:48:55,472 - app.gui.image_list_widget - INFO - ImageBrowser initialization complete
2025-03-08 12:48:55,481 - app.gui.result_visualizer - INFO - Initializing ResultVisualizer
2025-03-08 12:48:55,484 - app.gui.result_visualizer - INFO - ResultVisualizer initialization complete
2025-03-08 12:48:55,530 - app.gui.main_window - INFO - MainWindow initialization complete
2025-03-08 12:48:55,682 - __main__ - INFO - Main window initialized and shown
2025-03-08 12:51:23,672 - __main__ - INFO - Logging initialized
2025-03-08 12:51:23,710 - __main__ - INFO - Application started: Colony Detection 1.0.0
2025-03-08 12:51:23,710 - __main__ - INFO - Platform: win32, Python: 3.11.0 (main, Oct 24 2022, 18:26:48) [MSC v.1933 64 bit (AMD64)]
2025-03-08 12:51:23,711 - __main__ - INFO - Using font: Microsoft YaHei UI
2025-03-08 12:51:23,711 - app.utils.path_manager - INFO - Application directories created successfully
2025-03-08 12:51:23,711 - __main__ - INFO - Application directories created
2025-03-08 12:51:23,713 - app.utils.config - INFO - Configuration loaded successfully
2025-03-08 12:51:23,713 - app.utils.config - INFO - Configuration loaded successfully
2025-03-08 12:51:23,714 - __main__ - INFO - Configuration initialized
2025-03-08 12:51:23,714 - app.utils.i18n - INFO - Loading translations
2025-03-08 12:51:23,715 - app.utils.i18n - INFO - Loaded 8 translations for en
2025-03-08 12:51:23,715 - app.utils.i18n - INFO - Loaded 8 translations for zh_CN
2025-03-08 12:51:23,716 - app.utils.i18n - INFO - Total loaded translations: 16
2025-03-08 12:51:23,716 - app.utils.i18n - INFO - Available locales: ['en', 'zh_CN']
2025-03-08 12:51:23,716 - app.utils.i18n - INFO - Set locale to en
2025-03-08 12:51:23,716 - app.utils.i18n - INFO - === Translation Status ===
2025-03-08 12:51:23,717 - app.utils.i18n - INFO - Current locale: en
2025-03-08 12:51:23,717 - app.utils.i18n - INFO - Available locales: ['en', 'zh_CN']
2025-03-08 12:51:23,717 - app.utils.i18n - INFO - Initialized: False
2025-03-08 12:51:23,717 - app.utils.i18n - INFO - Loaded strings for current locale: 8
2025-03-08 12:51:23,717 - app.utils.i18n - INFO - =====================
2025-03-08 12:51:23,717 - app.utils.i18n - INFO - Translations initialized successfully
2025-03-08 12:51:23,717 - __main__ - INFO - Translations initialized. Current locale: en
2025-03-08 12:51:23,727 - __main__ - INFO - Theme applied successfully
2025-03-08 12:51:23,727 - __main__ - INFO - Creating main window...
2025-03-08 12:51:23,728 - app.gui.main_window - INFO - Initializing MainWindow
2025-03-08 12:51:23,729 - app.gui.image_list_widget - INFO - Initializing ImageBrowser
2025-03-08 12:51:23,731 - app.gui.image_list_widget - INFO - Preview label initialized
2025-03-08 12:51:23,731 - app.gui.image_list_widget - INFO - btn_import created
2025-03-08 12:51:23,731 - app.gui.image_list_widget - INFO - btn_remove created
2025-03-08 12:51:23,731 - app.gui.image_list_widget - INFO - btn_clear created
2025-03-08 12:51:23,731 - app.gui.image_list_widget - INFO - Buttons created
2025-03-08 12:51:23,733 - app.gui.image_list_widget - INFO - Setting up ImageBrowser UI
2025-03-08 12:51:23,733 - app.gui.image_list_widget - INFO - QHBoxLayout created
2025-03-08 12:51:23,734 - app.gui.image_list_widget - INFO - Button group created
2025-03-08 12:51:23,735 - app.gui.image_list_widget - INFO - List group created
2025-03-08 12:51:23,735 - app.gui.image_list_widget - INFO - QVBoxLayout created
2025-03-08 12:51:23,735 - app.gui.image_list_widget - INFO - Groups added to left panel
2025-03-08 12:51:23,736 - app.gui.image_list_widget - INFO - Left panel added to layout
2025-03-08 12:51:23,736 - app.gui.image_list_widget - INFO - Preview group added to layout
2025-03-08 12:51:23,736 - app.gui.image_list_widget - INFO - Layout set
2025-03-08 12:51:23,737 - app.gui.image_list_widget - INFO - Button states updated
2025-03-08 12:51:23,737 - app.gui.image_list_widget - INFO - UI setup complete
2025-03-08 12:51:23,737 - app.gui.image_list_widget - INFO - Signals connected
2025-03-08 12:51:23,738 - app.gui.image_list_widget - INFO - ImageBrowser initialization complete
2025-03-08 12:51:23,746 - app.gui.result_visualizer - INFO - Initializing ResultVisualizer
2025-03-08 12:51:23,748 - app.gui.result_visualizer - INFO - ResultVisualizer initialization complete
2025-03-08 12:51:23,788 - app.gui.main_window - INFO - MainWindow initialization complete
2025-03-08 12:51:23,957 - __main__ - INFO - Main window initialized and shown
2025-03-08 12:51:38,457 - app.gui.settings_dialog - INFO - Initializing SettingsDialog
2025-03-08 12:51:38,466 - app.gui.settings_dialog - INFO - SettingsDialog initialization complete
2025-03-08 12:52:00,175 - app.utils.config - INFO - Configuration saved successfully
2025-03-08 12:52:00,175 - app.utils.config - INFO - Configuration updated: default_path = C:\Users\ETPau/Desktop/MicroAI_Detect
2025-03-08 12:52:00,178 - app.utils.config - INFO - Configuration saved successfully
2025-03-08 12:52:00,178 - app.utils.config - INFO - Configuration updated: export_formats = ['json', 'csv', 'xlsx']
2025-03-08 12:52:00,179 - app.utils.config - INFO - Configuration saved successfully
2025-03-08 12:52:00,179 - app.utils.config - INFO - Configuration updated: analysis_iterations = 100
2025-03-08 12:52:00,180 - app.utils.config - INFO - Configuration saved successfully
2025-03-08 12:52:00,180 - app.utils.config - INFO - Configuration updated: window.maximized = False
2025-03-08 12:52:00,194 - app.utils.config - INFO - Configuration saved successfully
2025-03-08 13:03:06,245 - __main__ - INFO - Logging initialized
2025-03-08 13:03:06,399 - __main__ - INFO - Application started: MicroAI-Colony 1.0.0
2025-03-08 13:03:06,400 - __main__ - INFO - Platform: win32, Python: 3.11.0 (main, Oct 24 2022, 18:26:48) [MSC v.1933 64 bit (AMD64)]
2025-03-08 13:03:06,402 - __main__ - INFO - Using font: Microsoft YaHei UI
2025-03-08 13:03:06,405 - app.utils.path_manager - INFO - Application directories created successfully
2025-03-08 13:03:06,406 - __main__ - INFO - Application directories created
2025-03-08 13:03:06,407 - app.utils.config - INFO - Configuration loaded successfully
2025-03-08 13:03:06,408 - app.utils.config - INFO - Configuration loaded successfully
2025-03-08 13:03:06,409 - __main__ - INFO - Configuration initialized
2025-03-08 13:03:06,410 - app.utils.i18n - INFO - Loading translations
2025-03-08 13:03:06,411 - app.utils.i18n - INFO - Loaded 76 translations for en
2025-03-08 13:03:06,412 - app.utils.i18n - INFO - Loaded 76 translations for zh_CN
2025-03-08 13:03:06,412 - app.utils.i18n - INFO - Total loaded translations: 152
2025-03-08 13:03:06,412 - app.utils.i18n - INFO - Available locales: ['en', 'zh_CN']
2025-03-08 13:03:06,414 - app.utils.i18n - INFO - Using system locale: zh_CN
2025-03-08 13:03:06,414 - app.utils.i18n - INFO - === Translation Status ===
2025-03-08 13:03:06,414 - app.utils.i18n - INFO - Current locale: zh_CN
2025-03-08 13:03:06,414 - app.utils.i18n - INFO - Available locales: ['en', 'zh_CN']
2025-03-08 13:03:06,415 - app.utils.i18n - INFO - Initialized: True
2025-03-08 13:03:06,415 - app.utils.i18n - INFO - Loaded strings for current locale: 76
2025-03-08 13:03:06,415 - app.utils.i18n - INFO - =====================
2025-03-08 13:03:06,416 - app.utils.i18n - INFO - Loading translations
2025-03-08 13:03:06,417 - app.utils.i18n - INFO - Loaded 76 translations for en
2025-03-08 13:03:06,418 - app.utils.i18n - INFO - Loaded 76 translations for zh_CN
2025-03-08 13:03:06,419 - app.utils.i18n - INFO - Total loaded translations: 152
2025-03-08 13:03:06,419 - app.utils.i18n - INFO - Available locales: ['en', 'zh_CN']
2025-03-08 13:03:06,419 - app.utils.i18n - INFO - Using system locale: zh_CN
2025-03-08 13:03:06,421 - app.utils.i18n - INFO - === Translation Status ===
2025-03-08 13:03:06,421 - app.utils.i18n - INFO - Current locale: zh_CN
2025-03-08 13:03:06,421 - app.utils.i18n - INFO - Available locales: ['en', 'zh_CN']
2025-03-08 13:03:06,422 - app.utils.i18n - INFO - Initialized: True
2025-03-08 13:03:06,422 - app.utils.i18n - INFO - Loaded strings for current locale: 76
2025-03-08 13:03:06,422 - app.utils.i18n - INFO - =====================
2025-03-08 13:03:06,423 - app.utils.i18n - INFO - Translations initialized successfully
2025-03-08 13:03:06,423 - __main__ - INFO - Translations initialized. Current locale: zh_CN
2025-03-08 13:03:06,450 - __main__ - INFO - Theme applied successfully
2025-03-08 13:03:06,450 - __main__ - INFO - Creating main window...
2025-03-08 13:03:06,461 - app.gui.main_window - INFO - Initializing MainWindow
2025-03-08 13:03:06,469 - app.gui.image_list_widget - INFO - Initializing ImageBrowser
2025-03-08 13:03:06,477 - app.gui.image_list_widget - INFO - Preview label initialized
2025-03-08 13:03:06,477 - app.gui.image_list_widget - INFO - btn_import created
2025-03-08 13:03:06,478 - app.gui.image_list_widget - INFO - btn_remove created
2025-03-08 13:03:06,479 - app.gui.image_list_widget - INFO - btn_clear created
2025-03-08 13:03:06,479 - app.gui.image_list_widget - INFO - Buttons created
2025-03-08 13:03:06,479 - app.gui.image_list_widget - INFO - Setting up ImageBrowser UI
2025-03-08 13:03:06,479 - app.gui.image_list_widget - INFO - QHBoxLayout created
2025-03-08 13:03:06,483 - app.gui.image_list_widget - INFO - Button group created
2025-03-08 13:03:06,484 - app.gui.image_list_widget - INFO - List group created
2025-03-08 13:03:06,484 - app.gui.image_list_widget - INFO - QVBoxLayout created
2025-03-08 13:03:06,485 - app.gui.image_list_widget - INFO - Groups added to left panel
2025-03-08 13:03:06,486 - app.gui.image_list_widget - INFO - Left panel added to layout
2025-03-08 13:03:06,486 - app.gui.image_list_widget - INFO - Preview group added to layout
2025-03-08 13:03:06,489 - app.gui.image_list_widget - INFO - Layout set
2025-03-08 13:03:06,489 - app.gui.image_list_widget - INFO - Button states updated
2025-03-08 13:03:06,491 - app.gui.image_list_widget - INFO - UI setup complete
2025-03-08 13:03:06,493 - app.gui.image_list_widget - INFO - Signals connected
2025-03-08 13:03:06,493 - app.gui.image_list_widget - INFO - ImageBrowser initialization complete
2025-03-08 13:03:06,527 - app.gui.result_visualizer - INFO - Initializing ResultVisualizer
2025-03-08 13:03:06,531 - app.gui.result_visualizer - INFO - ResultVisualizer initialization complete
2025-03-08 13:03:06,631 - app.gui.main_window - INFO - MainWindow initialization complete
2025-03-08 13:03:07,057 - __main__ - INFO - Main window initialized and shown
2025-03-08 13:03:10,559 - app.gui.settings_dialog - INFO - Initializing SettingsDialog
2025-03-08 13:03:10,568 - app.gui.settings_dialog - INFO - SettingsDialog initialization complete
2025-03-08 13:03:25,202 - app.gui.about_dialog - INFO - Initializing AboutDialog
2025-03-08 13:03:25,234 - app.gui.about_dialog - INFO - AboutDialog initialization complete
2025-03-08 13:03:45,070 - app.gui.settings_dialog - INFO - Initializing SettingsDialog
2025-03-08 13:03:45,076 - app.gui.settings_dialog - INFO - SettingsDialog initialization complete
2025-03-08 13:05:06,487 - __main__ - INFO - Logging initialized
2025-03-08 13:05:06,600 - __main__ - INFO - Application started: MicroAI-Colony 1.0.0
2025-03-08 13:05:06,602 - __main__ - INFO - Platform: win32, Python: 3.11.0 (main, Oct 24 2022, 18:26:48) [MSC v.1933 64 bit (AMD64)]
2025-03-08 13:05:06,604 - __main__ - INFO - Using font: Microsoft YaHei UI
2025-03-08 13:05:06,606 - app.utils.path_manager - INFO - Application directories created successfully
2025-03-08 13:05:06,606 - __main__ - INFO - Application directories created
2025-03-08 13:05:06,609 - app.utils.config - INFO - Configuration loaded successfully
2025-03-08 13:05:06,610 - app.utils.config - INFO - Configuration loaded successfully
2025-03-08 13:05:06,611 - __main__ - INFO - Configuration initialized
2025-03-08 13:05:06,611 - app.utils.i18n - INFO - Loading translations
2025-03-08 13:05:06,614 - app.utils.i18n - INFO - Loaded 76 translations for en
2025-03-08 13:05:06,616 - app.utils.i18n - INFO - Loaded 76 translations for zh_CN
2025-03-08 13:05:06,617 - app.utils.i18n - INFO - Total loaded translations: 152
2025-03-08 13:05:06,617 - app.utils.i18n - INFO - Available locales: ['en', 'zh_CN']
2025-03-08 13:05:06,618 - app.utils.i18n - INFO - Using system locale: zh_CN
2025-03-08 13:05:06,619 - app.utils.i18n - INFO - === Translation Status ===
2025-03-08 13:05:06,620 - app.utils.i18n - INFO - Current locale: zh_CN
2025-03-08 13:05:06,623 - app.utils.i18n - INFO - Available locales: ['en', 'zh_CN']
2025-03-08 13:05:06,624 - app.utils.i18n - INFO - Initialized: True
2025-03-08 13:05:06,627 - app.utils.i18n - INFO - Loaded strings for current locale: 76
2025-03-08 13:05:06,628 - app.utils.i18n - INFO - =====================
2025-03-08 13:05:06,629 - app.utils.i18n - INFO - Translations initialized successfully
2025-03-08 13:05:06,630 - __main__ - INFO - Translations initialized. Current locale: zh_CN
2025-03-08 13:05:06,655 - __main__ - INFO - Theme applied successfully
2025-03-08 13:05:06,658 - __main__ - INFO - Creating main window...
2025-03-08 13:05:06,660 - app.gui.main_window - INFO - Initializing MainWindow
2025-03-08 13:05:06,663 - app.gui.image_list_widget - INFO - Initializing ImageBrowser
2025-03-08 13:05:06,666 - app.gui.image_list_widget - INFO - Preview label initialized
2025-03-08 13:05:06,666 - app.gui.image_list_widget - INFO - btn_import created
2025-03-08 13:05:06,668 - app.gui.image_list_widget - INFO - btn_remove created
2025-03-08 13:05:06,668 - app.gui.image_list_widget - INFO - btn_clear created
2025-03-08 13:05:06,669 - app.gui.image_list_widget - INFO - Buttons created
2025-03-08 13:05:06,670 - app.gui.image_list_widget - INFO - Setting up ImageBrowser UI
2025-03-08 13:05:06,671 - app.gui.image_list_widget - INFO - QHBoxLayout created
2025-03-08 13:05:06,673 - app.gui.image_list_widget - INFO - Button group created
2025-03-08 13:05:06,675 - app.gui.image_list_widget - INFO - List group created
2025-03-08 13:05:06,676 - app.gui.image_list_widget - INFO - QVBoxLayout created
2025-03-08 13:05:06,676 - app.gui.image_list_widget - INFO - Groups added to left panel
2025-03-08 13:05:06,677 - app.gui.image_list_widget - INFO - Left panel added to layout
2025-03-08 13:05:06,678 - app.gui.image_list_widget - INFO - Preview group added to layout
2025-03-08 13:05:06,679 - app.gui.image_list_widget - INFO - Layout set
2025-03-08 13:05:06,680 - app.gui.image_list_widget - INFO - Button states updated
2025-03-08 13:05:06,681 - app.gui.image_list_widget - INFO - UI setup complete
2025-03-08 13:05:06,682 - app.gui.image_list_widget - INFO - Signals connected
2025-03-08 13:05:06,683 - app.gui.image_list_widget - INFO - ImageBrowser initialization complete
2025-03-08 13:05:06,713 - app.gui.result_visualizer - INFO - Initializing ResultVisualizer
2025-03-08 13:05:06,729 - app.gui.result_visualizer - INFO - ResultVisualizer initialization complete
2025-03-08 13:05:06,799 - app.gui.main_window - INFO - MainWindow initialization complete
2025-03-08 13:05:07,156 - __main__ - INFO - Main window initialized and shown
2025-03-08 13:07:01,893 - app.gui.settings_dialog - INFO - Initializing SettingsDialog
2025-03-08 13:07:01,896 - app.gui.settings_dialog - INFO - SettingsDialog initialization complete
2025-03-08 13:07:05,674 - app.gui.about_dialog - INFO - Initializing AboutDialog
2025-03-08 13:07:05,683 - app.gui.about_dialog - INFO - AboutDialog initialization complete
2025-03-08 13:15:06,424 - __main__ - INFO - Logging initialized
2025-03-08 13:15:06,499 - __main__ - INFO - Application started: MicroAI-Colony 1.0.0
2025-03-08 13:15:06,499 - __main__ - INFO - Platform: win32, Python: 3.11.0 (main, Oct 24 2022, 18:26:48) [MSC v.1933 64 bit (AMD64)]
2025-03-08 13:15:06,500 - __main__ - INFO - Using font: Microsoft YaHei UI
2025-03-08 13:15:06,501 - app.utils.path_manager - INFO - Application directories created successfully
2025-03-08 13:15:06,501 - __main__ - INFO - Application directories created
2025-03-08 13:15:06,503 - app.utils.config - INFO - Configuration loaded successfully
2025-03-08 13:15:06,504 - app.utils.config - INFO - Configuration loaded successfully
2025-03-08 13:15:06,505 - __main__ - INFO - Configuration initialized
2025-03-08 13:15:06,505 - app.utils.i18n - INFO - Loading translations
2025-03-08 13:15:06,506 - app.utils.i18n - INFO - Loaded 76 translations for en
2025-03-08 13:15:06,507 - app.utils.i18n - INFO - Loaded 76 translations for zh_CN
2025-03-08 13:15:06,507 - app.utils.i18n - INFO - Total loaded translations: 152
2025-03-08 13:15:06,507 - app.utils.i18n - INFO - Available locales: ['en', 'zh_CN']
2025-03-08 13:15:06,507 - app.utils.i18n - INFO - Using system locale: zh_CN
2025-03-08 13:15:06,509 - app.utils.i18n - INFO - === Translation Status ===
2025-03-08 13:15:06,509 - app.utils.i18n - INFO - Current locale: zh_CN
2025-03-08 13:15:06,509 - app.utils.i18n - INFO - Available locales: ['en', 'zh_CN']
2025-03-08 13:15:06,509 - app.utils.i18n - INFO - Initialized: True
2025-03-08 13:15:06,510 - app.utils.i18n - INFO - Loaded strings for current locale: 76
2025-03-08 13:15:06,510 - app.utils.i18n - INFO - =====================
2025-03-08 13:15:06,510 - app.utils.i18n - INFO - Translations initialized successfully
2025-03-08 13:15:06,514 - __main__ - INFO - Installed Qt translation for zh_CN
2025-03-08 13:15:06,514 - __main__ - INFO - Translations initialized. Current locale: zh_CN
2025-03-08 13:15:06,532 - __main__ - INFO - Theme applied successfully
2025-03-08 13:15:06,532 - __main__ - INFO - Creating main window...
2025-03-08 13:15:06,534 - app.gui.main_window - INFO - Initializing MainWindow
2025-03-08 13:15:06,536 - app.gui.image_list_widget - INFO - Initializing ImageBrowser
2025-03-08 13:15:06,537 - app.gui.image_list_widget - INFO - Preview label initialized
2025-03-08 13:15:06,537 - app.gui.image_list_widget - INFO - btn_import created
2025-03-08 13:15:06,539 - app.gui.image_list_widget - INFO - btn_remove created
2025-03-08 13:15:06,539 - app.gui.image_list_widget - INFO - btn_clear created
2025-03-08 13:15:06,539 - app.gui.image_list_widget - INFO - Buttons created
2025-03-08 13:15:06,539 - app.gui.image_list_widget - INFO - Setting up ImageBrowser UI
2025-03-08 13:15:06,540 - app.gui.image_list_widget - INFO - QHBoxLayout created
2025-03-08 13:15:06,540 - app.gui.image_list_widget - INFO - Button group created
2025-03-08 13:15:06,541 - app.gui.image_list_widget - INFO - List group created
2025-03-08 13:15:06,541 - app.gui.image_list_widget - INFO - QVBoxLayout created
2025-03-08 13:15:06,542 - app.gui.image_list_widget - INFO - Groups added to left panel
2025-03-08 13:15:06,542 - app.gui.image_list_widget - INFO - Left panel added to layout
2025-03-08 13:15:06,542 - app.gui.image_list_widget - INFO - Preview group added to layout
2025-03-08 13:15:06,543 - app.gui.image_list_widget - INFO - Layout set
2025-03-08 13:15:06,543 - app.gui.image_list_widget - INFO - Button states updated
2025-03-08 13:15:06,544 - app.gui.image_list_widget - INFO - UI setup complete
2025-03-08 13:15:06,544 - app.gui.image_list_widget - INFO - Signals connected
2025-03-08 13:15:06,544 - app.gui.image_list_widget - INFO - ImageBrowser initialization complete
2025-03-08 13:15:06,556 - app.gui.result_visualizer - INFO - Initializing ResultVisualizer
2025-03-08 13:15:06,558 - app.gui.result_visualizer - INFO - ResultVisualizer initialization complete
2025-03-08 13:15:06,603 - app.gui.main_window - INFO - MainWindow initialization complete
2025-03-08 13:15:06,825 - __main__ - INFO - Main window initialized and shown
2025-03-08 13:15:40,716 - app.gui.settings_dialog - INFO - Initializing SettingsDialog
2025-03-08 13:15:40,720 - app.gui.settings_dialog - INFO - SettingsDialog initialization complete
2025-03-08 13:17:25,933 - __main__ - INFO - Logging initialized
2025-03-08 13:17:25,979 - __main__ - INFO - Application started: MicroAI-Colony 1.0.0
2025-03-08 13:17:25,979 - __main__ - INFO - Platform: win32, Python: 3.11.0 (main, Oct 24 2022, 18:26:48) [MSC v.1933 64 bit (AMD64)]
2025-03-08 13:17:25,980 - __main__ - INFO - Using font: Microsoft YaHei UI
2025-03-08 13:17:25,981 - app.utils.path_manager - INFO - Application directories created successfully
2025-03-08 13:17:25,981 - __main__ - INFO - Application directories created
2025-03-08 13:17:25,982 - app.utils.config - INFO - Configuration loaded successfully
2025-03-08 13:17:25,982 - app.utils.config - INFO - Configuration loaded successfully
2025-03-08 13:17:25,983 - __main__ - INFO - Configuration initialized
2025-03-08 13:17:25,983 - app.utils.i18n - INFO - Loading translations
2025-03-08 13:17:25,985 - app.utils.i18n - INFO - Loaded 76 translations for en
2025-03-08 13:17:25,986 - app.utils.i18n - INFO - Loaded 76 translations for zh_CN
2025-03-08 13:17:25,986 - app.utils.i18n - INFO - Total loaded translations: 152
2025-03-08 13:17:25,986 - app.utils.i18n - INFO - Available locales: ['en', 'zh_CN']
2025-03-08 13:17:25,986 - app.utils.i18n - INFO - Using system locale: zh_CN
2025-03-08 13:17:25,986 - app.utils.i18n - INFO - === Translation Status ===
2025-03-08 13:17:25,987 - app.utils.i18n - INFO - Current locale: zh_CN
2025-03-08 13:17:25,987 - app.utils.i18n - INFO - Available locales: ['en', 'zh_CN']
2025-03-08 13:17:25,987 - app.utils.i18n - INFO - Initialized: True
2025-03-08 13:17:25,987 - app.utils.i18n - INFO - Loaded strings for current locale: 76
2025-03-08 13:17:25,987 - app.utils.i18n - INFO - =====================
2025-03-08 13:17:25,987 - app.utils.i18n - INFO - Translations initialized successfully
2025-03-08 13:17:25,988 - __main__ - INFO - Installed Qt translation for zh_CN
2025-03-08 13:17:25,988 - __main__ - INFO - Translations initialized. Current locale: zh_CN
2025-03-08 13:17:26,000 - __main__ - INFO - Theme applied successfully
2025-03-08 13:17:26,000 - __main__ - INFO - Creating main window...
2025-03-08 13:17:26,001 - app.gui.main_window - INFO - Initializing MainWindow
2025-03-08 13:17:26,003 - app.gui.image_list_widget - INFO - Initializing ImageBrowser
2025-03-08 13:17:26,004 - app.gui.image_list_widget - INFO - Preview label initialized
2025-03-08 13:17:26,004 - app.gui.image_list_widget - INFO - btn_import created
2025-03-08 13:17:26,005 - app.gui.image_list_widget - INFO - btn_remove created
2025-03-08 13:17:26,005 - app.gui.image_list_widget - INFO - btn_clear created
2025-03-08 13:17:26,005 - app.gui.image_list_widget - INFO - Buttons created
2025-03-08 13:17:26,005 - app.gui.image_list_widget - INFO - Setting up ImageBrowser UI
2025-03-08 13:17:26,007 - app.gui.image_list_widget - INFO - QHBoxLayout created
2025-03-08 13:17:26,007 - app.gui.image_list_widget - INFO - Button group created
2025-03-08 13:17:26,008 - app.gui.image_list_widget - INFO - List group created
2025-03-08 13:17:26,008 - app.gui.image_list_widget - INFO - QVBoxLayout created
2025-03-08 13:17:26,008 - app.gui.image_list_widget - INFO - Groups added to left panel
2025-03-08 13:17:26,009 - app.gui.image_list_widget - INFO - Left panel added to layout
2025-03-08 13:17:26,009 - app.gui.image_list_widget - INFO - Preview group added to layout
2025-03-08 13:17:26,010 - app.gui.image_list_widget - INFO - Layout set
2025-03-08 13:17:26,010 - app.gui.image_list_widget - INFO - Button states updated
2025-03-08 13:17:26,010 - app.gui.image_list_widget - INFO - UI setup complete
2025-03-08 13:17:26,011 - app.gui.image_list_widget - INFO - Signals connected
2025-03-08 13:17:26,011 - app.gui.image_list_widget - INFO - ImageBrowser initialization complete
2025-03-08 13:17:26,022 - app.gui.result_visualizer - INFO - Initializing ResultVisualizer
2025-03-08 13:17:26,024 - app.gui.result_visualizer - INFO - ResultVisualizer initialization complete
2025-03-08 13:17:26,060 - app.gui.main_window - INFO - MainWindow initialization complete
2025-03-08 13:17:26,209 - __main__ - INFO - Main window initialized and shown
2025-03-08 13:17:32,644 - app.gui.settings_dialog - INFO - Initializing SettingsDialog
2025-03-08 13:17:32,649 - app.gui.settings_dialog - INFO - SettingsDialog initialization complete
2025-03-08 13:23:49,974 - __main__ - INFO - Logging initialized
2025-03-08 13:23:50,087 - __main__ - INFO - Application started: MicroAI-Colony 1.0.0
2025-03-08 13:23:50,087 - __main__ - INFO - Platform: win32, Python: 3.11.0 (main, Oct 24 2022, 18:26:48) [MSC v.1933 64 bit (AMD64)]
2025-03-08 13:23:50,090 - __main__ - INFO - Using font: Microsoft YaHei UI
2025-03-08 13:23:50,092 - app.utils.path_manager - INFO - Application directories created successfully
2025-03-08 13:23:50,092 - __main__ - INFO - Application directories created
2025-03-08 13:23:50,093 - app.utils.config - INFO - Configuration loaded successfully
2025-03-08 13:23:50,094 - app.utils.config - INFO - Configuration loaded successfully
2025-03-08 13:23:50,095 - __main__ - INFO - Configuration initialized
2025-03-08 13:23:50,095 - app.utils.i18n - INFO - Loading translations
2025-03-08 13:23:50,096 - app.utils.i18n - INFO - Loaded 76 translations for en
2025-03-08 13:23:50,098 - app.utils.i18n - INFO - Loaded 76 translations for zh_CN
2025-03-08 13:23:50,098 - app.utils.i18n - INFO - Total loaded translations: 152
2025-03-08 13:23:50,099 - app.utils.i18n - INFO - Available locales: ['en', 'zh_CN']
2025-03-08 13:23:50,099 - app.utils.i18n - INFO - Using system locale: zh_CN
2025-03-08 13:23:50,099 - app.utils.i18n - INFO - === Translation Status ===
2025-03-08 13:23:50,100 - app.utils.i18n - INFO - Current locale: zh_CN
2025-03-08 13:23:50,100 - app.utils.i18n - INFO - Available locales: ['en', 'zh_CN']
2025-03-08 13:23:50,100 - app.utils.i18n - INFO - Initialized: True
2025-03-08 13:23:50,100 - app.utils.i18n - INFO - Loaded strings for current locale: 76
2025-03-08 13:23:50,101 - app.utils.i18n - INFO - =====================
2025-03-08 13:23:50,101 - app.utils.i18n - INFO - Translations initialized successfully
2025-03-08 13:23:50,104 - __main__ - INFO - Installed Qt translation for zh_CN
2025-03-08 13:23:50,106 - __main__ - INFO - Translations initialized. Current locale: zh_CN
2025-03-08 13:23:50,133 - __main__ - INFO - Theme applied successfully
2025-03-08 13:23:50,133 - __main__ - INFO - Creating main window...
2025-03-08 13:23:50,142 - app.gui.main_window - INFO - Initializing MainWindow
2025-03-08 13:23:50,149 - app.gui.image_list_widget - INFO - Initializing ImageBrowser
2025-03-08 13:23:50,156 - app.gui.image_list_widget - INFO - Preview label initialized
2025-03-08 13:23:50,156 - app.gui.image_list_widget - INFO - btn_import created
2025-03-08 13:23:50,156 - app.gui.image_list_widget - INFO - btn_remove created
2025-03-08 13:23:50,156 - app.gui.image_list_widget - INFO - btn_clear created
2025-03-08 13:23:50,157 - app.gui.image_list_widget - INFO - Buttons created
2025-03-08 13:23:50,157 - app.gui.image_list_widget - INFO - Setting up ImageBrowser UI
2025-03-08 13:23:50,157 - app.gui.image_list_widget - INFO - QHBoxLayout created
2025-03-08 13:23:50,158 - app.gui.image_list_widget - INFO - Button group created
2025-03-08 13:23:50,159 - app.gui.image_list_widget - INFO - List group created
2025-03-08 13:23:50,160 - app.gui.image_list_widget - INFO - QVBoxLayout created
2025-03-08 13:23:50,160 - app.gui.image_list_widget - INFO - Groups added to left panel
2025-03-08 13:23:50,161 - app.gui.image_list_widget - INFO - Left panel added to layout
2025-03-08 13:23:50,161 - app.gui.image_list_widget - INFO - Preview group added to layout
2025-03-08 13:23:50,163 - app.gui.image_list_widget - INFO - Layout set
2025-03-08 13:23:50,163 - app.gui.image_list_widget - INFO - Button states updated
2025-03-08 13:23:50,164 - app.gui.image_list_widget - INFO - UI setup complete
2025-03-08 13:23:50,166 - app.gui.image_list_widget - INFO - Signals connected
2025-03-08 13:23:50,167 - app.gui.image_list_widget - INFO - ImageBrowser initialization complete
2025-03-08 13:23:50,197 - __main__ - ERROR - Failed to initialize main window: name 'params_group' is not defined
Traceback (most recent call last):
  File "C:\Users\ETPau\Documents\GitHub\CNN-\app\main.py", line 140, in main
    window = MainWindow()
             ^^^^^^^^^^^^
  File "C:\Users\ETPau\Documents\GitHub\CNN-\app\gui\main_window.py", line 37, in __init__
    self._setup_central_widget()
  File "C:\Users\ETPau\Documents\GitHub\CNN-\app\gui\main_window.py", line 217, in _setup_central_widget
    params_group.setLayout(params_layout)
    ^^^^^^^^^^^^
NameError: name 'params_group' is not defined
2025-03-08 13:26:24,326 - __main__ - INFO - Logging initialized
2025-03-08 13:26:24,364 - __main__ - INFO - Application started: MicroAI-Colony 1.0.0
2025-03-08 13:26:24,364 - __main__ - INFO - Platform: win32, Python: 3.11.0 (main, Oct 24 2022, 18:26:48) [MSC v.1933 64 bit (AMD64)]
2025-03-08 13:26:24,364 - __main__ - INFO - Using font: Microsoft YaHei UI
2025-03-08 13:26:24,365 - app.utils.path_manager - INFO - Application directories created successfully
2025-03-08 13:26:24,365 - __main__ - INFO - Application directories created
2025-03-08 13:26:24,367 - app.utils.config - INFO - Configuration loaded successfully
2025-03-08 13:26:24,368 - app.utils.config - INFO - Configuration loaded successfully
2025-03-08 13:26:24,368 - __main__ - INFO - Configuration initialized
2025-03-08 13:26:24,368 - app.utils.i18n - INFO - Loading translations
2025-03-08 13:26:24,369 - app.utils.i18n - INFO - Loaded 76 translations for en
2025-03-08 13:26:24,369 - app.utils.i18n - INFO - Loaded 76 translations for zh_CN
2025-03-08 13:26:24,370 - app.utils.i18n - INFO - Total loaded translations: 152
2025-03-08 13:26:24,370 - app.utils.i18n - INFO - Available locales: ['en', 'zh_CN']
2025-03-08 13:26:24,370 - app.utils.i18n - INFO - Using system locale: zh_CN
2025-03-08 13:26:24,370 - app.utils.i18n - INFO - === Translation Status ===
2025-03-08 13:26:24,370 - app.utils.i18n - INFO - Current locale: zh_CN
2025-03-08 13:26:24,370 - app.utils.i18n - INFO - Available locales: ['en', 'zh_CN']
2025-03-08 13:26:24,370 - app.utils.i18n - INFO - Initialized: True
2025-03-08 13:26:24,371 - app.utils.i18n - INFO - Loaded strings for current locale: 76
2025-03-08 13:26:24,371 - app.utils.i18n - INFO - =====================
2025-03-08 13:26:24,371 - app.utils.i18n - INFO - Translations initialized successfully
2025-03-08 13:26:24,372 - __main__ - INFO - Installed Qt translation for zh_CN
2025-03-08 13:26:24,372 - __main__ - INFO - Translations initialized. Current locale: zh_CN
2025-03-08 13:26:24,379 - __main__ - INFO - Theme applied successfully
2025-03-08 13:26:24,380 - __main__ - INFO - Creating main window...
2025-03-08 13:26:24,382 - app.gui.main_window - INFO - Initializing MainWindow
2025-03-08 13:26:24,383 - app.gui.image_list_widget - INFO - Initializing ImageBrowser
2025-03-08 13:26:24,383 - app.gui.image_list_widget - INFO - Preview label initialized
2025-03-08 13:26:24,384 - app.gui.image_list_widget - INFO - btn_import created
2025-03-08 13:26:24,384 - app.gui.image_list_widget - INFO - btn_remove created
2025-03-08 13:26:24,384 - app.gui.image_list_widget - INFO - btn_clear created
2025-03-08 13:26:24,384 - app.gui.image_list_widget - INFO - Buttons created
2025-03-08 13:26:24,385 - app.gui.image_list_widget - INFO - Setting up ImageBrowser UI
2025-03-08 13:26:24,385 - app.gui.image_list_widget - INFO - QHBoxLayout created
2025-03-08 13:26:24,385 - app.gui.image_list_widget - INFO - Button group created
2025-03-08 13:26:24,386 - app.gui.image_list_widget - INFO - List group created
2025-03-08 13:26:24,386 - app.gui.image_list_widget - INFO - QVBoxLayout created
2025-03-08 13:26:24,386 - app.gui.image_list_widget - INFO - Groups added to left panel
2025-03-08 13:26:24,386 - app.gui.image_list_widget - INFO - Left panel added to layout
2025-03-08 13:26:24,387 - app.gui.image_list_widget - INFO - Preview group added to layout
2025-03-08 13:26:24,387 - app.gui.image_list_widget - INFO - Layout set
2025-03-08 13:26:24,387 - app.gui.image_list_widget - INFO - Button states updated
2025-03-08 13:26:24,387 - app.gui.image_list_widget - INFO - UI setup complete
2025-03-08 13:26:24,387 - app.gui.image_list_widget - INFO - Signals connected
2025-03-08 13:26:24,389 - app.gui.image_list_widget - INFO - ImageBrowser initialization complete
2025-03-08 13:26:24,397 - __main__ - ERROR - Failed to initialize main window: name 'params_group' is not defined
Traceback (most recent call last):
  File "C:\Users\ETPau\Documents\GitHub\CNN-\app\main.py", line 140, in main
    window = MainWindow()
             ^^^^^^^^^^^^
  File "C:\Users\ETPau\Documents\GitHub\CNN-\app\gui\main_window.py", line 37, in __init__
    self._setup_central_widget()
  File "C:\Users\ETPau\Documents\GitHub\CNN-\app\gui\main_window.py", line 217, in _setup_central_widget
    params_group.setLayout(params_layout)
    ^^^^^^^^^^^^
NameError: name 'params_group' is not defined
2025-03-08 13:27:17,954 - __main__ - INFO - Logging initialized
2025-03-08 13:27:18,000 - __main__ - INFO - Application started: MicroAI-Colony 1.0.0
2025-03-08 13:27:18,001 - __main__ - INFO - Platform: win32, Python: 3.11.0 (main, Oct 24 2022, 18:26:48) [MSC v.1933 64 bit (AMD64)]
2025-03-08 13:27:18,001 - __main__ - INFO - Using font: Microsoft YaHei UI
2025-03-08 13:27:18,002 - app.utils.path_manager - INFO - Application directories created successfully
2025-03-08 13:27:18,003 - __main__ - INFO - Application directories created
2025-03-08 13:27:18,003 - app.utils.config - INFO - Configuration loaded successfully
2025-03-08 13:27:18,005 - app.utils.config - INFO - Configuration loaded successfully
2025-03-08 13:27:18,005 - __main__ - INFO - Configuration initialized
2025-03-08 13:27:18,005 - app.utils.i18n - INFO - Loading translations
2025-03-08 13:27:18,006 - app.utils.i18n - INFO - Loaded 76 translations for en
2025-03-08 13:27:18,007 - app.utils.i18n - INFO - Loaded 76 translations for zh_CN
2025-03-08 13:27:18,007 - app.utils.i18n - INFO - Total loaded translations: 152
2025-03-08 13:27:18,007 - app.utils.i18n - INFO - Available locales: ['en', 'zh_CN']
2025-03-08 13:27:18,008 - app.utils.i18n - INFO - Using system locale: zh_CN
2025-03-08 13:27:18,008 - app.utils.i18n - INFO - === Translation Status ===
2025-03-08 13:27:18,008 - app.utils.i18n - INFO - Current locale: zh_CN
2025-03-08 13:27:18,008 - app.utils.i18n - INFO - Available locales: ['en', 'zh_CN']
2025-03-08 13:27:18,008 - app.utils.i18n - INFO - Initialized: True
2025-03-08 13:27:18,008 - app.utils.i18n - INFO - Loaded strings for current locale: 76
2025-03-08 13:27:18,009 - app.utils.i18n - INFO - =====================
2025-03-08 13:27:18,009 - app.utils.i18n - INFO - Translations initialized successfully
2025-03-08 13:27:18,010 - __main__ - INFO - Installed Qt translation for zh_CN
2025-03-08 13:27:18,010 - __main__ - INFO - Translations initialized. Current locale: zh_CN
2025-03-08 13:27:18,020 - __main__ - INFO - Theme applied successfully
2025-03-08 13:27:18,020 - __main__ - INFO - Creating main window...
2025-03-08 13:27:18,021 - app.gui.main_window - INFO - Initializing MainWindow
2025-03-08 13:27:18,023 - app.gui.image_list_widget - INFO - Initializing ImageBrowser
2025-03-08 13:27:18,024 - app.gui.image_list_widget - INFO - Preview label initialized
2025-03-08 13:27:18,024 - app.gui.image_list_widget - INFO - btn_import created
2025-03-08 13:27:18,024 - app.gui.image_list_widget - INFO - btn_remove created
2025-03-08 13:27:18,025 - app.gui.image_list_widget - INFO - btn_clear created
2025-03-08 13:27:18,025 - app.gui.image_list_widget - INFO - Buttons created
2025-03-08 13:27:18,025 - app.gui.image_list_widget - INFO - Setting up ImageBrowser UI
2025-03-08 13:27:18,025 - app.gui.image_list_widget - INFO - QHBoxLayout created
2025-03-08 13:27:18,027 - app.gui.image_list_widget - INFO - Button group created
2025-03-08 13:27:18,027 - app.gui.image_list_widget - INFO - List group created
2025-03-08 13:27:18,028 - app.gui.image_list_widget - INFO - QVBoxLayout created
2025-03-08 13:27:18,028 - app.gui.image_list_widget - INFO - Groups added to left panel
2025-03-08 13:27:18,028 - app.gui.image_list_widget - INFO - Left panel added to layout
2025-03-08 13:27:18,029 - app.gui.image_list_widget - INFO - Preview group added to layout
2025-03-08 13:27:18,029 - app.gui.image_list_widget - INFO - Layout set
2025-03-08 13:27:18,030 - app.gui.image_list_widget - INFO - Button states updated
2025-03-08 13:27:18,030 - app.gui.image_list_widget - INFO - UI setup complete
2025-03-08 13:27:18,030 - app.gui.image_list_widget - INFO - Signals connected
2025-03-08 13:27:18,030 - app.gui.image_list_widget - INFO - ImageBrowser initialization complete
2025-03-08 13:27:18,039 - __main__ - ERROR - Failed to initialize main window: name 'params_group' is not defined
Traceback (most recent call last):
  File "C:\Users\ETPau\Documents\GitHub\CNN-\app\main.py", line 140, in main
    window = MainWindow()
             ^^^^^^^^^^^^
  File "C:\Users\ETPau\Documents\GitHub\CNN-\app\gui\main_window.py", line 37, in __init__
    self._setup_central_widget()
  File "C:\Users\ETPau\Documents\GitHub\CNN-\app\gui\main_window.py", line 217, in _setup_central_widget
    params_group.setLayout(params_layout)
    ^^^^^^^^^^^^
NameError: name 'params_group' is not defined
2025-03-08 13:28:12,677 - __main__ - INFO - Logging initialized
2025-03-08 13:28:12,726 - __main__ - INFO - Application started: MicroAI-Colony 1.0.0
2025-03-08 13:28:12,726 - __main__ - INFO - Platform: win32, Python: 3.11.0 (main, Oct 24 2022, 18:26:48) [MSC v.1933 64 bit (AMD64)]
2025-03-08 13:28:12,727 - __main__ - INFO - Using font: Microsoft YaHei UI
2025-03-08 13:28:12,728 - app.utils.path_manager - INFO - Application directories created successfully
2025-03-08 13:28:12,728 - __main__ - INFO - Application directories created
2025-03-08 13:28:12,728 - app.utils.config - INFO - Configuration loaded successfully
2025-03-08 13:28:12,729 - app.utils.config - INFO - Configuration loaded successfully
2025-03-08 13:28:12,729 - __main__ - INFO - Configuration initialized
2025-03-08 13:28:12,729 - app.utils.i18n - INFO - Loading translations
2025-03-08 13:28:12,731 - app.utils.i18n - INFO - Loaded 76 translations for en
2025-03-08 13:28:12,731 - app.utils.i18n - INFO - Loaded 76 translations for zh_CN
2025-03-08 13:28:12,731 - app.utils.i18n - INFO - Total loaded translations: 152
2025-03-08 13:28:12,731 - app.utils.i18n - INFO - Available locales: ['en', 'zh_CN']
2025-03-08 13:28:12,731 - app.utils.i18n - INFO - Using system locale: zh_CN
2025-03-08 13:28:12,732 - app.utils.i18n - INFO - === Translation Status ===
2025-03-08 13:28:12,732 - app.utils.i18n - INFO - Current locale: zh_CN
2025-03-08 13:28:12,732 - app.utils.i18n - INFO - Available locales: ['en', 'zh_CN']
2025-03-08 13:28:12,732 - app.utils.i18n - INFO - Initialized: True
2025-03-08 13:28:12,732 - app.utils.i18n - INFO - Loaded strings for current locale: 76
2025-03-08 13:28:12,732 - app.utils.i18n - INFO - =====================
2025-03-08 13:28:12,732 - app.utils.i18n - INFO - Translations initialized successfully
2025-03-08 13:28:12,733 - __main__ - INFO - Installed Qt translation for zh_CN
2025-03-08 13:28:12,733 - __main__ - INFO - Translations initialized. Current locale: zh_CN
2025-03-08 13:28:12,741 - __main__ - INFO - Theme applied successfully
2025-03-08 13:28:12,741 - __main__ - INFO - Creating main window...
2025-03-08 13:28:12,742 - app.gui.main_window - INFO - Initializing MainWindow
2025-03-08 13:28:12,744 - app.gui.image_list_widget - INFO - Initializing ImageBrowser
2025-03-08 13:28:12,745 - app.gui.image_list_widget - INFO - Preview label initialized
2025-03-08 13:28:12,745 - app.gui.image_list_widget - INFO - btn_import created
2025-03-08 13:28:12,745 - app.gui.image_list_widget - INFO - btn_remove created
2025-03-08 13:28:12,746 - app.gui.image_list_widget - INFO - btn_clear created
2025-03-08 13:28:12,746 - app.gui.image_list_widget - INFO - Buttons created
2025-03-08 13:28:12,746 - app.gui.image_list_widget - INFO - Setting up ImageBrowser UI
2025-03-08 13:28:12,746 - app.gui.image_list_widget - INFO - QHBoxLayout created
2025-03-08 13:28:12,747 - app.gui.image_list_widget - INFO - Button group created
2025-03-08 13:28:12,748 - app.gui.image_list_widget - INFO - List group created
2025-03-08 13:28:12,748 - app.gui.image_list_widget - INFO - QVBoxLayout created
2025-03-08 13:28:12,748 - app.gui.image_list_widget - INFO - Groups added to left panel
2025-03-08 13:28:12,749 - app.gui.image_list_widget - INFO - Left panel added to layout
2025-03-08 13:28:12,749 - app.gui.image_list_widget - INFO - Preview group added to layout
2025-03-08 13:28:12,749 - app.gui.image_list_widget - INFO - Layout set
2025-03-08 13:28:12,750 - app.gui.image_list_widget - INFO - Button states updated
2025-03-08 13:28:12,750 - app.gui.image_list_widget - INFO - UI setup complete
2025-03-08 13:28:12,750 - app.gui.image_list_widget - INFO - Signals connected
2025-03-08 13:28:12,750 - app.gui.image_list_widget - INFO - ImageBrowser initialization complete
2025-03-08 13:28:12,759 - __main__ - ERROR - Failed to initialize main window: name 'params_group' is not defined
Traceback (most recent call last):
  File "C:\Users\ETPau\Documents\GitHub\CNN-\app\main.py", line 140, in main
    window = MainWindow()
             ^^^^^^^^^^^^
  File "C:\Users\ETPau\Documents\GitHub\CNN-\app\gui\main_window.py", line 37, in __init__
    self._setup_central_widget()
  File "C:\Users\ETPau\Documents\GitHub\CNN-\app\gui\main_window.py", line 217, in _setup_central_widget
    params_group.setLayout(params_layout)
    ^^^^^^^^^^^^
NameError: name 'params_group' is not defined
2025-03-08 13:29:35,082 - __main__ - INFO - Logging initialized
2025-03-08 13:29:35,171 - __main__ - INFO - Application started: MicroAI-Colony 1.0.0
2025-03-08 13:29:35,172 - __main__ - INFO - Platform: win32, Python: 3.11.0 (main, Oct 24 2022, 18:26:48) [MSC v.1933 64 bit (AMD64)]
2025-03-08 13:29:35,172 - __main__ - INFO - Using font: Microsoft YaHei UI
2025-03-08 13:29:35,174 - app.utils.path_manager - INFO - Application directories created successfully
2025-03-08 13:29:35,174 - __main__ - INFO - Application directories created
2025-03-08 13:29:35,176 - app.utils.config - INFO - Configuration loaded successfully
2025-03-08 13:29:35,177 - app.utils.config - INFO - Configuration loaded successfully
2025-03-08 13:29:35,177 - __main__ - INFO - Configuration initialized
2025-03-08 13:29:35,178 - app.utils.i18n - INFO - Loading translations
2025-03-08 13:29:35,180 - app.utils.i18n - INFO - Loaded 76 translations for en
2025-03-08 13:29:35,181 - app.utils.i18n - INFO - Loaded 76 translations for zh_CN
2025-03-08 13:29:35,182 - app.utils.i18n - INFO - Total loaded translations: 152
2025-03-08 13:29:35,182 - app.utils.i18n - INFO - Available locales: ['en', 'zh_CN']
2025-03-08 13:29:35,183 - app.utils.i18n - INFO - Using system locale: zh_CN
2025-03-08 13:29:35,184 - app.utils.i18n - INFO - === Translation Status ===
2025-03-08 13:29:35,184 - app.utils.i18n - INFO - Current locale: zh_CN
2025-03-08 13:29:35,184 - app.utils.i18n - INFO - Available locales: ['en', 'zh_CN']
2025-03-08 13:29:35,186 - app.utils.i18n - INFO - Initialized: True
2025-03-08 13:29:35,186 - app.utils.i18n - INFO - Loaded strings for current locale: 76
2025-03-08 13:29:35,186 - app.utils.i18n - INFO - =====================
2025-03-08 13:29:35,187 - app.utils.i18n - INFO - Translations initialized successfully
2025-03-08 13:29:35,188 - __main__ - INFO - Installed Qt translation for zh_CN
2025-03-08 13:29:35,189 - __main__ - INFO - Translations initialized. Current locale: zh_CN
2025-03-08 13:29:35,206 - __main__ - INFO - Theme applied successfully
2025-03-08 13:29:35,207 - __main__ - INFO - Creating main window...
2025-03-08 13:29:35,211 - app.gui.main_window - INFO - Initializing MainWindow
2025-03-08 13:29:35,213 - app.gui.image_list_widget - INFO - Initializing ImageBrowser
2025-03-08 13:29:35,215 - app.gui.image_list_widget - INFO - Preview label initialized
2025-03-08 13:29:35,216 - app.gui.image_list_widget - INFO - btn_import created
2025-03-08 13:29:35,216 - app.gui.image_list_widget - INFO - btn_remove created
2025-03-08 13:29:35,216 - app.gui.image_list_widget - INFO - btn_clear created
2025-03-08 13:29:35,218 - app.gui.image_list_widget - INFO - Buttons created
2025-03-08 13:29:35,218 - app.gui.image_list_widget - INFO - Setting up ImageBrowser UI
2025-03-08 13:29:35,218 - app.gui.image_list_widget - INFO - QHBoxLayout created
2025-03-08 13:29:35,219 - app.gui.image_list_widget - INFO - Button group created
2025-03-08 13:29:35,220 - app.gui.image_list_widget - INFO - List group created
2025-03-08 13:29:35,220 - app.gui.image_list_widget - INFO - QVBoxLayout created
2025-03-08 13:29:35,221 - app.gui.image_list_widget - INFO - Groups added to left panel
2025-03-08 13:29:35,221 - app.gui.image_list_widget - INFO - Left panel added to layout
2025-03-08 13:29:35,222 - app.gui.image_list_widget - INFO - Preview group added to layout
2025-03-08 13:29:35,223 - app.gui.image_list_widget - INFO - Layout set
2025-03-08 13:29:35,223 - app.gui.image_list_widget - INFO - Button states updated
2025-03-08 13:29:35,223 - app.gui.image_list_widget - INFO - UI setup complete
2025-03-08 13:29:35,224 - app.gui.image_list_widget - INFO - Signals connected
2025-03-08 13:29:35,224 - app.gui.image_list_widget - INFO - ImageBrowser initialization complete
2025-03-08 13:29:35,237 - app.gui.result_visualizer - INFO - Initializing ResultVisualizer
2025-03-08 13:29:35,250 - app.gui.result_visualizer - INFO - ResultVisualizer initialization complete
2025-03-08 13:29:35,368 - app.gui.main_window - INFO - MainWindow initialization complete
2025-03-08 13:29:35,368 - __main__ - ERROR - Failed to initialize main window: name 'SettingsDialog' is not defined
Traceback (most recent call last):
  File "C:\Users\ETPau\Documents\GitHub\CNN-\app\main.py", line 171, in main
    window.settings_dialog = SettingsDialog(window)  # Create instance
                             ^^^^^^^^^^^^^^
NameError: name 'SettingsDialog' is not defined
2025-03-08 13:30:32,567 - __main__ - INFO - Logging initialized
2025-03-08 13:30:32,609 - __main__ - INFO - Application started: MicroAI-Colony 1.0.0
2025-03-08 13:30:32,609 - __main__ - INFO - Platform: win32, Python: 3.11.0 (main, Oct 24 2022, 18:26:48) [MSC v.1933 64 bit (AMD64)]
2025-03-08 13:30:32,611 - __main__ - INFO - Using font: Microsoft YaHei UI
2025-03-08 13:30:32,611 - app.utils.path_manager - INFO - Application directories created successfully
2025-03-08 13:30:32,612 - __main__ - INFO - Application directories created
2025-03-08 13:30:32,612 - app.utils.config - INFO - Configuration loaded successfully
2025-03-08 13:30:32,613 - app.utils.config - INFO - Configuration loaded successfully
2025-03-08 13:30:32,613 - __main__ - INFO - Configuration initialized
2025-03-08 13:30:32,613 - app.utils.i18n - INFO - Loading translations
2025-03-08 13:30:32,614 - app.utils.i18n - INFO - Loaded 76 translations for en
2025-03-08 13:30:32,615 - app.utils.i18n - INFO - Loaded 76 translations for zh_CN
2025-03-08 13:30:32,615 - app.utils.i18n - INFO - Total loaded translations: 152
2025-03-08 13:30:32,615 - app.utils.i18n - INFO - Available locales: ['en', 'zh_CN']
2025-03-08 13:30:32,616 - app.utils.i18n - INFO - Using system locale: zh_CN
2025-03-08 13:30:32,616 - app.utils.i18n - INFO - === Translation Status ===
2025-03-08 13:30:32,616 - app.utils.i18n - INFO - Current locale: zh_CN
2025-03-08 13:30:32,616 - app.utils.i18n - INFO - Available locales: ['en', 'zh_CN']
2025-03-08 13:30:32,616 - app.utils.i18n - INFO - Initialized: True
2025-03-08 13:30:32,617 - app.utils.i18n - INFO - Loaded strings for current locale: 76
2025-03-08 13:30:32,617 - app.utils.i18n - INFO - =====================
2025-03-08 13:30:32,617 - app.utils.i18n - INFO - Translations initialized successfully
2025-03-08 13:30:32,618 - __main__ - INFO - Installed Qt translation for zh_CN
2025-03-08 13:30:32,618 - __main__ - INFO - Translations initialized. Current locale: zh_CN
2025-03-08 13:30:32,627 - __main__ - INFO - Theme applied successfully
2025-03-08 13:30:32,627 - __main__ - INFO - Creating main window...
2025-03-08 13:30:32,629 - app.gui.main_window - INFO - Initializing MainWindow
2025-03-08 13:30:32,630 - app.gui.image_list_widget - INFO - Initializing ImageBrowser
2025-03-08 13:30:32,631 - app.gui.image_list_widget - INFO - Preview label initialized
2025-03-08 13:30:32,632 - app.gui.image_list_widget - INFO - btn_import created
2025-03-08 13:30:32,632 - app.gui.image_list_widget - INFO - btn_remove created
2025-03-08 13:30:32,632 - app.gui.image_list_widget - INFO - btn_clear created
2025-03-08 13:30:32,632 - app.gui.image_list_widget - INFO - Buttons created
2025-03-08 13:30:32,632 - app.gui.image_list_widget - INFO - Setting up ImageBrowser UI
2025-03-08 13:30:32,632 - app.gui.image_list_widget - INFO - QHBoxLayout created
2025-03-08 13:30:32,633 - app.gui.image_list_widget - INFO - Button group created
2025-03-08 13:30:32,634 - app.gui.image_list_widget - INFO - List group created
2025-03-08 13:30:32,634 - app.gui.image_list_widget - INFO - QVBoxLayout created
2025-03-08 13:30:32,634 - app.gui.image_list_widget - INFO - Groups added to left panel
2025-03-08 13:30:32,635 - app.gui.image_list_widget - INFO - Left panel added to layout
2025-03-08 13:30:32,635 - app.gui.image_list_widget - INFO - Preview group added to layout
2025-03-08 13:30:32,636 - app.gui.image_list_widget - INFO - Layout set
2025-03-08 13:30:32,636 - app.gui.image_list_widget - INFO - Button states updated
2025-03-08 13:30:32,636 - app.gui.image_list_widget - INFO - UI setup complete
2025-03-08 13:30:32,637 - app.gui.image_list_widget - INFO - Signals connected
2025-03-08 13:30:32,637 - app.gui.image_list_widget - INFO - ImageBrowser initialization complete
2025-03-08 13:30:32,646 - app.gui.result_visualizer - INFO - Initializing ResultVisualizer
2025-03-08 13:30:32,648 - app.gui.result_visualizer - INFO - ResultVisualizer initialization complete
2025-03-08 13:30:32,687 - app.gui.main_window - INFO - MainWindow initialization complete
2025-03-08 13:30:32,689 - app.gui.settings_dialog - INFO - Initializing SettingsDialog
2025-03-08 13:30:32,704 - app.gui.settings_dialog - INFO - SettingsDialog initialization complete
2025-03-08 13:30:33,065 - __main__ - INFO - Main window initialized and shown
2025-03-08 13:30:37,288 - app.gui.settings_dialog - INFO - Initializing SettingsDialog
2025-03-08 13:30:37,310 - app.gui.settings_dialog - INFO - SettingsDialog initialization complete
2025-03-08 13:30:41,378 - app.utils.config - INFO - Configuration saved successfully
2025-03-08 13:30:41,378 - app.utils.config - INFO - Configuration updated: default_path = C:\Users\ETPau/Desktop/MicroAI_Detect
2025-03-08 13:30:41,382 - app.utils.config - INFO - Configuration saved successfully
2025-03-08 13:30:41,382 - app.utils.config - INFO - Configuration updated: export_formats = ['json', 'csv', 'xlsx']
2025-03-08 13:30:41,394 - app.utils.config - INFO - Configuration saved successfully
2025-03-08 13:30:41,395 - app.utils.config - INFO - Configuration updated: analysis_iterations = 100
2025-03-08 13:30:41,397 - app.utils.config - INFO - Configuration saved successfully
2025-03-08 13:30:41,397 - app.utils.config - INFO - Configuration updated: window.maximized = False
2025-03-08 13:30:41,399 - app.utils.config - INFO - Configuration saved successfully
2025-03-08 13:30:41,399 - app.utils.config - INFO - Configuration updated: language = zh_CN
2025-03-08 13:30:41,400 - app.utils.config - INFO - Configuration saved successfully
2025-03-08 13:30:41,416 - app.utils.config - INFO - Configuration saved successfully
2025-03-08 13:30:43,593 - app.gui.settings_dialog - INFO - Initializing SettingsDialog
2025-03-08 13:30:43,615 - app.gui.settings_dialog - INFO - SettingsDialog initialization complete
2025-03-08 13:30:45,833 - app.utils.config - INFO - Configuration saved successfully
2025-03-08 13:30:45,833 - app.utils.config - INFO - Configuration updated: default_path = C:\Users\ETPau/Desktop/MicroAI_Detect
2025-03-08 13:30:45,836 - app.utils.config - INFO - Configuration saved successfully
2025-03-08 13:30:45,836 - app.utils.config - INFO - Configuration updated: export_formats = ['json', 'csv', 'xlsx']
2025-03-08 13:30:45,838 - app.utils.config - INFO - Configuration saved successfully
2025-03-08 13:30:45,839 - app.utils.config - INFO - Configuration updated: analysis_iterations = 100
2025-03-08 13:30:45,841 - app.utils.config - INFO - Configuration saved successfully
2025-03-08 13:30:45,841 - app.utils.config - INFO - Configuration updated: window.maximized = False
2025-03-08 13:30:45,843 - app.utils.config - INFO - Configuration saved successfully
2025-03-08 13:30:45,843 - app.utils.config - INFO - Configuration updated: language = zh_CN
2025-03-08 13:30:45,847 - app.utils.config - INFO - Configuration saved successfully
2025-03-08 13:30:45,867 - app.utils.config - INFO - Configuration saved successfully
2025-03-08 13:31:49,539 - __main__ - INFO - Logging initialized
2025-03-08 13:31:49,585 - __main__ - INFO - Application started: MicroAI-Colony 1.0.0
2025-03-08 13:31:49,585 - __main__ - INFO - Platform: win32, Python: 3.11.0 (main, Oct 24 2022, 18:26:48) [MSC v.1933 64 bit (AMD64)]
2025-03-08 13:31:49,585 - __main__ - INFO - Using font: Microsoft YaHei UI
2025-03-08 13:31:49,587 - app.utils.path_manager - INFO - Application directories created successfully
2025-03-08 13:31:49,587 - __main__ - INFO - Application directories created
2025-03-08 13:31:49,588 - app.utils.config - INFO - Configuration loaded successfully
2025-03-08 13:31:49,589 - app.utils.config - INFO - Configuration loaded successfully
2025-03-08 13:31:49,589 - __main__ - INFO - Configuration initialized
2025-03-08 13:31:49,589 - app.utils.i18n - INFO - Loading translations
2025-03-08 13:31:49,590 - app.utils.i18n - INFO - Loaded 76 translations for en
2025-03-08 13:31:49,590 - app.utils.i18n - INFO - Loaded 76 translations for zh_CN
2025-03-08 13:31:49,590 - app.utils.i18n - INFO - Total loaded translations: 152
2025-03-08 13:31:49,591 - app.utils.i18n - INFO - Available locales: ['en', 'zh_CN']
2025-03-08 13:31:49,591 - app.utils.i18n - INFO - Using configured locale: zh_CN
2025-03-08 13:31:49,591 - app.utils.i18n - INFO - === Translation Status ===
2025-03-08 13:31:49,591 - app.utils.i18n - INFO - Current locale: zh_CN
2025-03-08 13:31:49,591 - app.utils.i18n - INFO - Available locales: ['en', 'zh_CN']
2025-03-08 13:31:49,591 - app.utils.i18n - INFO - Initialized: True
2025-03-08 13:31:49,591 - app.utils.i18n - INFO - Loaded strings for current locale: 76
2025-03-08 13:31:49,592 - app.utils.i18n - INFO - =====================
2025-03-08 13:31:49,592 - app.utils.i18n - INFO - Translations initialized successfully
2025-03-08 13:31:49,592 - __main__ - INFO - Installed Qt translation for zh_CN
2025-03-08 13:31:49,594 - __main__ - INFO - Translations initialized. Current locale: zh_CN
2025-03-08 13:31:49,601 - __main__ - INFO - Theme applied successfully
2025-03-08 13:31:49,601 - __main__ - INFO - Creating main window...
2025-03-08 13:31:49,603 - app.gui.main_window - INFO - Initializing MainWindow
2025-03-08 13:31:49,603 - app.gui.image_list_widget - INFO - Initializing ImageBrowser
2025-03-08 13:31:49,604 - app.gui.image_list_widget - INFO - Preview label initialized
2025-03-08 13:31:49,605 - app.gui.image_list_widget - INFO - btn_import created
2025-03-08 13:31:49,605 - app.gui.image_list_widget - INFO - btn_remove created
2025-03-08 13:31:49,605 - app.gui.image_list_widget - INFO - btn_clear created
2025-03-08 13:31:49,605 - app.gui.image_list_widget - INFO - Buttons created
2025-03-08 13:31:49,606 - app.gui.image_list_widget - INFO - Setting up ImageBrowser UI
2025-03-08 13:31:49,606 - app.gui.image_list_widget - INFO - QHBoxLayout created
2025-03-08 13:31:49,606 - app.gui.image_list_widget - INFO - Button group created
2025-03-08 13:31:49,607 - app.gui.image_list_widget - INFO - List group created
2025-03-08 13:31:49,607 - app.gui.image_list_widget - INFO - QVBoxLayout created
2025-03-08 13:31:49,607 - app.gui.image_list_widget - INFO - Groups added to left panel
2025-03-08 13:31:49,607 - app.gui.image_list_widget - INFO - Left panel added to layout
2025-03-08 13:31:49,608 - app.gui.image_list_widget - INFO - Preview group added to layout
2025-03-08 13:31:49,608 - app.gui.image_list_widget - INFO - Layout set
2025-03-08 13:31:49,608 - app.gui.image_list_widget - INFO - Button states updated
2025-03-08 13:31:49,608 - app.gui.image_list_widget - INFO - UI setup complete
2025-03-08 13:31:49,609 - app.gui.image_list_widget - INFO - Signals connected
2025-03-08 13:31:49,609 - app.gui.image_list_widget - INFO - ImageBrowser initialization complete
2025-03-08 13:31:49,616 - app.gui.result_visualizer - INFO - Initializing ResultVisualizer
2025-03-08 13:31:49,618 - app.gui.result_visualizer - INFO - ResultVisualizer initialization complete
2025-03-08 13:31:49,644 - app.gui.main_window - INFO - MainWindow initialization complete
2025-03-08 13:31:49,644 - app.gui.settings_dialog - INFO - Initializing SettingsDialog
2025-03-08 13:31:49,649 - app.gui.settings_dialog - INFO - SettingsDialog initialization complete
2025-03-08 13:31:49,787 - __main__ - INFO - Main window initialized and shown
2025-03-08 13:32:02,981 - app.gui.settings_dialog - INFO - Initializing SettingsDialog
2025-03-08 13:32:02,993 - app.gui.settings_dialog - INFO - SettingsDialog initialization complete
2025-03-08 13:32:05,690 - app.utils.config - INFO - Configuration saved successfully
2025-03-08 13:32:05,690 - app.utils.config - INFO - Configuration updated: default_path = C:\Users\ETPau/Desktop/MicroAI_Detect
2025-03-08 13:32:05,692 - app.utils.config - INFO - Configuration saved successfully
2025-03-08 13:32:05,692 - app.utils.config - INFO - Configuration updated: export_formats = ['json', 'csv', 'xlsx']
2025-03-08 13:32:05,694 - app.utils.config - INFO - Configuration saved successfully
2025-03-08 13:32:05,694 - app.utils.config - INFO - Configuration updated: analysis_iterations = 100
2025-03-08 13:32:05,695 - app.utils.config - INFO - Configuration saved successfully
2025-03-08 13:32:05,696 - app.utils.config - INFO - Configuration updated: window.maximized = False
2025-03-08 13:32:05,697 - app.utils.config - INFO - Configuration saved successfully
2025-03-08 13:32:05,698 - app.utils.config - INFO - Configuration updated: language = en
2025-03-08 13:32:05,699 - app.utils.config - INFO - Configuration saved successfully
2025-03-08 13:32:05,717 - app.utils.config - INFO - Configuration saved successfully
2025-03-08 13:32:07,291 - app.gui.settings_dialog - INFO - Initializing SettingsDialog
2025-03-08 13:32:07,297 - app.gui.settings_dialog - INFO - SettingsDialog initialization complete
2025-03-08 13:32:09,402 - app.utils.config - INFO - Configuration saved successfully
2025-03-08 13:32:09,402 - app.utils.config - INFO - Configuration updated: default_path = C:\Users\ETPau/Desktop/MicroAI_Detect
2025-03-08 13:32:09,403 - app.utils.config - INFO - Configuration saved successfully
2025-03-08 13:32:09,403 - app.utils.config - INFO - Configuration updated: export_formats = ['json', 'csv', 'xlsx']
2025-03-08 13:32:09,405 - app.utils.config - INFO - Configuration saved successfully
2025-03-08 13:32:09,405 - app.utils.config - INFO - Configuration updated: analysis_iterations = 100
2025-03-08 13:32:09,406 - app.utils.config - INFO - Configuration saved successfully
2025-03-08 13:32:09,406 - app.utils.config - INFO - Configuration updated: window.maximized = False
2025-03-08 13:32:09,407 - app.utils.config - INFO - Configuration saved successfully
2025-03-08 13:32:09,408 - app.utils.config - INFO - Configuration updated: language = zh_CN
2025-03-08 13:32:09,409 - app.utils.config - INFO - Configuration saved successfully
2025-03-08 13:32:09,424 - app.utils.config - INFO - Configuration saved successfully
2025-03-08 13:32:11,190 - app.gui.settings_dialog - INFO - Initializing SettingsDialog
2025-03-08 13:32:11,195 - app.gui.settings_dialog - INFO - SettingsDialog initialization complete
2025-03-08 13:32:12,799 - app.utils.config - INFO - Configuration saved successfully
2025-03-08 13:32:12,799 - app.utils.config - INFO - Configuration updated: default_path = C:\Users\ETPau/Desktop/MicroAI_Detect
2025-03-08 13:32:12,800 - app.utils.config - INFO - Configuration saved successfully
2025-03-08 13:32:12,801 - app.utils.config - INFO - Configuration updated: export_formats = ['json', 'csv', 'xlsx']
2025-03-08 13:32:12,802 - app.utils.config - INFO - Configuration saved successfully
2025-03-08 13:32:12,802 - app.utils.config - INFO - Configuration updated: analysis_iterations = 100
2025-03-08 13:32:12,803 - app.utils.config - INFO - Configuration saved successfully
2025-03-08 13:32:12,803 - app.utils.config - INFO - Configuration updated: window.maximized = False
2025-03-08 13:32:12,806 - app.utils.config - INFO - Configuration saved successfully
2025-03-08 13:32:12,806 - app.utils.config - INFO - Configuration updated: language = zh_CN
2025-03-08 13:32:12,807 - app.utils.config - INFO - Configuration saved successfully
2025-03-08 13:32:12,822 - app.utils.config - INFO - Configuration saved successfully
2025-03-08 13:33:10,148 - __main__ - INFO - Logging initialized
2025-03-08 13:33:10,223 - __main__ - INFO - Application started: MicroAI-Colony 1.0.0
2025-03-08 13:33:10,223 - __main__ - INFO - Platform: win32, Python: 3.11.0 (main, Oct 24 2022, 18:26:48) [MSC v.1933 64 bit (AMD64)]
2025-03-08 13:33:10,224 - __main__ - INFO - Using font: Microsoft YaHei UI
2025-03-08 13:33:10,226 - app.utils.path_manager - INFO - Application directories created successfully
2025-03-08 13:33:10,226 - __main__ - INFO - Application directories created
2025-03-08 13:33:10,227 - app.utils.config - INFO - Configuration loaded successfully
2025-03-08 13:33:10,228 - app.utils.config - INFO - Configuration loaded successfully
2025-03-08 13:33:10,228 - __main__ - INFO - Configuration initialized
2025-03-08 13:33:10,228 - app.utils.i18n - INFO - Loading translations
2025-03-08 13:33:10,231 - app.utils.i18n - INFO - Loaded 76 translations for en
2025-03-08 13:33:10,233 - app.utils.i18n - INFO - Loaded 76 translations for zh_CN
2025-03-08 13:33:10,233 - app.utils.i18n - INFO - Total loaded translations: 152
2025-03-08 13:33:10,233 - app.utils.i18n - INFO - Available locales: ['en', 'zh_CN']
2025-03-08 13:33:10,233 - app.utils.i18n - INFO - Using configured locale: zh_CN
2025-03-08 13:33:10,235 - app.utils.i18n - INFO - === Translation Status ===
2025-03-08 13:33:10,238 - app.utils.i18n - INFO - Current locale: zh_CN
2025-03-08 13:33:10,238 - app.utils.i18n - INFO - Available locales: ['en', 'zh_CN']
2025-03-08 13:33:10,239 - app.utils.i18n - INFO - Initialized: True
2025-03-08 13:33:10,239 - app.utils.i18n - INFO - Loaded strings for current locale: 76
2025-03-08 13:33:10,239 - app.utils.i18n - INFO - =====================
2025-03-08 13:33:10,239 - app.utils.i18n - INFO - Translations initialized successfully
2025-03-08 13:33:10,240 - __main__ - INFO - Installed Qt translation for zh_CN
2025-03-08 13:33:10,242 - __main__ - INFO - Translations initialized. Current locale: zh_CN
2025-03-08 13:33:10,253 - __main__ - INFO - Theme applied successfully
2025-03-08 13:33:10,253 - __main__ - INFO - Creating main window...
2025-03-08 13:33:10,254 - app.gui.main_window - INFO - Initializing MainWindow
2025-03-08 13:33:10,256 - app.gui.image_list_widget - INFO - Initializing ImageBrowser
2025-03-08 13:33:10,257 - app.gui.image_list_widget - INFO - Preview label initialized
2025-03-08 13:33:10,257 - app.gui.image_list_widget - INFO - btn_import created
2025-03-08 13:33:10,258 - app.gui.image_list_widget - INFO - btn_remove created
2025-03-08 13:33:10,258 - app.gui.image_list_widget - INFO - btn_clear created
2025-03-08 13:33:10,258 - app.gui.image_list_widget - INFO - Buttons created
2025-03-08 13:33:10,258 - app.gui.image_list_widget - INFO - Setting up ImageBrowser UI
2025-03-08 13:33:10,259 - app.gui.image_list_widget - INFO - QHBoxLayout created
2025-03-08 13:33:10,259 - app.gui.image_list_widget - INFO - Button group created
2025-03-08 13:33:10,261 - app.gui.image_list_widget - INFO - List group created
2025-03-08 13:33:10,261 - app.gui.image_list_widget - INFO - QVBoxLayout created
2025-03-08 13:33:10,262 - app.gui.image_list_widget - INFO - Groups added to left panel
2025-03-08 13:33:10,262 - app.gui.image_list_widget - INFO - Left panel added to layout
2025-03-08 13:33:10,262 - app.gui.image_list_widget - INFO - Preview group added to layout
2025-03-08 13:33:10,263 - app.gui.image_list_widget - INFO - Layout set
2025-03-08 13:33:10,263 - app.gui.image_list_widget - INFO - Button states updated
2025-03-08 13:33:10,264 - app.gui.image_list_widget - INFO - UI setup complete
2025-03-08 13:33:10,264 - app.gui.image_list_widget - INFO - Signals connected
2025-03-08 13:33:10,264 - app.gui.image_list_widget - INFO - ImageBrowser initialization complete
2025-03-08 13:33:10,274 - app.gui.result_visualizer - INFO - Initializing ResultVisualizer
2025-03-08 13:33:10,276 - app.gui.result_visualizer - INFO - ResultVisualizer initialization complete
2025-03-08 13:33:10,315 - app.gui.main_window - INFO - MainWindow initialization complete
2025-03-08 13:33:10,316 - __main__ - ERROR - Failed to initialize main window: name 'SettingsDialog' is not defined
Traceback (most recent call last):
  File "C:\Users\ETPau\Documents\GitHub\CNN-\app\main.py", line 176, in main
    window.settings_dialog = SettingsDialog(window)  # Create instance
                             ^^^^^^^^^^^^^^
NameError: name 'SettingsDialog' is not defined
2025-03-08 13:34:05,164 - __main__ - INFO - Logging initialized
2025-03-08 13:34:05,209 - __main__ - INFO - Application started: MicroAI-Colony 1.0.0
2025-03-08 13:34:05,209 - __main__ - INFO - Platform: win32, Python: 3.11.0 (main, Oct 24 2022, 18:26:48) [MSC v.1933 64 bit (AMD64)]
2025-03-08 13:34:05,209 - __main__ - INFO - Using font: Microsoft YaHei UI
2025-03-08 13:34:05,210 - app.utils.path_manager - INFO - Application directories created successfully
2025-03-08 13:34:05,210 - __main__ - INFO - Application directories created
2025-03-08 13:34:05,212 - app.utils.config - INFO - Configuration loaded successfully
2025-03-08 13:34:05,212 - app.utils.config - INFO - Configuration loaded successfully
2025-03-08 13:34:05,212 - __main__ - INFO - Configuration initialized
2025-03-08 13:34:05,213 - app.utils.i18n - INFO - Loading translations
2025-03-08 13:34:05,214 - app.utils.i18n - INFO - Loaded 76 translations for en
2025-03-08 13:34:05,214 - app.utils.i18n - INFO - Loaded 76 translations for zh_CN
2025-03-08 13:34:05,214 - app.utils.i18n - INFO - Total loaded translations: 152
2025-03-08 13:34:05,215 - app.utils.i18n - INFO - Available locales: ['en', 'zh_CN']
2025-03-08 13:34:05,215 - app.utils.i18n - INFO - Using configured locale: zh_CN
2025-03-08 13:34:05,215 - app.utils.i18n - INFO - === Translation Status ===
2025-03-08 13:34:05,215 - app.utils.i18n - INFO - Current locale: zh_CN
2025-03-08 13:34:05,215 - app.utils.i18n - INFO - Available locales: ['en', 'zh_CN']
2025-03-08 13:34:05,215 - app.utils.i18n - INFO - Initialized: True
2025-03-08 13:34:05,215 - app.utils.i18n - INFO - Loaded strings for current locale: 76
2025-03-08 13:34:05,216 - app.utils.i18n - INFO - =====================
2025-03-08 13:34:05,216 - app.utils.i18n - INFO - Translations initialized successfully
2025-03-08 13:34:05,217 - __main__ - INFO - Installed Qt translation for zh_CN
2025-03-08 13:34:05,217 - __main__ - INFO - Translations initialized. Current locale: zh_CN
2025-03-08 13:34:05,230 - __main__ - INFO - Theme applied successfully
2025-03-08 13:34:05,230 - __main__ - INFO - Creating main window...
2025-03-08 13:34:05,232 - app.gui.main_window - INFO - Initializing MainWindow
2025-03-08 13:34:05,232 - app.gui.image_list_widget - INFO - Initializing ImageBrowser
2025-03-08 13:34:05,233 - app.gui.image_list_widget - INFO - Preview label initialized
2025-03-08 13:34:05,234 - app.gui.image_list_widget - INFO - btn_import created
2025-03-08 13:34:05,234 - app.gui.image_list_widget - INFO - btn_remove created
2025-03-08 13:34:05,235 - app.gui.image_list_widget - INFO - btn_clear created
2025-03-08 13:34:05,235 - app.gui.image_list_widget - INFO - Buttons created
2025-03-08 13:34:05,235 - app.gui.image_list_widget - INFO - Setting up ImageBrowser UI
2025-03-08 13:34:05,235 - app.gui.image_list_widget - INFO - QHBoxLayout created
2025-03-08 13:34:05,237 - app.gui.image_list_widget - INFO - Button group created
2025-03-08 13:34:05,238 - app.gui.image_list_widget - INFO - List group created
2025-03-08 13:34:05,238 - app.gui.image_list_widget - INFO - QVBoxLayout created
2025-03-08 13:34:05,238 - app.gui.image_list_widget - INFO - Groups added to left panel
2025-03-08 13:34:05,239 - app.gui.image_list_widget - INFO - Left panel added to layout
2025-03-08 13:34:05,240 - app.gui.image_list_widget - INFO - Preview group added to layout
2025-03-08 13:34:05,240 - app.gui.image_list_widget - INFO - Layout set
2025-03-08 13:34:05,241 - app.gui.image_list_widget - INFO - Button states updated
2025-03-08 13:34:05,241 - app.gui.image_list_widget - INFO - UI setup complete
2025-03-08 13:34:05,241 - app.gui.image_list_widget - INFO - Signals connected
2025-03-08 13:34:05,242 - app.gui.image_list_widget - INFO - ImageBrowser initialization complete
2025-03-08 13:34:05,252 - app.gui.result_visualizer - INFO - Initializing ResultVisualizer
2025-03-08 13:34:05,255 - app.gui.result_visualizer - INFO - ResultVisualizer initialization complete
2025-03-08 13:34:05,289 - app.gui.main_window - INFO - MainWindow initialization complete
2025-03-08 13:34:05,290 - app.gui.settings_dialog - INFO - Initializing SettingsDialog
2025-03-08 13:34:05,295 - app.gui.settings_dialog - INFO - SettingsDialog initialization complete
2025-03-08 13:34:05,509 - __main__ - INFO - Main window initialized and shown
2025-03-08 13:34:08,275 - app.gui.settings_dialog - INFO - Initializing SettingsDialog
2025-03-08 13:34:08,285 - app.gui.settings_dialog - INFO - SettingsDialog initialization complete
2025-03-08 13:34:10,282 - app.utils.config - INFO - Configuration saved successfully
2025-03-08 13:34:10,283 - app.utils.config - INFO - Configuration updated: default_path = C:\Users\ETPau/Desktop/MicroAI_Detect
2025-03-08 13:34:10,285 - app.utils.config - INFO - Configuration saved successfully
2025-03-08 13:34:10,286 - app.utils.config - INFO - Configuration updated: export_formats = ['json', 'csv', 'xlsx']
2025-03-08 13:34:10,288 - app.utils.config - INFO - Configuration saved successfully
2025-03-08 13:34:10,288 - app.utils.config - INFO - Configuration updated: analysis_iterations = 100
2025-03-08 13:34:10,290 - app.utils.config - INFO - Configuration saved successfully
2025-03-08 13:34:10,290 - app.utils.config - INFO - Configuration updated: window.maximized = False
2025-03-08 13:34:10,293 - app.utils.config - INFO - Configuration saved successfully
2025-03-08 13:34:10,294 - app.utils.config - INFO - Configuration updated: language = zh_CN
2025-03-08 13:34:10,295 - app.utils.config - INFO - Configuration saved successfully
2025-03-08 13:34:10,315 - app.utils.config - INFO - Configuration saved successfully
2025-03-08 13:34:14,832 - app.gui.settings_dialog - INFO - Initializing SettingsDialog
2025-03-08 13:34:14,841 - app.gui.settings_dialog - INFO - SettingsDialog initialization complete
2025-03-08 13:34:16,547 - app.utils.config - INFO - Configuration saved successfully
2025-03-08 13:34:16,547 - app.utils.config - INFO - Configuration updated: default_path = C:\Users\ETPau/Desktop/MicroAI_Detect
2025-03-08 13:34:16,549 - app.utils.config - INFO - Configuration saved successfully
2025-03-08 13:34:16,549 - app.utils.config - INFO - Configuration updated: export_formats = ['json', 'csv', 'xlsx']
2025-03-08 13:34:16,550 - app.utils.config - INFO - Configuration saved successfully
2025-03-08 13:34:16,551 - app.utils.config - INFO - Configuration updated: analysis_iterations = 100
2025-03-08 13:34:16,552 - app.utils.config - INFO - Configuration saved successfully
2025-03-08 13:34:16,553 - app.utils.config - INFO - Configuration updated: window.maximized = False
2025-03-08 13:34:16,554 - app.utils.config - INFO - Configuration saved successfully
2025-03-08 13:34:16,554 - app.utils.config - INFO - Configuration updated: language = en
2025-03-08 13:34:16,555 - app.utils.config - INFO - Configuration saved successfully
2025-03-08 13:34:16,575 - app.utils.config - INFO - Configuration saved successfully
2025-03-08 13:34:18,078 - app.gui.settings_dialog - INFO - Initializing SettingsDialog
2025-03-08 13:34:18,086 - app.gui.settings_dialog - INFO - SettingsDialog initialization complete
2025-03-08 13:34:20,657 - app.utils.config - INFO - Configuration saved successfully
2025-03-08 13:34:20,657 - app.utils.config - INFO - Configuration updated: default_path = C:\Users\ETPau/Desktop/MicroAI_Detect
2025-03-08 13:34:20,658 - app.utils.config - INFO - Configuration saved successfully
2025-03-08 13:34:20,658 - app.utils.config - INFO - Configuration updated: export_formats = ['json', 'csv', 'xlsx']
2025-03-08 13:34:20,659 - app.utils.config - INFO - Configuration saved successfully
2025-03-08 13:34:20,660 - app.utils.config - INFO - Configuration updated: analysis_iterations = 100
2025-03-08 13:34:20,661 - app.utils.config - INFO - Configuration saved successfully
2025-03-08 13:34:20,661 - app.utils.config - INFO - Configuration updated: window.maximized = False
2025-03-08 13:34:20,662 - app.utils.config - INFO - Configuration saved successfully
2025-03-08 13:34:20,664 - app.utils.config - INFO - Configuration updated: language = zh_CN
2025-03-08 13:34:20,665 - app.utils.config - INFO - Configuration saved successfully
2025-03-08 13:34:20,681 - app.utils.config - INFO - Configuration saved successfully
2025-03-08 13:46:20,013 - __main__ - INFO - Logging initialized
2025-03-08 13:46:20,138 - __main__ - INFO - Application started: MicroAI-Colony 1.0.0
2025-03-08 13:46:20,138 - __main__ - INFO - Platform: win32, Python: 3.11.0 (main, Oct 24 2022, 18:26:48) [MSC v.1933 64 bit (AMD64)]
2025-03-08 13:46:20,140 - __main__ - INFO - Using font: Microsoft YaHei UI
2025-03-08 13:46:20,142 - app.utils.path_manager - INFO - Application directories created successfully
2025-03-08 13:46:20,143 - __main__ - INFO - Application directories created
2025-03-08 13:46:20,144 - app.utils.config - INFO - Configuration loaded successfully
2025-03-08 13:46:20,146 - app.utils.config - INFO - Configuration loaded successfully
2025-03-08 13:46:20,146 - __main__ - INFO - Configuration initialized
2025-03-08 13:46:20,147 - app.utils.i18n - INFO - Loading translations
2025-03-08 13:46:20,149 - app.utils.i18n - INFO - Loaded 76 translations for en
2025-03-08 13:46:20,150 - app.utils.i18n - INFO - Loaded 76 translations for zh_CN
2025-03-08 13:46:20,150 - app.utils.i18n - INFO - Total loaded translations: 152
2025-03-08 13:46:20,150 - app.utils.i18n - INFO - Available locales: ['en', 'zh_CN']
2025-03-08 13:46:20,150 - app.utils.i18n - INFO - Using configured locale: zh_CN
2025-03-08 13:46:20,150 - app.utils.i18n - INFO - === Translation Status ===
2025-03-08 13:46:20,152 - app.utils.i18n - INFO - Current locale: zh_CN
2025-03-08 13:46:20,152 - app.utils.i18n - INFO - Available locales: ['en', 'zh_CN']
2025-03-08 13:46:20,152 - app.utils.i18n - INFO - Initialized: True
2025-03-08 13:46:20,152 - app.utils.i18n - INFO - Loaded strings for current locale: 76
2025-03-08 13:46:20,153 - app.utils.i18n - INFO - =====================
2025-03-08 13:46:20,153 - app.utils.i18n - INFO - Translations initialized successfully
2025-03-08 13:46:20,153 - __main__ - ERROR - Failed to initialize application components: name 'QTranslator' is not defined
2025-03-08 13:46:35,454 - __main__ - INFO - Logging initialized
2025-03-08 13:46:35,510 - __main__ - INFO - Application started: MicroAI-Colony 1.0.0
2025-03-08 13:46:35,510 - __main__ - INFO - Platform: win32, Python: 3.11.0 (main, Oct 24 2022, 18:26:48) [MSC v.1933 64 bit (AMD64)]
2025-03-08 13:46:35,511 - __main__ - INFO - Using font: Microsoft YaHei UI
2025-03-08 13:46:35,512 - app.utils.path_manager - INFO - Application directories created successfully
2025-03-08 13:46:35,512 - __main__ - INFO - Application directories created
2025-03-08 13:46:35,512 - app.utils.config - INFO - Configuration loaded successfully
2025-03-08 13:46:35,514 - app.utils.config - INFO - Configuration loaded successfully
2025-03-08 13:46:35,514 - __main__ - INFO - Configuration initialized
2025-03-08 13:46:35,514 - app.utils.i18n - INFO - Loading translations
2025-03-08 13:46:35,517 - app.utils.i18n - INFO - Loaded 76 translations for en
2025-03-08 13:46:35,517 - app.utils.i18n - INFO - Loaded 76 translations for zh_CN
2025-03-08 13:46:35,517 - app.utils.i18n - INFO - Total loaded translations: 152
2025-03-08 13:46:35,518 - app.utils.i18n - INFO - Available locales: ['en', 'zh_CN']
2025-03-08 13:46:35,518 - app.utils.i18n - INFO - Using configured locale: zh_CN
2025-03-08 13:46:35,518 - app.utils.i18n - INFO - === Translation Status ===
2025-03-08 13:46:35,519 - app.utils.i18n - INFO - Current locale: zh_CN
2025-03-08 13:46:35,519 - app.utils.i18n - INFO - Available locales: ['en', 'zh_CN']
2025-03-08 13:46:35,519 - app.utils.i18n - INFO - Initialized: True
2025-03-08 13:46:35,520 - app.utils.i18n - INFO - Loaded strings for current locale: 76
2025-03-08 13:46:35,520 - app.utils.i18n - INFO - =====================
2025-03-08 13:46:35,520 - app.utils.i18n - INFO - Translations initialized successfully
2025-03-08 13:46:35,520 - __main__ - ERROR - Failed to initialize application components: name 'QTranslator' is not defined
2025-03-08 13:47:46,736 - __main__ - INFO - Logging initialized
2025-03-08 13:47:46,779 - __main__ - INFO - Application started: MicroAI-Colony 1.0.0
2025-03-08 13:47:46,780 - __main__ - INFO - Platform: win32, Python: 3.11.0 (main, Oct 24 2022, 18:26:48) [MSC v.1933 64 bit (AMD64)]
2025-03-08 13:47:46,780 - __main__ - INFO - Using font: Microsoft YaHei UI
2025-03-08 13:47:46,781 - app.utils.path_manager - INFO - Application directories created successfully
2025-03-08 13:47:46,781 - __main__ - INFO - Application directories created
2025-03-08 13:47:46,782 - app.utils.config - INFO - Configuration loaded successfully
2025-03-08 13:47:46,783 - app.utils.config - INFO - Configuration loaded successfully
2025-03-08 13:47:46,783 - __main__ - INFO - Configuration initialized
2025-03-08 13:47:46,783 - app.utils.i18n - INFO - Loading translations
2025-03-08 13:47:46,784 - app.utils.i18n - INFO - Loaded 76 translations for en
2025-03-08 13:47:46,785 - app.utils.i18n - INFO - Loaded 76 translations for zh_CN
2025-03-08 13:47:46,786 - app.utils.i18n - INFO - Total loaded translations: 152
2025-03-08 13:47:46,786 - app.utils.i18n - INFO - Available locales: ['en', 'zh_CN']
2025-03-08 13:47:46,786 - app.utils.i18n - INFO - Using configured locale: zh_CN
2025-03-08 13:47:46,786 - app.utils.i18n - INFO - === Translation Status ===
2025-03-08 13:47:46,787 - app.utils.i18n - INFO - Current locale: zh_CN
2025-03-08 13:47:46,787 - app.utils.i18n - INFO - Available locales: ['en', 'zh_CN']
2025-03-08 13:47:46,787 - app.utils.i18n - INFO - Initialized: True
2025-03-08 13:47:46,787 - app.utils.i18n - INFO - Loaded strings for current locale: 76
2025-03-08 13:47:46,787 - app.utils.i18n - INFO - =====================
2025-03-08 13:47:46,788 - app.utils.i18n - INFO - Translations initialized successfully
2025-03-08 13:47:46,792 - __main__ - INFO - Installed Qt translation for zh_CN
2025-03-08 13:47:46,793 - __main__ - INFO - Translations initialized. Current locale: zh_CN
2025-03-08 13:47:46,793 - __main__ - ERROR - Application failed to start: module 'siui' has no attribute 'theme'
Traceback (most recent call last):
  File "C:\Users\ETPau\Documents\GitHub\CNN-\app\main.py", line 130, in main
    app.setStyleSheet(siui.theme.get_stylesheet("dark"))
                      ^^^^^^^^^^
AttributeError: module 'siui' has no attribute 'theme'
2025-03-08 13:51:32,352 - __main__ - INFO - Logging initialized
2025-03-08 13:51:32,391 - __main__ - INFO - Application started: MicroAI-Colony 1.0.0
2025-03-08 13:51:32,392 - __main__ - INFO - Platform: win32, Python: 3.11.0 (main, Oct 24 2022, 18:26:48) [MSC v.1933 64 bit (AMD64)]
2025-03-08 13:51:32,392 - __main__ - INFO - Using font: Microsoft YaHei UI
2025-03-08 13:51:32,393 - app.utils.path_manager - INFO - Application directories created successfully
2025-03-08 13:51:32,394 - __main__ - INFO - Application directories created
2025-03-08 13:51:32,394 - app.utils.config - INFO - Configuration loaded successfully
2025-03-08 13:51:32,395 - app.utils.config - INFO - Configuration loaded successfully
2025-03-08 13:51:32,395 - __main__ - INFO - Configuration initialized
2025-03-08 13:51:32,395 - app.utils.i18n - INFO - Loading translations
2025-03-08 13:51:32,396 - app.utils.i18n - INFO - Loaded 76 translations for en
2025-03-08 13:51:32,397 - app.utils.i18n - INFO - Loaded 76 translations for zh_CN
2025-03-08 13:51:32,397 - app.utils.i18n - INFO - Total loaded translations: 152
2025-03-08 13:51:32,397 - app.utils.i18n - INFO - Available locales: ['en', 'zh_CN']
2025-03-08 13:51:32,398 - app.utils.i18n - INFO - Using configured locale: zh_CN
2025-03-08 13:51:32,398 - app.utils.i18n - INFO - === Translation Status ===
2025-03-08 13:51:32,398 - app.utils.i18n - INFO - Current locale: zh_CN
2025-03-08 13:51:32,398 - app.utils.i18n - INFO - Available locales: ['en', 'zh_CN']
2025-03-08 13:51:32,398 - app.utils.i18n - INFO - Initialized: True
2025-03-08 13:51:32,398 - app.utils.i18n - INFO - Loaded strings for current locale: 76
2025-03-08 13:51:32,400 - app.utils.i18n - INFO - =====================
2025-03-08 13:51:32,400 - app.utils.i18n - INFO - Translations initialized successfully
2025-03-08 13:51:32,401 - __main__ - INFO - Installed Qt translation for zh_CN
2025-03-08 13:51:32,401 - __main__ - INFO - Translations initialized. Current locale: zh_CN
2025-03-08 13:51:32,403 - __main__ - INFO - Theme applied successfully
2025-03-08 13:51:32,404 - __main__ - INFO - Creating main window...
2025-03-08 13:51:32,407 - app.gui.main_window - INFO - Initializing MainWindow
2025-03-08 13:51:32,411 - app.gui.image_list_widget - INFO - Initializing ImageBrowser
2025-03-08 13:51:32,417 - app.gui.image_list_widget - INFO - Preview label initialized
2025-03-08 13:51:32,417 - app.gui.image_list_widget - INFO - btn_import created
2025-03-08 13:51:32,418 - app.gui.image_list_widget - INFO - btn_remove created
2025-03-08 13:51:32,418 - app.gui.image_list_widget - INFO - btn_clear created
2025-03-08 13:51:32,418 - app.gui.image_list_widget - INFO - Buttons created
2025-03-08 13:51:32,418 - app.gui.image_list_widget - INFO - Setting up ImageBrowser UI
2025-03-08 13:51:32,419 - app.gui.image_list_widget - INFO - QHBoxLayout created
2025-03-08 13:51:32,420 - app.gui.image_list_widget - INFO - Button group created
2025-03-08 13:51:32,421 - app.gui.image_list_widget - INFO - List group created
2025-03-08 13:51:32,421 - app.gui.image_list_widget - INFO - QVBoxLayout created
2025-03-08 13:51:32,423 - app.gui.image_list_widget - INFO - Groups added to left panel
2025-03-08 13:51:32,423 - app.gui.image_list_widget - INFO - Left panel added to layout
2025-03-08 13:51:32,423 - app.gui.image_list_widget - INFO - Preview group added to layout
2025-03-08 13:51:32,425 - app.gui.image_list_widget - INFO - Layout set
2025-03-08 13:51:32,426 - app.gui.image_list_widget - INFO - Button states updated
2025-03-08 13:51:32,426 - app.gui.image_list_widget - INFO - UI setup complete
2025-03-08 13:51:32,426 - app.gui.image_list_widget - INFO - Signals connected
2025-03-08 13:51:32,427 - app.gui.image_list_widget - INFO - ImageBrowser initialization complete
2025-03-08 13:51:32,443 - app.gui.result_visualizer - INFO - Initializing ResultVisualizer
2025-03-08 13:51:32,446 - app.gui.result_visualizer - INFO - ResultVisualizer initialization complete
2025-03-08 13:51:32,516 - app.gui.main_window - INFO - MainWindow initialization complete
2025-03-08 13:51:32,518 - app.gui.settings_dialog - INFO - Initializing SettingsDialog
2025-03-08 13:51:32,536 - app.gui.settings_dialog - INFO - SettingsDialog initialization complete
2025-03-08 13:51:32,784 - __main__ - INFO - Main window initialized and shown
2025-03-08 13:52:13,559 - app.gui.settings_dialog - INFO - Initializing SettingsDialog
2025-03-08 13:52:13,566 - app.gui.settings_dialog - INFO - SettingsDialog initialization complete
2025-03-08 13:52:17,494 - app.utils.config - INFO - Configuration saved successfully
2025-03-08 13:52:17,494 - app.utils.config - INFO - Configuration updated: default_path = C:\Users\ETPau/Desktop/MicroAI_Detect
2025-03-08 13:52:17,495 - app.utils.config - INFO - Configuration saved successfully
2025-03-08 13:52:17,496 - app.utils.config - INFO - Configuration updated: export_formats = ['json', 'csv', 'xlsx']
2025-03-08 13:52:17,497 - app.utils.config - INFO - Configuration saved successfully
2025-03-08 13:52:17,497 - app.utils.config - INFO - Configuration updated: analysis_iterations = 100
2025-03-08 13:52:17,498 - app.utils.config - INFO - Configuration saved successfully
2025-03-08 13:52:17,499 - app.utils.config - INFO - Configuration updated: window.maximized = False
2025-03-08 13:52:17,500 - app.utils.config - INFO - Configuration saved successfully
2025-03-08 13:52:17,500 - app.utils.config - INFO - Configuration updated: language = zh_CN
2025-03-08 13:52:17,502 - app.utils.config - INFO - Configuration saved successfully
2025-03-08 13:52:17,527 - app.utils.config - INFO - Configuration saved successfully
2025-03-08 13:52:20,867 - app.gui.settings_dialog - INFO - Initializing SettingsDialog
2025-03-08 13:52:20,875 - app.gui.settings_dialog - INFO - SettingsDialog initialization complete
2025-03-08 13:52:22,937 - app.utils.config - INFO - Configuration saved successfully
2025-03-08 13:52:22,938 - app.utils.config - INFO - Configuration updated: default_path = C:\Users\ETPau/Desktop/MicroAI_Detect
2025-03-08 13:52:22,939 - app.utils.config - INFO - Configuration saved successfully
2025-03-08 13:52:22,940 - app.utils.config - INFO - Configuration updated: export_formats = ['json', 'csv', 'xlsx']
2025-03-08 13:52:22,941 - app.utils.config - INFO - Configuration saved successfully
2025-03-08 13:52:22,941 - app.utils.config - INFO - Configuration updated: analysis_iterations = 100
2025-03-08 13:52:22,942 - app.utils.config - INFO - Configuration saved successfully
2025-03-08 13:52:22,943 - app.utils.config - INFO - Configuration updated: window.maximized = False
2025-03-08 13:52:22,944 - app.utils.config - INFO - Configuration saved successfully
2025-03-08 13:52:22,944 - app.utils.config - INFO - Configuration updated: language = en
2025-03-08 13:52:22,945 - app.utils.config - INFO - Configuration saved successfully
2025-03-08 13:52:22,958 - app.utils.config - INFO - Configuration saved successfully
2025-03-08 13:52:24,444 - app.gui.settings_dialog - INFO - Initializing SettingsDialog
2025-03-08 13:52:24,452 - app.gui.settings_dialog - INFO - SettingsDialog initialization complete
2025-03-08 13:52:26,523 - app.utils.config - INFO - Configuration saved successfully
2025-03-08 13:52:26,523 - app.utils.config - INFO - Configuration updated: default_path = C:\Users\ETPau/Desktop/MicroAI_Detect
2025-03-08 13:52:26,525 - app.utils.config - INFO - Configuration saved successfully
2025-03-08 13:52:26,525 - app.utils.config - INFO - Configuration updated: export_formats = ['json', 'csv', 'xlsx']
2025-03-08 13:52:26,526 - app.utils.config - INFO - Configuration saved successfully
2025-03-08 13:52:26,526 - app.utils.config - INFO - Configuration updated: analysis_iterations = 100
2025-03-08 13:52:26,528 - app.utils.config - INFO - Configuration saved successfully
2025-03-08 13:52:26,528 - app.utils.config - INFO - Configuration updated: window.maximized = False
2025-03-08 13:52:26,529 - app.utils.config - INFO - Configuration saved successfully
2025-03-08 13:52:26,530 - app.utils.config - INFO - Configuration updated: language = zh_CN
2025-03-08 13:52:26,531 - app.utils.config - INFO - Configuration saved successfully
2025-03-08 13:52:26,546 - app.utils.config - INFO - Configuration saved successfully
2025-03-08 13:57:50,117 - __main__ - INFO - Logging initialized
2025-03-08 13:57:50,172 - __main__ - INFO - Application started: MicroAI-Colony 1.0.0
2025-03-08 13:57:50,173 - __main__ - INFO - Platform: win32, Python: 3.11.0 (main, Oct 24 2022, 18:26:48) [MSC v.1933 64 bit (AMD64)]
2025-03-08 13:57:50,173 - __main__ - INFO - Using font: Microsoft YaHei UI
2025-03-08 13:57:50,174 - app.utils.path_manager - INFO - Application directories created successfully
2025-03-08 13:57:50,174 - __main__ - INFO - Application directories created
2025-03-08 13:57:50,175 - app.utils.config - INFO - Configuration loaded successfully
2025-03-08 13:57:50,176 - app.utils.config - INFO - Configuration loaded successfully
2025-03-08 13:57:50,176 - __main__ - INFO - Configuration initialized
2025-03-08 13:57:50,176 - app.utils.i18n - INFO - Loading translations
2025-03-08 13:57:50,178 - app.utils.i18n - INFO - Loaded 76 translations for en
2025-03-08 13:57:50,178 - app.utils.i18n - INFO - Loaded 76 translations for zh_CN
2025-03-08 13:57:50,178 - app.utils.i18n - INFO - Total loaded translations: 152
2025-03-08 13:57:50,179 - app.utils.i18n - INFO - Available locales: ['en', 'zh_CN']
2025-03-08 13:57:50,179 - app.utils.i18n - INFO - Using configured locale: zh_CN
2025-03-08 13:57:50,179 - app.utils.i18n - INFO - === Translation Status ===
2025-03-08 13:57:50,179 - app.utils.i18n - INFO - Current locale: zh_CN
2025-03-08 13:57:50,179 - app.utils.i18n - INFO - Available locales: ['en', 'zh_CN']
2025-03-08 13:57:50,180 - app.utils.i18n - INFO - Initialized: True
2025-03-08 13:57:50,180 - app.utils.i18n - INFO - Loaded strings for current locale: 76
2025-03-08 13:57:50,180 - app.utils.i18n - INFO - =====================
2025-03-08 13:57:50,180 - app.utils.i18n - INFO - Translations initialized successfully
2025-03-08 13:57:50,181 - __main__ - INFO - Installed Qt translation for zh_CN
2025-03-08 13:57:50,181 - __main__ - INFO - Translations initialized. Current locale: zh_CN
2025-03-08 13:57:50,182 - __main__ - INFO - Theme applied successfully
2025-03-08 13:57:50,183 - __main__ - INFO - Creating main window...
2025-03-08 13:57:50,184 - app.gui.main_window - INFO - Initializing MainWindow
2025-03-08 13:57:50,185 - app.gui.image_list_widget - INFO - Initializing ImageBrowser
2025-03-08 13:57:50,187 - app.gui.image_list_widget - INFO - Preview label initialized
2025-03-08 13:57:50,187 - app.gui.image_list_widget - INFO - btn_import created
2025-03-08 13:57:50,188 - app.gui.image_list_widget - INFO - btn_remove created
2025-03-08 13:57:50,188 - app.gui.image_list_widget - INFO - btn_clear created
2025-03-08 13:57:50,188 - app.gui.image_list_widget - INFO - Buttons created
2025-03-08 13:57:50,190 - app.gui.image_list_widget - INFO - Setting up ImageBrowser UI
2025-03-08 13:57:50,190 - app.gui.image_list_widget - INFO - QHBoxLayout created
2025-03-08 13:57:50,191 - app.gui.image_list_widget - INFO - Button group created
2025-03-08 13:57:50,191 - app.gui.image_list_widget - INFO - List group created
2025-03-08 13:57:50,192 - app.gui.image_list_widget - INFO - QVBoxLayout created
2025-03-08 13:57:50,192 - app.gui.image_list_widget - INFO - Groups added to left panel
2025-03-08 13:57:50,192 - app.gui.image_list_widget - INFO - Left panel added to layout
2025-03-08 13:57:50,192 - app.gui.image_list_widget - INFO - Preview group added to layout
2025-03-08 13:57:50,193 - app.gui.image_list_widget - INFO - Layout set
2025-03-08 13:57:50,193 - app.gui.image_list_widget - INFO - Button states updated
2025-03-08 13:57:50,194 - app.gui.image_list_widget - INFO - UI setup complete
2025-03-08 13:57:50,194 - app.gui.image_list_widget - INFO - Signals connected
2025-03-08 13:57:50,194 - app.gui.image_list_widget - INFO - ImageBrowser initialization complete
2025-03-08 13:57:50,206 - app.gui.result_visualizer - INFO - Initializing ResultVisualizer
2025-03-08 13:57:50,209 - app.gui.result_visualizer - INFO - ResultVisualizer initialization complete
2025-03-08 13:57:50,251 - app.gui.main_window - INFO - MainWindow initialization complete
2025-03-08 13:57:50,254 - app.gui.settings_dialog - INFO - Initializing SettingsDialog
2025-03-08 13:57:50,264 - app.gui.settings_dialog - INFO - SettingsDialog initialization complete
2025-03-08 13:57:50,407 - __main__ - INFO - Main window initialized and shown
2025-03-08 13:58:05,359 - app.gui.settings_dialog - INFO - Initializing SettingsDialog
2025-03-08 13:58:05,368 - app.gui.settings_dialog - INFO - SettingsDialog initialization complete
2025-03-08 13:58:07,243 - app.utils.config - INFO - Configuration saved successfully
2025-03-08 13:58:07,245 - app.utils.config - INFO - Configuration updated: default_path = C:\Users\ETPau/Desktop/MicroAI_Detect
2025-03-08 13:58:07,247 - app.utils.config - INFO - Configuration saved successfully
2025-03-08 13:58:07,247 - app.utils.config - INFO - Configuration updated: export_formats = ['json', 'csv', 'xlsx']
2025-03-08 13:58:07,248 - app.utils.config - INFO - Configuration saved successfully
2025-03-08 13:58:07,248 - app.utils.config - INFO - Configuration updated: analysis_iterations = 100
2025-03-08 13:58:07,251 - app.utils.config - INFO - Configuration saved successfully
2025-03-08 13:58:07,251 - app.utils.config - INFO - Configuration updated: window.maximized = False
2025-03-08 13:58:07,253 - app.utils.config - INFO - Configuration saved successfully
2025-03-08 13:58:07,253 - app.utils.config - INFO - Configuration updated: language = zh_CN
2025-03-08 13:58:07,255 - app.utils.config - INFO - Configuration saved successfully
2025-03-08 13:58:07,275 - app.utils.config - INFO - Configuration saved successfully
2025-03-08 13:58:09,276 - app.gui.settings_dialog - INFO - Initializing SettingsDialog
2025-03-08 13:58:09,284 - app.gui.settings_dialog - INFO - SettingsDialog initialization complete
2025-03-08 13:58:11,011 - app.utils.config - INFO - Configuration saved successfully
2025-03-08 13:58:11,012 - app.utils.config - INFO - Configuration updated: default_path = C:\Users\ETPau/Desktop/MicroAI_Detect
2025-03-08 13:58:11,014 - app.utils.config - INFO - Configuration saved successfully
2025-03-08 13:58:11,014 - app.utils.config - INFO - Configuration updated: export_formats = ['json', 'csv', 'xlsx']
2025-03-08 13:58:11,017 - app.utils.config - INFO - Configuration saved successfully
2025-03-08 13:58:11,017 - app.utils.config - INFO - Configuration updated: analysis_iterations = 100
2025-03-08 13:58:11,018 - app.utils.config - INFO - Configuration saved successfully
2025-03-08 13:58:11,019 - app.utils.config - INFO - Configuration updated: window.maximized = False
2025-03-08 13:58:11,022 - app.utils.config - INFO - Configuration saved successfully
2025-03-08 13:58:11,023 - app.utils.config - INFO - Configuration updated: language = en
2025-03-08 13:58:11,026 - app.utils.config - INFO - Configuration saved successfully
2025-03-08 13:58:11,044 - app.utils.config - INFO - Configuration saved successfully
2025-03-08 13:58:13,089 - app.gui.settings_dialog - INFO - Initializing SettingsDialog
2025-03-08 13:58:13,096 - app.gui.settings_dialog - INFO - SettingsDialog initialization complete
2025-03-08 13:58:15,463 - app.utils.config - INFO - Configuration saved successfully
2025-03-08 13:58:15,463 - app.utils.config - INFO - Configuration updated: default_path = C:\Users\ETPau/Desktop/MicroAI_Detect
2025-03-08 13:58:15,465 - app.utils.config - INFO - Configuration saved successfully
2025-03-08 13:58:15,465 - app.utils.config - INFO - Configuration updated: export_formats = ['json', 'csv', 'xlsx']
2025-03-08 13:58:15,466 - app.utils.config - INFO - Configuration saved successfully
2025-03-08 13:58:15,466 - app.utils.config - INFO - Configuration updated: analysis_iterations = 100
2025-03-08 13:58:15,467 - app.utils.config - INFO - Configuration saved successfully
2025-03-08 13:58:15,467 - app.utils.config - INFO - Configuration updated: window.maximized = False
2025-03-08 13:58:15,470 - app.utils.config - INFO - Configuration saved successfully
2025-03-08 13:58:15,470 - app.utils.config - INFO - Configuration updated: language = zh_CN
2025-03-08 13:58:15,471 - app.utils.config - INFO - Configuration saved successfully
2025-03-08 13:58:15,486 - app.utils.config - INFO - Configuration saved successfully
2025-03-08 13:58:17,767 - app.gui.settings_dialog - INFO - Initializing SettingsDialog
2025-03-08 13:58:17,780 - app.gui.settings_dialog - INFO - SettingsDialog initialization complete
2025-03-08 13:58:19,110 - app.utils.config - INFO - Configuration saved successfully
2025-03-08 13:58:19,110 - app.utils.config - INFO - Configuration updated: default_path = C:\Users\ETPau/Desktop/MicroAI_Detect
2025-03-08 13:58:19,113 - app.utils.config - INFO - Configuration saved successfully
2025-03-08 13:58:19,113 - app.utils.config - INFO - Configuration updated: export_formats = ['json', 'csv', 'xlsx']
2025-03-08 13:58:19,115 - app.utils.config - INFO - Configuration saved successfully
2025-03-08 13:58:19,115 - app.utils.config - INFO - Configuration updated: analysis_iterations = 100
2025-03-08 13:58:19,117 - app.utils.config - INFO - Configuration saved successfully
2025-03-08 13:58:19,117 - app.utils.config - INFO - Configuration updated: window.maximized = True
2025-03-08 13:58:19,119 - app.utils.config - INFO - Configuration saved successfully
2025-03-08 13:58:19,120 - app.utils.config - INFO - Configuration updated: language = zh_CN
2025-03-08 13:58:19,122 - app.utils.config - INFO - Configuration saved successfully
2025-03-08 13:58:19,139 - app.utils.config - INFO - Configuration saved successfully
2025-03-08 14:03:30,192 - __main__ - INFO - Logging initialized
2025-03-08 14:03:30,326 - __main__ - INFO - Application started: MicroAI-Colony 1.0.0
2025-03-08 14:03:30,326 - __main__ - INFO - Platform: win32, Python: 3.11.0 (main, Oct 24 2022, 18:26:48) [MSC v.1933 64 bit (AMD64)]
2025-03-08 14:03:30,328 - __main__ - INFO - Using font: Microsoft YaHei UI
2025-03-08 14:03:30,329 - app.utils.path_manager - INFO - Application directories created successfully
2025-03-08 14:03:30,329 - __main__ - INFO - Application directories created
2025-03-08 14:03:30,330 - app.utils.config - INFO - Configuration loaded successfully
2025-03-08 14:03:30,331 - app.utils.config - INFO - Configuration loaded successfully
2025-03-08 14:03:30,331 - __main__ - INFO - Configuration initialized
2025-03-08 14:03:30,331 - app.utils.i18n - INFO - Loading translations
2025-03-08 14:03:30,333 - app.utils.i18n - INFO - Loaded 76 translations for en
2025-03-08 14:03:30,334 - app.utils.i18n - INFO - Loaded 76 translations for zh_CN
2025-03-08 14:03:30,334 - app.utils.i18n - INFO - Total loaded translations: 152
2025-03-08 14:03:30,334 - app.utils.i18n - INFO - Available locales: ['en', 'zh_CN']
2025-03-08 14:03:30,334 - app.utils.i18n - INFO - Using configured locale: zh_CN
2025-03-08 14:03:30,334 - app.utils.i18n - INFO - === Translation Status ===
2025-03-08 14:03:30,336 - app.utils.i18n - INFO - Current locale: zh_CN
2025-03-08 14:03:30,336 - app.utils.i18n - INFO - Available locales: ['en', 'zh_CN']
2025-03-08 14:03:30,336 - app.utils.i18n - INFO - Initialized: True
2025-03-08 14:03:30,337 - app.utils.i18n - INFO - Loaded strings for current locale: 76
2025-03-08 14:03:30,337 - app.utils.i18n - INFO - =====================
2025-03-08 14:03:30,337 - app.utils.i18n - INFO - Translations initialized successfully
2025-03-08 14:03:30,341 - __main__ - INFO - Installed Qt translation for zh_CN
2025-03-08 14:03:30,342 - __main__ - INFO - Translations initialized. Current locale: zh_CN
2025-03-08 14:03:30,345 - __main__ - INFO - Theme applied successfully
2025-03-08 14:03:30,345 - __main__ - INFO - Creating main window...
2025-03-08 14:03:30,358 - app.gui.main_window - INFO - Initializing MainWindow
2025-03-08 14:03:30,367 - app.gui.image_list_widget - INFO - Initializing ImageBrowser
2025-03-08 14:03:30,374 - app.gui.image_list_widget - INFO - Preview label initialized
2025-03-08 14:03:30,375 - app.gui.image_list_widget - INFO - btn_import created
2025-03-08 14:03:30,376 - app.gui.image_list_widget - INFO - btn_remove created
2025-03-08 14:03:30,376 - app.gui.image_list_widget - INFO - btn_clear created
2025-03-08 14:03:30,376 - app.gui.image_list_widget - INFO - Buttons created
2025-03-08 14:03:30,377 - app.gui.image_list_widget - INFO - Setting up ImageBrowser UI
2025-03-08 14:03:30,377 - app.gui.image_list_widget - INFO - QHBoxLayout created
2025-03-08 14:03:30,379 - app.gui.image_list_widget - INFO - Button group created
2025-03-08 14:03:30,381 - app.gui.image_list_widget - INFO - List group created
2025-03-08 14:03:30,381 - app.gui.image_list_widget - INFO - QVBoxLayout created
2025-03-08 14:03:30,382 - app.gui.image_list_widget - INFO - Groups added to left panel
2025-03-08 14:03:30,383 - app.gui.image_list_widget - INFO - Left panel added to layout
2025-03-08 14:03:30,383 - app.gui.image_list_widget - INFO - Preview group added to layout
2025-03-08 14:03:30,384 - app.gui.image_list_widget - INFO - Layout set
2025-03-08 14:03:30,385 - app.gui.image_list_widget - INFO - Button states updated
2025-03-08 14:03:30,386 - app.gui.image_list_widget - INFO - UI setup complete
2025-03-08 14:03:30,387 - app.gui.image_list_widget - INFO - Signals connected
2025-03-08 14:03:30,389 - app.gui.image_list_widget - INFO - ImageBrowser initialization complete
2025-03-08 14:03:30,419 - app.gui.result_visualizer - INFO - Initializing ResultVisualizer
2025-03-08 14:03:30,426 - app.gui.result_visualizer - INFO - ResultVisualizer initialization complete
2025-03-08 14:03:30,499 - app.gui.main_window - INFO - MainWindow initialization complete
2025-03-08 14:03:30,798 - app.gui.settings_dialog - INFO - Initializing SettingsDialog
2025-03-08 14:03:30,813 - app.gui.settings_dialog - INFO - SettingsDialog initialization complete
2025-03-08 14:03:30,978 - __main__ - INFO - Main window initialized and shown
2025-03-08 14:03:36,799 - app.gui.settings_dialog - INFO - Initializing SettingsDialog
2025-03-08 14:03:36,813 - app.gui.settings_dialog - INFO - SettingsDialog initialization complete
2025-03-08 14:03:38,594 - app.utils.config - INFO - Configuration saved successfully
2025-03-08 14:03:38,594 - app.utils.config - INFO - Configuration updated: default_path = C:\Users\ETPau/Desktop/MicroAI_Detect
2025-03-08 14:03:38,596 - app.utils.config - INFO - Configuration saved successfully
2025-03-08 14:03:38,596 - app.utils.config - INFO - Configuration updated: export_formats = ['json', 'csv', 'xlsx']
2025-03-08 14:03:38,599 - app.utils.config - INFO - Configuration saved successfully
2025-03-08 14:03:38,599 - app.utils.config - INFO - Configuration updated: analysis_iterations = 100
2025-03-08 14:03:38,602 - app.utils.config - INFO - Configuration saved successfully
2025-03-08 14:03:38,602 - app.utils.config - INFO - Configuration updated: window.maximized = False
2025-03-08 14:03:38,603 - app.utils.config - INFO - Configuration saved successfully
2025-03-08 14:03:38,603 - app.utils.config - INFO - Configuration updated: language = zh_CN
2025-03-08 14:03:38,606 - app.utils.config - INFO - Configuration saved successfully
2025-03-08 14:03:38,636 - app.utils.config - INFO - Configuration saved successfully
2025-03-08 14:03:43,000 - app.gui.about_dialog - INFO - Initializing AboutDialog
2025-03-08 14:03:43,020 - app.gui.about_dialog - INFO - AboutDialog initialization complete
2025-03-08 14:03:48,012 - app.gui.settings_dialog - INFO - Initializing SettingsDialog
2025-03-08 14:03:48,022 - app.gui.settings_dialog - INFO - SettingsDialog initialization complete
2025-03-08 14:03:50,102 - app.utils.config - INFO - Configuration saved successfully
2025-03-08 14:03:50,103 - app.utils.config - INFO - Configuration updated: default_path = C:\Users\ETPau/Desktop/MicroAI_Detect
2025-03-08 14:03:50,104 - app.utils.config - INFO - Configuration saved successfully
2025-03-08 14:03:50,104 - app.utils.config - INFO - Configuration updated: export_formats = ['json', 'csv', 'xlsx']
2025-03-08 14:03:50,105 - app.utils.config - INFO - Configuration saved successfully
2025-03-08 14:03:50,105 - app.utils.config - INFO - Configuration updated: analysis_iterations = 100
2025-03-08 14:03:50,107 - app.utils.config - INFO - Configuration saved successfully
2025-03-08 14:03:50,107 - app.utils.config - INFO - Configuration updated: window.maximized = False
2025-03-08 14:03:50,108 - app.utils.config - INFO - Configuration saved successfully
2025-03-08 14:03:50,109 - app.utils.config - INFO - Configuration updated: language = en
2025-03-08 14:03:50,110 - app.utils.config - INFO - Configuration saved successfully
2025-03-08 14:03:50,125 - app.utils.config - INFO - Configuration saved successfully
2025-03-08 14:03:52,055 - app.gui.settings_dialog - INFO - Initializing SettingsDialog
2025-03-08 14:03:52,063 - app.gui.settings_dialog - INFO - SettingsDialog initialization complete
2025-03-08 14:03:54,378 - app.utils.config - INFO - Configuration saved successfully
2025-03-08 14:03:54,379 - app.utils.config - INFO - Configuration updated: default_path = C:\Users\ETPau/Desktop/MicroAI_Detect
2025-03-08 14:03:54,380 - app.utils.config - INFO - Configuration saved successfully
2025-03-08 14:03:54,382 - app.utils.config - INFO - Configuration updated: export_formats = ['json', 'csv', 'xlsx']
2025-03-08 14:03:54,383 - app.utils.config - INFO - Configuration saved successfully
2025-03-08 14:03:54,383 - app.utils.config - INFO - Configuration updated: analysis_iterations = 100
2025-03-08 14:03:54,384 - app.utils.config - INFO - Configuration saved successfully
2025-03-08 14:03:54,385 - app.utils.config - INFO - Configuration updated: window.maximized = False
2025-03-08 14:03:54,386 - app.utils.config - INFO - Configuration saved successfully
2025-03-08 14:03:54,386 - app.utils.config - INFO - Configuration updated: language = zh_CN
2025-03-08 14:03:54,387 - app.utils.config - INFO - Configuration saved successfully
2025-03-08 14:03:54,400 - app.utils.config - INFO - Configuration saved successfully
2025-03-08 14:10:14,564 - __main__ - INFO - Logging initialized
2025-03-08 14:10:14,615 - __main__ - INFO - Application started: MicroAI-Colony 1.0.0
2025-03-08 14:10:14,616 - __main__ - INFO - Platform: win32, Python: 3.11.0 (main, Oct 24 2022, 18:26:48) [MSC v.1933 64 bit (AMD64)]
2025-03-08 14:10:14,617 - __main__ - INFO - Using font: Microsoft YaHei UI
2025-03-08 14:10:14,618 - app.utils.path_manager - INFO - Application directories created successfully
2025-03-08 14:10:14,618 - __main__ - INFO - Application directories created
2025-03-08 14:10:14,619 - app.utils.config - INFO - Configuration loaded successfully
2025-03-08 14:10:14,619 - app.utils.config - INFO - Configuration loaded successfully
2025-03-08 14:10:14,620 - __main__ - INFO - Configuration initialized
2025-03-08 14:10:14,620 - app.utils.i18n - INFO - Loading translations
2025-03-08 14:10:14,621 - app.utils.i18n - INFO - Loaded 76 translations for en
2025-03-08 14:10:14,623 - app.utils.i18n - INFO - Loaded 76 translations for zh_CN
2025-03-08 14:10:14,623 - app.utils.i18n - INFO - Total loaded translations: 152
2025-03-08 14:10:14,623 - app.utils.i18n - INFO - Available locales: ['en', 'zh_CN']
2025-03-08 14:10:14,624 - app.utils.i18n - INFO - Using configured locale: zh_CN
2025-03-08 14:10:14,624 - app.utils.i18n - INFO - === Translation Status ===
2025-03-08 14:10:14,625 - app.utils.i18n - INFO - Current locale: zh_CN
2025-03-08 14:10:14,625 - app.utils.i18n - INFO - Available locales: ['en', 'zh_CN']
2025-03-08 14:10:14,625 - app.utils.i18n - INFO - Initialized: True
2025-03-08 14:10:14,625 - app.utils.i18n - INFO - Loaded strings for current locale: 76
2025-03-08 14:10:14,625 - app.utils.i18n - INFO - =====================
2025-03-08 14:10:14,625 - app.utils.i18n - INFO - Translations initialized successfully
2025-03-08 14:10:14,626 - __main__ - INFO - Installed Qt translation for zh_CN
2025-03-08 14:10:14,627 - __main__ - INFO - Translations initialized. Current locale: zh_CN
2025-03-08 14:10:14,627 - __main__ - INFO - Theme applied successfully
2025-03-08 14:10:14,629 - __main__ - INFO - Creating main window...
2025-03-08 14:10:14,630 - app.gui.main_window - INFO - Initializing MainWindow
2025-03-08 14:10:14,631 - app.gui.image_list_widget - INFO - Initializing ImageBrowser
2025-03-08 14:10:14,632 - app.gui.image_list_widget - INFO - Preview label initialized
2025-03-08 14:10:14,632 - app.gui.image_list_widget - INFO - btn_import created
2025-03-08 14:10:14,632 - app.gui.image_list_widget - INFO - btn_remove created
2025-03-08 14:10:14,634 - app.gui.image_list_widget - INFO - btn_clear created
2025-03-08 14:10:14,634 - app.gui.image_list_widget - INFO - Buttons created
2025-03-08 14:10:14,634 - app.gui.image_list_widget - INFO - Setting up ImageBrowser UI
2025-03-08 14:10:14,634 - app.gui.image_list_widget - INFO - QHBoxLayout created
2025-03-08 14:10:14,635 - app.gui.image_list_widget - INFO - Button group created
2025-03-08 14:10:14,635 - app.gui.image_list_widget - INFO - List group created
2025-03-08 14:10:14,636 - app.gui.image_list_widget - INFO - QVBoxLayout created
2025-03-08 14:10:14,636 - app.gui.image_list_widget - INFO - Groups added to left panel
2025-03-08 14:10:14,636 - app.gui.image_list_widget - INFO - Left panel added to layout
2025-03-08 14:10:14,637 - app.gui.image_list_widget - INFO - Preview group added to layout
2025-03-08 14:10:14,637 - app.gui.image_list_widget - INFO - Layout set
2025-03-08 14:10:14,638 - app.gui.image_list_widget - INFO - Button states updated
2025-03-08 14:10:14,638 - app.gui.image_list_widget - INFO - UI setup complete
2025-03-08 14:10:14,638 - app.gui.image_list_widget - INFO - Signals connected
2025-03-08 14:10:14,638 - app.gui.image_list_widget - INFO - ImageBrowser initialization complete
2025-03-08 14:10:14,651 - app.gui.result_visualizer - INFO - Initializing ResultVisualizer
2025-03-08 14:10:14,654 - app.gui.result_visualizer - INFO - ResultVisualizer initialization complete
2025-03-08 14:10:14,690 - app.gui.main_window - INFO - MainWindow initialization complete
2025-03-08 14:10:14,691 - app.gui.settings_dialog - INFO - Initializing SettingsDialog
2025-03-08 14:10:14,697 - app.gui.settings_dialog - INFO - SettingsDialog initialization complete
2025-03-08 14:10:14,897 - __main__ - INFO - Main window initialized and shown
2025-03-08 14:10:47,274 - app.gui.settings_dialog - INFO - Initializing SettingsDialog
2025-03-08 14:10:47,281 - app.gui.settings_dialog - INFO - SettingsDialog initialization complete
2025-03-08 14:10:49,503 - app.utils.config - INFO - Configuration saved successfully
2025-03-08 14:10:49,504 - app.utils.config - INFO - Configuration updated: default_path = C:\Users\ETPau/Desktop/MicroAI_Detect
2025-03-08 14:10:49,506 - app.utils.config - INFO - Configuration saved successfully
2025-03-08 14:10:49,506 - app.utils.config - INFO - Configuration updated: export_formats = ['json', 'csv', 'xlsx']
2025-03-08 14:10:49,507 - app.utils.config - INFO - Configuration saved successfully
2025-03-08 14:10:49,508 - app.utils.config - INFO - Configuration updated: analysis_iterations = 100
2025-03-08 14:10:49,509 - app.utils.config - INFO - Configuration saved successfully
2025-03-08 14:10:49,509 - app.utils.config - INFO - Configuration updated: window.maximized = False
2025-03-08 14:10:49,511 - app.utils.config - INFO - Configuration saved successfully
2025-03-08 14:10:49,511 - app.utils.config - INFO - Configuration updated: language = zh_CN
2025-03-08 14:10:49,513 - app.utils.config - INFO - Configuration saved successfully
2025-03-08 14:10:49,529 - app.utils.config - INFO - Configuration saved successfully
2025-03-08 14:10:53,008 - app.gui.settings_dialog - INFO - Initializing SettingsDialog
2025-03-08 14:10:53,027 - app.gui.settings_dialog - INFO - SettingsDialog initialization complete
2025-03-08 14:10:55,004 - app.utils.config - INFO - Configuration saved successfully
2025-03-08 14:10:55,004 - app.utils.config - INFO - Configuration updated: default_path = C:\Users\ETPau/Desktop/MicroAI_Detect
2025-03-08 14:10:55,007 - app.utils.config - INFO - Configuration saved successfully
2025-03-08 14:10:55,007 - app.utils.config - INFO - Configuration updated: export_formats = ['json', 'csv', 'xlsx']
2025-03-08 14:10:55,008 - app.utils.config - INFO - Configuration saved successfully
2025-03-08 14:10:55,008 - app.utils.config - INFO - Configuration updated: analysis_iterations = 100
2025-03-08 14:10:55,010 - app.utils.config - INFO - Configuration saved successfully
2025-03-08 14:10:55,010 - app.utils.config - INFO - Configuration updated: window.maximized = False
2025-03-08 14:10:55,012 - app.utils.config - INFO - Configuration saved successfully
2025-03-08 14:10:55,013 - app.utils.config - INFO - Configuration updated: language = en
2025-03-08 14:10:55,013 - app.utils.config - INFO - Configuration saved successfully
2025-03-08 14:10:55,032 - app.utils.config - INFO - Configuration saved successfully
2025-03-08 14:10:56,456 - app.gui.settings_dialog - INFO - Initializing SettingsDialog
2025-03-08 14:10:56,462 - app.gui.settings_dialog - INFO - SettingsDialog initialization complete
2025-03-08 14:10:58,377 - app.utils.config - INFO - Configuration saved successfully
2025-03-08 14:10:58,379 - app.utils.config - INFO - Configuration updated: default_path = C:\Users\ETPau/Desktop/MicroAI_Detect
2025-03-08 14:10:58,383 - app.utils.config - INFO - Configuration saved successfully
2025-03-08 14:10:58,383 - app.utils.config - INFO - Configuration updated: export_formats = ['json', 'csv', 'xlsx']
2025-03-08 14:10:58,388 - app.utils.config - INFO - Configuration saved successfully
2025-03-08 14:10:58,389 - app.utils.config - INFO - Configuration updated: analysis_iterations = 100
2025-03-08 14:10:58,393 - app.utils.config - INFO - Configuration saved successfully
2025-03-08 14:10:58,394 - app.utils.config - INFO - Configuration updated: window.maximized = False
2025-03-08 14:10:58,397 - app.utils.config - INFO - Configuration saved successfully
2025-03-08 14:10:58,398 - app.utils.config - INFO - Configuration updated: language = zh_CN
2025-03-08 14:10:58,402 - app.utils.config - INFO - Configuration saved successfully
2025-03-08 14:10:58,429 - app.utils.config - INFO - Configuration saved successfully
2025-03-08 14:12:44,448 - __main__ - INFO - Logging initialized
2025-03-08 14:12:44,482 - __main__ - INFO - Application started: MicroAI-Colony 1.0.0
2025-03-08 14:12:44,483 - __main__ - INFO - Platform: win32, Python: 3.11.0 (main, Oct 24 2022, 18:26:48) [MSC v.1933 64 bit (AMD64)]
2025-03-08 14:12:44,483 - __main__ - INFO - Using font: Microsoft YaHei UI
2025-03-08 14:12:44,484 - app.utils.path_manager - INFO - Application directories created successfully
2025-03-08 14:12:44,484 - __main__ - INFO - Application directories created
2025-03-08 14:12:44,485 - app.utils.config - INFO - Configuration loaded successfully
2025-03-08 14:12:44,486 - app.utils.config - INFO - Configuration loaded successfully
2025-03-08 14:12:44,486 - __main__ - INFO - Configuration initialized
2025-03-08 14:12:44,486 - app.utils.i18n - INFO - Loading translations
2025-03-08 14:12:44,487 - app.utils.i18n - INFO - Loaded 76 translations for en
2025-03-08 14:12:44,487 - app.utils.i18n - INFO - Loaded 76 translations for zh_CN
2025-03-08 14:12:44,488 - app.utils.i18n - INFO - Total loaded translations: 152
2025-03-08 14:12:44,488 - app.utils.i18n - INFO - Available locales: ['en', 'zh_CN']
2025-03-08 14:12:44,488 - app.utils.i18n - INFO - Using configured locale: zh_CN
2025-03-08 14:12:44,489 - app.utils.i18n - INFO - === Translation Status ===
2025-03-08 14:12:44,489 - app.utils.i18n - INFO - Current locale: zh_CN
2025-03-08 14:12:44,489 - app.utils.i18n - INFO - Available locales: ['en', 'zh_CN']
2025-03-08 14:12:44,489 - app.utils.i18n - INFO - Initialized: True
2025-03-08 14:12:44,489 - app.utils.i18n - INFO - Loaded strings for current locale: 76
2025-03-08 14:12:44,489 - app.utils.i18n - INFO - =====================
2025-03-08 14:12:44,489 - app.utils.i18n - INFO - Translations initialized successfully
2025-03-08 14:12:44,490 - __main__ - INFO - Installed Qt translation for zh_CN
2025-03-08 14:12:44,490 - __main__ - INFO - Translations initialized. Current locale: zh_CN
2025-03-08 14:12:44,492 - __main__ - INFO - Theme applied successfully
2025-03-08 14:12:44,492 - __main__ - INFO - Creating main window...
2025-03-08 14:12:44,492 - app.gui.main_window - INFO - Initializing MainWindow
2025-03-08 14:12:44,493 - app.gui.image_list_widget - INFO - Initializing ImageBrowser
2025-03-08 14:12:44,495 - app.gui.image_list_widget - INFO - Preview label initialized
2025-03-08 14:12:44,495 - app.gui.image_list_widget - INFO - btn_import created
2025-03-08 14:12:44,495 - app.gui.image_list_widget - INFO - btn_remove created
2025-03-08 14:12:44,496 - app.gui.image_list_widget - INFO - btn_clear created
2025-03-08 14:12:44,496 - app.gui.image_list_widget - INFO - Buttons created
2025-03-08 14:12:44,496 - app.gui.image_list_widget - INFO - Setting up ImageBrowser UI
2025-03-08 14:12:44,496 - app.gui.image_list_widget - INFO - QHBoxLayout created
2025-03-08 14:12:44,496 - app.gui.image_list_widget - INFO - Button group created
2025-03-08 14:12:44,498 - app.gui.image_list_widget - INFO - List group created
2025-03-08 14:12:44,498 - app.gui.image_list_widget - INFO - QVBoxLayout created
2025-03-08 14:12:44,498 - app.gui.image_list_widget - INFO - Groups added to left panel
2025-03-08 14:12:44,498 - app.gui.image_list_widget - INFO - Left panel added to layout
2025-03-08 14:12:44,499 - app.gui.image_list_widget - INFO - Preview group added to layout
2025-03-08 14:12:44,499 - app.gui.image_list_widget - INFO - Layout set
2025-03-08 14:12:44,499 - app.gui.image_list_widget - INFO - Button states updated
2025-03-08 14:12:44,499 - app.gui.image_list_widget - INFO - UI setup complete
2025-03-08 14:12:44,500 - app.gui.image_list_widget - INFO - Signals connected
2025-03-08 14:12:44,500 - app.gui.image_list_widget - INFO - ImageBrowser initialization complete
2025-03-08 14:12:44,508 - app.gui.result_visualizer - INFO - Initializing ResultVisualizer
2025-03-08 14:12:44,510 - app.gui.result_visualizer - INFO - ResultVisualizer initialization complete
2025-03-08 14:12:44,538 - app.gui.main_window - INFO - MainWindow initialization complete
2025-03-08 14:12:44,538 - app.gui.settings_dialog - INFO - Initializing SettingsDialog
2025-03-08 14:12:44,542 - app.gui.settings_dialog - INFO - SettingsDialog initialization complete
2025-03-08 14:12:44,726 - __main__ - INFO - Main window initialized and shown
2025-03-08 14:14:54,781 - app.gui.settings_dialog - INFO - Initializing SettingsDialog
2025-03-08 14:14:54,786 - app.gui.settings_dialog - INFO - SettingsDialog initialization complete
2025-03-08 14:14:57,153 - app.utils.config - INFO - Configuration saved successfully
2025-03-08 14:14:57,154 - app.utils.config - INFO - Configuration updated: default_path = C:\Users\ETPau/Desktop/MicroAI_Detect
2025-03-08 14:14:57,155 - app.utils.config - INFO - Configuration saved successfully
2025-03-08 14:14:57,155 - app.utils.config - INFO - Configuration updated: export_formats = ['json', 'csv', 'xlsx']
2025-03-08 14:14:57,157 - app.utils.config - INFO - Configuration saved successfully
2025-03-08 14:14:57,157 - app.utils.config - INFO - Configuration updated: analysis_iterations = 100
2025-03-08 14:14:57,158 - app.utils.config - INFO - Configuration saved successfully
2025-03-08 14:14:57,158 - app.utils.config - INFO - Configuration updated: window.maximized = False
2025-03-08 14:14:57,159 - app.utils.config - INFO - Configuration saved successfully
2025-03-08 14:14:57,160 - app.utils.config - INFO - Configuration updated: language = zh_CN
2025-03-08 14:14:57,160 - app.utils.config - INFO - Configuration saved successfully
2025-03-08 14:14:57,175 - app.utils.config - INFO - Configuration saved successfully
2025-03-08 14:15:01,028 - app.gui.settings_dialog - INFO - Initializing SettingsDialog
2025-03-08 14:15:01,034 - app.gui.settings_dialog - INFO - SettingsDialog initialization complete
2025-03-08 14:15:02,896 - app.utils.config - INFO - Configuration saved successfully
2025-03-08 14:15:02,897 - app.utils.config - INFO - Configuration updated: default_path = C:\Users\ETPau/Desktop/MicroAI_Detect
2025-03-08 14:15:02,900 - app.utils.config - INFO - Configuration saved successfully
2025-03-08 14:15:02,901 - app.utils.config - INFO - Configuration updated: export_formats = ['json', 'csv', 'xlsx']
2025-03-08 14:15:02,904 - app.utils.config - INFO - Configuration saved successfully
2025-03-08 14:15:02,905 - app.utils.config - INFO - Configuration updated: analysis_iterations = 100
2025-03-08 14:15:02,908 - app.utils.config - INFO - Configuration saved successfully
2025-03-08 14:15:02,908 - app.utils.config - INFO - Configuration updated: window.maximized = False
2025-03-08 14:15:02,911 - app.utils.config - INFO - Configuration saved successfully
2025-03-08 14:15:02,911 - app.utils.config - INFO - Configuration updated: language = zh_CN
2025-03-08 14:15:02,915 - app.utils.config - INFO - Configuration saved successfully
2025-03-08 14:15:02,937 - app.utils.config - INFO - Configuration saved successfully
2025-03-08 14:16:49,128 - __main__ - INFO - Logging initialized
2025-03-08 14:16:49,178 - __main__ - INFO - Application started: MicroAI-Colony 1.0.0
2025-03-08 14:16:49,178 - __main__ - INFO - Platform: win32, Python: 3.11.0 (main, Oct 24 2022, 18:26:48) [MSC v.1933 64 bit (AMD64)]
2025-03-08 14:16:49,178 - __main__ - INFO - Using font: Microsoft YaHei UI
2025-03-08 14:16:49,179 - app.utils.path_manager - INFO - Application directories created successfully
2025-03-08 14:16:49,179 - __main__ - INFO - Application directories created
2025-03-08 14:16:49,180 - app.utils.config - INFO - Configuration loaded successfully
2025-03-08 14:16:49,180 - app.utils.config - INFO - Configuration loaded successfully
2025-03-08 14:16:49,181 - __main__ - INFO - Configuration initialized
2025-03-08 14:16:49,181 - app.utils.i18n - INFO - Loading translations
2025-03-08 14:16:49,181 - app.utils.i18n - INFO - Loaded 76 translations for en
2025-03-08 14:16:49,182 - app.utils.i18n - INFO - Loaded 76 translations for zh_CN
2025-03-08 14:16:49,182 - app.utils.i18n - INFO - Total loaded translations: 152
2025-03-08 14:16:49,182 - app.utils.i18n - INFO - Available locales: ['en', 'zh_CN']
2025-03-08 14:16:49,182 - app.utils.i18n - INFO - Using configured locale: zh_CN
2025-03-08 14:16:49,182 - app.utils.i18n - INFO - === Translation Status ===
2025-03-08 14:16:49,182 - app.utils.i18n - INFO - Current locale: zh_CN
2025-03-08 14:16:49,182 - app.utils.i18n - INFO - Available locales: ['en', 'zh_CN']
2025-03-08 14:16:49,182 - app.utils.i18n - INFO - Initialized: True
2025-03-08 14:16:49,184 - app.utils.i18n - INFO - Loaded strings for current locale: 76
2025-03-08 14:16:49,184 - app.utils.i18n - INFO - =====================
2025-03-08 14:16:49,185 - app.utils.i18n - INFO - Translations initialized successfully
2025-03-08 14:16:49,185 - __main__ - INFO - Installed Qt translation for zh_CN
2025-03-08 14:16:49,185 - __main__ - INFO - Translations initialized. Current locale: zh_CN
2025-03-08 14:16:49,186 - __main__ - INFO - Theme applied successfully
2025-03-08 14:16:49,186 - __main__ - INFO - Creating main window...
2025-03-08 14:16:49,187 - app.gui.main_window - INFO - Initializing MainWindow
2025-03-08 14:16:49,188 - app.gui.image_list_widget - INFO - Initializing ImageBrowser
2025-03-08 14:16:49,189 - app.gui.image_list_widget - INFO - Preview label initialized
2025-03-08 14:16:49,189 - app.gui.image_list_widget - INFO - btn_import created
2025-03-08 14:16:49,189 - app.gui.image_list_widget - INFO - btn_remove created
2025-03-08 14:16:49,190 - app.gui.image_list_widget - INFO - btn_clear created
2025-03-08 14:16:49,190 - app.gui.image_list_widget - INFO - Buttons created
2025-03-08 14:16:49,190 - app.gui.image_list_widget - INFO - Setting up ImageBrowser UI
2025-03-08 14:16:49,190 - app.gui.image_list_widget - INFO - QHBoxLayout created
2025-03-08 14:16:49,190 - app.gui.image_list_widget - INFO - Button group created
2025-03-08 14:16:49,192 - app.gui.image_list_widget - INFO - List group created
2025-03-08 14:16:49,192 - app.gui.image_list_widget - INFO - QVBoxLayout created
2025-03-08 14:16:49,192 - app.gui.image_list_widget - INFO - Groups added to left panel
2025-03-08 14:16:49,192 - app.gui.image_list_widget - INFO - Left panel added to layout
2025-03-08 14:16:49,193 - app.gui.image_list_widget - INFO - Preview group added to layout
2025-03-08 14:16:49,193 - app.gui.image_list_widget - INFO - Layout set
2025-03-08 14:16:49,193 - app.gui.image_list_widget - INFO - Button states updated
2025-03-08 14:16:49,195 - app.gui.image_list_widget - INFO - UI setup complete
2025-03-08 14:16:49,195 - app.gui.image_list_widget - INFO - Signals connected
2025-03-08 14:16:49,195 - app.gui.image_list_widget - INFO - ImageBrowser initialization complete
2025-03-08 14:16:49,204 - app.gui.result_visualizer - INFO - Initializing ResultVisualizer
2025-03-08 14:16:49,206 - app.gui.result_visualizer - INFO - ResultVisualizer initialization complete
2025-03-08 14:16:49,238 - app.gui.main_window - INFO - MainWindow initialization complete
2025-03-08 14:16:49,238 - app.gui.settings_dialog - INFO - Initializing SettingsDialog
2025-03-08 14:16:49,244 - app.gui.settings_dialog - INFO - SettingsDialog initialization complete
2025-03-08 14:16:49,413 - __main__ - INFO - Main window initialized and shown
2025-03-08 14:17:23,089 - app.gui.settings_dialog - INFO - Initializing SettingsDialog
2025-03-08 14:17:23,095 - app.gui.settings_dialog - INFO - SettingsDialog initialization complete
2025-03-08 14:17:26,335 - app.utils.config - INFO - Configuration saved successfully
2025-03-08 14:17:26,336 - app.utils.config - INFO - Configuration updated: default_path = C:\Users\ETPau/Desktop/MicroAI_Detect
2025-03-08 14:17:26,337 - app.utils.config - INFO - Configuration saved successfully
2025-03-08 14:17:26,337 - app.utils.config - INFO - Configuration updated: export_formats = ['json', 'csv', 'xlsx']
2025-03-08 14:17:26,338 - app.utils.config - INFO - Configuration saved successfully
2025-03-08 14:17:26,338 - app.utils.config - INFO - Configuration updated: analysis_iterations = 100
2025-03-08 14:17:26,341 - app.utils.config - INFO - Configuration saved successfully
2025-03-08 14:17:26,341 - app.utils.config - INFO - Configuration updated: window.maximized = False
2025-03-08 14:17:26,343 - app.utils.config - INFO - Configuration saved successfully
2025-03-08 14:17:26,343 - app.utils.config - INFO - Configuration updated: language = zh_CN
2025-03-08 14:17:26,344 - app.utils.config - INFO - Configuration saved successfully
2025-03-08 14:17:26,359 - app.utils.config - INFO - Configuration saved successfully
2025-03-08 14:21:39,268 - __main__ - INFO - Logging initialized
2025-03-08 14:21:39,302 - __main__ - INFO - Application started: MicroAI-Colony 1.0.0
2025-03-08 14:21:39,303 - __main__ - INFO - Platform: win32, Python: 3.11.0 (main, Oct 24 2022, 18:26:48) [MSC v.1933 64 bit (AMD64)]
2025-03-08 14:21:39,303 - __main__ - INFO - Using font: Microsoft YaHei UI
2025-03-08 14:21:39,304 - app.utils.path_manager - INFO - Application directories created successfully
2025-03-08 14:21:39,304 - __main__ - INFO - Application directories created
2025-03-08 14:21:39,305 - app.utils.config - INFO - Configuration loaded successfully
2025-03-08 14:21:39,306 - app.utils.config - INFO - Configuration loaded successfully
2025-03-08 14:21:39,306 - __main__ - INFO - Configuration initialized
2025-03-08 14:21:39,306 - app.utils.i18n - INFO - Loading translations
2025-03-08 14:21:39,307 - app.utils.i18n - INFO - Loaded 76 translations for en
2025-03-08 14:21:39,307 - app.utils.i18n - INFO - Loaded 76 translations for zh_CN
2025-03-08 14:21:39,307 - app.utils.i18n - INFO - Total loaded translations: 152
2025-03-08 14:21:39,308 - app.utils.i18n - INFO - Available locales: ['en', 'zh_CN']
2025-03-08 14:21:39,308 - app.utils.i18n - INFO - Using configured locale: zh_CN
2025-03-08 14:21:39,308 - app.utils.i18n - INFO - === Translation Status ===
2025-03-08 14:21:39,308 - app.utils.i18n - INFO - Current locale: zh_CN
2025-03-08 14:21:39,308 - app.utils.i18n - INFO - Available locales: ['en', 'zh_CN']
2025-03-08 14:21:39,308 - app.utils.i18n - INFO - Initialized: True
2025-03-08 14:21:39,309 - app.utils.i18n - INFO - Loaded strings for current locale: 76
2025-03-08 14:21:39,309 - app.utils.i18n - INFO - =====================
2025-03-08 14:21:39,309 - app.utils.i18n - INFO - Translations initialized successfully
2025-03-08 14:21:39,309 - __main__ - INFO - Installed Qt translation for zh_CN
2025-03-08 14:21:39,310 - __main__ - INFO - Translations initialized. Current locale: zh_CN
2025-03-08 14:21:39,310 - __main__ - INFO - Theme applied successfully
2025-03-08 14:21:39,310 - __main__ - INFO - Creating main window...
2025-03-08 14:21:39,312 - app.gui.main_window - INFO - Initializing MainWindow
2025-03-08 14:21:39,313 - app.gui.image_list_widget - INFO - Initializing ImageBrowser
2025-03-08 14:21:39,314 - app.gui.image_list_widget - INFO - Preview label initialized
2025-03-08 14:21:39,314 - app.gui.image_list_widget - INFO - btn_import created
2025-03-08 14:21:39,315 - app.gui.image_list_widget - INFO - btn_remove created
2025-03-08 14:21:39,315 - app.gui.image_list_widget - INFO - btn_clear created
2025-03-08 14:21:39,315 - app.gui.image_list_widget - INFO - Buttons created
2025-03-08 14:21:39,315 - app.gui.image_list_widget - INFO - Setting up ImageBrowser UI
2025-03-08 14:21:39,315 - app.gui.image_list_widget - INFO - QHBoxLayout created
2025-03-08 14:21:39,316 - app.gui.image_list_widget - INFO - Button group created
2025-03-08 14:21:39,316 - app.gui.image_list_widget - INFO - List group created
2025-03-08 14:21:39,317 - app.gui.image_list_widget - INFO - QVBoxLayout created
2025-03-08 14:21:39,317 - app.gui.image_list_widget - INFO - Groups added to left panel
2025-03-08 14:21:39,317 - app.gui.image_list_widget - INFO - Left panel added to layout
2025-03-08 14:21:39,317 - app.gui.image_list_widget - INFO - Preview group added to layout
2025-03-08 14:21:39,318 - app.gui.image_list_widget - INFO - Layout set
2025-03-08 14:21:39,318 - app.gui.image_list_widget - INFO - Button states updated
2025-03-08 14:21:39,318 - app.gui.image_list_widget - INFO - UI setup complete
2025-03-08 14:21:39,319 - app.gui.image_list_widget - INFO - Signals connected
2025-03-08 14:21:39,319 - app.gui.image_list_widget - INFO - ImageBrowser initialization complete
2025-03-08 14:21:39,328 - app.gui.result_visualizer - INFO - Initializing ResultVisualizer
2025-03-08 14:21:39,330 - app.gui.result_visualizer - INFO - ResultVisualizer initialization complete
2025-03-08 14:21:39,359 - __main__ - ERROR - Failed to initialize main window: 'ImageBrowser' object has no attribute 'retranslate_ui'
Traceback (most recent call last):
  File "C:\Users\ETPau\Documents\GitHub\CNN-\app\main.py", line 142, in main
    window = MainWindow()
             ^^^^^^^^^^^^
  File "C:\Users\ETPau\Documents\GitHub\CNN-\app\gui\main_window.py", line 88, in __init__
    self._load_translation(self.current_locale)
  File "C:\Users\ETPau\Documents\GitHub\CNN-\app\gui\main_window.py", line 107, in _load_translation
    self.retranslateUi()
  File "C:\Users\ETPau\Documents\GitHub\CNN-\app\gui\main_window.py", line 121, in retranslateUi
    self.image_browser.retranslate_ui()
    ^^^^^^^^^^^^^^^^^^^^^^^^^^^^^^^^^
AttributeError: 'ImageBrowser' object has no attribute 'retranslate_ui'
2025-03-08 14:22:01,442 - __main__ - INFO - Logging initialized
2025-03-08 14:22:01,477 - __main__ - INFO - Application started: MicroAI-Colony 1.0.0
2025-03-08 14:22:01,478 - __main__ - INFO - Platform: win32, Python: 3.11.0 (main, Oct 24 2022, 18:26:48) [MSC v.1933 64 bit (AMD64)]
2025-03-08 14:22:01,478 - __main__ - INFO - Using font: Microsoft YaHei UI
2025-03-08 14:22:01,479 - app.utils.path_manager - INFO - Application directories created successfully
2025-03-08 14:22:01,479 - __main__ - INFO - Application directories created
2025-03-08 14:22:01,479 - app.utils.config - INFO - Configuration loaded successfully
2025-03-08 14:22:01,480 - app.utils.config - INFO - Configuration loaded successfully
2025-03-08 14:22:01,480 - __main__ - INFO - Configuration initialized
2025-03-08 14:22:01,480 - app.utils.i18n - INFO - Loading translations
2025-03-08 14:22:01,481 - app.utils.i18n - INFO - Loaded 76 translations for en
2025-03-08 14:22:01,482 - app.utils.i18n - INFO - Loaded 76 translations for zh_CN
2025-03-08 14:22:01,482 - app.utils.i18n - INFO - Total loaded translations: 152
2025-03-08 14:22:01,482 - app.utils.i18n - INFO - Available locales: ['en', 'zh_CN']
2025-03-08 14:22:01,482 - app.utils.i18n - INFO - Using configured locale: zh_CN
2025-03-08 14:22:01,483 - app.utils.i18n - INFO - === Translation Status ===
2025-03-08 14:22:01,483 - app.utils.i18n - INFO - Current locale: zh_CN
2025-03-08 14:22:01,483 - app.utils.i18n - INFO - Available locales: ['en', 'zh_CN']
2025-03-08 14:22:01,483 - app.utils.i18n - INFO - Initialized: True
2025-03-08 14:22:01,483 - app.utils.i18n - INFO - Loaded strings for current locale: 76
2025-03-08 14:22:01,483 - app.utils.i18n - INFO - =====================
2025-03-08 14:22:01,484 - app.utils.i18n - INFO - Translations initialized successfully
2025-03-08 14:22:01,484 - __main__ - INFO - Installed Qt translation for zh_CN
2025-03-08 14:22:01,485 - __main__ - INFO - Translations initialized. Current locale: zh_CN
2025-03-08 14:22:01,485 - __main__ - INFO - Theme applied successfully
2025-03-08 14:22:01,485 - __main__ - INFO - Creating main window...
2025-03-08 14:22:01,486 - app.gui.main_window - INFO - Initializing MainWindow
2025-03-08 14:22:01,487 - app.gui.image_list_widget - INFO - Initializing ImageBrowser
2025-03-08 14:22:01,488 - app.gui.image_list_widget - INFO - Preview label initialized
2025-03-08 14:22:01,488 - app.gui.image_list_widget - INFO - btn_import created
2025-03-08 14:22:01,490 - app.gui.image_list_widget - INFO - btn_remove created
2025-03-08 14:22:01,490 - app.gui.image_list_widget - INFO - btn_clear created
2025-03-08 14:22:01,490 - app.gui.image_list_widget - INFO - Buttons created
2025-03-08 14:22:01,490 - app.gui.image_list_widget - INFO - Setting up ImageBrowser UI
2025-03-08 14:22:01,490 - app.gui.image_list_widget - INFO - QHBoxLayout created
2025-03-08 14:22:01,490 - app.gui.image_list_widget - INFO - Button group created
2025-03-08 14:22:01,491 - app.gui.image_list_widget - INFO - List group created
2025-03-08 14:22:01,491 - app.gui.image_list_widget - INFO - QVBoxLayout created
2025-03-08 14:22:01,491 - app.gui.image_list_widget - INFO - Groups added to left panel
2025-03-08 14:22:01,492 - app.gui.image_list_widget - INFO - Left panel added to layout
2025-03-08 14:22:01,492 - app.gui.image_list_widget - INFO - Preview group added to layout
2025-03-08 14:22:01,493 - app.gui.image_list_widget - INFO - Layout set
2025-03-08 14:22:01,493 - app.gui.image_list_widget - INFO - Button states updated
2025-03-08 14:22:01,493 - app.gui.image_list_widget - INFO - UI setup complete
2025-03-08 14:22:01,493 - app.gui.image_list_widget - INFO - Signals connected
2025-03-08 14:22:01,493 - app.gui.image_list_widget - INFO - ImageBrowser initialization complete
2025-03-08 14:22:01,503 - app.gui.result_visualizer - INFO - Initializing ResultVisualizer
2025-03-08 14:22:01,504 - app.gui.result_visualizer - INFO - ResultVisualizer initialization complete
2025-03-08 14:22:01,533 - __main__ - ERROR - Failed to initialize main window: 'ImageBrowser' object has no attribute 'retranslate_ui'
Traceback (most recent call last):
  File "C:\Users\ETPau\Documents\GitHub\CNN-\app\main.py", line 142, in main
    window = MainWindow()
             ^^^^^^^^^^^^
  File "C:\Users\ETPau\Documents\GitHub\CNN-\app\gui\main_window.py", line 88, in __init__
    self._load_translation(self.current_locale)
  File "C:\Users\ETPau\Documents\GitHub\CNN-\app\gui\main_window.py", line 107, in _load_translation
    self.retranslateUi()
  File "C:\Users\ETPau\Documents\GitHub\CNN-\app\gui\main_window.py", line 121, in retranslateUi
    self.image_browser.retranslate_ui()
    ^^^^^^^^^^^^^^^^^^^^^^^^^^^^^^^^^
AttributeError: 'ImageBrowser' object has no attribute 'retranslate_ui'
2025-03-08 14:26:05,724 - __main__ - INFO - Logging initialized
2025-03-08 14:26:05,779 - __main__ - INFO - Application started: MicroAI-Colony 1.0.0
2025-03-08 14:26:05,779 - __main__ - INFO - Platform: win32, Python: 3.11.0 (main, Oct 24 2022, 18:26:48) [MSC v.1933 64 bit (AMD64)]
2025-03-08 14:26:05,779 - __main__ - INFO - Using font: Microsoft YaHei UI
2025-03-08 14:26:05,782 - app.utils.path_manager - INFO - Application directories created successfully
2025-03-08 14:26:05,782 - __main__ - INFO - Application directories created
2025-03-08 14:26:05,783 - app.utils.config - INFO - Configuration loaded successfully
2025-03-08 14:26:05,784 - app.utils.config - INFO - Configuration loaded successfully
2025-03-08 14:26:05,784 - __main__ - INFO - Configuration initialized
2025-03-08 14:26:05,784 - app.utils.i18n - INFO - Loading translations
2025-03-08 14:26:05,786 - app.utils.i18n - INFO - Loaded 76 translations for en
2025-03-08 14:26:05,786 - app.utils.i18n - INFO - Loaded 76 translations for zh_CN
2025-03-08 14:26:05,787 - app.utils.i18n - INFO - Total loaded translations: 152
2025-03-08 14:26:05,787 - app.utils.i18n - INFO - Available locales: ['en', 'zh_CN']
2025-03-08 14:26:05,787 - app.utils.i18n - INFO - Using configured locale: zh_CN
2025-03-08 14:26:05,788 - app.utils.i18n - INFO - === Translation Status ===
2025-03-08 14:26:05,788 - app.utils.i18n - INFO - Current locale: zh_CN
2025-03-08 14:26:05,788 - app.utils.i18n - INFO - Available locales: ['en', 'zh_CN']
2025-03-08 14:26:05,788 - app.utils.i18n - INFO - Initialized: True
2025-03-08 14:26:05,789 - app.utils.i18n - INFO - Loaded strings for current locale: 76
2025-03-08 14:26:05,789 - app.utils.i18n - INFO - =====================
2025-03-08 14:26:05,789 - app.utils.i18n - INFO - Translations initialized successfully
2025-03-08 14:26:05,790 - __main__ - INFO - Installed Qt translation for zh_CN
2025-03-08 14:26:05,791 - __main__ - INFO - Translations initialized. Current locale: zh_CN
2025-03-08 14:26:05,793 - __main__ - INFO - Theme applied successfully
2025-03-08 14:26:05,793 - __main__ - INFO - Creating main window...
2025-03-08 14:26:05,794 - app.gui.main_window - INFO - Initializing MainWindow
2025-03-08 14:26:05,796 - app.gui.image_list_widget - INFO - Initializing ImageBrowser
2025-03-08 14:26:05,798 - app.gui.image_list_widget - INFO - Preview label initialized
2025-03-08 14:26:05,799 - app.utils.i18n - WARNING - Missing translation for key 'image_browser.import_images_tooltip' in locale '<module 'locale' from 'C:\\Users\\ETPau\\AppData\\Local\\Programs\\Python\\Python311\\Lib\\locale.py'>'
2025-03-08 14:26:05,799 - app.utils.i18n - WARNING - Using default value for key 'image_browser.import_images_tooltip': Import images for analysis
2025-03-08 14:26:05,800 - app.gui.image_list_widget - INFO - btn_import created
2025-03-08 14:26:05,800 - app.utils.i18n - WARNING - Missing translation for key 'image_browser.remove_selected_tooltip' in locale '<module 'locale' from 'C:\\Users\\ETPau\\AppData\\Local\\Programs\\Python\\Python311\\Lib\\locale.py'>'
2025-03-08 14:26:05,801 - app.utils.i18n - WARNING - Using default value for key 'image_browser.remove_selected_tooltip': Remove selected images
2025-03-08 14:26:05,801 - app.gui.image_list_widget - INFO - btn_remove created
2025-03-08 14:26:05,801 - app.utils.i18n - WARNING - Missing translation for key 'image_browser.clear_all_tooltip' in locale '<module 'locale' from 'C:\\Users\\ETPau\\AppData\\Local\\Programs\\Python\\Python311\\Lib\\locale.py'>'
2025-03-08 14:26:05,803 - app.utils.i18n - WARNING - Using default value for key 'image_browser.clear_all_tooltip': Clear all images
2025-03-08 14:26:05,803 - app.gui.image_list_widget - INFO - btn_clear created
2025-03-08 14:26:05,803 - app.gui.image_list_widget - INFO - Buttons created
2025-03-08 14:26:05,803 - app.gui.image_list_widget - INFO - Setting up ImageBrowser UI
2025-03-08 14:26:05,804 - app.gui.image_list_widget - INFO - QHBoxLayout created
2025-03-08 14:26:05,804 - app.utils.i18n - WARNING - Missing translation for key 'image_browser.actions' in locale '<module 'locale' from 'C:\\Users\\ETPau\\AppData\\Local\\Programs\\Python\\Python311\\Lib\\locale.py'>'
2025-03-08 14:26:05,804 - app.utils.i18n - WARNING - Using default value for key 'image_browser.actions': Actions
2025-03-08 14:26:05,805 - app.gui.image_list_widget - INFO - Button group created
2025-03-08 14:26:05,805 - app.utils.i18n - WARNING - Missing translation for key 'image_browser.image_list' in locale '<module 'locale' from 'C:\\Users\\ETPau\\AppData\\Local\\Programs\\Python\\Python311\\Lib\\locale.py'>'
2025-03-08 14:26:05,806 - app.utils.i18n - WARNING - Using default value for key 'image_browser.image_list': Image List
2025-03-08 14:26:05,807 - app.gui.image_list_widget - INFO - List group created
2025-03-08 14:26:05,807 - app.gui.image_list_widget - INFO - QVBoxLayout created
2025-03-08 14:26:05,808 - app.gui.image_list_widget - INFO - Groups added to left panel
2025-03-08 14:26:05,808 - app.utils.i18n - WARNING - Missing translation for key 'image_browser.preview' in locale '<module 'locale' from 'C:\\Users\\ETPau\\AppData\\Local\\Programs\\Python\\Python311\\Lib\\locale.py'>'
2025-03-08 14:26:05,808 - app.utils.i18n - WARNING - Using default value for key 'image_browser.preview': Preview
2025-03-08 14:26:05,810 - app.gui.image_list_widget - INFO - Left panel added to layout
2025-03-08 14:26:05,810 - app.gui.image_list_widget - INFO - Preview group added to layout
2025-03-08 14:26:05,811 - app.gui.image_list_widget - INFO - Layout set
2025-03-08 14:26:05,811 - app.gui.image_list_widget - INFO - Button states updated
2025-03-08 14:26:05,812 - app.utils.i18n - WARNING - Missing translation for key 'image_browser.no_image_selected' in locale '<module 'locale' from 'C:\\Users\\ETPau\\AppData\\Local\\Programs\\Python\\Python311\\Lib\\locale.py'>'
2025-03-08 14:26:05,812 - app.utils.i18n - WARNING - Using default value for key 'image_browser.no_image_selected': No image selected
2025-03-08 14:26:05,812 - app.gui.image_list_widget - INFO - UI setup complete
2025-03-08 14:26:05,813 - app.gui.image_list_widget - INFO - Signals connected
2025-03-08 14:26:05,813 - app.gui.image_list_widget - INFO - ImageBrowser initialization complete
2025-03-08 14:26:05,814 - app.utils.i18n - WARNING - Missing translation for key 'main_window.single_image_tooltip' in locale '<module 'locale' from 'C:\\Users\\ETPau\\AppData\\Local\\Programs\\Python\\Python311\\Lib\\locale.py'>'
2025-03-08 14:26:05,814 - app.utils.i18n - WARNING - Using default value for key 'main_window.single_image_tooltip': Analyze one image at a time
2025-03-08 14:26:05,815 - app.utils.i18n - WARNING - Missing translation for key 'main_window.batch_analysis_tooltip' in locale '<module 'locale' from 'C:\\Users\\ETPau\\AppData\\Local\\Programs\\Python\\Python311\\Lib\\locale.py'>'
2025-03-08 14:26:05,815 - app.utils.i18n - WARNING - Using default value for key 'main_window.batch_analysis_tooltip': Analyze multiple images at once
2025-03-08 14:26:05,826 - app.utils.i18n - WARNING - Missing translation for key 'main_window.iterations_tooltip' in locale '<module 'locale' from 'C:\\Users\\ETPau\\AppData\\Local\\Programs\\Python\\Python311\\Lib\\locale.py'>'
2025-03-08 14:26:05,827 - app.utils.i18n - WARNING - Using default value for key 'main_window.iterations_tooltip': Number of analysis iterations
2025-03-08 14:26:05,827 - app.utils.i18n - WARNING - Missing translation for key 'main_window.start_analysis_tooltip' in locale '<module 'locale' from 'C:\\Users\\ETPau\\AppData\\Local\\Programs\\Python\\Python311\\Lib\\locale.py'>'
2025-03-08 14:26:05,829 - app.utils.i18n - WARNING - Using default value for key 'main_window.start_analysis_tooltip': Start colony detection analysis
2025-03-08 14:26:05,829 - app.utils.i18n - WARNING - Missing translation for key 'main_window.stop_tooltip' in locale '<module 'locale' from 'C:\\Users\\ETPau\\AppData\\Local\\Programs\\Python\\Python311\\Lib\\locale.py'>'
2025-03-08 14:26:05,830 - app.utils.i18n - WARNING - Using default value for key 'main_window.stop_tooltip': Stop current analysis
2025-03-08 14:26:05,832 - app.utils.i18n - WARNING - Missing translation for key 'main_window.language' in locale '<module 'locale' from 'C:\\Users\\ETPau\\AppData\\Local\\Programs\\Python\\Python311\\Lib\\locale.py'>'
2025-03-08 14:26:05,832 - app.utils.i18n - WARNING - Using default value for key 'main_window.language': Language
2025-03-08 14:26:05,833 - app.gui.result_visualizer - INFO - Initializing ResultVisualizer
2025-03-08 14:26:05,836 - app.gui.result_visualizer - INFO - ResultVisualizer initialization complete
2025-03-08 14:26:05,900 - app.utils.i18n - WARNING - Missing translation for key 'main_window.new_project_tooltip' in locale '<module 'locale' from 'C:\\Users\\ETPau\\AppData\\Local\\Programs\\Python\\Python311\\Lib\\locale.py'>'
2025-03-08 14:26:05,900 - app.utils.i18n - WARNING - Using default value for key 'main_window.new_project_tooltip': Create a new project
2025-03-08 14:26:05,901 - app.utils.i18n - WARNING - Missing translation for key 'main_window.open_project_tooltip' in locale '<module 'locale' from 'C:\\Users\\ETPau\\AppData\\Local\\Programs\\Python\\Python311\\Lib\\locale.py'>'
2025-03-08 14:26:05,901 - app.utils.i18n - WARNING - Using default value for key 'main_window.open_project_tooltip': Open an existing project
2025-03-08 14:26:05,903 - app.utils.i18n - WARNING - Missing translation for key 'main_window.import_images_tooltip' in locale '<module 'locale' from 'C:\\Users\\ETPau\\AppData\\Local\\Programs\\Python\\Python311\\Lib\\locale.py'>'
2025-03-08 14:26:05,903 - app.utils.i18n - WARNING - Using default value for key 'main_window.import_images_tooltip': Import images to current project
2025-03-08 14:26:05,905 - app.utils.i18n - WARNING - Missing translation for key 'main_window.ready' in locale '<module 'locale' from 'C:\\Users\\ETPau\\AppData\\Local\\Programs\\Python\\Python311\\Lib\\locale.py'>'
2025-03-08 14:26:05,906 - app.utils.i18n - WARNING - Using default value for key 'main_window.ready': Ready
2025-03-08 14:26:05,906 - app.utils.i18n - WARNING - Missing translation for key 'image_browser.actions' in locale '<module 'locale' from 'C:\\Users\\ETPau\\AppData\\Local\\Programs\\Python\\Python311\\Lib\\locale.py'>'
2025-03-08 14:26:05,906 - app.utils.i18n - WARNING - Using default value for key 'image_browser.actions': Actions
2025-03-08 14:26:05,907 - app.utils.i18n - WARNING - Missing translation for key 'image_browser.image_list' in locale '<module 'locale' from 'C:\\Users\\ETPau\\AppData\\Local\\Programs\\Python\\Python311\\Lib\\locale.py'>'
2025-03-08 14:26:05,908 - app.utils.i18n - WARNING - Using default value for key 'image_browser.image_list': Image List
2025-03-08 14:26:05,909 - app.utils.i18n - WARNING - Missing translation for key 'image_browser.preview' in locale '<module 'locale' from 'C:\\Users\\ETPau\\AppData\\Local\\Programs\\Python\\Python311\\Lib\\locale.py'>'
2025-03-08 14:26:05,910 - app.utils.i18n - WARNING - Using default value for key 'image_browser.preview': Preview
2025-03-08 14:26:05,910 - app.utils.i18n - WARNING - Missing translation for key 'image_browser.import_images_tooltip' in locale '<module 'locale' from 'C:\\Users\\ETPau\\AppData\\Local\\Programs\\Python\\Python311\\Lib\\locale.py'>'
2025-03-08 14:26:05,911 - app.utils.i18n - WARNING - Using default value for key 'image_browser.import_images_tooltip': Import images for analysis
2025-03-08 14:26:05,911 - app.utils.i18n - WARNING - Missing translation for key 'image_browser.remove_selected_tooltip' in locale '<module 'locale' from 'C:\\Users\\ETPau\\AppData\\Local\\Programs\\Python\\Python311\\Lib\\locale.py'>'
2025-03-08 14:26:05,912 - app.utils.i18n - WARNING - Using default value for key 'image_browser.remove_selected_tooltip': Remove selected images
2025-03-08 14:26:05,912 - app.utils.i18n - WARNING - Missing translation for key 'image_browser.clear_all_tooltip' in locale '<module 'locale' from 'C:\\Users\\ETPau\\AppData\\Local\\Programs\\Python\\Python311\\Lib\\locale.py'>'
2025-03-08 14:26:05,912 - app.utils.i18n - WARNING - Using default value for key 'image_browser.clear_all_tooltip': Clear all images
2025-03-08 14:26:05,913 - app.utils.i18n - WARNING - Missing translation for key 'image_browser.no_image_selected' in locale '<module 'locale' from 'C:\\Users\\ETPau\\AppData\\Local\\Programs\\Python\\Python311\\Lib\\locale.py'>'
2025-03-08 14:26:05,913 - app.utils.i18n - WARNING - Using default value for key 'image_browser.no_image_selected': No image selected
2025-03-08 14:26:05,916 - app.utils.i18n - WARNING - Missing translation for key 'main_window.new_project_tooltip' in locale '<module 'locale' from 'C:\\Users\\ETPau\\AppData\\Local\\Programs\\Python\\Python311\\Lib\\locale.py'>'
2025-03-08 14:26:05,917 - app.utils.i18n - WARNING - Using default value for key 'main_window.new_project_tooltip': Create a new project
2025-03-08 14:26:05,918 - app.utils.i18n - WARNING - Missing translation for key 'main_window.open_project_tooltip' in locale '<module 'locale' from 'C:\\Users\\ETPau\\AppData\\Local\\Programs\\Python\\Python311\\Lib\\locale.py'>'
2025-03-08 14:26:05,918 - app.utils.i18n - WARNING - Using default value for key 'main_window.open_project_tooltip': Open an existing project
2025-03-08 14:26:05,919 - app.utils.i18n - WARNING - Missing translation for key 'main_window.import_images_tooltip' in locale '<module 'locale' from 'C:\\Users\\ETPau\\AppData\\Local\\Programs\\Python\\Python311\\Lib\\locale.py'>'
2025-03-08 14:26:05,919 - app.utils.i18n - WARNING - Using default value for key 'main_window.import_images_tooltip': Import images to current project
2025-03-08 14:26:05,920 - app.utils.i18n - WARNING - Missing translation for key 'main_window.ready' in locale '<module 'locale' from 'C:\\Users\\ETPau\\AppData\\Local\\Programs\\Python\\Python311\\Lib\\locale.py'>'
2025-03-08 14:26:05,921 - app.utils.i18n - WARNING - Using default value for key 'main_window.ready': Ready
2025-03-08 14:26:05,921 - app.utils.i18n - WARNING - Missing translation for key 'main_window.single_image_tooltip' in locale '<module 'locale' from 'C:\\Users\\ETPau\\AppData\\Local\\Programs\\Python\\Python311\\Lib\\locale.py'>'
2025-03-08 14:26:05,921 - app.utils.i18n - WARNING - Using default value for key 'main_window.single_image_tooltip': Analyze one image at a time
2025-03-08 14:26:05,923 - app.utils.i18n - WARNING - Missing translation for key 'main_window.batch_analysis_tooltip' in locale '<module 'locale' from 'C:\\Users\\ETPau\\AppData\\Local\\Programs\\Python\\Python311\\Lib\\locale.py'>'
2025-03-08 14:26:05,923 - app.utils.i18n - WARNING - Using default value for key 'main_window.batch_analysis_tooltip': Analyze multiple images at once
2025-03-08 14:26:05,924 - app.utils.i18n - WARNING - Missing translation for key 'main_window.start_analysis_tooltip' in locale '<module 'locale' from 'C:\\Users\\ETPau\\AppData\\Local\\Programs\\Python\\Python311\\Lib\\locale.py'>'
2025-03-08 14:26:05,924 - app.utils.i18n - WARNING - Using default value for key 'main_window.start_analysis_tooltip': Start colony detection analysis
2025-03-08 14:26:05,924 - app.utils.i18n - WARNING - Missing translation for key 'main_window.stop_tooltip' in locale '<module 'locale' from 'C:\\Users\\ETPau\\AppData\\Local\\Programs\\Python\\Python311\\Lib\\locale.py'>'
2025-03-08 14:26:05,924 - app.utils.i18n - WARNING - Using default value for key 'main_window.stop_tooltip': Stop current analysis
2025-03-08 14:26:05,925 - app.utils.i18n - WARNING - Missing translation for key 'main_window.language' in locale '<module 'locale' from 'C:\\Users\\ETPau\\AppData\\Local\\Programs\\Python\\Python311\\Lib\\locale.py'>'
2025-03-08 14:26:05,925 - app.utils.i18n - WARNING - Using default value for key 'main_window.language': Language
2025-03-08 14:26:05,926 - app.gui.main_window - INFO - MainWindow initialization complete
2025-03-08 14:26:05,927 - app.gui.settings_dialog - INFO - Initializing SettingsDialog
2025-03-08 14:26:05,938 - app.gui.settings_dialog - INFO - SettingsDialog initialization complete
2025-03-08 14:26:06,252 - __main__ - INFO - Main window initialized and shown
2025-03-08 14:26:39,392 - app.gui.settings_dialog - INFO - Initializing SettingsDialog
2025-03-08 14:26:39,398 - app.gui.settings_dialog - INFO - SettingsDialog initialization complete
2025-03-08 14:26:41,801 - app.utils.config - INFO - Configuration saved successfully
2025-03-08 14:26:41,802 - app.utils.config - INFO - Configuration updated: default_path = C:\Users\ETPau/Desktop/MicroAI_Detect
2025-03-08 14:26:41,803 - app.utils.config - INFO - Configuration saved successfully
2025-03-08 14:26:41,803 - app.utils.config - INFO - Configuration updated: export_formats = ['json', 'csv', 'xlsx']
2025-03-08 14:26:41,805 - app.utils.config - INFO - Configuration saved successfully
2025-03-08 14:26:41,805 - app.utils.config - INFO - Configuration updated: analysis_iterations = 100
2025-03-08 14:26:41,806 - app.utils.config - INFO - Configuration saved successfully
2025-03-08 14:26:41,806 - app.utils.config - INFO - Configuration updated: window.maximized = False
2025-03-08 14:26:41,807 - app.utils.config - INFO - Configuration saved successfully
2025-03-08 14:26:41,807 - app.utils.config - INFO - Configuration updated: language = en
2025-03-08 14:26:41,809 - app.utils.config - INFO - Configuration saved successfully
2025-03-08 14:26:41,825 - app.utils.config - INFO - Configuration saved successfully
2025-03-08 14:26:43,427 - app.gui.settings_dialog - INFO - Initializing SettingsDialog
2025-03-08 14:26:43,433 - app.gui.settings_dialog - INFO - SettingsDialog initialization complete
2025-03-08 14:26:45,633 - app.utils.config - INFO - Configuration saved successfully
2025-03-08 14:26:45,634 - app.utils.config - INFO - Configuration updated: default_path = C:\Users\ETPau/Desktop/MicroAI_Detect
2025-03-08 14:26:45,635 - app.utils.config - INFO - Configuration saved successfully
2025-03-08 14:26:45,635 - app.utils.config - INFO - Configuration updated: export_formats = ['json', 'csv', 'xlsx']
2025-03-08 14:26:45,637 - app.utils.config - INFO - Configuration saved successfully
2025-03-08 14:26:45,637 - app.utils.config - INFO - Configuration updated: analysis_iterations = 100
2025-03-08 14:26:45,638 - app.utils.config - INFO - Configuration saved successfully
2025-03-08 14:26:45,639 - app.utils.config - INFO - Configuration updated: window.maximized = False
2025-03-08 14:26:45,640 - app.utils.config - INFO - Configuration saved successfully
2025-03-08 14:26:45,640 - app.utils.config - INFO - Configuration updated: language = zh_CN
2025-03-08 14:26:45,642 - app.utils.config - INFO - Configuration saved successfully
2025-03-08 14:26:45,654 - app.utils.config - INFO - Configuration saved successfully
2025-03-08 14:26:47,653 - app.utils.i18n - INFO - Set locale to en
2025-03-08 14:26:47,653 - app.utils.i18n - WARNING - Missing translation for key 'image_browser.actions' in locale '<module 'locale' from 'C:\\Users\\ETPau\\AppData\\Local\\Programs\\Python\\Python311\\Lib\\locale.py'>'
2025-03-08 14:26:47,653 - app.utils.i18n - WARNING - Using default value for key 'image_browser.actions': Actions
2025-03-08 14:26:47,653 - app.utils.i18n - WARNING - Missing translation for key 'image_browser.image_list' in locale '<module 'locale' from 'C:\\Users\\ETPau\\AppData\\Local\\Programs\\Python\\Python311\\Lib\\locale.py'>'
2025-03-08 14:26:47,653 - app.utils.i18n - WARNING - Using default value for key 'image_browser.image_list': Image List
2025-03-08 14:26:47,655 - app.utils.i18n - WARNING - Missing translation for key 'image_browser.preview' in locale '<module 'locale' from 'C:\\Users\\ETPau\\AppData\\Local\\Programs\\Python\\Python311\\Lib\\locale.py'>'
2025-03-08 14:26:47,655 - app.utils.i18n - WARNING - Using default value for key 'image_browser.preview': Preview
2025-03-08 14:26:47,655 - app.utils.i18n - WARNING - Missing translation for key 'image_browser.import_images_tooltip' in locale '<module 'locale' from 'C:\\Users\\ETPau\\AppData\\Local\\Programs\\Python\\Python311\\Lib\\locale.py'>'
2025-03-08 14:26:47,655 - app.utils.i18n - WARNING - Using default value for key 'image_browser.import_images_tooltip': Import images for analysis
2025-03-08 14:26:47,656 - app.utils.i18n - WARNING - Missing translation for key 'image_browser.remove_selected_tooltip' in locale '<module 'locale' from 'C:\\Users\\ETPau\\AppData\\Local\\Programs\\Python\\Python311\\Lib\\locale.py'>'
2025-03-08 14:26:47,656 - app.utils.i18n - WARNING - Using default value for key 'image_browser.remove_selected_tooltip': Remove selected images
2025-03-08 14:26:47,656 - app.utils.i18n - WARNING - Missing translation for key 'image_browser.clear_all_tooltip' in locale '<module 'locale' from 'C:\\Users\\ETPau\\AppData\\Local\\Programs\\Python\\Python311\\Lib\\locale.py'>'
2025-03-08 14:26:47,656 - app.utils.i18n - WARNING - Using default value for key 'image_browser.clear_all_tooltip': Clear all images
2025-03-08 14:26:47,657 - app.utils.i18n - WARNING - Missing translation for key 'image_browser.no_image_selected' in locale '<module 'locale' from 'C:\\Users\\ETPau\\AppData\\Local\\Programs\\Python\\Python311\\Lib\\locale.py'>'
2025-03-08 14:26:47,657 - app.utils.i18n - WARNING - Using default value for key 'image_browser.no_image_selected': No image selected
2025-03-08 14:26:47,657 - app.utils.i18n - WARNING - Missing translation for key 'main_window.new_project_tooltip' in locale '<module 'locale' from 'C:\\Users\\ETPau\\AppData\\Local\\Programs\\Python\\Python311\\Lib\\locale.py'>'
2025-03-08 14:26:47,657 - app.utils.i18n - WARNING - Using default value for key 'main_window.new_project_tooltip': Create a new project
2025-03-08 14:26:47,659 - app.utils.i18n - WARNING - Missing translation for key 'main_window.open_project_tooltip' in locale '<module 'locale' from 'C:\\Users\\ETPau\\AppData\\Local\\Programs\\Python\\Python311\\Lib\\locale.py'>'
2025-03-08 14:26:47,659 - app.utils.i18n - WARNING - Using default value for key 'main_window.open_project_tooltip': Open an existing project
2025-03-08 14:26:47,659 - app.utils.i18n - WARNING - Missing translation for key 'main_window.import_images_tooltip' in locale '<module 'locale' from 'C:\\Users\\ETPau\\AppData\\Local\\Programs\\Python\\Python311\\Lib\\locale.py'>'
2025-03-08 14:26:47,659 - app.utils.i18n - WARNING - Using default value for key 'main_window.import_images_tooltip': Import images to current project
2025-03-08 14:26:47,660 - app.utils.i18n - WARNING - Missing translation for key 'main_window.ready' in locale '<module 'locale' from 'C:\\Users\\ETPau\\AppData\\Local\\Programs\\Python\\Python311\\Lib\\locale.py'>'
2025-03-08 14:26:47,660 - app.utils.i18n - WARNING - Using default value for key 'main_window.ready': Ready
2025-03-08 14:26:47,660 - app.utils.i18n - WARNING - Missing translation for key 'main_window.single_image_tooltip' in locale '<module 'locale' from 'C:\\Users\\ETPau\\AppData\\Local\\Programs\\Python\\Python311\\Lib\\locale.py'>'
2025-03-08 14:26:47,660 - app.utils.i18n - WARNING - Using default value for key 'main_window.single_image_tooltip': Analyze one image at a time
2025-03-08 14:26:47,660 - app.utils.i18n - WARNING - Missing translation for key 'main_window.batch_analysis_tooltip' in locale '<module 'locale' from 'C:\\Users\\ETPau\\AppData\\Local\\Programs\\Python\\Python311\\Lib\\locale.py'>'
2025-03-08 14:26:47,660 - app.utils.i18n - WARNING - Using default value for key 'main_window.batch_analysis_tooltip': Analyze multiple images at once
2025-03-08 14:26:47,661 - app.utils.i18n - WARNING - Missing translation for key 'main_window.start_analysis_tooltip' in locale '<module 'locale' from 'C:\\Users\\ETPau\\AppData\\Local\\Programs\\Python\\Python311\\Lib\\locale.py'>'
2025-03-08 14:26:47,662 - app.utils.i18n - WARNING - Using default value for key 'main_window.start_analysis_tooltip': Start colony detection analysis
2025-03-08 14:26:47,662 - app.utils.i18n - WARNING - Missing translation for key 'main_window.stop_tooltip' in locale '<module 'locale' from 'C:\\Users\\ETPau\\AppData\\Local\\Programs\\Python\\Python311\\Lib\\locale.py'>'
2025-03-08 14:26:47,662 - app.utils.i18n - WARNING - Using default value for key 'main_window.stop_tooltip': Stop current analysis
2025-03-08 14:26:47,662 - app.utils.i18n - WARNING - Missing translation for key 'main_window.language' in locale '<module 'locale' from 'C:\\Users\\ETPau\\AppData\\Local\\Programs\\Python\\Python311\\Lib\\locale.py'>'
2025-03-08 14:26:47,662 - app.utils.i18n - WARNING - Using default value for key 'main_window.language': Language
2025-03-08 14:26:48,383 - app.utils.i18n - INFO - Set locale to zh_CN
2025-03-08 14:26:48,383 - app.utils.i18n - WARNING - Missing translation for key 'image_browser.actions' in locale '<module 'locale' from 'C:\\Users\\ETPau\\AppData\\Local\\Programs\\Python\\Python311\\Lib\\locale.py'>'
2025-03-08 14:26:48,384 - app.utils.i18n - WARNING - Using default value for key 'image_browser.actions': Actions
2025-03-08 14:26:48,384 - app.utils.i18n - WARNING - Missing translation for key 'image_browser.image_list' in locale '<module 'locale' from 'C:\\Users\\ETPau\\AppData\\Local\\Programs\\Python\\Python311\\Lib\\locale.py'>'
2025-03-08 14:26:48,384 - app.utils.i18n - WARNING - Using default value for key 'image_browser.image_list': Image List
2025-03-08 14:26:48,385 - app.utils.i18n - WARNING - Missing translation for key 'image_browser.preview' in locale '<module 'locale' from 'C:\\Users\\ETPau\\AppData\\Local\\Programs\\Python\\Python311\\Lib\\locale.py'>'
2025-03-08 14:26:48,385 - app.utils.i18n - WARNING - Using default value for key 'image_browser.preview': Preview
2025-03-08 14:26:48,385 - app.utils.i18n - WARNING - Missing translation for key 'image_browser.import_images_tooltip' in locale '<module 'locale' from 'C:\\Users\\ETPau\\AppData\\Local\\Programs\\Python\\Python311\\Lib\\locale.py'>'
2025-03-08 14:26:48,386 - app.utils.i18n - WARNING - Using default value for key 'image_browser.import_images_tooltip': Import images for analysis
2025-03-08 14:26:48,386 - app.utils.i18n - WARNING - Missing translation for key 'image_browser.remove_selected_tooltip' in locale '<module 'locale' from 'C:\\Users\\ETPau\\AppData\\Local\\Programs\\Python\\Python311\\Lib\\locale.py'>'
2025-03-08 14:26:48,386 - app.utils.i18n - WARNING - Using default value for key 'image_browser.remove_selected_tooltip': Remove selected images
2025-03-08 14:26:48,387 - app.utils.i18n - WARNING - Missing translation for key 'image_browser.clear_all_tooltip' in locale '<module 'locale' from 'C:\\Users\\ETPau\\AppData\\Local\\Programs\\Python\\Python311\\Lib\\locale.py'>'
2025-03-08 14:26:48,387 - app.utils.i18n - WARNING - Using default value for key 'image_browser.clear_all_tooltip': Clear all images
2025-03-08 14:26:48,387 - app.utils.i18n - WARNING - Missing translation for key 'image_browser.no_image_selected' in locale '<module 'locale' from 'C:\\Users\\ETPau\\AppData\\Local\\Programs\\Python\\Python311\\Lib\\locale.py'>'
2025-03-08 14:26:48,388 - app.utils.i18n - WARNING - Using default value for key 'image_browser.no_image_selected': No image selected
2025-03-08 14:26:48,389 - app.utils.i18n - WARNING - Missing translation for key 'main_window.new_project_tooltip' in locale '<module 'locale' from 'C:\\Users\\ETPau\\AppData\\Local\\Programs\\Python\\Python311\\Lib\\locale.py'>'
2025-03-08 14:26:48,389 - app.utils.i18n - WARNING - Using default value for key 'main_window.new_project_tooltip': Create a new project
2025-03-08 14:26:48,390 - app.utils.i18n - WARNING - Missing translation for key 'main_window.open_project_tooltip' in locale '<module 'locale' from 'C:\\Users\\ETPau\\AppData\\Local\\Programs\\Python\\Python311\\Lib\\locale.py'>'
2025-03-08 14:26:48,390 - app.utils.i18n - WARNING - Using default value for key 'main_window.open_project_tooltip': Open an existing project
2025-03-08 14:26:48,391 - app.utils.i18n - WARNING - Missing translation for key 'main_window.import_images_tooltip' in locale '<module 'locale' from 'C:\\Users\\ETPau\\AppData\\Local\\Programs\\Python\\Python311\\Lib\\locale.py'>'
2025-03-08 14:26:48,391 - app.utils.i18n - WARNING - Using default value for key 'main_window.import_images_tooltip': Import images to current project
2025-03-08 14:26:48,391 - app.utils.i18n - WARNING - Missing translation for key 'main_window.ready' in locale '<module 'locale' from 'C:\\Users\\ETPau\\AppData\\Local\\Programs\\Python\\Python311\\Lib\\locale.py'>'
2025-03-08 14:26:48,391 - app.utils.i18n - WARNING - Using default value for key 'main_window.ready': Ready
2025-03-08 14:26:48,392 - app.utils.i18n - WARNING - Missing translation for key 'main_window.single_image_tooltip' in locale '<module 'locale' from 'C:\\Users\\ETPau\\AppData\\Local\\Programs\\Python\\Python311\\Lib\\locale.py'>'
2025-03-08 14:26:48,392 - app.utils.i18n - WARNING - Using default value for key 'main_window.single_image_tooltip': Analyze one image at a time
2025-03-08 14:26:48,392 - app.utils.i18n - WARNING - Missing translation for key 'main_window.batch_analysis_tooltip' in locale '<module 'locale' from 'C:\\Users\\ETPau\\AppData\\Local\\Programs\\Python\\Python311\\Lib\\locale.py'>'
2025-03-08 14:26:48,393 - app.utils.i18n - WARNING - Using default value for key 'main_window.batch_analysis_tooltip': Analyze multiple images at once
2025-03-08 14:26:48,393 - app.utils.i18n - WARNING - Missing translation for key 'main_window.start_analysis_tooltip' in locale '<module 'locale' from 'C:\\Users\\ETPau\\AppData\\Local\\Programs\\Python\\Python311\\Lib\\locale.py'>'
2025-03-08 14:26:48,393 - app.utils.i18n - WARNING - Using default value for key 'main_window.start_analysis_tooltip': Start colony detection analysis
2025-03-08 14:26:48,394 - app.utils.i18n - WARNING - Missing translation for key 'main_window.stop_tooltip' in locale '<module 'locale' from 'C:\\Users\\ETPau\\AppData\\Local\\Programs\\Python\\Python311\\Lib\\locale.py'>'
2025-03-08 14:26:48,394 - app.utils.i18n - WARNING - Using default value for key 'main_window.stop_tooltip': Stop current analysis
2025-03-08 14:26:48,394 - app.utils.i18n - WARNING - Missing translation for key 'main_window.language' in locale '<module 'locale' from 'C:\\Users\\ETPau\\AppData\\Local\\Programs\\Python\\Python311\\Lib\\locale.py'>'
2025-03-08 14:26:48,395 - app.utils.i18n - WARNING - Using default value for key 'main_window.language': Language
2025-03-08 14:26:48,886 - app.utils.i18n - INFO - Set locale to en
2025-03-08 14:26:48,886 - app.utils.i18n - WARNING - Missing translation for key 'image_browser.actions' in locale '<module 'locale' from 'C:\\Users\\ETPau\\AppData\\Local\\Programs\\Python\\Python311\\Lib\\locale.py'>'
2025-03-08 14:26:48,886 - app.utils.i18n - WARNING - Using default value for key 'image_browser.actions': Actions
2025-03-08 14:26:48,887 - app.utils.i18n - WARNING - Missing translation for key 'image_browser.image_list' in locale '<module 'locale' from 'C:\\Users\\ETPau\\AppData\\Local\\Programs\\Python\\Python311\\Lib\\locale.py'>'
2025-03-08 14:26:48,887 - app.utils.i18n - WARNING - Using default value for key 'image_browser.image_list': Image List
2025-03-08 14:26:48,887 - app.utils.i18n - WARNING - Missing translation for key 'image_browser.preview' in locale '<module 'locale' from 'C:\\Users\\ETPau\\AppData\\Local\\Programs\\Python\\Python311\\Lib\\locale.py'>'
2025-03-08 14:26:48,887 - app.utils.i18n - WARNING - Using default value for key 'image_browser.preview': Preview
2025-03-08 14:26:48,888 - app.utils.i18n - WARNING - Missing translation for key 'image_browser.import_images_tooltip' in locale '<module 'locale' from 'C:\\Users\\ETPau\\AppData\\Local\\Programs\\Python\\Python311\\Lib\\locale.py'>'
2025-03-08 14:26:48,888 - app.utils.i18n - WARNING - Using default value for key 'image_browser.import_images_tooltip': Import images for analysis
2025-03-08 14:26:48,888 - app.utils.i18n - WARNING - Missing translation for key 'image_browser.remove_selected_tooltip' in locale '<module 'locale' from 'C:\\Users\\ETPau\\AppData\\Local\\Programs\\Python\\Python311\\Lib\\locale.py'>'
2025-03-08 14:26:48,888 - app.utils.i18n - WARNING - Using default value for key 'image_browser.remove_selected_tooltip': Remove selected images
2025-03-08 14:26:48,888 - app.utils.i18n - WARNING - Missing translation for key 'image_browser.clear_all_tooltip' in locale '<module 'locale' from 'C:\\Users\\ETPau\\AppData\\Local\\Programs\\Python\\Python311\\Lib\\locale.py'>'
2025-03-08 14:26:48,890 - app.utils.i18n - WARNING - Using default value for key 'image_browser.clear_all_tooltip': Clear all images
2025-03-08 14:26:48,890 - app.utils.i18n - WARNING - Missing translation for key 'image_browser.no_image_selected' in locale '<module 'locale' from 'C:\\Users\\ETPau\\AppData\\Local\\Programs\\Python\\Python311\\Lib\\locale.py'>'
2025-03-08 14:26:48,890 - app.utils.i18n - WARNING - Using default value for key 'image_browser.no_image_selected': No image selected
2025-03-08 14:26:48,891 - app.utils.i18n - WARNING - Missing translation for key 'main_window.new_project_tooltip' in locale '<module 'locale' from 'C:\\Users\\ETPau\\AppData\\Local\\Programs\\Python\\Python311\\Lib\\locale.py'>'
2025-03-08 14:26:48,891 - app.utils.i18n - WARNING - Using default value for key 'main_window.new_project_tooltip': Create a new project
2025-03-08 14:26:48,892 - app.utils.i18n - WARNING - Missing translation for key 'main_window.open_project_tooltip' in locale '<module 'locale' from 'C:\\Users\\ETPau\\AppData\\Local\\Programs\\Python\\Python311\\Lib\\locale.py'>'
2025-03-08 14:26:48,892 - app.utils.i18n - WARNING - Using default value for key 'main_window.open_project_tooltip': Open an existing project
2025-03-08 14:26:48,892 - app.utils.i18n - WARNING - Missing translation for key 'main_window.import_images_tooltip' in locale '<module 'locale' from 'C:\\Users\\ETPau\\AppData\\Local\\Programs\\Python\\Python311\\Lib\\locale.py'>'
2025-03-08 14:26:48,893 - app.utils.i18n - WARNING - Using default value for key 'main_window.import_images_tooltip': Import images to current project
2025-03-08 14:26:48,893 - app.utils.i18n - WARNING - Missing translation for key 'main_window.ready' in locale '<module 'locale' from 'C:\\Users\\ETPau\\AppData\\Local\\Programs\\Python\\Python311\\Lib\\locale.py'>'
2025-03-08 14:26:48,893 - app.utils.i18n - WARNING - Using default value for key 'main_window.ready': Ready
2025-03-08 14:26:48,893 - app.utils.i18n - WARNING - Missing translation for key 'main_window.single_image_tooltip' in locale '<module 'locale' from 'C:\\Users\\ETPau\\AppData\\Local\\Programs\\Python\\Python311\\Lib\\locale.py'>'
2025-03-08 14:26:48,893 - app.utils.i18n - WARNING - Using default value for key 'main_window.single_image_tooltip': Analyze one image at a time
2025-03-08 14:26:48,893 - app.utils.i18n - WARNING - Missing translation for key 'main_window.batch_analysis_tooltip' in locale '<module 'locale' from 'C:\\Users\\ETPau\\AppData\\Local\\Programs\\Python\\Python311\\Lib\\locale.py'>'
2025-03-08 14:26:48,895 - app.utils.i18n - WARNING - Using default value for key 'main_window.batch_analysis_tooltip': Analyze multiple images at once
2025-03-08 14:26:48,895 - app.utils.i18n - WARNING - Missing translation for key 'main_window.start_analysis_tooltip' in locale '<module 'locale' from 'C:\\Users\\ETPau\\AppData\\Local\\Programs\\Python\\Python311\\Lib\\locale.py'>'
2025-03-08 14:26:48,895 - app.utils.i18n - WARNING - Using default value for key 'main_window.start_analysis_tooltip': Start colony detection analysis
2025-03-08 14:26:48,896 - app.utils.i18n - WARNING - Missing translation for key 'main_window.stop_tooltip' in locale '<module 'locale' from 'C:\\Users\\ETPau\\AppData\\Local\\Programs\\Python\\Python311\\Lib\\locale.py'>'
2025-03-08 14:26:48,896 - app.utils.i18n - WARNING - Using default value for key 'main_window.stop_tooltip': Stop current analysis
2025-03-08 14:26:48,896 - app.utils.i18n - WARNING - Missing translation for key 'main_window.language' in locale '<module 'locale' from 'C:\\Users\\ETPau\\AppData\\Local\\Programs\\Python\\Python311\\Lib\\locale.py'>'
2025-03-08 14:26:48,897 - app.utils.i18n - WARNING - Using default value for key 'main_window.language': Language
2025-03-08 14:26:49,286 - app.utils.i18n - INFO - Set locale to zh_CN
2025-03-08 14:26:49,286 - app.utils.i18n - WARNING - Missing translation for key 'image_browser.actions' in locale '<module 'locale' from 'C:\\Users\\ETPau\\AppData\\Local\\Programs\\Python\\Python311\\Lib\\locale.py'>'
2025-03-08 14:26:49,287 - app.utils.i18n - WARNING - Using default value for key 'image_browser.actions': Actions
2025-03-08 14:26:49,288 - app.utils.i18n - WARNING - Missing translation for key 'image_browser.image_list' in locale '<module 'locale' from 'C:\\Users\\ETPau\\AppData\\Local\\Programs\\Python\\Python311\\Lib\\locale.py'>'
2025-03-08 14:26:49,288 - app.utils.i18n - WARNING - Using default value for key 'image_browser.image_list': Image List
2025-03-08 14:26:49,288 - app.utils.i18n - WARNING - Missing translation for key 'image_browser.preview' in locale '<module 'locale' from 'C:\\Users\\ETPau\\AppData\\Local\\Programs\\Python\\Python311\\Lib\\locale.py'>'
2025-03-08 14:26:49,288 - app.utils.i18n - WARNING - Using default value for key 'image_browser.preview': Preview
2025-03-08 14:26:49,289 - app.utils.i18n - WARNING - Missing translation for key 'image_browser.import_images_tooltip' in locale '<module 'locale' from 'C:\\Users\\ETPau\\AppData\\Local\\Programs\\Python\\Python311\\Lib\\locale.py'>'
2025-03-08 14:26:49,289 - app.utils.i18n - WARNING - Using default value for key 'image_browser.import_images_tooltip': Import images for analysis
2025-03-08 14:26:49,291 - app.utils.i18n - WARNING - Missing translation for key 'image_browser.remove_selected_tooltip' in locale '<module 'locale' from 'C:\\Users\\ETPau\\AppData\\Local\\Programs\\Python\\Python311\\Lib\\locale.py'>'
2025-03-08 14:26:49,292 - app.utils.i18n - WARNING - Using default value for key 'image_browser.remove_selected_tooltip': Remove selected images
2025-03-08 14:26:49,293 - app.utils.i18n - WARNING - Missing translation for key 'image_browser.clear_all_tooltip' in locale '<module 'locale' from 'C:\\Users\\ETPau\\AppData\\Local\\Programs\\Python\\Python311\\Lib\\locale.py'>'
2025-03-08 14:26:49,293 - app.utils.i18n - WARNING - Using default value for key 'image_browser.clear_all_tooltip': Clear all images
2025-03-08 14:26:49,294 - app.utils.i18n - WARNING - Missing translation for key 'image_browser.no_image_selected' in locale '<module 'locale' from 'C:\\Users\\ETPau\\AppData\\Local\\Programs\\Python\\Python311\\Lib\\locale.py'>'
2025-03-08 14:26:49,294 - app.utils.i18n - WARNING - Using default value for key 'image_browser.no_image_selected': No image selected
2025-03-08 14:26:49,296 - app.utils.i18n - WARNING - Missing translation for key 'main_window.new_project_tooltip' in locale '<module 'locale' from 'C:\\Users\\ETPau\\AppData\\Local\\Programs\\Python\\Python311\\Lib\\locale.py'>'
2025-03-08 14:26:49,296 - app.utils.i18n - WARNING - Using default value for key 'main_window.new_project_tooltip': Create a new project
2025-03-08 14:26:49,297 - app.utils.i18n - WARNING - Missing translation for key 'main_window.open_project_tooltip' in locale '<module 'locale' from 'C:\\Users\\ETPau\\AppData\\Local\\Programs\\Python\\Python311\\Lib\\locale.py'>'
2025-03-08 14:26:49,297 - app.utils.i18n - WARNING - Using default value for key 'main_window.open_project_tooltip': Open an existing project
2025-03-08 14:26:49,297 - app.utils.i18n - WARNING - Missing translation for key 'main_window.import_images_tooltip' in locale '<module 'locale' from 'C:\\Users\\ETPau\\AppData\\Local\\Programs\\Python\\Python311\\Lib\\locale.py'>'
2025-03-08 14:26:49,298 - app.utils.i18n - WARNING - Using default value for key 'main_window.import_images_tooltip': Import images to current project
2025-03-08 14:26:49,298 - app.utils.i18n - WARNING - Missing translation for key 'main_window.ready' in locale '<module 'locale' from 'C:\\Users\\ETPau\\AppData\\Local\\Programs\\Python\\Python311\\Lib\\locale.py'>'
2025-03-08 14:26:49,298 - app.utils.i18n - WARNING - Using default value for key 'main_window.ready': Ready
2025-03-08 14:26:49,299 - app.utils.i18n - WARNING - Missing translation for key 'main_window.single_image_tooltip' in locale '<module 'locale' from 'C:\\Users\\ETPau\\AppData\\Local\\Programs\\Python\\Python311\\Lib\\locale.py'>'
2025-03-08 14:26:49,299 - app.utils.i18n - WARNING - Using default value for key 'main_window.single_image_tooltip': Analyze one image at a time
2025-03-08 14:26:49,300 - app.utils.i18n - WARNING - Missing translation for key 'main_window.batch_analysis_tooltip' in locale '<module 'locale' from 'C:\\Users\\ETPau\\AppData\\Local\\Programs\\Python\\Python311\\Lib\\locale.py'>'
2025-03-08 14:26:49,300 - app.utils.i18n - WARNING - Using default value for key 'main_window.batch_analysis_tooltip': Analyze multiple images at once
2025-03-08 14:26:49,300 - app.utils.i18n - WARNING - Missing translation for key 'main_window.start_analysis_tooltip' in locale '<module 'locale' from 'C:\\Users\\ETPau\\AppData\\Local\\Programs\\Python\\Python311\\Lib\\locale.py'>'
2025-03-08 14:26:49,301 - app.utils.i18n - WARNING - Using default value for key 'main_window.start_analysis_tooltip': Start colony detection analysis
2025-03-08 14:26:49,301 - app.utils.i18n - WARNING - Missing translation for key 'main_window.stop_tooltip' in locale '<module 'locale' from 'C:\\Users\\ETPau\\AppData\\Local\\Programs\\Python\\Python311\\Lib\\locale.py'>'
2025-03-08 14:26:49,303 - app.utils.i18n - WARNING - Using default value for key 'main_window.stop_tooltip': Stop current analysis
2025-03-08 14:26:49,303 - app.utils.i18n - WARNING - Missing translation for key 'main_window.language' in locale '<module 'locale' from 'C:\\Users\\ETPau\\AppData\\Local\\Programs\\Python\\Python311\\Lib\\locale.py'>'
2025-03-08 14:26:49,305 - app.utils.i18n - WARNING - Using default value for key 'main_window.language': Language
2025-03-08 14:26:49,700 - app.utils.i18n - INFO - Set locale to en
2025-03-08 14:26:49,701 - app.utils.i18n - WARNING - Missing translation for key 'image_browser.actions' in locale '<module 'locale' from 'C:\\Users\\ETPau\\AppData\\Local\\Programs\\Python\\Python311\\Lib\\locale.py'>'
2025-03-08 14:26:49,702 - app.utils.i18n - WARNING - Using default value for key 'image_browser.actions': Actions
2025-03-08 14:26:49,702 - app.utils.i18n - WARNING - Missing translation for key 'image_browser.image_list' in locale '<module 'locale' from 'C:\\Users\\ETPau\\AppData\\Local\\Programs\\Python\\Python311\\Lib\\locale.py'>'
2025-03-08 14:26:49,702 - app.utils.i18n - WARNING - Using default value for key 'image_browser.image_list': Image List
2025-03-08 14:26:49,702 - app.utils.i18n - WARNING - Missing translation for key 'image_browser.preview' in locale '<module 'locale' from 'C:\\Users\\ETPau\\AppData\\Local\\Programs\\Python\\Python311\\Lib\\locale.py'>'
2025-03-08 14:26:49,703 - app.utils.i18n - WARNING - Using default value for key 'image_browser.preview': Preview
2025-03-08 14:26:49,703 - app.utils.i18n - WARNING - Missing translation for key 'image_browser.import_images_tooltip' in locale '<module 'locale' from 'C:\\Users\\ETPau\\AppData\\Local\\Programs\\Python\\Python311\\Lib\\locale.py'>'
2025-03-08 14:26:49,703 - app.utils.i18n - WARNING - Using default value for key 'image_browser.import_images_tooltip': Import images for analysis
2025-03-08 14:26:49,703 - app.utils.i18n - WARNING - Missing translation for key 'image_browser.remove_selected_tooltip' in locale '<module 'locale' from 'C:\\Users\\ETPau\\AppData\\Local\\Programs\\Python\\Python311\\Lib\\locale.py'>'
2025-03-08 14:26:49,703 - app.utils.i18n - WARNING - Using default value for key 'image_browser.remove_selected_tooltip': Remove selected images
2025-03-08 14:26:49,704 - app.utils.i18n - WARNING - Missing translation for key 'image_browser.clear_all_tooltip' in locale '<module 'locale' from 'C:\\Users\\ETPau\\AppData\\Local\\Programs\\Python\\Python311\\Lib\\locale.py'>'
2025-03-08 14:26:49,704 - app.utils.i18n - WARNING - Using default value for key 'image_browser.clear_all_tooltip': Clear all images
2025-03-08 14:26:49,704 - app.utils.i18n - WARNING - Missing translation for key 'image_browser.no_image_selected' in locale '<module 'locale' from 'C:\\Users\\ETPau\\AppData\\Local\\Programs\\Python\\Python311\\Lib\\locale.py'>'
2025-03-08 14:26:49,704 - app.utils.i18n - WARNING - Using default value for key 'image_browser.no_image_selected': No image selected
2025-03-08 14:26:49,705 - app.utils.i18n - WARNING - Missing translation for key 'main_window.new_project_tooltip' in locale '<module 'locale' from 'C:\\Users\\ETPau\\AppData\\Local\\Programs\\Python\\Python311\\Lib\\locale.py'>'
2025-03-08 14:26:49,705 - app.utils.i18n - WARNING - Using default value for key 'main_window.new_project_tooltip': Create a new project
2025-03-08 14:26:49,705 - app.utils.i18n - WARNING - Missing translation for key 'main_window.open_project_tooltip' in locale '<module 'locale' from 'C:\\Users\\ETPau\\AppData\\Local\\Programs\\Python\\Python311\\Lib\\locale.py'>'
2025-03-08 14:26:49,705 - app.utils.i18n - WARNING - Using default value for key 'main_window.open_project_tooltip': Open an existing project
2025-03-08 14:26:49,707 - app.utils.i18n - WARNING - Missing translation for key 'main_window.import_images_tooltip' in locale '<module 'locale' from 'C:\\Users\\ETPau\\AppData\\Local\\Programs\\Python\\Python311\\Lib\\locale.py'>'
2025-03-08 14:26:49,707 - app.utils.i18n - WARNING - Using default value for key 'main_window.import_images_tooltip': Import images to current project
2025-03-08 14:26:49,707 - app.utils.i18n - WARNING - Missing translation for key 'main_window.ready' in locale '<module 'locale' from 'C:\\Users\\ETPau\\AppData\\Local\\Programs\\Python\\Python311\\Lib\\locale.py'>'
2025-03-08 14:26:49,707 - app.utils.i18n - WARNING - Using default value for key 'main_window.ready': Ready
2025-03-08 14:26:49,707 - app.utils.i18n - WARNING - Missing translation for key 'main_window.single_image_tooltip' in locale '<module 'locale' from 'C:\\Users\\ETPau\\AppData\\Local\\Programs\\Python\\Python311\\Lib\\locale.py'>'
2025-03-08 14:26:49,707 - app.utils.i18n - WARNING - Using default value for key 'main_window.single_image_tooltip': Analyze one image at a time
2025-03-08 14:26:49,708 - app.utils.i18n - WARNING - Missing translation for key 'main_window.batch_analysis_tooltip' in locale '<module 'locale' from 'C:\\Users\\ETPau\\AppData\\Local\\Programs\\Python\\Python311\\Lib\\locale.py'>'
2025-03-08 14:26:49,708 - app.utils.i18n - WARNING - Using default value for key 'main_window.batch_analysis_tooltip': Analyze multiple images at once
2025-03-08 14:26:49,708 - app.utils.i18n - WARNING - Missing translation for key 'main_window.start_analysis_tooltip' in locale '<module 'locale' from 'C:\\Users\\ETPau\\AppData\\Local\\Programs\\Python\\Python311\\Lib\\locale.py'>'
2025-03-08 14:26:49,708 - app.utils.i18n - WARNING - Using default value for key 'main_window.start_analysis_tooltip': Start colony detection analysis
2025-03-08 14:26:49,709 - app.utils.i18n - WARNING - Missing translation for key 'main_window.stop_tooltip' in locale '<module 'locale' from 'C:\\Users\\ETPau\\AppData\\Local\\Programs\\Python\\Python311\\Lib\\locale.py'>'
2025-03-08 14:26:49,709 - app.utils.i18n - WARNING - Using default value for key 'main_window.stop_tooltip': Stop current analysis
2025-03-08 14:26:49,709 - app.utils.i18n - WARNING - Missing translation for key 'main_window.language' in locale '<module 'locale' from 'C:\\Users\\ETPau\\AppData\\Local\\Programs\\Python\\Python311\\Lib\\locale.py'>'
2025-03-08 14:26:49,709 - app.utils.i18n - WARNING - Using default value for key 'main_window.language': Language
2025-03-08 14:26:50,075 - app.utils.i18n - INFO - Set locale to zh_CN
2025-03-08 14:26:50,075 - app.utils.i18n - WARNING - Missing translation for key 'image_browser.actions' in locale '<module 'locale' from 'C:\\Users\\ETPau\\AppData\\Local\\Programs\\Python\\Python311\\Lib\\locale.py'>'
2025-03-08 14:26:50,075 - app.utils.i18n - WARNING - Using default value for key 'image_browser.actions': Actions
2025-03-08 14:26:50,076 - app.utils.i18n - WARNING - Missing translation for key 'image_browser.image_list' in locale '<module 'locale' from 'C:\\Users\\ETPau\\AppData\\Local\\Programs\\Python\\Python311\\Lib\\locale.py'>'
2025-03-08 14:26:50,076 - app.utils.i18n - WARNING - Using default value for key 'image_browser.image_list': Image List
2025-03-08 14:26:50,076 - app.utils.i18n - WARNING - Missing translation for key 'image_browser.preview' in locale '<module 'locale' from 'C:\\Users\\ETPau\\AppData\\Local\\Programs\\Python\\Python311\\Lib\\locale.py'>'
2025-03-08 14:26:50,076 - app.utils.i18n - WARNING - Using default value for key 'image_browser.preview': Preview
2025-03-08 14:26:50,077 - app.utils.i18n - WARNING - Missing translation for key 'image_browser.import_images_tooltip' in locale '<module 'locale' from 'C:\\Users\\ETPau\\AppData\\Local\\Programs\\Python\\Python311\\Lib\\locale.py'>'
2025-03-08 14:26:50,077 - app.utils.i18n - WARNING - Using default value for key 'image_browser.import_images_tooltip': Import images for analysis
2025-03-08 14:26:50,077 - app.utils.i18n - WARNING - Missing translation for key 'image_browser.remove_selected_tooltip' in locale '<module 'locale' from 'C:\\Users\\ETPau\\AppData\\Local\\Programs\\Python\\Python311\\Lib\\locale.py'>'
2025-03-08 14:26:50,077 - app.utils.i18n - WARNING - Using default value for key 'image_browser.remove_selected_tooltip': Remove selected images
2025-03-08 14:26:50,077 - app.utils.i18n - WARNING - Missing translation for key 'image_browser.clear_all_tooltip' in locale '<module 'locale' from 'C:\\Users\\ETPau\\AppData\\Local\\Programs\\Python\\Python311\\Lib\\locale.py'>'
2025-03-08 14:26:50,079 - app.utils.i18n - WARNING - Using default value for key 'image_browser.clear_all_tooltip': Clear all images
2025-03-08 14:26:50,079 - app.utils.i18n - WARNING - Missing translation for key 'image_browser.no_image_selected' in locale '<module 'locale' from 'C:\\Users\\ETPau\\AppData\\Local\\Programs\\Python\\Python311\\Lib\\locale.py'>'
2025-03-08 14:26:50,079 - app.utils.i18n - WARNING - Using default value for key 'image_browser.no_image_selected': No image selected
2025-03-08 14:26:50,080 - app.utils.i18n - WARNING - Missing translation for key 'main_window.new_project_tooltip' in locale '<module 'locale' from 'C:\\Users\\ETPau\\AppData\\Local\\Programs\\Python\\Python311\\Lib\\locale.py'>'
2025-03-08 14:26:50,080 - app.utils.i18n - WARNING - Using default value for key 'main_window.new_project_tooltip': Create a new project
2025-03-08 14:26:50,080 - app.utils.i18n - WARNING - Missing translation for key 'main_window.open_project_tooltip' in locale '<module 'locale' from 'C:\\Users\\ETPau\\AppData\\Local\\Programs\\Python\\Python311\\Lib\\locale.py'>'
2025-03-08 14:26:50,080 - app.utils.i18n - WARNING - Using default value for key 'main_window.open_project_tooltip': Open an existing project
2025-03-08 14:26:50,081 - app.utils.i18n - WARNING - Missing translation for key 'main_window.import_images_tooltip' in locale '<module 'locale' from 'C:\\Users\\ETPau\\AppData\\Local\\Programs\\Python\\Python311\\Lib\\locale.py'>'
2025-03-08 14:26:50,081 - app.utils.i18n - WARNING - Using default value for key 'main_window.import_images_tooltip': Import images to current project
2025-03-08 14:26:50,081 - app.utils.i18n - WARNING - Missing translation for key 'main_window.ready' in locale '<module 'locale' from 'C:\\Users\\ETPau\\AppData\\Local\\Programs\\Python\\Python311\\Lib\\locale.py'>'
2025-03-08 14:26:50,081 - app.utils.i18n - WARNING - Using default value for key 'main_window.ready': Ready
2025-03-08 14:26:50,082 - app.utils.i18n - WARNING - Missing translation for key 'main_window.single_image_tooltip' in locale '<module 'locale' from 'C:\\Users\\ETPau\\AppData\\Local\\Programs\\Python\\Python311\\Lib\\locale.py'>'
2025-03-08 14:26:50,082 - app.utils.i18n - WARNING - Using default value for key 'main_window.single_image_tooltip': Analyze one image at a time
2025-03-08 14:26:50,082 - app.utils.i18n - WARNING - Missing translation for key 'main_window.batch_analysis_tooltip' in locale '<module 'locale' from 'C:\\Users\\ETPau\\AppData\\Local\\Programs\\Python\\Python311\\Lib\\locale.py'>'
2025-03-08 14:26:50,082 - app.utils.i18n - WARNING - Using default value for key 'main_window.batch_analysis_tooltip': Analyze multiple images at once
2025-03-08 14:26:50,083 - app.utils.i18n - WARNING - Missing translation for key 'main_window.start_analysis_tooltip' in locale '<module 'locale' from 'C:\\Users\\ETPau\\AppData\\Local\\Programs\\Python\\Python311\\Lib\\locale.py'>'
2025-03-08 14:26:50,083 - app.utils.i18n - WARNING - Using default value for key 'main_window.start_analysis_tooltip': Start colony detection analysis
2025-03-08 14:26:50,083 - app.utils.i18n - WARNING - Missing translation for key 'main_window.stop_tooltip' in locale '<module 'locale' from 'C:\\Users\\ETPau\\AppData\\Local\\Programs\\Python\\Python311\\Lib\\locale.py'>'
2025-03-08 14:26:50,085 - app.utils.i18n - WARNING - Using default value for key 'main_window.stop_tooltip': Stop current analysis
2025-03-08 14:26:50,086 - app.utils.i18n - WARNING - Missing translation for key 'main_window.language' in locale '<module 'locale' from 'C:\\Users\\ETPau\\AppData\\Local\\Programs\\Python\\Python311\\Lib\\locale.py'>'
2025-03-08 14:26:50,088 - app.utils.i18n - WARNING - Using default value for key 'main_window.language': Language
2025-03-08 14:26:50,563 - app.utils.i18n - INFO - Set locale to en
2025-03-08 14:26:50,564 - app.utils.i18n - WARNING - Missing translation for key 'image_browser.actions' in locale '<module 'locale' from 'C:\\Users\\ETPau\\AppData\\Local\\Programs\\Python\\Python311\\Lib\\locale.py'>'
2025-03-08 14:26:50,564 - app.utils.i18n - WARNING - Using default value for key 'image_browser.actions': Actions
2025-03-08 14:26:50,564 - app.utils.i18n - WARNING - Missing translation for key 'image_browser.image_list' in locale '<module 'locale' from 'C:\\Users\\ETPau\\AppData\\Local\\Programs\\Python\\Python311\\Lib\\locale.py'>'
2025-03-08 14:26:50,565 - app.utils.i18n - WARNING - Using default value for key 'image_browser.image_list': Image List
2025-03-08 14:26:50,565 - app.utils.i18n - WARNING - Missing translation for key 'image_browser.preview' in locale '<module 'locale' from 'C:\\Users\\ETPau\\AppData\\Local\\Programs\\Python\\Python311\\Lib\\locale.py'>'
2025-03-08 14:26:50,565 - app.utils.i18n - WARNING - Using default value for key 'image_browser.preview': Preview
2025-03-08 14:26:50,565 - app.utils.i18n - WARNING - Missing translation for key 'image_browser.import_images_tooltip' in locale '<module 'locale' from 'C:\\Users\\ETPau\\AppData\\Local\\Programs\\Python\\Python311\\Lib\\locale.py'>'
2025-03-08 14:26:50,565 - app.utils.i18n - WARNING - Using default value for key 'image_browser.import_images_tooltip': Import images for analysis
2025-03-08 14:26:50,566 - app.utils.i18n - WARNING - Missing translation for key 'image_browser.remove_selected_tooltip' in locale '<module 'locale' from 'C:\\Users\\ETPau\\AppData\\Local\\Programs\\Python\\Python311\\Lib\\locale.py'>'
2025-03-08 14:26:50,566 - app.utils.i18n - WARNING - Using default value for key 'image_browser.remove_selected_tooltip': Remove selected images
2025-03-08 14:26:50,566 - app.utils.i18n - WARNING - Missing translation for key 'image_browser.clear_all_tooltip' in locale '<module 'locale' from 'C:\\Users\\ETPau\\AppData\\Local\\Programs\\Python\\Python311\\Lib\\locale.py'>'
2025-03-08 14:26:50,566 - app.utils.i18n - WARNING - Using default value for key 'image_browser.clear_all_tooltip': Clear all images
2025-03-08 14:26:50,566 - app.utils.i18n - WARNING - Missing translation for key 'image_browser.no_image_selected' in locale '<module 'locale' from 'C:\\Users\\ETPau\\AppData\\Local\\Programs\\Python\\Python311\\Lib\\locale.py'>'
2025-03-08 14:26:50,568 - app.utils.i18n - WARNING - Using default value for key 'image_browser.no_image_selected': No image selected
2025-03-08 14:26:50,568 - app.utils.i18n - WARNING - Missing translation for key 'main_window.new_project_tooltip' in locale '<module 'locale' from 'C:\\Users\\ETPau\\AppData\\Local\\Programs\\Python\\Python311\\Lib\\locale.py'>'
2025-03-08 14:26:50,568 - app.utils.i18n - WARNING - Using default value for key 'main_window.new_project_tooltip': Create a new project
2025-03-08 14:26:50,569 - app.utils.i18n - WARNING - Missing translation for key 'main_window.open_project_tooltip' in locale '<module 'locale' from 'C:\\Users\\ETPau\\AppData\\Local\\Programs\\Python\\Python311\\Lib\\locale.py'>'
2025-03-08 14:26:50,569 - app.utils.i18n - WARNING - Using default value for key 'main_window.open_project_tooltip': Open an existing project
2025-03-08 14:26:50,569 - app.utils.i18n - WARNING - Missing translation for key 'main_window.import_images_tooltip' in locale '<module 'locale' from 'C:\\Users\\ETPau\\AppData\\Local\\Programs\\Python\\Python311\\Lib\\locale.py'>'
2025-03-08 14:26:50,569 - app.utils.i18n - WARNING - Using default value for key 'main_window.import_images_tooltip': Import images to current project
2025-03-08 14:26:50,570 - app.utils.i18n - WARNING - Missing translation for key 'main_window.ready' in locale '<module 'locale' from 'C:\\Users\\ETPau\\AppData\\Local\\Programs\\Python\\Python311\\Lib\\locale.py'>'
2025-03-08 14:26:50,570 - app.utils.i18n - WARNING - Using default value for key 'main_window.ready': Ready
2025-03-08 14:26:50,570 - app.utils.i18n - WARNING - Missing translation for key 'main_window.single_image_tooltip' in locale '<module 'locale' from 'C:\\Users\\ETPau\\AppData\\Local\\Programs\\Python\\Python311\\Lib\\locale.py'>'
2025-03-08 14:26:50,570 - app.utils.i18n - WARNING - Using default value for key 'main_window.single_image_tooltip': Analyze one image at a time
2025-03-08 14:26:50,571 - app.utils.i18n - WARNING - Missing translation for key 'main_window.batch_analysis_tooltip' in locale '<module 'locale' from 'C:\\Users\\ETPau\\AppData\\Local\\Programs\\Python\\Python311\\Lib\\locale.py'>'
2025-03-08 14:26:50,571 - app.utils.i18n - WARNING - Using default value for key 'main_window.batch_analysis_tooltip': Analyze multiple images at once
2025-03-08 14:26:50,571 - app.utils.i18n - WARNING - Missing translation for key 'main_window.start_analysis_tooltip' in locale '<module 'locale' from 'C:\\Users\\ETPau\\AppData\\Local\\Programs\\Python\\Python311\\Lib\\locale.py'>'
2025-03-08 14:26:50,572 - app.utils.i18n - WARNING - Using default value for key 'main_window.start_analysis_tooltip': Start colony detection analysis
2025-03-08 14:26:50,572 - app.utils.i18n - WARNING - Missing translation for key 'main_window.stop_tooltip' in locale '<module 'locale' from 'C:\\Users\\ETPau\\AppData\\Local\\Programs\\Python\\Python311\\Lib\\locale.py'>'
2025-03-08 14:26:50,572 - app.utils.i18n - WARNING - Using default value for key 'main_window.stop_tooltip': Stop current analysis
2025-03-08 14:26:50,572 - app.utils.i18n - WARNING - Missing translation for key 'main_window.language' in locale '<module 'locale' from 'C:\\Users\\ETPau\\AppData\\Local\\Programs\\Python\\Python311\\Lib\\locale.py'>'
2025-03-08 14:26:50,572 - app.utils.i18n - WARNING - Using default value for key 'main_window.language': Language
2025-03-08 14:26:51,105 - app.utils.i18n - INFO - Set locale to zh_CN
2025-03-08 14:26:51,105 - app.utils.i18n - WARNING - Missing translation for key 'image_browser.actions' in locale '<module 'locale' from 'C:\\Users\\ETPau\\AppData\\Local\\Programs\\Python\\Python311\\Lib\\locale.py'>'
2025-03-08 14:26:51,106 - app.utils.i18n - WARNING - Using default value for key 'image_browser.actions': Actions
2025-03-08 14:26:51,106 - app.utils.i18n - WARNING - Missing translation for key 'image_browser.image_list' in locale '<module 'locale' from 'C:\\Users\\ETPau\\AppData\\Local\\Programs\\Python\\Python311\\Lib\\locale.py'>'
2025-03-08 14:26:51,106 - app.utils.i18n - WARNING - Using default value for key 'image_browser.image_list': Image List
2025-03-08 14:26:51,106 - app.utils.i18n - WARNING - Missing translation for key 'image_browser.preview' in locale '<module 'locale' from 'C:\\Users\\ETPau\\AppData\\Local\\Programs\\Python\\Python311\\Lib\\locale.py'>'
2025-03-08 14:26:51,106 - app.utils.i18n - WARNING - Using default value for key 'image_browser.preview': Preview
2025-03-08 14:26:51,106 - app.utils.i18n - WARNING - Missing translation for key 'image_browser.import_images_tooltip' in locale '<module 'locale' from 'C:\\Users\\ETPau\\AppData\\Local\\Programs\\Python\\Python311\\Lib\\locale.py'>'
2025-03-08 14:26:51,107 - app.utils.i18n - WARNING - Using default value for key 'image_browser.import_images_tooltip': Import images for analysis
2025-03-08 14:26:51,107 - app.utils.i18n - WARNING - Missing translation for key 'image_browser.remove_selected_tooltip' in locale '<module 'locale' from 'C:\\Users\\ETPau\\AppData\\Local\\Programs\\Python\\Python311\\Lib\\locale.py'>'
2025-03-08 14:26:51,107 - app.utils.i18n - WARNING - Using default value for key 'image_browser.remove_selected_tooltip': Remove selected images
2025-03-08 14:26:51,107 - app.utils.i18n - WARNING - Missing translation for key 'image_browser.clear_all_tooltip' in locale '<module 'locale' from 'C:\\Users\\ETPau\\AppData\\Local\\Programs\\Python\\Python311\\Lib\\locale.py'>'
2025-03-08 14:26:51,107 - app.utils.i18n - WARNING - Using default value for key 'image_browser.clear_all_tooltip': Clear all images
2025-03-08 14:26:51,107 - app.utils.i18n - WARNING - Missing translation for key 'image_browser.no_image_selected' in locale '<module 'locale' from 'C:\\Users\\ETPau\\AppData\\Local\\Programs\\Python\\Python311\\Lib\\locale.py'>'
2025-03-08 14:26:51,109 - app.utils.i18n - WARNING - Using default value for key 'image_browser.no_image_selected': No image selected
2025-03-08 14:26:51,109 - app.utils.i18n - WARNING - Missing translation for key 'main_window.new_project_tooltip' in locale '<module 'locale' from 'C:\\Users\\ETPau\\AppData\\Local\\Programs\\Python\\Python311\\Lib\\locale.py'>'
2025-03-08 14:26:51,109 - app.utils.i18n - WARNING - Using default value for key 'main_window.new_project_tooltip': Create a new project
2025-03-08 14:26:51,110 - app.utils.i18n - WARNING - Missing translation for key 'main_window.open_project_tooltip' in locale '<module 'locale' from 'C:\\Users\\ETPau\\AppData\\Local\\Programs\\Python\\Python311\\Lib\\locale.py'>'
2025-03-08 14:26:51,110 - app.utils.i18n - WARNING - Using default value for key 'main_window.open_project_tooltip': Open an existing project
2025-03-08 14:26:51,110 - app.utils.i18n - WARNING - Missing translation for key 'main_window.import_images_tooltip' in locale '<module 'locale' from 'C:\\Users\\ETPau\\AppData\\Local\\Programs\\Python\\Python311\\Lib\\locale.py'>'
2025-03-08 14:26:51,110 - app.utils.i18n - WARNING - Using default value for key 'main_window.import_images_tooltip': Import images to current project
2025-03-08 14:26:51,111 - app.utils.i18n - WARNING - Missing translation for key 'main_window.ready' in locale '<module 'locale' from 'C:\\Users\\ETPau\\AppData\\Local\\Programs\\Python\\Python311\\Lib\\locale.py'>'
2025-03-08 14:26:51,111 - app.utils.i18n - WARNING - Using default value for key 'main_window.ready': Ready
2025-03-08 14:26:51,112 - app.utils.i18n - WARNING - Missing translation for key 'main_window.single_image_tooltip' in locale '<module 'locale' from 'C:\\Users\\ETPau\\AppData\\Local\\Programs\\Python\\Python311\\Lib\\locale.py'>'
2025-03-08 14:26:51,112 - app.utils.i18n - WARNING - Using default value for key 'main_window.single_image_tooltip': Analyze one image at a time
2025-03-08 14:26:51,112 - app.utils.i18n - WARNING - Missing translation for key 'main_window.batch_analysis_tooltip' in locale '<module 'locale' from 'C:\\Users\\ETPau\\AppData\\Local\\Programs\\Python\\Python311\\Lib\\locale.py'>'
2025-03-08 14:26:51,112 - app.utils.i18n - WARNING - Using default value for key 'main_window.batch_analysis_tooltip': Analyze multiple images at once
2025-03-08 14:26:51,113 - app.utils.i18n - WARNING - Missing translation for key 'main_window.start_analysis_tooltip' in locale '<module 'locale' from 'C:\\Users\\ETPau\\AppData\\Local\\Programs\\Python\\Python311\\Lib\\locale.py'>'
2025-03-08 14:26:51,113 - app.utils.i18n - WARNING - Using default value for key 'main_window.start_analysis_tooltip': Start colony detection analysis
2025-03-08 14:26:51,113 - app.utils.i18n - WARNING - Missing translation for key 'main_window.stop_tooltip' in locale '<module 'locale' from 'C:\\Users\\ETPau\\AppData\\Local\\Programs\\Python\\Python311\\Lib\\locale.py'>'
2025-03-08 14:26:51,113 - app.utils.i18n - WARNING - Using default value for key 'main_window.stop_tooltip': Stop current analysis
2025-03-08 14:26:51,113 - app.utils.i18n - WARNING - Missing translation for key 'main_window.language' in locale '<module 'locale' from 'C:\\Users\\ETPau\\AppData\\Local\\Programs\\Python\\Python311\\Lib\\locale.py'>'
2025-03-08 14:26:51,114 - app.utils.i18n - WARNING - Using default value for key 'main_window.language': Language
2025-03-08 14:26:51,529 - app.utils.i18n - INFO - Set locale to en
2025-03-08 14:26:51,531 - app.utils.i18n - WARNING - Missing translation for key 'image_browser.actions' in locale '<module 'locale' from 'C:\\Users\\ETPau\\AppData\\Local\\Programs\\Python\\Python311\\Lib\\locale.py'>'
2025-03-08 14:26:51,531 - app.utils.i18n - WARNING - Using default value for key 'image_browser.actions': Actions
2025-03-08 14:26:51,531 - app.utils.i18n - WARNING - Missing translation for key 'image_browser.image_list' in locale '<module 'locale' from 'C:\\Users\\ETPau\\AppData\\Local\\Programs\\Python\\Python311\\Lib\\locale.py'>'
2025-03-08 14:26:51,531 - app.utils.i18n - WARNING - Using default value for key 'image_browser.image_list': Image List
2025-03-08 14:26:51,532 - app.utils.i18n - WARNING - Missing translation for key 'image_browser.preview' in locale '<module 'locale' from 'C:\\Users\\ETPau\\AppData\\Local\\Programs\\Python\\Python311\\Lib\\locale.py'>'
2025-03-08 14:26:51,532 - app.utils.i18n - WARNING - Using default value for key 'image_browser.preview': Preview
2025-03-08 14:26:51,532 - app.utils.i18n - WARNING - Missing translation for key 'image_browser.import_images_tooltip' in locale '<module 'locale' from 'C:\\Users\\ETPau\\AppData\\Local\\Programs\\Python\\Python311\\Lib\\locale.py'>'
2025-03-08 14:26:51,532 - app.utils.i18n - WARNING - Using default value for key 'image_browser.import_images_tooltip': Import images for analysis
2025-03-08 14:26:51,533 - app.utils.i18n - WARNING - Missing translation for key 'image_browser.remove_selected_tooltip' in locale '<module 'locale' from 'C:\\Users\\ETPau\\AppData\\Local\\Programs\\Python\\Python311\\Lib\\locale.py'>'
2025-03-08 14:26:51,533 - app.utils.i18n - WARNING - Using default value for key 'image_browser.remove_selected_tooltip': Remove selected images
2025-03-08 14:26:51,533 - app.utils.i18n - WARNING - Missing translation for key 'image_browser.clear_all_tooltip' in locale '<module 'locale' from 'C:\\Users\\ETPau\\AppData\\Local\\Programs\\Python\\Python311\\Lib\\locale.py'>'
2025-03-08 14:26:51,533 - app.utils.i18n - WARNING - Using default value for key 'image_browser.clear_all_tooltip': Clear all images
2025-03-08 14:26:51,534 - app.utils.i18n - WARNING - Missing translation for key 'image_browser.no_image_selected' in locale '<module 'locale' from 'C:\\Users\\ETPau\\AppData\\Local\\Programs\\Python\\Python311\\Lib\\locale.py'>'
2025-03-08 14:26:51,534 - app.utils.i18n - WARNING - Using default value for key 'image_browser.no_image_selected': No image selected
2025-03-08 14:26:51,535 - app.utils.i18n - WARNING - Missing translation for key 'main_window.new_project_tooltip' in locale '<module 'locale' from 'C:\\Users\\ETPau\\AppData\\Local\\Programs\\Python\\Python311\\Lib\\locale.py'>'
2025-03-08 14:26:51,535 - app.utils.i18n - WARNING - Using default value for key 'main_window.new_project_tooltip': Create a new project
2025-03-08 14:26:51,536 - app.utils.i18n - WARNING - Missing translation for key 'main_window.open_project_tooltip' in locale '<module 'locale' from 'C:\\Users\\ETPau\\AppData\\Local\\Programs\\Python\\Python311\\Lib\\locale.py'>'
2025-03-08 14:26:51,536 - app.utils.i18n - WARNING - Using default value for key 'main_window.open_project_tooltip': Open an existing project
2025-03-08 14:26:51,536 - app.utils.i18n - WARNING - Missing translation for key 'main_window.import_images_tooltip' in locale '<module 'locale' from 'C:\\Users\\ETPau\\AppData\\Local\\Programs\\Python\\Python311\\Lib\\locale.py'>'
2025-03-08 14:26:51,536 - app.utils.i18n - WARNING - Using default value for key 'main_window.import_images_tooltip': Import images to current project
2025-03-08 14:26:51,536 - app.utils.i18n - WARNING - Missing translation for key 'main_window.ready' in locale '<module 'locale' from 'C:\\Users\\ETPau\\AppData\\Local\\Programs\\Python\\Python311\\Lib\\locale.py'>'
2025-03-08 14:26:51,536 - app.utils.i18n - WARNING - Using default value for key 'main_window.ready': Ready
2025-03-08 14:26:51,536 - app.utils.i18n - WARNING - Missing translation for key 'main_window.single_image_tooltip' in locale '<module 'locale' from 'C:\\Users\\ETPau\\AppData\\Local\\Programs\\Python\\Python311\\Lib\\locale.py'>'
2025-03-08 14:26:51,537 - app.utils.i18n - WARNING - Using default value for key 'main_window.single_image_tooltip': Analyze one image at a time
2025-03-08 14:26:51,537 - app.utils.i18n - WARNING - Missing translation for key 'main_window.batch_analysis_tooltip' in locale '<module 'locale' from 'C:\\Users\\ETPau\\AppData\\Local\\Programs\\Python\\Python311\\Lib\\locale.py'>'
2025-03-08 14:26:51,537 - app.utils.i18n - WARNING - Using default value for key 'main_window.batch_analysis_tooltip': Analyze multiple images at once
2025-03-08 14:26:51,537 - app.utils.i18n - WARNING - Missing translation for key 'main_window.start_analysis_tooltip' in locale '<module 'locale' from 'C:\\Users\\ETPau\\AppData\\Local\\Programs\\Python\\Python311\\Lib\\locale.py'>'
2025-03-08 14:26:51,538 - app.utils.i18n - WARNING - Using default value for key 'main_window.start_analysis_tooltip': Start colony detection analysis
2025-03-08 14:26:51,538 - app.utils.i18n - WARNING - Missing translation for key 'main_window.stop_tooltip' in locale '<module 'locale' from 'C:\\Users\\ETPau\\AppData\\Local\\Programs\\Python\\Python311\\Lib\\locale.py'>'
2025-03-08 14:26:51,539 - app.utils.i18n - WARNING - Using default value for key 'main_window.stop_tooltip': Stop current analysis
2025-03-08 14:26:51,539 - app.utils.i18n - WARNING - Missing translation for key 'main_window.language' in locale '<module 'locale' from 'C:\\Users\\ETPau\\AppData\\Local\\Programs\\Python\\Python311\\Lib\\locale.py'>'
2025-03-08 14:26:51,539 - app.utils.i18n - WARNING - Using default value for key 'main_window.language': Language
2025-03-08 14:26:51,954 - app.utils.i18n - INFO - Set locale to zh_CN
2025-03-08 14:26:51,954 - app.utils.i18n - WARNING - Missing translation for key 'image_browser.actions' in locale '<module 'locale' from 'C:\\Users\\ETPau\\AppData\\Local\\Programs\\Python\\Python311\\Lib\\locale.py'>'
2025-03-08 14:26:51,955 - app.utils.i18n - WARNING - Using default value for key 'image_browser.actions': Actions
2025-03-08 14:26:51,955 - app.utils.i18n - WARNING - Missing translation for key 'image_browser.image_list' in locale '<module 'locale' from 'C:\\Users\\ETPau\\AppData\\Local\\Programs\\Python\\Python311\\Lib\\locale.py'>'
2025-03-08 14:26:51,955 - app.utils.i18n - WARNING - Using default value for key 'image_browser.image_list': Image List
2025-03-08 14:26:51,956 - app.utils.i18n - WARNING - Missing translation for key 'image_browser.preview' in locale '<module 'locale' from 'C:\\Users\\ETPau\\AppData\\Local\\Programs\\Python\\Python311\\Lib\\locale.py'>'
2025-03-08 14:26:51,956 - app.utils.i18n - WARNING - Using default value for key 'image_browser.preview': Preview
2025-03-08 14:26:51,956 - app.utils.i18n - WARNING - Missing translation for key 'image_browser.import_images_tooltip' in locale '<module 'locale' from 'C:\\Users\\ETPau\\AppData\\Local\\Programs\\Python\\Python311\\Lib\\locale.py'>'
2025-03-08 14:26:51,956 - app.utils.i18n - WARNING - Using default value for key 'image_browser.import_images_tooltip': Import images for analysis
2025-03-08 14:26:51,957 - app.utils.i18n - WARNING - Missing translation for key 'image_browser.remove_selected_tooltip' in locale '<module 'locale' from 'C:\\Users\\ETPau\\AppData\\Local\\Programs\\Python\\Python311\\Lib\\locale.py'>'
2025-03-08 14:26:51,957 - app.utils.i18n - WARNING - Using default value for key 'image_browser.remove_selected_tooltip': Remove selected images
2025-03-08 14:26:51,957 - app.utils.i18n - WARNING - Missing translation for key 'image_browser.clear_all_tooltip' in locale '<module 'locale' from 'C:\\Users\\ETPau\\AppData\\Local\\Programs\\Python\\Python311\\Lib\\locale.py'>'
2025-03-08 14:26:51,958 - app.utils.i18n - WARNING - Using default value for key 'image_browser.clear_all_tooltip': Clear all images
2025-03-08 14:26:51,958 - app.utils.i18n - WARNING - Missing translation for key 'image_browser.no_image_selected' in locale '<module 'locale' from 'C:\\Users\\ETPau\\AppData\\Local\\Programs\\Python\\Python311\\Lib\\locale.py'>'
2025-03-08 14:26:51,959 - app.utils.i18n - WARNING - Using default value for key 'image_browser.no_image_selected': No image selected
2025-03-08 14:26:51,959 - app.utils.i18n - WARNING - Missing translation for key 'main_window.new_project_tooltip' in locale '<module 'locale' from 'C:\\Users\\ETPau\\AppData\\Local\\Programs\\Python\\Python311\\Lib\\locale.py'>'
2025-03-08 14:26:51,959 - app.utils.i18n - WARNING - Using default value for key 'main_window.new_project_tooltip': Create a new project
2025-03-08 14:26:51,959 - app.utils.i18n - WARNING - Missing translation for key 'main_window.open_project_tooltip' in locale '<module 'locale' from 'C:\\Users\\ETPau\\AppData\\Local\\Programs\\Python\\Python311\\Lib\\locale.py'>'
2025-03-08 14:26:51,960 - app.utils.i18n - WARNING - Using default value for key 'main_window.open_project_tooltip': Open an existing project
2025-03-08 14:26:51,960 - app.utils.i18n - WARNING - Missing translation for key 'main_window.import_images_tooltip' in locale '<module 'locale' from 'C:\\Users\\ETPau\\AppData\\Local\\Programs\\Python\\Python311\\Lib\\locale.py'>'
2025-03-08 14:26:51,960 - app.utils.i18n - WARNING - Using default value for key 'main_window.import_images_tooltip': Import images to current project
2025-03-08 14:26:51,960 - app.utils.i18n - WARNING - Missing translation for key 'main_window.ready' in locale '<module 'locale' from 'C:\\Users\\ETPau\\AppData\\Local\\Programs\\Python\\Python311\\Lib\\locale.py'>'
2025-03-08 14:26:51,960 - app.utils.i18n - WARNING - Using default value for key 'main_window.ready': Ready
2025-03-08 14:26:51,962 - app.utils.i18n - WARNING - Missing translation for key 'main_window.single_image_tooltip' in locale '<module 'locale' from 'C:\\Users\\ETPau\\AppData\\Local\\Programs\\Python\\Python311\\Lib\\locale.py'>'
2025-03-08 14:26:51,962 - app.utils.i18n - WARNING - Using default value for key 'main_window.single_image_tooltip': Analyze one image at a time
2025-03-08 14:26:51,962 - app.utils.i18n - WARNING - Missing translation for key 'main_window.batch_analysis_tooltip' in locale '<module 'locale' from 'C:\\Users\\ETPau\\AppData\\Local\\Programs\\Python\\Python311\\Lib\\locale.py'>'
2025-03-08 14:26:51,962 - app.utils.i18n - WARNING - Using default value for key 'main_window.batch_analysis_tooltip': Analyze multiple images at once
2025-03-08 14:26:51,963 - app.utils.i18n - WARNING - Missing translation for key 'main_window.start_analysis_tooltip' in locale '<module 'locale' from 'C:\\Users\\ETPau\\AppData\\Local\\Programs\\Python\\Python311\\Lib\\locale.py'>'
2025-03-08 14:26:51,963 - app.utils.i18n - WARNING - Using default value for key 'main_window.start_analysis_tooltip': Start colony detection analysis
2025-03-08 14:26:51,963 - app.utils.i18n - WARNING - Missing translation for key 'main_window.stop_tooltip' in locale '<module 'locale' from 'C:\\Users\\ETPau\\AppData\\Local\\Programs\\Python\\Python311\\Lib\\locale.py'>'
2025-03-08 14:26:51,964 - app.utils.i18n - WARNING - Using default value for key 'main_window.stop_tooltip': Stop current analysis
2025-03-08 14:26:51,964 - app.utils.i18n - WARNING - Missing translation for key 'main_window.language' in locale '<module 'locale' from 'C:\\Users\\ETPau\\AppData\\Local\\Programs\\Python\\Python311\\Lib\\locale.py'>'
2025-03-08 14:26:51,964 - app.utils.i18n - WARNING - Using default value for key 'main_window.language': Language
2025-03-08 14:26:52,426 - app.utils.i18n - INFO - Set locale to en
2025-03-08 14:26:52,427 - app.utils.i18n - WARNING - Missing translation for key 'image_browser.actions' in locale '<module 'locale' from 'C:\\Users\\ETPau\\AppData\\Local\\Programs\\Python\\Python311\\Lib\\locale.py'>'
2025-03-08 14:26:52,427 - app.utils.i18n - WARNING - Using default value for key 'image_browser.actions': Actions
2025-03-08 14:26:52,427 - app.utils.i18n - WARNING - Missing translation for key 'image_browser.image_list' in locale '<module 'locale' from 'C:\\Users\\ETPau\\AppData\\Local\\Programs\\Python\\Python311\\Lib\\locale.py'>'
2025-03-08 14:26:52,427 - app.utils.i18n - WARNING - Using default value for key 'image_browser.image_list': Image List
2025-03-08 14:26:52,427 - app.utils.i18n - WARNING - Missing translation for key 'image_browser.preview' in locale '<module 'locale' from 'C:\\Users\\ETPau\\AppData\\Local\\Programs\\Python\\Python311\\Lib\\locale.py'>'
2025-03-08 14:26:52,427 - app.utils.i18n - WARNING - Using default value for key 'image_browser.preview': Preview
2025-03-08 14:26:52,428 - app.utils.i18n - WARNING - Missing translation for key 'image_browser.import_images_tooltip' in locale '<module 'locale' from 'C:\\Users\\ETPau\\AppData\\Local\\Programs\\Python\\Python311\\Lib\\locale.py'>'
2025-03-08 14:26:52,428 - app.utils.i18n - WARNING - Using default value for key 'image_browser.import_images_tooltip': Import images for analysis
2025-03-08 14:26:52,428 - app.utils.i18n - WARNING - Missing translation for key 'image_browser.remove_selected_tooltip' in locale '<module 'locale' from 'C:\\Users\\ETPau\\AppData\\Local\\Programs\\Python\\Python311\\Lib\\locale.py'>'
2025-03-08 14:26:52,428 - app.utils.i18n - WARNING - Using default value for key 'image_browser.remove_selected_tooltip': Remove selected images
2025-03-08 14:26:52,429 - app.utils.i18n - WARNING - Missing translation for key 'image_browser.clear_all_tooltip' in locale '<module 'locale' from 'C:\\Users\\ETPau\\AppData\\Local\\Programs\\Python\\Python311\\Lib\\locale.py'>'
2025-03-08 14:26:52,429 - app.utils.i18n - WARNING - Using default value for key 'image_browser.clear_all_tooltip': Clear all images
2025-03-08 14:26:52,429 - app.utils.i18n - WARNING - Missing translation for key 'image_browser.no_image_selected' in locale '<module 'locale' from 'C:\\Users\\ETPau\\AppData\\Local\\Programs\\Python\\Python311\\Lib\\locale.py'>'
2025-03-08 14:26:52,429 - app.utils.i18n - WARNING - Using default value for key 'image_browser.no_image_selected': No image selected
2025-03-08 14:26:52,429 - app.utils.i18n - WARNING - Missing translation for key 'main_window.new_project_tooltip' in locale '<module 'locale' from 'C:\\Users\\ETPau\\AppData\\Local\\Programs\\Python\\Python311\\Lib\\locale.py'>'
2025-03-08 14:26:52,431 - app.utils.i18n - WARNING - Using default value for key 'main_window.new_project_tooltip': Create a new project
2025-03-08 14:26:52,431 - app.utils.i18n - WARNING - Missing translation for key 'main_window.open_project_tooltip' in locale '<module 'locale' from 'C:\\Users\\ETPau\\AppData\\Local\\Programs\\Python\\Python311\\Lib\\locale.py'>'
2025-03-08 14:26:52,431 - app.utils.i18n - WARNING - Using default value for key 'main_window.open_project_tooltip': Open an existing project
2025-03-08 14:26:52,431 - app.utils.i18n - WARNING - Missing translation for key 'main_window.import_images_tooltip' in locale '<module 'locale' from 'C:\\Users\\ETPau\\AppData\\Local\\Programs\\Python\\Python311\\Lib\\locale.py'>'
2025-03-08 14:26:52,431 - app.utils.i18n - WARNING - Using default value for key 'main_window.import_images_tooltip': Import images to current project
2025-03-08 14:26:52,431 - app.utils.i18n - WARNING - Missing translation for key 'main_window.ready' in locale '<module 'locale' from 'C:\\Users\\ETPau\\AppData\\Local\\Programs\\Python\\Python311\\Lib\\locale.py'>'
2025-03-08 14:26:52,433 - app.utils.i18n - WARNING - Using default value for key 'main_window.ready': Ready
2025-03-08 14:26:52,433 - app.utils.i18n - WARNING - Missing translation for key 'main_window.single_image_tooltip' in locale '<module 'locale' from 'C:\\Users\\ETPau\\AppData\\Local\\Programs\\Python\\Python311\\Lib\\locale.py'>'
2025-03-08 14:26:52,433 - app.utils.i18n - WARNING - Using default value for key 'main_window.single_image_tooltip': Analyze one image at a time
2025-03-08 14:26:52,434 - app.utils.i18n - WARNING - Missing translation for key 'main_window.batch_analysis_tooltip' in locale '<module 'locale' from 'C:\\Users\\ETPau\\AppData\\Local\\Programs\\Python\\Python311\\Lib\\locale.py'>'
2025-03-08 14:26:52,434 - app.utils.i18n - WARNING - Using default value for key 'main_window.batch_analysis_tooltip': Analyze multiple images at once
2025-03-08 14:26:52,434 - app.utils.i18n - WARNING - Missing translation for key 'main_window.start_analysis_tooltip' in locale '<module 'locale' from 'C:\\Users\\ETPau\\AppData\\Local\\Programs\\Python\\Python311\\Lib\\locale.py'>'
2025-03-08 14:26:52,434 - app.utils.i18n - WARNING - Using default value for key 'main_window.start_analysis_tooltip': Start colony detection analysis
2025-03-08 14:26:52,434 - app.utils.i18n - WARNING - Missing translation for key 'main_window.stop_tooltip' in locale '<module 'locale' from 'C:\\Users\\ETPau\\AppData\\Local\\Programs\\Python\\Python311\\Lib\\locale.py'>'
2025-03-08 14:26:52,435 - app.utils.i18n - WARNING - Using default value for key 'main_window.stop_tooltip': Stop current analysis
2025-03-08 14:26:52,435 - app.utils.i18n - WARNING - Missing translation for key 'main_window.language' in locale '<module 'locale' from 'C:\\Users\\ETPau\\AppData\\Local\\Programs\\Python\\Python311\\Lib\\locale.py'>'
2025-03-08 14:26:52,435 - app.utils.i18n - WARNING - Using default value for key 'main_window.language': Language
2025-03-08 14:26:52,834 - app.utils.i18n - INFO - Set locale to zh_CN
2025-03-08 14:26:52,834 - app.utils.i18n - WARNING - Missing translation for key 'image_browser.actions' in locale '<module 'locale' from 'C:\\Users\\ETPau\\AppData\\Local\\Programs\\Python\\Python311\\Lib\\locale.py'>'
2025-03-08 14:26:52,835 - app.utils.i18n - WARNING - Using default value for key 'image_browser.actions': Actions
2025-03-08 14:26:52,835 - app.utils.i18n - WARNING - Missing translation for key 'image_browser.image_list' in locale '<module 'locale' from 'C:\\Users\\ETPau\\AppData\\Local\\Programs\\Python\\Python311\\Lib\\locale.py'>'
2025-03-08 14:26:52,835 - app.utils.i18n - WARNING - Using default value for key 'image_browser.image_list': Image List
2025-03-08 14:26:52,835 - app.utils.i18n - WARNING - Missing translation for key 'image_browser.preview' in locale '<module 'locale' from 'C:\\Users\\ETPau\\AppData\\Local\\Programs\\Python\\Python311\\Lib\\locale.py'>'
2025-03-08 14:26:52,835 - app.utils.i18n - WARNING - Using default value for key 'image_browser.preview': Preview
2025-03-08 14:26:52,836 - app.utils.i18n - WARNING - Missing translation for key 'image_browser.import_images_tooltip' in locale '<module 'locale' from 'C:\\Users\\ETPau\\AppData\\Local\\Programs\\Python\\Python311\\Lib\\locale.py'>'
2025-03-08 14:26:52,836 - app.utils.i18n - WARNING - Using default value for key 'image_browser.import_images_tooltip': Import images for analysis
2025-03-08 14:26:52,837 - app.utils.i18n - WARNING - Missing translation for key 'image_browser.remove_selected_tooltip' in locale '<module 'locale' from 'C:\\Users\\ETPau\\AppData\\Local\\Programs\\Python\\Python311\\Lib\\locale.py'>'
2025-03-08 14:26:52,837 - app.utils.i18n - WARNING - Using default value for key 'image_browser.remove_selected_tooltip': Remove selected images
2025-03-08 14:26:52,837 - app.utils.i18n - WARNING - Missing translation for key 'image_browser.clear_all_tooltip' in locale '<module 'locale' from 'C:\\Users\\ETPau\\AppData\\Local\\Programs\\Python\\Python311\\Lib\\locale.py'>'
2025-03-08 14:26:52,837 - app.utils.i18n - WARNING - Using default value for key 'image_browser.clear_all_tooltip': Clear all images
2025-03-08 14:26:52,838 - app.utils.i18n - WARNING - Missing translation for key 'image_browser.no_image_selected' in locale '<module 'locale' from 'C:\\Users\\ETPau\\AppData\\Local\\Programs\\Python\\Python311\\Lib\\locale.py'>'
2025-03-08 14:26:52,838 - app.utils.i18n - WARNING - Using default value for key 'image_browser.no_image_selected': No image selected
2025-03-08 14:26:52,838 - app.utils.i18n - WARNING - Missing translation for key 'main_window.new_project_tooltip' in locale '<module 'locale' from 'C:\\Users\\ETPau\\AppData\\Local\\Programs\\Python\\Python311\\Lib\\locale.py'>'
2025-03-08 14:26:52,839 - app.utils.i18n - WARNING - Using default value for key 'main_window.new_project_tooltip': Create a new project
2025-03-08 14:26:52,839 - app.utils.i18n - WARNING - Missing translation for key 'main_window.open_project_tooltip' in locale '<module 'locale' from 'C:\\Users\\ETPau\\AppData\\Local\\Programs\\Python\\Python311\\Lib\\locale.py'>'
2025-03-08 14:26:52,839 - app.utils.i18n - WARNING - Using default value for key 'main_window.open_project_tooltip': Open an existing project
2025-03-08 14:26:52,839 - app.utils.i18n - WARNING - Missing translation for key 'main_window.import_images_tooltip' in locale '<module 'locale' from 'C:\\Users\\ETPau\\AppData\\Local\\Programs\\Python\\Python311\\Lib\\locale.py'>'
2025-03-08 14:26:52,840 - app.utils.i18n - WARNING - Using default value for key 'main_window.import_images_tooltip': Import images to current project
2025-03-08 14:26:52,840 - app.utils.i18n - WARNING - Missing translation for key 'main_window.ready' in locale '<module 'locale' from 'C:\\Users\\ETPau\\AppData\\Local\\Programs\\Python\\Python311\\Lib\\locale.py'>'
2025-03-08 14:26:52,840 - app.utils.i18n - WARNING - Using default value for key 'main_window.ready': Ready
2025-03-08 14:26:52,840 - app.utils.i18n - WARNING - Missing translation for key 'main_window.single_image_tooltip' in locale '<module 'locale' from 'C:\\Users\\ETPau\\AppData\\Local\\Programs\\Python\\Python311\\Lib\\locale.py'>'
2025-03-08 14:26:52,841 - app.utils.i18n - WARNING - Using default value for key 'main_window.single_image_tooltip': Analyze one image at a time
2025-03-08 14:26:52,841 - app.utils.i18n - WARNING - Missing translation for key 'main_window.batch_analysis_tooltip' in locale '<module 'locale' from 'C:\\Users\\ETPau\\AppData\\Local\\Programs\\Python\\Python311\\Lib\\locale.py'>'
2025-03-08 14:26:52,841 - app.utils.i18n - WARNING - Using default value for key 'main_window.batch_analysis_tooltip': Analyze multiple images at once
2025-03-08 14:26:52,842 - app.utils.i18n - WARNING - Missing translation for key 'main_window.start_analysis_tooltip' in locale '<module 'locale' from 'C:\\Users\\ETPau\\AppData\\Local\\Programs\\Python\\Python311\\Lib\\locale.py'>'
2025-03-08 14:26:52,842 - app.utils.i18n - WARNING - Using default value for key 'main_window.start_analysis_tooltip': Start colony detection analysis
2025-03-08 14:26:52,843 - app.utils.i18n - WARNING - Missing translation for key 'main_window.stop_tooltip' in locale '<module 'locale' from 'C:\\Users\\ETPau\\AppData\\Local\\Programs\\Python\\Python311\\Lib\\locale.py'>'
2025-03-08 14:26:52,843 - app.utils.i18n - WARNING - Using default value for key 'main_window.stop_tooltip': Stop current analysis
2025-03-08 14:26:52,843 - app.utils.i18n - WARNING - Missing translation for key 'main_window.language' in locale '<module 'locale' from 'C:\\Users\\ETPau\\AppData\\Local\\Programs\\Python\\Python311\\Lib\\locale.py'>'
2025-03-08 14:26:52,843 - app.utils.i18n - WARNING - Using default value for key 'main_window.language': Language
2025-03-08 14:26:53,348 - app.utils.i18n - INFO - Set locale to en
2025-03-08 14:26:53,348 - app.utils.i18n - WARNING - Missing translation for key 'image_browser.actions' in locale '<module 'locale' from 'C:\\Users\\ETPau\\AppData\\Local\\Programs\\Python\\Python311\\Lib\\locale.py'>'
2025-03-08 14:26:53,348 - app.utils.i18n - WARNING - Using default value for key 'image_browser.actions': Actions
2025-03-08 14:26:53,349 - app.utils.i18n - WARNING - Missing translation for key 'image_browser.image_list' in locale '<module 'locale' from 'C:\\Users\\ETPau\\AppData\\Local\\Programs\\Python\\Python311\\Lib\\locale.py'>'
2025-03-08 14:26:53,349 - app.utils.i18n - WARNING - Using default value for key 'image_browser.image_list': Image List
2025-03-08 14:26:53,349 - app.utils.i18n - WARNING - Missing translation for key 'image_browser.preview' in locale '<module 'locale' from 'C:\\Users\\ETPau\\AppData\\Local\\Programs\\Python\\Python311\\Lib\\locale.py'>'
2025-03-08 14:26:53,349 - app.utils.i18n - WARNING - Using default value for key 'image_browser.preview': Preview
2025-03-08 14:26:53,350 - app.utils.i18n - WARNING - Missing translation for key 'image_browser.import_images_tooltip' in locale '<module 'locale' from 'C:\\Users\\ETPau\\AppData\\Local\\Programs\\Python\\Python311\\Lib\\locale.py'>'
2025-03-08 14:26:53,350 - app.utils.i18n - WARNING - Using default value for key 'image_browser.import_images_tooltip': Import images for analysis
2025-03-08 14:26:53,350 - app.utils.i18n - WARNING - Missing translation for key 'image_browser.remove_selected_tooltip' in locale '<module 'locale' from 'C:\\Users\\ETPau\\AppData\\Local\\Programs\\Python\\Python311\\Lib\\locale.py'>'
2025-03-08 14:26:53,350 - app.utils.i18n - WARNING - Using default value for key 'image_browser.remove_selected_tooltip': Remove selected images
2025-03-08 14:26:53,350 - app.utils.i18n - WARNING - Missing translation for key 'image_browser.clear_all_tooltip' in locale '<module 'locale' from 'C:\\Users\\ETPau\\AppData\\Local\\Programs\\Python\\Python311\\Lib\\locale.py'>'
2025-03-08 14:26:53,351 - app.utils.i18n - WARNING - Using default value for key 'image_browser.clear_all_tooltip': Clear all images
2025-03-08 14:26:53,351 - app.utils.i18n - WARNING - Missing translation for key 'image_browser.no_image_selected' in locale '<module 'locale' from 'C:\\Users\\ETPau\\AppData\\Local\\Programs\\Python\\Python311\\Lib\\locale.py'>'
2025-03-08 14:26:53,351 - app.utils.i18n - WARNING - Using default value for key 'image_browser.no_image_selected': No image selected
2025-03-08 14:26:53,352 - app.utils.i18n - WARNING - Missing translation for key 'main_window.new_project_tooltip' in locale '<module 'locale' from 'C:\\Users\\ETPau\\AppData\\Local\\Programs\\Python\\Python311\\Lib\\locale.py'>'
2025-03-08 14:26:53,352 - app.utils.i18n - WARNING - Using default value for key 'main_window.new_project_tooltip': Create a new project
2025-03-08 14:26:53,352 - app.utils.i18n - WARNING - Missing translation for key 'main_window.open_project_tooltip' in locale '<module 'locale' from 'C:\\Users\\ETPau\\AppData\\Local\\Programs\\Python\\Python311\\Lib\\locale.py'>'
2025-03-08 14:26:53,353 - app.utils.i18n - WARNING - Using default value for key 'main_window.open_project_tooltip': Open an existing project
2025-03-08 14:26:53,353 - app.utils.i18n - WARNING - Missing translation for key 'main_window.import_images_tooltip' in locale '<module 'locale' from 'C:\\Users\\ETPau\\AppData\\Local\\Programs\\Python\\Python311\\Lib\\locale.py'>'
2025-03-08 14:26:53,353 - app.utils.i18n - WARNING - Using default value for key 'main_window.import_images_tooltip': Import images to current project
2025-03-08 14:26:53,353 - app.utils.i18n - WARNING - Missing translation for key 'main_window.ready' in locale '<module 'locale' from 'C:\\Users\\ETPau\\AppData\\Local\\Programs\\Python\\Python311\\Lib\\locale.py'>'
2025-03-08 14:26:53,353 - app.utils.i18n - WARNING - Using default value for key 'main_window.ready': Ready
2025-03-08 14:26:53,355 - app.utils.i18n - WARNING - Missing translation for key 'main_window.single_image_tooltip' in locale '<module 'locale' from 'C:\\Users\\ETPau\\AppData\\Local\\Programs\\Python\\Python311\\Lib\\locale.py'>'
2025-03-08 14:26:53,355 - app.utils.i18n - WARNING - Using default value for key 'main_window.single_image_tooltip': Analyze one image at a time
2025-03-08 14:26:53,355 - app.utils.i18n - WARNING - Missing translation for key 'main_window.batch_analysis_tooltip' in locale '<module 'locale' from 'C:\\Users\\ETPau\\AppData\\Local\\Programs\\Python\\Python311\\Lib\\locale.py'>'
2025-03-08 14:26:53,356 - app.utils.i18n - WARNING - Using default value for key 'main_window.batch_analysis_tooltip': Analyze multiple images at once
2025-03-08 14:26:53,356 - app.utils.i18n - WARNING - Missing translation for key 'main_window.start_analysis_tooltip' in locale '<module 'locale' from 'C:\\Users\\ETPau\\AppData\\Local\\Programs\\Python\\Python311\\Lib\\locale.py'>'
2025-03-08 14:26:53,356 - app.utils.i18n - WARNING - Using default value for key 'main_window.start_analysis_tooltip': Start colony detection analysis
2025-03-08 14:26:53,357 - app.utils.i18n - WARNING - Missing translation for key 'main_window.stop_tooltip' in locale '<module 'locale' from 'C:\\Users\\ETPau\\AppData\\Local\\Programs\\Python\\Python311\\Lib\\locale.py'>'
2025-03-08 14:26:53,357 - app.utils.i18n - WARNING - Using default value for key 'main_window.stop_tooltip': Stop current analysis
2025-03-08 14:26:53,357 - app.utils.i18n - WARNING - Missing translation for key 'main_window.language' in locale '<module 'locale' from 'C:\\Users\\ETPau\\AppData\\Local\\Programs\\Python\\Python311\\Lib\\locale.py'>'
2025-03-08 14:26:53,357 - app.utils.i18n - WARNING - Using default value for key 'main_window.language': Language
2025-03-08 14:26:53,744 - app.utils.i18n - INFO - Set locale to zh_CN
2025-03-08 14:26:53,745 - app.utils.i18n - WARNING - Missing translation for key 'image_browser.actions' in locale '<module 'locale' from 'C:\\Users\\ETPau\\AppData\\Local\\Programs\\Python\\Python311\\Lib\\locale.py'>'
2025-03-08 14:26:53,746 - app.utils.i18n - WARNING - Using default value for key 'image_browser.actions': Actions
2025-03-08 14:26:53,746 - app.utils.i18n - WARNING - Missing translation for key 'image_browser.image_list' in locale '<module 'locale' from 'C:\\Users\\ETPau\\AppData\\Local\\Programs\\Python\\Python311\\Lib\\locale.py'>'
2025-03-08 14:26:53,747 - app.utils.i18n - WARNING - Using default value for key 'image_browser.image_list': Image List
2025-03-08 14:26:53,747 - app.utils.i18n - WARNING - Missing translation for key 'image_browser.preview' in locale '<module 'locale' from 'C:\\Users\\ETPau\\AppData\\Local\\Programs\\Python\\Python311\\Lib\\locale.py'>'
2025-03-08 14:26:53,747 - app.utils.i18n - WARNING - Using default value for key 'image_browser.preview': Preview
2025-03-08 14:26:53,748 - app.utils.i18n - WARNING - Missing translation for key 'image_browser.import_images_tooltip' in locale '<module 'locale' from 'C:\\Users\\ETPau\\AppData\\Local\\Programs\\Python\\Python311\\Lib\\locale.py'>'
2025-03-08 14:26:53,748 - app.utils.i18n - WARNING - Using default value for key 'image_browser.import_images_tooltip': Import images for analysis
2025-03-08 14:26:53,748 - app.utils.i18n - WARNING - Missing translation for key 'image_browser.remove_selected_tooltip' in locale '<module 'locale' from 'C:\\Users\\ETPau\\AppData\\Local\\Programs\\Python\\Python311\\Lib\\locale.py'>'
2025-03-08 14:26:53,749 - app.utils.i18n - WARNING - Using default value for key 'image_browser.remove_selected_tooltip': Remove selected images
2025-03-08 14:26:53,749 - app.utils.i18n - WARNING - Missing translation for key 'image_browser.clear_all_tooltip' in locale '<module 'locale' from 'C:\\Users\\ETPau\\AppData\\Local\\Programs\\Python\\Python311\\Lib\\locale.py'>'
2025-03-08 14:26:53,749 - app.utils.i18n - WARNING - Using default value for key 'image_browser.clear_all_tooltip': Clear all images
2025-03-08 14:26:53,750 - app.utils.i18n - WARNING - Missing translation for key 'image_browser.no_image_selected' in locale '<module 'locale' from 'C:\\Users\\ETPau\\AppData\\Local\\Programs\\Python\\Python311\\Lib\\locale.py'>'
2025-03-08 14:26:53,750 - app.utils.i18n - WARNING - Using default value for key 'image_browser.no_image_selected': No image selected
2025-03-08 14:26:53,751 - app.utils.i18n - WARNING - Missing translation for key 'main_window.new_project_tooltip' in locale '<module 'locale' from 'C:\\Users\\ETPau\\AppData\\Local\\Programs\\Python\\Python311\\Lib\\locale.py'>'
2025-03-08 14:26:53,751 - app.utils.i18n - WARNING - Using default value for key 'main_window.new_project_tooltip': Create a new project
2025-03-08 14:26:53,751 - app.utils.i18n - WARNING - Missing translation for key 'main_window.open_project_tooltip' in locale '<module 'locale' from 'C:\\Users\\ETPau\\AppData\\Local\\Programs\\Python\\Python311\\Lib\\locale.py'>'
2025-03-08 14:26:53,751 - app.utils.i18n - WARNING - Using default value for key 'main_window.open_project_tooltip': Open an existing project
2025-03-08 14:26:53,752 - app.utils.i18n - WARNING - Missing translation for key 'main_window.import_images_tooltip' in locale '<module 'locale' from 'C:\\Users\\ETPau\\AppData\\Local\\Programs\\Python\\Python311\\Lib\\locale.py'>'
2025-03-08 14:26:53,752 - app.utils.i18n - WARNING - Using default value for key 'main_window.import_images_tooltip': Import images to current project
2025-03-08 14:26:53,752 - app.utils.i18n - WARNING - Missing translation for key 'main_window.ready' in locale '<module 'locale' from 'C:\\Users\\ETPau\\AppData\\Local\\Programs\\Python\\Python311\\Lib\\locale.py'>'
2025-03-08 14:26:53,753 - app.utils.i18n - WARNING - Using default value for key 'main_window.ready': Ready
2025-03-08 14:26:53,753 - app.utils.i18n - WARNING - Missing translation for key 'main_window.single_image_tooltip' in locale '<module 'locale' from 'C:\\Users\\ETPau\\AppData\\Local\\Programs\\Python\\Python311\\Lib\\locale.py'>'
2025-03-08 14:26:53,753 - app.utils.i18n - WARNING - Using default value for key 'main_window.single_image_tooltip': Analyze one image at a time
2025-03-08 14:26:53,754 - app.utils.i18n - WARNING - Missing translation for key 'main_window.batch_analysis_tooltip' in locale '<module 'locale' from 'C:\\Users\\ETPau\\AppData\\Local\\Programs\\Python\\Python311\\Lib\\locale.py'>'
2025-03-08 14:26:53,754 - app.utils.i18n - WARNING - Using default value for key 'main_window.batch_analysis_tooltip': Analyze multiple images at once
2025-03-08 14:26:53,754 - app.utils.i18n - WARNING - Missing translation for key 'main_window.start_analysis_tooltip' in locale '<module 'locale' from 'C:\\Users\\ETPau\\AppData\\Local\\Programs\\Python\\Python311\\Lib\\locale.py'>'
2025-03-08 14:26:53,755 - app.utils.i18n - WARNING - Using default value for key 'main_window.start_analysis_tooltip': Start colony detection analysis
2025-03-08 14:26:53,755 - app.utils.i18n - WARNING - Missing translation for key 'main_window.stop_tooltip' in locale '<module 'locale' from 'C:\\Users\\ETPau\\AppData\\Local\\Programs\\Python\\Python311\\Lib\\locale.py'>'
2025-03-08 14:26:53,755 - app.utils.i18n - WARNING - Using default value for key 'main_window.stop_tooltip': Stop current analysis
2025-03-08 14:26:53,756 - app.utils.i18n - WARNING - Missing translation for key 'main_window.language' in locale '<module 'locale' from 'C:\\Users\\ETPau\\AppData\\Local\\Programs\\Python\\Python311\\Lib\\locale.py'>'
2025-03-08 14:26:53,756 - app.utils.i18n - WARNING - Using default value for key 'main_window.language': Language
2025-03-08 14:26:54,073 - app.utils.i18n - INFO - Set locale to en
2025-03-08 14:26:54,075 - app.utils.i18n - WARNING - Missing translation for key 'image_browser.actions' in locale '<module 'locale' from 'C:\\Users\\ETPau\\AppData\\Local\\Programs\\Python\\Python311\\Lib\\locale.py'>'
2025-03-08 14:26:54,075 - app.utils.i18n - WARNING - Using default value for key 'image_browser.actions': Actions
2025-03-08 14:26:54,075 - app.utils.i18n - WARNING - Missing translation for key 'image_browser.image_list' in locale '<module 'locale' from 'C:\\Users\\ETPau\\AppData\\Local\\Programs\\Python\\Python311\\Lib\\locale.py'>'
2025-03-08 14:26:54,075 - app.utils.i18n - WARNING - Using default value for key 'image_browser.image_list': Image List
2025-03-08 14:26:54,076 - app.utils.i18n - WARNING - Missing translation for key 'image_browser.preview' in locale '<module 'locale' from 'C:\\Users\\ETPau\\AppData\\Local\\Programs\\Python\\Python311\\Lib\\locale.py'>'
2025-03-08 14:26:54,076 - app.utils.i18n - WARNING - Using default value for key 'image_browser.preview': Preview
2025-03-08 14:26:54,076 - app.utils.i18n - WARNING - Missing translation for key 'image_browser.import_images_tooltip' in locale '<module 'locale' from 'C:\\Users\\ETPau\\AppData\\Local\\Programs\\Python\\Python311\\Lib\\locale.py'>'
2025-03-08 14:26:54,076 - app.utils.i18n - WARNING - Using default value for key 'image_browser.import_images_tooltip': Import images for analysis
2025-03-08 14:26:54,077 - app.utils.i18n - WARNING - Missing translation for key 'image_browser.remove_selected_tooltip' in locale '<module 'locale' from 'C:\\Users\\ETPau\\AppData\\Local\\Programs\\Python\\Python311\\Lib\\locale.py'>'
2025-03-08 14:26:54,077 - app.utils.i18n - WARNING - Using default value for key 'image_browser.remove_selected_tooltip': Remove selected images
2025-03-08 14:26:54,077 - app.utils.i18n - WARNING - Missing translation for key 'image_browser.clear_all_tooltip' in locale '<module 'locale' from 'C:\\Users\\ETPau\\AppData\\Local\\Programs\\Python\\Python311\\Lib\\locale.py'>'
2025-03-08 14:26:54,077 - app.utils.i18n - WARNING - Using default value for key 'image_browser.clear_all_tooltip': Clear all images
2025-03-08 14:26:54,077 - app.utils.i18n - WARNING - Missing translation for key 'image_browser.no_image_selected' in locale '<module 'locale' from 'C:\\Users\\ETPau\\AppData\\Local\\Programs\\Python\\Python311\\Lib\\locale.py'>'
2025-03-08 14:26:54,078 - app.utils.i18n - WARNING - Using default value for key 'image_browser.no_image_selected': No image selected
2025-03-08 14:26:54,078 - app.utils.i18n - WARNING - Missing translation for key 'main_window.new_project_tooltip' in locale '<module 'locale' from 'C:\\Users\\ETPau\\AppData\\Local\\Programs\\Python\\Python311\\Lib\\locale.py'>'
2025-03-08 14:26:54,079 - app.utils.i18n - WARNING - Using default value for key 'main_window.new_project_tooltip': Create a new project
2025-03-08 14:26:54,079 - app.utils.i18n - WARNING - Missing translation for key 'main_window.open_project_tooltip' in locale '<module 'locale' from 'C:\\Users\\ETPau\\AppData\\Local\\Programs\\Python\\Python311\\Lib\\locale.py'>'
2025-03-08 14:26:54,079 - app.utils.i18n - WARNING - Using default value for key 'main_window.open_project_tooltip': Open an existing project
2025-03-08 14:26:54,080 - app.utils.i18n - WARNING - Missing translation for key 'main_window.import_images_tooltip' in locale '<module 'locale' from 'C:\\Users\\ETPau\\AppData\\Local\\Programs\\Python\\Python311\\Lib\\locale.py'>'
2025-03-08 14:26:54,080 - app.utils.i18n - WARNING - Using default value for key 'main_window.import_images_tooltip': Import images to current project
2025-03-08 14:26:54,080 - app.utils.i18n - WARNING - Missing translation for key 'main_window.ready' in locale '<module 'locale' from 'C:\\Users\\ETPau\\AppData\\Local\\Programs\\Python\\Python311\\Lib\\locale.py'>'
2025-03-08 14:26:54,080 - app.utils.i18n - WARNING - Using default value for key 'main_window.ready': Ready
2025-03-08 14:26:54,082 - app.utils.i18n - WARNING - Missing translation for key 'main_window.single_image_tooltip' in locale '<module 'locale' from 'C:\\Users\\ETPau\\AppData\\Local\\Programs\\Python\\Python311\\Lib\\locale.py'>'
2025-03-08 14:26:54,082 - app.utils.i18n - WARNING - Using default value for key 'main_window.single_image_tooltip': Analyze one image at a time
2025-03-08 14:26:54,082 - app.utils.i18n - WARNING - Missing translation for key 'main_window.batch_analysis_tooltip' in locale '<module 'locale' from 'C:\\Users\\ETPau\\AppData\\Local\\Programs\\Python\\Python311\\Lib\\locale.py'>'
2025-03-08 14:26:54,082 - app.utils.i18n - WARNING - Using default value for key 'main_window.batch_analysis_tooltip': Analyze multiple images at once
2025-03-08 14:26:54,083 - app.utils.i18n - WARNING - Missing translation for key 'main_window.start_analysis_tooltip' in locale '<module 'locale' from 'C:\\Users\\ETPau\\AppData\\Local\\Programs\\Python\\Python311\\Lib\\locale.py'>'
2025-03-08 14:26:54,083 - app.utils.i18n - WARNING - Using default value for key 'main_window.start_analysis_tooltip': Start colony detection analysis
2025-03-08 14:26:54,083 - app.utils.i18n - WARNING - Missing translation for key 'main_window.stop_tooltip' in locale '<module 'locale' from 'C:\\Users\\ETPau\\AppData\\Local\\Programs\\Python\\Python311\\Lib\\locale.py'>'
2025-03-08 14:26:54,083 - app.utils.i18n - WARNING - Using default value for key 'main_window.stop_tooltip': Stop current analysis
2025-03-08 14:26:54,084 - app.utils.i18n - WARNING - Missing translation for key 'main_window.language' in locale '<module 'locale' from 'C:\\Users\\ETPau\\AppData\\Local\\Programs\\Python\\Python311\\Lib\\locale.py'>'
2025-03-08 14:26:54,084 - app.utils.i18n - WARNING - Using default value for key 'main_window.language': Language
2025-03-08 14:26:54,391 - app.utils.i18n - INFO - Set locale to zh_CN
2025-03-08 14:26:54,391 - app.utils.i18n - WARNING - Missing translation for key 'image_browser.actions' in locale '<module 'locale' from 'C:\\Users\\ETPau\\AppData\\Local\\Programs\\Python\\Python311\\Lib\\locale.py'>'
2025-03-08 14:26:54,391 - app.utils.i18n - WARNING - Using default value for key 'image_browser.actions': Actions
2025-03-08 14:26:54,391 - app.utils.i18n - WARNING - Missing translation for key 'image_browser.image_list' in locale '<module 'locale' from 'C:\\Users\\ETPau\\AppData\\Local\\Programs\\Python\\Python311\\Lib\\locale.py'>'
2025-03-08 14:26:54,391 - app.utils.i18n - WARNING - Using default value for key 'image_browser.image_list': Image List
2025-03-08 14:26:54,393 - app.utils.i18n - WARNING - Missing translation for key 'image_browser.preview' in locale '<module 'locale' from 'C:\\Users\\ETPau\\AppData\\Local\\Programs\\Python\\Python311\\Lib\\locale.py'>'
2025-03-08 14:26:54,393 - app.utils.i18n - WARNING - Using default value for key 'image_browser.preview': Preview
2025-03-08 14:26:54,393 - app.utils.i18n - WARNING - Missing translation for key 'image_browser.import_images_tooltip' in locale '<module 'locale' from 'C:\\Users\\ETPau\\AppData\\Local\\Programs\\Python\\Python311\\Lib\\locale.py'>'
2025-03-08 14:26:54,394 - app.utils.i18n - WARNING - Using default value for key 'image_browser.import_images_tooltip': Import images for analysis
2025-03-08 14:26:54,394 - app.utils.i18n - WARNING - Missing translation for key 'image_browser.remove_selected_tooltip' in locale '<module 'locale' from 'C:\\Users\\ETPau\\AppData\\Local\\Programs\\Python\\Python311\\Lib\\locale.py'>'
2025-03-08 14:26:54,394 - app.utils.i18n - WARNING - Using default value for key 'image_browser.remove_selected_tooltip': Remove selected images
2025-03-08 14:26:54,394 - app.utils.i18n - WARNING - Missing translation for key 'image_browser.clear_all_tooltip' in locale '<module 'locale' from 'C:\\Users\\ETPau\\AppData\\Local\\Programs\\Python\\Python311\\Lib\\locale.py'>'
2025-03-08 14:26:54,395 - app.utils.i18n - WARNING - Using default value for key 'image_browser.clear_all_tooltip': Clear all images
2025-03-08 14:26:54,395 - app.utils.i18n - WARNING - Missing translation for key 'image_browser.no_image_selected' in locale '<module 'locale' from 'C:\\Users\\ETPau\\AppData\\Local\\Programs\\Python\\Python311\\Lib\\locale.py'>'
2025-03-08 14:26:54,395 - app.utils.i18n - WARNING - Using default value for key 'image_browser.no_image_selected': No image selected
2025-03-08 14:26:54,396 - app.utils.i18n - WARNING - Missing translation for key 'main_window.new_project_tooltip' in locale '<module 'locale' from 'C:\\Users\\ETPau\\AppData\\Local\\Programs\\Python\\Python311\\Lib\\locale.py'>'
2025-03-08 14:26:54,396 - app.utils.i18n - WARNING - Using default value for key 'main_window.new_project_tooltip': Create a new project
2025-03-08 14:26:54,396 - app.utils.i18n - WARNING - Missing translation for key 'main_window.open_project_tooltip' in locale '<module 'locale' from 'C:\\Users\\ETPau\\AppData\\Local\\Programs\\Python\\Python311\\Lib\\locale.py'>'
2025-03-08 14:26:54,396 - app.utils.i18n - WARNING - Using default value for key 'main_window.open_project_tooltip': Open an existing project
2025-03-08 14:26:54,397 - app.utils.i18n - WARNING - Missing translation for key 'main_window.import_images_tooltip' in locale '<module 'locale' from 'C:\\Users\\ETPau\\AppData\\Local\\Programs\\Python\\Python311\\Lib\\locale.py'>'
2025-03-08 14:26:54,397 - app.utils.i18n - WARNING - Using default value for key 'main_window.import_images_tooltip': Import images to current project
2025-03-08 14:26:54,397 - app.utils.i18n - WARNING - Missing translation for key 'main_window.ready' in locale '<module 'locale' from 'C:\\Users\\ETPau\\AppData\\Local\\Programs\\Python\\Python311\\Lib\\locale.py'>'
2025-03-08 14:26:54,397 - app.utils.i18n - WARNING - Using default value for key 'main_window.ready': Ready
2025-03-08 14:26:54,398 - app.utils.i18n - WARNING - Missing translation for key 'main_window.single_image_tooltip' in locale '<module 'locale' from 'C:\\Users\\ETPau\\AppData\\Local\\Programs\\Python\\Python311\\Lib\\locale.py'>'
2025-03-08 14:26:54,398 - app.utils.i18n - WARNING - Using default value for key 'main_window.single_image_tooltip': Analyze one image at a time
2025-03-08 14:26:54,398 - app.utils.i18n - WARNING - Missing translation for key 'main_window.batch_analysis_tooltip' in locale '<module 'locale' from 'C:\\Users\\ETPau\\AppData\\Local\\Programs\\Python\\Python311\\Lib\\locale.py'>'
2025-03-08 14:26:54,398 - app.utils.i18n - WARNING - Using default value for key 'main_window.batch_analysis_tooltip': Analyze multiple images at once
2025-03-08 14:26:54,398 - app.utils.i18n - WARNING - Missing translation for key 'main_window.start_analysis_tooltip' in locale '<module 'locale' from 'C:\\Users\\ETPau\\AppData\\Local\\Programs\\Python\\Python311\\Lib\\locale.py'>'
2025-03-08 14:26:54,399 - app.utils.i18n - WARNING - Using default value for key 'main_window.start_analysis_tooltip': Start colony detection analysis
2025-03-08 14:26:54,399 - app.utils.i18n - WARNING - Missing translation for key 'main_window.stop_tooltip' in locale '<module 'locale' from 'C:\\Users\\ETPau\\AppData\\Local\\Programs\\Python\\Python311\\Lib\\locale.py'>'
2025-03-08 14:26:54,399 - app.utils.i18n - WARNING - Using default value for key 'main_window.stop_tooltip': Stop current analysis
2025-03-08 14:26:54,399 - app.utils.i18n - WARNING - Missing translation for key 'main_window.language' in locale '<module 'locale' from 'C:\\Users\\ETPau\\AppData\\Local\\Programs\\Python\\Python311\\Lib\\locale.py'>'
2025-03-08 14:26:54,401 - app.utils.i18n - WARNING - Using default value for key 'main_window.language': Language
2025-03-08 14:26:54,705 - app.utils.i18n - INFO - Set locale to en
2025-03-08 14:26:54,705 - app.utils.i18n - WARNING - Missing translation for key 'image_browser.actions' in locale '<module 'locale' from 'C:\\Users\\ETPau\\AppData\\Local\\Programs\\Python\\Python311\\Lib\\locale.py'>'
2025-03-08 14:26:54,705 - app.utils.i18n - WARNING - Using default value for key 'image_browser.actions': Actions
2025-03-08 14:26:54,705 - app.utils.i18n - WARNING - Missing translation for key 'image_browser.image_list' in locale '<module 'locale' from 'C:\\Users\\ETPau\\AppData\\Local\\Programs\\Python\\Python311\\Lib\\locale.py'>'
2025-03-08 14:26:54,705 - app.utils.i18n - WARNING - Using default value for key 'image_browser.image_list': Image List
2025-03-08 14:26:54,707 - app.utils.i18n - WARNING - Missing translation for key 'image_browser.preview' in locale '<module 'locale' from 'C:\\Users\\ETPau\\AppData\\Local\\Programs\\Python\\Python311\\Lib\\locale.py'>'
2025-03-08 14:26:54,707 - app.utils.i18n - WARNING - Using default value for key 'image_browser.preview': Preview
2025-03-08 14:26:54,707 - app.utils.i18n - WARNING - Missing translation for key 'image_browser.import_images_tooltip' in locale '<module 'locale' from 'C:\\Users\\ETPau\\AppData\\Local\\Programs\\Python\\Python311\\Lib\\locale.py'>'
2025-03-08 14:26:54,707 - app.utils.i18n - WARNING - Using default value for key 'image_browser.import_images_tooltip': Import images for analysis
2025-03-08 14:26:54,708 - app.utils.i18n - WARNING - Missing translation for key 'image_browser.remove_selected_tooltip' in locale '<module 'locale' from 'C:\\Users\\ETPau\\AppData\\Local\\Programs\\Python\\Python311\\Lib\\locale.py'>'
2025-03-08 14:26:54,708 - app.utils.i18n - WARNING - Using default value for key 'image_browser.remove_selected_tooltip': Remove selected images
2025-03-08 14:26:54,708 - app.utils.i18n - WARNING - Missing translation for key 'image_browser.clear_all_tooltip' in locale '<module 'locale' from 'C:\\Users\\ETPau\\AppData\\Local\\Programs\\Python\\Python311\\Lib\\locale.py'>'
2025-03-08 14:26:54,708 - app.utils.i18n - WARNING - Using default value for key 'image_browser.clear_all_tooltip': Clear all images
2025-03-08 14:26:54,708 - app.utils.i18n - WARNING - Missing translation for key 'image_browser.no_image_selected' in locale '<module 'locale' from 'C:\\Users\\ETPau\\AppData\\Local\\Programs\\Python\\Python311\\Lib\\locale.py'>'
2025-03-08 14:26:54,709 - app.utils.i18n - WARNING - Using default value for key 'image_browser.no_image_selected': No image selected
2025-03-08 14:26:54,709 - app.utils.i18n - WARNING - Missing translation for key 'main_window.new_project_tooltip' in locale '<module 'locale' from 'C:\\Users\\ETPau\\AppData\\Local\\Programs\\Python\\Python311\\Lib\\locale.py'>'
2025-03-08 14:26:54,709 - app.utils.i18n - WARNING - Using default value for key 'main_window.new_project_tooltip': Create a new project
2025-03-08 14:26:54,710 - app.utils.i18n - WARNING - Missing translation for key 'main_window.open_project_tooltip' in locale '<module 'locale' from 'C:\\Users\\ETPau\\AppData\\Local\\Programs\\Python\\Python311\\Lib\\locale.py'>'
2025-03-08 14:26:54,710 - app.utils.i18n - WARNING - Using default value for key 'main_window.open_project_tooltip': Open an existing project
2025-03-08 14:26:54,710 - app.utils.i18n - WARNING - Missing translation for key 'main_window.import_images_tooltip' in locale '<module 'locale' from 'C:\\Users\\ETPau\\AppData\\Local\\Programs\\Python\\Python311\\Lib\\locale.py'>'
2025-03-08 14:26:54,710 - app.utils.i18n - WARNING - Using default value for key 'main_window.import_images_tooltip': Import images to current project
2025-03-08 14:26:54,711 - app.utils.i18n - WARNING - Missing translation for key 'main_window.ready' in locale '<module 'locale' from 'C:\\Users\\ETPau\\AppData\\Local\\Programs\\Python\\Python311\\Lib\\locale.py'>'
2025-03-08 14:26:54,711 - app.utils.i18n - WARNING - Using default value for key 'main_window.ready': Ready
2025-03-08 14:26:54,712 - app.utils.i18n - WARNING - Missing translation for key 'main_window.single_image_tooltip' in locale '<module 'locale' from 'C:\\Users\\ETPau\\AppData\\Local\\Programs\\Python\\Python311\\Lib\\locale.py'>'
2025-03-08 14:26:54,712 - app.utils.i18n - WARNING - Using default value for key 'main_window.single_image_tooltip': Analyze one image at a time
2025-03-08 14:26:54,712 - app.utils.i18n - WARNING - Missing translation for key 'main_window.batch_analysis_tooltip' in locale '<module 'locale' from 'C:\\Users\\ETPau\\AppData\\Local\\Programs\\Python\\Python311\\Lib\\locale.py'>'
2025-03-08 14:26:54,712 - app.utils.i18n - WARNING - Using default value for key 'main_window.batch_analysis_tooltip': Analyze multiple images at once
2025-03-08 14:26:54,712 - app.utils.i18n - WARNING - Missing translation for key 'main_window.start_analysis_tooltip' in locale '<module 'locale' from 'C:\\Users\\ETPau\\AppData\\Local\\Programs\\Python\\Python311\\Lib\\locale.py'>'
2025-03-08 14:26:54,712 - app.utils.i18n - WARNING - Using default value for key 'main_window.start_analysis_tooltip': Start colony detection analysis
2025-03-08 14:26:54,713 - app.utils.i18n - WARNING - Missing translation for key 'main_window.stop_tooltip' in locale '<module 'locale' from 'C:\\Users\\ETPau\\AppData\\Local\\Programs\\Python\\Python311\\Lib\\locale.py'>'
2025-03-08 14:26:54,713 - app.utils.i18n - WARNING - Using default value for key 'main_window.stop_tooltip': Stop current analysis
2025-03-08 14:26:54,713 - app.utils.i18n - WARNING - Missing translation for key 'main_window.language' in locale '<module 'locale' from 'C:\\Users\\ETPau\\AppData\\Local\\Programs\\Python\\Python311\\Lib\\locale.py'>'
2025-03-08 14:26:54,713 - app.utils.i18n - WARNING - Using default value for key 'main_window.language': Language
2025-03-08 14:26:54,992 - app.utils.i18n - INFO - Set locale to zh_CN
2025-03-08 14:26:54,993 - app.utils.i18n - WARNING - Missing translation for key 'image_browser.actions' in locale '<module 'locale' from 'C:\\Users\\ETPau\\AppData\\Local\\Programs\\Python\\Python311\\Lib\\locale.py'>'
2025-03-08 14:26:54,993 - app.utils.i18n - WARNING - Using default value for key 'image_browser.actions': Actions
2025-03-08 14:26:54,993 - app.utils.i18n - WARNING - Missing translation for key 'image_browser.image_list' in locale '<module 'locale' from 'C:\\Users\\ETPau\\AppData\\Local\\Programs\\Python\\Python311\\Lib\\locale.py'>'
2025-03-08 14:26:54,994 - app.utils.i18n - WARNING - Using default value for key 'image_browser.image_list': Image List
2025-03-08 14:26:54,994 - app.utils.i18n - WARNING - Missing translation for key 'image_browser.preview' in locale '<module 'locale' from 'C:\\Users\\ETPau\\AppData\\Local\\Programs\\Python\\Python311\\Lib\\locale.py'>'
2025-03-08 14:26:54,994 - app.utils.i18n - WARNING - Using default value for key 'image_browser.preview': Preview
2025-03-08 14:26:54,994 - app.utils.i18n - WARNING - Missing translation for key 'image_browser.import_images_tooltip' in locale '<module 'locale' from 'C:\\Users\\ETPau\\AppData\\Local\\Programs\\Python\\Python311\\Lib\\locale.py'>'
2025-03-08 14:26:54,994 - app.utils.i18n - WARNING - Using default value for key 'image_browser.import_images_tooltip': Import images for analysis
2025-03-08 14:26:54,996 - app.utils.i18n - WARNING - Missing translation for key 'image_browser.remove_selected_tooltip' in locale '<module 'locale' from 'C:\\Users\\ETPau\\AppData\\Local\\Programs\\Python\\Python311\\Lib\\locale.py'>'
2025-03-08 14:26:54,996 - app.utils.i18n - WARNING - Using default value for key 'image_browser.remove_selected_tooltip': Remove selected images
2025-03-08 14:26:54,996 - app.utils.i18n - WARNING - Missing translation for key 'image_browser.clear_all_tooltip' in locale '<module 'locale' from 'C:\\Users\\ETPau\\AppData\\Local\\Programs\\Python\\Python311\\Lib\\locale.py'>'
2025-03-08 14:26:54,996 - app.utils.i18n - WARNING - Using default value for key 'image_browser.clear_all_tooltip': Clear all images
2025-03-08 14:26:54,996 - app.utils.i18n - WARNING - Missing translation for key 'image_browser.no_image_selected' in locale '<module 'locale' from 'C:\\Users\\ETPau\\AppData\\Local\\Programs\\Python\\Python311\\Lib\\locale.py'>'
2025-03-08 14:26:54,996 - app.utils.i18n - WARNING - Using default value for key 'image_browser.no_image_selected': No image selected
2025-03-08 14:26:54,997 - app.utils.i18n - WARNING - Missing translation for key 'main_window.new_project_tooltip' in locale '<module 'locale' from 'C:\\Users\\ETPau\\AppData\\Local\\Programs\\Python\\Python311\\Lib\\locale.py'>'
2025-03-08 14:26:54,997 - app.utils.i18n - WARNING - Using default value for key 'main_window.new_project_tooltip': Create a new project
2025-03-08 14:26:54,997 - app.utils.i18n - WARNING - Missing translation for key 'main_window.open_project_tooltip' in locale '<module 'locale' from 'C:\\Users\\ETPau\\AppData\\Local\\Programs\\Python\\Python311\\Lib\\locale.py'>'
2025-03-08 14:26:54,998 - app.utils.i18n - WARNING - Using default value for key 'main_window.open_project_tooltip': Open an existing project
2025-03-08 14:26:54,998 - app.utils.i18n - WARNING - Missing translation for key 'main_window.import_images_tooltip' in locale '<module 'locale' from 'C:\\Users\\ETPau\\AppData\\Local\\Programs\\Python\\Python311\\Lib\\locale.py'>'
2025-03-08 14:26:54,998 - app.utils.i18n - WARNING - Using default value for key 'main_window.import_images_tooltip': Import images to current project
2025-03-08 14:26:54,998 - app.utils.i18n - WARNING - Missing translation for key 'main_window.ready' in locale '<module 'locale' from 'C:\\Users\\ETPau\\AppData\\Local\\Programs\\Python\\Python311\\Lib\\locale.py'>'
2025-03-08 14:26:54,998 - app.utils.i18n - WARNING - Using default value for key 'main_window.ready': Ready
2025-03-08 14:26:54,999 - app.utils.i18n - WARNING - Missing translation for key 'main_window.single_image_tooltip' in locale '<module 'locale' from 'C:\\Users\\ETPau\\AppData\\Local\\Programs\\Python\\Python311\\Lib\\locale.py'>'
2025-03-08 14:26:54,999 - app.utils.i18n - WARNING - Using default value for key 'main_window.single_image_tooltip': Analyze one image at a time
2025-03-08 14:26:54,999 - app.utils.i18n - WARNING - Missing translation for key 'main_window.batch_analysis_tooltip' in locale '<module 'locale' from 'C:\\Users\\ETPau\\AppData\\Local\\Programs\\Python\\Python311\\Lib\\locale.py'>'
2025-03-08 14:26:54,999 - app.utils.i18n - WARNING - Using default value for key 'main_window.batch_analysis_tooltip': Analyze multiple images at once
2025-03-08 14:26:55,000 - app.utils.i18n - WARNING - Missing translation for key 'main_window.start_analysis_tooltip' in locale '<module 'locale' from 'C:\\Users\\ETPau\\AppData\\Local\\Programs\\Python\\Python311\\Lib\\locale.py'>'
2025-03-08 14:26:55,000 - app.utils.i18n - WARNING - Using default value for key 'main_window.start_analysis_tooltip': Start colony detection analysis
2025-03-08 14:26:55,000 - app.utils.i18n - WARNING - Missing translation for key 'main_window.stop_tooltip' in locale '<module 'locale' from 'C:\\Users\\ETPau\\AppData\\Local\\Programs\\Python\\Python311\\Lib\\locale.py'>'
2025-03-08 14:26:55,000 - app.utils.i18n - WARNING - Using default value for key 'main_window.stop_tooltip': Stop current analysis
2025-03-08 14:26:55,001 - app.utils.i18n - WARNING - Missing translation for key 'main_window.language' in locale '<module 'locale' from 'C:\\Users\\ETPau\\AppData\\Local\\Programs\\Python\\Python311\\Lib\\locale.py'>'
2025-03-08 14:26:55,001 - app.utils.i18n - WARNING - Using default value for key 'main_window.language': Language
2025-03-08 14:26:55,353 - app.utils.i18n - INFO - Set locale to en
2025-03-08 14:26:55,354 - app.utils.i18n - WARNING - Missing translation for key 'image_browser.actions' in locale '<module 'locale' from 'C:\\Users\\ETPau\\AppData\\Local\\Programs\\Python\\Python311\\Lib\\locale.py'>'
2025-03-08 14:26:55,354 - app.utils.i18n - WARNING - Using default value for key 'image_browser.actions': Actions
2025-03-08 14:26:55,354 - app.utils.i18n - WARNING - Missing translation for key 'image_browser.image_list' in locale '<module 'locale' from 'C:\\Users\\ETPau\\AppData\\Local\\Programs\\Python\\Python311\\Lib\\locale.py'>'
2025-03-08 14:26:55,354 - app.utils.i18n - WARNING - Using default value for key 'image_browser.image_list': Image List
2025-03-08 14:26:55,354 - app.utils.i18n - WARNING - Missing translation for key 'image_browser.preview' in locale '<module 'locale' from 'C:\\Users\\ETPau\\AppData\\Local\\Programs\\Python\\Python311\\Lib\\locale.py'>'
2025-03-08 14:26:55,354 - app.utils.i18n - WARNING - Using default value for key 'image_browser.preview': Preview
2025-03-08 14:26:55,356 - app.utils.i18n - WARNING - Missing translation for key 'image_browser.import_images_tooltip' in locale '<module 'locale' from 'C:\\Users\\ETPau\\AppData\\Local\\Programs\\Python\\Python311\\Lib\\locale.py'>'
2025-03-08 14:26:55,356 - app.utils.i18n - WARNING - Using default value for key 'image_browser.import_images_tooltip': Import images for analysis
2025-03-08 14:26:55,356 - app.utils.i18n - WARNING - Missing translation for key 'image_browser.remove_selected_tooltip' in locale '<module 'locale' from 'C:\\Users\\ETPau\\AppData\\Local\\Programs\\Python\\Python311\\Lib\\locale.py'>'
2025-03-08 14:26:55,356 - app.utils.i18n - WARNING - Using default value for key 'image_browser.remove_selected_tooltip': Remove selected images
2025-03-08 14:26:55,356 - app.utils.i18n - WARNING - Missing translation for key 'image_browser.clear_all_tooltip' in locale '<module 'locale' from 'C:\\Users\\ETPau\\AppData\\Local\\Programs\\Python\\Python311\\Lib\\locale.py'>'
2025-03-08 14:26:55,356 - app.utils.i18n - WARNING - Using default value for key 'image_browser.clear_all_tooltip': Clear all images
2025-03-08 14:26:55,357 - app.utils.i18n - WARNING - Missing translation for key 'image_browser.no_image_selected' in locale '<module 'locale' from 'C:\\Users\\ETPau\\AppData\\Local\\Programs\\Python\\Python311\\Lib\\locale.py'>'
2025-03-08 14:26:55,357 - app.utils.i18n - WARNING - Using default value for key 'image_browser.no_image_selected': No image selected
2025-03-08 14:26:55,357 - app.utils.i18n - WARNING - Missing translation for key 'main_window.new_project_tooltip' in locale '<module 'locale' from 'C:\\Users\\ETPau\\AppData\\Local\\Programs\\Python\\Python311\\Lib\\locale.py'>'
2025-03-08 14:26:55,357 - app.utils.i18n - WARNING - Using default value for key 'main_window.new_project_tooltip': Create a new project
2025-03-08 14:26:55,359 - app.utils.i18n - WARNING - Missing translation for key 'main_window.open_project_tooltip' in locale '<module 'locale' from 'C:\\Users\\ETPau\\AppData\\Local\\Programs\\Python\\Python311\\Lib\\locale.py'>'
2025-03-08 14:26:55,359 - app.utils.i18n - WARNING - Using default value for key 'main_window.open_project_tooltip': Open an existing project
2025-03-08 14:26:55,359 - app.utils.i18n - WARNING - Missing translation for key 'main_window.import_images_tooltip' in locale '<module 'locale' from 'C:\\Users\\ETPau\\AppData\\Local\\Programs\\Python\\Python311\\Lib\\locale.py'>'
2025-03-08 14:26:55,359 - app.utils.i18n - WARNING - Using default value for key 'main_window.import_images_tooltip': Import images to current project
2025-03-08 14:26:55,359 - app.utils.i18n - WARNING - Missing translation for key 'main_window.ready' in locale '<module 'locale' from 'C:\\Users\\ETPau\\AppData\\Local\\Programs\\Python\\Python311\\Lib\\locale.py'>'
2025-03-08 14:26:55,359 - app.utils.i18n - WARNING - Using default value for key 'main_window.ready': Ready
2025-03-08 14:26:55,360 - app.utils.i18n - WARNING - Missing translation for key 'main_window.single_image_tooltip' in locale '<module 'locale' from 'C:\\Users\\ETPau\\AppData\\Local\\Programs\\Python\\Python311\\Lib\\locale.py'>'
2025-03-08 14:26:55,360 - app.utils.i18n - WARNING - Using default value for key 'main_window.single_image_tooltip': Analyze one image at a time
2025-03-08 14:26:55,360 - app.utils.i18n - WARNING - Missing translation for key 'main_window.batch_analysis_tooltip' in locale '<module 'locale' from 'C:\\Users\\ETPau\\AppData\\Local\\Programs\\Python\\Python311\\Lib\\locale.py'>'
2025-03-08 14:26:55,360 - app.utils.i18n - WARNING - Using default value for key 'main_window.batch_analysis_tooltip': Analyze multiple images at once
2025-03-08 14:26:55,361 - app.utils.i18n - WARNING - Missing translation for key 'main_window.start_analysis_tooltip' in locale '<module 'locale' from 'C:\\Users\\ETPau\\AppData\\Local\\Programs\\Python\\Python311\\Lib\\locale.py'>'
2025-03-08 14:26:55,361 - app.utils.i18n - WARNING - Using default value for key 'main_window.start_analysis_tooltip': Start colony detection analysis
2025-03-08 14:26:55,362 - app.utils.i18n - WARNING - Missing translation for key 'main_window.stop_tooltip' in locale '<module 'locale' from 'C:\\Users\\ETPau\\AppData\\Local\\Programs\\Python\\Python311\\Lib\\locale.py'>'
2025-03-08 14:26:55,362 - app.utils.i18n - WARNING - Using default value for key 'main_window.stop_tooltip': Stop current analysis
2025-03-08 14:26:55,362 - app.utils.i18n - WARNING - Missing translation for key 'main_window.language' in locale '<module 'locale' from 'C:\\Users\\ETPau\\AppData\\Local\\Programs\\Python\\Python311\\Lib\\locale.py'>'
2025-03-08 14:26:55,362 - app.utils.i18n - WARNING - Using default value for key 'main_window.language': Language
