count,confidence,boxes,scores,run_id,timestamp
29,0.8416858187685353,"[[582.63912295 283.10978479 757.95629722 549.24903736]
 [383.53496457 280.77293221 538.1085718  652.50007075]
 [511.75090852 736.96138663 440.16541029 645.43783567]
 [449.95823866  32.64408788 467.0821996  597.90923742]
 [432.17016896 176.26962569 604.88229992 698.24324372]
 [ 24.17558602 751.63491206 627.29784897 112.4700621 ]
 [718.90477054 733.30562004 431.70336442  39.20207763]
 [673.1287136   81.80512791 682.04310209 627.94474637]
 [ 70.80942427 625.61215099 172.19659621 464.21888169]
 [725.79892116 186.26976711 204.67498575 779.55688657]]","[0.40304942 0.96209971 0.40402237 0.08904225 0.18352097 0.9288205
 0.71772006 0.50832123 0.12976282 0.95446566]",1,2025-03-03T22:43:13.217808
45,0.8282230454423725,"[[ 27.9748662  209.93455405 760.35887062 625.11332669]
 [287.26104383 452.16500018  74.01852927 232.94679836]
 [  1.0507641  583.17360798 379.03099877 511.95281044]
 [689.33930051  33.95367613 328.52499141 492.90430896]
 [231.29981138 778.55266065 332.11215833 323.01988424]
 [787.82436292 676.42856579 594.30049238 756.30818496]
 [408.37544857 558.33439195 684.92426736 365.91737579]
 [659.22006195 382.29557369 746.66975147  73.42075988]
 [  4.8494637  742.53205963 138.54511838 227.02928279]
 [610.28913652 467.9975018  236.00319498 561.04271184]]","[0.60812489 0.35605302 0.82954841 0.4743517  0.56418864 0.34035173
 0.04903464 0.36899633 0.23145098 0.09965247]",2,2025-03-03T22:43:13.223787
37,0.860321762960949,"[[308.49046275 466.53400053 334.83863746 395.52880326]
 [706.47543518 419.17251675 539.06228115 374.63077165]
 [198.83127778 535.66186625 116.5893987   99.44617608]
 [430.09813525 671.72789074 300.61656624  74.9732016 ]
 [508.66187364 726.12709582 285.1059482   53.40978997]
 [251.03075944 232.16474512 770.32569862 532.05844825]
 [  3.13667173 131.92508707 792.02461301 138.36545766]
 [685.43627208 791.94061533 309.12232219 118.48627704]
 [258.87826113 538.29091879 736.86783659 371.61950824]
 [512.76197842 290.11765468 325.12305704  87.28463598]]","[0.74935845 0.29455335 0.75903167 0.57849338 0.51843344 0.53925247
 0.08786429 0.13733139 0.53669146 0.94152471]",3,2025-03-03T22:43:13.230145
42,0.8171105893079872,"[[180.75466819 712.75313163 326.76474946 568.22846117]
 [484.09278885 758.66234678 164.2008831  575.5645321 ]
 [398.47167141 669.38721269  22.76447068 532.35577547]
 [428.26242629 638.63934338 183.94197019 454.88485175]
 [ 84.63364724 329.97513975 732.39164255 462.04107441]
 [406.14458956 244.04396839 707.05533086 119.90654484]
 [554.65594179  98.35257732 357.7599908  295.81039613]
 [384.35797948 333.70094272 445.99017275 603.60392065]
 [697.57883987 458.47815287 557.98375016 717.77787804]
 [186.05012075 344.0237665  351.89650069 730.96181492]]","[0.55872289 0.70361327 0.38548039 0.2431064  0.69848074 0.10510319
 0.99673101 0.13002358 0.11651361 0.62057535]",4,2025-03-03T22:43:13.235844
16,0.8282203578078751,"[[652.33663468   7.88203651 782.52594694 756.60504389]
 [446.71927663 360.84291642 793.91676227 245.13646261]
 [569.14304071 616.79654197 793.91290224 575.25793994]
 [654.07556774 746.54044654 627.8585315  447.18553797]
 [563.42932111 331.73871836  86.75703504 486.79802391]
 [442.553995    96.33499876  48.13655994 284.15950603]
 [370.13864617 304.0027647  775.01501809 207.22600772]
 [580.18202345 126.49648081 259.81347535 474.37771708]
 [644.84763755 444.20982947 634.53594988 109.87265646]
 [ 79.43154284 250.84064707  62.34307291 638.68369511]]","[0.0202375  0.25207128 0.93589761 0.9044034  0.25387993 0.10141219
 0.49291589 0.32815595 0.86697965 0.73208478]",5,2025-03-03T22:43:13.241296
28,0.818236818050973,"[[422.57421327 733.69144062 266.26219043 635.22192109]
 [405.63313313 541.03102342 677.0325748   97.41346298]
 [164.71320626 632.69511452 151.59604141 620.79992129]
 [ 74.26786327 278.93590713 312.6018793  514.43769998]
 [540.44473477 335.19281384 399.01455962 598.31051057]
 [244.42206777 316.34490821 618.38526168 390.05235319]
 [527.35446841   0.87659317 633.56866908  90.28208971]
 [277.16327228 193.88515647  80.42554536 633.76938427]
 [471.57317717  98.00163612 513.86229491 635.1678398 ]
 [731.57032492 691.78595313 469.6934007  667.26532347]]","[0.48649406 0.11136158 0.59728313 0.73449666 0.6676089  0.88062923
 0.15192128 0.53682203 0.402448   0.29899395]",6,2025-03-03T22:43:13.246524
15,0.8514693925676351,"[[527.43123034 290.23188412 602.21520182 716.95679256]
 [313.16004554 697.40965292  85.59513921 538.65605358]
 [499.01014105 744.55458734 715.67604878 102.88541841]
 [774.8748994  394.05952145 722.36809994  86.18173892]
 [408.34046289 297.32970333  56.1711857  682.66632911]
 [625.61361154 470.11160499  81.08749675  24.68447757]
 [659.4069842  210.02863073 469.52719581 596.38775621]
 [608.16205155 774.60382196 594.81949598 203.63961833]
 [761.19085033 535.93144868 712.41660123 669.68668222]
 [268.24753735 322.43578779 161.42867048 562.25387188]]","[0.51635981 0.9194828  0.52360529 0.24982427 0.85051472 0.40698058
 0.36766859 0.91681667 0.90260987 0.30641215]",7,2025-03-03T22:43:13.251593
42,0.905308393040226,"[[548.21625229 500.01532024 293.9426856  660.9497088 ]
 [222.80766715 748.10371519 410.03897826 567.91796306]
 [  6.63470599 385.64555522 389.38899096 171.71339054]
 [536.52682589   6.49474511 346.17469762 694.39530074]
 [236.53590255 727.113523   725.81097983 617.07990448]
 [353.72055163 647.01136718 478.10491763  19.58764569]
 [454.16567251 650.43075404 387.32839188  40.65117554]
 [ 29.71572549 786.41693474 718.74211488 442.29475647]
 [721.66186366 753.80481923 576.05092781 391.87538417]
 [102.08722983 283.92651044 712.08513546 496.672069  ]]","[0.49951187 0.68713069 0.87806407 0.76714924 0.71442095 0.43340098
 0.19433787 0.69928587 0.06432586 0.5469662 ]",8,2025-03-03T22:43:13.257181
50,0.835809393802315,"[[ 60.62418738 478.22667426  47.42216027 117.14571197]
 [214.00860489 200.55234773  33.13512852 460.01918679]
 [449.24868976  35.43697299 385.90121856 264.4437015 ]
 [623.1391457  490.99221827 462.22005397 417.34685883]
 [  1.52003177 360.04936262 130.72112776 221.22724543]
 [438.06783596 663.50120716 622.98174553 158.55762583]
 [ 44.17369575 583.07229099 161.19113085 316.10731293]
 [316.10653237 325.95665327 598.10058044 617.24247273]
 [219.66876292 144.76717898 772.20703625 712.97703877]
 [ 30.71310463 655.58284181 207.71601931 666.06837621]]","[0.58737    0.44720259 0.96869206 0.63230359 0.55856008 0.18152118
 0.1878586  0.21311596 0.46269057 0.99447183]",9,2025-03-03T22:43:13.262330
18,0.8291388296127055,"[[356.9356689  270.76295409 249.06357626 226.9742368 ]
 [ 50.96343131 433.1130765  133.51375535 434.99011332]
 [162.1476165  406.65453604 621.57797858 552.41216728]
 [ 12.49908387 703.23737234 198.48446674 792.65505351]
 [439.25020519  94.1359792  442.09377513 550.56232197]
 [137.04651446  32.58498281 410.34966791 686.62733545]
 [440.12751876 652.61759543 649.12410765  38.0754698 ]
 [ 61.23689335  85.92046676 142.20221967 170.56003365]
 [109.04370131 793.53105008 159.76273056 286.9612786 ]
 [ 54.45157303 406.11246672 429.35489912 342.95771661]]","[0.27244389 0.32935046 0.48379233 0.83537452 0.20009282 0.46082885
 0.76821163 0.85476337 0.52915505 0.7064482 ]",10,2025-03-03T22:43:13.268113
30,0.9074056835837555,"[[613.13758449 410.22313467 244.67410859 149.83129495]
 [743.90165121 292.1701504  728.26248806 224.89313342]
 [230.10990835 294.11489616 737.30937835 548.45275315]
 [  2.74474095 132.55985251 267.71443931 620.2147235 ]
 [794.37203889 113.78199238 708.99145603 213.00218725]
 [539.99056529 762.07502391 159.58814614 533.14905139]
 [ 52.51322355 774.95631315 238.62156567 676.24304639]
 [367.1202032  284.95933215 387.92162742 365.93236594]
 [476.37069022 246.33683225 647.77871545 634.18143265]
 [175.22011704 539.45125891  13.29034595 342.34100697]]","[0.9244805  0.85904575 0.23232419 0.18634615 0.17584548 0.63847574
 0.53974636 0.26676398 0.28471458 0.27154331]",11,2025-03-03T22:43:13.273886
15,0.8081722328421357,"[[679.97357349 644.52531561 539.52699474 460.67174809]
 [453.26296127 206.65924928 137.35462864 587.09884445]
 [258.43349711 114.12259684 309.80011382 306.63822384]
 [270.83609602 425.36457571 109.12220296 412.76578412]
 [193.57670874 454.76888241 629.07944498 504.124509  ]
 [464.80281784 585.11868601 651.5915693   66.7921761 ]
 [447.44608912 572.17683834 584.36092293 118.96691512]
 [633.14805337 133.0662614  140.0341542   76.28666112]
 [689.44689917 112.22783844 590.40705373  97.1580652 ]
 [771.08369344 533.2689097  580.95913312 184.41957795]]","[0.58904343 0.79315399 0.15908989 0.02520025 0.07677972 0.91424982
 0.79888505 0.97861918 0.96310443 0.378862  ]",12,2025-03-03T22:43:13.278632
24,0.8343293232184268,"[[745.51388672 109.34646587 755.14321435 260.41080751]
 [344.7642827  216.06720026 365.41896426 525.84776486]
 [340.53810364 201.83150307 293.52288727 605.40145234]
 [415.13228573  92.65343824 761.2033812  374.49881345]
 [345.38470398 118.15667184 754.38018445 588.34395665]
 [654.53341116 249.79901617 126.8028884  129.05613083]
 [171.92444698 788.6709302  156.39778968 688.42456399]
 [663.56784618 154.79963548 777.75271045 228.00511474]
 [ 91.86235808 298.37212229  58.82214185 205.69128196]
 [ 52.13298738 577.59592203 513.74778897 435.42787472]]","[0.13507294 0.65706826 0.14413719 0.77717847 0.15194491 0.11157418
 0.96723114 0.75246717 0.97502601 0.69479321]",13,2025-03-03T22:43:13.285462
39,0.8884447931396519,"[[ 95.7372685  600.66723301 342.43627098 679.84080801]
 [747.09731489 358.78065904 596.16558634 439.0338474 ]
 [ 73.16711424 288.84388654 282.99576994  82.96189238]
 [189.61975037 592.70602193 147.34138215   8.627904  ]
 [301.35045175 526.12820244  96.01205028 294.05209857]
 [478.30153343 571.32273094 354.50456932 340.33786847]
 [339.41268681 259.03999345 202.03273495 411.28383609]
 [367.72052165 688.27354247 793.36872841 584.28782442]
 [576.99209302 788.67566115  80.51908185 313.06189048]
 [170.76497576 461.30707121 470.3904612  352.26376591]]","[0.58732981 0.52644059 0.25398255 0.3149451  0.58991925 0.70008202
 0.315896   0.57926079 0.4919542  0.50159361]",14,2025-03-03T22:43:13.292388
15,0.8464550432648283,"[[319.52641646 692.83729807 541.72505499 371.07854042]
 [377.423401   433.7396615    4.88337143 236.58288826]
 [617.79994063 150.12672857 612.02771778 118.31683791]
 [487.18584208 376.08548629 696.23267962 236.36990386]
 [639.14061217 244.96878771 268.64936947 596.79067617]
 [436.04111764 258.75941506 623.26020622 746.93187616]
 [127.16532176  50.13064192 150.42728787 766.14580872]
 [291.25008625   2.35724312 131.79941496 338.24183682]
 [ 31.83376916 149.5929679  610.9091563  769.007405  ]
 [633.12068729  18.25135488 498.61253498 117.05003379]]","[0.82576241 0.07183175 0.64300447 0.29772572 0.10492645 0.02270809
 0.04503153 0.33035314 0.83403603 0.88965219]",15,2025-03-03T22:43:13.298093
30,0.8147231299203992,"[[156.11674541 555.5324989  304.40307359 537.52502478]
 [670.76428769 183.33720267 450.48280791 614.94690616]
 [164.6289502  119.49095862 773.08991184 421.88786163]
 [426.77285897 605.76597555  18.11938595 702.90462363]
 [201.75885539 542.27362558  82.81704481 428.4594766 ]
 [548.44450162 101.40184344 297.20746731 394.75008196]
 [228.63248255 384.28593482 455.73103784 690.8910731 ]
 [603.0607591  301.25666437 173.01654125 717.83652992]
 [688.23106795 230.81618995 682.03503388 344.7157496 ]
 [737.03058868 607.36208367 691.54024149 681.87656395]]","[0.43138189 0.82797783 0.55877809 0.15855417 0.81990388 0.4576411
 0.98728656 0.40862461 0.24738391 0.58868567]",16,2025-03-03T22:43:13.303683
11,0.9467025354178543,"[[693.04616211  24.74726721 455.53307082 596.71568133]
 [251.13898222 505.48808185 188.90979033 159.88595835]
 [539.78107386 630.18048652 470.24558266 303.55326911]
 [591.94714093  17.92737439 424.00597886 255.12566544]
 [475.6480507  515.99072778 670.62919775 366.64588021]
 [102.07626837 231.07154581 579.34984935 320.1705377 ]
 [ 59.6907418  453.82610275 362.61116707 236.94809168]
 [178.06973462 541.50934063 622.52523129 257.38549892]
 [268.54863906 560.79364517  46.44231262 140.60454205]
 [628.11390111 553.01277038 312.37295501 117.34963955]]","[0.8756847  0.07319212 0.87020514 0.29748513 0.98315699 0.70772193
 0.4121901  0.93741387 0.19050197 0.14151229]",17,2025-03-03T22:43:13.309641
41,0.9126125126472673,"[[342.7695867  345.72939701 119.07885028 535.42794964]
 [798.88233149 537.19215319 254.01736353  29.466909  ]
 [631.29519517 225.78267006 767.72387215 467.06992207]
 [522.9393658  457.55957175 329.61031892 404.25531075]
 [285.55335826 541.41308586 347.9987892   73.42877281]
 [ 71.86401394  28.39727786 621.35619883 165.61727431]
 [778.96609267 229.63851228 639.61729714  26.65749671]
 [659.44135672  86.60972577 388.38410782 618.63933373]
 [690.84655115 690.95162961 475.34255851 754.31740922]
 [  3.9009711  700.40182377  56.32995471 203.27939585]]","[0.23042499 0.87058758 0.97423666 0.4075927  0.95505217 0.83106949
 0.89970833 0.55417329 0.10224927 0.65842999]",18,2025-03-03T22:43:13.316285
22,0.8437280726346039,"[[417.56819082   6.31640323 506.18538176 631.17642744]
 [348.59490422 744.06738456 292.45552895 438.94866526]
 [ 74.77486089 364.18470796  90.32893637 114.39869558]
 [465.23961269 697.3247508   17.08590095 724.61374787]
 [237.31155511 418.37357735  73.66074817 429.03935058]
 [465.02384242 240.79133587 756.17923511 534.74668109]
 [614.93297898  94.52190409 688.32918464 227.71382116]
 [479.23407834 514.19584918 173.21083344 470.29173291]
 [300.55236455 185.92031099 576.25277459 649.93957871]
 [595.73694485 573.62397728 376.28591642 721.08802672]]","[0.31195368 0.25613774 0.80000396 0.59887205 0.36284536 0.22473092
 0.67070411 0.81007572 0.39374497 0.85503823]",19,2025-03-03T22:43:13.322412
49,0.896236967949481,"[[698.65349182 701.29972497 291.92207482 267.50701269]
 [287.01492512 386.49615551 674.87847757 755.14735499]
 [404.41115562 560.09332693 158.07932627 187.00407513]
 [318.39312829 311.11577028 423.95162659 378.66016393]
 [363.79607764 420.31731174  41.99122941 673.77036175]
 [387.64062689 449.75957953 368.95138458 317.99344993]
 [656.74985475 711.01207175 650.15456056 106.1714059 ]
 [648.45091202  89.29990903 113.37736502 665.67655952]
 [636.99121588 141.54102665 358.79431125 435.71193582]
 [482.15120977 486.07966639  70.84136941 464.09462021]]","[9.63081905e-01 7.63446024e-01 4.51287332e-01 1.62108282e-01
 3.11789992e-04 1.70049179e-01 8.78598919e-01 1.25918093e-01
 4.29303751e-01 3.37692667e-01]",20,2025-03-03T22:43:13.327612
45,0.9409463823878923,"[[405.54522326 508.19558886 178.90783146 254.81700355]
 [297.24168936 230.05574921 607.25372295 736.99504799]
 [411.74835078 554.55465661 442.94179247 428.89478236]
 [770.95321411 709.22557042 592.01341437 599.54927398]
 [779.89363453 350.01354015 126.84903678 186.14092523]
 [573.04242121 687.79331848 169.61712766 573.10824274]
 [337.47067216 775.20525444 239.36545557 585.61310211]
 [547.56675034 339.6959125  378.34441352 251.80157405]
 [294.84378336 433.27344693 683.871425    29.15779966]
 [139.9298976   27.7666048  709.83164579 659.30400012]]","[0.92817662 0.43319094 0.58911132 0.60288988 0.36673837 0.99755915
 0.48725778 0.59236287 0.26168332 0.66736956]",21,2025-03-03T22:43:13.334795
42,0.892595846765369,"[[158.26635532 295.53628518 692.91955851 345.84721214]
 [311.87963324  84.21228938 429.95553459 362.64544711]
 [494.40491469 241.40159541 260.83470242 451.71401179]
 [343.59754187 703.6637297  782.25919288 105.08567779]
 [204.67217716 104.81934539 231.60275465 687.4416224 ]
 [206.34780822 411.96604485 319.51718652 776.81491218]
 [746.73039579 544.89574333  81.28787659 380.9211841 ]
 [781.65496316 160.95777346  16.52177171 794.86665404]
 [414.76877569 794.36168615 315.33012889 603.76056753]
 [109.13472673 447.7490424  304.86644946 397.0226316 ]]","[0.92467357 0.04326629 0.12386681 0.3355506  0.13553579 0.39622726
 0.34581949 0.57993945 0.32971725 0.55973765]",22,2025-03-03T22:43:13.341690
29,0.8185597908941257,"[[120.6121175  500.28222426 749.13817664 347.50734054]
 [284.71487249 298.14113252 625.13076862 684.68266588]
 [ 45.73024399 585.53168794 547.46257668 648.66493825]
 [512.70729053 401.82917023 556.42028347 167.09251444]
 [556.75138984 608.08847528 673.82064572 492.28695554]
 [714.56458107 696.87663287 479.33386036 466.40087884]
 [598.70431472  51.01220753 376.13183273 588.14241191]
 [586.15602502 348.36845536 574.2240082   35.20596577]
 [729.27438071 533.70750818 157.36527435 655.91268099]
 [209.29900575 104.18999558 578.95295444 363.90863675]]","[0.6455629  0.49149468 0.10592145 0.98252826 0.53529324 0.21603082
 0.33218613 0.49110943 0.68302278 0.88163048]",23,2025-03-03T22:43:13.348434
42,0.9440023793642589,"[[125.65197097 165.12931051 336.2429172  507.95962632]
 [401.43097041 502.42711953 511.32961513 536.18859188]
 [515.19552246 339.18941515 256.20725109 619.50222528]
 [335.32794102 504.80938559 135.5344065  364.4707342 ]
 [295.65660098  57.2936898  694.42754778 593.38038402]
 [456.58645483 656.87920118 750.60077387 787.41570107]
 [436.45904784 604.66985336 757.64181913 731.99751293]
 [199.81559917 745.64083107 319.28965429 544.08392514]
 [421.22020877 409.4625806   52.7332439   15.77888544]
 [103.0496689  666.20164453 103.7095548  557.71273641]]","[0.20318426 0.98874812 0.25300822 0.35279877 0.79996989 0.8294651
 0.84021259 0.2659454  0.92415155 0.08953254]",24,2025-03-03T22:43:13.355083
14,0.8037204837346895,"[[340.38857716 366.56035453 513.15866814 559.28113821]
 [ 95.88748874 368.59335672 753.84203831 225.09201431]
 [360.97771607 474.07300608 619.2215838   83.53123535]
 [ 34.61126877 492.34264313 592.6686163  413.19155928]
 [740.52204562 710.22815051 519.28882455 703.16870269]
 [164.75531233 204.39072184 147.8802705  596.21629731]
 [341.70262228 345.94788246  52.61217227 391.91274424]
 [486.47443089 720.72882096 598.51911905 788.68752069]
 [681.63200364 658.06838438 798.03127998 429.52061134]
 [189.9705419  488.76341051 371.74161335 348.25949922]]","[0.71388769 0.71516896 0.6157471  0.31855108 0.99116633 0.70348215
 0.19716527 0.68098809 0.91281355 0.38366087]",25,2025-03-03T22:43:13.361189
27,0.877684556306743,"[[264.98248824 314.96053364  91.95423065  74.50152526]
 [634.01471775 203.51704653 649.83421317 375.75816024]
 [225.09563198 418.76543629 565.74076517 534.47873777]
 [ 70.49953619  79.66035537  34.25351635  31.71518874]
 [ 68.73900247 578.26843778 365.56401199 207.63924899]
 [143.95069021 649.15142491 403.9901741  278.82093759]
 [393.67120257 447.99810718 770.41426065 227.06591629]
 [ 54.60225461 132.19560691 272.53390426 283.95750452]
 [602.43563032 160.30612939 318.93276054  13.20427382]
 [575.56010406 469.58922707  50.18785115 379.42738947]]","[0.24436624 0.36906172 0.53545795 0.63892429 0.00416811 0.27081131
 0.58885436 0.32546542 0.90738975 0.93880965]",26,2025-03-03T22:43:13.367934
39,0.9035965948206065,"[[325.6665799  593.40915216 752.81184622 624.40828065]
 [442.0295945  468.13600666 795.49951859 710.32149463]
 [752.15089126 463.85930366 395.29647782 418.50512221]
 [609.87605761 516.91206249 132.4559306  165.28298891]
 [ 18.26174724 760.65175956 627.13484161 737.05949969]
 [507.98064017 403.99084292 142.83300704 322.73022653]
 [ 66.65133504 108.80160366 476.04814967 747.25730874]
 [499.7302636  595.51388768 798.39491061 233.95204087]
 [ 63.02178317 537.53644186 344.30464122 101.84262225]
 [593.8048567  397.55347026 301.31293423 643.12292396]]","[0.55765438 0.01861432 0.75506698 0.15106895 0.71611627 0.53635391
 0.13680965 0.22178397 0.92600339 0.76482817]",27,2025-03-03T22:43:13.374520
45,0.9478873879044584,"[[438.24716009 133.46511599 299.61473651 295.43962889]
 [434.12843102 474.75340774 749.64031944 761.51831661]
 [470.36339229 563.75119194 325.42934347 732.46422521]
 [111.19497145  73.25818266  78.18057374 251.7526602 ]
 [542.3797211  425.35440952 115.66266734 322.34698145]
 [648.53813048 655.71152763 240.25281842 539.91474456]
 [  5.45362783 316.28550232 772.33732767 411.33739851]
 [754.41470376 535.38657727 434.68091094 479.21320855]
 [660.3839035  769.76610201 732.41669158 372.08162383]
 [262.02936738 539.49338597 226.07134841 155.05096445]]","[0.18130252 0.9924745  0.68866446 0.49426278 0.53317589 0.16191312
 0.43453974 0.88769376 0.58217092 0.86253205]",28,2025-03-03T22:43:13.380855
34,0.8693010453934868,"[[771.55750941 411.24329307 613.31700973 615.68812544]
 [702.94462684 228.34297305 381.09203035 113.46409579]
 [248.11049713  24.43289653 155.96363677 667.03792572]
 [298.36237136 281.8644257  199.11527044 741.25763537]
 [625.38585452 224.39474825 691.85678437 550.34177261]
 [ 74.51695289 334.99867729 557.30620904 308.57296592]
 [222.88171596 324.32397144   9.20312531 262.02061589]
 [401.13935631 799.8895414  199.1131834  199.5841848 ]
 [595.02672535 697.76752107 498.342158   147.82195773]
 [601.01804098 211.83990084 119.25138281 689.42477747]]","[0.41979957 0.31970866 0.90103212 0.86443473 0.33805135 0.07495158
 0.02761305 0.44618837 0.71843518 0.53490681]",29,2025-03-03T22:43:13.387531
31,0.8245273632512743,"[[642.97138886 540.65796286 784.37746009 703.80943147]
 [203.01364318 692.31602742 279.44527265 442.34992243]
 [535.88713667 190.56924268 331.88731914 321.07443956]
 [682.53617493 716.53396769 627.48498646 643.03100561]
 [781.17934643 178.22144409 657.43802839 762.24162856]
 [685.98622703 144.96182454 655.87691662 674.74886785]
 [363.54096898  64.87361971 625.22869866 554.23752375]
 [529.02600021  97.85102378  32.8827367  292.30818868]
 [680.40717828 233.33896439  19.63007939 677.70348279]
 [495.6190773   96.9410381  737.25343531 473.5119252 ]]","[0.94233727 0.47756282 0.45938961 0.93135265 0.86624974 0.62327107
 0.34402894 0.64549254 0.45703485 0.89813985]",30,2025-03-03T22:43:13.392873
37,0.9298279371826572,"[[214.99298012  76.13673863 267.67151334 615.93052375]
 [770.67753936 467.48515251 275.82099802  46.56357378]
 [330.93196661 224.6105449  127.48880428 256.83361201]
 [ 87.57757909 722.27099826 444.78274404  17.8510027 ]
 [ 44.40739115 152.89711075 456.80038557 532.15408831]
 [583.30493167 331.28854564  34.57129522 760.87223646]
 [240.40823299 423.96002895 211.5370339  602.20342532]
 [780.35387089   7.59364405 788.60049306  77.31085343]
 [784.44484162 251.52346951 247.04042589  17.16942054]
 [357.93460918 514.22964574 304.50490999  58.27354812]]","[0.79325448 0.27731024 0.64668995 0.16625061 0.72747024 0.92325429
 0.01114306 0.694573   0.59708635 0.9741014 ]",31,2025-03-03T22:43:13.399222
19,0.901747136480525,"[[412.20893343  79.02785836 242.02733842 100.389512  ]
 [391.21305045  83.82055347 587.29378912 605.6880064 ]
 [ 25.6691341  428.93935427  99.98009181 102.43790717]
 [303.66214765 135.59625359 377.97565893  67.61212516]
 [556.11043457 278.90641686 283.37103795 337.96558296]
 [346.68750416 775.29881923 745.09393015 128.32953148]
 [609.85929188  99.80455447 678.43688136 492.86985585]
 [ 16.71184589 176.99274772 796.04071889 463.22141558]
 [584.04147628  66.99039298  71.08323088 747.42139418]
 [243.03758526 617.1027341   54.70192038 155.12128573]]","[0.94862739 0.0673315  0.24016193 0.63938666 0.6833993  0.30246126
 0.16918923 0.0568159  0.59340994 0.60020514]",32,2025-03-03T22:43:13.405228
35,0.945640107425097,"[[225.75823329  50.38459335  58.02985903  68.67504962]
 [571.54293583 454.7717624  275.8073289  602.73260785]
 [643.70518617 610.53514937 769.80063673 227.2416107 ]
 [696.62357837 780.73707143  26.6655314  657.65168272]
 [106.27041902 595.85863565 447.4187551  509.62390124]
 [286.71372673 173.40935183 308.60808039 153.52650501]
 [172.39141522 789.49440492 753.84010155 404.49117182]
 [356.24590396 537.03534686 219.90830975   7.76516916]
 [351.05392252 695.59978274  75.64273987 167.99790569]
 [307.90989391 598.53954085 515.28836582 554.11074502]]","[0.62217701 0.94904242 0.96821837 0.31932949 0.96844585 0.15849767
 0.14323875 0.88543957 0.84788214 0.01110078]",33,2025-03-03T22:43:13.412716
31,0.9289008121692106,"[[799.91404364 358.60086639 574.55552175 294.4673745 ]
 [576.26510291 432.93617766 377.67260194 116.88436004]
 [570.84854532 151.64142219 242.29203514  10.47985762]
 [676.95559804 246.72094025 736.87979067 448.29783861]
 [249.9348047  172.67482154 132.64959662 693.78032034]
 [427.08549547 306.76568624 632.26995875 540.88523153]
 [105.0502135  272.0591795  470.41396653 219.93783053]
 [445.74429723 332.07367694 678.8131857  185.26704878]
 [527.52348266  99.70094327 671.04206171 320.6762309 ]
 [ 92.22882373  10.12002932 646.73448848 789.0644022 ]]","[0.24317159 0.61198761 0.81882132 0.83062572 0.44270519 0.79009499
 0.24670812 0.32488792 0.99600733 0.75594292]",34,2025-03-03T22:43:13.417992
23,0.933203291048252,"[[ 67.96104795 732.37597357  93.85471482 722.7843439 ]
 [305.48234306 290.73308445 519.58708437 649.10592381]
 [387.95995393 251.85062511 452.59379546  25.02415729]
 [717.45272774 723.28599968 533.98443081 327.05457715]
 [570.07008173 729.10256707 212.90594471 275.91549807]
 [266.35424681 237.89237528 230.95297928 797.77328169]
 [ 92.16088624 304.90674836 783.68039984 649.96822237]
 [ 75.76877558 140.22935435 777.53083637 451.37233617]
 [747.07083037 769.69179672 196.8790085  360.19109035]
 [700.7944836  370.37158987 387.2591362  534.36797408]]","[0.10295365 0.9988307  0.73198601 0.26006828 0.98073408 0.47701129
 0.97616096 0.96251268 0.82265765 0.06292234]",35,2025-03-03T22:43:13.425619
14,0.8144356480662577,"[[198.64752297 412.95767122 644.19352996 636.67816442]
 [345.4859907  140.40094599 712.82902294 612.83501078]
 [439.76675684 641.82244822  13.74322431 238.6070589 ]
 [ 25.63266805 758.06654284 494.2970527  258.15290234]
 [474.59733174 787.85707343 243.28515689 596.748668  ]
 [594.80020263 564.31725957 519.06864525 109.91928666]
 [200.25499061 329.04085156  87.62544151 751.62232952]
 [511.43430434 541.10822158  89.04807609 104.24895551]
 [193.37778222 415.23235984 247.82285458 305.3817003 ]
 [413.77390459 255.71886594 258.40753013 390.4486845 ]]","[0.93078104 0.71007704 0.07906533 0.08835274 0.59575335 0.43919421
 0.26877557 0.73822693 0.45669386 0.64865165]",36,2025-03-03T22:43:13.433618
17,0.8289530868104298,"[[106.88578268 225.87246123 119.63829655 174.95058504]
 [317.5612696  195.46266238  90.81986659 453.18441223]
 [201.40726625 388.48514519 217.70737348 597.6402755 ]
 [739.31761997 384.98054841 648.72982071 402.86280105]
 [546.02648118 317.16777392 186.09405606 339.38631055]
 [495.90419133 629.32847355  54.97641796 750.95203691]
 [412.26075578 358.85222524 498.3346221  209.08829566]
 [331.48542548 572.65672631 636.7410915  781.05185591]
 [523.52576244 379.05653509 405.30015027 741.32175098]
 [160.11375557 114.06818908 582.74230023  41.61282691]]","[0.71516479 0.50200004 0.71639221 0.03865557 0.32701433 0.82764553
 0.91149874 0.80913398 0.1914632  0.76340758]",37,2025-03-03T22:43:13.440147
36,0.8596724349970228,"[[648.07857502 278.77055284 200.50374747 517.28476189]
 [491.08763284 379.02749062 237.02600148 759.55467059]
 [454.51890625 506.26993595 176.12598925 535.60872013]
 [138.73258279 461.92749214 428.74235869 529.27346594]
 [796.5929624  703.30184773 573.57464572 589.70495807]
 [537.70678419   9.59160058 695.32859128  81.54108452]
 [559.34595842 632.079323   582.93969252 275.30580588]
 [318.13793505 660.1423109  281.26851243 512.32714703]
 [631.32871552  22.92129802 784.5463509  387.48893697]
 [695.96142328 408.09548036 665.53893618 691.81980645]]","[0.16466612 0.18210285 0.10199801 0.28227446 0.43159629 0.92220185
 0.63328124 0.10049971 0.74052504 0.3545677 ]",38,2025-03-03T22:43:13.446329
32,0.8740623062451993,"[[499.89734831  53.329      132.49824298 673.55275581]
 [ 56.69765858 115.09198372 337.80088896 287.24933796]
 [184.46273982 625.99329322 587.98648761 351.1715367 ]
 [ 47.2620407  682.28736744  60.48582145 192.41599279]
 [659.02433103 443.48766772 200.2001238  672.12062709]
 [733.15876695 434.99741396 440.60978842 724.68937954]
 [441.60004897 457.74291813 759.76632757 369.73299813]
 [566.88549954 371.15301063 398.05511841 184.00974192]
 [729.05781062 124.6077862  699.59657792  78.23641528]
 [  9.77222592 533.92355212 715.64619057 109.29958188]]","[0.69543328 0.8352266  0.19357247 0.449672   0.19294031 0.53582105
 0.89160292 0.54849403 0.6354869  0.12730529]",39,2025-03-03T22:43:13.452336
47,0.878626703376927,"[[ 89.75984399 400.541113   664.14282074 466.13740001]
 [440.83803532 234.35739098  88.75084069 680.31098635]
 [156.79798613 512.02708287 655.07324522  98.82055744]
 [ 73.43949011 710.59996561 178.07506241 498.22908087]
 [447.74339191 749.6589989   17.62613384 203.60088036]
 [ 23.17793715 671.40549969 497.20115355 593.05085283]
 [121.72013483   3.33386223 453.8008701  731.17350589]
 [111.11421107 360.17886452 237.51109132  39.57186435]
 [139.77601843 579.28434773 384.29940517 408.44945677]
 [649.3137559  623.98455685 397.18714631  76.34445571]]","[0.74951293 0.75748139 0.61562642 0.84355727 0.6979813  0.44141854
 0.25082761 0.5573865  0.90305054 0.5797878 ]",40,2025-03-03T22:43:13.457902
24,0.8495385533797468,"[[450.07122103 449.08104962  50.41806573 201.95135973]
 [272.76730197 399.11748552 125.75950835 184.01061117]
 [221.9141756  116.34873215 250.54540743 213.55309798]
 [766.81045136 327.4140261  239.76780721  61.76959183]
 [183.24291959 341.82249938 201.47963529  35.85597431]
 [540.49118766 279.00555259 759.38440698 745.38823904]
 [153.61092384 449.05691618 385.40501424 750.9110326 ]
 [ 77.75298515  61.15222625 703.1729579  589.89510167]
 [416.71260624 567.31137781  86.52795622 134.88410818]
 [633.78920703 458.56727126 225.56126267 550.79470172]]","[0.49165414 0.05652431 0.91906272 0.1914597  0.60427145 0.25309971
 0.68120023 0.97492946 0.91288742 0.31483549]",41,2025-03-03T22:43:13.465019
37,0.8091893239238509,"[[449.05451833 171.16089358 409.46322213 686.86924193]
 [393.46780487 273.01200128 328.47204829 526.6848177 ]
 [676.78831184 202.13992898 500.66357688 708.64728001]
 [437.33194523 586.68549498 703.96190498 450.6247897 ]
 [158.69489103 340.71714905 120.03344939 777.63486698]
 [160.64592452 313.07570395 329.67247028  78.11065471]
 [554.42029149  82.9609506   81.31444826 722.21654653]
 [255.63179602   4.78921692 410.24168297 693.57658636]
 [266.12853433 507.40975521 345.89044417 173.70123522]
 [ 87.94593928 503.24995631 238.32675826 269.32564804]]","[0.50397491 0.56458373 0.58970923 0.77871036 0.09688357 0.13780732
 0.22451151 0.65030665 0.91757209 0.12452467]",42,2025-03-03T22:43:13.472665
23,0.9015240912510816,"[[1.26676464e+02 4.91103470e+01 7.03782595e+02 2.22655253e+02]
 [4.54740479e+02 5.09177162e+02 6.32054138e+02 7.77105549e+02]
 [5.46506017e+02 2.74555736e+02 3.24326678e+01 6.55209262e+02]
 [6.18534865e+02 7.78158008e+02 7.83042533e+02 2.41720445e+02]
 [1.86981406e+02 3.41723681e+01 7.01669603e+02 7.70045748e+02]
 [6.04710448e+02 1.22995096e+02 5.92382004e+02 1.23825633e+02]
 [1.87089260e+02 2.42279874e+01 2.69496687e+02 7.05665266e+01]
 [2.57796430e+02 2.27506450e+02 6.93270076e+02 2.23319411e-01]
 [6.08138720e+02 1.66369906e+02 9.07637555e+01 3.03481017e+02]
 [1.82070863e+02 4.93498493e+02 4.16300909e+02 5.79524310e+02]]","[0.88363999 0.74670559 0.53772121 0.31833609 0.39572338 0.36769739
 0.82726606 0.94495451 0.44685318 0.28400028]",43,2025-03-03T22:43:13.479042
20,0.9387277472614798,"[[518.38002682 775.72733103 560.74539332 424.83628376]
 [ 24.50922659 418.24319267 438.91387818 433.25479784]
 [476.70097507 117.37707484 767.64848339   5.42910513]
 [388.37331738 528.06463218 747.92129357 703.44786081]
 [465.41623643 724.52897771 676.89083646 772.36090626]
 [711.91261751  44.82655036 637.06619025 370.32050201]
 [261.1489305   65.42370269 325.65818797  65.10527465]
 [102.76826406 486.77749735 364.07158535 563.03800302]
 [432.2948047  519.91340305 146.22872846  89.5506299 ]
 [667.69251188 312.95893343 798.04003292 296.96052092]]","[0.53552667 0.84040054 0.33937479 0.11751854 0.87855269 0.81769975
 0.71850921 0.29197425 0.31638026 0.91003918]",44,2025-03-03T22:43:13.485812
25,0.8866396480350729,"[[ 74.58403704 731.27059239 439.00742216 137.80592657]
 [134.63474727 347.84080402 316.02971971 138.31397806]
 [572.45118397 296.30551317 439.35769382 750.04168683]
 [786.93928373 570.01157758 196.01786537  75.49541722]
 [ 80.80583482 668.12566842 530.78745618 722.93145796]
 [651.0254177  568.12856048 726.36972201 213.53759703]
 [599.50576457  31.17194514 332.26866581 428.65845735]
 [200.56973877 480.0765372  528.6142614  748.40034592]
 [740.95603901 138.78657039 525.17676535 196.04121507]
 [502.87184819 465.2778254  573.8141911  604.56697805]]","[0.91436948 0.05014729 0.17553258 0.0798758  0.74942784 0.25640448
 0.32406217 0.24131753 0.87475672 0.08379836]",45,2025-03-03T22:43:13.492562
27,0.8646663862561038,"[[315.48690847 122.46583656 615.92757937 246.87331342]
 [720.80248693 652.77645956 329.41818849 703.67154745]
 [ 58.65838231 349.98585838 131.72450403 605.70328915]
 [668.42886857 358.65582721  82.71415419 684.58681861]
 [683.07159672 151.88346868 265.8226891  372.3311373 ]
 [421.41906444 296.32964897 675.98830405 729.11784071]
 [467.0087156  286.80096706 774.13059759 141.41964862]
 [367.62746788 383.61383066 775.97662257  66.55965097]
 [400.90149915 334.34252101 125.86450479 223.95032997]
 [ 16.42577935 512.90375771 657.45689411 280.03766397]]","[0.38996992 0.74278098 0.34623107 0.8306817  0.78940556 0.7406347
 0.80735948 0.93121454 0.89316628 0.10002519]",46,2025-03-03T22:43:13.498480
43,0.8755334927173579,"[[733.1141927  455.09173753 378.34983992 633.99042946]
 [335.41620911  89.97472119 130.29983221 427.6440073 ]
 [280.14877276 381.93000321 757.32552858 744.18259583]
 [ 52.03347308 408.77007695 388.58650907 563.97155281]
 [410.20437222 487.1730474  727.59989061 734.2188031 ]
 [280.17652921  84.29608009 581.51211429 604.68948677]
 [367.66688965 484.03279649 527.94999617 288.55374431]
 [263.85974277 285.80093469 657.32364058 639.64502971]
 [550.07575877 172.58266965 676.32170182 303.29398528]
 [412.68025626 202.36682424 177.4520259  378.98326661]]","[0.60970291 0.56944057 0.9250699  0.40297592 0.25534395 0.20573098
 0.07117663 0.19250026 0.23126854 0.65102597]",47,2025-03-03T22:43:13.505129
23,0.8567703049902725,"[[248.86926669 252.05613838 199.69382242  16.91586894]
 [714.35517251 481.93103919  70.3896574  535.2722057 ]
 [483.47252982 350.93745839 206.0051698  100.90993443]
 [763.39863793   7.24157975 158.67020252 487.44244635]
 [402.51811844  76.37359368 628.49835497 666.18838841]
 [671.23782562 232.36164089 150.73679025 615.49888738]
 [317.73038386 325.59071982   6.68976527 760.04857299]
 [599.27022949 560.35032354 280.96822863 193.0324518 ]
 [766.3419172  784.33149386 482.22448502 637.99103155]
 [655.06683373  71.20702462 158.51682819 332.16580909]]","[0.64733608 0.77103503 0.8075685  0.21463454 0.95869894 0.45976397
 0.04208071 0.15246396 0.94370001 0.04245924]",48,2025-03-03T22:43:13.510654
43,0.856105523341833,"[[778.31401847 483.14953917 381.02698487 322.33929687]
 [693.71406294  58.87963187  78.69068978  83.40204628]
 [351.42667902 744.48601798  12.01678048 191.80159327]
 [121.25856698 110.01305689 630.23831131 677.26483334]
 [512.02981861 737.81216788 180.47287555 627.68478384]
 [559.76321198 709.31689315 230.38831446 500.44715377]
 [708.70016869 563.73432341 244.72189064 553.94477788]
 [ 24.76579684 209.37703802 794.37337066 223.94558157]
 [223.22257626  62.2167937  405.18354672 784.39087124]
 [234.51227524 400.04301238 541.7216339  267.93487713]]","[0.20686326 0.04931941 0.25890611 0.0985461  0.21357447 0.12902633
 0.48180944 0.82653608 0.66276651 0.78416553]",49,2025-03-03T22:43:13.515957
46,0.8304091604547479,"[[704.9370032    4.94295044 337.98271439  31.91985194]
 [258.27903947 762.00028363 170.26224828 796.20697179]
 [701.88485619 543.40371628 745.22123131 391.62067951]
 [258.37751659  41.9245713   32.32655896 677.27782409]
 [656.58468456 176.92542418 204.77344378 293.72988631]
 [277.10212858 137.93065163 576.93040063 358.90543653]
 [721.77391448 445.6366083  750.50667798 390.00901364]
 [238.16659503 380.66335897 756.97673269 327.56484557]
 [584.88794783  50.10225832  12.02334491 517.10524369]
 [115.40604704 357.31186223 445.29103407 532.97239399]]","[0.90371148 0.62877779 0.90930903 0.22756849 0.30541582 0.35317536
 0.43495067 0.24797315 0.98609991 0.75420704]",50,2025-03-03T22:43:13.521208
24,0.8535386738356676,"[[640.10438888 554.08787243 130.99795894 522.63767285]
 [230.6939873  212.21419838  75.57123123 381.32881504]
 [701.43342197 136.59517994 593.21872967 370.61982963]
 [645.9473197  177.13585961 743.41513291 511.84973685]
 [ 13.37448026 444.80181043 636.23869538 753.64998378]
 [736.98852282 792.25397994 720.06614515 448.85107202]
 [406.48086384 558.05119297 245.55748777 328.47187514]
 [ 66.99704354 413.96155745 611.62006224 271.37779651]
 [628.66324218 420.20255215 678.52338646 489.5181676 ]
 [ 68.13403591 408.8800471  555.92677551  61.34067527]]","[0.23903552 0.34890387 0.95495232 0.64441195 0.29266308 0.59892072
 0.50040564 0.46171127 0.680495   0.64012432]",51,2025-03-03T22:43:13.527291
30,0.9099675503276193,"[[173.33607048 127.43305425 294.02067523 194.61835095]
 [706.12436188 391.0726511  358.58316679 234.16017763]
 [587.53320925 656.27878892 235.93051033 383.49421833]
 [632.82211313 245.47169658 161.45822721 787.31416951]
 [417.19473487 420.64314862 361.38720168 105.28378633]
 [663.77665321 197.57275633 646.22084935  40.30614601]
 [329.109259   181.46190375 218.43725976 420.94275054]
 [769.60652949 301.437097   263.76007539 644.42466835]
 [395.44240297 121.66296128  38.41680617 636.60385456]
 [509.64860109 329.30312648 329.88882364 231.20912463]]","[0.29196057 0.17172235 0.78079207 0.53504792 0.11162805 0.34794752
 0.52099233 0.24031789 0.83955989 0.19656406]",52,2025-03-03T22:43:13.533768
46,0.9102302054931364,"[[430.36517033 629.45625629  17.41393188 624.32080959]
 [201.05816953 548.70559853  69.05066674 256.30891703]
 [613.10145825 342.29681356   4.72286135  36.94245666]
 [ 58.52201967 294.12527545 156.67803951 130.19436774]
 [268.32013586 144.86765154 629.75626606 371.56867598]
 [127.09291255 265.57464601 542.61571769 192.61413406]
 [418.4219844  313.48741384 265.29117637 763.66257723]
 [316.64146159 452.91213103  24.81797818 338.548813  ]
 [267.59541871 610.45241302 418.50554121 220.05062297]
 [201.03254918 569.14002166 461.98837957 276.6028297 ]]","[0.9439956  0.32557591 0.01429203 0.60253749 0.60336088 0.1629399
 0.7495218  0.39849969 0.27124642 0.90282157]",53,2025-03-03T22:43:13.539347
29,0.8516997190754,"[[119.45086161 772.8396305  647.16971995   3.7013582 ]
 [100.67181472 667.28445942 726.95728038 764.60304766]
 [590.42761849 541.72204957  64.62948201 545.90496872]
 [786.15844332 190.89890279 292.09178413 484.04707518]
 [483.03523238 564.06202891 793.84228906 473.37998511]
 [118.29138373 712.88571759 229.92319014 513.37649856]
 [ 50.43152163 203.51163403 250.83888195 603.91279984]
 [352.25761285 536.69056818 218.19291481  45.17499488]
 [664.75948615 678.32179908 316.4273035  658.9717766 ]
 [749.86562827 498.52253845 360.30922305 683.64118948]]","[0.76713885 0.55766687 0.8482777  0.31499256 0.77279768 0.03138618
 0.22744953 0.09793009 0.60953784 0.79565747]",54,2025-03-03T22:43:13.545886
48,0.9425271068471954,"[[441.23069722 286.35097811 749.12241866 588.87928795]
 [617.44196853 451.19619035  62.52395385 517.70726788]
 [ 58.57109608 422.64281326 749.72633885  11.32582551]
 [270.62058243 389.01105655 610.78957081 707.98549601]
 [ 99.68026743 354.21837406 619.17794998 519.68082546]
 [652.09166917 735.11104029 188.36814187 233.33728902]
 [  2.40744373 381.74185394 165.90248865  43.63625679]
 [274.14197692 660.35491878 394.04043671 147.01631817]
 [355.93539969  52.94064564  36.79279188 489.46711336]
 [698.93700967 725.95278466 304.5390183  277.85432264]]","[0.10118091 0.06846726 0.59309309 0.25657303 0.13032067 0.25418837
 0.64644929 0.69763184 0.58039478 0.86063884]",55,2025-03-03T22:43:13.551178
41,0.9332701471999385,"[[602.95527165 156.53373356  80.08944693 459.45551189]
 [498.6342378  403.34997979 221.94566272 160.80390731]
 [557.16847218 445.92674992 254.66743711 693.05965982]
 [249.54325215 645.7660101  583.4805045  562.58687387]
 [322.78537764 649.61637863 226.0168916  765.58193256]
 [126.5366444  588.86907036  93.33100052 316.93816736]
 [449.51763134 765.92281412 790.31462485 224.99733617]
 [443.40187569  23.4786452  389.18401865 239.09370296]
 [308.27460212 277.68062    196.95572584 307.12168588]
 [100.37399976 772.90935006 573.28100929 567.04955629]]","[0.6969899  0.35377295 0.18219842 0.10163555 0.73060682 0.29956857
 0.72344651 0.62600453 0.02703657 0.30308745]",56,2025-03-03T22:43:13.556394
47,0.8017916804019258,"[[ 34.50296488 606.16120557   7.22221266  17.46226963]
 [243.25905899 330.85586659 686.2589246  329.77466395]
 [149.85727315 291.94808097  26.60548093  73.16910585]
 [520.44515017  34.48004059 453.80459474 287.87225927]
 [680.79434705 482.99420437 650.79648485  39.14272172]
 [595.54251648  61.52268455 118.28397282 514.66553709]
 [675.29236218 306.76100087  70.86861287 206.63670528]
 [708.3498925  164.12461569 403.85625674  97.94557674]
 [430.43496396 796.63099986 164.04475352  12.96263761]
 [496.46725925 377.04825662 705.47280268 352.65759162]]","[0.7526806  0.85667785 0.95319865 0.8439169  0.1264585  0.1596109
 0.79242307 0.00554389 0.54987242 0.61327511]",57,2025-03-03T22:43:13.561207
37,0.8862454335684521,"[[783.62719937 399.56041189 239.47216693 371.74225063]
 [701.30046992  42.92054689 369.4118125  689.68429061]
 [324.46647758 346.24218407 145.03531352 165.87212944]
 [323.95129603 766.41471167 123.2457746   83.52428861]
 [210.10122277 301.47388714 670.58871303 717.72077348]
 [541.04102633 431.98025713 456.26147005  23.57038522]
 [679.03135038 566.28054552 448.08322498 447.15613377]
 [540.43941766 460.14544847 468.21500294 602.28856972]
 [341.98829086 432.37280147 730.0324174  586.08674743]
 [306.52931934 477.64531902  28.3682053  454.75522913]]","[0.82206356 0.84906478 0.97112639 0.78493599 0.54007567 0.4233984
 0.03157009 0.80242953 0.42875852 0.39151283]",58,2025-03-03T22:43:13.566918
37,0.878426648598636,"[[498.86013632 683.73566973 748.28377177 550.28489709]
 [ 24.76593815 743.77617804 246.99111194 736.31408356]
 [105.62739214 796.12589372 436.09064542  94.03736758]
 [170.59177138 488.72353556 250.88422961 277.24894338]
 [102.16850526 500.90924839  91.68033631 210.88016145]
 [577.13303942 362.92497848 307.40298732 388.02031805]
 [407.49877111 744.34783895 299.58603036 370.61440522]
 [129.38765024  32.82096508 580.67098631  52.20701354]
 [608.42049086 183.75462739  12.04175867 690.39799871]
 [668.59982781  59.92691555 474.31093119 129.07415537]]","[0.99994221 0.4306064  0.56119024 0.10794244 0.74032981 0.91798514
 0.62002661 0.9165549  0.63729674 0.11843465]",59,2025-03-03T22:43:13.573541
24,0.9497899748632461,"[[155.43516434 252.13300636 115.92264533 332.4252935 ]
 [180.06396813  73.4829938  187.78085499 115.42171115]
 [104.79387034 653.2306775  568.56287708  96.46826715]
 [304.78936271 718.27264164  64.6647163  428.71363178]
 [312.19278093 452.96020859 780.0945702   34.52992991]
 [667.84774399 701.22077682 681.92090171 574.0356151 ]
 [369.06055744 607.07618106 700.14233366 438.48520162]
 [ 54.95005041  62.71524782 196.8988099   85.42409161]
 [422.06534518 310.66859102 253.26518571 697.71840136]
 [387.42888374 422.35605105 787.60352037 795.94884009]]","[0.78713278 0.13736227 0.60724826 0.78802193 0.70263364 0.23002658
 0.95458704 0.00192881 0.62375495 0.35152654]",60,2025-03-03T22:43:13.578794
26,0.8382388031870904,"[[351.85688733 488.72952526  56.67998805 234.0466333 ]
 [521.52910866 418.47034029 141.53234523 667.47036254]
 [269.44048568 635.92795508 482.80292651 752.00020974]
 [418.28711823 546.75159685 396.56287665 551.3990547 ]
 [112.61950146 179.82197247 768.6758782  221.82517345]
 [ 58.33025412 277.30618525 565.27251335 292.33048869]
 [125.99606011 783.20339481 607.00730101 537.52830302]
 [612.47226019 648.42326708 686.7273321  274.07828872]
 [390.30723303 157.54253777 239.8211325  140.01431918]
 [ 32.02207027 485.9550978  335.4909021   84.92356232]]","[0.7322888  0.57932169 0.34938876 0.25465772 0.24738342 0.9929656
 0.61803066 0.48304555 0.64636035 0.40985764]",61,2025-03-03T22:43:13.584789
35,0.9330305664138636,"[[487.88694101 169.71644965 371.63810481 180.90221638]
 [400.70726542 545.56315213 691.65368645 230.1535577 ]
 [705.43902911 699.16673139 446.14827266 146.8615266 ]
 [ 68.36529775 734.07509187 386.7354529  192.42917089]
 [301.49408749 392.22317224 634.7178     243.75921247]
 [319.01112477 457.57362644 140.12810883 516.29896964]
 [ 70.46159159 193.62393791 124.31745637 270.52333538]
 [666.35157127  11.35131137 371.26050482 664.83905087]
 [219.34492312 759.52306871 617.54549408 294.14720168]
 [ 62.01469154 600.66457195  45.34668548 467.60430257]]","[0.30030736 0.48750817 0.23623294 0.90680339 0.69349001 0.00551752
 0.17250338 0.84809867 0.52758762 0.65022345]",62,2025-03-03T22:43:13.591010
48,0.8537260667073612,"[[379.02964944 662.82495888 171.49287186 581.56496499]
 [606.60776999 601.90471335 397.32968291 634.0559783 ]
 [700.43332398 272.84436258 258.06429945 105.51414003]
 [509.13258559  65.37482358 474.81400083 456.93061707]
 [631.01721325 793.10150789 463.32866525 768.3442511 ]
 [386.37970978 783.17479494 356.11563636 442.40420838]
 [546.01716275 586.58933797 570.79567849 554.62769731]
 [554.68508192 715.69642849 654.03151997 682.10753489]
 [310.68610519 447.90823158 157.67738469 274.00783082]
 [543.95480838 392.77489934 793.82395591 163.48601485]]","[0.84220121 0.51762992 0.38810282 0.56468349 0.60703861 0.47091381
 0.66365848 0.89543674 0.58146407 0.98701492]",63,2025-03-03T22:43:13.598867
49,0.9399724296610334,"[[181.49260314 198.39398957 262.99945303 186.59617042]
 [374.52258059 306.86263782 260.38654661 438.17405102]
 [657.35030674   0.97705545 673.34651994 474.79222448]
 [666.74384461 613.0729494  711.76943854 762.79535875]
 [393.1672436  166.58009056 660.97351133 596.65562631]
 [648.74020795 283.50545234  50.39907061 792.65016697]
 [734.69924466 335.81882478 337.50531106 630.0715798 ]
 [271.01225634 576.01460107 714.04274755 338.69566666]
 [159.17261583 290.49224117 376.65590747 323.20862753]
 [208.38368875 147.12144196 765.1965257  739.05142606]]","[0.93165891 0.16348527 0.28770695 0.08121379 0.1874377  0.37540795
 0.88181935 0.49634215 0.86673508 0.57137644]",64,2025-03-03T22:43:13.606136
43,0.8311170501508408,"[[376.60772656 161.87732234  16.31418239 350.09594753]
 [142.46828747 229.23186324 287.70145349 243.40150277]
 [309.4466596  491.59668782 731.81701248 619.74834012]
 [763.991107   194.02771557  10.85459735 243.0315771 ]
 [397.60029693 485.31052018 382.67068554 507.07877016]
 [330.52311946   3.32806258 130.0720275  472.07564975]
 [300.23094736 184.866065    43.74284565 163.90638551]
 [240.43433942 357.54546459 296.5479714  744.8510294 ]
 [244.18178018 743.85736686 632.81750153 447.27132007]
 [737.86931731 440.00100713 219.03172532 186.06376602]]","[0.04114477 0.17931918 0.75459518 0.65423909 0.96130862 0.36912634
 0.03366886 0.81859347 0.78681395 0.30360156]",65,2025-03-03T22:43:13.611282
44,0.900733916325231,"[[ 65.78570604 478.30160642 249.69177897 260.93315585]
 [528.7985274  715.44045849 631.85268383 430.90662899]
 [321.04861908 569.42625001 104.9477207   30.84636199]
 [428.91883951 326.23062363 168.98406109 245.91408992]
 [  2.5852934  269.99513826 335.29498116 362.32271444]
 [548.67902445 361.79031281 352.61975762 438.29075237]
 [667.35750933  94.26540121 593.01211309  95.72234194]
 [192.09392908 672.08149111 203.65305236 195.27869024]
 [678.65774857 376.76623981 531.60325588 207.0708297 ]
 [512.32787183 749.75437802 532.73091924 779.93896345]]","[0.78402437 0.97587634 0.57670973 0.90255765 0.55354585 0.00999375
 0.58860476 0.75661971 0.79149641 0.6992846 ]",66,2025-03-03T22:43:13.616366
37,0.9351787171892172,"[[323.27449187 463.09154768 136.85016541 460.72385308]
 [ 59.28918183 664.76148644 206.70655352 604.92408038]
 [281.81830536 253.23201472 488.26369897 172.83470135]
 [381.80392108 385.94549366 274.04844078 342.9926413 ]
 [762.57581352 331.70061343 377.42896492 298.59350575]
 [106.93695465 270.09685807 578.72268462 641.90033358]
 [440.97697504  56.18899174 412.63697573 660.38557058]
 [365.21003624 556.80450723 190.41810424 135.34480168]
 [252.64377497  11.01216356 611.28517482 126.08720478]
 [237.92791968 128.68737075 788.38530871 476.15484098]]","[0.79075745 0.6572427  0.22195286 0.02665812 0.08460661 0.21985027
 0.78633323 0.89696932 0.48199219 0.28934512]",67,2025-03-03T22:43:13.621470
49,0.8324956162302407,"[[580.85502985 475.69725138 326.78931633 364.29594378]
 [147.94747235 431.93691418  25.3790153   49.11423229]
 [ 39.64310793 620.86124627 238.81356018 247.62025591]
 [378.73051766 185.06518187 333.93290001 685.33511366]
 [555.716758   485.02572334 410.24649898  64.23146531]
 [689.59758596 686.48528152 491.09908221 168.16696695]
 [692.80513008 288.38547524 799.61825278  37.3610027 ]
 [479.19675872 766.5735785   51.79730537 424.29021326]
 [574.59440769 480.15126254 796.81858154 393.50876996]
 [425.79210353 607.45466015 558.04748478 372.32948919]]","[0.31946463 0.36210731 0.16734075 0.44080312 0.81870685 0.15543742
 0.60928282 0.8429951  0.92935179 0.60424781]",68,2025-03-03T22:43:13.626666
40,0.824727384476898,"[[697.84975749 655.91800398 164.1580337  720.75749525]
 [ 49.07815536 463.79731286 430.46763348 132.72611108]
 [788.22412863 779.32326603 684.44854397 392.03390731]
 [747.69640974 505.32590486  21.6775443  420.75506088]
 [553.20302152 227.304974   395.13662547 635.75117624]
 [ 54.61777443 795.52499518 229.74220111 741.42307156]
 [378.34037183 494.94552217   3.59974525 344.19938755]
 [591.08246562 785.34581263  78.97069505 769.36543478]
 [473.54149947 755.48729673 730.25325712 153.32306983]
 [132.4833371  487.55553483  35.73768203 238.30482043]]","[0.65139548 0.6923227  0.51997976 0.42196305 0.91184701 0.85170993
 0.87982415 0.46891034 0.39698474 0.36507404]",69,2025-03-03T22:43:13.633260
43,0.8652900023533259,"[[398.47025831 789.38918528 781.4703403  581.09290093]
 [571.00467701 125.60301327 503.36592349  95.31037598]
 [536.52964256 335.26271936 614.99541344  10.72094647]
 [ 85.36588946 468.38238899 165.20502073 590.16449222]
 [708.50676229 617.60529931 776.11050358 671.66975574]
 [275.47389911 722.11717084 353.14178853 206.9205366 ]
 [629.48542727 505.42954434 337.62548347 521.73025351]
 [738.84474492 609.52940611 452.97158948 111.99154557]
 [261.72905441 377.08902225 212.51774427  77.59432345]
 [257.90887185  35.51069359 200.89936431 433.67698245]]","[0.5346539  0.70498583 0.14341933 0.42315029 0.26483507 0.11784267
 0.40112725 0.58990156 0.8820994  0.46221068]",70,2025-03-03T22:43:13.638998
18,0.8457412492133638,"[[326.1987838  405.72832711 217.41618653 559.9955694 ]
 [466.3559098  532.86161071 568.69890856 376.61782805]
 [653.03366263 521.62317568 150.58323052  81.92634173]
 [587.71667398  80.57502777 322.22736022 708.86396687]
 [240.98649321 452.45178115 356.13512097 523.50260058]
 [507.98707651 712.81891126 408.82303842 692.7998123 ]
 [169.73990058 779.0412186  565.18045947   6.50375001]
 [684.7214008  400.71473223  95.47420058 112.96409783]
 [112.60481989  33.81134543   5.37304068 684.97315828]
 [316.16524711 319.96622895 546.6908321  289.73403118]]","[0.25656805 0.45457155 0.36331523 0.81017328 0.827186   0.75050137
 0.48776909 0.44413566 0.22816832 0.32325753]",71,2025-03-03T22:43:13.645260
41,0.9107028728438873,"[[615.24199714  42.63461641 275.92704981  63.96687038]
 [651.82348269 635.63585496 348.9851396  739.60805925]
 [499.79885648 461.23786017 619.98454049 309.29116035]
 [654.55719536 667.65031883 718.45636107 362.86814082]
 [701.62765187 537.38230899 244.74774425 455.60005589]
 [791.68008032 267.39796708 313.55255366 445.64693762]
 [335.2387863  696.03462614 557.62603663 303.76875115]
 [318.021342   639.09482282 406.39309547 655.78345762]
 [235.41303089 377.42917984 613.80905892 184.72416736]
 [545.7469278  116.64240694 491.31371235 451.94436858]]","[0.66839714 0.65781364 0.79413624 0.22128236 0.16321523 0.03796974
 0.57398232 0.79761294 0.98307661 0.36499572]",72,2025-03-03T22:43:13.651225
44,0.8007605098976345,"[[156.92234945 282.30905813 795.10285197 143.16647304]
 [568.02692349 470.85525081  36.83773162 691.52029741]
 [668.42370135 627.20957472 382.89317688 320.64522875]
 [ 78.40126007 238.83903682 508.08903585  68.98962622]
 [723.85107564  84.11709032 414.42494983 349.61472923]
 [603.75069543 154.26188431 470.72620764 640.80163593]
 [640.95634687   7.691831   402.22966118 775.20749878]
 [759.09255367 475.06871579 664.63494514 322.44641229]
 [693.59853741 324.75291436  90.63177489 282.34162998]
 [118.43826088 295.21750968 544.28634706 278.74874491]]","[0.76778175 0.47172758 0.21049228 0.32187367 0.84601644 0.90420516
 0.62191858 0.28556413 0.23063288 0.68131725]",73,2025-03-03T22:43:13.657764
19,0.8701534341170699,"[[146.47596435  50.05546621  30.12885621 234.33636105]
 [467.50705357 791.61816689 490.45959963 363.23935161]
 [467.72841798 248.77612158 217.70522326 163.02377515]
 [ 64.39644925 174.28656145 132.97292203 554.52449712]
 [224.82288434 185.94505488 784.59143441 203.50756383]
 [280.67847693 416.5496179  777.65065189 739.62405237]
 [277.26753141 346.6052265  185.2645252  527.03767495]
 [ 16.28171908 789.26117813 118.92488751 615.41455577]
 [748.71181558 374.20187461  26.27429731   7.6015027 ]
 [603.98590317 166.33984148 305.46438279 322.0963303 ]]","[0.8797009  0.36378156 0.41205657 0.12039097 0.85818062 0.30282621
 0.34070763 0.90024796 0.80452178 0.22462415]",74,2025-03-03T22:43:13.664760
28,0.9293269676331568,"[[502.25222576 464.65786789 329.03574142 564.98864194]
 [334.16648373 369.46708572 306.90050319 383.37777659]
 [581.36050475 401.18868347  85.17657684 368.79007736]
 [151.26143852  74.70210362 115.55521611 725.56684509]
 [255.87020756 509.62684152 597.02458626 740.95262113]
 [216.93346306 215.00248528 449.84811077  39.05361138]
 [359.79063316 509.45039362 369.58359318 184.08692245]
 [149.28282784 538.13313663 720.16250106 690.50755319]
 [ 84.07239335 391.0706604  595.6250962  273.92467839]
 [350.54154874 742.01685567 322.40708681 209.01748128]]","[0.61959283 0.91819081 0.42576059 0.59062925 0.27373537 0.36469936
 0.10868986 0.81439558 0.3094038  0.4939401 ]",75,2025-03-03T22:43:13.670498
21,0.8337347215348285,"[[589.09243116 452.38988211 723.46188034 489.2560696 ]
 [356.87573318 200.19601854 613.89957655 495.62621067]
 [614.63115733 453.49737715 381.33298153 536.69532737]
 [423.36626468 511.47427814  48.71101828 762.4329874 ]
 [695.62536182 754.71769331 779.57867488 489.04990769]
 [221.239122   627.98259103 558.90252296 550.34981079]
 [ 64.8501619  648.1463608  280.08929323 628.93025633]
 [521.13364478 593.02926595 475.16854102 760.54649236]
 [685.65486685   8.81636711 337.24911161  77.14353101]
 [698.96108551 214.7896294  772.6754208  342.39740183]]","[0.22232994 0.7003417  0.94043045 0.20029885 0.05252906 0.1820384
 0.59211621 0.60661834 0.84405244 0.39317954]",76,2025-03-03T22:43:13.676689
15,0.8778253375693085,"[[175.77007351 675.06595272 175.10766342 540.87455281]
 [714.50433821 101.04206455 659.60948326 632.07476357]
 [378.39019519 394.02657368 556.250586   591.96167644]
 [224.42724144 432.67299299 272.28402951 576.1105891 ]
 [456.88198225 693.81936655 288.25959128  39.36490722]
 [242.44869685 335.57973843  14.20117632  69.1757031 ]
 [275.18144369 408.86718417 432.93806455 440.8621478 ]
 [483.57570098 212.08004852 207.15257069 411.99586253]
 [501.98438457 273.06128181  89.97563641 701.46189772]
 [469.8875526  738.82651168 495.0682093  553.06165075]]","[0.45642917 0.65578049 0.51332784 0.64637677 0.14347411 0.91390342
 0.96853755 0.12896069 0.17312999 0.50892457]",77,2025-03-03T22:43:13.681686
47,0.8392789545763748,"[[399.09977906 259.955295     6.27272723 453.33434233]
 [464.37974772 125.67610527 242.10075205 426.88531422]
 [771.58405052  15.20875432 502.39884    774.431989  ]
 [234.11192718 730.38429123 418.22156885  94.61486628]
 [654.57704857 491.79696859 422.14704191 129.99789496]
 [711.35856898 765.73381122 453.40721707 450.39149359]
 [ 40.86550917 191.14295009 796.28767658 155.66741333]
 [243.82254598 597.28419224 530.39323966 294.74581017]
 [ 27.01908011 726.6470163   26.72643589  93.97758108]
 [372.61110945 183.24584951 342.02195131 412.38474784]]","[0.17670987 0.12660496 0.74782555 0.88725556 0.9318862  0.45297132
 0.64186494 0.21597794 0.79978511 0.64493648]",78,2025-03-03T22:43:13.687942
28,0.879404148421777,"[[611.22086407 333.23429905  33.66240828  45.09608319]
 [590.45898195  66.35596159 561.15347763 559.26026771]
 [236.99330006 318.29112946 454.4621803   48.37244644]
 [107.00487109 347.91267718 244.41883072   5.83475217]
 [332.68340102 100.76898945 413.24158967 784.28160111]
 [ 71.23556219 712.27239028 604.80926237 276.42749434]
 [739.47085684  14.04370326 727.36280819 677.45003023]
 [234.42301739 393.42666079 706.6512322  313.92281456]
 [630.90146935 200.65913113 540.86055442 305.95580138]
 [747.42845446 705.35322464  81.74015959 214.73132656]]","[0.32987537 0.39024557 0.3962548  0.4073058  0.13032189 0.51474721
 0.00148314 0.44008265 0.42897211 0.40997918]",79,2025-03-03T22:43:13.693256
49,0.8184698234350998,"[[399.91139873 108.09985985 655.46521997 583.25751747]
 [235.14306035 241.58055885 556.6959605   79.85232069]
 [119.09549737 492.26734838 136.98198584 638.46682162]
 [319.14714169 349.03910607 409.65079712  28.27315981]
 [530.33524573 517.6487351    9.94139982 461.34669756]
 [283.54659251 324.01050598 570.34457821 457.35600776]
 [468.70417888 596.5280237  277.41433317 516.44402221]
 [481.95230016  53.17448429 145.7975597  294.65613491]
 [460.77002438 351.86459097 493.3132677  716.39891506]
 [795.68700298 720.10533    479.96507669 303.15347185]]","[0.11158155 0.97242091 0.82261894 0.73129727 0.33994549 0.87501118
 0.57544527 0.93632035 0.20915605 0.97110722]",80,2025-03-03T22:43:13.698076
49,0.8512166540897667,"[[ 98.88513721 130.81552747 368.08460401 633.27345121]
 [643.89977446 606.93248968 779.34301202 740.04057161]
 [336.26823329 506.45602669 296.48500983 582.3953913 ]
 [328.34839561 189.08452908  89.25499057  77.35638162]
 [418.71791317 543.50367317 493.85863538   1.57913939]
 [214.07681704  57.62012573 380.6843739  513.92230556]
 [501.937154   653.10351404 266.00555345 638.09415851]
 [725.16059943 535.3066426  337.16373859 558.19947339]
 [477.66394495 727.80972961 780.2740859  369.73453723]
 [415.48531322 127.19506422   1.39082424 462.92706666]]","[0.96387842 0.83769771 0.45384138 0.22872409 0.29131732 0.06453681
 0.86329568 0.46473047 0.31477438 0.79384376]",81,2025-03-03T22:43:13.704820
29,0.8008921531192736,"[[296.12623169 484.2893155   11.05647647  90.42231471]
 [390.73229188 459.15478386 213.42622406 386.73897852]
 [550.09651678 423.28019399 590.84149603  41.47601543]
 [482.60049527 611.12673013 272.35828491 616.72528219]
 [405.47031607 740.47375158 589.37382749  18.68336673]
 [735.1229727  196.82751375 619.63610943 124.37769777]
 [608.93068724 645.87738646 519.017908   373.35753145]
 [582.93361495  67.87412164  84.13265916  34.31576968]
 [533.373018   418.75671619 500.84740978 639.31861055]
 [764.40050644  73.30068905 225.65072942 412.5565195 ]]","[0.60246316 0.0325873  0.32711921 0.67632353 0.60051998 0.35350247
 0.02936317 0.64957669 0.09390239 0.11502297]",82,2025-03-03T22:43:13.712152
40,0.9054559944938407,"[[695.72757663 618.60102424 168.71383476 326.21827216]
 [623.56525582 505.40694014 537.82712327 770.00177342]
 [785.38518014 712.84638865 290.77157287 462.80691866]
 [695.91245587 135.29730941 417.36334393 528.12521964]
 [246.47978289 420.85790296 157.5113029  481.82626994]
 [657.11785608 239.6479764  221.90801465 131.07780148]
 [ 52.10297246  74.31235759 242.52464649  85.70248824]
 [498.42439096 249.17476318 653.24502802 747.21210159]
 [ 64.95956834 781.47978482 788.46585868 313.64282449]
 [287.91338365 782.16827824 526.6147048  510.5448311 ]]","[0.85248616 0.04352892 0.30990036 0.33198441 0.68092877 0.57947797
 0.50443724 0.31877241 0.80588213 0.63613983]",83,2025-03-03T22:43:13.719179
26,0.8960316602905638,"[[695.60715901 388.04638166 393.36615919 670.65492075]
 [268.81840539  22.05513897 369.88696171 507.16629241]
 [692.6875463  320.02383721 720.75728504 460.91478243]
 [117.29020805 138.33855961 524.67265064 206.48709615]
 [561.30383783 234.8777599  598.73885208 714.89911179]
 [164.89276133 506.01081051  43.67421562 251.22178736]
 [236.28837252 214.96239527 314.24845582 258.68175916]
 [232.16571672 186.53858315 712.9071921  181.57744577]
 [639.08530785 742.56701444 167.34969015  74.5185533 ]
 [ 91.03232808 528.51621021 179.62150465 534.07445715]]","[0.31969595 0.301889   0.77924945 0.26989343 0.1689054  0.02622952
 0.5079275  0.490839   0.7485124  0.439338  ]",84,2025-03-03T22:43:13.726783
18,0.8483258040625457,"[[723.21631334 656.35946345 712.74887522 657.71603242]
 [ 92.93058902 487.42127043 301.55212761  65.88427141]
 [ 75.97784054 171.16191486  54.69547215 307.17775995]
 [427.13247392 232.16359112 277.07084476 436.25550273]
 [167.89181386 384.38862319 717.71045659 195.85844523]
 [ 41.30505044 773.76684078 650.01710029 345.90218477]
 [635.03173753 784.55860866 232.99937455 660.30120862]
 [183.05879674  79.56683924 675.86199227 311.62926788]
 [193.42710579 673.09171484 675.03752251  78.77463414]
 [301.78996927 159.03172378 600.17670518 609.19941401]]","[0.29458985 0.14537252 0.90545159 0.42101866 0.04231562 0.27383391
 0.2206206  0.80058386 0.77328616 0.56495654]",85,2025-03-03T22:43:13.731782
30,0.900916884728928,"[[ 64.56333605 533.58606967 426.28020395 296.52478548]
 [756.57772843 320.97688307 622.39070582  60.0192453 ]
 [770.92154004 611.53251643 648.60082287  85.34966004]
 [167.51074603 435.7099324  496.63594998 752.0251873 ]
 [205.62761617 219.97065312 390.91804133 628.50755485]
 [163.54125964 283.25077023 339.84780174 662.17876053]
 [359.35862884   1.55773789 780.38259483  94.21598435]
 [614.43461912 517.3498257  356.72144311 705.01924808]
 [435.42488476 215.00418453 227.60392001 191.3582528 ]
 [217.58436442 345.45293062 723.45844282 366.99219798]]","[0.25029179 0.63176763 0.75333005 0.82338597 0.32580193 0.53120081
 0.78797347 0.13743735 0.68019156 0.81729103]",86,2025-03-03T22:43:13.738835
23,0.9014862119992141,"[[191.86300256 315.17348215 283.86107378  64.19821443]
 [571.84445623 219.92949684 771.63269371 171.81068781]
 [ 54.72534399 619.10727677 575.88662296  94.25287284]
 [670.63525722 168.00984018 620.60573181 559.96410377]
 [296.39568738 687.4564539  470.09418998  11.94673002]
 [273.19385613 324.60940342 127.85342279 217.83919117]
 [541.61126281 481.10866049 181.32649925 454.10101795]
 [671.61555747 781.07464547 508.6751776  732.54675929]
 [174.83939792 714.08657952 271.00167035 416.24280745]
 [ 11.23291995 126.85058189 671.11786426 469.26933515]]","[0.21401815 0.63903752 0.15007832 0.09519322 0.17654895 0.58017777
 0.74578804 0.97581869 0.01482317 0.71183431]",87,2025-03-03T22:43:13.744457
17,0.9427136324064577,"[[402.60027628 609.20697058 422.14853447 456.62585695]
 [132.98636282 565.28247915 448.11994419  79.00739532]
 [636.68717488 124.1023134  355.45287334 612.56644495]
 [144.92724945 738.8066685  761.86950438 393.34439511]
 [151.14016961 744.89398715 457.66221668 368.39582748]
 [108.03422888 606.65710297 532.38539195 329.74199486]
 [240.30361996 783.87089218 487.11794303 517.92493384]
 [280.64890784 338.71435129 676.63446862 263.82929405]
 [ 16.91475384 135.02572111 402.62883043 462.81673002]
 [730.49753342 664.15058099  13.39010257 719.27418935]]","[0.56896336 0.55539592 0.84021361 0.25088241 0.15871775 0.45453066
 0.25183187 0.59231606 0.02454444 0.39572114]",88,2025-03-03T22:43:13.748768
28,0.8542771926506583,"[[ 67.23595799 744.30601388 710.06957837 604.00572287]
 [701.56183437 398.0619286   82.66855544  32.9453957 ]
 [458.68922923 110.07426858  83.19144995  40.3955498 ]
 [326.00780779 733.92169735 765.02018392 646.23343519]
 [209.47457486  58.87381786 268.52543271 302.27843806]
 [154.17717847 450.4880001  485.09336573 761.52997095]
 [605.37341833 792.28193974 551.3283166   12.81541616]
 [238.68544997  49.75596208 708.52289009 443.08527564]
 [ 45.71669952 384.2527684  770.80949478 655.59254955]
 [511.83624148 662.60273659   3.05030355 748.63025751]]","[0.40607023 0.25474024 0.77545488 0.48547206 0.98327655 0.12238942
 0.70443552 0.76573773 0.37820938 0.749369  ]",89,2025-03-03T22:43:13.754821
28,0.9229683501353037,"[[334.67852153  60.34292022 684.00799648 364.33964897]
 [294.84791683 234.78099461 778.124006   683.35477903]
 [614.48554981 631.32844597  60.84245119 171.83553401]
 [ 65.60187814 363.07736169 125.01473008  95.18805714]
 [570.87983624 435.8241841  196.06933789 485.97674099]
 [578.0851463  335.6475793  108.46958051 295.03852628]
 [706.68834788 449.00197362  74.61583582  56.3862856 ]
 [732.97523264 790.27280174 330.11780535 745.93210062]
 [350.65973214 226.63538824 465.25829629 288.75804647]
 [478.09397554 127.81361534 397.32322936 379.87163352]]","[0.78283328 0.19229287 0.90027569 0.77332986 0.76398768 0.80446949
 0.04919679 0.8381781  0.51857823 0.68959202]",90,2025-03-03T22:43:13.760816
17,0.9384785326843941,"[[105.06291516 622.8931931  528.8459919  665.13209783]
 [ 61.57340871 606.47563209 203.43990539 376.07762875]
 [603.89479191 480.53985045 236.09169764  26.56255421]
 [427.69479011 750.2443059  680.38879131 471.35000744]
 [600.8748974  548.02823527 488.09483059 798.36964838]
 [421.82522268 406.35166924 700.89378205 337.04304108]
 [541.97841979 644.65803158 462.33211678 107.48191092]
 [758.95412786 459.59761955 275.03300696 652.95908008]
 [ 90.80260788  76.79301281 253.06241768  65.21462434]
 [341.68569721 583.7444587  639.87090313 579.26299324]]","[0.02573674 0.74659675 0.43898369 0.80689073 0.86720543 0.14707647
 0.6135086  0.31686032 0.89069972 0.52660408]",91,2025-03-03T22:43:13.766338
26,0.8113711691894379,"[[358.04508305 564.8649996  537.14305821 701.695215  ]
 [652.28978543  64.84405858 643.17934148 611.62929027]
 [416.50470771  80.02766682 355.66900605 530.26245615]
 [108.82699935 493.54238728 401.80950401 299.79195322]
 [651.0746805  361.65818654 209.99761333 190.86400678]
 [158.08737076 603.04509208 305.81242376 535.90102567]
 [712.60000657 240.07395539 571.56825043 622.88988594]
 [751.82181952 129.27855052 724.05663355 396.00471189]
 [251.57685952 323.07289954 633.35861755 157.2961762 ]
 [604.08387212 161.99413757 430.38926402 443.74092677]]","[0.84993738 0.9924508  0.14554038 0.45206006 0.26197666 0.21015116
 0.31446196 0.76118236 0.20094869 0.19004125]",92,2025-03-03T22:43:13.772483
11,0.930734675432222,"[[489.70785987  64.78316015 610.71143406 658.69262148]
 [537.56933062 119.09937849 624.61223045 105.80774962]
 [697.29692491 279.8626749   42.25916787  54.67237294]
 [707.20449346 405.80126094 411.26555852 469.21747274]
 [791.97044708  87.4766709  713.33023679 571.39566662]
 [671.94366234  15.29514162  97.95545389 109.26084407]
 [119.07585689 751.94366345 474.37411628 760.57578857]
 [172.9810358  276.04585031 141.14790975 688.54062462]
 [705.26037985  88.99119202 482.01874462   9.62985461]
 [781.97756953  87.45650656 304.88755036 769.32280517]]","[0.01399732 0.99447418 0.04935237 0.03361471 0.44755052 0.59966305
 0.22698216 0.81191117 0.20953789 0.94207858]",93,2025-03-03T22:43:13.779001
17,0.8762121045474811,"[[622.87754361 697.9119764  644.08519    615.19175174]
 [226.06118906   9.7212857  427.29175287 241.25068731]
 [789.30569745 322.2275554  352.56789832 663.40470482]
 [236.22108606 144.69742519 521.5080113  565.72523504]
 [363.04661329 577.75856927 763.96605935 531.94633488]
 [764.24463119 694.01375288 506.42731707 612.04268662]
 [ 64.06708647 380.65066769 481.57811593 233.34909649]
 [148.32995734  92.72415978 631.9358802  687.63031642]
 [469.39957357 436.51158694  84.17657916 253.21604001]
 [229.77865297 686.48986016 649.6423425  704.95778973]]","[0.44166783 0.87989694 0.55121719 0.14890688 0.9903508  0.64375315
 0.73660907 0.04526333 0.65126452 0.39517146]",94,2025-03-03T22:43:13.786163
20,0.870568743775785,"[[290.84232019 280.99578238 610.77798898 191.74332121]
 [497.46416497 685.13980657 319.36528912 507.14324131]
 [ 83.52761425 227.56583897  10.42177644 661.90667624]
 [ 69.46010318 190.93733677 754.27403557 629.47792241]
 [254.75123074 219.40984858 144.99544629  63.93175355]
 [325.58750859 189.57143812 717.308771    98.64660484]
 [616.23784773  97.71939365 176.72851541 530.61105283]
 [364.16583759   2.59718512 231.94401303 653.2354738 ]
 [540.99348738 699.80415713 288.94659543 695.50177266]
 [475.69752117 326.22594723 149.84247907 162.89473527]]","[0.05686286 0.6079541  0.44561146 0.0812347  0.71095345 0.48331688
 0.32694058 0.23389865 0.61366541 0.37715807]",95,2025-03-03T22:43:13.795589
18,0.8099612453436469,"[[140.97856737 775.84688036 663.86940967 720.65439126]
 [631.81010699 425.46167952 183.43764538 208.28522398]
 [463.72756422 693.9433588  486.88049348 418.91098261]
 [714.59875692 416.12744377 796.2212461  758.11256481]
 [638.51998689 536.20308684 685.34870078 443.35797007]
 [ 34.68144947 351.81898852 354.20670502 165.45453723]
 [164.99789128  10.06326197  38.67117122 689.63067307]
 [200.54528084 192.88876722 273.66268304 699.62958116]
 [ 22.86224126  14.769303   279.81326963 236.76099658]
 [378.22857632  50.95100035 474.18602896 789.79676506]]","[0.72862068 0.17749354 0.93390226 0.05125264 0.24359248 0.2970336
 0.67565026 0.80859447 0.82660001 0.39418359]",96,2025-03-03T22:43:13.805020
20,0.941150507545496,"[[526.0481304   55.25549808 305.7040458   35.71404365]
 [ 78.43245663  28.19785021 622.90043067 705.99665377]
 [406.66077285 479.66030303 474.13946316 221.57747725]
 [ 79.62536286 692.3876896  705.72828107 698.41337249]
 [595.17398685 778.6123746  587.34299593 657.93627088]
 [604.82952331 770.4391966  410.11773151 220.69898524]
 [373.00866223 472.35366841 549.46580515 749.93254254]
 [610.35889375 443.9354668   48.79062243 141.89536213]
 [409.54364179 627.54056039 368.39058632 159.72910805]
 [548.4778177  761.56712232 522.46331907 463.22027579]]","[0.18016174 0.49643336 0.56818766 0.73161807 0.07009736 0.99062416
 0.06306129 0.19592822 0.12870328 0.01868871]",97,2025-03-03T22:43:13.813435
33,0.8034811353967689,"[[520.5528632  690.11018607 405.85292953 259.08773435]
 [ 31.39048882 705.9118766  438.59240092 130.61272079]
 [782.76630455  83.29646813 312.40054005 626.45200939]
 [759.74404507 763.34931344 796.63124498 694.36634042]
 [392.62902338 241.55424993 272.73983239 728.04707688]
 [634.65641183 513.23612555 501.01926921 435.49101342]
 [360.40473813 140.20276731 662.27814715 643.62805635]
 [777.46581038 769.59818947 238.76481103  45.88982699]
 [476.19744594 675.61852498  98.37009154 582.52842844]
 [576.59045287 398.16998506  78.52605441  81.46598184]]","[0.90642941 0.95045696 0.65767596 0.16520855 0.57419714 0.30663146
 0.33073997 0.27767858 0.38239007 0.29467135]",98,2025-03-03T22:43:13.821140
16,0.8010620359775177,"[[207.79379015 297.94887142  48.2996331  573.72784268]
 [433.10337878 425.70338495 571.466323   391.71586091]
 [446.74612973 181.29742218 478.88677003 545.1226361 ]
 [327.11683868 251.939602   166.03616716  39.14807843]
 [ 84.81146417 402.56574414 687.34138294 174.79663293]
 [590.59085922 411.82198886 106.31155808 307.62164459]
 [ 64.04879268 457.70208927 318.44677649 324.48833499]
 [547.74155914 499.17589209 657.77032699 168.91692053]
 [489.01570921 526.0494114  277.19443388 239.03903889]
 [253.06055376 383.61046687 366.7583031  671.45894934]]","[0.30796929 0.85952218 0.76587214 0.33563979 0.5733246  0.25545011
 0.45992673 0.59682454 0.78053398 0.38378189]",99,2025-03-03T22:43:13.829236
46,0.8795187868006443,"[[664.90060393 535.57452157 175.59573636 729.66417543]
 [423.58986882  41.81573824 298.28415302 120.777117  ]
 [426.03723559 577.96524153 252.08723211 496.32937576]
 [109.69951431 260.80475324 489.3392071  289.11632288]
 [ 78.72477989 136.62500374 230.58984165 419.94410616]
 [384.43047818 202.11785395 205.28335681 549.33180977]
 [790.31830206 592.02423175 595.97447506  84.87202298]
 [182.33528326 757.29417897 590.2986863  401.92805715]
 [466.45842394 749.40982114 528.0470227  578.93138636]
 [649.42371204  63.43292056 294.98532192 639.54060203]]","[0.95205451 0.5935303  0.65719155 0.72085282 0.93548699 0.23370218
 0.55766885 0.3814724  0.32524723 0.4540285 ]",100,2025-03-03T22:43:13.836992
25,0.9250061212385795,"[[565.63625506 645.92185638 343.64782109 145.54851523]
 [536.39520643 531.18869856  65.52062894 194.18602184]
 [124.87155287 279.1053809  196.6399649   24.86832733]
 [664.19932013 639.2200403  303.62113051  57.69838592]
 [  5.16240377  73.87941686 296.2182987  659.10838116]
 [181.46920019 348.82380757 568.38658855 592.38669465]
 [510.57680763 245.51130632 610.69699573  37.26222696]
 [375.18009011 332.03768905 136.12729067 210.58389977]
 [224.24229027  48.23230018 152.37822755 742.65549248]
 [724.12070016 623.92298866 200.18819081 116.12438253]]","[0.29243457 0.80096727 0.63160221 0.75477102 0.32755498 0.4508166
 0.29268863 0.43454414 0.06542935 0.9945623 ]",101,2025-03-03T22:43:13.845479
27,0.8395213264015164,"[[128.2046352  445.4707336  550.06899956 667.56138546]
 [573.60281029 197.82942935 595.55688175 322.62947661]
 [286.78425088 474.53163835 114.11020159 320.36362869]
 [754.3829863  656.26625493 267.14872044  87.2755577 ]
 [585.39677228 397.30937488 206.75876903 196.31347609]
 [ 43.80733063 139.70896494 493.36790862 615.21664762]
 [202.49946075 610.40031802  32.89048576 604.88613807]
 [219.28258575 102.10761799 108.64145556  25.1118094 ]
 [ 53.68859105 507.21413798  39.0318813  112.89810871]
 [141.25258821 416.05781942 127.57432405 365.80512236]]","[0.7793344  0.14407219 0.71633461 0.3611277  0.55510692 0.0494725
 0.0197533  0.36692859 0.46369776 0.76697713]",102,2025-03-03T22:43:13.855091
27,0.8740665958320305,"[[390.19268363 187.73881608 206.54254258 177.34550379]
 [367.80437702 298.31318786 140.2156293  159.66469997]
 [234.16843008 154.91818242 169.86183091 656.84415452]
 [461.8395451  401.12555851 203.15092186 362.62354316]
 [536.91676696 543.46191168 600.65442402 377.60428529]
 [273.00918844 622.24635197  60.41446546 646.23198015]
 [236.41294921 772.49408504  49.32107191 403.49547716]
 [678.45855156 160.20320818  16.86894221 699.09367997]
 [570.37566955 751.48171491 495.68968675 296.82910532]
 [233.94764813 670.81810253   7.14879131 306.47591245]]","[0.48906532 0.23950634 0.95659577 0.30129607 0.91374886 0.07451872
 0.86090094 0.80728672 0.28556109 0.75733084]",103,2025-03-03T22:43:13.864749
21,0.920726033787091,"[[765.32658169  25.31263876  46.99837698 319.94645611]
 [369.04336834 704.10574373 115.72264915 255.39983025]
 [696.3074241  456.45449965 514.26872093 238.52331533]
 [323.35255627 677.14418482  33.12961631 704.79902381]
 [ 46.98836647 372.3429843   23.5800836  511.55524044]
 [ 69.21400436 569.09922194 646.78851178 768.10241382]
 [468.15306363 770.07384533 337.33515999 724.79054112]
 [477.01542537 695.70309639 649.99664315 628.33453133]
 [550.64134517  99.79456324 715.13003717  44.25487876]
 [576.48356915 677.20130928 567.30338781 503.44102864]]","[0.54874469 0.53168868 0.04530429 0.25074534 0.87336256 0.75501369
 0.99813639 0.13819913 0.66588549 0.66530773]",104,2025-03-03T22:43:13.874192
18,0.9062392511655587,"[[ 65.96006589  28.86708395 403.34408012 218.97179541]
 [425.68570007  67.70910084 319.25944096 367.80222912]
 [207.14326935 530.28752106 562.97353913 572.70030837]
 [259.68910934 380.00954264 113.99519205 366.80293347]
 [417.25140555 542.36390338  20.79748549 376.81435084]
 [112.35429314  92.70301199  11.57675145 697.42204969]
 [773.52684689 361.1021977  212.85905127 708.53087711]
 [195.10485486 196.36088047 108.40385462 532.44452421]
 [539.65141774 537.2765708  225.09831911 154.71385781]
 [271.25008094 341.05949299 279.41803102 425.163892  ]]","[0.55968073 0.92969157 0.68738375 0.75006471 0.17032014 0.84304286
 0.89772157 0.49576977 0.9748359  0.47849242]",105,2025-03-03T22:43:13.882198
37,0.855327987576199,"[[793.75379047 221.38838216 525.26299366  39.57901272]
 [272.18111365 701.21857221 197.75086678 366.79543958]
 [431.85832135 187.5193522   23.65040847 444.22581566]
 [ 52.86280071 592.2262658  677.82854756 161.76418037]
 [536.21182629  15.47371786 580.63431049 410.20286283]
 [282.42537837 785.46292248 358.0929163  486.77678184]
 [474.64734402 456.53520282 636.52719048 371.48407376]
 [305.73239635 639.69568321 774.95320701 483.39792821]
 [367.58234968 532.99396983 714.66604343 588.39271776]
 [254.35705888 400.99119347 113.53649811 791.96140059]]","[0.50229537 0.73865784 0.31797908 0.54509112 0.67698463 0.75535443
 0.02494539 0.70797779 0.41721745 0.5461018 ]",106,2025-03-03T22:43:13.890436
36,0.8226547023396311,"[[266.26929321  34.4028976  311.18643551 431.75373698]
 [103.35492783  35.49776707 652.73581465 743.2490691 ]
 [562.00910764  48.40604457 167.58570239 197.11990677]
 [343.77485776 782.59627188 153.88132895 736.61130651]
 [612.76032279 608.8962447   76.22890651 649.34960187]
 [373.12630015  68.29535756 790.15075932  37.75788651]
 [ 99.25306063 488.02682634 741.67720302 777.65420585]
 [681.88289701 309.13920997 110.65317744 343.42551408]
 [762.9381443  505.57151635 380.93766944  27.02387715]
 [311.78290377 654.4635919  336.12008419 683.95376986]]","[0.04254269 0.40636981 0.83547079 0.47763451 0.72345517 0.74159136
 0.26877703 0.4209276  0.95503551 0.3951244 ]",107,2025-03-03T22:43:13.898438
47,0.8263087977715672,"[[ 73.07484939  89.68735129 134.4377884  534.51818257]
 [189.51393192 588.30620293 309.53610742 327.2838833 ]
 [617.64722127  71.13788713  16.16587105 216.36354558]
 [ 78.25239951 131.90377372  30.35499071  22.93805548]
 [417.15843498  34.85073497 368.67276028 172.80092383]
 [609.10286231 330.47574356   2.43714134 393.33300194]
 [790.04576986 144.79135563 167.49627517  82.30905702]
 [116.1894591   12.65567607 222.33441997 312.49996848]
 [762.7459749  443.26286445 273.03851911 527.87165949]
 [425.81842192 493.59036719  58.91953308 525.07760846]]","[0.61797715 0.31271467 0.54517029 0.07995408 0.16565424 0.78537731
 0.8332065  0.08246832 0.64743454 0.34233338]",108,2025-03-03T22:43:13.907130
21,0.8964088097941697,"[[191.01413145 713.43007378 269.42594789 336.66618384]
 [780.29441595 222.94937004 601.65533586 136.99779407]
 [356.38160034 734.98562134 282.09652488 241.09540483]
 [583.4772243  503.81714317 308.51302691  60.14534287]
 [129.77765507 674.95488967 407.42657677 433.23058749]
 [474.03733516 411.80903425 417.41077755 311.38646427]
 [283.43778271 612.82260294  83.9667811  262.1091978 ]
 [376.11256603 248.4416193  554.4048564  119.57032114]
 [755.61384839  39.32283608  33.67296417 640.12605383]
 [591.63117308 281.71614962 774.75612988 551.96743942]]","[0.12168584 0.57493379 0.89516639 0.16831054 0.7826789  0.40351982
 0.84750229 0.68407571 0.89838045 0.62400284]",109,2025-03-03T22:43:13.915623
36,0.8313173876527671,"[[656.35998258 561.46849195 736.59401898 305.77711218]
 [ 97.92690288 754.55303395 775.7272887  350.94982503]
 [128.09296397  30.9766317  779.49584797 580.06763452]
 [258.74790421 293.37195604 753.91833946 458.55570927]
 [680.32761765 743.07697208 661.49592195  42.45871174]
 [117.13617878 494.32130444 688.85594393   0.86089847]
 [755.4143312   50.65586946 679.63703543  96.19268207]
 [740.51936037 687.44608278 712.51597449   1.3192888 ]
 [773.51667812 417.36594539 535.16168666 227.88990839]
 [192.4670647   77.63644013 481.74964033 397.02847659]]","[0.17064773 0.74334397 0.87637587 0.33215505 0.63793869 0.38490588
 0.27758669 0.45900067 0.43081871 0.91309222]",110,2025-03-03T22:43:13.924418
11,0.8803173728097045,"[[233.25047269 122.12320938 107.20187823 502.84033423]
 [741.42825429  44.59907458 520.85183774 408.11050559]
 [560.24882924 248.83226302  79.98290046 582.91971071]
 [335.31412722 622.94829136 492.88313281 791.28509569]
 [418.85958554 429.77087683 179.90190256 709.89359736]
 [171.69901805 104.03393378 645.0230231  661.3731873 ]
 [140.33613096 123.33363567 256.00124073 522.07080599]
 [162.74413968 261.07845778 682.63069596 347.36768562]
 [745.10722294 284.36438522 432.55831311 272.31414578]
 [211.86324135 734.11053275 162.51579624 484.46438504]]","[0.74130259 0.45214686 0.78729452 0.62391032 0.11349791 0.19054643
 0.25402946 0.70375549 0.79159691 0.63073709]",111,2025-03-03T22:43:13.933554
41,0.9169055362756949,"[[ 48.124818   500.89215521 217.16387193 628.48014843]
 [468.2020514  632.68148097 666.35603706 496.72764496]
 [279.76979699 756.02724122 191.46463815 184.75728104]
 [491.12954114 289.7095686  461.75076366 228.63456931]
 [439.66865212 359.32752217  73.71358322 115.97544172]
 [182.44070738 400.03747541 292.305222   472.81898084]
 [287.87713902 521.14888102 677.5376255  566.20760229]
 [354.41617789 244.92476781  73.16090132 300.31444299]
 [699.97162164 669.64102208 591.24104596 236.44357633]
 [499.08626893 424.72049889 782.1095235  275.05709135]]","[0.23704205 0.6368749  0.25870708 0.95033883 0.59544097 0.25964421
 0.67532725 0.62835314 0.69743408 0.59309502]",112,2025-03-03T22:43:13.942427
32,0.8511554658435073,"[[229.53967142 514.6909607  716.23013941 315.37254793]
 [780.35072076 208.72391905 798.56076956 749.66297936]
 [452.53037857 367.50451753 377.56838146 120.65513278]
 [630.19317246 685.87629841 529.65813766 292.03277568]
 [413.72358927  92.3297608  290.6696485  702.80208716]
 [ 49.52098738 468.67932002 120.8536814  489.50378172]
 [541.02354079 631.97198632 754.12715073 780.85980511]
 [682.05600534 161.32316038 356.58377249 569.04873617]
 [104.17935151  42.30120307 381.99568704 757.47661862]
 [250.06248917  81.88772457 627.48791015 751.27613285]]","[0.335415   0.90832589 0.98261108 0.41980511 0.23674894 0.30831285
 0.46649218 0.632919   0.6950059  0.94033545]",113,2025-03-03T22:43:13.950479
44,0.8706549317140075,"[[691.22663686 592.9891881  217.21066376 689.12191826]
 [711.22505988 105.07910575 643.8620888  616.37202639]
 [553.87058262 745.05688954 766.43451941 556.61113222]
 [225.5642995  736.64928036 664.75631923 665.86215655]
 [226.81239089 196.60827435  51.10174306 469.28318584]
 [691.58637832 264.12244895  65.14459679  92.64436892]
 [548.66289595 428.87850205 467.63933775 363.24565953]
 [536.7888932  699.32005418 615.3207217  201.19524487]
 [304.1499951  387.28944789 117.49345541 316.35113842]
 [221.85508116 751.36046153 245.53996037 647.43514746]]","[0.17431142 0.98133641 0.46685788 0.45089609 0.39082483 0.97927127
 0.50840972 0.0727499  0.89878403 0.44864262]",114,2025-03-03T22:43:13.958738
45,0.9428181504520933,"[[201.6524507  679.43378304 281.94693191 448.85122594]
 [334.40263315 175.58892135 242.77079787 300.55482723]
 [703.76699978 586.46192361 619.30958704 413.78841581]
 [617.71134119 566.41607556  56.57420134 504.75821902]
 [ 37.56602738 181.79637173 333.37400078 535.59681325]
 [267.6672815  351.82343996 536.26278557 504.56116695]
 [208.16264706 636.76321103  61.02927841 256.3818469 ]
 [313.58190323 165.50513213  88.42322207  57.24678501]
 [ 92.79375783 532.86921807 256.85988072 679.94932057]
 [327.46285856  55.58370815 795.25273587 100.82960674]]","[0.52260092 0.0026283  0.00710674 0.95088702 0.86839055 0.20753229
 0.77979881 0.51733924 0.47131043 0.91851165]",115,2025-03-03T22:43:13.965837
47,0.8506473067829547,"[[284.60502759 238.42527209 526.92553124  71.59398925]
 [499.74833405 109.90520175 209.21099523 609.95694678]
 [177.03317008 475.44384587 462.26832939 149.35567477]
 [556.487366   165.85710694 593.62819278 209.24122078]
 [792.69578702 213.70102237 500.71266024 733.26907208]
 [523.07808841 122.92248949  43.21575893 376.98257984]
 [ 39.75832547 305.71500695 353.26329082 358.32773378]
 [649.72643439 254.81471055  90.92346238 184.46106551]
 [320.7184862  710.57272437  19.61520336 700.78445197]
 [455.52301237 432.52053833 401.42778922 342.24148932]]","[0.88993707 0.66591233 0.14844192 0.23614608 0.30350871 0.71572639
 0.56150408 0.15573277 0.38958687 0.99297492]",116,2025-03-03T22:43:13.975452
44,0.8319120369202786,"[[251.09951119 309.17041183 799.5560325   14.75746687]
 [  1.96893734 461.61255201 451.81101857 477.01297789]
 [303.8494811   19.02389951 318.13988097 750.25257578]
 [730.78873682 357.56439265  52.06714935 502.65435516]
 [343.09717487  48.95867789 673.94482907 109.84597434]
 [241.44628813 623.12146247 693.63512182  27.41720375]
 [619.34086351 484.25145004 259.71959058 357.0572484 ]
 [479.74560918 573.62636675  92.67368306 379.2679845 ]
 [132.08505384 614.57492906 402.0461461  767.74853551]
 [503.92854351  52.69385319 371.94348961 438.30850905]]","[0.37426167 0.88778991 0.48594991 0.62694544 0.68468655 0.97475596
 0.35781634 0.90181172 0.82439661 0.84563722]",117,2025-03-03T22:43:13.983453
38,0.8459539465563166,"[[100.01205176 774.74737552 459.29963791 498.77764333]
 [137.36693555 181.94130341 711.4567465  507.30484766]
 [ 20.09419842 399.00444326 563.78824822 407.94695983]
 [287.49479112 354.05906122 308.44651862 481.09477012]
 [679.64899621 521.54194906 350.70021412 783.12229624]
 [300.7407155   89.91890397 502.41057774 217.17626771]
 [723.21681456   9.76412038  57.66894887 167.98881671]
 [458.59431158  53.83056135 343.70236461 547.84395469]
 [526.17629988 531.69122662 519.75850945 728.28653913]
 [270.05835489 210.34381158 173.84047108 571.25992179]]","[0.61950262 0.70271124 0.47227677 0.56510616 0.59193603 0.20531443
 0.39083004 0.73932344 0.81400466 0.29212768]",118,2025-03-03T22:43:13.992311
22,0.8437153653387159,"[[ 64.18279712 430.19862402 283.02463394 588.06573862]
 [335.94229969 297.95305213 617.6383554  663.95967574]
 [ 45.74437076 760.0235063   88.32846514 767.75867507]
 [292.44908756 674.84126736  24.49312345 168.47470101]
 [198.17347475 414.41257255 634.24614745 341.27328886]
 [638.45575361 348.9894811  556.04943893 574.26561004]
 [ 72.64067582 171.14350003 309.64872341 312.30639642]
 [342.28687519 462.15770505 379.54701569 247.07333515]
 [268.79197722  93.6978559  244.56675889 470.4936555 ]
 [145.20887963 461.91648992 557.69762494 129.13652853]]","[0.24499576 0.71217115 0.26424095 0.71112385 0.54174529 0.99848345
 0.00271798 0.02100587 0.75906062 0.57016368]",119,2025-03-03T22:43:14.002443
44,0.832033009356481,"[[ 74.73193986   7.292046   778.88835238 695.86619072]
 [ 32.50773955 166.54677548 646.8057644  489.44443631]
 [260.05689683 198.16252557 208.79677024 664.86462301]
 [209.06107626 780.99896282 517.90025442 316.45693397]
 [664.42343785 266.64571121 264.75643679 240.34219849]
 [379.30690299 156.74708338 410.10572055 302.34424387]
 [ 84.893776   142.95179999 555.16658612 246.6669666 ]
 [252.1337905  343.79633838 472.94621429 736.43927697]
 [534.21226917  17.87563299 568.15904372 206.88871139]
 [798.77866186 129.54161311 502.9762452  287.64227574]]","[0.8458109  0.87227931 0.7047322  0.378334   0.98014773 0.5056726
 0.01481909 0.66867276 0.57051768 0.42384158]",120,2025-03-03T22:43:14.010530
35,0.8700333916588451,"[[ 29.83847213 772.90038899  28.52502267 386.599243  ]
 [376.74023058 504.82223625 775.20515634 126.3780401 ]
 [790.83718094 750.0635632  704.06970352 594.88749694]
 [625.40289089 190.85545598 119.89132652 101.09097607]
 [244.5779383   94.84051534 536.14080846 597.89398032]
 [241.73820479  58.13236187   4.94028514 653.0275    ]
 [471.24271806 463.49298002 156.62852257 649.20047184]
 [231.90487519 121.55334379 366.12875468 420.697486  ]
 [287.00485972  56.09737656 597.30269631  35.02015221]
 [ 59.51367578 541.84553432  56.20426686 604.21389469]]","[0.27648411 0.61717079 0.5258788  0.53629564 0.9303133  0.19400681
 0.88371382 0.93121265 0.45605845 0.57293606]",121,2025-03-03T22:43:14.018646
22,0.9238915991135448,"[[295.44882656 670.73312568 695.51306864 354.47400794]
 [682.93296381 796.06797359 566.03560099 304.63597104]
 [505.26217573 530.67725932 492.13781316 205.00953709]
 [256.59269009 531.17278118 662.44727713 338.00846509]
 [757.19500969 482.46512565  13.10868702  55.0396545 ]
 [ 21.93509223 232.32335841 182.03275951 150.84853115]
 [ 64.14522128 220.16501514 739.98990165 349.44343721]
 [ 56.08556882 286.13631488 448.08908999 317.83467347]
 [585.48821925 685.6183481  487.82847583 202.92572551]
 [ 75.04523721 772.18620475  27.65846797  94.73958955]]","[0.45543581 0.78391917 0.14657835 0.61580226 0.23966902 0.97905289
 0.86076913 0.92268319 0.88405423 0.06657677]",122,2025-03-03T22:43:14.027620
37,0.9118076264964062,"[[154.93476935 518.59346187 719.83542928 347.49329194]
 [ 43.29490484 778.56201728 387.23367044  90.2589851 ]
 [172.13411066  24.69596959 478.30321455  87.57631117]
 [657.83157059 561.62100901  43.3981142  755.41297738]
 [290.98440964 540.38465074 576.59596446 106.88203584]
 [220.99213298 468.21035103  22.97551682  72.36683727]
 [ 87.02018801 174.16769133  48.40787699 430.89697053]
 [251.04711748 541.12021466 198.6229483  745.62571835]
 [239.67419126 306.32155717 640.15161509 141.34021591]
 [ 29.70819574  58.48569565 326.71202881 344.05033125]]","[0.15117558 0.06850507 0.84389277 0.54093557 0.02608907 0.84794155
 0.48224949 0.29882683 0.66047438 0.51275509]",123,2025-03-03T22:43:14.037143
42,0.9075174221727459,"[[7.87238798e+02 2.86315995e+02 4.35025108e+02 5.75805981e+02]
 [1.04455251e+02 5.95629391e+01 5.09105629e+02 6.45526513e+02]
 [1.32618525e+02 4.23485928e+02 4.58911132e+01 7.07480630e+02]
 [3.64165223e+02 3.51755337e+01 2.43822609e+01 7.64829804e+02]
 [5.67969713e+02 7.99053107e+01 4.73961242e-01 5.06285865e+02]
 [4.62023586e+02 6.03901011e+02 3.71399139e+02 4.96244661e+02]
 [1.76268296e+02 5.37582981e+02 8.20922958e+01 7.53544970e+02]
 [4.41842102e+02 7.88991186e+02 2.70248847e+02 8.29183055e+01]
 [6.81287461e+02 6.56844154e+02 5.76377877e+01 3.29047675e+02]
 [4.39079418e+01 1.58866233e+02 3.69936714e+02 6.67725758e+02]]","[0.71685397 0.25867686 0.99526871 0.73663943 0.4651726  0.2732619
 0.54360086 0.77376631 0.07029053 0.25231328]",124,2025-03-03T22:43:14.045784
50,0.880955226125445,"[[628.91258682 111.48409626 511.02255814 433.54996737]
 [603.12669189 775.71239443 617.03522694 418.10937788]
 [752.25366567 304.83501299 516.35599608 130.55614672]
 [448.48444403 120.58682329  48.06276674 124.57005524]
 [490.48884398 400.99446347 323.42604612 776.21526103]
 [719.70698964  50.42197034 341.05394186 758.39180483]
 [ 19.53207149 205.80355454  83.53737388  71.91236353]
 [384.06873286 133.87167047 317.48043462 475.94246849]
 [734.87097678 167.90314189 360.0026955  526.08286994]
 [ 77.56641953 367.81517333  24.34733369 492.26160268]]","[0.87333981 0.165192   0.29617309 0.50073805 0.7119973  0.97766478
 0.14859461 0.35063704 0.99286012 0.99413451]",125,2025-03-03T22:43:14.055250
39,0.8927417607028487,"[[711.01196923 531.96272917 348.77145694 491.37123827]
 [ 34.03206945 310.91564219 274.73008296  96.9578493 ]
 [698.74938982  45.94296498   7.2506964  468.72121411]
 [152.2391245  315.78323952 600.58580237  73.60030487]
 [649.89229736 284.01843449 747.1314423  341.64228706]
 [ 51.30479958 632.29231211 109.61960659 642.20050023]
 [365.41058405 359.9586155   46.45552433 217.6007966 ]
 [ 75.88600896 277.64643608  39.33189201 463.3893535 ]
 [218.68096918  19.89751696 592.11785742 569.14515915]
 [  7.80243543 384.28562998 396.64881183 301.51752379]]","[0.3482788  0.07223903 0.90168295 0.68919162 0.54597004 0.80811103
 0.11579222 0.70495767 0.85586478 0.63910206]",126,2025-03-03T22:43:14.064388
37,0.8187034101619365,"[[121.39433457 647.281998   519.89456789 675.87766773]
 [119.60593106 636.29851978 386.51598663  98.80067161]
 [335.47687911 542.94110964 520.4874575  748.75851997]
 [167.2737552  195.62198352 203.54499687 131.72873073]
 [ 19.0602447  148.03710094 794.74917603 368.54117359]
 [104.19287917 171.86026444 554.31768166 509.08952408]
 [111.12510952 589.10080903  35.35467602 597.26169398]
 [604.348425   559.59497466 632.95668912 604.68723638]
 [610.96713041 542.36097001 137.20353965 632.47607336]
 [ 22.46370847 263.90104612 182.37288315 428.44862397]]","[0.60495817 0.22640733 0.20968798 0.29243039 0.86360564 0.88137929
 0.28092114 0.67795772 0.84625547 0.39923508]",127,2025-03-03T22:43:14.073021
15,0.8065561182904201,"[[252.80010826 776.20847956  33.79645382  34.76468044]
 [412.72479604 386.02498545 205.20162013 547.01691018]
 [175.60427649 223.64702818 156.25091537 238.36761538]
 [192.97092504 315.61174793 703.81477688 560.43072794]
 [ 85.34583642  62.34213335 406.5133524  704.49683085]
 [754.02529106 531.40969874 281.64339178 373.46012993]
 [728.86507925 248.48983524 499.04832736 419.85475632]
 [733.31216838  49.91823659  46.19453795 520.16465391]
 [343.96910176 648.82501373 121.76759915  33.28967682]
 [406.08786322 571.52219847 705.57315912 208.8014101 ]]","[0.95246445 0.68283955 0.4029076  0.71075432 0.98929315 0.33803983
 0.31439642 0.74239228 0.10100534 0.81304804]",128,2025-03-03T22:43:14.082064
13,0.9322730759696458,"[[163.40218898 171.04296902 648.93215426 394.25506432]
 [799.28151371 493.29398564 406.11556527 695.78898262]
 [383.42190493 305.33926855 296.88824035 482.10955615]
 [370.43222447 351.21891339 429.55240673 722.92798366]
 [  8.88861456 289.0042034  201.21895259 227.79173209]
 [461.6570103  563.32534434 208.38928885  56.11013808]
 [213.45109798  25.99445758   3.43192167 483.28350513]
 [746.76784517 174.27489383 722.80332523 453.74043867]
 [190.49649259 679.60228048 319.75850762 692.42041285]
 [583.75558822 397.35478354 320.06141602 720.44258751]]","[0.24480088 0.46673196 0.46908906 0.70726124 0.25621542 0.9850858
 0.01245364 0.01323734 0.01286189 0.64548203]",129,2025-03-03T22:43:14.091818
49,0.9022594921330027,"[[195.34958389 460.60920554  40.16053817 247.59924889]
 [262.0869367   67.2386517  632.00748631 571.0836253 ]
 [139.33605775 524.00272096 784.39904045 221.50910411]
 [765.38595477 168.75071783 321.27351805 438.72036616]
 [233.41264385 651.05114958 502.091173   360.64582566]
 [ 14.92232202 294.49960512 259.73714346 260.50613236]
 [197.58044892   2.27429021 360.60818391 566.79103354]
 [  9.96668112 648.61902458 346.27148209 189.60828747]
 [761.04566449 504.5700527  306.1589389  119.70909053]
 [189.54596725 752.81549918 794.67371415 532.11347863]]","[0.67871433 0.29704824 0.99806947 0.21947713 0.55816858 0.06164488
 0.23608486 0.8201522  0.18357037 0.35074621]",130,2025-03-03T22:43:14.099898
27,0.841726897808969,"[[ 62.59557449   8.7733045  126.08230823  52.54718066]
 [701.84233113 127.2160504  634.02927987 295.4274748 ]
 [ 72.65473964 517.80918131  76.28600557 735.3306907 ]
 [ 20.91391577 348.58140848 370.9170116  442.47786438]
 [385.32688542  88.72736981 131.13860607 754.01894048]
 [438.47373017 684.94032275  25.03098679 498.08153327]
 [576.66864857 615.01428711 787.87096715 626.16436324]
 [ 36.42178947 457.41130031 287.30078949  82.27269378]
 [110.78159619 251.02271111 725.81888192 321.16206896]
 [101.34431049 198.74843834 275.02684557  10.53557241]]","[0.17186597 0.09716245 0.01965953 0.06346763 0.39499531 0.99024171
 0.62065006 0.9985881  0.58080932 0.02567478]",131,2025-03-03T22:43:14.109917
44,0.9146771972541552,"[[351.86461163 323.63389793 404.26348318 108.52130918]
 [275.23852351 641.01226393 162.80852518 332.55383545]
 [525.50375184 219.78370008 126.17833182 510.17112394]
 [652.07287263 347.54802245 449.04850987 335.35637749]
 [ 89.16896551 530.03402264 648.49927356 591.61853606]
 [620.78550793  98.75889892 567.60354877 189.65734855]
 [516.24126032  22.83507505 482.94289319 496.75652088]
 [370.41515693 286.98233102 770.78629458 649.2439906 ]
 [349.19611272 666.04923792 113.64701512 634.27313459]
 [166.8718276  485.5956835  517.36136997 335.30665076]]","[0.85018031 0.04118066 0.71576088 0.7603004  0.04048741 0.27373984
 0.01872442 0.61157292 0.62817223 0.66004651]",132,2025-03-03T22:43:14.119030
43,0.9360292263242398,"[[594.0473952  133.09559891 181.89337882 634.21557429]
 [745.56119624 658.29475764 608.23536932 240.43167505]
 [454.95785803  11.20926034 591.13384756 586.97077892]
 [196.55120646 623.03120295   3.17441872 263.2128917 ]
 [567.59934584 531.13786833 450.60904932 610.16311876]
 [275.38230518 654.12705508 117.80572842 320.15132189]
 [378.84425609 601.34489651 325.88608463  82.20861304]
 [ 73.45071045 188.93518911 573.96302325 552.83453377]
 [148.9322601  273.51467293 325.69477776 380.75542231]
 [609.11424933 744.81700827 470.40298932  65.35823255]]","[0.09510563 0.42975586 0.97504611 0.46479323 0.87512726 0.16246622
 0.66214805 0.82252108 0.19002797 0.38215305]",133,2025-03-03T22:43:14.129474
12,0.8136520283097929,"[[163.25299056 350.8518285  264.45085989 712.50666199]
 [175.90393754 363.04414529 221.55521984 204.65924368]
 [363.95873051  36.71781608 782.86290494 231.33594302]
 [105.5175382  109.66232376 584.55576829 720.00384332]
 [116.11602674 159.94290981 633.93907787 573.34723777]
 [ 27.73569512 699.45627301 134.11263263 451.77016223]
 [552.12043518 712.58317419 769.93000008 115.87483854]
 [576.69884575 473.31209419 492.67382331 157.98511953]
 [560.53179703 517.33939683 371.43299494 598.02015042]
 [667.48338347 327.0035558  761.93316816 530.21178212]]","[0.44346951 0.95414277 0.74969485 0.10090369 0.5716194  0.07789596
 0.33375148 0.11033272 0.72006108 0.2342004 ]",134,2025-03-03T22:43:14.138484
43,0.9300368239074839,"[[244.06371943 225.23711876 277.73512314 666.4639769 ]
 [266.91800424 360.28420453 600.36916364 689.59381463]
 [240.7697823  439.68110401 290.53168721 729.40196767]
 [ 79.50814786 666.95511564 161.47920765 313.38897554]
 [167.51549433 417.20077567 372.79723036 743.81698699]
 [666.18267443 276.55146752 721.36682351 786.78850965]
 [380.29193097 202.55443355 518.43355261 663.44998509]
 [601.01783089 632.04678753 186.4041198  553.68200805]
 [531.16412787 168.9746918   39.53153727 359.97998612]
 [ 20.38779696 741.53116903 304.40242647 260.92609097]]","[0.8103628  0.97702115 0.32308281 0.02830298 0.80571023 0.2744191
 0.12297466 0.19069328 0.36696405 0.75036792]",135,2025-03-03T22:43:14.147572
19,0.9056962194550239,"[[3.28420500e-01 4.86286748e+01 6.05421163e+02 1.51120391e+02]
 [1.86345580e+02 4.84519261e+02 3.00481939e+02 1.21690851e+02]
 [2.76184047e+02 1.58572260e+01 6.58968686e+02 4.98703126e+02]
 [3.39992742e+02 4.56622710e+02 2.81953111e+02 6.99371884e+02]
 [7.12866438e+02 1.40848458e+02 5.77996238e+02 6.45854561e+02]
 [6.43005179e+02 1.74323142e+02 5.76697969e+00 9.43622872e+01]
 [4.34823293e+02 7.86669882e+02 6.71626899e+02 5.35820125e+02]
 [3.00281962e+02 4.85851673e+02 1.44328631e+02 7.33245022e+02]
 [4.71958056e+02 4.96639622e+02 2.24251074e+02 5.31489116e+02]
 [3.52638224e+02 5.07283893e+02 4.35162922e+02 4.65094557e+02]]","[0.95218564 0.27700141 0.62985878 0.80389723 0.58316852 0.93684481
 0.94699801 0.70887778 0.06018821 0.05005154]",136,2025-03-03T22:43:14.157328
32,0.82273164771024,"[[447.02871627 150.68583796 693.03111844 206.87714369]
 [508.27808247  50.39526985 747.85503761 614.18078345]
 [251.32826351 618.02597082 768.24698782  80.39795483]
 [618.52700104 622.53323172 257.74450551 362.80459427]
 [763.28982426 182.35121503 239.50311738  45.07644991]
 [656.0138091  768.4191723   34.8288647  679.51717126]
 [165.56788709 780.61559866 726.81984026 314.54143117]
 [245.39988274 142.12477253 689.35946104  91.54745315]
 [691.09603875 762.00366127 741.87460978 256.11250112]
 [457.4641499  302.61687646 446.50645069 264.66114676]]","[0.49144823 0.58619624 0.17082348 0.26886455 0.17908598 0.40446606
 0.94379584 0.90547836 0.4579461  0.23018966]",137,2025-03-03T22:43:14.166272
13,0.8760899596558268,"[[206.89519328 743.03887734 569.84671463 459.42162417]
 [ 19.81247562 794.16960855 479.47713967 423.3585673 ]
 [333.26609941 537.19978804 175.86770548 546.84368301]
 [286.577126   739.73579293 581.01181488 582.69165793]
 [457.0558416  217.4846123  187.45389528 454.2522199 ]
 [273.42097095 451.55137062 395.50257106 266.10595549]
 [592.89718371 675.03803431 125.03068405 528.67611991]
 [ 43.0154595  416.29945856 794.49635986  89.88880581]
 [236.2362107  545.12045636 304.49870154  72.00609999]
 [501.90014857 134.09117444 520.93389855  94.8442033 ]]","[0.29553515 0.34911289 0.4741454  0.99605513 0.91937487 0.06786963
 0.92440593 0.82674386 0.43833385 0.28485869]",138,2025-03-03T22:43:14.176216
38,0.9292178392020305,"[[784.80712146 709.38254385  93.9825935  264.94526878]
 [ 80.98893468  92.23957672 546.27045701 111.47108566]
 [671.03401771 790.71367087 682.90814885 656.25864041]
 [598.16055526 403.42159039 758.86952781  81.95326753]
 [344.34091591 779.60190286 639.37575355 779.3659767 ]
 [615.16712403 703.78862594 745.9847971  341.71143978]
 [219.64795305 775.80911063 466.83092046 370.68954566]
 [205.20957014 619.59187535  29.52267141 660.93516648]
 [551.50729058  49.48867273 572.83996909 757.12249187]
 [438.79870042 155.94207344 127.98398728 779.58655364]]","[0.38697829 0.43878582 0.46379323 0.8480022  0.07120298 0.36239141
 0.16192907 0.38110818 0.01155175 0.1982304 ]",139,2025-03-03T22:43:14.186474
34,0.8962926542000016,"[[681.10092443  48.41388463 261.34109252 680.40158377]
 [714.23494941 688.83866591  12.28510521 409.47823615]
 [352.84232121 173.88632695 759.19774427 110.62415285]
 [754.91386654 386.68543139 184.29519085 302.71575087]
 [197.4595921  166.5620782  596.94284564 655.37888725]
 [558.32360216 513.52867118 154.14273931 584.75232599]
 [332.69203062 561.81385428 376.95966576 358.89224421]
 [617.30154442 289.23215619 370.39456607  46.02180356]
 [  5.27625161  55.42576926 612.37025237 693.23138017]
 [111.12291556 516.87347401 632.92945277 619.79972509]]","[0.92142135 0.90997319 0.90052968 0.2425385  0.35840774 0.88294935
 0.13884999 0.09284589 0.0409966  0.80529036]",140,2025-03-03T22:43:14.198474
48,0.8138950603860589,"[[1.91742384e+02 3.67220486e+02 1.63334024e+02 1.62283780e+02]
 [4.55799691e+02 6.91272968e+02 2.97554814e+02 6.09143311e+02]
 [8.56212666e+01 4.67975470e-01 5.06398681e+02 4.37111018e+02]
 [7.15802138e+02 3.58666817e+02 4.80362931e+01 7.90124176e+02]
 [2.48639686e+02 2.09657191e+01 1.95138178e+02 6.59670954e+02]
 [3.79196489e+02 5.87265059e+01 7.89751174e+02 5.25391368e+02]
 [3.25748786e+02 7.80504453e+02 3.26576712e+02 2.31493217e+02]
 [5.82951535e+02 6.98577391e+02 7.53491310e+02 4.71307880e+02]
 [4.59995867e+02 9.09812054e+01 8.97991705e+01 8.91621746e+01]
 [4.84443404e+02 6.17879379e+02 3.97420497e+02 1.49469802e+02]]","[0.22657161 0.81980435 0.23488031 0.18853586 0.17836494 0.88024502
 0.15871592 0.68389608 0.94652105 0.52080182]",141,2025-03-03T22:43:14.210629
49,0.8348339765812572,"[[645.6020846  305.57894566 253.97431542 699.33590663]
 [ 63.86572003   5.18395713 423.59847123 498.22672496]
 [483.72442904 617.36296895 226.37851022 684.26334733]
 [ 51.62738492 213.27908768 127.97143546 530.35702428]
 [301.75569951 488.69264079 410.67612882 450.56958829]
 [526.57880538 436.59723838  29.74655066 232.27794953]
 [662.21867038 334.43606887 405.42144272 767.90132656]
 [581.31653526 639.85953575 438.05920301 187.76901681]
 [620.72235175 684.59341517 615.9280436  471.58814675]
 [645.93433534 264.12223583  30.03739828 754.0202131 ]]","[0.05267732 0.20420869 0.91233221 0.34897849 0.41135408 0.35961993
 0.95751842 0.17846852 0.28334807 0.62569704]",142,2025-03-03T22:43:14.221385
14,0.8059416511772426,"[[188.00180213  42.43610158 505.68451786 762.12237639]
 [744.05949778 489.65820599 453.26361123  57.68997251]
 [156.68424383 398.99749448 646.49943948  89.75826834]
 [169.36179267 344.76153046 640.32699087 790.55150566]
 [566.64589382 114.82135174  84.60809865 502.37583232]
 [390.54613471 394.93854585  19.11147905 358.52167554]
 [650.8101612  593.17918326 175.44272223 315.03867489]
 [629.71462512 165.81087704 716.45460648 327.5263122 ]
 [797.23621613 563.1950598  292.37582185 149.78297968]
 [177.6101204  282.79859753 426.02612298 251.58771643]]","[0.30385283 0.56555073 0.99291065 0.3224268  0.24657548 0.02510787
 0.71712904 0.04141145 0.21558508 0.13280318]",143,2025-03-03T22:43:14.234306
39,0.8469730378446044,"[[ 66.19617712 426.39539298 286.49764446 409.01031784]
 [ 42.34747153 668.32849571 343.95436527 248.44655416]
 [242.88059967  31.46148592 577.77375699  28.38947023]
 [191.39466513 634.31696647 226.84571248  10.23518748]
 [ 86.67301366 336.22184748  13.84726279  96.90563397]
 [765.45576652 441.14816212 137.63251149 145.48173312]
 [185.02810623 649.32146453 542.12341945 292.08486001]
 [788.50529453 458.03989531 592.67118065 765.05673614]
 [534.49834636 394.9810006  473.70261913 734.34153428]
 [127.40791962 622.63363098  39.59763316 734.82326803]]","[0.08719006 0.66600102 0.67381062 0.54407015 0.77997423 0.13488002
 0.87754074 0.05666605 0.36720069 0.83620635]",144,2025-03-03T22:43:14.245263
18,0.8384236050919969,"[[337.33235346 171.85258654 502.82867511   7.43383116]
 [148.10144741 784.08825518 112.76990634 592.68712188]
 [420.36272567 162.12054964 796.97182753  45.68108023]
 [424.85501902 368.87690724 620.76348126 152.04033446]
 [266.37702886 459.2804265  527.30978654 757.12420002]
 [161.86265256 746.02356503 452.1609852   86.04299202]
 [ 71.0839388  141.10950881 556.45355667 267.08417612]
 [153.19626083  59.51464253 258.70510571 502.64006063]
 [162.25889829 313.10156094 415.45882986 440.87805402]
 [275.34403921 623.05219935 562.38704359 429.75153376]]","[0.32747372 0.31885557 0.98962514 0.11161825 0.94333963 0.81393687
 0.19295743 0.41273109 0.47363206 0.94657629]",145,2025-03-03T22:43:14.256565
32,0.8796803101318372,"[[110.89896625 668.08345365  77.5476313  688.12966131]
 [717.81111232 132.35985177   8.54244005 136.20443122]
 [735.15089257 783.74604116 790.41573725 557.83611195]
 [285.94961971 386.48185076 731.56425847 370.08704782]
 [797.34802468 626.78771284 302.73585479 799.53645663]
 [461.45570829 205.25055703 458.655491   639.8195897 ]
 [446.59948892 331.98495031 281.99856052   1.05338417]
 [484.05561628 337.7217362  317.16314777 164.04104816]
 [627.65771152 767.38842678 382.19392433 653.67492955]
 [635.97093033 761.56890899  30.14947814 244.18971667]]","[0.55071802 0.46159647 0.57366772 0.02407197 0.13569797 0.08242852
 0.31545807 0.55167201 0.96808892 0.43340677]",146,2025-03-03T22:43:14.266075
29,0.8143997163593396,"[[316.21361304 620.15985228 774.84816567 205.46093746]
 [787.46944137 206.79186906 311.73378972 591.7314393 ]
 [229.00639038  98.30531875 228.92217866 431.19081925]
 [552.65197423 781.38990728 367.09403553 575.92897687]
 [461.474068   616.51025786 578.0558434  798.62282637]
 [182.38654093 379.95817226 480.22298933 123.77006689]
 [ 36.3234781  583.37539811 133.16613916 395.4252204 ]
 [ 97.83693783 744.66127068 766.09685687 192.9140777 ]
 [624.63017192  79.59794899 530.69095451 542.04600351]
 [745.87491145 612.52394515 621.36176865 683.55744085]]","[0.5660701  0.52548493 0.29982435 0.91948741 0.56527883 0.42681689
 0.92889063 0.50969877 0.43132934 0.00160632]",147,2025-03-03T22:43:14.275132
42,0.8725582304131629,"[[519.38589752 600.88627119 473.6196231  173.84685221]
 [670.15326549 109.37654847 109.24866987 591.73801804]
 [496.37665114 418.8337069  746.03757625 205.54337319]
 [136.48321334 735.77601922 277.38177046 469.69220547]
 [551.99057639 689.21436759 565.7889844   49.35689805]
 [ 84.4760687  274.33892085 179.22549397  53.32700189]
 [ 96.36574514 465.8229497  372.42278516 493.48621816]
 [493.58069512 367.72754586 312.44763792 261.62371823]
 [ 88.72410132  64.2071767  713.97982013 756.61600293]
 [732.37406492 114.01658683 404.00590111 783.77316397]]","[0.94962125 0.74319583 0.64654255 0.92512602 0.60951397 0.25498979
 0.3063715  0.2472642  0.28735512 0.25128921]",148,2025-03-03T22:43:14.283582
22,0.9376845046230458,"[[ 19.62304739 565.15168535  95.48543714 569.44716523]
 [627.12026897 557.84785144 477.3695327  514.82449357]
 [242.52820427 731.96744816 781.51688089 676.62452027]
 [660.1678184  104.42899932 654.1423341  463.41768357]
 [515.2211909   86.90063953 148.97953653 336.0682803 ]
 [400.04267644 593.6797667  460.32106575 730.35547494]
 [448.67312973 724.94148521 771.87036689 707.32724152]
 [ 91.52741609  13.15419952 547.60935098 284.55599378]
 [ 70.91808159 659.08352532  11.1420894  304.48659184]
 [140.12461371 169.77334061 429.35729679 551.35062854]]","[0.5193993  0.81552395 0.68256252 0.1311209  0.19695838 0.36176043
 0.03444863 0.18332369 0.19076729 0.08252233]",149,2025-03-03T22:43:14.292592
30,0.8255470548707436,"[[ 95.5313446  502.29547405 383.89004197  99.35332703]
 [367.06137946 192.52870137 457.6277415  733.62005836]
 [793.91038128 700.86105987 785.87281761  82.53651157]
 [440.60860591 744.69471775 198.33886163 506.75956692]
 [705.77876127 322.80238638 795.75958289 254.62972914]
 [704.20456739 124.00781705 121.26923621 471.90454141]
 [212.29927702 436.86768165 171.00254349  60.43770926]
 [ 65.98033422 524.26027455 556.75231152 346.38226254]
 [ 51.82749219 432.40831422 525.4410594  787.31495483]
 [598.37910207 510.59584277 409.72544793 791.85534247]]","[0.38276306 0.77585177 0.87604132 0.86297064 0.82971465 0.00924914
 0.72699418 0.43418248 0.93679575 0.23697705]",150,2025-03-03T22:43:14.302555
20,0.8485678019827978,"[[686.11567965 437.67091036 277.25691338 616.0034104 ]
 [743.40557155 740.00875551 223.34511044 252.74959902]
 [530.51674911 225.808177   421.87826354 645.95161916]
 [397.97788432 270.11740933 756.17888718 273.53765691]
 [130.75074144  78.97198673 706.39952476  13.69198385]
 [146.03331625 345.92184156  78.30529872 387.57689541]
 [759.66009578  41.42299996 789.74329184 613.22178129]
 [784.87498264 796.47581117 102.48342013 767.72403976]
 [654.66317853 387.49470336 700.52908455 474.01464824]
 [285.47917748 322.42391187 220.49736176 752.51664822]]","[0.5325593  0.14689634 0.30993272 0.69352229 0.0658364  0.86526287
 0.60719941 0.27314703 0.66752045 0.9293629 ]",151,2025-03-03T22:43:14.312098
40,0.8898887076903127,"[[665.36846672 256.66803972 204.53223301 430.31738044]
 [670.26227072  20.77072936  77.05170396 515.89513894]
 [549.41387628 512.9912329   91.09819569 667.5374597 ]
 [490.26520778 693.67991524 743.41606214 296.37809736]
 [216.48603841 178.74195241   5.96474346 594.11207139]
 [294.79867372 421.72670646 281.46191914  74.93380852]
 [ 99.32240699 602.2732607  731.89664809  71.94997137]
 [619.61553967 530.76671452 649.07508553 383.92284834]
 [ 16.69677769  16.55145587 778.688976   248.22368377]
 [674.44468675 727.82207508 528.98769122 650.07866535]]","[0.58774431 0.20023632 0.68150385 0.48445553 0.63984571 0.57014074
 0.81593707 0.75399705 0.51685352 0.21852265]",152,2025-03-03T22:43:14.322908
50,0.8603460654471611,"[[ 91.61080412 239.65810361  37.28898736  88.33892   ]
 [415.06526414  81.54395431 266.99097537 139.84562768]
 [ 24.89381614  73.06351195 300.22307281 258.97712245]
 [417.79233662 449.77247571 470.76509565 188.85873622]
 [590.88081375 684.93791047 287.84269703 318.68370939]
 [715.63998006 394.69022757 414.48144946 314.97957977]
 [250.5043435  664.67792798 212.59975627 180.80176492]
 [310.00406382 348.88646631 775.91968607  64.4140847 ]
 [757.15493833 207.98945094 270.55137437 180.23800597]
 [771.69775735 333.15671166 131.90419559 781.51364837]]","[0.67267787 0.10055274 0.98867241 0.53413144 0.01651853 0.60578954
 0.47598474 0.45054669 0.61049012 0.23795684]",153,2025-03-03T22:43:14.332428
45,0.8757465180199665,"[[528.51371599 494.99877978 716.69918293 740.92775769]
 [212.35239923  46.96763344 163.9139149  586.19966145]
 [321.78474304 783.59501421 269.55633294 557.04453907]
 [ 32.45715868 271.39244764 502.17056658 153.66927063]
 [738.76428008 684.61014093 404.27659546 453.08346638]
 [404.80605884 635.62907133  46.34223893 249.80925522]
 [224.77506557 340.30223659  18.16212009 208.28560539]
 [765.88052877 153.9825751  716.39424351 405.44429089]
 [435.76749672 146.59220895 312.79537791 487.9991271 ]
 [500.04878702 269.80603672 602.02496707 759.35405757]]","[0.83048376 0.0124021  0.14901196 0.34665314 0.38682096 0.65127269
 0.02963331 0.18797579 0.98898421 0.30165767]",154,2025-03-03T22:43:14.342884
45,0.8505713832288009,"[[674.60618767 733.36052884 384.17800064 582.93500723]
 [370.38380279  69.80166075 136.55320659 732.75904261]
 [383.01152622 332.46863559 407.20061377  52.33938395]
 [241.49075668 135.48279873 121.30282218 652.76844818]
 [486.40382236  23.9134608  462.42611565 133.37684507]
 [623.96486358 635.49134327 404.09737016 187.5788303 ]
 [129.32572309 505.44376344 287.73564346 628.09489556]
 [145.81130049 153.2274328  528.17787721 163.75440852]
 [771.5992057  369.85686776 566.8381108  518.04694279]
 [297.47678405 658.59627641 219.79727867 406.18317164]]","[0.36404125 0.2418633  0.10556206 0.53568408 0.93597151 0.27108632
 0.09522147 0.07377393 0.14578915 0.47890547]",155,2025-03-03T22:43:14.352023
35,0.8630574934106152,"[[498.70427662 391.17106233 162.50137483 557.26527438]
 [200.46042669 595.16405403 645.75659059  77.19336394]
 [128.62365462 167.3564462  685.14758496 207.53450061]
 [482.0113708  740.09812504 420.77324272  95.32105349]
 [439.81432889  41.02251964 165.54248007 651.14771478]
 [166.17323665 692.16305079 429.90552672 703.24175732]
 [234.33999233 498.16443492 179.45054844 594.91442923]
 [628.86746588  26.1034376  197.91095287 220.97975751]
 [385.10441616 442.90754538 649.29033161 679.65957551]
 [440.82557763 438.78728761 405.42463526 372.20743533]]","[0.16260073 0.91476431 0.2038452  0.48217551 0.61509771 0.88716401
 0.84432792 0.77469571 0.56781485 0.27324988]",156,2025-03-03T22:43:14.361028
20,0.8079897764320625,"[[ 13.50871602 642.77374251 692.20622294 640.689332  ]
 [441.57156201 370.13908031 147.71087143  25.24068509]
 [429.32247364 434.75820018 325.23718874 576.3471549 ]
 [103.63778517  39.96471311  37.03084563  74.24882225]
 [457.85684586  36.7402399  138.84442925 326.58707868]
 [ 64.68358474  74.68550697 688.34277867 676.74965637]
 [625.40805216 376.3866559  363.9725476  509.70346583]
 [682.11670038 655.26574695 115.00898769 321.33313775]
 [270.30635367 752.22396439 288.42068115 789.13866966]
 [779.34484775 652.3357434  109.38352042 188.02247192]]","[0.54541068 0.59079065 0.37651733 0.34117816 0.67039895 0.25488776
 0.58523274 0.92173328 0.27492007 0.62737987]",157,2025-03-03T22:43:14.371116
39,0.8219976090031187,"[[ 37.00587893 374.86424451  49.01195567 451.32879169]
 [654.26840606 222.35167039 408.34231189   6.46833352]
 [377.7703354  761.8342034  199.58759039 571.66757541]
 [221.30259625 698.07655493 160.65691743 180.99461799]
 [ 63.79299451 492.35521037 652.06530326 769.90084135]
 [287.26275155 718.85683945  79.71338294 197.02287006]
 [627.42197786 228.91915609 118.21947445 469.73619728]
 [170.85605991 537.57100497 464.4224719  194.90058069]
 [677.98354579 588.91636531 466.01329158 310.8634922 ]
 [ 53.1982455  560.46202563 127.1362696  109.85540366]]","[0.611329   0.04176993 0.51978204 0.04934288 0.27107218 0.76049825
 0.16662529 0.38827703 0.54670297 0.41284208]",158,2025-03-03T22:43:14.379738
43,0.8845094260281382,"[[534.24052131 504.05953134 605.8800642  274.42969212]
 [352.31447374 174.54727329  73.68173536 492.52647281]
 [791.56108234 585.14291784 497.88580375 190.79609545]
 [451.01220303 172.27065371 547.23399625 459.95924031]
 [357.66676078 689.7964219  314.16067002 604.0848497 ]
 [ 73.06886545 716.6589816  500.13931263 356.70223391]
 [682.07420694 354.76158346  66.18035243 152.9024053 ]
 [244.21123291 777.69631007  90.47604504 739.83314757]
 [203.51508437  35.48556159 295.28135324 467.08612428]
 [608.28405444 790.32021466 759.11034693 274.52139163]]","[0.99148273 0.57922028 0.66672579 0.12841928 0.41717388 0.43603754
 0.32778765 0.02992092 0.20845179 0.01751654]",159,2025-03-03T22:43:14.388575
43,0.904252931249556,"[[240.5814891  297.75281623 273.90079076 710.39509206]
 [717.46485292 632.603412   163.03466083  85.86061991]
 [269.81949607 425.48827942 306.4740397  703.97738961]
 [199.88412148 241.77791211 701.32695081 702.26359027]
 [624.61094122   1.71018431 182.26552416 362.56870055]
 [  4.59702241 312.74184168 149.03217433 230.79497722]
 [287.4711878  543.15158546 311.67194815 204.04084641]
 [421.67173909 727.36912375 699.44957742 272.41803663]
 [710.9790212  593.63095437 492.49336555 147.87247801]
 [603.78522516 200.8657601  390.1109018  260.79072494]]","[0.28465987 0.54061836 0.71234296 0.85779288 0.4082524  0.49391419
 0.65419969 0.44110369 0.51625787 0.38268733]",160,2025-03-03T22:43:14.397800
41,0.8042651857839922,"[[335.09794052 529.92920723 497.15172922 715.0343281 ]
 [417.59635152 108.31267518 379.55395655 580.14402513]
 [290.55629524 538.73216944 453.85900259 305.67290381]
 [ 48.54892801 527.90220878 318.87028976   8.33978384]
 [573.45302806 248.55228017 603.01804192 618.54633796]
 [ 91.29597054 535.35237077 660.90303782 127.73862686]
 [592.09552235 761.70160334 784.97418626   8.42600654]
 [275.45563876 132.92084748 276.47078661 687.53510684]
 [134.73055767   7.93234593 610.1600536  715.48691314]
 [ 39.54151586 192.0858413  536.4266211   63.6371735 ]]","[0.70927717 0.36042822 0.78234396 0.60822999 0.97733664 0.3837407
 0.91726011 0.26751212 0.13263944 0.60526187]",161,2025-03-03T22:43:14.406958
28,0.9209642994982719,"[[769.62315886 469.82738398 311.9107351  287.39810658]
 [467.12139762 492.6841545  218.11112058 208.28711072]
 [466.42506463 470.46577847 547.92242436 374.03953649]
 [  5.62296582  30.5951934  427.01455796 736.83256056]
 [517.75737171 576.08031448 168.68140525 341.61379668]
 [625.67772033 188.7562719  275.38183094 253.11904985]
 [437.99002131 438.37593505 792.24453973  25.50858453]
 [757.54691891 469.05218782 575.78253981 709.76725952]
 [283.26708145 474.8456114  602.7261258  294.26031562]
 [493.0234179  522.49957166 120.18249186 255.64968885]]","[0.45611867 0.56293989 0.78109206 0.09925718 0.949415   0.11443713
 0.07418774 0.97481269 0.98339153 0.99413333]",162,2025-03-03T22:43:14.414403
23,0.831516606951007,"[[155.83524566 312.07104697 728.77761981 502.52624246]
 [ 57.46795118 502.356649   699.40119099 480.75500065]
 [527.38393813 153.72375331 590.31438608 714.26666556]
 [668.54733868 331.81964477 504.25154647 554.78805923]
 [718.10057723 559.60493655 298.02534212 412.91714724]
 [166.49305222 482.15212556 571.13543582 420.54298105]
 [137.31135526  26.04310157 623.59043949 117.88316802]
 [208.81049515 292.42088528 334.85733171 303.98110496]
 [300.77434483 331.67456393 455.11317244 301.71632058]
 [650.14609575 434.37512688 716.01531147 411.06138154]]","[0.08551599 0.97474201 0.98965028 0.98425614 0.29362174 0.77541419
 0.09489528 0.66136898 0.08198226 0.15016897]",163,2025-03-03T22:43:14.423305
47,0.9481281219682479,"[[108.98490811 141.71529793 328.58015953 548.19353885]
 [677.08207988 141.11360233  29.85522697 609.61831318]
 [275.3272932  134.79891092 423.66488901 655.47524599]
 [157.15727185 687.08641183 318.42491146   9.14126368]
 [646.72961786 132.74575142 656.43270587 739.63456273]
 [797.92578536  38.17581058  29.18724494 417.73327336]
 [227.22375947 258.5456107  178.180954   472.75949755]
 [213.50520061 263.67441805 369.62756146 200.43870501]
 [435.01025794  34.22475118  57.61241007 417.52936444]
 [147.04317166 661.74032908 314.94014414 339.06128114]]","[0.33590017 0.19208777 0.95721877 0.15803436 0.80266195 0.26477659
 0.64618519 0.35472292 0.76639034 0.24288322]",164,2025-03-03T22:43:14.432342
28,0.9197296493327269,"[[533.79542461 169.97743059 231.58099953 265.87160392]
 [486.40476919 599.09286998 467.089242   566.30478146]
 [239.41313731 186.28437313 432.86084424 471.38934725]
 [790.12897568 120.30936    185.66652361 133.24780124]
 [537.76016368 676.72635526 185.27429271 415.15653118]
 [448.24434798 726.17476631  42.27490589 742.67679087]
 [193.30248955 562.93127104 295.84256803 251.69029185]
 [137.74008958 448.35855116 556.94890336 361.74366305]
 [  5.15988886 777.4622977  310.36130225 744.85911904]
 [266.39850131 486.44982579 200.10624879 545.55547922]]","[0.52870922 0.83175469 0.15315378 0.62016768 0.60913628 0.1047302
 0.11479487 0.12450717 0.71959841 0.09025295]",165,2025-03-03T22:43:14.440763
46,0.8364439259941303,"[[214.91167544 300.21605777 161.12709156 376.99186633]
 [ 98.93774388 410.97357351 353.44709755 451.36379618]
 [464.99189383 179.08550257 367.08759141 193.14896365]
 [250.55489027 307.48733322 730.77609529 601.30277944]
 [477.82246794 781.72613295 472.98790324 403.96076378]
 [355.85715515 758.34209391 385.0641243   47.70869947]
 [286.12602442 477.312993   127.42230983 372.79732053]
 [545.72632523 223.42623928 758.9765393   63.85926524]
 [604.85100489 294.12708591  10.75918632 299.89930907]
 [501.18424023 305.43342902 237.10183507 263.25419342]]","[0.23247714 0.4302357  0.28422635 0.74342364 0.63682947 0.49861404
 0.2716104  0.99842439 0.17022812 0.31996778]",166,2025-03-03T22:43:14.449764
42,0.8622632362820162,"[[546.18246307 213.47298356 584.73249617 637.81406543]
 [213.49303373 603.92075553 688.50396185 612.68317342]
 [637.4640531   70.81735175 441.17291646 720.97337251]
 [779.21723938 554.91137175 160.0217839    5.95354019]
 [ 78.07120169 120.55483212 731.98167984 242.6119252 ]
 [384.71045963 685.69730178 200.97741355 198.44142861]
 [793.58143585 141.87054644  24.09231232   2.02197409]
 [224.15516802   7.39161056  99.40773416 767.50359134]
 [592.71760404 325.80825825 686.23712431 260.13540689]
 [ 59.14158337  87.36222434 748.84427307 798.39983163]]","[0.93835052 0.809626   0.44621441 0.62762103 0.17635616 0.38438149
 0.19508426 0.26744617 0.17372498 0.18862269]",167,2025-03-03T22:43:14.458768
33,0.8708686674978008,"[[660.90396569 533.65873522 385.30749556 785.58785157]
 [370.38643307  98.7806138  734.13843051 460.60392424]
 [578.98710273 130.61763679 312.06090507 761.757846  ]
 [709.95271545 359.77654187  63.83435227 474.82772757]
 [737.79037556 152.15198245  19.48117912 721.11811116]
 [ 49.08135343 492.89829319 361.16340392  38.31701945]
 [637.35129084  14.11172651 753.59869373 501.74941445]
 [769.05884221 623.28704274 735.27074827 714.07470172]
 [494.482832   767.15838756 733.64775277 595.55842986]
 [  7.54752352 484.04851386 694.11921539 468.46633941]]","[0.20726179 0.42295246 0.5351246  0.21474946 0.52735624 0.07377057
 0.28463162 0.38782356 0.61940931 0.15988755]",168,2025-03-03T22:43:14.467770
17,0.9462342695344371,"[[515.51771948 605.10195851 229.43146224 338.1643462 ]
 [725.23939596 658.25037005 287.42771485 117.33153475]
 [628.32566169 585.36487321 351.74720954 726.39675333]
 [184.65559776 540.9931246  737.20010841 565.99574577]
 [432.43971065 392.67384899  76.22276607 753.90802112]
 [318.02060036 406.71750118 561.38482808 549.07021348]
 [234.17417544  34.1605529  373.41432573  31.18124724]
 [477.86602    286.47503179 791.97603149 108.51372492]
 [541.75040148 642.18300485 532.69583854 189.12958132]
 [238.58440439 786.35322914 299.79865352 150.02208883]]","[0.05343288 0.97983374 0.55839275 0.54473691 0.95403593 0.0842922
 0.18133101 0.69993794 0.07342475 0.61558463]",169,2025-03-03T22:43:14.476797
12,0.8244403650446847,"[[296.81753655 652.85599962 311.82507215 616.08885614]
 [284.52213545 598.79821119  20.99274055 590.28164957]
 [491.07600899 123.41117498   2.29332577  96.33176403]
 [ 68.28406358 620.69021214 113.22348349 491.86226778]
 [ 66.41584591 668.77672015 616.17087182 309.21585954]
 [479.26494235 568.41515414 338.49695663 183.64620378]
 [495.85540929 311.4921469   89.58906022  20.89421284]
 [483.29798572 312.16227242 232.61116081  58.61305124]
 [784.16421541 757.0495945  201.79577165 697.26499214]
 [683.34662923  82.29400481  44.90099764 624.23590498]]","[0.87393953 0.25071506 0.15552702 0.97134032 0.98534681 0.21427986
 0.3605052  0.55004067 0.01720047 0.53530432]",170,2025-03-03T22:43:14.484452
24,0.8909567599452352,"[[340.70675189  13.39461342 208.46143251 398.52201343]
 [494.56361306 558.15351266 176.43825097 504.2074796 ]
 [680.62862227 202.03392183 176.19270077 236.16296761]
 [558.05266029 751.67634694 543.43165766 184.20885155]
 [ 81.05128082 155.41613789 766.99544572 253.239505  ]
 [197.03948521 503.96664314 194.11314252 165.46557285]
 [290.73380342 745.20587855 295.65616531 532.68929738]
 [423.39153431 759.16204683 335.1562118  190.90229777]
 [548.08762682 619.31862914 199.68549884 105.88830183]
 [674.10525089 637.07791581 613.55902403 681.83550201]]","[0.29251804 0.09418104 0.54578386 0.91304787 0.16431743 0.62364187
 0.84660336 0.08252032 0.68303814 0.47283944]",171,2025-03-03T22:43:14.493652
22,0.8494191637043739,"[[789.41493021  50.96058376 585.89549499 401.83273184]
 [ 82.82988033 269.12692763 356.54174622 242.74254873]
 [524.98585311 653.47040593 403.16220786 563.15024673]
 [108.98040978 651.07283088 546.03855663 194.43976037]
 [251.81356287 765.72637957   4.43544383 509.57990663]
 [400.57904622 161.73960918 698.2951073  332.57521942]
 [389.59522783 678.87231154 169.09031782 467.20483711]
 [124.44478638 501.25621645 759.67316048 330.29113623]
 [768.41505711 222.05708998 346.10839451 775.65523716]
 [799.3049638   19.66852668 636.79180907 498.39229005]]","[0.32625881 0.78809238 0.48720758 0.75408466 0.95025338 0.40201624
 0.66969857 0.0078899  0.0852339  0.57826896]",172,2025-03-03T22:43:14.503270
48,0.9447298845266945,"[[293.05597354 402.85686307 775.95751102 419.29861578]
 [626.79239699 704.78558261 561.90446556  64.42375982]
 [ 14.06189667  55.52220995 177.10047029 379.63726443]
 [683.94558604 649.21731896 775.17953333   8.56676196]
 [309.91413899 369.00639731  67.67956666  60.02122095]
 [366.18158056 668.02813731 687.15448258  59.58358085]
 [123.39586847 710.96375624 583.51013196 715.6086948 ]
 [149.64453304 239.71254292 225.86340493 581.93419974]
 [143.92397093 730.85908026 120.96556939 663.47595246]
 [381.69347494 258.47890006 225.28730699 408.88103698]]","[0.23527706 0.09322926 0.14550218 0.63118818 0.00803813 0.14099017
 0.7881724  0.61938119 0.29346239 0.25614738]",173,2025-03-03T22:43:14.512277
11,0.8611194490707631,"[[351.57397422 330.25016691 672.28302601 275.48050923]
 [ 98.4033846  753.15981108 791.55585722 368.57037994]
 [599.87032645 129.67302072 473.02934032 296.52208696]
 [689.97935545 420.90927406 662.74534121 638.42314052]
 [298.66591699 355.49896947 662.75152197 115.83078326]
 [493.72297078 202.53155935 344.24633457 309.00363768]
 [682.61942166 548.97364901 619.21198504  30.38573317]
 [416.59949557  41.60878055 638.90699396 395.37268062]
 [724.36767937 448.82174924 270.36037807 535.65802284]
 [715.22424507  59.33917568 387.67381507 775.36119205]]","[0.39568348 0.44693481 0.68006688 0.40352188 0.04809555 0.42363428
 0.46609886 0.41826659 0.27654777 0.01549222]",174,2025-03-03T22:43:14.522918
14,0.8033242939149832,"[[247.34139559 218.92199052 481.2093395  433.81091077]
 [ 61.70842885 481.33677363 696.43786027 734.55693721]
 [660.67349131 248.46248982 414.28069388 778.35596832]
 [455.09976987 605.14229728 730.28699904 341.66182702]
 [ 26.76032033 361.52736058 547.63597932 309.28213778]
 [406.39984709 471.03053164 257.5865858  140.92531034]
 [725.71465532 309.69069652 490.45549464 177.44505068]
 [389.87274123 598.96785978 439.93274447 686.64405332]
 [649.21448318 126.17728212 373.0801895  623.74101552]
 [575.11300371 447.49578809 198.52260242 798.69397667]]","[0.59966088 0.94560448 0.29192586 0.66385382 0.06783848 0.90235939
 0.94940776 0.68950535 0.72110626 0.27492995]",175,2025-03-03T22:43:14.530865
10,0.916760181546079,"[[184.76330919 617.43422101 783.0234401   74.1377651 ]
 [522.48528357 642.18079072  25.06140611 323.99113158]
 [180.98215519 661.18934604 183.43154878 450.96313978]
 [214.58767369 796.23991081 596.14279987 709.54881414]
 [ 32.42000729 746.63570567 381.98886703 759.87458382]
 [536.50036512 452.82532124 465.27368915 133.76234699]
 [555.37912232 117.39055918 696.36395271 255.94226968]
 [522.98620114 570.76630686 393.05292685 591.18522166]
 [215.76287569 198.09693615 263.59034891 719.55010625]
 [148.21679249 766.60592185 666.73476387  93.49972653]]","[0.30152129 0.97791478 0.49663002 0.04337695 0.79967208 0.76811909
 0.95839633 0.90149618 0.77346046 0.43777627]",176,2025-03-03T22:43:14.541263
24,0.9171609612287841,"[[465.43817697 113.52497236 216.94132783 462.17603794]
 [265.62783652 237.29313168 767.72511341 601.38289872]
 [783.52995763 515.55165447 198.75835131 373.60583621]
 [539.99166376 671.40388527 213.60262389 222.79167545]
 [708.10169352  69.24319866  28.30010833 261.17773343]
 [235.79146414 147.97596045  81.44513437 372.53114227]
 [794.67538048 531.72302357 449.94471498 773.79565149]
 [563.1405735  622.54686573 542.71382471 519.70113735]
 [352.6908582  386.13576849 107.00469727 559.94350884]
 [317.80239699 169.58582939 274.89630226 490.64678279]]","[0.8001621  0.27162012 0.21520069 0.22351699 0.07633296 0.64032234
 0.88986688 0.10157538 0.94959819 0.76593262]",177,2025-03-03T22:43:14.549702
36,0.8400207296708753,"[[ 65.45724416 597.09906096 620.08499093 241.1164724 ]
 [442.4281572   11.25215825 718.62938264 388.52041072]
 [396.66174425 724.48638227 188.97345162  89.88141185]
 [221.31590513 387.27832746  81.33483894 285.30938159]
 [464.37169765 413.71403553 713.95904479 714.3898428 ]
 [ 70.55176987 198.18314888 681.27932905 301.3901577 ]
 [717.58632748 437.07356974 768.54190223 290.94013695]
 [340.7060508  295.09922419 730.54911883   1.25307733]
 [173.38275622  77.72665045 457.04054297  80.00513761]
 [375.05293935 788.94773636 511.99082941 739.14023531]]","[0.74498701 0.0912811  0.56481204 0.73989467 0.18022862 0.901413
 0.42973485 0.45666338 0.34470626 0.47737317]",178,2025-03-03T22:43:14.557993
48,0.8168641610204925,"[[518.3171449  415.44274602 166.68166491 436.01399956]
 [460.59933488 674.28590399 349.14118936 352.04740925]
 [702.98362525 169.89817066 267.4174219  754.47155529]
 [355.83505216 372.75013558 752.44554032  84.38882575]
 [474.12469527 711.15020116 162.82155724 405.22229041]
 [598.91820008 296.77594537 772.32533735 389.43489559]
 [181.6250772  726.27765271 629.81353893 247.04214911]
 [117.64342382 220.35877838 485.09537056 456.61407359]
 [253.4658385  551.74868516 300.09287714 494.63835359]
 [477.72811618 726.47044194 480.74489934 102.75068577]]","[0.17587045 0.53294262 0.15199758 0.69672913 0.82210858 0.46440401
 0.5063826  0.87818209 0.69407816 0.53166407]",179,2025-03-03T22:43:14.565339
22,0.9028729697111095,"[[ 66.98604756 145.24607712  17.80994846 165.80380539]
 [783.48429593 176.40766188 472.79662484 270.24069142]
 [230.00843805 690.94616592 118.62515864 430.58001859]
 [716.03959369 418.8284886  507.8457496  531.49768395]
 [552.98139071  24.78543077 555.87267409 535.23027646]
 [276.78766207 719.28676451  54.19962282 372.26612468]
 [676.96098585 604.96998212 239.17909761 752.27607611]
 [366.36806078 662.42006146 489.13668623 556.67534726]
 [ 13.27822714 286.1522182  368.98039607 533.8042434 ]
 [697.08693099 274.34691187 429.51192604 486.74748677]]","[0.87189815 0.17197435 0.13664226 0.00305005 0.29106618 0.58291773
 0.3617361  0.66625449 0.56738529 0.36443593]",180,2025-03-03T22:43:14.576117
37,0.9028747785603934,"[[255.63999185  86.69269113 383.64963528  48.16053885]
 [486.4596826  327.82801492 153.34042714 201.98559759]
 [199.55525    347.21525433 591.52992449 561.147969  ]
 [149.58918068 433.51894695  35.90426525 771.42776608]
 [589.34887136 664.55868003 339.7067846  608.92275437]
 [134.76973879 560.95825072  39.22797047 657.94223873]
 [447.87313054 520.3224527  176.83485813  92.92459587]
 [134.49216106 700.06101266 219.50888554 301.72908352]
 [771.55378688 616.32466346 351.31153243 707.73909334]
 [776.84212282 509.97577655 688.83842959 764.76190484]]","[0.57338509 0.26949391 0.90557377 0.64036424 0.50014621 0.36019836
 0.56151044 0.27407044 0.18582382 0.43063306]",181,2025-03-03T22:43:14.585405
13,0.8472253320579994,"[[331.66560346 124.16782846 426.56627067 672.480647  ]
 [219.60961655 144.90462855 122.64163353 248.40689459]
 [517.14736707 550.31652448 277.50415247 463.52242408]
 [705.41244913 618.18620454 185.63460411 704.18732426]
 [599.69961847 697.35810922 123.95536505 518.02618915]
 [606.20525225 599.50066501 531.16504539 799.85674371]
 [265.4994762  230.05124632 472.14670217 125.56789854]
 [491.95165263 217.7193671  163.3810576  152.81337315]
 [744.74218907 265.49776898 505.99246868  39.14705985]
 [291.8541012  555.28038892 361.21868094 114.71667253]]","[0.70055618 0.04901887 0.71355616 0.8894357  0.78520634 0.28698115
 0.8723615  0.88223907 0.72314077 0.20779929]",182,2025-03-03T22:43:14.595970
40,0.8297574344495922,"[[260.12657677  86.60524406 373.75776014 555.86335248]
 [663.7457026   35.91632285   5.99900232  33.29111857]
 [236.14544084 354.2105995  669.14185465 206.33842599]
 [748.37201967 345.87639842 644.80491252 223.84775044]
 [772.39366518 575.00740043 783.44754974  92.35167654]
 [321.01280114  60.38744817 262.96428023 563.41693147]
 [607.89251285 611.81649923 524.81685434 653.40235259]
 [ 14.47818843 417.64020575 527.54164539  35.14051195]
 [722.81451278 765.84073362 780.43343618 263.39014096]
 [521.22087147 196.08339908 237.25504639 670.26201747]]","[0.55767387 0.59276302 0.73346457 0.72350731 0.74599211 0.84282392
 0.76637961 0.41755674 0.18075386 0.87853433]",183,2025-03-03T22:43:14.604498
39,0.8166001836134228,"[[118.60829732 529.14746895 232.76533815 523.5399568 ]
 [656.33813103 625.0755674  731.57399413 246.17573039]
 [334.97595149 776.98918706 333.47383049 553.59336005]
 [577.83200868 200.82541164 533.05048416 776.1361525 ]
 [538.06166792 445.18821502 430.91503137 311.36403357]
 [142.73063894 145.92585072 490.79973135 214.41779109]
 [555.3394358  180.53055569 533.53816453 448.37961358]
 [511.0811933  121.88166362 208.22009116 765.21261254]
 [742.83088812 127.24057862 482.23843    149.79109193]
 [517.7361258  360.73358371 591.60699841 275.68583473]]","[0.67016038 0.30070645 0.57457273 0.02183301 0.10847118 0.79767329
 0.61405907 0.40822771 0.5914877  0.87037664]",184,2025-03-03T22:43:14.614495
18,0.8600161989798758,"[[ 31.48953022 124.39730445 479.29091958 569.62468769]
 [442.79375691 139.28703213 207.27124461 370.82794029]
 [551.51253557 404.83085907 611.88031062 313.52433462]
 [ 79.91775747 720.00892644 509.87245181 472.64073442]
 [ 48.19064173 562.07046643 534.31172621 429.15669127]
 [104.33262238 757.77326162 468.17364926 757.85033871]
 [498.44642272 708.925147   404.66258992 247.89943949]
 [793.92299313  46.3505481  191.06138346 785.97965351]
 [ 15.94176385  62.93325115 518.20891507 788.11719216]
 [697.91890157 507.15786274 210.43887276 525.19394383]]","[0.85020187 0.50688364 0.34080161 0.62181572 0.42327419 0.86230128
 0.28665303 0.53894442 0.37934576 0.71903808]",185,2025-03-03T22:43:14.622931
48,0.9429330328062095,"[[435.2847626   81.26635799 358.27576824 187.04715333]
 [ 32.08470023 406.71944311 642.35986696 619.9462985 ]
 [230.71630796 293.89165214 563.15588029 204.48114489]
 [ 60.86719061 322.5020477  713.16916887 189.3112974 ]
 [703.92653566 568.79577415 675.99325035 335.57925664]
 [197.58154317 311.3798643  625.64654482 402.6616696 ]
 [ 32.44622994 352.00402101 457.22463619 541.95421683]
 [431.49853627 318.41613367 649.18027121 611.67420297]
 [713.58060947 701.40118924 749.08570716 279.41074628]
 [405.38660695 736.85322296 774.99938629 740.71750605]]","[0.77607765 0.64686016 0.34342608 0.17443368 0.88173043 0.90505589
 0.13116738 0.46938705 0.93317324 0.40103666]",186,2025-03-03T22:43:14.632618
43,0.8542769669232934,"[[594.40027769 143.83672561 167.99261003 760.87478278]
 [149.89586278 764.99276431 769.96026626  19.53818777]
 [371.84742823 785.95062494 431.73986979 294.56217601]
 [658.25675318 590.1145918  253.17357583 103.19739015]
 [464.23582819 329.04913919  48.78049854 759.65071726]
 [554.86338663 147.27546203 117.71567609 484.23156943]
 [400.77756775 518.44160032 245.35822577 655.67597307]
 [762.29952182  51.38139123 192.98183001 267.766434  ]
 [153.66561606 655.98973466 185.09324438 126.77191902]
 [559.60769435 594.97119448 631.38291151  40.17338505]]","[0.40991564 0.42541567 0.75437386 0.82637717 0.34674887 0.70919585
 0.66095927 0.73373076 0.52841044 0.40801352]",187,2025-03-03T22:43:14.644030
23,0.8943140203201748,"[[191.13129427 239.46515635 705.79246458 361.2643351 ]
 [423.64298959 785.88383932 543.48205019 787.50387175]
 [566.93093958 163.24786601 365.88635051 390.75050788]
 [674.02726561 633.7916958  205.85620801  22.15655158]
 [253.66425976 612.08019945 272.7076169  185.89946381]
 [101.11598636 686.52175087  41.28844739  18.48707619]
 [206.96273178 662.2620401  425.3465494   66.09554237]
 [ 35.01187813 252.88563158 461.241323   671.37401961]
 [562.79448614 747.83320843 701.49082455 192.93199725]
 [509.48232972 640.35097448 566.00186773 203.72527774]]","[0.13908818 0.38172514 0.19565728 0.72787535 0.34840382 0.62724698
 0.93705654 0.72411627 0.79118553 0.98344582]",188,2025-03-03T22:43:14.654031
25,0.8054282926795934,"[[124.45956189 738.1893824  660.67986923 322.95737181]
 [ 74.88105813 570.36205875 685.98515719 738.09025567]
 [720.45064604 729.31224439 684.42925556 136.92277713]
 [263.55566345 379.92279216 152.23677677 143.9241092 ]
 [269.29972805 533.7340374   97.16882418 265.68391367]
 [711.38293195 158.16931208  13.09465949 789.76217681]
 [ 13.44865222 699.46732292 445.96369619 699.58346262]
 [109.08132994 571.33561996 192.44500069 393.12939998]
 [691.44557877  65.01136525 657.80633184 136.56137792]
 [ 42.83587495 431.47181093 500.33996509 590.30271551]]","[0.81702241 0.87760956 0.94871919 0.94023428 0.47310471 0.41874411
 0.86888876 0.53682212 0.37445589 0.02619065]",189,2025-03-03T22:43:14.664508
18,0.8171144884878875,"[[128.14542197 522.83589561 630.96890744 526.04979464]
 [135.30001382  39.01149216 328.19280978 504.42786836]
 [750.84910786 132.02101253   1.56246653  74.86876393]
 [341.7616542   89.83108072 557.50295001 467.32229368]
 [157.55700284 623.35800542 792.62079687 362.21679944]
 [782.04884147 373.80179768 229.21068831 698.14723516]
 [266.24085273 558.44953268 426.03106371 362.09748773]
 [422.51049455 596.91798321 430.27342817 179.9386875 ]
 [596.94955774 386.95154228 767.38055644 271.49735726]
 [553.15293806   5.72493905 174.33941573 154.27758077]]","[0.38229397 0.202809   0.48400234 0.47154079 0.29410204 0.28346825
 0.68198626 0.94674197 0.399924   0.81015449]",190,2025-03-03T22:43:14.673564
38,0.9415342767923546,"[[380.1069749  625.75237496 125.70262433 665.21210323]
 [ 20.98349183 488.84550073 309.1113926  571.64907366]
 [187.90825472 298.65083044 282.63056038 125.42354877]
 [611.03140041 107.4394115  363.92736796 728.60431674]
 [381.05605594  54.11020429 347.57433991 352.18572604]
 [626.80257763 537.22103515 416.47632    441.75696723]
 [547.67302459  51.25336472 318.93745719 606.00085163]
 [431.36922925  18.20167311 102.1064563  523.33810341]
 [ 77.00317909 457.19424982 189.530488   442.86834261]
 [533.43147747  88.97799695 225.94327065 586.6017268 ]]","[0.55294239 0.53568015 0.45327922 0.97478386 0.74908756 0.74284
 0.97398356 0.7595415  0.90905527 0.90895426]",191,2025-03-03T22:43:14.684956
26,0.9366827047910226,"[[548.73888554  88.20819001 312.98080191 469.4957863 ]
 [399.00471339 343.55524979 386.28418895 540.50355253]
 [140.09239049 603.17968291 655.76162695 189.40389303]
 [619.47667398 691.74970361 645.79358723 407.42664358]
 [421.78180939 102.86388869 266.48292978 265.0970551 ]
 [441.53554484 734.64847258 677.19434414   1.30068678]
 [192.75862313 228.11764814 610.09551616 754.83849759]
 [116.07568264 257.34496763 332.46873712 754.15126732]
 [754.77641347 388.98156086  39.87952605 613.49248867]
 [769.78110241  15.32645555 378.4950285  594.44277869]]","[0.20462205 0.02788056 0.1575331  0.44538423 0.4945413  0.88544594
 0.35220189 0.12968596 0.15231614 0.23426345]",192,2025-03-03T22:43:14.695302
19,0.8242348735293086,"[[723.0238717  158.64874035 629.25218418 143.6776423 ]
 [401.04109805 516.82078863 116.92940764 707.99685672]
 [137.47354138 553.32972682 322.58627989 785.24504913]
 [208.60285636 279.4965205  765.25185734 240.88214804]
 [489.91242366  26.73424489 602.67403086 599.70749647]
 [202.23197181 168.92018179 784.8588362  441.06631056]
 [171.99969275 139.05800394 665.52139308 594.15521632]
 [190.69476638 232.887628   584.8047166  193.24014625]
 [586.10409513 155.62574442 524.5368064  748.21922274]
 [664.03086978 637.29845392 279.72607278   5.09804595]]","[0.37995902 0.22681989 0.52194758 0.7054252  0.60482486 0.21298149
 0.00493213 0.98827493 0.67174876 0.12292422]",193,2025-03-03T22:43:14.703787
41,0.8869900054015774,"[[520.80425201 576.35431124 744.61038311 673.59111305]
 [583.31702582 641.10080374 100.32916257 595.78807989]
 [184.32974438 203.9361746  423.72565564 414.7406055 ]
 [641.09175652 141.21183551 218.85575751 724.62985703]
 [114.59724011 337.49042183 429.1247797  509.27188402]
 [344.17546551 223.26248133 676.29142565 264.85713468]
 [596.42134167 477.2692756  171.29970528 308.09881097]
 [648.92616358 597.26326074  38.21827695 630.66421918]
 [ 66.40253176 396.61891762 256.42694569 253.78608658]
 [504.69602556 530.44486268 327.60837179 646.24017403]]","[0.35741564 0.55283352 0.21610752 0.64072352 0.29234042 0.70173937
 0.92286494 0.05179438 0.73441732 0.40898451]",194,2025-03-03T22:43:14.713900
13,0.8671137521745004,"[[512.20135654 421.38051716 142.7019616  529.37237421]
 [ 33.04281638 729.590096    59.62341139  11.84554371]
 [313.78986221 217.49067592 670.25568497 496.11570725]
 [704.92985006 564.01355154 670.22635036 401.81837413]
 [514.55792872 569.83594469 661.76533089 733.25996192]
 [ 51.86342363 704.73137227 333.21101202 589.67722193]
 [510.78249462 247.39971322 362.96308621  32.06915392]
 [149.41547992 446.41371169 603.03580564 777.78452838]
 [ 37.77981308  71.24229552 447.14327511 727.56504363]
 [248.21019732 131.45488084 208.46691779 740.23925687]]","[0.82654438 0.0350151  0.89723286 0.93176137 0.44332293 0.47305098
 0.0841842  0.30356969 0.32302979 0.18378785]",195,2025-03-03T22:43:14.722345
15,0.857460738641531,"[[379.52464797 569.85184781 659.90016077 760.82435024]
 [114.88349162 576.05496446 604.05688003 321.35024097]
 [511.24572603 773.85248243 781.69599252 278.21348183]
 [734.99442223  33.55975355 421.94141352 764.97957568]
 [375.45383265 442.42732239 464.37741426 761.88559145]
 [798.72239587 321.53260027 155.48745735 184.45841148]
 [113.43194115  46.38222244 598.05808755 425.22229198]
 [791.69257203 439.22638282  99.70848805 109.41049465]
 [673.67972914 632.56668657 195.33350965  69.00617279]
 [757.94196916 642.48261533 794.61367739 743.26627202]]","[0.60241858 0.04546198 0.115291   0.67916608 0.074502   0.84551065
 0.05864411 0.45221282 0.73878366 0.19663451]",196,2025-03-03T22:43:14.731891
36,0.8624245610194783,"[[164.09625915 672.79190103 366.62082505 241.12193835]
 [282.05480664 616.31405817 195.24614287 428.94397374]
 [488.54247109 654.66869956 423.69051128 586.29457052]
 [ 90.78023884 415.31723048 739.40927229 482.64381253]
 [287.79660292 530.46588956 542.14222124 754.76179436]
 [613.65354483 369.28699309 703.51664382 727.00464853]
 [550.13197311 666.65552592  50.76395966 169.77321587]
 [469.73500245 102.53394401 302.7256889  456.32195959]
 [681.4454286  215.01597327 156.9430068  778.50352851]
 [413.75804722 471.22922468 110.13798502  32.2610092 ]]","[0.94999836 0.84221019 0.67036948 0.31566546 0.59096626 0.56574148
 0.34568351 0.66967128 0.26947278 0.76545792]",197,2025-03-03T22:43:14.740496
42,0.891183665646828,"[[580.87568415 527.11247707  24.67639467 720.89807907]
 [519.15836194 255.0398911  323.32705417 599.05228662]
 [335.29765143 747.68820053 360.47805083  96.24608794]
 [493.95140696   6.59664768 271.7723938  108.85439897]
 [562.30256576 592.58390185 129.93671412 175.42886736]
 [ 17.80130878 770.94989552 304.29215372 375.64216527]
 [677.95553433  46.96544588 678.53282163 459.86076707]
 [588.01751116 563.18958686 570.42968423 151.00021016]
 [482.10850763 487.85608183 619.13034979 687.40779765]
 [507.39572237 472.76546274 350.10878721  20.84337492]]","[0.94123607 0.40110611 0.9062127  0.83473691 0.87361255 0.38731345
 0.21623497 0.32983708 0.50552377 0.70437551]",198,2025-03-03T22:43:14.748369
26,0.8330643602417181,"[[165.0530304   26.41799967  91.85378778 468.69621864]
 [465.98596506 211.00552676 458.10813755 401.37938817]
 [259.04498889 328.29437464 744.89916423  40.69650548]
 [142.54177785 507.17708793 794.99805471 377.61570856]
 [738.22354536 173.39527791 736.97652318 265.78994895]
 [343.44941477  91.43778135 264.81697525 228.33611244]
 [ 56.7992599   30.02996946 652.59932377 535.1572122 ]
 [ 79.25818039  45.20751874 606.60844851 711.92136639]
 [384.52661703 237.90348019 608.77647696 202.37691055]
 [579.61931698 304.2492254  319.28457617 661.99672041]]","[0.8548782  0.0597115  0.73463105 0.5440078  0.42074821 0.21520425
 0.00760711 0.3178194  0.939417   0.6767807 ]",199,2025-03-03T22:43:14.757376
44,0.8312238928168135,"[[415.6757374  576.7817587  689.07210316 342.67435723]
 [251.45711124 494.54013634 364.15684559 692.39019414]
 [ 20.47707784 427.0359247  128.63682008 331.84053521]
 [761.85204445 698.78948148 753.09299145 245.71189747]
 [605.30081872 613.26946492 525.06030437 592.5277712 ]
 [273.06821895  34.03189171 152.99291226  73.31574655]
 [454.35665681 356.71687876 277.33544598 425.67317343]
 [328.36699661 710.02305981 373.44432229 207.64331618]
 [196.25267412 422.15691499 256.74803866  80.46928202]
 [488.64339682 693.06223743 455.37445113 454.75748445]]","[0.9872227  0.21444782 0.825455   0.35980141 0.62914662 0.65368671
 0.97997221 0.17114568 0.19201836 0.03301367]",200,2025-03-03T22:43:14.767375
46,0.9000086321198777,"[[722.58730775  28.79953833 578.44080666 239.17226123]
 [570.32554225 484.16105439 141.65963106 584.59764583]
 [746.5655612  533.42490087 562.72541269 515.24626038]
 [338.69237614 262.39232662 521.85388897 714.22591284]
 [281.80485895 405.99294085 744.91311046 468.02290431]
 [430.20798328 251.06544142 194.31549961 554.37071634]
 [ 53.38627487 542.62721171 215.25959497 134.30892231]
 [208.45571702 595.86902881 139.37629108 582.73424624]
 [357.0436157  609.05395048 674.70988813 697.48140436]
 [711.89134743 631.59724246  75.5784685  521.34753545]]","[0.12971327 0.95069359 0.28791418 0.82643752 0.19575052 0.99196989
 0.27675177 0.49281617 0.55511496 0.97989041]",201,2025-03-03T22:43:14.775895
31,0.9029557169200473,"[[395.11295573 472.21024904  62.64840241 193.26910156]
 [554.44830701 546.49293543 243.25715904 616.74488248]
 [215.53958625 347.15464163 252.00947142 746.7267636 ]
 [584.05341418 729.60943624 731.71121381 305.95778241]
 [ 22.94148683 459.44563101 568.76215891 757.86765946]
 [ 42.84291819 139.01039071 799.01991144 279.47772738]
 [359.14622046  65.17335193 254.46206845 762.95136925]
 [704.55221107 130.64971237 324.89810491 628.20793606]
 [304.09368665 231.04890506  96.7490446  681.60253921]
 [587.14207081 166.13024282 241.43568595 664.44999783]]","[0.30243671 0.60479243 0.65766914 0.10611961 0.90202882 0.28660655
 0.03530078 0.34072153 0.48759161 0.38225609]",202,2025-03-03T22:43:14.786662
46,0.8224283310531364,"[[402.61755363 573.22455988 588.93049665 478.14157252]
 [ 88.80737561 738.0879716  310.97435248 772.58851582]
 [682.15458756 436.17343292 214.94971187 326.93440702]
 [369.90164157 116.44471052 745.83618031 274.42131468]
 [510.48507988 401.4967292  723.0604242  603.68589309]
 [270.05381491 180.73883166 172.33563078  74.24473949]
 [353.33999106 758.51342603  12.31419647 174.11922209]
 [688.11098875 562.1739232    5.93157692 630.33820159]
 [222.02501712 492.31839973 694.10551211 700.57937483]
 [ 90.12634763 175.96669219 527.56518695  17.89012516]]","[0.96156497 0.60385389 0.19332159 0.6683806  0.18914904 0.46647065
 0.28151527 0.3297042  0.0712387  0.97850006]",203,2025-03-03T22:43:14.795862
26,0.8916951180531902,"[[ 11.82732679 628.36849835 154.31909579 118.45591651]
 [324.69854122  41.75120324 253.98833437 571.26470273]
 [ 71.86723544 774.75200313 725.13903085 597.9754384 ]
 [369.37439971 357.54052702 694.14256478 101.04471804]
 [542.0051368   74.88314178 480.40189572  51.04811135]
 [197.69286118 314.66725002 492.38313002 210.27468452]
 [ 19.10229529 756.27334739  38.31546644 287.97994363]
 [352.33164189 634.60222309 420.48364144  44.80975331]
 [776.64967105 644.48845091 219.04713034 138.6417163 ]
 [342.59555404 724.13991347 149.10136136  37.73586095]]","[0.62267122 0.52469236 0.88164767 0.07364262 0.49938435 0.18479885
 0.1697037  0.48584158 0.36975415 0.56976887]",204,2025-03-03T22:43:14.803981
45,0.9293170586288284,"[[539.41228664 643.06720858 485.92814485 381.71633083]
 [218.17412718 228.96452106 534.97728097 769.5893016 ]
 [650.31253773 530.81601601 732.81711687 353.44964697]
 [144.45082716 340.39085472 482.50422662 307.07030343]
 [474.44597605 241.49486412 399.62422289 329.39523872]
 [191.2064735  388.78122124  77.6251243   28.56871306]
 [370.94255314 687.46239481 695.42732414 491.0659289 ]
 [263.52702705 669.74057157 140.84087246 434.78904649]
 [632.25413327 323.36765086 300.63280966  40.28897327]
 [ 85.01999449 171.64707858 126.10170621 260.75258661]]","[0.71880395 0.17197708 0.92942797 0.28968178 0.78383429 0.37573705
 0.33107109 0.17169259 0.03255276 0.73155701]",205,2025-03-03T22:43:14.814034
16,0.9301126806105231,"[[524.94260419 465.71540346 103.46558436  14.82938574]
 [725.86653429 688.87852368  99.097487   520.94750655]
 [ 63.13089173 254.71944286 655.2581217  223.50911056]
 [388.22795116 643.85159003 196.66608594 367.79985507]
 [666.58875484 332.5380856  776.33474096 733.49371655]
 [573.86901886 203.67139787 687.80292716 747.57842198]
 [ 63.02833124 288.85488134 721.56930012 501.36181978]
 [685.2489624  301.45409118 537.50941772 385.55645709]
 [150.38268711 423.59615862 387.16709575  49.28977687]
 [705.43032144 362.52295675 204.2217262  720.00255138]]","[0.18836958 0.1183398  0.07561076 0.76337885 0.99115745 0.34136906
 0.49071371 0.93331735 0.69694859 0.33505507]",206,2025-03-03T22:43:14.825495
14,0.9411017666774241,"[[505.62096574 372.02759455 564.22210264  83.18648979]
 [ 58.39660071 719.78908051 734.33826122 430.49367235]
 [ 88.42150284 384.77700382 705.98320677 573.80882385]
 [433.881079   353.43260614 610.16898259 378.50175224]
 [116.5808542  520.91639652 402.69319173 104.57162597]
 [488.46159388 231.40884847 668.20372965 260.1998888 ]
 [458.16866383 512.44133749 160.63367016 529.35873554]
 [259.18437062 134.62057326 612.35162402 673.11800803]
 [655.11786196 359.77269213 594.53498361 104.70428418]
 [693.11416934 276.49038565 449.08719818 660.19325399]]","[0.53240863 0.40696588 0.51485248 0.28777141 0.48571887 0.39289528
 0.04218342 0.53234058 0.74098097 0.53684811]",207,2025-03-03T22:43:14.833925
36,0.8373875078019419,"[[711.77475955 612.67607303 557.34433637 470.63664592]
 [240.21400564 120.74616114 411.76820944 642.56542013]
 [414.43300127  65.39622756 796.7483462  183.10022239]
 [638.33186892  34.57288748 525.58458346 689.89742369]
 [613.28765885 289.64600746 398.4738218  390.01555828]
 [255.56026616 642.94599119 410.82160594 285.22478376]
 [586.88999284 403.03114473 403.81618377 356.54499229]
 [657.62536292 202.14332752 244.17976841 341.0531698 ]
 [196.14503898 624.06240086 290.60860006 371.15158915]
 [498.34754993 522.99735442 464.79783859  66.93041635]]","[0.57588396 0.67287518 0.81901308 0.94432599 0.18395246 0.65416325
 0.69693011 0.56036029 0.15732448 0.72416217]",208,2025-03-03T22:43:14.845472
35,0.8688095126524771,"[[598.28534399  32.4043244  393.2648393  687.59958961]
 [427.21996725  24.88281087 515.00732914   7.78959568]
 [194.84158801 187.80807959  67.23758952 735.53539983]
 [543.43871266 458.51489166 538.86233936 411.35458788]
 [615.13812467 194.94912986 771.30645826 130.2474925 ]
 [481.97121942  92.2800304   40.16737027  68.27816893]
 [654.28031989 647.2186993  112.81503461  32.31706506]
 [723.63364065 674.05495168   3.04114375 279.3563171 ]
 [434.39937791 768.10894786 523.28282888 431.76551871]
 [572.84553068 770.07646187 447.76537427 262.68269346]]","[0.77310576 0.20517513 0.93723833 0.99623893 0.74683104 0.09179914
 0.58164976 0.49022027 0.2936506  0.75503257]",209,2025-03-03T22:43:14.855479
38,0.8808328742279622,"[[523.52747729 507.41706854 525.06857562   3.18686192]
 [666.31458836  31.0350405  170.9821911  333.71693908]
 [427.68801272 520.50210523 537.52701124 684.37015746]
 [680.60773085 562.77072168 542.90022785 396.16735719]
 [  8.4723131   45.74615277 416.63245837 243.40503756]
 [ 60.56494118 791.12025907 549.01063075 510.04838985]
 [341.1199136  137.49364918 797.93899124 232.40211321]
 [775.69696279 212.27566863 644.12740084 531.19815344]
 [791.49903645 137.99506238  69.46869531 651.40738281]
 [679.56174802 143.70022013 609.22425706  71.03933555]]","[0.4213506  0.47440562 0.87613029 0.35492348 0.59055641 0.08642703
 0.40746847 0.37488844 0.67224026 0.22498611]",210,2025-03-03T22:43:14.868073
38,0.9390289411501835,"[[410.7054806   93.03294376 614.08087258 766.7244629 ]
 [632.9615558  377.74619273 437.54447307 749.6617717 ]
 [  3.43103531 570.82658377 309.49899159 119.69696625]
 [ 57.35825618  96.08799062 539.52540971 344.38472935]
 [414.95669061 466.24535147 765.68949024 483.46698305]
 [763.06532202 525.65580646 667.51986875 360.42151157]
 [ 96.21067364  15.00110761 431.88717933 395.55030564]
 [177.72698694 771.963751    78.79443739 342.86389645]
 [373.10884982 301.05088729 769.45049217 569.2121467 ]
 [621.20920845 239.99650847 109.92739649 105.38218338]]","[0.08605683 0.28418634 0.28076366 0.90986951 0.86299518 0.1109833
 0.35855899 0.70007312 0.50078051 0.32750563]",211,2025-03-03T22:43:14.876993
47,0.9113989612099724,"[[475.12118802 389.47982649 630.53877953  88.87098096]
 [292.11508951 690.6099421  748.81163187 443.41074387]
 [503.66153421 554.15423194 158.5519392  478.85131166]
 [409.00047005 391.94978745 309.5619809  318.3161739 ]
 [265.67869769 550.90861305 765.79180673 459.9325585 ]
 [746.59933479 478.2757852  353.17173995 581.39634132]
 [382.26195345 545.55162712 690.18396788 585.53808792]
 [ 18.77601483 242.09173489 501.87670715 153.69628839]
 [185.03674606 503.01093516 224.81408995 340.12866212]
 [786.32604107 531.7234335  569.18094735 763.13459512]]","[0.73045877 0.24351749 0.8956986  0.45238952 0.12130735 0.81599951
 0.8831701  0.57928306 0.46726713 0.37645333]",212,2025-03-03T22:43:14.885903
33,0.8038404006081172,"[[144.54058438 321.89957868 584.34840855 149.85807312]
 [775.89859342 167.65182439 295.28346628 655.33387281]
 [411.17798962 317.06289013 282.53160338 235.93061737]
 [365.29006346  17.41858915 613.36846447 568.6031231 ]
 [292.88339139 310.02800095 380.84601895 260.85093782]
 [649.89688702 584.08966397 754.6093994  447.04293397]
 [751.698166   406.82259005 122.87517125 121.76362361]
 [561.36444934 295.39715874 730.79199428 665.95619573]
 [586.22781196 562.85873871 311.37291092 747.70470467]
 [323.85131528 343.79913184 511.31328447 360.44087257]]","[0.08428288 0.73222483 0.30168183 0.42648088 0.60955609 0.5413544
 0.77308159 0.17652714 0.11614665 0.38771129]",213,2025-03-03T22:43:14.894539
21,0.8848593771760761,"[[2.92870187e+02 6.14038435e+02 5.56512634e+02 1.64886467e+02]
 [2.84958682e+02 4.52908601e+02 3.71078806e+02 6.58445401e+02]
 [4.77170451e+01 4.85798895e+02 7.43352279e+02 6.83254951e+01]
 [6.53519634e+02 7.45341664e+02 7.93377793e+02 4.18256642e+02]
 [3.73454791e+02 8.36792589e+01 3.05037613e+02 6.91040413e+02]
 [2.31227456e+02 7.04472031e+02 6.33389396e+02 4.98224380e+02]
 [4.87183017e+01 3.03326071e+02 1.21685813e+02 5.17569027e+02]
 [1.98691931e+02 2.96165212e-01 5.90873087e+02 5.21700952e+02]
 [6.66991608e+02 9.45730636e+01 5.42566483e+02 3.83730585e+02]
 [7.51876467e+02 1.31548486e+02 3.08028044e+02 6.58550569e+02]]","[0.77579301 0.25532431 0.88684971 0.65026927 0.00245896 0.15388954
 0.3128513  0.9834756  0.53860096 0.72038454]",214,2025-03-03T22:43:14.904186
15,0.9262471616262583,"[[411.76194958 323.1443973  423.41551438 503.07351311]
 [477.21148912  86.41655563 263.86092628 127.2025605 ]
 [748.65349031 266.95402494 525.77129774 169.45652908]
 [272.9130664  445.22993904 423.55580788 457.55278262]
 [351.17164806 139.24437229 107.52732597 654.09309596]
 [ 72.75848841 133.32478455 443.05786775 156.60735462]
 [161.28543254 405.05354298 793.32326066 314.09002664]
 [ 78.74166191 437.940098   445.66784701 248.18192006]
 [593.39905155 418.34755033 642.82290494 162.15324182]
 [164.83612605  87.21993384 616.11099749 227.67836928]]","[0.66294527 0.12860886 0.73663225 0.52347144 0.88001675 0.93702203
 0.82970098 0.82762368 0.75237101 0.38963312]",215,2025-03-03T22:43:14.912949
43,0.9207885670837825,"[[ 69.98918841 644.1553276  482.07813906 612.19603767]
 [305.49266627 667.26457481 347.09525147 362.2409821 ]
 [336.90411671 725.24606077 140.10768246 617.67557093]
 [568.0862613  258.11471948 317.86272013 546.66519119]
 [728.88749358 227.39980029 792.96127147 669.33301887]
 [128.57203459 739.98966635 789.00370413 764.29750112]
 [416.2299143  649.08810918 344.45031727 675.60360869]
 [497.36690225 752.1711214  197.77646502 348.7861654 ]
 [281.37277252 560.08509611 572.69854447 435.97318647]
 [490.91388732 235.96343287 601.04071396 346.67627738]]","[0.31429452 0.36960923 0.98019635 0.7203015  0.05133731 0.46907432
 0.05855759 0.37215649 0.74439912 0.73911066]",216,2025-03-03T22:43:14.922823
21,0.8830349432738508,"[[639.93120521 234.87407021 160.57855159  86.5442026 ]
 [328.75139717  26.6527942  117.22321505 217.87534867]
 [672.60865476 289.25368749 752.13707353 690.18502493]
 [479.20528558 136.95370647 272.1464321   79.69366194]
 [622.16783362  24.88521436 344.20882598 113.26313555]
 [702.33389034 363.47909124 183.80916303 123.56133493]
 [477.17445694 234.00284671  65.32882724 768.25091108]
 [462.14027339 358.51934576 792.69119682 513.99480006]
 [ 41.49249446 148.44682585 493.95882005  91.30068341]
 [583.79587154 623.37888148 778.23817249 459.49517304]]","[0.67064347 0.18668496 0.43771821 0.03811169 0.60282083 0.57591363
 0.35226748 0.99023794 0.62623384 0.56979773]",217,2025-03-03T22:43:14.931710
40,0.9171281235449668,"[[333.62399758 681.62844723 523.4673072  795.6409775 ]
 [773.26279034  92.88765151 714.97599794 735.59612661]
 [155.83536756 445.24741037 376.44982646 487.93111126]
 [228.71069724 657.23783837 757.92851645 792.12559535]
 [298.60189406 490.34118408 711.20606055 202.07550618]
 [ 57.04693492 607.30726859  83.78315866 552.73121594]
 [201.64074822 132.22332804 691.21764012 526.98013035]
 [486.43128518 361.94717878 607.02568294 137.3009285 ]
 [ 90.97128325  67.0342583  421.42200663 371.98531688]
 [744.13707252 695.01063004  44.34102149 709.83273925]]","[0.91984622 0.66008157 0.68863916 0.06070963 0.21276702 0.98976443
 0.807528   0.75654306 0.6372176  0.57377229]",218,2025-03-03T22:43:14.941982
47,0.8998726522153639,"[[185.39522323 668.93399461 582.76127453 736.27343737]
 [377.32302343 662.05967888 473.78372462 509.63004554]
 [261.61352962 534.0460975   40.18068119 409.3983956 ]
 [703.1516901  304.87289288 325.23197282 293.83113209]
 [ 51.01224706 357.08468253 650.68261515 424.81133241]
 [317.61267606 582.14233808 152.73480336 214.25228548]
 [546.76502715 745.11735833 618.58421174 405.2327757 ]
 [108.50412338 575.26866495 758.03941291 330.79055761]
 [335.02249555 222.5914476  302.62126123 256.34383511]
 [222.62617861 760.27497436 651.97320331 215.72924408]]","[0.49676657 0.20231543 0.76307446 0.77000258 0.02579748 0.99786013
 0.3933006  0.36458446 0.92768258 0.49266026]",219,2025-03-03T22:43:14.952978
46,0.8539132393814503,"[[786.94675573 531.81367752 504.03982871 150.95317401]
 [442.51530085  38.13512762 537.72885405  65.98488763]
 [463.73884862 550.36279998  94.17084768 668.08276695]
 [281.24765988 191.0873359  507.8622495  186.30238378]
 [205.94945684 158.8618382  288.45402807  17.33608806]
 [697.95180298 113.5268796  618.99535002 384.48331492]
 [686.87953508 190.05331418 404.65353526 421.52964476]
 [260.20135499 594.17180047 200.12041373 401.24848151]
 [478.07096315  82.85514247 165.85283732 692.26709609]
 [102.86020022 133.29111043  76.53602903 457.05914089]]","[0.73297139 0.49588346 0.1964033  0.18155778 0.93839501 0.95268726
 0.87199337 0.02600272 0.29200019 0.01954133]",220,2025-03-03T22:43:14.961882
40,0.9185990185655462,"[[524.68889962  73.30734369 373.92899026 425.98515354]
 [122.90417952 640.53696573  96.495206   230.54485976]
 [655.81668122 120.93409988  26.4699838  296.44499789]
 [236.08679149 614.92916972 341.27680536 512.76095061]
 [465.2590983  250.05968552 193.94524097 376.5077209 ]
 [487.22616395 212.17020555 696.20473979  30.50367802]
 [ 40.75465026 299.77564968 125.70438835 158.02299838]
 [ 40.6792147  583.63842905 515.23445343 634.53285138]
 [619.15075202 216.94230953 657.49091902 659.82677405]
 [556.99313623 360.88696443 470.07986736 171.61096361]]","[0.46621246 0.50684776 0.81503012 0.63124824 0.15612385 0.12069947
 0.71983541 0.86037962 0.49235379 0.84424151]",221,2025-03-03T22:43:14.972850
46,0.9386099652398814,"[[204.3722121  383.71658375 139.48906409 213.84792569]
 [339.97952093 124.61895003 421.99762923 791.28773023]
 [713.26212023 608.29906646 531.58911792 255.57887676]
 [709.77226558 487.76000888 625.98803714 455.47983117]
 [492.1897613  507.471835   219.82456555  68.37940184]
 [709.5218282  185.46441103 399.54306415 168.88076385]
 [557.09871362 216.13304551 385.23140947 667.95799363]
 [221.63025375 365.85941225 382.22191432 370.14876228]
 [439.86311803 695.02714743 499.6367867  673.43429716]
 [ 94.26082198 288.31814298 202.89839153 590.69862553]]","[0.59314452 0.76876301 0.3151622  0.80389024 0.86278646 0.60236335
 0.4013495  0.15174047 0.5379809  0.4560788 ]",222,2025-03-03T22:43:14.981454
16,0.8364100712240707,"[[608.95010373 708.09042004 233.65621867  74.35140899]
 [594.80924274 649.53429782 612.13900534 560.4611922 ]
 [410.51110349 518.81553678 712.53928723 476.72458353]
 [402.74160452 429.70985333 488.86978856  35.99101131]
 [ 86.67393554 707.14939307   9.78356036 512.88906787]
 [133.39018432 381.14358386 321.98099922 195.53170152]
 [234.60076661 531.12529127 105.36930196 672.69574103]
 [524.92037006 551.36322456  89.54145843 797.53355637]
 [610.20499385  77.56215925 195.27761636 707.22848115]
 [623.77538091 651.06246987 481.00296264 215.62524217]]","[3.95112830e-01 8.73615085e-01 3.14416726e-01 4.78835888e-01
 2.63962666e-04 2.74666731e-01 3.81572945e-01 7.17842735e-02
 4.00815307e-01 4.38169286e-01]",223,2025-03-03T22:43:14.989746
23,0.8809617378134336,"[[782.22260461  46.51902787 706.1319274  300.71319635]
 [429.82702449 228.01818652 320.62031913  55.08887102]
 [ 53.73218022 166.07184459  49.66776135  26.5161402 ]
 [ 43.82082227  44.18867894 716.51167989 318.536623  ]
 [559.72813269 760.39050592 105.94437243 341.18111826]
 [ 46.79865548 341.88468906 648.82031925 324.66626482]
 [605.05741163 397.2262284  504.0257556  478.89682026]
 [575.19048646 598.21620738 335.39882852 140.33046208]
 [511.64476617 797.33383902 627.0477637  179.66696986]
 [255.93810578 703.97772543 209.69440848 391.64238462]]","[0.20475859 0.27192849 0.66693695 0.09351313 0.05813095 0.91491583
 0.60562366 0.34119292 0.13392253 0.13907258]",224,2025-03-03T22:43:15.000260
22,0.9487470967503392,"[[667.37032943   4.26650571 330.80990502 716.54814256]
 [228.92723316 268.30993613 786.31829764 370.86371185]
 [381.39822989 674.14764895 703.5173392  309.95411182]
 [ 18.81727604  46.8913736  779.66336827 715.60513403]
 [420.57465982 343.54334292 170.85871242 675.07108729]
 [254.71121011 745.30685574 373.04600792 425.42513799]
 [342.60351616 777.60012503 133.34520197 130.22542838]
 [ 11.44145119 340.49582898  44.11489919 306.93271998]
 [440.01020029 141.98984496  13.61017682 430.80643545]
 [351.84775945 148.78474681 448.86519637 306.95409407]]","[0.78184805 0.62126792 0.95738772 0.19786973 0.12474547 0.98863964
 0.06658105 0.38690796 0.35297895 0.85383043]",225,2025-03-03T22:43:15.009519
38,0.9451348610627348,"[[331.21569994 137.45649227 504.51075287 299.7859644 ]
 [456.47420167 657.11564774  64.9388846   84.40651061]
 [452.12486866  93.15229366 592.25802386   8.47655766]
 [ 94.3167081  596.54886102 485.43897744  18.78141554]
 [ 54.20716526 147.30018782 286.68175132 332.31616232]
 [671.98587669 790.74020721 706.40044292 343.91970511]
 [ 89.95649764 551.64783348 499.11719013 210.18810199]
 [505.41006261 519.99701887 127.5604997  577.42131262]
 [207.19543803 289.06537133 521.88149579 747.79031383]
 [442.72161506 137.99185862 757.49018762 694.25053775]]","[0.52304251 0.32616389 0.71067637 0.12840744 0.38510889 0.6976806
 0.01807025 0.7734808  0.71369239 0.49972901]",226,2025-03-03T22:43:15.019041
33,0.8240760155205359,"[[4.37527508e+02 5.95748223e+02 6.60637807e+02 6.76023343e+01]
 [3.62238397e+02 6.80059122e+02 5.44992405e+02 3.49954178e+01]
 [7.18403805e+02 5.57116393e+02 6.79566123e+02 6.38624476e+02]
 [9.19619583e+01 3.39117633e+02 9.26603919e+01 1.63974008e+02]
 [4.13395483e+02 7.93393677e+02 6.22197079e+02 1.75655891e+00]
 [4.55189118e+02 1.87341709e+02 7.60402190e+02 2.19009478e-01]
 [5.21311519e+01 3.59385947e+02 1.41533545e+02 7.43160243e+02]
 [7.67444449e+02 4.50591868e+02 5.93874272e+02 7.78259957e+01]
 [4.75922532e+01 1.17120398e+02 5.10693882e+02 2.93525860e+02]
 [6.84585952e+02 5.74325981e+01 3.21814472e+02 2.71405134e+02]]","[0.40852759 0.83525539 0.96629878 0.79199039 0.18380255 0.98371569
 0.61715447 0.35345271 0.14115902 0.14092629]",227,2025-03-03T22:43:15.028217
23,0.9097128096479682,"[[573.64317404 701.70152451 421.21358256 169.45028135]
 [ 50.00362951 487.33373901 681.46658802 179.00980313]
 [547.74785732 729.46690462 292.00404313 131.91047656]
 [700.67606942 729.59373619   6.65644785 113.82468911]
 [ 56.72428053 256.0573305  699.8149758  168.34429318]
 [760.96904701 247.05857222 108.66557279 707.07810557]
 [107.05523533 182.98544182 584.19693296  28.47160942]
 [798.12558198 745.14162261 690.04167417 257.47487615]
 [345.73243341 124.32260557 461.74606869 599.9936585 ]
 [664.48180269 268.4856094   31.35420958 306.00638637]]","[0.50574013 0.28771626 0.54672361 0.24252306 0.03943161 0.78667902
 0.96107048 0.81798523 0.06591708 0.35958849]",228,2025-03-03T22:43:15.037416
35,0.9456827396582167,"[[217.70920862 623.78636267 387.927187    17.39927251]
 [793.03103482 167.43363295 503.20856382 216.00748235]
 [580.90245549 190.29696581 437.56503553 521.33935091]
 [673.67859965  44.06575654  54.74040776 647.26385504]
 [662.4639291  269.24176304 558.60784047 268.14244889]
 [408.86719829  39.71918793 622.49120913 398.97226265]
 [211.26128874 295.01179193 482.44646082 601.87025307]
 [653.06672866 378.95874534 488.65806305 718.74806915]
 [678.64919586 163.09653255 433.9349573  710.03220384]
 [195.19348888  50.18618656 665.38390849 471.22928663]]","[0.81765781 0.95932258 0.80595718 0.84648776 0.1219754  0.77489329
 0.3390535  0.02645799 0.71116534 0.23845855]",229,2025-03-03T22:43:15.044980
26,0.9143580321025464,"[[154.09508809 649.28705736 668.95351647 396.68273918]
 [202.45707026 635.02393195 319.38477859 706.32069232]
 [ 58.87127734 540.55803018 621.77070935 432.6335283 ]
 [166.84845687 607.83290127 638.00874404 506.26627589]
 [228.55575354 608.85558309 152.22490021 257.66596926]
 [ 65.13203038 161.74213519 381.99306244 799.72949873]
 [241.72882156 264.02086341 426.57888534 456.59431292]
 [599.11039902 236.95162334 560.26980209 329.26606794]
 [399.0646765  585.16048049  78.30286622 594.764767  ]
 [314.0464199  511.74176217 449.981004   224.03824655]]","[0.52782378 0.60943962 0.30800043 0.6390622  0.37623923 0.63935017
 0.70728871 0.73241522 0.3646465  0.14752964]",230,2025-03-03T22:43:15.053212
17,0.945090330469471,"[[344.46361231 630.56694111 766.69053762 695.68319628]
 [689.60956814 144.54125801  80.68605295 305.21155138]
 [ 94.12506554 491.97933388 534.41184398 373.87258551]
 [232.74354273 790.2199901  760.33205421 614.04086674]
 [262.33655266 652.73428329  57.8857321  266.0646494 ]
 [347.78354488 320.37054751 231.40155268 618.28678337]
 [291.31116807 329.99624156 501.23491299 765.66507635]
 [567.56926941 644.75285004 365.98649901 271.51848474]
 [106.55540226  34.86675646 300.49695414 717.82225472]
 [693.15038885 443.50613486 492.81504247 109.62421151]]","[0.76476525 0.45741821 0.5478909  0.37471501 0.80791597 0.7431106
 0.60384249 0.18777528 0.91755981 0.7620192 ]",231,2025-03-03T22:43:15.062219
14,0.9123001356502096,"[[554.2448164  528.91260816 504.62454435 668.90731785]
 [705.9508019  657.97194686 377.83973497 750.90128593]
 [359.68908976 685.78015666 235.44572567 289.37101519]
 [629.3637467  390.35872459 775.91446497 355.41305147]
 [111.69617026 263.07300946 418.08645437 385.09462429]
 [681.1179442  731.52420149 456.46257347 188.68538168]
 [340.73712763 418.56668991 519.59941795 109.25120111]
 [126.04463702 481.6670412  445.01818865 198.65441308]
 [312.73158239 790.09295517 345.84934679 117.11235659]
 [202.78316157  19.78979247  64.72446913 691.58263332]]","[0.97608562 0.61128059 0.64797108 0.55075754 0.53213989 0.2574459
 0.82831216 0.82238126 0.86364625 0.30700925]",232,2025-03-03T22:43:15.070752
42,0.831109887436339,"[[ 75.25455315 706.00133454  18.54959733 734.58960004]
 [468.86657701 586.73202193 552.53067862 174.47185592]
 [ 97.5085147  326.55307044 699.6722544  212.19769731]
 [742.47398947 561.92708296 368.16512358 747.51811614]
 [ 56.99749595 626.43529568 305.63412163 518.85328636]
 [688.56871492 107.84388457 689.50068957 541.46765992]
 [711.77947465 165.636735   786.87318103 145.41543376]
 [ 29.47761238  97.79196874 552.6603892  255.69236324]
 [697.14890683 144.01161332 504.26765898 406.0645958 ]
 [498.17769045 434.21147977 536.59678489 202.70964404]]","[0.92755978 0.03382701 0.89437448 0.74276272 0.37670773 0.47298608
 0.85922138 0.28614306 0.87744939 0.72848236]",233,2025-03-03T22:43:15.081418
43,0.939765883438879,"[[459.56368433 478.96380147 679.54248532 493.56102722]
 [763.19892657 274.59660441 521.33834432   2.82613261]
 [106.91396725 610.73024484 613.46470317 284.34640309]
 [680.80460026 668.20761506 488.63849087 205.26894166]
 [ 30.9076021  773.94082008 624.20874256 341.18482577]
 [555.99491466 437.21668671 354.14160945 129.60451432]
 [129.33316614 264.38838273 347.30239093 660.08121357]
 [498.40274084 626.32063471 370.6467936  208.86263787]
 [543.56841062 552.50564115 442.90172205  89.29901108]
 [250.80549932  92.30333375 706.78893959  90.46006228]]","[0.54990739 0.12422596 0.88492869 0.96211236 0.01124276 0.92269593
 0.08706307 0.24548633 0.3844188  0.73250851]",234,2025-03-03T22:43:15.090119
12,0.9232282519831347,"[[ 74.55680946 780.66688982 521.63672984 650.44812855]
 [ 71.98161119 312.64978099  86.61361676 123.93349026]
 [ 72.66269343  79.62095919 170.2504676  162.37269485]
 [616.68319165 701.09279888 615.26276778 555.10752684]
 [560.08576644 422.16834346 150.33267596 206.5110509 ]
 [416.12058571  58.5197843  263.92063061 112.4692316 ]
 [337.67211656 201.74765906 263.0853612  695.82982914]
 [163.98425563 484.56804532 353.11286146 789.58139042]
 [713.72605192 472.16661891 678.78517414 131.91531114]
 [628.96229765 318.17006715 143.70051128 357.60019264]]","[0.28519203 0.89712389 0.6250501  0.5525931  0.57921574 0.81619965
 0.28829955 0.24228107 0.7108957  0.00441884]",235,2025-03-03T22:43:15.098441
40,0.8442760745878846,"[[383.28460239  39.16173963 351.17141553 179.16979261]
 [374.1373149  346.9520051  388.99836281  26.92301352]
 [726.70250737 231.31326765 661.92918174  13.30880361]
 [746.28246318 116.41068782  96.65199108  89.01662792]
 [524.77619206 773.88829297 261.92551688 442.50061289]
 [ 86.84116841 497.39570426 605.8505836  706.89416186]
 [434.48871775 344.00045112 345.53306487  90.4271374 ]
 [322.54227656  88.55589655 320.00349702 477.95539529]
 [251.78663826 545.50457102 514.07875043 170.64312496]
 [572.35655535 447.03231606  27.87122765 312.21891761]]","[0.17185424 0.45704167 0.38380948 0.89598744 0.95543701 0.90254835
 0.59866622 0.36032914 0.86682896 0.90246342]",236,2025-03-03T22:43:15.106652
34,0.8268111902048502,"[[207.63313394 199.57953004 200.50332272 117.56984012]
 [386.21469862 364.38173897 595.63012817 563.13866518]
 [535.68072333 624.4643675  537.29634584 245.84853825]
 [601.28710524 283.37357456 294.64325616 349.50221973]
 [685.70211114 641.88300342 449.7450127  124.32360258]
 [494.133893   417.53222657 681.67223705 247.55996167]
 [318.79332253 298.84936943 493.15149634 561.45139836]
 [487.10164805 621.04992739 791.53480681 670.19800678]
 [473.7005456   31.4173198   45.1710833  194.35788912]
 [589.44760663 260.62715109 498.88140694 799.10203929]]","[0.64806872 0.46252394 0.51858616 0.21120527 0.29993986 0.74043332
 0.96691231 0.13355894 0.9597497  0.40529073]",237,2025-03-03T22:43:15.115654
30,0.8223827701384837,"[[523.53832882 769.6218562  244.27763938 229.84183697]
 [463.84146442 694.55089274  67.62042688 303.0906087 ]
 [582.15671768  48.47115498 534.04593274 714.05697929]
 [113.70075695 166.69334856 465.69632969 527.77226651]
 [445.61618394 468.83073368 339.44325632 729.44624101]
 [137.00654998 194.40428853 710.61489175 759.24283979]
 [ 28.72287323 122.19569754 376.45433366 500.14021584]
 [484.81237388 652.14453387 756.02637219 511.20108033]
 [157.27212764 335.00470114 786.9583168  450.74505074]
 [174.47467011 552.90224237 297.11064755 651.99462084]]","[0.2535948  0.00756628 0.05284078 0.69019782 0.86192145 0.88347092
 0.53887251 0.2338288  0.99695409 0.94714834]",238,2025-03-03T22:43:15.126297
37,0.9168192837443901,"[[552.10479594 493.32003753  46.84952791 660.31335752]
 [138.17002425 185.53839626 515.58423739 241.00387484]
 [618.4791495  734.32267172 599.02082048 373.01948107]
 [ 20.41083033 139.00673785 143.09993731 381.7498039 ]
 [194.55744306 191.30366935 761.0250635  189.67321461]
 [ 31.94862229 586.74758082 768.63172997 671.22066534]
 [232.91458305 794.37767444 157.41814256  28.4668552 ]
 [770.45894042  79.37575163  90.07504415  52.17972958]
 [404.59947804 368.55330292 525.23523795 389.29427335]
 [ 27.77377601  51.12372208 652.74355147 214.74991227]]","[0.0515608  0.3108733  0.82628805 0.39827801 0.52206488 0.83861919
 0.363331   0.81088849 0.9353739  0.8776781 ]",239,2025-03-03T22:43:15.135306
29,0.8542616912657995,"[[  7.89615469 696.43724674 621.88872399 708.17394477]
 [183.70578553 417.8411445  535.89365215 133.07894869]
 [118.94839824 496.85242445 351.87020983 748.06859093]
 [141.25959378 519.99571905 594.61429168 261.17816412]
 [737.77911858 115.77629237 132.57333943 303.27780243]
 [459.95538057 529.01961025  72.33776836 763.86689988]
 [155.8641281  233.25290994 447.37217633 214.76313013]
 [ 42.35780385 512.40801117 176.68482762 737.79107735]
 [566.20885451 240.89095062  89.95748033 628.49924228]
 [489.29505953 193.54977103 337.99717882 169.91520243]]","[0.35571351 0.46934635 0.32805665 0.30978989 0.25603139 0.11949318
 0.07107808 0.67705926 0.52024369 0.64458983]",240,2025-03-03T22:43:15.144907
23,0.9050970291509951,"[[649.64089356 642.47484177  79.37632099 105.64071915]
 [744.53671089 510.60566684 598.94678356 294.87489395]
 [384.5182163  655.0719333  311.56463221 565.78053321]
 [409.95974255 161.49123134 501.9290823  577.46385057]
 [415.55712543 750.88301435 190.16522579 476.2147971 ]
 [155.71978856 432.92227534  58.33407349 530.91527897]
 [169.95501716 265.3606051  532.69191544 234.75117871]
 [ 25.81874097 112.42107246 672.57981134 737.9452687 ]
 [496.36900036 549.96687125 125.7436936  394.32924336]
 [560.85464564 380.23250625 686.84914068 604.87868621]]","[7.19239195e-01 7.16355767e-01 5.89638509e-04 2.49741707e-01
 2.52725510e-01 8.03739426e-01 7.06807531e-02 8.53493870e-01
 6.03625350e-01 7.73258431e-01]",241,2025-03-03T22:43:15.153418
26,0.8662680271775248,"[[440.23089486 451.27498418 784.32722878 745.70992937]
 [530.18370597 157.45015462 672.7423247   85.26656248]
 [507.05170958 568.53639808 721.47245564 447.1042908 ]
 [601.5675778  116.87245532 428.32008004 177.35749674]
 [499.06305138 764.48861572 354.82757193 157.89054814]
 [759.22976615 400.11310349 283.51506597 260.07564814]
 [ 25.55320984 644.69983525 407.29115649 334.57215451]
 [583.02583414 170.02485356 216.20612296  56.27947306]
 [ 72.71244433 766.45851885 140.71820204  28.90526237]
 [350.28645087 761.18389679 466.84322527 766.42382257]]","[0.59777758 0.21860435 0.14351405 0.82134669 0.37624051 0.03008728
 0.4066302  0.2038173  0.41399316 0.40669536]",242,2025-03-03T22:43:15.164113
31,0.9000366513416884,"[[445.83903067 564.68626261 595.08517971 502.94865468]
 [742.30594918 689.02696749 339.56040304 323.98599029]
 [265.35628692 226.37381191 451.86568487 390.15931645]
 [375.81693138 522.20810331 506.64181522  74.69213246]
 [313.60672362 585.61978449 640.81884338 170.01740985]
 [142.78716886 401.5222662   81.83556536 732.54830633]
 [713.41317006 613.64068914 436.04192279 215.7061053 ]
 [736.80033938 227.62292808 751.03321626 677.2821423 ]
 [333.49583058 752.35456597 673.36226396 439.27060647]
 [648.47857074 246.71482075  81.01634684  64.19603694]]","[0.53255799 0.8992103  0.25224186 0.42281286 0.21721616 0.21257475
 0.24262304 0.17807333 0.0025736  0.30847063]",243,2025-03-03T22:43:15.172723
47,0.8756171753846422,"[[785.5947219  701.35724967 667.32983732 179.12953631]
 [209.43196454 212.10784452 395.32960476 773.41557815]
 [376.76640184 205.03047714 488.09955753  18.4721352 ]
 [  2.25790557 181.3785197  604.85531597 111.87483372]
 [612.78338984 799.11862634 636.12453928  40.14545557]
 [153.23276995 394.68641212 434.30198715 350.97514618]
 [325.83597417 298.16838651 558.36435716  42.74743515]
 [745.28967786 461.64444467 361.48194261 131.48869207]
 [ 46.50178674 481.21339851 201.99333452 580.15090674]
 [546.24867381 554.87971684 121.10283584 318.30071072]]","[0.49500807 0.84424419 0.30741931 0.59294618 0.31912917 0.85066773
 0.23554394 0.42450531 0.18672971 0.02923734]",244,2025-03-03T22:43:15.182751
15,0.8846268730657145,"[[206.605604   306.94610051 380.52788891 344.71014556]
 [289.6947604  395.94226355 174.33001852 495.98501785]
 [136.72622797 377.6046707  399.54891394 313.20868872]
 [561.80291112 399.25649427 466.37084285 784.60211622]
 [499.69877237 381.1650906  148.46409797 757.41808005]
 [725.1032561  540.92803916 664.47640045 489.64755769]
 [ 25.85858061 172.81754174 516.37249216 167.93018712]
 [139.20788647 529.1859043   81.78011049 598.16738792]
 [458.03335567 696.55040789 512.91044759 211.86214909]
 [295.92064557 167.66103197 136.37623389 159.54978794]]","[0.75251427 0.04081373 0.33753089 0.44077256 0.0410311  0.09902938
 0.9459466  0.89851782 0.90194093 0.89108858]",245,2025-03-03T22:43:15.190571
28,0.8859104956578954,"[[687.85237598 461.88525923 477.98410437 273.75611258]
 [487.87191711 796.19683586 559.429095   664.4937503 ]
 [787.20726331 130.39080437 492.39802331 390.66696287]
 [ 56.20770281 463.02029088 364.79839214   4.77575189]
 [648.85975337 126.38662923 491.43603546 592.18741148]
 [737.51274175   3.54778726 742.18386758 629.03509615]
 [527.22981521 748.05285226 445.00946765 199.69200933]
 [ 71.5077215  761.67377815 612.3706279   37.10085307]
 [ 85.79813116 345.70265252 447.0551961  656.03694085]
 [448.76690192 724.58527987 179.11704969  96.07704006]]","[0.62221244 0.96477718 0.22144497 0.92150011 0.53784964 0.23201592
 0.83036848 0.58370435 0.39903309 0.69774857]",246,2025-03-03T22:43:15.199395
48,0.9342579778009651,"[[218.98555798 727.88631699 641.86758828 606.75134992]
 [218.16031896 177.11619164 371.06917828 654.36803122]
 [545.97214596  28.75917864 789.82965871 719.58926647]
 [434.74135559   1.16285578  72.25420687  79.85015852]
 [482.98749959 489.89384945 487.7952461  722.60565639]
 [635.59027272 430.37998728  48.65700273 575.29167131]
 [ 95.41138323 646.92535207 568.43242035 297.39656378]
 [738.5560495  258.49738187 540.95023167  93.02881793]
 [228.71184383 226.00969079 138.43383877 459.43232045]
 [358.18423507 324.93777689 774.46163582 475.74788812]]","[0.62324669 0.37027178 0.37476001 0.5805469  0.13603485 0.16419389
 0.77179957 0.75220738 0.30666901 0.42584658]",247,2025-03-03T22:43:15.208051
34,0.9260186183827321,"[[717.02985499 430.18675843 204.24059414 407.05291488]
 [ 30.20397225 364.6308361  701.23992893 256.53459093]
 [  1.00701824 249.90643285 785.70823774 512.20014567]
 [323.77442958 512.36388589 670.6165808  292.48137318]
 [518.02957785 639.7001815  768.59373945 721.71319729]
 [219.48797982 424.38670312 703.19610164 296.60243311]
 [102.08327165 320.92987257 471.0437559  742.51397769]
 [364.00228889 640.63251221 632.00814048 641.57837377]
 [253.72717172 472.93172224 172.56576948 782.90730386]
 [685.40019991  82.69730295 212.58521015 407.1671342 ]]","[0.47203329 0.08891162 0.94695076 0.02481502 0.71405331 0.49191488
 0.60897342 0.15913157 0.07873343 0.22563171]",248,2025-03-03T22:43:15.216101
40,0.8090322931172623,"[[711.11360548 218.84914419 596.9853177  329.73187873]
 [ 85.22762441 212.9608213  605.63182771 237.96719727]
 [735.94282296  41.74154973 591.75371033  81.88866875]
 [136.65771261 486.61562071 198.97337346 759.28464342]
 [754.04463877 601.40512744 550.40199601 317.35365596]
 [313.35294549 156.587161   431.53986445 434.499885  ]
 [254.0656231  547.42692648 261.12736033 578.79005576]
 [ 64.49080094 759.13262725 569.24748999 658.09777737]
 [184.686287   387.65919693 629.21014544 786.11303422]
 [434.7027315  467.7689838  533.07358376  73.85525012]]","[0.55876086 0.62366961 0.21080405 0.68378928 0.43688655 0.21709577
 0.16321617 0.70562916 0.73286809 0.81099324]",249,2025-03-03T22:43:15.226731
30,0.8022943789862951,"[[618.92070414 599.68494347  83.04747613 257.43970633]
 [465.99139702 429.84501221 103.20643578 731.39994095]
 [201.7043083  664.54738114 309.69716663 298.77014017]
 [272.09070176 111.24504514  64.42534748 203.35953744]
 [634.49519123 659.38651823 220.94770183  85.94153871]
 [243.23127358 174.27405164 413.2304138   86.77631224]
 [553.02796972 781.17124503 312.85865453 589.41300241]
 [479.2061614  661.72442411 120.72179965 789.86169425]
 [475.39496387 485.28104071  20.97511591 657.4872289 ]
 [511.54020166 695.6344203  519.22689556 203.47250945]]","[0.96587593 0.26026688 0.53809435 0.00149616 0.11640545 0.45372602
 0.03236543 0.01248559 0.05684539 0.99724135]",250,2025-03-03T22:43:15.235786
48,0.9423608638638886,"[[657.44989163 173.4521285  501.77338329 201.22297216]
 [285.48462048 264.72577789 364.45339878 202.36125489]
 [497.10005882 647.33048355 453.7138201  218.74316699]
 [562.54105313  14.60194549 417.10491589 383.1811073 ]
 [529.06717804 688.8235478  292.09298187  46.33128924]
 [256.31163546 325.80168391 404.41063385 494.45575257]
 [622.66383463 336.27206277  14.82835017 685.0742659 ]
 [717.36307607 665.29999781   4.76613161 450.84812799]
 [639.3690593  446.0653529  443.13517362 181.13378279]
 [ 43.84034204 616.38144155  87.59903964 793.85688533]]","[0.37955323 0.2153857  0.55104726 0.77662363 0.04487431 0.44667549
 0.32950922 0.45107265 0.47524699 0.53873333]",251,2025-03-03T22:43:15.244332
38,0.8690371916168782,"[[539.39485281 466.96807683 796.10104033 701.32535876]
 [507.77188522 269.54455188 682.70397904  46.27384396]
 [210.5626241  238.15660508 709.91541453 450.71192491]
 [113.67293713 635.60791869 617.10958378 186.48671105]
 [ 85.62432312 731.33045854 493.43258498 736.24202603]
 [519.81733059 481.95980202 478.00041519 257.28706471]
 [ 43.36389348 295.88702162 402.84832875 480.73532378]
 [424.44557379 729.95725407 494.243916   659.09363462]
 [ 75.99250337 312.75539401 676.81380492 162.22243616]
 [582.82322426 762.11952536 269.21032075  80.74539526]]","[0.67674728 0.63645745 0.55522631 0.46635303 0.5043254  0.68658552
 0.2909087  0.28951583 0.82132109 0.76336664]",252,2025-03-03T22:43:15.254149
28,0.8178640378330927,"[[787.60093361 464.86166897 634.74090252 409.4413062 ]
 [646.26287902 792.79843712 773.34537019 650.81270759]
 [428.12719488   2.55825358 459.85277802  97.88372039]
 [603.22058787 493.70913918 667.95817201  22.74878395]
 [ 80.67147172 582.76504342 638.48072258 720.75225053]
 [658.72285445 399.89798418  19.29427878 765.13692799]
 [464.99952289  52.80049396 574.22592608 782.82421687]
 [269.45485851 240.20125701 296.14179481 327.97196819]
 [276.52902059 703.51026576 310.66581301 204.19583593]
 [666.32449147 702.16240264 756.08931746 456.82757897]]","[0.3048358  0.97396603 0.46756932 0.76644386 0.955817   0.7380578
 0.02731191 0.11145289 0.11724655 0.42536726]",253,2025-03-03T22:43:15.262414
23,0.831559805075384,"[[539.56396045 282.41364554  41.65224401   2.53878091]
 [263.2295949  197.23795555  44.94326234 232.43749435]
 [630.03061203 366.25157103 514.55225185 605.66160837]
 [395.32460473  49.23996332 712.00136112 796.4217798 ]
 [ 64.33097203 675.51001856 371.81521933 383.76777757]
 [213.60842476 411.47432143  65.90997542 702.28301324]
 [ 78.89867128 729.02131509 613.66803103 473.82212462]
 [724.22411818 666.8437211  105.25402047 580.74539464]
 [791.71839738 200.28613897 551.08540284 384.58610718]
 [136.42411852 615.85367823 558.55105769 360.88447491]]","[0.30985432 0.35545969 0.84408666 0.87505729 0.93046176 0.36488955
 0.01540389 0.59050341 0.55500193 0.56862046]",254,2025-03-03T22:43:15.270156
48,0.9304486402020854,"[[ 19.23698173 119.93030326 678.92490195 485.17691585]
 [ 55.49647489 577.98147882 743.03186097 416.3118433 ]
 [790.28148204 461.02715705 460.25899009 144.63055993]
 [686.88447302  41.44409805 143.89853648 457.8035504 ]
 [558.86802723   5.84208858 449.90639882 569.67055952]
 [448.14368198  44.81160128 633.00233363 321.83838654]
 [712.17514063 521.485719   717.29443488  10.90172184]
 [359.44101935 673.47974852 438.85051131 517.97090129]
 [431.40606018 171.15067007 706.47436521 288.70813251]
 [498.30106328 477.62040007  30.51224169  99.76210377]]","[0.81930775 0.53016775 0.19366238 0.88399395 0.28052078 0.50898807
 0.87024816 0.33488308 0.10160041 0.3001446 ]",255,2025-03-03T22:43:15.280183
37,0.8837541670949877,"[[ 89.37425622 158.46293079 199.08515531 509.52035118]
 [369.15362483 749.61033333 337.62171736  70.35585568]
 [732.65045391 223.53083794 493.24764597 584.43116323]
 [ 71.91480983 313.61194239  90.60910396 755.71402544]
 [187.36816908  19.81370752 277.77841353 310.51498544]
 [ 76.53771591 441.71636434 641.97497314 364.90012431]
 [199.52932477 174.05908827 794.79289354 373.24133853]
 [284.97461285 515.7139638  165.22159393 214.96784597]
 [180.39608726 443.33277495  46.2289955  179.55518095]
 [732.89193081 623.90095209 557.0910631  558.38511839]]","[0.70911724 0.16523963 0.3245207  0.61173638 0.84327312 0.76739092
 0.95449476 0.30412434 0.20092597 0.13514274]",256,2025-03-03T22:43:15.289188
39,0.8371491906841134,"[[574.21186541 566.94890873 772.12370705 169.12635564]
 [534.15784618 234.86270584 536.61258493 734.95360746]
 [212.36226254 432.10521054   6.75683205 662.01077969]
 [610.15178948 753.27215267 132.33798543 450.18413165]
 [177.1971269  586.24017825 757.44609061  68.11316629]
 [722.17433761 230.3405527  661.71293715 157.59854361]
 [479.33683159 783.59595768 114.7632605  440.81343852]
 [700.69365668 258.41074266 259.16515267 757.17763816]
 [315.59913873 567.32110696 515.61718439  27.32841864]
 [721.11105529 147.62020455 640.34042716 446.71450007]]","[0.32413663 0.91935956 0.32514523 0.15938254 0.4747409  0.21212109
 0.28559922 0.77002338 0.70697867 0.11040582]",257,2025-03-03T22:43:15.298554
43,0.8360316554492299,"[[400.91711889 793.46256851 574.41694271 472.69368149]
 [304.06449679 752.62457215 530.400977   232.77302973]
 [ 56.69623934 528.11652769 146.0663426  661.92175553]
 [178.45042353 296.52540888 192.60412453 491.50167807]
 [588.29050491 772.12336406 555.94951354 671.98008659]
 [765.03270273 216.84457931  48.04844302 153.47681468]
 [517.83302192 141.55963819  64.2618209  317.80329523]
 [608.57165422  40.35558423  69.17613269 743.70326227]
 [209.33237543 692.64214073 304.70344333  50.87282496]
 [584.94412298  61.22434405 389.77006557 717.86437193]]","[0.88390945 0.06535434 0.99774859 0.44309607 0.928783   0.23133015
 0.957952   0.12667396 0.9918931  0.92052459]",258,2025-03-03T22:43:15.306554
45,0.9456991484749003,"[[ 59.13138782  54.76398353 208.24426591 751.3913755 ]
 [156.85093422 793.33946582 636.85593549 175.30530281]
 [310.20076305 197.94321504 128.026325   123.82863402]
 [781.94903858 333.31021313  94.34443513  85.87742021]
 [588.27524264 769.55990093 402.93630244 402.48250307]
 [346.76923727  34.45854722 627.95368334 740.03859103]
 [731.66169959 791.99983626 338.84170765 401.27235701]
 [702.32300231 525.65872178 571.7163669   40.38446638]
 [633.57900154 603.14762055 166.44999696 195.79084917]
 [667.72580376 194.36989183 242.60769061 298.99879371]]","[0.18317072 0.36343203 0.69681    0.56962234 0.9636436  0.01237548
 0.86292772 0.24084657 0.97195458 0.25843813]",259,2025-03-03T22:43:15.316562
16,0.867806273976308,"[[ 18.18445176 200.66419042 207.88775841 104.10816804]
 [  3.899474   727.59707952 671.26300054 131.86582781]
 [289.7970247  563.68734362 639.51013921 654.85361813]
 [375.01420498 149.15155815 269.68746454 117.88085692]
 [105.84344151  58.21859404 155.52683802 529.42301346]
 [125.375058   242.99766744 330.97713383 584.36971891]
 [259.68115224  11.58980942 222.34400237 382.41890822]
 [ 29.60777176 663.26643036 123.82871321 665.01156151]
 [ 20.22581175 669.32481044  28.62307704 752.22917018]
 [577.09026379  92.38898217 775.83447056 713.2583099 ]]","[0.77279878 0.97621951 0.92673484 0.77343757 0.2162714  0.47828273
 0.98849348 0.01735827 0.13116655 0.68133543]",260,2025-03-03T22:43:15.328208
23,0.9252100500896665,"[[448.16348158 358.10760964 412.04998603 269.17487997]
 [505.57001922 741.74057697 140.17117667 368.89488438]
 [ 25.95919032 379.14345466 119.19645889 325.39216568]
 [493.99786626 235.04332881 576.79781153  85.30080127]
 [471.67658057 568.17864366 610.65809559  80.93112338]
 [ 12.01008283 666.20519841 684.32624735 287.41405562]
 [346.30784882 475.54444187 749.11976331 342.97406722]
 [185.04895759 420.26802339  73.80505155 335.40493838]
 [464.38963155 337.60373561 515.53267904 385.35603569]
 [528.60996521 646.09804305  90.48672603 637.82870312]]","[0.53791561 0.41361703 0.33186763 0.79028173 0.12822074 0.88380205
 0.83117557 0.85467283 0.78618761 0.19704842]",261,2025-03-03T22:43:15.341878
47,0.8737882605700656,"[[351.76895726 524.88403442 308.24693554 636.20474127]
 [ 45.47231396 751.62603974  68.36655172 144.36021834]
 [497.69163201 658.09514754 674.30454002 214.60793869]
 [659.93441317 367.21473536 773.58504606 195.66365571]
 [237.62923813 709.88189942 149.2461357  208.63057722]
 [438.28072052 529.17397876 106.36989158 538.08657054]
 [476.58833153 345.78827413  53.345798   635.87207562]
 [467.0201404   43.20639021  97.35273966 729.63827967]
 [689.95909223 604.26913281 148.67624017 251.58020332]
 [177.84923185 673.07764153 369.10777713 103.69268852]]","[0.32985133 0.7113651  0.68087887 0.66133332 0.07279607 0.06271949
 0.12604579 0.40873863 0.58191226 0.27494628]",262,2025-03-03T22:43:15.354370
24,0.8452240965003217,"[[513.01922306 197.84543718 785.64304034 590.98347931]
 [426.16338205 125.86125454 313.21399378 707.91055893]
 [567.2595659  141.67815441 154.99709286 698.88576039]
 [297.87987372 729.27830626 543.47147416 190.6048377 ]
 [787.68564332 157.14980678 769.17607723 437.64583243]
 [747.9862534  172.9594423  227.77654082 377.85572372]
 [773.75917639 450.42282587 645.49843818 339.81618344]
 [202.121925   419.86898327 139.07559818 225.85414081]
 [558.64965696  38.69104221 149.84274976 641.11165301]
 [661.10183708 639.82251867  20.98479347 235.16811364]]","[0.7824016  0.04241517 0.65547546 0.67955563 0.15363781 0.42014143
 0.14329265 0.2913426  0.16841588 0.68454129]",263,2025-03-03T22:43:15.365780
11,0.8167926361181969,"[[477.12353205 543.16646583 195.2793258  327.12048415]
 [682.77243776 118.35860282 466.82443993 572.21319215]
 [251.74567782 111.42868569 765.7795619  526.47061625]
 [432.25339592 301.44237402 200.66999007 634.76607956]
 [411.96276836 679.31271996 728.80038926 120.76687964]
 [302.44097564 687.77650172 561.8862815  329.88456579]
 [198.17620246 418.23273121 147.7284598  700.88374755]
 [362.38333165 761.51502675 383.21787577 455.66727   ]
 [588.49644542 241.82065699 143.64841635 174.5287554 ]
 [121.10197161 155.3673976  434.79500224 316.66175742]]","[0.63703745 0.49017578 0.43389848 0.61569988 0.74055053 0.55107204
 0.84772098 0.91832531 0.76843505 0.67439761]",264,2025-03-03T22:43:15.376796
21,0.8835100870832154,"[[571.14829254  37.60604014  81.59158777 719.66871852]
 [485.84988902 404.7580153  545.54337839 269.95405651]
 [376.58535784 227.3086443  475.87787764 758.95461142]
 [503.77662881 344.47470532 253.3535729  782.88404307]
 [162.16442539 190.39431499 563.71564211  30.68720925]
 [160.2153133  171.81123778 327.18840595 581.86834002]
 [551.46087656 436.88872552 565.84766312 404.5981593 ]
 [250.95214174  62.52846454 618.75932369 310.26274243]
 [580.84142211 708.72448181 557.11502342 781.75365817]
 [134.70257046 534.23435912 404.97620308 676.90951992]]","[0.41868558 0.50753453 0.94490324 0.12757396 0.93806925 0.93207853
 0.29375036 0.44760848 0.35529569 0.98558292]",265,2025-03-03T22:43:15.389548
30,0.9287703267716809,"[[433.74317654 725.27282996 563.94378152  50.57248882]
 [785.43112056 718.44496185 645.63790437 703.63904242]
 [566.46130235 590.34796052 734.33233386 657.92583861]
 [715.72474272 125.82990031 637.06944468 355.75574535]
 [785.4739309   57.31792524 610.17109663  97.67416767]
 [409.60627223 622.1540698  701.5100418  217.53588326]
 [185.55471759 111.17144182  81.78059252 345.46930788]
 [ 97.11614568 529.63051091 281.92267052 740.42553313]
 [ 85.1942546  551.11899342 381.53452464 200.90262909]
 [529.00769452 365.91072197 108.56025462 603.27052375]]","[0.80513635 0.82711088 0.19955484 0.59391797 0.21215095 0.77616304
 0.41020978 0.39015588 0.08179633 0.07672769]",266,2025-03-03T22:43:15.402545
11,0.8337430623548095,"[[242.88413405 625.29115034 756.48482581 500.4592986 ]
 [543.02783899 618.02594896 459.03675102 101.58722207]
 [360.50761084  33.14716355 566.38231871  12.84125712]
 [578.15178532 398.62746708 550.90750724 579.82950383]
 [119.03311809 292.13867923 467.06583607 238.71551568]
 [595.85828628 165.77649858 512.26017317 483.59151054]
 [429.89574826 151.16245597 613.85676376  42.83685305]
 [366.87915112 336.66191025 250.18550245 160.44130687]
 [754.58061659 730.99438933 767.48500766 158.31818272]
 [453.99628746 471.97871261 578.5629739   94.95561563]]","[0.65994651 0.26159692 0.13804028 0.27288797 0.23755065 0.63977884
 0.20084159 0.65822602 0.60338835 0.78264906]",267,2025-03-03T22:43:15.417519
26,0.8659806183933952,"[[676.67313414 648.01411421 761.79500769 196.19334324]
 [607.01722859 229.68432705 689.72793037 648.25125469]
 [272.09917927 118.0999894  187.68501278 286.1561822 ]
 [127.03636119 313.73317266 347.20032683 748.27662386]
 [208.61424651 680.6057191  121.61526671 133.15707009]
 [ 72.44052698 245.86934679 394.59164382 150.54852336]
 [565.57139858 451.81192077 100.37983289  48.74418234]
 [629.38456608  72.6248981  597.69208869  32.89046775]
 [506.86562768 501.35119352 720.3675399   14.21538844]
 [548.16984335 314.46193328  71.33201231  24.4234738 ]]","[0.66516602 0.38992369 0.62341785 0.35614335 0.1154203  0.37059155
 0.38799765 0.24090045 0.53633159 0.1847621 ]",268,2025-03-03T22:43:15.430886
12,0.8617371910636119,"[[ 51.93516745  46.64677273 595.18602567 113.69433587]
 [793.65487017 244.52078294 151.33741357 408.96425154]
 [104.80225982 741.79786957 362.83672537 466.00841412]
 [502.4871361  352.73210123 728.77208219 588.70018431]
 [216.60786651 130.24542585  73.91109103 465.49225092]
 [312.23377526 494.99650356 724.20022902 581.22534052]
 [317.01343557 700.55462601 424.40108148 150.64432584]
 [183.68655065 657.73397734 531.30847457 688.55211032]
 [442.50498342 707.83207953 395.13605305 730.55501143]
 [ 48.16388952 711.79740851 168.65529224 522.83977007]]","[0.45199025 0.51729059 0.19517605 0.71992627 0.89544952 0.31321842
 0.46029662 0.10435549 0.25788567 0.2398114 ]",269,2025-03-03T22:43:15.444838
23,0.8913155921130131,"[[668.48104442 265.68571217 704.22303903 453.84953314]
 [ 50.08700025  63.25527946 664.02673124 685.99038635]
 [ 23.84101311 472.61422041  60.41603285 190.89813061]
 [632.17367733 110.58198947 441.81193878  27.36065475]
 [694.53909525 577.61142447 776.19518273 292.1815322 ]
 [ 60.94566235 296.13718583   2.53186471 459.0429474 ]
 [783.14354463 549.38798984 400.63942761 619.64817279]
 [ 97.02381969 512.68408061 663.04475274  23.56080869]
 [233.67612385  34.52968397 278.86974447 784.79256814]
 [180.58971731 246.55666422 757.12527822 620.65738359]]","[0.77758062 0.89346965 0.58446998 0.47328767 0.95825861 0.52693907
 0.3932841  0.10282015 0.40916923 0.48976639]",270,2025-03-03T22:43:15.457738
19,0.9484325988018478,"[[504.80649627  22.63984484 781.44467513 704.63249405]
 [492.50093072 526.45622843  72.30696476 642.65431309]
 [535.99311158 120.11000342 557.01854743 602.17044115]
 [145.41909704 292.08204369 585.30887124 563.73849544]
 [795.40843316 485.72476535 549.94894306 614.93382284]
 [726.88188017 318.98378345 219.59818969 642.72084862]
 [465.38676453 534.56618334 798.08899785 687.64566216]
 [278.9141615  406.58523681 415.85580706 476.81838118]
 [457.74940032 214.68904603 773.00601096  13.31012132]
 [199.62607952 487.58754797 781.7456605  454.87155398]]","[0.64605656 0.054117   0.3668864  0.22264354 0.71966318 0.75925794
 0.54685648 0.74901213 0.02238094 0.07695039]",271,2025-03-03T22:43:15.471734
24,0.8481454546722466,"[[7.12159078e+02 2.55016032e+02 1.39389929e+02 2.05323570e+02]
 [7.18400116e+02 1.11251300e-01 5.52842142e+02 7.95006253e+02]
 [3.96822059e+01 2.52273841e+02 5.39293621e+02 8.07786265e+00]
 [6.41790103e+02 7.73317729e+02 4.78379575e+02 3.78638004e+01]
 [3.96676184e+02 6.60115026e+02 3.40185379e+01 7.95023802e+02]
 [5.89270880e+02 6.17452125e+02 6.16483856e+02 4.67358551e+02]
 [6.65057991e+02 2.61835782e+02 7.09319864e+01 4.89209423e+02]
 [3.30918243e+02 3.79256526e+02 1.62160455e+02 4.59219369e+02]
 [6.20945053e+02 4.78459219e+02 6.21955479e+02 7.46093004e+02]
 [1.29707194e+02 1.43060880e+02 4.73369165e+02 5.56754708e+02]]","[0.4910823  0.53967561 0.52391064 0.23891506 0.48797703 0.53716653
 0.5872938  0.03454722 0.83623818 0.19517054]",272,2025-03-03T22:43:15.484782
30,0.8734974496443659,"[[101.03780063 214.81907875 525.09502921 503.95801718]
 [339.8395665  552.68081502 330.08955551 619.82181789]
 [794.12704175 423.85197257 316.57869098 168.64576014]
 [ 76.67270302 136.89232098  55.77838014  57.07159145]
 [603.86617149 624.65202646 780.68320484 170.62092951]
 [404.18572255 512.63561588 674.93688352 235.34847687]
 [241.67034631 128.20716346 225.13361459 309.08577897]
 [699.56893386 720.98392452 552.58603893 316.80880341]
 [229.83622282 710.08993    176.92841742 509.42172961]
 [180.96711039 581.62118687 757.01750349 723.6147217 ]]","[0.58497205 0.97492298 0.22808132 0.50472017 0.11727528 0.31050588
 0.97270348 0.30090811 0.30475346 0.47145696]",273,2025-03-03T22:43:15.496980
10,0.851649503601475,"[[243.4275334  524.31098656  91.77561128 739.67188469]
 [  7.15335767 127.42799604 228.7284142  754.47145638]
 [178.92776347 441.9061367  544.90383707 523.92683398]
 [762.07229712 549.79362964 245.10767633 309.63132671]
 [735.52224861 463.08021391 349.41345429 509.59525168]
 [ 80.56413649   2.16268149 139.99578651 774.31497639]
 [295.36435133 618.74724868 202.31244535  22.41536109]
 [366.72912203 645.48691594 512.5295332  229.11120603]
 [ 22.94141151  32.99433385 125.19318412 629.62419896]
 [382.28437081 610.62832603 227.7668796  292.62921099]]","[0.65469259 0.84949427 0.04702226 0.21187499 0.75708158 0.15700451
 0.91524381 0.02500809 0.64806424 0.99002245]",274,2025-03-03T22:43:15.509353
37,0.8023946911347194,"[[363.03844888  13.85774391 294.1728938  560.47652266]
 [415.55154154 673.77763968 148.01406579 261.26349791]
 [ 60.17598307 344.52989624 567.44375959 346.98603122]
 [ 40.59925351 796.64980063  82.29353533 263.53566469]
 [510.71267606 316.85580419 685.67411557 749.88983431]
 [261.01625341 210.52685871 487.88220986 598.49618068]
 [ 90.01376779 653.75093306 612.17237667 249.46039144]
 [340.57646738  61.40276562 100.7843555   45.8735933 ]
 [789.62821774  12.81327858 762.79438981 262.03169443]
 [486.76208567  23.48083827  66.51824456 345.65919528]]","[0.4997096  0.60199733 0.67966571 0.72691751 0.28945955 0.64083962
 0.35168063 0.27045195 0.39971344 0.05112708]",275,2025-03-03T22:43:15.523538
11,0.8106851011439102,"[[376.81790353 677.7263694  486.38038744 376.87787696]
 [798.13378429 255.50308761 656.13437466 329.1449069 ]
 [272.43039143 113.16208741 277.0512957  658.49186933]
 [566.48087065 438.3195506  493.46739002 722.34009482]
 [627.90833848 224.44444704 160.11450962 680.42947044]
 [156.82955153 116.24970687 509.87503433 566.49108729]
 [297.069099   592.12933013 350.05137154 697.98874896]
 [204.87681065 633.86827832 780.34689187   6.41467924]
 [220.64572154 691.53379177 346.87202048 381.49491341]
 [647.14913033 423.09886397 500.66048171 214.12254796]]","[0.7015826  0.49040559 0.09967828 0.2402045  0.82897136 0.30411813
 0.00302487 0.70115972 0.64495249 0.43787932]",276,2025-03-03T22:43:15.537599
18,0.8096969018003266,"[[780.16431276 466.88882651 754.997949   694.77019469]
 [227.44987081 202.1390462  533.54061052 594.29192211]
 [762.2691749  284.66216386 229.8118517  661.05442167]
 [  9.98508217 459.0406292  789.00666356 524.24973605]
 [185.52645151 482.98952251 662.35591235 672.97176355]
 [531.21243914  87.98861207 407.42356316 206.7781214 ]
 [428.86132069 670.98174088 449.90331153 493.42717115]
 [231.01512324 586.32130973 688.92889335 577.39226128]
 [529.30731042 541.96324526 115.66483276 374.57601901]
 [523.76363364 717.63603072 222.32140347 434.63210612]]","[0.78699153 0.42908046 0.79535075 0.68853041 0.04355489 0.81442016
 0.89318511 0.75308765 0.56249229 0.18016259]",277,2025-03-03T22:43:15.550606
44,0.8177036627959968,"[[548.84535933 708.28844242 252.29417082 140.01873699]
 [ 15.10515956 607.3120953   88.9927592  685.070056  ]
 [627.09665091   1.71592594 641.6089924  139.75604844]
 [114.60163019 314.95296981 239.44371553 635.09589445]
 [541.05775127 339.59171879 731.76452616 569.08839407]
 [106.26401856 592.24893055  24.94550404 261.17502115]
 [ 29.29383955 723.48549482 746.85628164 785.7850111 ]
 [118.33112562  66.89740071 732.0335176  549.26570373]
 [567.29528833 296.95478832 344.50848213 473.11876514]
 [316.55733812 669.66711945 793.43752872 454.39363805]]","[0.53136909 0.95337841 0.96175502 0.79527399 0.02737578 0.81515729
 0.39397222 0.51185014 0.67766756 0.30090941]",278,2025-03-03T22:43:15.563855
47,0.9484343017278245,"[[367.07657072 279.0620121   71.89293877 347.06659044]
 [325.11267949 776.58390795 331.46427975 523.32042491]
 [479.27886603 344.37910129  15.67663965 424.72423803]
 [233.47554943 317.65901105 482.32127483 511.51823313]
 [695.31271591 344.03983587 117.74245854 506.32567361]
 [124.29354982 640.30686333 319.66163283 444.25245611]
 [597.564341     1.47930942 186.86040368  74.50232208]
 [665.34349944 455.39871454 753.190718   189.04972837]
 [135.64920383 535.57669679 108.18185617 300.76317342]
 [566.69509431  26.15153075 602.52779489 331.77987449]]","[0.672414   0.07082961 0.75631134 0.67531833 0.09176255 0.86420809
 0.91057691 0.16197127 0.60776396 0.87049988]",279,2025-03-03T22:43:15.578157
10,0.8106732783095376,"[[619.81036545 780.01389499 262.19447022 474.78239009]
 [502.97121476 681.71634098 214.80246596 452.34235839]
 [625.2084194  655.80213104 140.68851909 106.68468457]
 [759.59385447 196.81265835  17.29515237 462.31584078]
 [181.84049675 659.09237648 151.90626464 374.08925255]
 [ 32.108637   571.51612331 137.79352382 208.57233781]
 [339.52046871 699.90442242 652.20151626 563.70473856]
 [302.92377525 549.70339565 128.35059576 783.38134802]
 [506.06715876 739.70717292 631.62900359  99.78403735]
 [507.18136521 205.09010016 634.62044277 412.22735845]]","[0.9047161  0.67820952 0.33926367 0.45054952 0.55908413 0.37347999
 0.05859852 0.65025549 0.39723033 0.95788423]",280,2025-03-03T22:43:15.590680
34,0.8210968087861493,"[[683.09915981  51.1222893  145.57322368 323.25556154]
 [ 53.29092994 653.89680952 541.93783795   8.07918623]
 [673.84576701 553.20617526 524.26238343 666.0563838 ]
 [108.32679097  80.88224357 774.53987691 367.14386867]
 [209.43878591 213.51956708 229.87590985 325.75360436]
 [231.41160135 272.6137771  284.00058997 330.68619262]
 [457.75120738 444.76003674 618.14393117 405.93651188]
 [  8.6722373  521.60741027  65.37657432 677.96744857]
 [655.27463475 625.01964634 182.5012588  488.85382152]
 [660.37001809 265.26359195 587.66562531 479.39006825]]","[0.20797151 0.38685109 0.20223058 0.50561729 0.13324682 0.52749453
 0.01762857 0.84434637 0.91873125 0.81604456]",281,2025-03-03T22:43:15.604693
34,0.889650419476947,"[[ 78.25010267 621.79742343 705.75163629 306.89704413]
 [ 47.28880209  41.98418467 624.96177379  90.31986229]
 [253.12535676  38.44925847 309.52512503 605.82240962]
 [322.68725498 549.91563373 297.0736558  323.81085512]
 [638.00440457 598.58420784 370.39982722 431.30068105]
 [704.30654858  96.66145133 485.08101259 333.83002933]
 [317.97524957 535.73379522 717.59705225 706.97221102]
 [655.54234031 592.21601685 430.56885954 238.82722319]
 [485.62508438 617.32150376 501.55558081 608.177394  ]
 [519.83749779 536.55735884 617.75383491  94.78159696]]","[0.52920805 0.97094247 0.38139479 0.16847493 0.61196603 0.02482266
 0.9255295  0.04546334 0.44729276 0.11086687]",282,2025-03-03T22:43:15.618786
49,0.9436861982358783,"[[120.18551358 213.02850835 603.86232259 614.15171395]
 [333.43169905 267.15495365 673.48818727 302.68577071]
 [ 26.87575184 201.0868038  691.46789498 798.09141573]
 [686.23825456 507.50046278 476.31101046 317.55004141]
 [313.23364474 140.1904681  109.70711373 365.69106607]
 [243.1780414  391.48260186 597.35020573 533.20039997]
 [254.47824366 277.00036969 200.44110615 744.99481319]
 [457.09526496 180.0687801  396.26744983 249.9524064 ]
 [446.7751556  798.50241166 701.88929432 658.84864203]
 [607.2225195   28.60254777 122.63851939  67.53116613]]","[0.7725588  0.70288369 0.5913554  0.18756001 0.35419387 0.02513371
 0.91873251 0.09038878 0.81090992 0.40212507]",283,2025-03-03T22:43:15.631611
25,0.9244906064093885,"[[449.74413362 772.34248806 437.21942644 408.44816224]
 [161.91855093 452.40560194  81.70395798 701.79541618]
 [152.00667882 595.63926364 607.28322329 629.13284463]
 [ 61.16650114 331.59474245 688.09949753  99.47130852]
 [257.90059746 606.80815901 645.5503293  147.4099324 ]
 [ 38.20500717 224.56910317 262.19214914 200.75923762]
 [309.01324928 762.70541697 627.72922174  72.35960594]
 [442.47925401 125.05870545  35.71666333 535.16661087]
 [782.52543807 652.3720617  445.44120479 312.25270118]
 [297.16132373 633.62911161 627.71633378 363.72257347]]","[0.00358732 0.63589962 0.10918075 0.79696627 0.0718017  0.74325223
 0.74045237 0.17648228 0.09614744 0.43531733]",284,2025-03-03T22:43:15.644609
12,0.8326353918275504,"[[755.37110863 742.06660599  23.43667374 609.0667743 ]
 [188.88394171 168.78902789 616.23753911 157.82776526]
 [396.44820449 617.28425133 713.60451194 164.13234848]
 [  1.96965837 528.93338526  33.94088888 172.80744395]
 [ 52.65422011 160.68568256 718.8944497  695.44368553]
 [563.9383345  246.92067682 424.15081482 560.18608121]
 [525.89262067 669.6832895  338.874735   740.66877903]
 [ 14.63115727 356.88768496 637.99540669 467.93947672]
 [559.74428832 528.87690876 420.50712628  47.15360626]
 [446.14251932 474.66874309 649.46397196 464.64791213]]","[0.59174922 0.55015874 0.65649584 0.79241548 0.13880183 0.94329398
 0.47880614 0.64096813 0.65595017 0.90575485]",285,2025-03-03T22:43:15.657607
29,0.8231045208186788,"[[2.61914429e+02 6.36020420e+02 1.51484532e+02 7.73357059e+02]
 [3.64032599e+02 6.30029863e+02 7.54121864e+02 6.97337704e+02]
 [5.34797845e+02 3.80045023e+02 2.60643281e+02 5.84192930e+02]
 [3.67247556e+02 7.45335895e+02 5.78688813e+02 5.96794604e+02]
 [6.65475254e+02 6.62061180e+02 7.18900898e+02 6.72102261e+02]
 [7.71221282e+01 3.44301934e-01 1.93808477e+02 4.03288071e+02]
 [1.17637385e+02 7.26827832e+02 6.07724310e-01 4.46631898e+02]
 [6.27732733e+02 8.55241618e+00 7.92910216e+02 6.73052552e+02]
 [3.69798807e+02 3.70376647e+02 4.07884513e+02 6.48248132e+01]
 [1.96422515e+01 3.40881638e+02 3.12957677e+02 3.42372736e+02]]","[0.96683753 0.87820935 0.68690703 0.89878397 0.24371916 0.68922161
 0.00805532 0.67025854 0.58589598 0.70225279]",286,2025-03-03T22:43:15.670618
21,0.8269521770979584,"[[527.57818584 239.22489894 637.99818596 143.40116479]
 [151.82380355 508.6646019  219.05914343 778.75164597]
 [783.34320433 170.82414243 796.47544785 780.92656138]
 [ 97.68455974 708.00442704 581.92523706 555.52211839]
 [102.17634358 710.80526353  78.48601546 466.21913151]
 [253.83947454 549.10883416 388.63061976 403.14151649]
 [665.51552107 781.89847994 386.99967227 242.29947496]
 [482.70593506  84.57137047 473.51879943 290.55209472]
 [377.99348453  29.70770023 290.15026864 731.45936106]
 [400.50458259 564.67028511 452.21006056  72.12215401]]","[0.16616025 0.56426074 0.56142702 0.56763315 0.74655263 0.687798
 0.6672119  0.81690157 0.88794922 0.43040497]",287,2025-03-03T22:43:15.683662
30,0.8435065731131821,"[[325.66604442 698.87581852 336.07000825 653.72693163]
 [ 78.28941573 452.6396819  690.48439016  70.75687129]
 [ 50.03015933 718.05689744 647.70688401 762.74763114]
 [735.0636319  366.77418905 646.67314894 769.68459529]
 [450.86398933 256.64518376 593.71247342 797.21895007]
 [202.02274816 426.54897479 280.69159855 560.37174035]
 [582.34038585 666.57477494 593.24309017 227.28513097]
 [163.67824659 382.55635355  51.36562806  31.34857288]
 [ 75.55432794 543.80866338 663.11841771 769.73617524]
 [ 47.50049713 356.51208504 445.00147668 691.89665424]]","[0.44599101 0.00827915 0.67114996 0.1739803  0.44607281 0.26695221
 0.23232858 0.10385723 0.20073607 0.51932477]",288,2025-03-03T22:43:15.696962
44,0.8600731385839415,"[[766.70363262 458.68667928 599.35019388 116.00327235]
 [724.02122814 239.02386528 146.57730726 506.04719212]
 [702.37265985 404.49487789 494.81608622 243.97255314]
 [240.10147557 463.57637076 521.93887858 362.52777632]
 [658.01509467 457.94292558 657.8549374  433.17777286]
 [ 93.32613083 656.90058181 526.04878762 577.21339089]
 [ 97.77036327  17.07168021 363.8103356   28.3185014 ]
 [708.63680795   4.74360889 788.38650051 198.92401504]
 [283.01489731 401.85839911 248.03721066 613.45828529]
 [719.15310536 737.47526963 253.79684149 354.65442533]]","[0.23492637 0.05159297 0.96640629 0.94492942 0.79766806 0.45231885
 0.39738915 0.91380343 0.44867891 0.26452355]",289,2025-03-03T22:43:15.710071
46,0.9442692020337254,"[[332.25674783 339.08186022 427.73592269 383.59084032]
 [404.41802299  97.01183175  18.00553085 384.76554503]
 [152.76382546 191.24182044  93.80613314 380.72791541]
 [684.58775258 216.337565   201.47320703 674.33909675]
 [444.22978244 302.61256267 547.96593484  92.34997614]
 [479.26317476 633.07122898  57.17815564 362.31175881]
 [214.98974937 155.20654549 523.48350472 522.62225281]
 [604.65535924 588.75343729 683.2894287  194.65192365]
 [366.8773841  232.5058419  349.14237313 319.69308671]
 [568.34421274 432.34681918 792.04430464 718.22923758]]","[0.50848714 0.44499691 0.80638926 0.45086761 0.52756686 0.37513137
 0.04738543 0.35401857 0.15813114 0.57724261]",290,2025-03-03T22:43:15.723091
29,0.8807870415513027,"[[358.17908002 251.89989668 163.30412955 106.67256276]
 [193.60185601 650.70491312 638.04069268 252.1733102 ]
 [133.93219973 313.35135839 477.71232113 496.55005501]
 [187.69313881 431.15335001 780.54647393  48.17922359]
 [431.71440476  87.48234849 476.24899707 573.29989002]
 [486.00190072 450.05722415 238.43878616 160.88968001]
 [359.02846811 341.97865681 791.85093257 320.96969647]
 [486.18496401 665.7924153  601.73120592 540.74609968]
 [206.62892689 496.17238848 450.53126298 409.27383862]
 [695.10186655 244.8490183  345.53551336 739.48632996]]","[0.21867739 0.91324704 0.46879065 0.85528437 0.05431338 0.74467869
 0.25485342 0.17604151 0.06462867 0.35364833]",291,2025-03-03T22:43:15.736839
28,0.8536586314707976,"[[368.45697436 149.72934226 108.27814195 479.75625579]
 [429.99841199  72.50605243 794.68646668 123.76726959]
 [282.97082785 419.77407604  48.09144677 425.77671642]
 [ 23.29511926 530.55483256 731.82602196 736.83332861]
 [411.90404512 358.83533014 408.93920308 383.30363172]
 [454.33166707 227.17532403 230.95021313 627.8243722 ]
 [498.55120047 618.31802303 335.15771682 430.94421973]
 [276.75226671 430.88504086 798.60141714 604.88734115]
 [588.42960737 290.31079224 313.89212698 647.28551728]
 [154.54619698 319.38760455 568.67549936 641.13735697]]","[0.21530552 0.61744923 0.3584704  0.86862949 0.92498847 0.24192519
 0.09899186 0.58291877 0.10679357 0.31746754]",292,2025-03-03T22:43:15.749838
37,0.8729848699332254,"[[408.21936611 152.64301287 141.51313245 118.71047435]
 [622.95700504 283.71679505 768.08851129 658.75797847]
 [301.13949379 331.63910769  36.84839146 676.22034755]
 [ 38.31485656  41.4607949  218.94175762  46.62211956]
 [ 50.58421289  90.18821652  29.37041098 345.96916433]
 [713.81263661 229.94855229 225.61037878 354.07974204]
 [794.01758843 644.71759793 265.2964073  624.54078854]
 [714.95796047 776.45437026 323.42541504 192.0822311 ]
 [745.10248712  90.52627708 641.31022125  85.32698388]
 [437.91212971 661.61916202 694.9442619  369.59593035]]","[0.4677726  0.68189098 0.97334756 0.6335451  0.61504847 0.45720307
 0.77141212 0.86306474 0.67441921 0.80208112]",293,2025-03-03T22:43:15.762838
44,0.8504404090710267,"[[612.24092488 225.00004463 439.68726024 259.46210933]
 [421.37141428 252.06264726 418.83278505 346.04500256]
 [ 61.20826179 542.14932011 764.79682295 562.86305866]
 [716.42943827 282.4565973  637.184012   272.31477514]
 [482.05165852 173.23899188 689.2787044  330.3267366 ]
 [598.27568975 617.12118584 580.05762321 501.17053853]
 [481.71065601 278.49825944 516.06061327 294.04115792]
 [328.28163777 551.07546051 480.38187219 694.74687023]
 [783.3210764  164.2712168  242.79789481 441.53604552]
 [780.1926627  669.89620757 676.69663279 119.96189095]]","[0.18401463 0.60767524 0.05894426 0.39997932 0.43135294 0.33938402
 0.10347417 0.61286167 0.49370706 0.90832267]",294,2025-03-03T22:43:15.776850
48,0.9428933104006009,"[[219.24491884 508.30446311 284.86342418 128.83891172]
 [217.9003825  677.42956072  10.76236337 462.97661057]
 [282.60508243 431.25232095 217.61847711 673.09294833]
 [689.7747231    5.67299565  58.17370838 210.90376396]
 [293.28908235 634.27812057 619.1839719  260.34064442]
 [729.25943122 277.80191435 481.62584096 444.47271241]
 [323.24471041 270.8375657   33.50306791 101.65933308]
 [734.51259764 501.96408926 541.55860449 438.1989183 ]
 [562.06325743  35.18285389 464.11515808 410.63447666]
 [457.71910202 536.28765888 103.52045038 154.35317437]]","[0.59380791 0.95228246 0.0176142  0.65411459 0.33960899 0.38287386
 0.89555509 0.31782218 0.70556686 0.21036852]",295,2025-03-03T22:43:15.789900
12,0.8034888108701361,"[[532.35886488  61.87140801 454.74621591 152.41213686]
 [ 37.14406059 368.0181874   27.50618151 431.68826178]
 [432.96914838 760.13311802 734.95770153 269.84666526]
 [754.55907642  95.04715878 117.48428534 567.22658028]
 [377.68735208 660.80064278 205.38854213 368.07844849]
 [139.37334068 161.67927804 196.38678642 119.41651015]
 [744.23139172 205.90869464 161.18669513 634.78832485]
 [610.44486521 668.86910394 117.3378716  602.56290064]
 [137.08630744 524.11861227 648.07479514 211.71688551]
 [ 35.78557725 155.41632884 768.39382603 359.34259594]]","[0.55679999 0.45694088 0.84333927 0.96455384 0.13131612 0.66521754
 0.94659984 0.6173366  0.41612406 0.07749341]",296,2025-03-03T22:43:15.801536
40,0.8216718157795202,"[[226.72464342 575.50647487 754.85749822 734.13173842]
 [375.24898335 602.7912879  309.68270796 748.16998615]
 [684.69527845 722.85747532 771.37475702 685.740637  ]
 [685.39359268 577.85732133 432.28483728 335.27329295]
 [653.03655788 245.47584489 318.59912442 783.51225499]
 [498.47578158  24.56827118 626.45341982 657.74498813]
 [118.83671058  64.19271894 300.43020516 219.88461394]
 [296.78159223 271.29334179 733.0679624  131.93385089]
 [ 37.2397788  411.93545553 191.94297385 791.17368885]
 [619.13463112 194.67262473  59.10484312 724.0251494 ]]","[0.30708156 0.73506782 0.18893666 0.09363397 0.85541814 0.53716873
 0.62931405 0.00620636 0.08713011 0.6138657 ]",297,2025-03-03T22:43:15.815070
42,0.8332175637160386,"[[ 46.61380028 268.85983882 743.23847476 141.78388667]
 [763.1013728  747.42857193 757.7426822  187.54180895]
 [ 19.33089983  48.8956931  676.81759555 733.88286706]
 [620.57377937 347.72693362  97.04145154 795.63026434]
 [487.06431951 625.74094113 300.74425272 307.52538968]
 [547.89127092 257.2988361   73.33318249 698.05606852]
 [550.94903718 370.76071391 258.11897476 419.46595123]
 [345.02613582 238.29307381 549.02952644 157.56702585]
 [515.91889501 301.34588832 336.82618918 350.12243903]
 [123.36212797 782.63105326 483.14751169  71.58059815]]","[0.70108005 0.38690068 0.42315888 0.51269278 0.88679179 0.38182816
 0.41875212 0.58238693 0.14904203 0.36602482]",298,2025-03-03T22:43:15.826909
38,0.8421641207323954,"[[712.81670596 686.06968285 320.08217025 519.46567621]
 [253.9594733  206.77349887 131.99639995 755.95743681]
 [555.95660238  72.53182375 310.55636859 197.4221634 ]
 [704.34430005 224.64290022 174.32939053 527.29759857]
 [124.97147    209.62349868 267.86913869 146.41154983]
 [527.92338924 248.55619548 543.53714653 167.56947005]
 [230.86500924 150.76258885  37.01083001 387.27799549]
 [526.33645179 203.84894033 572.49845874 684.96444329]
 [434.99946509 138.09502526 727.84077313 755.75736392]
 [333.80971378  39.99942906 441.58638867 360.91159823]]","[0.44642977 0.65885265 0.52868853 0.34666145 0.95151064 0.23145021
 0.82775716 0.53559437 0.21056893 0.77827614]",299,2025-03-03T22:43:15.840627
47,0.9368057073799108,"[[6.22839241e+02 6.28617232e+02 4.51973536e-01 4.15295691e+02]
 [2.61515907e+02 7.27290149e+02 1.00437930e+02 5.43862369e+02]
 [4.88606037e+01 7.34157181e+02 4.62581358e+02 2.91690031e+02]
 [6.27635609e+02 4.86670756e+02 6.95260109e+02 2.80003091e+02]
 [4.79113106e+02 3.81966201e+02 2.47445766e+02 3.17138674e+02]
 [1.43547573e+02 2.04436001e+02 3.67930326e+01 3.50253436e+02]
 [8.64461992e+01 4.52211860e+02 1.42738498e+02 5.40079514e+02]
 [7.57134298e+02 7.24225538e+02 2.59848695e+02 4.35240970e+02]
 [2.57617954e+02 1.58512855e+02 3.31461280e+01 5.81193278e+02]
 [3.44072326e+02 2.46125049e+02 2.25386565e+02 1.80174676e+02]]","[0.27276333 0.51630842 0.141      0.42952075 0.05811764 0.11399354
 0.26951007 0.81914211 0.28923776 0.44469134]",300,2025-03-03T22:43:15.854627
45,0.8520544072728207,"[[531.74680007 427.57695572 594.26159797 196.98633552]
 [466.38903676  49.73148772 555.81630005 778.11643738]
 [607.10203214 747.87566536 344.90617536 577.09645075]
 [ 97.45824843  23.69480995 103.39362858 363.17007126]
 [181.14577473 354.39331267 524.80793157 219.04642422]
 [505.97667122 269.53599642 423.69232901 393.74577836]
 [371.84183149 289.42791886  47.17327684 148.73651459]
 [ 10.07035849 793.01478484 170.4611853  392.64518169]
 [567.30028766 324.88606477 572.90130576 645.20235729]
 [639.1688288  513.40763812 500.95229643 338.20440944]]","[0.99417768 0.85888069 0.77568509 0.9321452  0.95094482 0.15058644
 0.23493821 0.86490107 0.60938494 0.43507235]",301,2025-03-03T22:43:15.868640
47,0.9163539308684295,"[[786.02996681 426.73998304 679.19794937 608.08583581]
 [420.40369256 146.37625734 535.60710726 598.70802662]
 [199.14801831 638.25214409 347.12613734 269.08805414]
 [551.71982546 563.34297477 563.92467455 532.1470765 ]
 [312.68779543 565.01341224 500.08451759 258.66279638]
 [787.08524486 746.50985679 487.29933442 671.51692217]
 [744.49333816  59.40126703  86.19186652 183.72975424]
 [537.4309948  145.25319838  62.05547719   9.51731213]
 [118.45545738 473.63836773 169.66146137 376.76785397]
 [ 65.17056066 475.68736228 172.4484501  482.04824727]]","[0.27846261 0.70961922 0.58908978 0.01465891 0.52753395 0.9226051
 0.6390342  0.89805447 0.33015997 0.94258702]",302,2025-03-03T22:43:15.881154
42,0.8261264015172932,"[[712.21350618 527.96245429  63.1419035  593.78530039]
 [198.69986363 283.01877369 106.93702871 353.71621952]
 [278.55092769 342.39568106 626.7797702  290.07356892]
 [535.21058225 319.03211285 665.83156883 781.47672078]
 [716.38290567 164.3246021  734.49626624 109.50879952]
 [698.84558437 711.71383535 358.52571146  34.43320965]
 [302.23125196 784.05795236 345.7051481  481.58630063]
 [473.37233013 553.56189465 478.53901027 783.22813179]
 [ 70.27723698 491.27022079 418.76969882 186.51280159]
 [412.84066155 180.85977173  94.66720615 296.40526891]]","[0.35784543 0.82571231 0.13714213 0.81865817 0.17744687 0.5468951
 0.18463523 0.48710154 0.53032276 0.67900915]",303,2025-03-03T22:43:15.894169
21,0.8733022580926817,"[[359.48733792 240.36772915 229.38566836 113.46480456]
 [338.48137132 397.6567787   28.63497916  31.00587478]
 [ 22.02871619 353.13073275 573.57535029 149.51314917]
 [116.50877463 209.58724414 760.68501599 314.1552429 ]
 [537.24222066 226.55885574 481.54130077 676.6871382 ]
 [599.71174372 478.61162389 781.7548819   17.92175611]
 [750.37590962 666.64976541 680.6303757  543.19938597]
 [622.26135049 246.18744384 303.74348023 126.1690741 ]
 [547.48208429  36.58464216 273.323458   688.00439509]
 [540.55069147 724.92935174 398.4665843  400.79804005]]","[0.89643451 0.26962731 0.84976426 0.15544024 0.01046733 0.30920152
 0.89136437 0.27683525 0.48906849 0.76091301]",304,2025-03-03T22:43:15.907259
12,0.8453015553587866,"[[434.51282284 564.7947006  546.63287506 120.75138576]
 [210.22543024 267.11440417  31.91742119 483.68779784]
 [217.39178911 690.46528673  26.54856065 518.23794357]
 [ 80.40269995 174.91378605 179.85235351 664.21746587]
 [501.85406061 279.26428953 709.63593348 399.37070263]
 [204.72168916 125.5053038  504.62529659 767.54717886]
 [743.98779723 220.4480479  738.96532983  62.33120966]
 [163.42433394  93.21824065 300.99250282 266.86681367]
 [646.32935627 486.49998622 487.01349384 385.53921024]
 [257.94822938 223.91766098 362.36901801 660.3894551 ]]","[0.59068675 0.66715058 0.64372632 0.9540664  0.21964515 0.98198453
 0.5510315  0.30290359 0.42280115 0.94862585]",305,2025-03-03T22:43:15.918794
23,0.867271770141618,"[[ 74.71251911 538.65856654 261.2688859  772.18021736]
 [494.59268545 402.87372946  90.72598268 261.8459193 ]
 [588.05232678 486.14866922 628.9944646  131.75170469]
 [492.9835885  172.34086621 182.93741371 294.32833406]
 [724.90381217  90.66640974 482.82305918  34.79265507]
 [ 96.27421218 495.25090654 262.53501187 586.74484194]
 [177.48816539 492.73246231 186.52228578  77.76248337]
 [532.9248502  631.91597699 745.17726162 309.06517929]
 [782.20136342 257.18095328 438.82449521 352.6808373 ]
 [336.52982595 320.83533203 372.18503131  82.65626329]]","[0.93126643 0.83147901 0.01906275 0.35857417 0.11859748 0.401719
 0.61251696 0.03701972 0.0902449  0.51427769]",306,2025-03-03T22:43:15.929822
10,0.8323052289229251,"[[ 33.02250538 743.54957149 166.73140243  18.43513086]
 [525.17588719 687.20615452  53.08141684 647.05378264]
 [542.79939271 752.55065118   9.7615281  139.25811908]
 [151.48092241   0.82077487 519.28878612 426.04057697]
 [523.83650038 490.37371734 508.33899774 684.98938234]
 [733.03109241 392.76360413 464.21401937 732.12939425]
 [582.88143639 289.79600398 701.56230619 252.49247911]
 [794.85740454 759.75490968 104.62171929 138.53626929]
 [309.91366739 273.42965344 215.86331991  72.57358492]
 [542.03947755 741.38448298 388.60917197 555.37910763]]","[0.72421959 0.38748514 0.76876894 0.41291436 0.30717614 0.93829377
 0.02302492 0.72358555 0.06331193 0.89624234]",307,2025-03-03T22:43:15.942328
22,0.8742447379438671,"[[ 67.75160256 554.31467961 263.03761361 127.67887363]
 [200.03877411 483.41219608 653.99231058 619.41169208]
 [548.07244939 782.51593895 660.8183272  502.94621363]
 [189.06032449 577.53644956 161.05816969 667.86287743]
 [519.36328949 443.20446674 304.24954712  73.18992987]
 [755.32223778  88.5550761  787.46618486 713.72691649]
 [257.16593847  68.77932536 169.35762414 116.53223471]
 [233.43806491 173.35256084 654.32795898  72.82737873]
 [103.51933464 555.64408214  61.62057677 308.16430513]
 [125.72878905 421.31979731 116.70301836 612.42208405]]","[0.22327446 0.90766589 0.0716311  0.66682667 0.04122263 0.38330045
 0.35004644 0.62711627 0.55735497 0.90957648]",308,2025-03-03T22:43:15.955549
31,0.8563273457294432,"[[ 32.06921483 217.5726248   37.15124714 672.83203747]
 [148.29052035 794.89705384 506.04817748 512.72932021]
 [196.40134608 475.77830319 659.6599145  459.44792388]
 [ 68.93818588 698.78086993 261.86288388 512.73247778]
 [ 87.92473158 709.90616693 686.83871821 585.51938155]
 [755.90670055 431.6690093  149.69783097 720.9153927 ]
 [165.41735306 565.23220928 271.8114721  463.781987  ]
 [466.26999089 257.09321938 244.68279798 729.19424239]
 [ 94.91890164 502.17945429 156.89896109 503.34570768]
 [731.3038453  708.7565244  777.15675591 239.72667261]]","[0.79357684 0.13885755 0.86573329 0.22077248 0.16112851 0.62278697
 0.07069662 0.54655386 0.06341952 0.11656957]",309,2025-03-03T22:43:15.967192
17,0.8851145053791749,"[[ 62.80184232 233.54503307 240.50026696 771.70014921]
 [408.6948667  682.70459817 628.09390095 605.14590581]
 [308.53104219 644.36561755 309.56741734 105.1567899 ]
 [543.79425657 609.00292233 514.71436319 181.59536979]
 [699.76920856 446.14092268 354.65874395 524.13754673]
 [578.61139281 205.59382866 288.3054734    2.52947898]
 [503.37321369 463.88582175 550.53423971 103.49893725]
 [786.81012895 646.71685106 501.95413296 761.96855521]
 [354.0920844  636.7196039  795.34902748 460.39704048]
 [200.66641582 452.64065307 202.38349259 420.66635728]]","[0.14698553 0.41680301 0.06412118 0.94984836 0.51513267 0.83975772
 0.46024075 0.61565419 0.02917292 0.93348999]",310,2025-03-03T22:43:15.979408
47,0.8709810155746249,"[[490.65631017 364.87338392 312.80743818 624.78747772]
 [184.26453475 405.11367789 467.91084742 617.85387312]
 [711.70825843 485.49259918  87.6508503  542.26222039]
 [207.40351579 784.48303901 289.25716118 154.36047645]
 [608.36087537 296.41926043 654.78942384 589.56518427]
 [108.80800047 116.75843118 460.51658196 201.36084725]
 [259.13897913 608.60180352  71.43409505 342.56790642]
 [669.38097966 614.94862811 740.36369622 521.25937648]
 [ 11.30866899 573.1382505  501.63650908 500.66907177]
 [416.78906595 662.59250791 135.25455461 238.61582664]]","[0.81369153 0.19886734 0.54904161 0.94962285 0.47175926 0.91704668
 0.28917249 0.37942606 0.37378528 0.25600802]",311,2025-03-03T22:43:15.992522
28,0.8024484847556608,"[[265.63822858 460.96409906 652.01642883 114.13624968]
 [748.28230592 352.817944   342.92921729 779.98989015]
 [326.32592745 150.71488437  16.3206618  174.60493927]
 [767.60120722  21.40399007 758.08430987 561.3612676 ]
 [586.77715665 480.73969607 142.82213738 223.1362229 ]
 [779.57464679 614.16138648  57.70512376 560.24051629]
 [318.75395891  93.0658436  152.25362822  91.66490488]
 [ 45.01940937 542.31022724 659.69910935 263.37337723]
 [ 52.33604423 147.23354082 713.60933606 417.1226521 ]
 [343.14666067 671.39115471 236.0182229  202.49484294]]","[0.86897907 0.67177574 0.44535428 0.30011155 0.07622731 0.69462937
 0.33573712 0.49610041 0.3078994  0.77233109]",312,2025-03-03T22:43:16.006533
45,0.9116861419996599,"[[ 17.15989429 298.2312949   12.73311914 283.38829292]
 [185.77851655  91.76865021  76.41980606  16.94233101]
 [320.1735702  678.27712074 743.30732089 783.37071462]
 [387.48939926 261.05984793 296.12477775 596.4118434 ]
 [240.49920747  34.85105628 554.08911885 266.62716646]
 [356.33867316 648.13144534 158.75771134  80.62170521]
 [351.58133846 204.37102306 456.52284549 178.64254256]
 [147.30287718 548.7368782  140.73567175 363.74601643]
 [627.87915388 449.66550962 338.26044439 127.16084918]
 [271.17571146 586.28253253 239.51043285 789.57532383]]","[0.50179474 0.88604623 0.41859721 0.1181132  0.64668661 0.35799105
 0.06921705 0.94236724 0.60156933 0.38798027]",313,2025-03-03T22:43:16.018064
30,0.8887337876571854,"[[632.68394025 690.82285143 378.50695801 429.6799087 ]
 [746.50693414 638.60921364  36.07164732 202.37903986]
 [ 21.23201218 699.05419533  80.79189493 511.82575795]
 [447.5309118  518.4409287  599.09912029  19.95952041]
 [467.51522173 276.13475289 575.0087487  323.60528612]
 [548.23850344 724.78327264 126.85419007 448.74796988]
 [274.0343377  270.92528932 525.62174551 122.13345229]
 [155.39378374   6.48092915 677.2846994  648.92644494]
 [539.70115801 165.91104379 588.14957438 717.60676167]
 [783.72733325 478.65600901 181.25273673 607.09418397]]","[0.30191425 0.09908498 0.16893741 0.31755775 0.9330345  0.57889136
 0.31824239 0.13103555 0.60921178 0.33194031]",314,2025-03-03T22:43:16.031587
17,0.9251796361642348,"[[184.09632766 252.34596494  40.91126973 362.5581728 ]
 [ 50.66258779 377.23375547 430.69563804 294.14734324]
 [208.32117639 129.270201   597.68440303 681.46138815]
 [666.21673177  33.31119376   2.03062386 232.79880241]
 [618.28998164 434.61533211 201.40928225 384.14925513]
 [551.90666224 188.67556399 686.30768543 367.9805913 ]
 [758.44070146 711.17800842 128.62137719 108.25154363]
 [567.64808874 322.31929132 146.24930951 321.98896431]
 [413.27116078 481.70979691  45.75618263  20.11124386]
 [119.50604169 733.35663139   1.36435573 326.4738804 ]]","[0.40350225 0.80605529 0.88560401 0.10154463 0.7480534  0.77536935
 0.53916621 0.66530368 0.12508401 0.74604881]",315,2025-03-03T22:43:16.045811
50,0.9344837495718669,"[[233.79856924 216.11083339 104.56537225 617.56580949]
 [754.5298743  187.20521473 644.47195457 136.35914236]
 [308.01079569 499.4066606  515.51074175 720.42629266]
 [266.61750137 212.39113937 373.94437859 442.89628098]
 [172.77356517 679.3129745  332.38705086 776.52881359]
 [291.68032389 341.93025717  48.29233478 722.04393746]
 [409.43967805 316.50995149 482.46604414 110.523637  ]
 [740.66111103 425.19552628 116.87761373 196.69001705]
 [228.61084462 696.4994167  159.58238185 411.03719758]
 [204.21286587 229.23190944  74.37522129 521.05718243]]","[0.80187463 0.48253035 0.53504152 0.23477139 0.64619538 0.877411
 0.397576   0.49027687 0.71829493 0.25622756]",316,2025-03-03T22:43:16.058810
16,0.9356041270069096,"[[264.33373765 507.04119453 738.31987738 782.78203886]
 [ 75.55967255 281.50098105 327.51646152 403.750125  ]
 [451.31162445 575.61377976 337.1918822  549.57833049]
 [ 71.76868127 463.77569554  52.28222343 628.26388237]
 [712.07756014  86.66867379 387.87094872 145.83044574]
 [180.38495977 729.0674182  462.48661445 597.045832  ]
 [746.79502652 486.82397624  32.23140842 672.60949953]
 [515.98488851 634.04909862 420.12236389 306.67803551]
 [719.95182619  10.57970125 659.36348268 663.58349953]
 [499.90373721 157.79320022  78.26491152 555.41541951]]","[0.78099349 0.29961926 0.2116809  0.29479275 0.07589243 0.19801206
 0.01563706 0.35404981 0.97920583 0.59109612]",317,2025-03-03T22:43:16.071952
44,0.8842873450763945,"[[332.07142776 208.14803602 568.8476213  181.62745624]
 [361.29237685 351.52970191 366.03375891 573.79622269]
 [688.43614524 300.19747642 462.78091948 574.90772273]
 [142.81006353 319.71072204 264.72397083 151.71741077]
 [518.88948282 775.6977937   62.90031736 606.13530409]
 [586.64312474 119.75131007 190.5007332   96.95420492]
 [112.19103267 671.3241721   38.26449875 607.55202415]
 [ 13.79137866 228.87388161 702.49820365 500.11356763]
 [389.37890111 374.59053175 204.52190464 121.64689155]
 [157.69002026 562.09860361 684.7359504  519.12480778]]","[0.92964094 0.87766034 0.12955205 0.9540481  0.86259052 0.03676473
 0.19950846 0.8749245  0.47151911 0.07752295]",318,2025-03-03T22:43:16.086280
24,0.9330168311310961,"[[702.77089002 204.45740514 661.26898245 342.20821596]
 [ 28.05253208 380.06826142 166.38667674 385.88796914]
 [659.78575763 518.31583338 118.82076972 675.85024596]
 [743.98005422  49.46332078 405.31570767 431.8281269 ]
 [146.45290535 217.11427858 624.86355031 683.11729902]
 [114.63843563 246.79517197 798.84075376 658.52575544]
 [148.08200979 632.55913876 464.8371367  290.50458994]
 [701.34738819  35.81473871  14.62048391 481.15724947]
 [596.10780017  61.83180015 669.23444398 536.40217597]
 [461.12964954 304.43982388  29.65339041 109.16330668]]","[0.98102533 0.37372985 0.51613039 0.58462387 0.94958423 0.22041536
 0.35789175 0.58406953 0.01831819 0.89591867]",319,2025-03-03T22:43:16.101293
10,0.9325187453592189,"[[343.59022509 739.39959199 716.16685057 497.24696344]
 [278.15280299 361.53039058 550.5567494  683.30612299]
 [788.90571009 708.32855643  32.78577444 345.60755825]
 [558.1097704  494.3818819  182.62189434 154.69202761]
 [586.86147156 621.19194945 386.35978628 397.78993701]
 [750.38906067 702.1658513  754.06845141 651.81611907]
 [396.26416819 126.06657242 647.66956082 167.30660172]
 [746.45577813 134.9304114   19.78863667  53.28321016]
 [109.91138233 367.35626703 753.55994506 276.11160946]
 [627.56744276 228.85289655 740.50686983 597.56675233]]","[0.37869374 0.45846213 0.04869265 0.1371367  0.54854246 0.18517965
 0.40695075 0.52115272 0.3496434  0.73397554]",320,2025-03-03T22:43:16.117515
47,0.9061741009992601,"[[ 29.39672425 500.91559134 373.04347601 356.10074944]
 [405.77697259 224.23411475 436.82662213 299.91636791]
 [332.47278411 457.95111426 383.72752678 178.0024777 ]
 [659.01501574 687.87334034 298.08472219 652.41661879]
 [606.43746    427.34517088 493.62315973 554.84751603]
 [784.93816372 638.49665703 647.51636451 790.61570003]
 [429.33377967 382.2423343  573.63619424 184.60777458]
 [449.61748028  42.10851277 713.98909843 406.68022443]
 [753.58023382 311.23652517 442.98211691 102.5313747 ]
 [659.03085484 739.62718416 696.65472347 598.97496247]]","[0.75567972 0.14349063 0.5034531  0.34189599 0.49992252 0.65032972
 0.72789109 0.15022406 0.2163311  0.32554953]",321,2025-03-03T22:43:16.133048
39,0.8824490381268294,"[[743.07768927 329.65961549 138.34708129 530.45135114]
 [431.5984853  191.84492901   1.22144824 221.9525857 ]
 [218.20128554 684.84349563 330.54379753 653.56922358]
 [141.53909734 148.31880104 472.38816163 317.55824094]
 [224.78624954 108.8103114  474.31350468 154.59485818]
 [230.41865794   3.24987848 291.17267997  92.90115837]
 [ 57.33433297  62.39846088 460.64419589 529.39105181]
 [488.78485058 322.75394086 200.85561931 725.25780051]
 [792.73366815   1.5390818  359.79716233 786.61206523]
 [677.81942694 627.25604899 601.6137398  378.11928735]]","[0.52300533 0.73222728 0.02521866 0.47382335 0.37746842 0.91448342
 0.17246192 0.89157655 0.25368389 0.114471  ]",322,2025-03-03T22:43:16.144726
28,0.8374074266899042,"[[783.12347082 743.02118003 557.02422468 584.48550981]
 [ 81.38545381 183.78297967 537.74900954  77.52981912]
 [464.87672453 521.48724639 405.66774442 323.67438028]
 [745.95041642 245.53865318 775.7737873  496.01843381]
 [281.06822133 732.61824445 699.59203031 515.07480237]
 [268.74382867   3.99933486  15.81659855 711.25087262]
 [601.895284   523.27705739 388.4271917  392.27595681]
 [380.31443723 328.93157504 712.41321154 259.22663275]
 [534.98701081 100.64257088 382.57987894 130.43837952]
 [600.10385255 496.05770352 785.00289541 471.24520813]]","[0.57927829 0.55919623 0.49745497 0.43922584 0.98420483 0.99079776
 0.28249474 0.56999148 0.9270428  0.31392693]",323,2025-03-03T22:43:16.157728
24,0.932309268179668,"[[359.84858905 780.22719395  74.13295183  57.87544181]
 [468.34899336 724.01709248 373.01484116 279.47341504]
 [526.60241803  18.35742996 579.1209929  695.04856603]
 [750.59268581 524.65981256 172.87942167 392.16042766]
 [ 29.34763627 641.73575461 718.02207124 152.1323333 ]
 [500.30810436 754.18056725  62.8450519  663.36843323]
 [564.17377115 222.57197846 315.02441118 567.86924318]
 [654.96487536  14.28173388 603.03493278 357.91549053]
 [543.73786387 279.56899737 639.28057426 433.63473134]
 [118.46874673 758.10221785 113.91077112 746.86135524]]","[0.77503642 0.80227987 0.92898769 0.56239723 0.06501976 0.0302129
 0.32248795 0.85621713 0.13128983 0.73410408]",324,2025-03-03T22:43:16.169345
14,0.9485819186041599,"[[427.04195758 458.55284341   2.61319101 568.56269628]
 [ 56.25282783 575.24615697 245.20775084 755.60334576]
 [301.70600003 147.06457087 456.25808058 177.29488587]
 [576.39408558 746.74808535 522.85476898 279.80750738]
 [420.8972789  555.73484914 553.97523209 680.75352378]
 [378.86907002 544.29950497 774.49362738 661.67248007]
 [782.29515514  23.76905365  84.06351208 342.48090888]
 [ 30.01746068  45.06486356  22.94826666 303.29788416]
 [564.18976497 766.13155302 685.67745139 194.01170758]
 [411.02113182 665.17001784 223.25998895 592.45588378]]","[0.72931214 0.74649169 0.3254244  0.56536231 0.72512308 0.90984518
 0.1372609  0.54868066 0.38588877 0.77751173]",325,2025-03-03T22:43:16.183069
29,0.9387246582643919,"[[656.0838146  449.50598812 248.9038998  784.20252137]
 [740.28562533 750.29713383 144.85020007 331.52793199]
 [194.58670907 379.88414721 267.32772182  30.50376723]
 [758.01883723 715.35286998 499.60868185 349.81089815]
 [399.65242613 686.95614323  93.8608703  575.67874924]
 [432.85438021 175.29846409 102.12777579 462.28117301]
 [674.15048798 568.56692073 128.93319575  26.87950891]
 [271.17995381 674.1240675  335.07471351  59.57029991]
 [402.6266169  149.48790329  55.4367995  723.7158174 ]
 [468.12581141 320.79717864 547.18827998  72.26037664]]","[0.1790912  0.90280008 0.0722985  0.64579728 0.05410212 0.82937853
 0.71864402 0.93016678 0.82867166 0.79719277]",326,2025-03-03T22:43:16.196082
40,0.8358916121560565,"[[351.83601504 784.59873539  86.41984045 748.74731112]
 [535.56379737 761.42923877 449.27316127 767.09162037]
 [211.67146467 273.08829195 669.48324097 399.61653178]
 [628.88944975 198.9564568   33.05192962 547.35692504]
 [646.87390877 338.81605711 580.29459585 369.12092869]
 [ 70.84735974 571.24324464 134.57594161 355.25700515]
 [257.4117232  141.89390507 693.19745149 761.79373324]
 [497.53586801 483.25898501 139.50569672 695.01678272]
 [ 78.74037112 325.82406793 255.45269995 647.54555752]
 [739.43908434 700.38757984 456.14214128 789.75662868]]","[0.32101663 0.4362834  0.27569676 0.14347969 0.92546488 0.86603171
 0.47688604 0.44829555 0.5692474  0.22229021]",327,2025-03-03T22:43:16.210012
47,0.8876631522052588,"[[ 56.79829071 529.65268361  42.13837354 207.22453502]
 [711.34366444 233.58556717 301.85841812 784.09910305]
 [506.57072469 575.79186424  87.78125531 435.98936842]
 [253.45410691 611.23848717 327.3297848  248.21957864]
 [403.23293504 478.51650248 373.75339658 478.50257674]
 [517.24754221 615.86883878 632.36989348 469.5589325 ]
 [ 28.39039093 440.75953397 236.11673544 695.49242649]
 [134.32835804 402.56138536 163.10493287  13.00496593]
 [428.42958932 606.65873245 525.9804707  375.80187771]
 [270.19046275 219.79688911 705.39200393 487.73690102]]","[0.10537726 0.69688776 0.06717036 0.13520764 0.55482216 0.20181102
 0.79896834 0.70158655 0.63340579 0.90609102]",328,2025-03-03T22:43:16.220977
47,0.890727360681511,"[[372.49843803 183.28354042 407.73479724 531.66602636]
 [600.94186783 217.48847175 380.90693826 179.52664054]
 [490.56108645 141.23145464 440.09492294 459.94776569]
 [722.33007801 192.39505545 228.41871394 262.025031  ]
 [587.59492471 720.30425403 214.12449702 361.92855521]
 [260.77072337 171.34687831 263.54113497 281.90108258]
 [547.75009474 177.20615841  81.20024981 135.62750361]
 [331.65167475 607.14368338 644.69177827 657.82499526]
 [229.07522679 354.16038365 753.87055204 791.00610435]
 [661.26187302 538.47783756 321.18817016 599.35270417]]","[0.24597636 0.77014607 0.51733345 0.32613533 0.25707475 0.13577942
 0.67691297 0.42346547 0.10806745 0.54548665]",329,2025-03-03T22:43:16.232231
24,0.9302409397362308,"[[106.24149193 345.00397298 345.34464814 315.04460808]
 [144.69396842 715.96929704  15.05840779 181.77353428]
 [169.19258172 705.59615583 736.89734462  91.02507321]
 [530.99927419 356.80112588 783.22205241 797.93249841]
 [316.17685708 160.67170907 427.89286334 239.81184993]
 [297.74440194 275.34207991  52.9385566  164.0387036 ]
 [ 34.19720704 673.0298546  636.7783509  639.84000582]
 [390.25774462 179.2479728  655.78646529 427.0632607 ]
 [685.77360089 138.98219067 330.14272798 269.64455666]
 [292.25137023 508.35351768 462.2560324   69.27247319]]","[0.97966354 0.20902622 0.47360169 0.5185937  0.96121545 0.33807681
 0.92358819 0.73614273 0.00117678 0.53309384]",330,2025-03-03T22:43:16.245266
42,0.839253902029113,"[[420.44309663 500.20502899  36.85838984 230.32008133]
 [587.60439739 366.70758142 403.98151534 213.30891123]
 [115.0624039  467.70444582 363.56910645 717.04659543]
 [481.88939084 721.4221495  317.1872905   67.09119547]
 [166.9439195   62.50143325 232.15332791 437.60663146]
 [683.00158023 207.63547822 210.01255334  96.30189521]
 [687.3219864  781.23871618 188.68804515 174.20250109]
 [619.12285772 388.8764222  671.74446469  22.1731371 ]
 [411.58538998  47.86560179 727.35068165 105.19478869]
 [106.35043865   1.54348277 344.26890749 695.32890273]]","[0.53966754 0.55019804 0.94849946 0.61437043 0.48405503 0.48600832
 0.09867795 0.06063802 0.79769722 0.96952909]",331,2025-03-03T22:43:16.257854
37,0.8126029814200966,"[[716.55683511 654.09601176 400.38756051 563.7277422 ]
 [610.61981058 575.46616212 176.99885587 425.09780349]
 [197.56461118 430.06186619 151.63257603 164.30023251]
 [388.78044537 491.46860591 552.95938603 669.34973131]
 [602.41253563 661.30644801 474.49208338  36.3761419 ]
 [ 78.53919395 114.83460364 485.34542527  55.84253402]
 [646.10880173 243.33537942 361.68877225 151.99195627]
 [112.43763407 527.09036304 127.68285613 584.80296423]
 [645.74213428 169.39500002 638.91488141 552.12551264]
 [274.97597451 391.59899307 384.33022819 749.97242683]]","[0.27825579 0.09474426 0.78690698 0.12526425 0.38398337 0.13011917
 0.2779487  0.54902737 0.24002522 0.13742232]",332,2025-03-03T22:43:16.269870
25,0.8765047593121119,"[[371.02457685 415.55758526 326.93438949  83.62670746]
 [125.95444464 574.05311802  87.72905896 169.27175047]
 [777.64751842 462.63039206 756.3172654  666.3641533 ]
 [469.5646885  591.01538359 668.50930364 638.84440595]
 [202.27434569 168.39647351 169.38070424 274.78825011]
 [476.62161175 783.74070337 492.31183381  13.5714063 ]
 [407.46697731 344.94841448 756.29200213 746.67650557]
 [755.02495933 295.00602736 786.43595966 321.6803402 ]
 [150.63165686 397.24463696 532.49960446 299.16459917]
 [ 87.39758546 771.96768933 649.54944786 736.17285266]]","[0.24995174 0.03737948 0.21737695 0.16547614 0.06395897 0.74200469
 0.43819396 0.35469552 0.26375478 0.10203554]",333,2025-03-03T22:43:16.281590
26,0.8090625158433309,"[[290.02218037 218.26724833  39.25878037 306.86350826]
 [788.79880934 703.91915785 436.44951819 381.25661984]
 [453.02804245 534.51561457 152.50600812  58.18001168]
 [ 48.53005733  31.75897415 623.75413348 764.24368346]
 [147.39514531 157.38422277 796.63805468 642.37253599]
 [350.86461275   5.66947227 376.04634651 178.11541581]
 [321.13184602 304.68833449 526.89410984 391.13698107]
 [563.38448725 612.73535798 424.98868221 422.1064038 ]
 [468.62687405 684.19438296 150.24072064 132.56470374]
 [331.77233247 763.96027418 670.70911073 759.61828784]]","[0.74320118 0.14430365 0.44921184 0.72943413 0.51964708 0.97513206
 0.74264988 0.09352989 0.03751262 0.09206155]",334,2025-03-03T22:43:16.293630
49,0.8393593939587256,"[[140.92571433 497.17135028 759.000595   667.45195712]
 [344.67494784 467.33877976 786.19742334 502.08109869]
 [494.39752092 179.58804283 266.59007541 494.18607523]
 [519.87388491 665.13949337 118.67232548  20.07778189]
 [737.63670539 441.67322236 428.58443676  44.98513369]
 [554.56619237 658.48028253 736.2819409  667.90480222]
 [660.42624862 346.91839635 457.02942891 312.56809443]
 [ 43.98816892 572.32128066 530.83084787 723.81832628]
 [293.17179523 354.69781654 167.47834875  47.26454523]
 [552.38866422 620.8360455   65.93889493 452.05600564]]","[0.64746354 0.00223659 0.50209602 0.36129801 0.32045616 0.31831596
 0.86603706 0.20499437 0.63297973 0.98771617]",335,2025-03-03T22:43:16.307645
44,0.8410074675096335,"[[162.7569515  566.65599099 200.23995561 494.05925735]
 [769.354156   147.46598258 599.67963515  87.04613371]
 [ 86.29845988 396.55284785 610.18397123 104.78154962]
 [599.02863673  78.76688883 488.75801811 760.97944618]
 [ 12.94412591 218.14245293 590.24581984 647.0390545 ]
 [665.85836722   2.43459941 553.78467953 487.08103795]
 [400.93393901 204.81810839 775.67592144 450.87002676]
 [529.3826272  137.03355865 137.30694081  39.10305721]
 [429.46308196 609.51696418 492.73413542 770.29036264]
 [388.82543543 164.05313548 183.8208046  613.55962739]]","[0.87789098 0.37292633 0.00410332 0.4800959  0.53302219 0.97727169
 0.46934719 0.57244946 0.49037699 0.53690346]",336,2025-03-03T22:43:16.319171
21,0.9428822411736405,"[[404.80125248 667.12176479 312.23323821 279.48203794]
 [ 71.36495537 241.72342819 178.30618558 722.30850779]
 [112.38379338 776.0723101  618.75449003 265.44797659]
 [197.7309278  627.47332786 602.57456828 185.65195245]
 [157.43498633 706.15162387 143.49872723 160.57390104]
 [484.04221667 798.9149796  225.09373275 422.36748194]
 [380.9969039  255.86968059  27.13524357 267.78091813]
 [572.4411268  478.8614961  459.77196735 517.19665398]
 [661.78603607 347.51183113 749.6725596  510.82136914]
 [175.40201584 209.64208664 346.9487646  370.89153025]]","[0.09371857 0.92930588 0.26653055 0.78255178 0.77286789 0.68762969
 0.14522908 0.33078847 0.73067903 0.03280799]",337,2025-03-03T22:43:16.333451
43,0.8510141258298365,"[[659.43879348 434.59094976 716.28276014 651.72734983]
 [ 35.48638349  32.01022905 522.34591413 606.89299072]
 [740.59941973 715.85002614 155.62385265 476.2398433 ]
 [777.75882665 295.41095957 519.37620413 433.90505339]
 [ 48.77774137 792.70667138 134.07061831 614.67645314]
 [652.78360875 624.77255607 362.64812543  60.34497588]
 [469.87969526  70.76908498 347.00194399 322.67533686]
 [533.80475543 207.41284768 353.32030142 109.50814231]
 [654.26959504 125.794511   465.14428677  25.30612498]
 [784.22142334 746.3516104  182.65900529 759.45758381]]","[0.70443749 0.4500284  0.69949948 0.83534482 0.45666802 0.41834074
 0.81290778 0.20420105 0.68094689 0.54364815]",338,2025-03-03T22:43:16.345872
18,0.8022673592162429,"[[592.15296716 436.21379119 794.84198654 480.55643691]
 [691.9757355  362.57716432 383.06273805 461.94279964]
 [243.35599082 156.16936779   5.79818866 671.18144014]
 [523.6618718  693.59528091 416.53587851 338.19044638]
 [655.4782889  467.0177542   79.47476401 599.09831172]
 [ 51.81392222 301.56933718 381.00104592 533.74451532]
 [611.10708077 428.72889011 373.48126252 232.1374611 ]
 [ 30.08318455  84.29513008 223.46547104 195.34073747]
 [292.40159406 184.2681488  666.39788897 309.51678135]
 [115.86195359 771.1036497  799.07995815 428.52937346]]","[0.74839092 0.05643476 0.57322221 0.90163103 0.83143365 0.28504266
 0.8611317  0.09226896 0.11222051 0.50928254]",339,2025-03-03T22:43:16.358625
39,0.865957491104474,"[[ 53.63979343  99.75546169 453.78132157 235.48218127]
 [341.2249904   13.28230966 728.29168733 252.46197466]
 [160.53672077 425.44473916 704.16940734 563.19575239]
 [ 32.53216862 390.50081833 114.41357126 452.64299517]
 [719.51237096 229.69974742 613.92805431 455.00533221]
 [382.91338616  68.88672011 635.139272   300.80975838]
 [238.87173696 729.58134116  68.82210273 528.05733267]
 [493.49932828 429.95931194 264.7755087  246.73308234]
 [ 67.46843269 367.04292235 392.81728352 486.97834753]
 [117.01893742 234.11014708 683.88091017 459.01185538]]","[0.39221677 0.95130027 0.52987059 0.80280889 0.18749717 0.24730281
 0.32744723 0.36346173 0.14898982 0.09425363]",340,2025-03-03T22:43:16.371401
12,0.8592533086840248,"[[797.52809919 403.83689085 652.88877409 128.24430936]
 [576.53937332 717.92573476 466.07336019 472.9049524 ]
 [189.36732018 511.30449132 620.11528238 568.10779313]
 [787.6610412  210.88013712  76.45780464 593.95989603]
 [300.96809135 603.03143727 656.07053211 642.90842622]
 [220.82611458 298.19246826 690.04033309 299.51405342]
 [232.83465326 532.98450651 792.2591293  376.52487482]
 [265.57140547 217.09948469 196.84231781 127.05495169]
 [700.60884486  52.59290596 681.09371889 618.00897362]
 [292.25643363  65.80972673 422.1836859  389.71768996]]","[0.96785837 0.95552439 0.57230255 0.73036505 0.8926936  0.75876661
 0.57917168 0.18488665 0.71797004 0.6956023 ]",341,2025-03-03T22:43:16.384593
48,0.8025518545094155,"[[5.63506041e+02 5.77975731e+02 6.09099337e+02 2.01347161e+01]
 [3.07623853e+02 5.83183099e+02 3.79034924e+02 6.19849593e+02]
 [7.25420645e+02 4.94008941e+02 5.72242126e+02 4.22779671e+02]
 [1.62135438e+02 3.70208696e+01 4.29008261e+02 5.64846906e+01]
 [6.22353329e+02 4.22938631e+02 8.86183270e+01 5.20836024e+02]
 [4.40641642e+02 6.43322985e+01 4.16512507e+02 4.44561863e+02]
 [4.57263914e+02 2.91715392e+02 1.58339655e-02 1.73727485e+02]
 [6.17134196e+02 7.10462823e+02 3.72952671e+02 4.91539503e+02]
 [1.60498394e+02 2.62357924e+02 2.99285032e+02 2.19013785e+02]
 [2.56744766e+01 5.62776902e+02 5.32262657e+02 6.94406741e+02]]","[0.4373371  0.79508875 0.70814551 0.39325086 0.68620837 0.13415058
 0.97889748 0.06134287 0.99839719 0.12813711]",342,2025-03-03T22:43:16.397608
46,0.9173910249471955,"[[7.88948208e+02 6.64540374e+02 1.97554746e+01 3.57012726e+02]
 [4.41698969e+02 6.10302370e+02 7.65342735e+02 5.25571540e+02]
 [3.11425234e+02 7.38815787e+02 4.18548244e+02 4.76358686e+02]
 [4.56873974e+01 4.19450430e+02 7.72121624e+02 2.54508713e+02]
 [4.75628636e+02 9.05108580e+00 4.11113370e+01 6.98384261e+02]
 [2.57900696e+02 6.30357145e+02 1.94806455e+02 1.82051869e+02]
 [1.37508694e+02 6.23855607e+02 3.15495052e+02 2.20640821e+02]
 [1.60464095e+02 5.25313943e+02 6.65151264e+02 1.27245662e+02]
 [5.82811389e+02 6.97016985e+02 5.76284408e-01 3.71959803e+02]
 [4.55956465e+02 1.47153713e+02 4.57509558e+02 4.64616468e+02]]","[0.78885338 0.83998583 0.04381801 0.29389169 0.88118478 0.01168995
 0.94307168 0.01265745 0.79257935 0.47937519]",343,2025-03-03T22:43:16.411625
27,0.902422769864965,"[[659.11221883  25.24376267 483.73144095 600.79646728]
 [554.95372802 789.52736936 733.06096515 696.54891563]
 [785.36700606 278.19539337 403.16842435 478.75572596]
 [584.2009854  571.00137337 398.73451871 102.29437285]
 [ 75.391776    62.31022317 597.37240207  20.63891807]
 [460.49180226 569.12452602 313.27248588  17.50894752]
 [590.2615906  625.73223993 701.84854218  38.20314889]
 [266.97863069 643.99402453 722.73089923   9.34660875]
 [447.61777103 206.64326598   6.96087893 427.5529829 ]
 [ 48.60540172 281.85361336 752.67012385 286.47436252]]","[0.52943354 0.5295484  0.82125771 0.31217449 0.40000679 0.34317523
 0.19567286 0.79351236 0.59413148 0.9682525 ]",344,2025-03-03T22:43:16.423818
37,0.9158214627478926,"[[292.23409722 224.89916568 739.55529007 553.02618731]
 [398.94153668 610.92811705 591.05118831 474.91735174]
 [206.84285857 412.01640576 306.3147838  485.22574685]
 [645.35454951 176.33429536 160.01085411 138.19677998]
 [472.12342147 435.9994977  579.4789013  253.54988275]
 [706.49387192  48.19690886 221.56849353  33.95214133]
 [327.75291642 182.87615575 144.71405235 390.33723111]
 [ 79.90913948  68.79481169  54.70763066 760.54579816]
 [225.51463706 609.61102197 649.64795875 338.10813198]
 [422.82940038 613.02574169 481.56379179 415.13919704]]","[0.35986134 0.92941168 0.80562988 0.62086614 0.21390518 0.11055233
 0.79957116 0.43245293 0.77396455 0.22873667]",345,2025-03-03T22:43:16.438975
47,0.8801836506439726,"[[381.67827763 414.52662357 254.12049032 303.22988958]
 [ 18.60948766 611.51497925 407.12744419  54.54131458]
 [186.37079987 483.70465154 620.38233298 779.63798631]
 [524.06736132 481.4662132  369.67587605 696.39919195]
 [350.67889565 175.58744531  95.69094244 610.46125183]
 [668.80388966 614.2368271  366.2157793  721.26448964]
 [ 28.77083394 239.68300473  94.83437593 328.33589276]
 [185.57921686 655.12696451  37.82734145 743.92042181]
 [701.01894545  99.03330292  73.02173823 508.46866098]
 [478.86055572 392.34361713  28.27505757 752.70951149]]","[0.20922904 0.5556016  0.25427163 0.15079116 0.07464294 0.05248504
 0.98747155 0.97354143 0.99504754 0.09575368]",346,2025-03-03T22:43:16.453496
17,0.9488455562087784,"[[ 87.43331721 329.11319108 119.6202139  152.05204865]
 [644.30685412 187.97889624 391.53972806  59.12682186]
 [758.26745021 462.69042753 603.21985818 117.12287722]
 [483.56685907 394.92912083 363.76455148 265.94448663]
 [343.08968937 384.63408348  63.43711937 745.77969885]
 [ 22.78376448 166.37507007 625.5355673  560.75741838]
 [497.87697339  26.6878931  422.37057439 102.97146568]
 [424.22698581 444.3417329  759.79371263 603.99132965]
 [ 28.13045749 328.43630537 361.27335209 315.84019384]
 [273.69689704 622.62277524 700.24377516 729.77970075]]","[0.38769382 0.58048342 0.4347575  0.60953348 0.7594401  0.76273223
 0.7104535  0.10831355 0.37376551 0.63938695]",347,2025-03-03T22:43:16.465988
44,0.8340505602412399,"[[309.78224784 137.93701461 341.47405314 779.21897306]
 [580.70986396  97.67854373 144.54549963 129.17998011]
 [566.47544983  89.84623763 565.18260716 354.73984047]
 [702.02996196 530.17432488 768.00568072 529.94881194]
 [245.9303337  131.6098427   33.83347662 510.73814088]
 [ 99.32088494 241.77965406 113.31406413 190.69946388]
 [784.30756933 771.79976876 700.05767217  63.09330329]
 [483.39594038 233.96450769 321.9843064   94.63265519]
 [236.25494135 250.39354357 374.36329033  53.49918673]
 [576.25250071 528.36116191 697.05788442 729.60696802]]","[0.258783   0.55296502 0.05469446 0.35362009 0.26654357 0.18350637
 0.48062295 0.41710143 0.19872514 0.53164975]",348,2025-03-03T22:43:16.478347
25,0.8676264889047104,"[[331.37826531 612.67064289 216.26492944 168.83879385]
 [ 92.79817016  28.07370984  73.4763022  439.01364204]
 [531.86742552 719.02417361 238.76813051 157.49305683]
 [147.85709466 157.08974091 723.23147707 695.38697948]
 [169.69974652 749.4559951  434.98098278 592.56285066]
 [573.79607885  37.2267946    4.63242768 693.76694271]
 [602.68022791 629.02031631 611.95617948 421.71832764]
 [110.75766939 132.02522121 663.40723816 474.28863158]
 [495.15477142 335.70295316 449.39773734 223.14875711]
 [669.41005899 165.80154938 678.79055047  64.61894749]]","[0.40500503 0.03949098 0.28627548 0.12079352 0.9492238  0.09397706
 0.41040212 0.50157055 0.65642589 0.79223925]",349,2025-03-03T22:43:16.491388
45,0.9075274414024664,"[[112.92949057 753.99407547 546.89739086 675.4543855 ]
 [491.7962046   77.93000726 107.36893879 683.36227355]
 [144.01074783 582.6772756  177.49124024 205.63421106]
 [274.10084169 523.630804   426.25411606 165.39419432]
 [107.28218291 308.21787674 490.13243172 394.29136071]
 [722.73464848 191.09335917 702.5941955  240.94595027]
 [102.35435595 722.90312391 502.22029878  52.29611987]
 [375.67380779 268.75566837 363.7448937  119.99318907]
 [710.43537553 354.24480809 516.00700127 237.35508659]
 [372.11280587 650.70799272 649.47934355 332.6002813 ]]","[0.71521942 0.6409365  0.69143058 0.20536055 0.53394625 0.71767265
 0.7461089  0.85529024 0.22352945 0.09297372]",350,2025-03-03T22:43:16.503589
45,0.8049483415838108,"[[518.60058965 113.10584004 770.3208835  651.90787961]
 [507.23701319 160.14776226 728.6226998  512.5397804 ]
 [561.58447208 680.34218702 482.87345328 341.31639765]
 [185.39863761 472.93484027 726.48182905 760.16229895]
 [450.75066702 789.04956415 765.52914521 440.42613351]
 [459.51469181 752.11568144 141.42786682 766.94859841]
 [ 68.05848225 105.7010157  565.15719484 573.59698881]
 [300.73406417 517.11424116 134.35494061  29.71849406]
 [687.31700359 596.94793122 151.72053812 197.74102863]
 [478.48224053   1.35320793 706.00146656  10.73683383]]","[0.00617637 0.0293229  0.57975817 0.36587281 0.70055667 0.96334111
 0.94548914 0.73170335 0.06339968 0.33370756]",351,2025-03-03T22:43:16.518183
45,0.8331143982417222,"[[505.00276847 727.66770914 359.31790263 740.83071275]
 [275.9877443  483.05112711 190.65620689  21.63984651]
 [ 33.75233904 610.67328143 489.47454705 175.99466032]
 [  7.32281186 407.59866352 210.84720202 511.55470201]
 [200.80521515 246.20061278 725.54581598 633.68115801]
 [409.62950494 514.87099576 638.49772941 333.19957538]
 [233.56108468 129.04644457 558.29058239 590.63014768]
 [551.52845165  13.4753493  454.87301302 509.57716802]
 [ 49.68605555  81.59828128 163.50796562  93.5553703 ]
 [195.60975583 553.69860247 776.89000438 291.57882508]]","[0.78118887 0.80603617 0.93547691 0.45845214 0.5244831  0.48273561
 0.78974115 0.39009595 0.1468935  0.96505611]",352,2025-03-03T22:43:16.533465
14,0.9112195103015656,"[[ 94.03731064 103.23505195 480.9400368  116.15423406]
 [ 75.79696159 383.69434969 753.35989821 761.92551931]
 [344.68436936 436.8156854  544.33691042 306.66988908]
 [504.88946963 743.19788983 769.48307415 642.66196733]
 [255.09844862  99.56035077 113.31403031 133.72237842]
 [646.60773244 246.73084563 333.10664533  54.81224596]
 [191.58914964 430.16222424 370.13540791 721.24247227]
 [420.9133658  259.24695946 506.27646371 271.46168362]
 [514.72348787 722.30758873 245.86539896 244.63771516]
 [303.72130978 702.14900537 398.90564965 696.89352334]]","[0.87801971 0.17901486 0.26161501 0.7328715  0.80311988 0.12902893
 0.62943141 0.1216703  0.69546037 0.92177803]",353,2025-03-03T22:43:16.545132
43,0.8331041375191683,"[[528.84274291  45.75517887 656.52398816 288.51997327]
 [ 41.7147212  774.41191283 797.25494571 162.99070546]
 [261.74412358 686.17731516 603.80231119 757.27088446]
 [135.2957379   26.41297027 300.99444865 555.21909006]
 [ 25.44651876 405.66658807 736.15181653 613.1296887 ]
 [508.3291453  466.39938526  42.85001796 212.84838852]
 [110.41764084 717.93025884 405.47339787 470.62260183]
 [  3.38790899 242.13647477 701.41834593 704.49415683]
 [397.59899552 304.39674513  66.28688186  16.64827402]
 [323.07391849 720.22695039 331.11591902 145.48109328]]","[0.67962386 0.03966839 0.2107161  0.881271   0.74359578 0.43352757
 0.51547644 0.29321436 0.3581443  0.86919529]",354,2025-03-03T22:43:16.557708
34,0.8479743044037606,"[[550.59863217 384.32883455 568.84399376 355.86312543]
 [ 27.08911175   9.29219285 150.55829828 779.52627102]
 [796.0882449   53.34454299 266.43389498  62.61386555]
 [101.62698147 609.43139502 129.77262346   2.23300502]
 [ 18.00889929 345.18289168 131.87556689 265.94153618]
 [268.62529161  80.19092346 346.82538425 504.77647148]
 [773.17216254 136.23240977 379.08305689 717.01850098]
 [501.93415976 725.05228083 535.1494425  496.07806113]
 [713.71480727 662.49179284 238.54021383  67.53185484]
 [326.75823391 308.65844144 315.66955505 366.02265137]]","[0.69715534 0.01809529 0.62954093 0.12594611 0.47291472 0.83853693
 0.21841329 0.98990676 0.59201575 0.96158048]",355,2025-03-03T22:43:16.568840
44,0.8193009296637032,"[[550.43092056 422.12465429 685.12056841  17.52721076]
 [156.44597597 536.20259524 120.14323337  72.65642476]
 [490.94299715 339.31370464 252.40637723  92.81885823]
 [523.68496786 204.03040298 237.008801   421.27417595]
 [415.75284099 186.69520278 122.2801182  243.7741608 ]
 [ 44.14334591 510.7931985  709.4581774  490.14660024]
 [265.745619    15.14888756 479.18333004 396.31993176]
 [420.30772989 205.21282374 421.58540041 206.93660918]
 [ 23.2090466  202.17560103 220.48143548 666.19728155]
 [573.78352261 703.19924818 762.39225895 181.40561934]]","[0.16445309 0.56852443 0.57398417 0.96544789 0.4077103  0.09957187
 0.01115427 0.17624984 0.72889726 0.04659303]",356,2025-03-03T22:43:16.580275
28,0.8139956068412069,"[[150.9255439   35.05545461 527.90755063 124.89354486]
 [660.85832996 729.84642678 462.27249977 112.60406404]
 [622.22363801 496.99493115 254.04675709 733.43525519]
 [646.81104155 667.59161365 778.79597798 648.64100586]
 [725.13072431 299.87730301 128.11014724 405.03903247]
 [293.8008404   11.12308649  45.47813064  88.07372781]
 [364.28815035  56.2960486  228.58541317 539.51657789]
 [611.35102787 634.59341112 366.4992469  621.32603306]
 [539.07472087 160.29470711 366.28026252 525.80457657]
 [129.9568939  587.13998763 673.28562777 724.92523022]]","[0.28750925 0.16687441 0.59364571 0.65931628 0.4111017  0.10527528
 0.50377227 0.70950136 0.04053853 0.02664425]",357,2025-03-03T22:43:16.591575
48,0.9155804816765147,"[[ 39.87037604  30.91107434 175.04446155  41.96005158]
 [720.23115781 377.47277848 367.78036871 417.20759975]
 [  2.41148797 217.42586867 204.69393447  86.82527168]
 [719.7796622  515.49387155 234.29333124 675.0428197 ]
 [150.68662257 280.5029305  543.32383239 779.012382  ]
 [246.5027825  765.40079561 794.19109489  48.60049051]
 [235.66966359 632.35194102 313.98524015 731.11942228]
 [452.95328176 127.84665318 526.4250903  228.1813321 ]
 [190.93577275 704.05328064 127.76218209  44.60731241]
 [692.50852287 138.53413227 505.41938456 655.97130903]]","[0.77428785 0.7315605  0.67428532 0.99773708 0.94903385 0.02528615
 0.12497899 0.54824348 0.99170834 0.71908987]",358,2025-03-03T22:43:16.602827
27,0.940953948688858,"[[768.54183169 177.27503715 297.80493944 669.96560171]
 [484.35485962 100.55273476 188.28119416 144.26866593]
 [634.59173018 778.76560786 165.0422478  414.04840989]
 [314.8703659  484.12000146 665.56806275 666.1849615 ]
 [349.14585276 304.37740299 728.97639263 653.24896653]
 [651.25581863 694.71759861 711.78364208 215.11379009]
 [539.16423864 681.98479113 745.11860589 153.06812181]
 [ 52.24283059 364.3339504  215.64828309   3.55823634]
 [593.78606728 583.56584953 128.26270186 727.60006171]
 [773.16272144  10.03582898  74.33193382 324.06794658]]","[0.75956428 0.33731998 0.94349833 0.69000967 0.68972894 0.44189552
 0.29617199 0.92238926 0.03522712 0.33359542]",359,2025-03-03T22:43:16.615197
12,0.8442611697053548,"[[739.8844699  450.15818733 433.47237226 508.74475795]
 [161.56870098 711.92000246 771.93787418 570.18580464]
 [ 30.6597032   78.71575167 786.78067427  22.11379387]
 [325.63859272 201.9458988  158.37880737 788.81848728]
 [467.2751165  105.85061251  83.07955522 291.54051347]
 [493.80152002 162.52348119 683.61988701 347.72232964]
 [601.9766113  376.1996882  372.97864535 209.72012701]
 [592.73425269  61.64244102 671.21808159 688.22028731]
 [ 94.78471988 434.97616022  78.29290451 713.22430081]
 [160.79035602 114.75146519 604.60959255 489.48843399]]","[0.24415825 0.14135594 0.20744881 0.73230189 0.9562314  0.73544998
 0.41393555 0.60785427 0.71115154 0.14682467]",360,2025-03-03T22:43:16.628208
19,0.8149385319113863,"[[ 83.83572645 278.02504688 146.13588652 461.98447022]
 [181.56487983 486.73112492 696.68478571 416.71720985]
 [787.19134586 207.65241539 383.44908786 570.10604635]
 [547.04464992 575.93545929 318.16009513  14.31338889]
 [ 69.03131882   8.6889788  682.56550118 552.52879162]
 [663.63875736 752.99618372 450.94867946 709.81489569]
 [668.0844537  592.06682904 481.92385766 623.1675207 ]
 [319.19960918 120.25223071 201.14425555 789.05566202]
 [773.09321068 516.81433504 237.29237843 705.558327  ]
 [752.77056204  26.73972653 641.74529407 500.24105987]]","[0.73498283 0.01859925 0.56487403 0.55076977 0.61659607 0.05315119
 0.26931365 0.52045339 0.59457084 0.86391017]",361,2025-03-03T22:43:16.643322
12,0.8656771002976338,"[[ 98.90003487 257.82157821 102.23571784 613.638932  ]
 [299.30295861 228.38142469 351.14615366 216.16704471]
 [ 32.90390275 624.94899555 375.84333599 674.48105416]
 [184.53052958 450.61008706   3.07912445 565.07720786]
 [359.31675439 446.66222654 474.33201049 601.68039637]
 [657.02567632 296.98260929 658.23632986 143.68911121]
 [180.92965936 155.60659199 117.85548767 511.27918266]
 [ 24.83759378 696.30688256 115.62290197  31.16056018]
 [ 12.5151857  174.00851754 503.61380556  52.53708925]
 [762.28155112 473.88673447 422.70027518 412.15433397]]","[0.19256866 0.08608598 0.68347681 0.36266254 0.86411184 0.60911871
 0.6818618  0.69493532 0.82892587 0.24931667]",362,2025-03-03T22:43:16.657319
43,0.9281189897591713,"[[525.0057076  296.06454594 151.98008054 104.45377968]
 [319.10770791 120.79939736 536.6379511  308.57613837]
 [404.13490525  49.33450643 494.04164713 773.41909818]
 [645.96246362 261.61804406 662.41271138 422.39821084]
 [755.39659839 215.88370363 562.21404601 537.2162842 ]
 [ 33.75906681 589.42194804 123.73534689 499.26543511]
 [ 27.91991468 203.98947234 468.05447878 403.32679606]
 [193.10004274 630.27903547  44.68546853 717.08910936]
 [242.82091946 739.41843763 537.31018915 711.68707109]
 [405.18907842 385.53200523  44.89623076 267.6774278 ]]","[0.27787019 0.24406741 0.98184459 0.26578278 0.89884878 0.36859473
 0.71187446 0.73077966 0.97845859 0.39193822]",363,2025-03-03T22:43:16.669548
10,0.8934955433028814,"[[3.72418636e+02 4.71613143e+02 5.84473039e+02 7.08103333e+02]
 [5.22053503e+01 3.67064564e+02 6.78112292e+02 5.61183493e+02]
 [5.88271700e+01 5.08571762e+02 1.49943886e+02 5.95984825e+02]
 [1.25568313e+01 4.31576820e+02 6.62403877e+02 6.70727409e+02]
 [4.47758568e+02 3.67254768e+02 5.30722618e+02 7.58101241e+02]
 [2.10775557e+02 6.07396811e+02 7.34742163e+02 6.10397208e+02]
 [1.95928907e+02 6.44848906e+02 3.71309262e+02 4.17391334e+02]
 [6.07431406e+02 3.36430826e-01 2.62269069e+02 2.38370455e+02]
 [1.99765484e+02 5.66913811e+02 5.54767471e+02 7.95839071e+02]
 [6.17579499e+02 1.19123125e+02 6.06329351e+02 6.73603119e+02]]","[0.32121434 0.80529291 0.18177324 0.99745658 0.82959657 0.25745392
 0.43017328 0.52227599 0.91230441 0.29132847]",364,2025-03-03T22:43:16.682156
22,0.8369475041215487,"[[5.73469245e+02 2.82498809e+02 1.77858619e+02 1.89632460e+02]
 [4.29165948e+02 1.40153334e+01 4.29430617e+02 7.89155290e+02]
 [1.68083259e+02 5.20680417e+02 7.11930100e+02 5.14932930e+02]
 [7.96231316e+02 1.55011145e+02 1.45335797e+02 4.26371432e+02]
 [7.27294152e+02 3.14353473e+02 7.26543799e+01 3.60084529e+02]
 [4.43054030e+02 1.50305405e+02 5.04776078e+02 7.36604485e+02]
 [1.50984627e+02 1.77276459e-01 7.49101495e+02 1.00504649e+02]
 [4.47801638e+02 1.47906391e+02 7.60954432e+02 5.51914169e+02]
 [6.83543027e+01 2.63199244e+02 1.69154246e+02 4.56702566e+02]
 [3.90320445e+01 7.03894656e+02 7.52379146e+02 1.14043006e+02]]","[0.31072167 0.56735436 0.30268768 0.53142389 0.98176167 0.9653638
 0.49509433 0.95562285 0.95839388 0.602641  ]",365,2025-03-03T22:43:16.695203
29,0.8517594241860649,"[[471.06102908 464.6408331  324.69550879 428.62400194]
 [162.6103603  148.08082887 291.71525155 447.81304442]
 [ 93.27346948 101.76758804 542.7271655  581.53097122]
 [185.41941297  17.13862583 339.4336506  440.12839149]
 [229.27901816  32.16760899 469.4459507   34.31616211]
 [168.41085739   4.22536584 583.24338414 587.75493038]
 [238.45634877 718.49111702 217.07714869 556.56889741]
 [560.03712542  95.2602589   65.63335928 282.86124675]
 [700.56820279 624.95237698 305.31757772 463.6884374 ]
 [186.83614387 313.84922466 100.15556159  58.54934829]]","[0.3874717  0.52932737 0.47915312 0.17131337 0.09382605 0.28346193
 0.17479156 0.25247525 0.76483301 0.98420146]",366,2025-03-03T22:43:16.708213
10,0.8426451382856791,"[[526.43922528  73.34485884 568.08475188 112.58794218]
 [184.33884995 239.42115722 346.52775756 204.94796654]
 [317.31060148 422.18019567 563.12059582 495.71636993]
 [ 98.50336548 210.87436133 210.20318772 577.81144784]
 [416.70264897 492.25912419 408.10473267  84.69143277]
 [140.11137413 440.19349406 302.25388171  83.81460545]
 [785.93843777 216.91472454 159.71950964 277.0945825 ]
 [721.12642083  56.8464973  438.4288399  365.74292795]
 [367.62789694 113.67810065 348.93501563   9.13416194]
 [ 31.75404481 286.05950578 273.67409833 582.36595597]]","[0.23568447 0.40336042 0.91600308 0.59069651 0.17101269 0.06278677
 0.79522338 0.70128979 0.52179994 0.92861638]",367,2025-03-03T22:43:16.717738
46,0.9392278019946427,"[[498.63294894 728.320814   482.54245803 205.27643579]
 [654.97996836 773.09961349 629.17446832 652.20425117]
 [ 86.1053546  528.30350234 239.58804326  39.25442011]
 [632.00451794 307.62404043 489.40144039 470.30545311]
 [168.70372251 165.9383099  760.70879122 166.23491816]
 [206.64036678 148.97465676 453.41912854 734.70704212]
 [411.83990586 515.63201468 639.17855093 771.46904488]
 [691.4665051  285.04551    246.12705792 671.7421234 ]
 [708.23662813 683.83087059 766.7094234  472.06616208]
 [323.82580219 343.57103153  43.57043628  83.4072507 ]]","[0.97771872 0.99295777 0.89178564 0.64736546 0.61387144 0.03286758
 0.73001559 0.5638565  0.28134469 0.26856294]",368,2025-03-03T22:43:16.728812
38,0.9136033752329491,"[[203.14584939 500.5666752  276.45776576 194.94283618]
 [651.44016576 595.97819717 514.37041706 159.55805483]
 [395.09853674 355.08747391 310.4003403  138.32359874]
 [767.34692652   9.58088597  41.43299391 613.00819924]
 [ 98.51470879  67.9984738  682.19962434 384.91761731]
 [452.54447016  37.90038972 557.50764916 295.00034419]
 [611.57928126 788.87646967 549.79738721 357.18171225]
 [193.62297992  99.25789085 537.03472682 576.02772646]
 [ 95.46334721 758.12190882  20.47412641 379.91700256]
 [785.67191723 518.42231462 366.48891717 316.56624028]]","[0.40213363 0.14864366 0.06081014 0.15040303 0.51019239 0.79117243
 0.19871886 0.34228572 0.04071752 0.75503383]",369,2025-03-03T22:43:16.738315
25,0.945897688790569,"[[ 70.67941437  58.03232163  39.72718415 405.40818223]
 [478.04121577 600.5394088    3.47851824 267.78433406]
 [ 40.146099   162.99753068 407.5359074  466.93130514]
 [116.72812832 701.30815859 240.21830739 270.44175903]
 [304.43832518 618.92963149 195.41720561 131.09411981]
 [639.6681619  551.17817151 153.94230054 166.09920636]
 [244.38834353 151.35195511 604.22590376 411.518579  ]
 [214.3918429  519.47715815 585.1807999   62.6389254 ]
 [587.17987071 183.53247857 445.7668325  434.13788673]
 [611.41276756 179.49057744 284.27872732 542.62879071]]","[0.19617651 0.7533927  0.80277522 0.71005805 0.68806771 0.03944326
 0.22686207 0.59240727 0.37675684 0.41843425]",370,2025-03-03T22:43:16.746196
25,0.9451584632456432,"[[316.6451535  751.55983116 394.2917446  665.4170754 ]
 [683.22082908 494.45428424 103.3712901  774.51199174]
 [724.12202696 249.15372201 370.34319912 610.73623709]
 [331.24967771 794.54470704 540.30229117  49.38422982]
 [706.03343339 316.20131867 581.51192316 725.0436577 ]
 [343.27146751 742.16474849 682.93910495 225.08029794]
 [ 65.16985039 104.061397   605.92080706 695.2416246 ]
 [607.59647182 446.22070267   8.58743961 611.40176658]
 [421.7139976  287.47592359 277.92025306 136.72016067]
 [435.17268835 669.90116241 698.55952918  18.38320167]]","[0.80604621 0.57418217 0.80828884 0.42738826 0.12359576 0.23973579
 0.45764101 0.50581825 0.82630528 0.41532372]",371,2025-03-03T22:43:16.755750
17,0.9313514683562361,"[[289.20636777  14.72480806 471.05840766 287.5156906 ]
 [796.21801289 216.35070571  94.06588493 303.65832002]
 [654.5429485  528.25578619 511.08322798 630.50797026]
 [353.85087024 355.4008944  657.79930842 433.97238412]
 [369.3705018  161.29294572 628.60135918 450.19347279]
 [251.63193667  67.82546794 429.76455994 317.78457646]
 [629.90863226 431.27944092 491.05024103 337.66534465]
 [744.26085744 672.78355184 797.8759709  728.53844223]
 [496.40551531 763.92756355 792.66004602 288.08660028]
 [449.02116051 220.85996903 209.87117179 202.06264117]]","[0.06739954 0.22243192 0.93971761 0.94368486 0.1484529  0.78946483
 0.74100542 0.10699464 0.82783724 0.04236434]",372,2025-03-03T22:43:16.764158
44,0.852695761594527,"[[660.22513917 180.08579501 642.43060476 658.41482073]
 [ 33.69864235 513.99651099 277.62630556 626.60726722]
 [186.60204622 523.42986485  23.63670725 404.24409137]
 [ 16.95744525 792.96842605 664.74127752 366.22080585]
 [410.02227058  25.66865061 519.42044743 445.78453768]
 [176.62688922 619.67760844  73.14211857 738.04290763]
 [755.8053358  399.0416846  648.69172646 138.67521017]
 [246.68307431   2.81261982 663.5021736  304.42672549]
 [736.93770738 299.97705231 355.79485244 683.8922514 ]
 [  8.11309994 463.45995797 578.55731033  60.71431064]]","[0.04984489 0.45535454 0.40418423 0.628307   0.62117955 0.04691781
 0.47939899 0.08634648 0.17960793 0.74146366]",373,2025-03-03T22:43:16.772753
27,0.9048655889221899,"[[664.72995463   4.33194499 293.05882874 225.521033  ]
 [  5.73468317 507.37105058 336.56482321 517.58432866]
 [750.709565   707.04107505 577.52619213 517.76607804]
 [ 62.38000861 126.80306675 182.34785946 450.83461808]
 [290.06439635 628.69580055 574.40124546 637.30875763]
 [195.20317228 721.06687114 646.59204421 541.90530987]
 [266.21012664 151.7293588  517.27204503 728.97130652]
 [504.64664778 721.71240709 319.5003956  163.71470411]
 [311.43770127 271.67211374  48.22977577 209.64204092]
 [493.56168329 282.66269855 445.03523418 422.74467691]]","[0.0699267  0.48921025 0.7775397  0.60432466 0.4590218  0.98445593
 0.39932241 0.428372   0.2172467  0.35028153]",374,2025-03-03T22:43:16.781520
34,0.9253085764282974,"[[150.60588442 780.81148946 511.48531717  56.70071296]
 [232.39445107 632.84916819 508.66241645 797.98103901]
 [148.39270297 197.85379782 172.44088786 117.4000297 ]
 [490.29388894 611.98723002  97.06951395 140.78761235]
 [343.43022024 301.02592448 370.5101111  193.73219165]
 [688.79236632 326.9138159   83.71564063 229.35083683]
 [ 90.4703184   72.7904718   61.60219039 618.11983842]
 [ 69.27213649 769.58392958 636.47838094 232.22221732]
 [285.03169952 526.28055836 481.11332738 737.6284748 ]
 [453.16425315 747.86723835 578.3594877  462.73325636]]","[0.4106822  0.58074859 0.99883062 0.43200071 0.21532654 0.35120095
 0.45592916 0.1164752  0.29433342 0.55624537]",375,2025-03-03T22:43:16.789274
22,0.9338615916419448,"[[706.98321605 373.89667501  31.59451079 719.9272186 ]
 [199.7703     385.5319032  516.44157237 333.08025402]
 [789.52076858 782.19327898 169.86933319 291.92210313]
 [330.54612217 161.27057524 625.61428238 237.41186931]
 [ 33.47119052 619.75043517 478.94738804 793.99472848]
 [672.80734458 540.83399789 713.12501422 543.44170873]
 [665.16623662 232.10485089 269.88977086 176.99541222]
 [564.9143167  304.28892702 722.42309652 792.61059348]
 [400.40027224 177.91126608 693.15239547 371.85963348]
 [761.28025744 400.50353798 148.50361119  82.97906133]]","[0.79529475 0.55808048 0.67883595 0.69998943 0.29395277 0.75019161
 0.01136061 0.21992805 0.9240594  0.25111917]",376,2025-03-03T22:43:16.797273
37,0.8780010463885416,"[[603.75610265  66.90176554 729.31564046 127.90389825]
 [352.6678418  474.68544127 658.96928565 510.1422024 ]
 [ 71.24204691 723.61598219 179.58307562 349.64503186]
 [  5.97474772  51.77875893  71.28590193 719.38741722]
 [242.24209298  63.41941069  81.50280029 303.16478498]
 [368.97603045 591.19387197  97.53479207 267.86242652]
 [524.83770076 689.59870477 390.40575846 504.72935379]
 [445.89367539 615.32374128 115.73921333 595.1718903 ]
 [382.64121907 528.57420235  25.75378829 274.105634  ]
 [223.94492042 175.66406809 319.04933564 214.31585941]]","[0.80326899 0.94674682 0.49441616 0.2237132  0.44415404 0.28051456
 0.01378564 0.64169339 0.33165633 0.193249  ]",377,2025-03-03T22:43:16.804985
43,0.8244494847384369,"[[649.2028176  419.34803944 713.13560671 797.03757892]
 [660.34360566 170.72350831 323.94897328 478.51364777]
 [404.72824636 459.48846503 373.2950875  215.35106268]
 [509.24063054 243.83113065 217.6281291  627.35670755]
 [316.86988721 107.91039432 215.38092721 289.72946697]
 [704.40409822  74.73403133 202.71813014 327.1697489 ]
 [702.66952106 665.45612224   8.64346722 343.33628445]
 [568.34511288 768.72258984 231.68078954 624.03924007]
 [288.93438084 479.83220976 497.36688515 517.37784791]
 [379.50855955 509.95781527 287.78532195 689.48598124]]","[0.44941209 0.41493065 0.89666052 0.39109857 0.40370142 0.88278049
 0.27861441 0.29624664 0.56906087 0.42306678]",378,2025-03-03T22:43:16.812842
38,0.8930456320339932,"[[658.67858637 647.42531576 645.94066261 149.60267108]
 [541.42656929 341.22587446 202.26857141 486.97135919]
 [709.09607726 668.67257737 426.20422193 139.43864177]
 [666.39189269 444.27020794 102.88721022 157.22376903]
 [455.0411464  598.75963365 135.82277344 628.27188753]
 [792.06552941 719.16863747 617.65013424 518.14779996]
 [648.13194697 448.01508997 783.89161998 454.30989874]
 [268.12927042 363.24085407 454.39298121 234.94279604]
 [733.22821633 317.08593768 358.26383261 548.68028987]
 [482.39106329 556.30549734 660.9994333  115.09819896]]","[0.92055299 0.47319949 0.1807236  0.02640121 0.93028679 0.52996713
 0.05703048 0.53049234 0.85579743 0.43454574]",379,2025-03-03T22:43:16.821045
39,0.9127273879643838,"[[658.1050643  316.28067909 576.42671812 375.14937117]
 [257.72997029  27.4577443  398.20634693 546.76115185]
 [549.37205078 607.8907913  102.16575081 116.85684378]
 [435.7635688  795.08129288 300.36057116 247.06538641]
 [628.21542796 201.96792725 229.14902123  90.12257336]
 [235.62843772 501.78398558 443.58542889  62.78441583]
 [260.4535789  366.43112064  96.58488139 240.40925528]
 [316.61475701 445.60182467 433.92142938 251.52314538]
 [266.37729824 524.37290266 748.74482499 697.79903895]
 [761.88573443 679.40851994 434.78578981 494.03370541]]","[0.66538357 0.32595421 0.5489741  0.80444551 0.91189798 0.747293
 0.60518353 0.24751143 0.68369147 0.50578421]",380,2025-03-03T22:43:16.828675
11,0.883821514898086,"[[236.52824461 542.68564032  17.93197592   8.42811016]
 [ 16.71744086 241.17555719 261.62485717 265.16958809]
 [722.49276247 142.25889068 217.3485625  549.75985767]
 [140.76932525 112.13433515  45.86920771 455.21974346]
 [413.04189591  55.57222221 212.98478164 122.68119473]
 [338.69650969 133.65152088 142.80451349 671.65656164]
 [765.03102415  25.54124343 425.18664217 754.63567842]
 [760.40084243 527.28007631  66.79777377 174.71340174]
 [163.99438015  53.54656528 732.01006024 302.3159271 ]
 [296.75681297 366.52201139 180.57003521 504.47088285]]","[0.9068194  0.8680075  0.32045107 0.5297603  0.27211211 0.98361758
 0.61946697 0.86192892 0.37298312 0.23604295]",381,2025-03-03T22:43:16.837366
49,0.9498803110348146,"[[623.06446206 629.1578907  458.79752303 376.07273212]
 [572.61519531 732.46906985 246.17240369 351.30126701]
 [362.01049347 415.5674208  650.4891234  596.53687391]
 [211.1021257  535.27742514 144.59302354 393.01901693]
 [247.62536515 186.45142346 445.79666209 563.96408099]
 [134.08599969 287.16749754 427.25851249 514.1402516 ]
 [ 76.48803043 304.06787842 595.3482987   87.35380105]
 [ 29.41628959 648.61932148  51.47780354 423.08836398]
 [624.03125796 343.61478961 350.48091345 159.22163657]
 [190.28566195 662.69564398 682.23915005 689.44503477]]","[0.84476794 0.95636025 0.41743847 0.26521387 0.8403025  0.06714494
 0.77584688 0.13938859 0.17139114 0.65072327]",382,2025-03-03T22:43:16.846935
17,0.9228296668642911,"[[483.89130931 255.4438031  652.37818059  84.93424695]
 [558.70020762 116.11363204 487.31015341 716.68274237]
 [ 64.31927798 633.98279576 262.66570668  53.84519178]
 [790.72980429 572.22600062 242.17866919 233.17753839]
 [325.68792398  26.96705469 660.24379762 434.86860226]
 [493.89847195 379.51283324 508.60326343 262.50153058]
 [ 28.30069345 692.26355851 310.4692634  125.98595927]
 [ 13.09276481 356.05510693 371.35199188 209.08334076]
 [416.42410398  93.67062012 354.83640429 677.39585407]
 [202.10958165 298.82185025 294.04546886 744.00429248]]","[0.85009092 0.19768538 0.36774788 0.93544175 0.84211184 0.57825407
 0.53282822 0.95820066 0.43627718 0.54868658]",383,2025-03-03T22:43:16.855935
36,0.8454591347149127,"[[ 10.28235584  11.64616151 229.15070084 621.23697708]
 [ 87.79903719  97.95325751 118.72419147 485.51707912]
 [629.68635105 283.25730173 483.75960445 743.63621606]
 [ 35.53415457 735.80525412 449.5451682  240.92381332]
 [429.25631083 380.5299867  722.77206401 256.66317823]
 [468.41881458 370.66358553 238.04012071  78.49120545]
 [420.05450899 290.12745238 790.0948339  244.51915406]
 [528.53482298 118.84387458 476.16536279 717.38648768]
 [413.85946943  18.04758328 770.11328621 490.85083854]
 [403.50002908 472.59725948 412.29695782 735.32091753]]","[0.69640089 0.81285073 0.06688524 0.3832854  0.92318127 0.51731651
 0.81064643 0.49621494 0.98005495 0.07720974]",384,2025-03-03T22:43:16.863396
27,0.8623018869816446,"[[629.95086923 144.08189045 756.38022717 405.10104688]
 [435.76057984 167.83036038  76.70584261 781.7035306 ]
 [358.01726038 152.27703572 713.01986403 759.03339661]
 [511.53977403 638.17378768  57.074391   449.43737526]
 [180.25916283 296.21192111 165.98749711 556.66370375]
 [753.58576176  61.49347096 743.45823585 172.24138185]
 [479.09180167  53.40810199 572.615025   365.35098528]
 [434.66377589 752.19529589 519.72874632 423.63036813]
 [633.86718183 784.05743678 100.75701064 448.06914911]
 [348.42789331  46.74723165 176.75794452 623.36276652]]","[0.24638209 0.33705009 0.37206386 0.00664904 0.55700884 0.81948292
 0.95357796 0.78300967 0.6604356  0.97349723]",385,2025-03-03T22:43:16.870827
15,0.8396837599799096,"[[187.58434911 247.97216146 410.79568777 340.73391949]
 [315.63467962  26.48113187 267.66913773 353.3686194 ]
 [ 38.1906655  493.7946765    2.44397289  16.24691906]
 [315.91867484 528.38879274 458.13725356 279.66478145]
 [623.27145434 160.016671   688.14189073 410.78513241]
 [ 51.90477069 182.11487452 173.88026924 404.8505322 ]
 [234.90005207 752.82464448 328.2773219  618.94323826]
 [756.59745987  65.6616882  312.87303883 586.67232217]
 [479.54614236 660.66848221 482.52746988 119.05740246]
 [581.20666097 153.10754688 312.03801581 466.43402367]]","[0.61934346 0.38629018 0.40834436 0.65521387 0.72454643 0.29206797
 0.16405735 0.57305919 0.27365394 0.25626416]",386,2025-03-03T22:43:16.878508
28,0.8445208051700146,"[[429.09855771 103.84541976 444.70379962 236.92162192]
 [387.12750204 115.70605541 754.14894887 253.3316157 ]
 [229.56167904 369.92176845 340.19490208 573.21581525]
 [489.92068215 786.10387667 557.53127583 105.08790365]
 [449.54857062 587.88982665 622.68439363 711.57723685]
 [ 54.62557492 390.15495467 713.09039393 188.88181827]
 [402.61633241 679.12983866 117.45612041 572.33417137]
 [760.83149465 324.0945466  469.16938588 111.15206539]
 [352.95732393 158.84807724 516.06912352 664.82884546]
 [309.854533   549.21073177 236.26888214 721.17498609]]","[0.66743159 0.85410549 0.71511033 0.49558639 0.46485151 0.83021268
 0.28631981 0.82742256 0.56937349 0.50650837]",387,2025-03-03T22:43:16.885530
12,0.9269029838982566,"[[716.4440261  175.92591309 406.3077045  377.45970824]
 [578.4028252  545.83467145 739.44142175 519.85665562]
 [776.9989643  444.74058853 292.65674047 112.84952951]
 [158.10138209 477.40974801 719.6899212  681.36667892]
 [601.45194048 180.16108921 787.98098511 649.56046516]
 [417.29267944 742.19821477 450.194747   239.32002292]
 [ 39.20884475 267.18181661 782.20681441 503.32558361]
 [248.82738219 296.12105497 389.25346994 715.14142585]
 [  8.56946066 662.97174582 249.93859245 487.61558072]
 [176.08002682 336.88890376 300.80719017 104.73097967]]","[0.0599201  0.05173509 0.21658704 0.99742002 0.91977661 0.77927972
 0.83640784 0.64654275 0.97608038 0.47514277]",388,2025-03-03T22:43:16.894054
18,0.9471590744685116,"[[232.45157253 431.25609694 685.68834957 561.63486859]
 [ 56.94765156 722.88466317 440.72897937 125.26255632]
 [128.90321209   7.28400263 122.68902245 353.90088311]
 [588.26255293 133.60992273 115.56461343 651.55750797]
 [213.86713478 352.05380167 322.58538243 186.49305236]
 [695.27321792 470.9596104  133.55636228 192.33522691]
 [347.35155749 500.04286795 398.48826814  56.62361802]
 [486.92946988 776.92357545 108.46171365 437.33879953]
 [505.5010925  311.1076514  329.95300145 442.22004473]
 [779.39266473  25.2667247  425.13135869   6.91152887]]","[0.51634876 0.42514744 0.57167268 0.91485405 0.70421428 0.52048301
 0.98383255 0.6686256  0.23374514 0.12247051]",389,2025-03-03T22:43:16.900053
48,0.9290078942177226,"[[338.11122281 689.56725887 740.42470964 716.09883033]
 [623.68126057 202.9380403  154.01696516 262.30636806]
 [565.29439979 130.75159922 314.20650758 554.70645221]
 [779.08900122 560.2783514  180.56561385 401.50086658]
 [460.18006745 445.42872204 590.46211382 165.38400941]
 [ 89.7440775  265.35981745 392.33916418 517.77780552]
 [486.24155041 602.34157715 212.00152872 708.78983782]
 [452.62656493 423.93822624 631.36856379 777.63304864]
 [577.27519838 136.11926834 228.25768408  75.86601741]
 [652.59193523 690.97908885 258.81859044 314.24173283]]","[0.58391292 0.3525423  0.07493708 0.93954245 0.6991079  0.17802484
 0.53216512 0.77016592 0.52290252 0.565464  ]",390,2025-03-03T22:43:16.907127
46,0.8656397649452728,"[[241.49717484 564.86941655 492.30407983 140.63653105]
 [426.83236867 387.26425654 217.76613706 519.36332409]
 [499.34154273 211.70474012 748.15693449 479.85391339]
 [131.4393868  581.68419444 717.6300793  697.20953752]
 [565.17060128 275.3845464  275.52270497 736.89221114]
 [367.82272856 171.98940804 214.64188227 760.6992072 ]
 [ 68.31594105 475.65649811 219.53490208  49.4416353 ]
 [ 93.55894285 529.87672528 760.70921526 199.84644537]
 [567.7364341   33.35136499 243.71671843 359.89826961]
 [787.2129729   24.15400259 205.31985011 529.79700624]]","[0.73911988 0.43379211 0.78694801 0.95449984 0.92207174 0.76075568
 0.25756397 0.96987823 0.60042331 0.26922575]",391,2025-03-03T22:43:16.914174
17,0.9083677507786538,"[[1.97481214e+02 8.99889156e+01 2.47297478e+02 6.98198325e+01]
 [3.05527325e+02 5.35484253e+02 6.49151749e+02 7.59966667e+02]
 [4.47244685e+02 3.10215498e+01 7.00192513e+02 4.18008119e+02]
 [1.13498141e+01 3.15592336e+02 1.15998336e+02 2.97003390e+01]
 [6.37389893e+02 6.39517984e+02 2.69402802e+02 6.79721820e+02]
 [4.39392589e+02 1.97524935e+02 2.70528822e+02 7.48170138e+02]
 [4.47904195e-01 3.39206149e+00 6.58975977e+02 7.80421106e+02]
 [2.48117586e+02 2.65667586e+01 1.97932222e+02 2.64839074e+02]
 [4.15870173e+02 3.79806166e+02 3.26452049e+00 6.74415849e+02]
 [4.65650767e+01 5.47859982e+02 6.26336163e+02 6.04899401e+02]]","[0.48899473 0.12605132 0.28832356 0.2758621  0.29625442 0.95240405
 0.66871235 0.11225886 0.0599257  0.67066895]",392,2025-03-03T22:43:16.921293
23,0.8102582774587407,"[[355.985427   389.26639802  48.52246671 412.30893594]
 [479.4598411  753.2891077  332.7213293  693.26821285]
 [700.27564323 406.34188041 284.36906207 224.01236229]
 [492.98901117 379.38255089 441.14550777 775.61517328]
 [388.89797104 336.33973603 707.25812398  72.87450367]
 [483.34406093 638.79247339 214.03920929 461.18183813]
 [261.6857672  509.58349462 578.25980431 633.98773134]
 [427.89801429 411.52781927 637.94016488 647.17357602]
 [340.91349266 796.63529142 382.47736574 668.32616783]
 [448.32830424 125.25690634 326.23279524 772.81952525]]","[0.45972944 0.11200955 0.49005876 0.08104918 0.26154891 0.969547
 0.12272809 0.7523782  0.13423862 0.08986175]",393,2025-03-03T22:43:16.928365
42,0.8568322161070906,"[[235.86884509 197.18046668 602.20502255 750.99802624]
 [571.5035661    8.833726   300.15946656 435.78802091]
 [ 93.16249538 694.40595047 515.5645596  102.60556109]
 [422.04279394 663.73628133 199.06170707 680.13404182]
 [677.515903   442.56556087 265.94157766  53.45799774]
 [300.14326622 418.03732354 332.63767991 658.22075659]
 [659.23020723 638.11320698 630.66391763 312.85693445]
 [147.62108903  51.80241533 187.9255333  589.64856244]
 [365.51780112 176.06511675 636.9241361   11.46600228]
 [490.31343244 136.39678703  20.14122828 765.86773304]]","[0.52383229 0.10468316 0.39847412 0.61523667 0.54071647 0.16404002
 0.19527236 0.47696504 0.0258116  0.51534615]",394,2025-03-03T22:43:16.933998
27,0.8283725463697512,"[[126.30892374  95.99522983 285.70064337 144.20764263]
 [241.53433437 293.81408543 610.03013476 790.46522276]
 [793.79213316 387.93730705 714.72916116 318.24158977]
 [ 29.34482953 494.18637759 277.90693715  67.75078162]
 [417.27686316 174.15061648 562.30469111 362.56401942]
 [633.39525906 772.31686694 625.95238598 408.76151893]
 [213.7707658  588.3986282  452.49360262 773.47663716]
 [110.91540069  13.25061771 405.10151269 784.68348207]
 [209.5961063   85.80466968 330.86440722 606.75041342]
 [367.22976219 766.36665731  35.72904422   5.22574337]]","[0.67260156 0.94241731 0.66157829 0.4121346  0.42103824 0.44694077
 0.58152263 0.14385294 0.54086157 0.81963989]",395,2025-03-03T22:43:16.940672
49,0.9252645181677401,"[[ 74.85850096 787.60059361  61.15890069 601.86318148]
 [413.69235879  12.95526684  54.14978953 173.70867873]
 [224.00381701 245.25061146 142.69082465  99.02748317]
 [144.64647734 303.73500767 184.58648849 677.00605207]
 [403.66671179 738.50447866 646.13049213  90.16866098]
 [654.8029917  219.61542884 616.18088084 260.96703253]
 [684.78860462 530.68883093 375.66324323  14.24815498]
 [714.29235812 464.88729245 256.96447362 650.15671169]
 [616.53768746  72.67558114  68.46822257 331.62644725]
 [609.12405917 205.99111184 758.72133833 364.88564287]]","[0.86127371 0.61894836 0.65723883 0.10738296 0.65445553 0.10704747
 0.79260603 0.80700223 0.26683282 0.18491111]",396,2025-03-03T22:43:16.947139
47,0.8784922733916954,"[[789.96068132 374.17412811 669.66468171 746.58267292]
 [560.78251056 373.6328986  754.64148934 375.4227744 ]
 [254.94944548 183.37129319 546.94885113  28.84147846]
 [422.76863558 506.37709116 437.8422007  554.13080696]
 [312.6527911  767.97233515 698.72644123 219.07939935]
 [414.56824195 239.9918209  307.80211244 751.26087869]
 [561.52722589 301.89494347 306.3864446  578.46758503]
 [498.62346988 539.54662673 787.10393317 665.63917734]
 [742.7339057  758.15767064 636.42077433 101.27217783]
 [ 21.11075915 606.69095675 585.79413903 701.22787404]]","[0.1298095  0.26134865 0.80866752 0.71989942 0.85165776 0.60399329
 0.61277773 0.49463866 0.62591762 0.28690225]",397,2025-03-03T22:43:16.953389
41,0.8074667321107756,"[[419.30225986 644.23304851 762.91660317 500.39677265]
 [ 84.50057025 141.04615631 481.11175553 405.19494453]
 [175.24016861 160.02122775 711.32471128 268.09483749]
 [267.56308959 772.87233346 506.82991513  74.84812351]
 [136.55908154 197.78520335 579.05155454 559.98465815]
 [372.12467431  78.79972905 344.27807481 190.54499878]
 [401.02142442  11.26565033 671.34918257 798.10343475]
 [334.72933312 680.58761025 148.77685231 231.19229871]
 [502.28848569 284.28187419 403.9457979  614.91552334]
 [ 78.62470201 789.14950098 787.1597004  106.64740061]]","[0.04074997 0.39214001 0.15135339 0.80033217 0.45354441 0.17719614
 0.04362936 0.58110533 0.93845118 0.80871696]",398,2025-03-03T22:43:16.959421
27,0.8402157244485767,"[[ 75.28027269 261.0244277  361.86219945 676.01358274]
 [267.30565467 497.62840507 453.75316875 149.61218006]
 [789.52388783 167.27805746 124.562202   264.68055392]
 [685.14401328 778.96376318 248.40257163 255.63927489]
 [398.70675193 362.66841134 719.43129344 198.08477548]
 [386.01185518  38.74037017 635.92961534 375.50939332]
 [444.96512599  10.50540469 316.16433007 381.19051884]
 [336.02618396  83.57432999 280.63192274 664.03710682]
 [620.44289034  89.67582509 593.46955674 682.46413654]
 [316.04909155 487.78903658 322.36197933 586.81176835]]","[0.34516384 0.76307771 0.20158341 0.93447804 0.63823776 0.71830453
 0.19578111 0.30479551 0.52935313 0.66143912]",399,2025-03-03T22:43:16.965423
18,0.913433068991247,"[[ 16.6106299  528.60980935 352.03950528 676.83753992]
 [374.97441281 720.82526628 626.37241313 681.7014646 ]
 [374.23192965 685.4548566  690.29716843 679.42589479]
 [638.81325381 791.93028385 454.68385228 793.65571316]
 [264.67525654  23.54454781 601.22642134 476.82990819]
 [370.21234971 525.10393627 527.20212636 153.29030608]
 [254.83346448 769.63835115 455.19674457  37.48572546]
 [ 90.82850948 592.49931973 268.13545681 267.40652879]
 [663.68397754 254.57407062 718.77312928  16.76657007]
 [153.68806561 568.80959096 192.80293617  34.84035031]]","[0.19878569 0.36049822 0.15023557 0.44886778 0.29221852 0.11836782
 0.35882588 0.33666137 0.54229584 0.59479704]",400,2025-03-03T22:43:16.971542
18,0.8646119575623247,"[[364.36696478 628.16824625 570.83219237 197.4420465 ]
 [701.8866058   25.11454862 754.81169141 541.19376074]
 [ 14.94111391 108.974407   339.62301566 200.29502504]
 [584.49826133 778.02785253  57.60433837 254.94798746]
 [288.77612685 339.07827309 374.24602895 192.59780057]
 [326.75313196 532.13690355 772.00486999  47.40308177]
 [493.20277046 337.47282596 451.94375331 394.5788295 ]
 [671.5438468  376.903864   338.88871101 466.54218746]
 [172.48160146 273.88826665 412.1945901  549.84527913]
 [168.42088158 746.30168908 426.86117826 460.63318039]]","[0.97806825 0.80379524 0.37104262 0.45370463 0.0389506  0.88758493
 0.45273546 0.98450064 0.49461862 0.38683934]",401,2025-03-03T22:43:16.977938
42,0.9053636648031546,"[[698.24506899 356.50503286 288.56045252 792.58235886]
 [141.99328759 314.06778351 191.32330643 413.96389342]
 [551.23138074 487.80138322 595.73035175 448.18013058]
 [481.96781131  99.57509348 662.10748845 501.69512052]
 [591.13137491 313.81726368 540.17339834 443.55906336]
 [215.42010174 103.6160538  665.03447062 434.43657756]
 [767.93951607   2.36122906 212.07287788 128.80538779]
 [417.87015909 556.99931404 773.11839    108.75205573]
 [601.97952282 132.14570126 421.06589931 530.1509846 ]
 [426.12434406 744.47728176 405.88996531 344.3199258 ]]","[0.34670555 0.4087566  0.45131493 0.01328029 0.43990338 0.06847041
 0.25100047 0.87835204 0.19254262 0.79888519]",402,2025-03-03T22:43:16.983354
48,0.8426234248728867,"[[728.54016695 356.10371328 222.14519689 476.32591325]
 [616.02489431 128.20781683 311.74513466  16.96691372]
 [347.50868894 792.29279169 609.47828115 330.39956272]
 [682.55948158 638.74866736 763.20376681  53.85381457]
 [630.60016617 103.31396694 792.19319823 775.02238094]
 [795.11690522 678.68872722 159.06020801  72.93527957]
 [466.63041995 655.67178213 409.41662509 233.02584716]
 [ 74.9107743  355.55203257 235.3081501  409.03106483]
 [ 16.83296581 183.42974732 632.20468494 742.92284999]
 [583.66566124 676.11465373 183.39693902 495.80085363]]","[0.45833835 0.67081303 0.25869208 0.60027982 0.94134501 0.64102654
 0.45724234 0.51942764 0.52140453 0.52643386]",403,2025-03-03T22:43:16.989818
13,0.8394783667589127,"[[490.28099066 428.1498484  656.74186724 253.4758869 ]
 [669.79216846 145.69997278  70.47078197 686.0675615 ]
 [226.85223019 203.0257403  792.15081786 193.78748831]
 [378.75298536 167.04852067 430.56973194 643.6319876 ]
 [299.89476774 351.02969329 673.65607256 453.35293111]
 [495.44731732 752.82643037 131.14149925 321.27463503]
 [635.56336867 508.36868955 636.22902866 452.49274494]
 [509.84944637  64.60751449 553.0647091  522.09223184]
 [742.0079983  768.59581619 549.71778779 127.27950291]
 [617.93977504 278.02070261 294.96041737 651.49503524]]","[0.95388381 0.75634693 0.66053209 0.66571481 0.03327359 0.27751137
 0.01056403 0.587685   0.41372851 0.80113149]",404,2025-03-03T22:43:16.995859
13,0.8490598676465642,"[[3.46110266e+02 4.52612600e+01 6.45530943e+01 8.14055394e+01]
 [3.62904760e+02 1.69253063e+02 7.53091338e+02 6.28486123e+02]
 [4.30259191e+02 7.06653815e+02 5.50832111e+02 2.39402736e+02]
 [1.16734076e+02 1.49646489e+02 3.89515882e+02 5.66928001e+02]
 [5.06198620e+02 4.43233421e+02 9.78657324e+00 4.33875746e+02]
 [1.69700039e+02 9.57950946e+01 1.89391395e+02 3.80948902e+02]
 [2.99090460e-01 6.43229050e+02 5.17834512e+02 4.07806953e+02]
 [7.04220406e+01 5.82207343e+02 5.28313734e+02 7.81209475e+02]
 [4.80943951e+02 6.68937766e+01 7.29084664e+02 2.41273365e+02]
 [3.07909675e+02 3.29709149e+02 3.73568660e+02 4.25386681e+01]]","[0.5896441  0.49665523 0.23740722 0.45841195 0.35078804 0.37943476
 0.49090244 0.74037039 0.08597249 0.07172047]",405,2025-03-03T22:43:17.001865
17,0.9110527892862234,"[[ 41.5114438  305.62477726 339.71682312 313.65088017]
 [766.38307897 746.26944209 447.42175042 394.20748983]
 [341.60261866 402.99504959 309.2942395   21.33130911]
 [ 23.38772419   3.34130189 621.55640816 644.56681874]
 [123.57310525  18.17475423 127.27644142 245.16501102]
 [699.99038088 189.91008575 122.9093579  676.12311256]
 [642.47692873  18.00169734  96.87853912  22.17896875]
 [406.52042049 281.72038653  10.01032995 789.30177586]
 [790.08374967 501.86537717 295.26081404 535.0728798 ]
 [691.66854842  58.23365453 555.789792   153.67391486]]","[0.76369017 0.06970677 0.29720521 0.61704651 0.23906763 0.61152469
 0.72655292 0.69777772 0.97584277 0.65550535]",406,2025-03-03T22:43:17.008865
18,0.8946832993552228,"[[368.06522549 274.33441542  27.72874022  31.16639996]
 [272.56462367 446.04054546 790.50557372 429.64980156]
 [348.79057652 672.3802171  149.87880022 605.67935283]
 [769.15697719 658.65983455 540.89237875 501.88403855]
 [393.85966772 734.12845601 501.71912597 460.37169611]
 [190.65337298 621.72896192 572.37688654 320.28296063]
 [796.94541981 413.00932525  67.69122929 290.36827586]
 [722.61888486 711.23323424 525.34665355 315.52375145]
 [517.23708251 204.95045493 763.48370541 270.48121722]
 [435.61218582 618.46887694 287.10471715 682.47694325]]","[0.11914048 0.66552321 0.83019765 0.8860159  0.20152963 0.33331712
 0.27915308 0.08295957 0.02402381 0.52799757]",407,2025-03-03T22:43:17.015391
22,0.9174749253360667,"[[367.203469   273.46361269  82.05055854 476.00759477]
 [432.83185269 304.96476607  35.08751256 636.9518304 ]
 [435.46110106 608.03578974 776.73363641  75.11268785]
 [104.47132688 158.38307485 703.80887572 576.05335625]
 [544.0974953  432.64585791 295.41259131 237.26273686]
 [140.5964696  746.93324029 688.39972419   1.17644767]
 [342.0971882  349.321689   156.28979888 769.38355589]
 [583.24899853 323.55142287 320.36305146 324.83783417]
 [102.08847167 128.92711325 595.74522361 138.38719041]
 [121.66929535 771.79858558 594.15166206 262.58475132]]","[0.64468754 0.80324265 0.28501958 0.89169419 0.96080587 0.60559082
 0.44577959 0.70110669 0.56491852 0.62577383]",408,2025-03-03T22:43:17.020675
36,0.855384460989568,"[[626.00252992 381.52176586 433.17779529 787.81219442]
 [ 55.99630798 516.89675867 117.59440795 100.62653478]
 [563.03952943 120.35519323 285.70628974 615.40831546]
 [ 47.77817285  90.80632426 130.73884811 365.79101043]
 [ 95.77349039 670.0859067  188.31019804 510.96153688]
 [636.10463229 719.83216995 609.9769646   96.37950002]
 [616.0218552  507.73416722 221.75728424 491.7692599 ]
 [ 17.08146637 243.0626618  332.80655681 293.28217903]
 [ 93.52489449 566.48192324 495.64070386 663.48719005]
 [161.93479259 694.04546128 704.58303353 210.33222589]]","[0.82926156 0.71855001 0.56133008 0.12112245 0.13627302 0.77906068
 0.28178988 0.18575067 0.59141044 0.22485342]",409,2025-03-03T22:43:17.027677
47,0.9379305270314067,"[[589.42187447 235.59366616  17.7989192   81.8853512 ]
 [759.96747024  48.5209159   62.91317008 303.01375157]
 [514.29694051 568.62664725 536.92933029  81.08188712]
 [640.24151797 162.48136941 436.03822032  54.85980539]
 [750.73786414 474.06918985 118.3176092  237.17309442]
 [646.37623939 407.85910453  39.82222864 406.53556091]
 [519.88560066  59.68422389 506.43939774 628.99095919]
 [736.02998853 769.29410052 378.13069787 397.14986385]
 [623.57819678 119.94739651  23.37896662 176.16440849]
 [580.75419402 550.82936865 281.05172576 502.06812848]]","[0.41943167 0.60317746 0.42319435 0.24767791 0.10605066 0.47577208
 0.69523661 0.53885419 0.5582983  0.95010292]",410,2025-03-03T22:43:17.033753
50,0.8084838814955522,"[[110.12086717 265.0702714   56.28159605 475.64771082]
 [125.01177861 457.90690502 345.45660514 696.65798893]
 [199.98247626 441.6718351   41.25318583  17.05444964]
 [717.81682389  14.06709414 432.918569   116.08255166]
 [488.26264967 185.27850503 758.36889699 140.86602284]
 [440.44017268 177.91165611 324.50972107 156.03143127]
 [ 46.71300179 585.98815146  18.00348618 742.8339395 ]
 [ 94.49567559 457.54565969  45.75397748 720.83598783]
 [639.53835849 498.59913126 774.752859   442.07087126]
 [751.48062253  86.64597079 288.38957754 351.48794509]]","[0.57370136 0.51211235 0.78254117 0.07621316 0.76845001 0.38388751
 0.56147559 0.81056395 0.07941834 0.42535275]",411,2025-03-03T22:43:17.040929
23,0.8264283177431317,"[[566.93084512 214.93719122  32.28245632 307.92917728]
 [329.43489058 632.0344977  308.0242071  709.61477826]
 [ 73.26525363 700.31388831 420.24901096 542.78436052]
 [ 43.81084737 378.65137806 647.86895568 410.78801985]
 [ 30.75944756 244.2455461  269.1252912  480.10741539]
 [556.6003649  137.57334936 197.46731549 670.18535348]
 [202.40984329 369.34102354 661.03376507 765.11866522]
 [173.63507567 286.43876787 148.43251157 461.09967281]
 [536.78290157  18.86661633  10.20885922 593.64965868]
 [374.22519287 501.4280142   14.59620368 127.65873325]]","[0.84603838 0.74224219 0.10182758 0.15628776 0.46768205 0.60437061
 0.74989447 0.46447438 0.78639202 0.87209887]",412,2025-03-03T22:43:17.046652
19,0.8715413946577045,"[[272.02953425 449.49679967 376.55404619 585.41671707]
 [186.74470395   6.162      691.64176737 579.69857555]
 [161.22192176 239.95511785  53.66299112 283.85359527]
 [240.39186003 164.28273492 113.50030086 324.27574788]
 [356.05597686 378.89044019 686.37840115 411.35158199]
 [401.19988605  34.06400952  94.67892796 162.11712226]
 [410.45589608 673.83053964 334.75665991 286.44611454]
 [618.92975884 175.56844669 643.93551797 444.78315532]
 [761.32714172 789.55778803 489.62088379 105.00896804]
 [435.55422282 692.26526015 534.35005109 133.78135465]]","[0.33156644 0.31373157 0.84686436 0.63578184 0.93702396 0.58513754
 0.0781406  0.87788327 0.72898522 0.02084198]",413,2025-03-03T22:43:17.053274
47,0.835229406041402,"[[ 75.17759558  45.1602184  761.0977965  278.46984481]
 [ 43.16530744 142.4424673  343.81152231 506.04940356]
 [585.7027604   96.31973618 401.40620477 140.90633954]
 [161.63816012 676.43698096 745.63119977 199.71602901]
 [642.60859498 646.36366319 546.83583189 546.20368836]
 [670.36167589 478.59956637 173.98407752 162.48398399]
 [161.84650771 512.50762052 336.61083796 777.88379156]
 [204.72129117 767.69898239 756.02745484 382.02573677]
 [447.79102569 317.93621472 746.12351261 505.70783286]
 [598.62540831 392.94540605 213.12958588 711.06925028]]","[0.29774606 0.85817367 0.74950645 0.0173586  0.49541583 0.06722125
 0.5430269  0.46708192 0.55165528 0.22310608]",414,2025-03-03T22:43:17.058455
38,0.9064678990027227,"[[538.50780641 753.87124874 249.52535069 492.24816143]
 [280.01001066 427.81384999 690.24789158   6.11588255]
 [259.70104797 381.62829132 169.39372418 729.04253115]
 [548.07649876 414.54252132 192.29215689  99.4486783 ]
 [385.11194304 768.32116377  91.02104113 365.25008981]
 [463.32838187 234.99690919 636.85912559 323.1413022 ]
 [552.68893383 413.51849276 772.91961935 342.72728431]
 [ 78.35058427 651.38430543 459.90272379 526.83336593]
 [607.7060043  166.30706262 490.20338098 549.91746721]
 [609.95247098  76.97569288  72.23134804 681.02011063]]","[0.26897365 0.15698683 0.87777181 0.59443085 0.44605781 0.70584153
 0.67262112 0.01478958 0.02034715 0.9031508 ]",415,2025-03-03T22:43:17.063907
34,0.8226713989937298,"[[120.01427944 132.38303606   9.96067596  34.97939969]
 [ 18.9256961  202.10198102 113.58626213 773.40518912]
 [ 48.84034428 120.43055216 482.44286848 375.15881351]
 [  1.6607587  742.11945674 785.97383562 115.50868449]
 [640.81045321 306.03335095 668.10429511 498.22910007]
 [714.14548431 732.49567879 547.5040343   31.22880387]
 [319.3989602  777.44139297  78.19918206 667.61115497]
 [529.77525226 280.02556918 585.88043833 611.30694853]
 [553.81710643 299.56289479 563.71073453 439.66417093]
 [426.36752615 385.16720079 501.30190861 444.65955361]]","[0.79623384 0.72447008 0.6799035  0.71109322 0.67720811 0.06598514
 0.64418815 0.15181494 0.07427529 0.75688332]",416,2025-03-03T22:43:17.070676
42,0.8834559687676038,"[[521.84855046 237.67460345 201.13951625 693.0076781 ]
 [748.3457147  735.07725613 500.08198285 256.5086355 ]
 [530.5560874  737.59060833 410.72310052 597.19509201]
 [328.38995944 181.29429605 449.7815258  174.48734878]
 [174.5090647  786.5458247   10.37108812 564.90327279]
 [662.81585741 788.53924661 434.31884024 104.93934523]
 [609.83952352 694.4424468  309.62917606 186.47024338]
 [610.83488931 283.39269804 365.03120021 228.59315841]
 [490.07138905 152.24205187 525.05941704 483.95416418]
 [222.35246228 549.75175653 488.35504403 668.00498103]]","[0.25194501 0.17725018 0.83450105 0.1406399  0.31086493 0.78214512
 0.52720975 0.34291103 0.14735938 0.22545407]",417,2025-03-03T22:43:17.076225
13,0.9323742900888695,"[[707.57038808 466.36514456 253.38566046 697.42953787]
 [251.59429834 262.6273906  247.67132388 563.67215664]
 [194.48926341  81.85922759 408.66258728 335.48767732]
 [108.86158474 490.37686511 153.19055724 688.69359608]
 [540.45284718  29.92377704 635.93681601 757.1777339 ]
 [487.19419187 723.80705558 562.99574772 186.25115337]
 [149.92051825 639.15046769 500.45877454 540.91670381]
 [508.03170505 311.37888677 603.8184269  738.70697715]
 [481.61408355 182.63307221 612.5957957  112.32671886]
 [726.44128021 170.60834548 520.33808037 665.34185054]]","[0.89032365 0.84314844 0.01154403 0.63749953 0.74035028 0.62733313
 0.15032096 0.54483279 0.17538267 0.94734108]",418,2025-03-03T22:43:17.081607
17,0.9264566420771337,"[[156.11970788 325.34159295 389.38417658 190.09384139]
 [373.61119452 348.54110812 708.15130532 683.43122147]
 [477.14694877 735.66410326 425.80327152  54.81319616]
 [183.43637336 682.04952502  15.03400326 539.18182304]
 [573.18103462 744.15362027 565.29190928 514.80004287]
 [623.52998144 377.35161719 731.61641057 398.38675644]
 [696.15318225 420.37281002 440.45736196 192.4009395 ]
 [459.33939515 155.38741209 253.01188108 246.12764491]
 [451.00493853 355.52896025 175.80716714 497.24880485]
 [622.45513739 637.47173553 791.61246665 101.69594114]]","[0.61301265 0.34569499 0.9649393  0.81522954 0.42831242 0.98670614
 0.98934204 0.19463919 0.10543972 0.92837384]",419,2025-03-03T22:43:17.087699
26,0.9180221286306123,"[[557.13192436 409.7714216  218.51887204 111.89791111]
 [576.11329015 359.26498906  47.06022136 178.61603443]
 [716.44950211 788.01683349 476.96570465 761.72297356]
 [403.30212009 798.37213334 231.14566665 291.80089047]
 [178.37130792 762.1901338  741.32656185 345.35211086]
 [ 71.75995875 311.91745766 527.8380282  491.14249133]
 [  8.30322266 295.45025008 339.21067295 164.58899653]
 [407.74863278 353.65774139 363.08294404 609.04709975]
 [575.31459142 519.68438316  82.16103599 522.84403195]
 [113.23599054 492.55017587 392.00139766 160.04156795]]","[0.52448644 0.33343908 0.57798285 0.24635239 0.9864133  0.90435725
 0.43170579 0.93710677 0.48515607 0.88407923]",420,2025-03-03T22:43:17.094708
38,0.8573365155294901,"[[729.34398128 418.46811529  12.3031059   60.16888995]
 [752.97979872 734.20603923  72.57182105 450.33645513]
 [475.28370072 520.48535112 216.36717237 408.96352309]
 [273.18207471 153.7165314  333.72400622 375.27271789]
 [ 40.95440771 715.09286198 570.06026748 556.25712976]
 [ 27.74040851 150.10392234 412.41949066  33.51710914]
 [592.94733529 742.78817735 342.34319289 690.03388689]
 [731.91163604 621.13307579 122.0165819  503.86204494]
 [413.90173411 219.25431658  57.36883522 308.51374943]
 [219.53066849 343.44568589 469.4284221  334.23293352]]","[0.47330403 0.21166166 0.84338118 0.98977817 0.32707347 0.6487488
 0.52653846 0.78470665 0.65633092 0.57786551]",421,2025-03-03T22:43:17.101849
23,0.8959391812988007,"[[716.24969179 318.93908783 206.01768109 499.03043515]
 [390.36023313 574.8649789  377.29222271 586.1578373 ]
 [295.0896813  705.27475855 592.63384246 666.97218605]
 [747.96483532 636.22357317 612.30277563 574.97944816]
 [355.48905721 744.387505   450.65401671 505.90256744]
 [760.50535226 191.75001904 723.63303706  10.62439111]
 [401.68778418   8.53978127 249.85436891 454.12407447]
 [795.86293065 680.92756085 482.75212069  57.62090938]
 [459.58158172 226.86696828 428.01347079 630.75075794]
 [268.2249655  123.5395801  510.9903235  318.78238755]]","[0.91184638 0.88360337 0.49368504 0.59609117 0.79130322 0.65291067
 0.8161148  0.83403263 0.24723301 0.15564901]",422,2025-03-03T22:43:17.109850
44,0.870488397268952,"[[731.48967548 394.33348843 343.96934623 555.80274833]
 [308.15114717 692.75600254 731.41272742  37.66768521]
 [676.9461916  737.14021962 682.20346855  23.10332073]
 [192.52686645 476.20838649 626.7230609  659.18911508]
 [780.2397572  297.94214335 281.10938612 419.71032878]
 [453.47235691 696.64771537 795.58423074 476.09387876]
 [183.18402086 522.50904281 693.29405359 504.69192248]
 [388.26409987 201.12533068 407.13284965 406.84479526]
 [301.42301869 372.86341127 580.00723614  66.92180072]
 [252.3037696  175.90378544  47.76428446 359.3783659 ]]","[0.58705732 0.32844805 0.8267475  0.55153671 0.94351861 0.3521827
 0.30991768 0.01774744 0.66886236 0.59132701]",423,2025-03-03T22:43:17.118708
42,0.8103941095181327,"[[414.05709777 617.53619458  18.08621425  77.63546062]
 [477.78298047 303.32768039 609.23373006 241.61501052]
 [526.72293889 654.70048437 732.37142548 198.06468665]
 [420.61050565 161.43053852  69.6158092  644.41589991]
 [485.74804355 141.98722844 680.14940875 516.52408975]
 [665.60244389 331.73566958 674.59003934 796.42208611]
 [417.01383045 251.6130116  352.37352698 301.45105726]
 [666.45095031 497.44474433 528.68236896 188.8700763 ]
 [766.11807068 694.23475452 132.34379716 647.19718167]
 [334.26721901 544.16560543 250.83665988 562.11504782]]","[0.49405546 0.09150823 0.17114023 0.57222958 0.0770364  0.70448809
 0.7457193  0.11741776 0.92612664 0.72168854]",424,2025-03-03T22:43:17.125957
20,0.94722366157978,"[[162.97213351  49.01373223 652.95648804 167.27957436]
 [  8.35242418 761.08495704 204.86800558 182.32823042]
 [144.21545576 584.90860429 759.20715085 689.60768193]
 [787.11270409 310.77265361 487.89135475 516.51580895]
 [640.10595392 511.53856631 629.83046221  53.60524101]
 [586.10822237  21.00317286 295.22041092 718.74531749]
 [ 62.7400021  297.75669747  55.60499875 139.26044782]
 [509.11908024  85.12712417 620.30466095 553.61083968]
 [538.6246131   37.91811034 187.30032654 399.99551539]
 [693.89497278 285.1309874  318.408708   515.93284573]]","[0.36647201 0.481086   0.15917501 0.05787138 0.72436192 0.45852852
 0.37577628 0.00366609 0.73271108 0.53993902]",425,2025-03-03T22:43:17.133618
10,0.909048249444648,"[[235.0685939  378.39613955 589.20674256 762.75879989]
 [265.59534329  58.80948202 314.05494836 433.49616002]
 [307.94208928 242.34960137 489.78269402 131.16537418]
 [511.75659405 425.91442453 211.66616246 480.57062253]
 [170.94606666 420.39726902 192.03605178 586.60988722]
 [172.44700443 301.59566894 462.4129633  352.14535668]
 [525.51821045 450.1051062  797.11829304 325.57114141]
 [564.03377366 620.90241795 145.77689289  30.36682075]
 [327.07414674 671.59660153 378.68896687 449.5456432 ]
 [755.76047991  50.44759845 176.56891923 626.15378654]]","[0.86754428 0.92691682 0.87104162 0.11515787 0.51225316 0.94887064
 0.58343504 0.60291091 0.80373358 0.44096204]",426,2025-03-03T22:43:17.140319
37,0.8743447293243153,"[[551.8394199  488.10960217 710.66600759 639.0716872 ]
 [350.80404419 169.83188298 396.33135146 404.23894314]
 [572.01682623 588.52451851 162.71283412 551.21141136]
 [257.63318748 753.77271496 293.97915414 220.57540971]
 [388.27842221 218.08823588 563.4981009  419.3964319 ]
 [717.16081956 788.51333392  79.70279028 317.18306607]
 [526.62848368  27.53542632 633.65201738 156.29936103]
 [587.62912903 497.93219805 312.76738389 756.21272972]
 [771.96600072 532.41264418 784.23481114 758.84355281]
 [693.05428479 130.27767849 334.25492429  82.17786411]]","[0.82327349 0.09832778 0.35822218 0.3153101  0.53493368 0.50881366
 0.99828509 0.55074165 0.79313867 0.9583465 ]",427,2025-03-03T22:43:17.147027
15,0.8894220117014181,"[[719.75140774 528.02245584 467.03420427 601.59786474]
 [508.18887983 111.80496296 457.98592664 250.97340393]
 [694.8235383  790.7459816  515.12001381  29.17327311]
 [ 42.07070767 783.61901992 271.57706692  96.8405458 ]
 [261.42483284 734.93667895 211.7887704  576.21790779]
 [285.10686286 766.96466011 558.33625302 197.45154183]
 [758.57575931 384.33233446 497.63601565 255.03094681]
 [508.97938929 144.19450629 727.82664298 227.3540861 ]
 [ 26.88791606 765.60209015 715.90856288 152.31940965]
 [118.64486704 478.20944259  67.20855603 645.71749755]]","[0.97665052 0.5239487  0.29223733 0.78664811 0.93496549 0.26673667
 0.46798461 0.55605306 0.13107161 0.80229046]",428,2025-03-03T22:43:17.153159
19,0.8392711340673115,"[[468.86734061 295.15950983 779.18978873 640.26913274]
 [529.73021404 224.50158251 217.79312578 731.85027453]
 [703.29021205 374.30843916 627.27454441 551.07509417]
 [482.24282854 265.28449007  46.77769726 197.80063596]
 [549.63900262 138.07084799 488.58305398  22.72921392]
 [587.71055831 720.1280111  253.09751583 135.44474267]
 [305.27684959   9.89468349  12.01641235 729.3157169 ]
 [582.30198435   9.88080819 772.69843322 142.19901734]
 [223.00395245  21.57116767 206.9250577  653.29758612]
 [183.05873409 555.33907254 403.1578502  705.96813944]]","[0.11180959 0.76854583 0.05882204 0.64603575 0.06599823 0.77717461
 0.72513213 0.26847242 0.7744106  0.28013362]",429,2025-03-03T22:43:17.160161
38,0.8083976812687524,"[[408.39756408 269.80950298 278.95848843 534.94991634]
 [323.59222136 380.83242288 601.39589152 280.84848722]
 [148.28597286 552.52376191 355.5993182  289.93757301]
 [451.20726607 678.5997254  716.38229855 387.10180044]
 [464.90204834 131.9335266  275.51050324 740.84820053]
 [ 81.84718023 360.22246308 554.24520005 752.14535166]
 [497.36657989 141.66998065 678.06588877 174.39175461]
 [318.12652076 394.93028485 419.60695646   3.56938253]
 [667.16843734 290.33311371 217.38486261 786.83865913]
 [271.46884685 306.47897446 763.28808178 349.22004414]]","[0.90746304 0.10801833 0.42812852 0.13849026 0.66574734 0.89870603
 0.85027212 0.55686103 0.49411314 0.35883868]",430,2025-03-03T22:43:17.167488
21,0.8914389511060473,"[[237.96812002 787.08277517 506.86692883 781.22295799]
 [218.41700288 411.65482485 487.42178893 442.99718127]
 [522.13314707 687.37199455 167.51240856 308.71830293]
 [317.77141966 521.12595032 263.68851484 459.70252741]
 [ 13.1528814  756.52201755 141.25241227 264.36983639]
 [271.28878009 422.16684454 696.58311857 195.22708288]
 [ 33.22573037 352.75097587 277.36731993 356.36598119]
 [ 77.5027848  603.35948469  39.06973801 315.32164222]
 [377.93098408 506.36517527 644.60828234  16.99995303]
 [615.23649068 534.04710185 151.77541711 623.59958289]]","[0.01907613 0.48994292 0.11522001 0.50407479 0.13026732 0.14133363
 0.40391005 0.84975687 0.96403334 0.58488665]",431,2025-03-03T22:43:17.174382
33,0.849521137418075,"[[773.82917129 635.65603898 540.95893993 126.71006744]
 [777.61912061 391.8052623  587.61448764 700.11060709]
 [638.72466917 667.30991955 549.99515381 778.99052865]
 [184.35655385 132.91880937 657.45130393 690.3238878 ]
 [269.50914669 716.37452668 438.88856805   8.18320717]
 [764.85138123 637.01982291 170.28289489 207.96727643]
 [707.8338192  385.18168347 457.54451821 527.27439217]
 [  1.4193972  663.17137964 428.19769665  91.63945123]
 [218.23769598 619.18626676 564.66817066 434.22035126]
 [554.73778362 553.47778762 480.84591613 455.81971852]]","[0.39567996 0.16283111 0.37425048 0.91545031 0.53930678 0.08737443
 0.01151096 0.71191556 0.63885873 0.740947  ]",432,2025-03-03T22:43:17.182381
12,0.9487126697041952,"[[423.47742294 237.50658034  57.25651663 727.87103646]
 [602.1484941  736.28529753 570.05483403 188.3700593 ]
 [ 48.69759448 583.2499599  510.42949805 501.70427973]
 [450.4039978  595.06452316 493.45936304 676.84017647]
 [503.91255406 324.29836605 635.71741351 769.41518792]
 [495.95417217 189.17921529 102.19539523 771.72248202]
 [271.11478946 356.78426395 580.90162444  76.32098083]
 [715.08225582 440.12674535 107.74577542 164.66397016]
 [246.35507639  40.70658291  50.56535962 564.53993227]
 [ 70.18173439 563.9184776  692.963808   386.66169742]]","[0.73456539 0.8261327  0.33665686 0.09885209 0.481745   0.5349537
 0.76241287 0.02977373 0.3075681  0.45862656]",433,2025-03-03T22:43:17.190313
34,0.8888834438891515,"[[432.40313996  73.58156326 182.01628945 141.72374125]
 [636.28890271  53.20910427 644.07140258 223.20236411]
 [ 50.01459604 201.39177156 231.35805651 367.01300109]
 [354.96841543 476.27378577 133.08781514  97.20313769]
 [176.34102825 756.70696954 401.67230689 437.91944031]
 [729.96452286   7.0022069  790.42505537 697.8639745 ]
 [764.84898199 610.8245519  638.67252559 515.90201853]
 [356.70755599 534.28470331  42.91326484 687.32905287]
 [548.09796323 704.73265537  87.84219615 614.30852727]
 [660.55482706 322.40115258  94.83806795 509.69628628]]","[0.53259561 0.83485395 0.39920504 0.28920755 0.43984885 0.6338764
 0.83317997 0.37047547 0.59852479 0.63956201]",434,2025-03-03T22:43:17.198478
44,0.8006380050901697,"[[765.7939149  489.69802702 734.96721393 699.04117643]
 [765.33301978 796.70879884 182.85224144 487.02431133]
 [757.47718708 547.80991865 244.37032014 760.33391923]
 [505.63034195 638.59226489 373.86674646 558.8109961 ]
 [395.50243749 106.08120762 405.94164952 663.44092393]
 [746.12682385 210.63748816 359.43402167 292.05254659]
 [454.73651204 645.71400221 525.96711459 118.9138374 ]
 [693.72755175 522.45013979 474.01421466 143.68537652]
 [651.34140746 344.88791003 736.05944864 455.96723994]
 [492.87400548 793.03775155  74.24022974 230.98545032]]","[0.63238006 0.66241658 0.29654478 0.44380546 0.18823573 0.54446437
 0.57516322 0.17385349 0.57297652 0.54954055]",435,2025-03-03T22:43:17.205490
26,0.9180166032367877,"[[654.14048186 671.58618127 142.56682092 750.72026468]
 [652.03316288 270.02176607 695.62467618 683.56819753]
 [398.71382555 773.9113626  621.29188609 745.43340369]
 [ 22.71387145 362.22670883 350.23009206 778.94878345]
 [550.12397472 575.04040686 288.80673148 254.73872148]
 [372.39866505  54.09933493 306.77730504   3.66317941]
 [641.4467158  685.37666751 193.81889597 356.30896306]
 [326.95178947 198.723258   101.1515508  764.28957122]
 [193.39865562 639.66507472 612.37916758 398.07381891]
 [321.41910307 118.04563245 341.52485429 628.77810428]]","[0.71143676 0.16201674 0.42604612 0.3797489  0.78642785 0.82577524
 0.4680012  0.23921574 0.38243503 0.42222279]",436,2025-03-03T22:43:17.213220
43,0.8685423617443067,"[[560.92446805 644.82164367 233.74588384 500.65278014]
 [465.60713542 473.84004302 646.1579748  720.76859533]
 [591.23708313 436.54950025  57.2333683  689.25445622]
 [718.22580221 674.19227197 444.63047987 613.19627568]
 [638.08256409  36.30530386  74.24958571 526.84685679]
 [796.38048107 298.17282716 593.70635799 703.17981869]
 [ 92.0012977  572.04241329 160.23135131  49.81313028]
 [ 27.71964916 737.55996311 303.54648113  90.05670599]
 [306.53334233 699.6357221  543.84300968 590.3735336 ]
 [474.61030692 381.70259145 576.28124156 717.70093933]]","[0.60103042 0.68425156 0.66145258 0.47272229 0.61419711 0.84688474
 0.16258193 0.9085944  0.80330932 0.5323482 ]",437,2025-03-03T22:43:17.220802
28,0.8421958440807895,"[[336.99536559 779.3345176  512.67832173 279.46296905]
 [772.28673623  20.48015639 201.32877814 787.43601221]
 [596.29546265 632.78441687 598.08545396  72.13558486]
 [774.07926838 667.79742593 786.56468336 458.95934803]
 [ 19.6380586  647.08884133 374.77504999 486.02224416]
 [ 48.60320822 494.54606907 788.94883002 368.93176362]
 [283.82716947 310.92455029 133.38624281 115.24039765]
 [555.55799972   3.06759732 203.1440986   10.47792984]
 [386.55045941 410.57058525 212.04195664 767.45132277]
 [374.20653766 715.51332444 265.94504113 452.38099167]]","[0.38561034 0.95299706 0.72271084 0.62621035 0.28672005 0.81268083
 0.76675263 0.50522907 0.67746814 0.20022326]",438,2025-03-03T22:43:17.227051
27,0.8846184339515131,"[[569.41206993 751.01929194 641.52714215 582.27935551]
 [699.70752453 473.28074888 608.78428038 792.34730192]
 [214.60173594 119.92711797 390.10295983  83.32723596]
 [ 13.21271753 224.67716422  78.99219144 554.68962934]
 [645.03728535 576.5099602  785.08910296 755.71438244]
 [790.39305277 141.93301192 580.94552002 363.20873569]
 [115.35483254 136.00986626 373.25481133 346.24704099]
 [200.60558867 586.73476576 516.53032497 432.9823196 ]
 [681.03744744 665.72546149 748.45969313 476.44704046]
 [343.63031928 736.55762195 198.03540857  55.04933004]]","[0.4043877  0.79744556 0.91807015 0.66043103 0.94005673 0.63239579
 0.40833829 0.04719964 0.95459308 0.63678417]",439,2025-03-03T22:43:17.234888
39,0.8637095459285009,"[[ 29.72894447   2.29326149   4.54620005 688.17201501]
 [143.76640191 577.46252073 263.49120989  35.34808814]
 [145.72125223 130.76000721 118.73047923 514.96529722]
 [ 13.34828456 225.25777383 284.56491142 470.82482533]
 [171.44892661 484.25576055 644.8865615  601.73420174]
 [417.87166453 510.43799611 341.6380001  430.72758358]
 [ 80.03635377  77.24888791 416.0109315  278.39928095]
 [351.49445101 300.90979901 396.21908073 493.60907989]
 [624.96889776 733.71211777 584.74263022 144.74740518]
 [ 85.99156322 314.74902743 786.84279288 316.4495264 ]]","[0.95778911 0.61933312 0.99880364 0.47489874 0.51721545 0.10634186
 0.81774575 0.16033734 0.15423915 0.63480792]",440,2025-03-03T22:43:17.241744
44,0.9242264371357782,"[[764.97430186 228.07351835 535.70272562 402.14836701]
 [314.96865486 761.82404157  56.11161939 377.54003824]
 [ 39.35791179 548.24881061 759.07136391  67.4292009 ]
 [753.40022947 469.14910732 102.923468    13.23465017]
 [269.65033617 574.85151538 390.50076368 528.15870374]
 [555.7221406  456.45663647  29.26956048 441.25910206]
 [298.39402034 233.64708697 137.03769583 364.52106674]
 [261.51340479  16.35779749 188.48391903 365.66000799]
 [121.04931052 176.5767771  184.78940209 526.56244905]
 [583.87397805 478.96889668 754.37401046 205.98302774]]","[0.89509065 0.07558262 0.52278892 0.71359905 0.61440908 0.79681868
 0.41703591 0.697646   0.94270438 0.06260355]",441,2025-03-03T22:43:17.249889
44,0.9470494284100878,"[[173.80244286 358.59277347  78.0522095  226.61123515]
 [272.51391884  70.45389063 171.71393248  72.31242437]
 [220.32378961 345.3081377  703.26141505 629.33868751]
 [683.07646018 785.03003669 592.18960053 125.93667919]
 [ 51.79172307 543.63271204 774.59960624 139.99939703]
 [275.4110986  183.09409284 640.32031931 321.9523085 ]
 [267.21696265 648.56534305 290.48563403  88.39788425]
 [694.44273857 590.07011842 357.81084267 183.60554534]
 [ 61.2380843  346.63957573 727.71840154 706.43771571]
 [ 45.29699629 257.10543482 546.71838101 475.44119899]]","[0.57187774 0.61130636 0.162061   0.86414558 0.10317892 0.88260008
 0.70028705 0.62227212 0.84282695 0.30510847]",442,2025-03-03T22:43:17.256844
34,0.8353599714704226,"[[316.63180339 473.28538406 692.9344114  608.95558153]
 [431.45568076 300.11778535 625.79274163 718.10455545]
 [733.80190066 388.99977231   7.777861   575.28368203]
 [101.21449544 150.00790048 527.34997239 137.43651677]
 [149.31318523 700.12766497 351.70995263 251.12535097]
 [142.50680771 757.05322662 301.60365513  29.11468637]
 [612.28749482 208.27966444 431.81900315 671.76580398]
 [245.82284687  36.00116005 447.17520726 745.57573685]
 [103.05364827 197.68735227  34.24638929 350.31167469]
 [654.10957206 575.70522934 628.25898857 532.82874851]]","[0.238317   0.14030886 0.28259717 0.08236957 0.71637359 0.64473313
 0.00493066 0.80244945 0.92910946 0.46947239]",443,2025-03-03T22:43:17.266204
38,0.8315094365042022,"[[465.67779644 246.36863935 694.53157737 109.26153005]
 [ 16.42261019 648.68393174 444.5286104  442.94665673]
 [ 26.69958357   4.9467526  105.30480807 513.68865875]
 [747.98309545 186.54149039 591.89137312 536.57771224]
 [541.96287273 659.30206166 324.73584555 661.33149715]
 [561.48646675 685.23748312 105.96351365 295.90813347]
 [614.51492888 775.00205957 144.58172605 434.7124686 ]
 [749.94863525 425.28155032  89.23836084 450.29765711]
 [609.22539457 743.24535771 510.27407389 181.2188297 ]
 [212.87531143 699.66448602 350.84608808 149.90531987]]","[0.6646982  0.21266489 0.42520237 0.46639201 0.66112562 0.17054855
 0.7716254  0.75639939 0.5332012  0.17670053]",444,2025-03-03T22:43:17.273217
39,0.9355572108297492,"[[ 13.66017996 685.82049088 541.35666085 794.26826564]
 [442.41378008 155.75515512 559.94288526 621.66185259]
 [695.22627347 729.23745074 237.47134955 136.57921906]
 [205.21949936 117.65411932 426.42223259 242.97655306]
 [ 35.19815228 520.57160533 532.13564804 144.08549468]
 [751.78035022 576.23181902 108.05989982 342.59819928]
 [722.51971962  15.55639961 475.5436403  193.60353237]
 [233.21897003 120.00492274 625.15184674 196.35238719]
 [532.99099099 282.6223153  113.13395635 271.67352697]
 [ 79.46613083 647.47007484 248.86730458 683.4093373 ]]","[0.1516872  0.11655182 0.0265501  0.4058376  0.04049814 0.50579921
 0.83798135 0.47673871 0.83907054 0.01654589]",445,2025-03-03T22:43:17.280550
13,0.8266122482183889,"[[766.48777243 513.92072522 736.74527584 323.30161925]
 [693.54233322 618.90974892  33.7821203  790.07560991]
 [575.06985501 339.22264852 669.66039519 203.78152651]
 [751.94071059 202.67966996 410.7536679  235.38808278]
 [790.86706914 253.86249742 391.8800881  669.81426961]
 [ 24.22505422 734.0217252  129.74269931 481.68278517]
 [584.41304122 517.77249152  85.68561133 684.48947167]
 [ 97.72692734  63.40416054 763.66737721 425.03333376]
 [654.83378268 211.96822317 401.77011797 675.87682397]
 [435.40136181 423.76408179 424.04254245 677.76429662]]","[0.49675929 0.06076018 0.14589182 0.42078713 0.25750663 0.34466468
 0.94774127 0.93204138 0.16351966 0.99669696]",446,2025-03-03T22:43:17.287813
22,0.9375265596681963,"[[608.06957849 709.3271     188.14390207 511.75399236]
 [182.93619751 349.72261361 542.2599651  324.91166383]
 [368.72106127 105.34339244 531.96740797 689.32144196]
 [ 22.15924712  98.36302136 601.24242088 424.42591821]
 [733.60009968 689.9624859  367.88400609 500.16710772]
 [501.57018845 361.25206699 627.68661981 245.44713619]
 [ 11.2616544  631.40807638 637.70639518 621.17375718]
 [ 89.36394543 399.2869243  170.57589009 206.11052924]
 [721.41051316 203.06060702 463.99622276 542.26758617]
 [745.20855078  36.56191488  50.74441727 326.19154801]]","[0.01206181 0.45397251 0.70574518 0.90493361 0.05559186 0.92297893
 0.83582976 0.14809003 0.65348012 0.12129254]",447,2025-03-03T22:43:17.295384
13,0.9326288436472578,"[[616.25955933  63.84170082 132.43454857 234.16375292]
 [ 67.34158965 626.7375625  197.55187965  58.13974903]
 [177.70179702 753.42199591 156.7919034  613.39582647]
 [ 77.10640449  18.87685227 497.06841042 529.80536496]
 [504.33678346 107.09863488 697.98827433 376.44622254]
 [326.49337624 373.55490544 460.28831991 314.94695788]
 [131.04753483 627.76875959  57.06613357 743.67230549]
 [720.09135483 616.74679645 403.84203702 169.49120641]
 [169.51548188 742.12695263 660.05030798  59.73357737]
 [149.46909278 495.54202138 549.71386881 317.93152832]]","[0.14246596 0.66120062 0.44358978 0.63433698 0.48010022 0.09172553
 0.7178843  0.4390193  0.83529654 0.92064456]",448,2025-03-03T22:43:17.303724
14,0.8602734300448456,"[[656.84634527  14.76171648 237.42114573 149.97115085]
 [581.67787683 563.90472153 150.83916964  77.46534654]
 [748.34212203 577.65562826 741.04783184 404.15490863]
 [663.3014049  796.32542747 761.046265   184.13211051]
 [181.74915845 235.22430518 238.32333024 245.3724978 ]
 [468.61671262 609.71523253 595.18852894  41.49070565]
 [330.77337297 746.04830605 294.94268459 755.72282668]
 [103.23127926 525.23767737 504.08280253 235.98583155]
 [183.21398722 340.61365361 620.44247961 585.59220298]
 [252.13182588 226.51249918 543.99622847 581.21986174]]","[0.80456605 0.30854067 0.37138294 0.26483431 0.58478906 0.63395867
 0.68992625 0.95245565 0.56761726 0.36060364]",449,2025-03-03T22:43:17.312728
23,0.9282344196430903,"[[ 71.46014306 298.87150505 379.23003224 185.87686163]
 [166.44726183 687.75798503 723.98902468 423.17916136]
 [520.60908606 241.41116044 146.94190931 737.07777114]
 [343.44711584 135.31211108 409.98487906  69.14783809]
 [408.79162455 245.02185178 426.47615839 635.73228078]
 [596.92918391 337.05136699 360.11798352 614.69224829]
 [478.34760418 220.95646269 700.70914986  29.09471917]
 [280.1106931   79.69312731 103.2763249  696.67983865]
 [260.32180984 186.96818887 533.83176429 371.11676694]
 [497.77927249 597.44279105  70.20810512 270.90087651]]","[0.43370764 0.20901733 0.66430898 0.55363293 0.70884707 0.92611818
 0.98284695 0.80398896 0.4930041  0.02264174]",450,2025-03-03T22:43:17.321267
37,0.8709806213355549,"[[281.46066877 238.56160051 396.75350018 138.41734321]
 [621.04791576  62.16140698 444.5045451  243.07684278]
 [736.52394759 243.85363789 324.63115095  87.17601627]
 [ 50.63686602 574.18556058 199.97652779 798.76615269]
 [306.72985017 418.71004032 229.85859368 751.0396057 ]
 [305.61306215 558.16310751  62.03932943 360.18093766]
 [274.09155657 789.4364043  190.62386683 133.24530261]
 [488.34935793 334.28409078 561.26076902 320.16146314]
 [536.5317313  277.32973526 353.87059324 531.27818969]
 [ 89.52724155 116.90360031 269.40925573 416.33466219]]","[0.1823325  0.28477745 0.81859814 0.5639749  0.88342119 0.82927895
 0.00173686 0.21020748 0.15997177 0.30908464]",451,2025-03-03T22:43:17.330689
49,0.8948020268111728,"[[269.17320661 118.69071665 525.33165064 111.9308438 ]
 [189.71255619 718.82932563 557.31801534  14.6392487 ]
 [434.39360541 274.74426079  80.46610519 466.84621043]
 [150.20559706  39.52218809 371.99261421 775.2679445 ]
 [509.404894   529.96715973 107.21955623 628.66588618]
 [304.07127434 645.842583   690.52184373 639.9990829 ]
 [342.89945054 694.00225392 334.55884388 566.54852705]
 [305.30426588  54.5329752  272.1323172  337.54965457]
 [270.86529661 632.86252117 559.92170642 411.10117577]
 [208.49561353 255.52178626 707.5414372  585.78466672]]","[0.13729004 0.20448233 0.86874232 0.14263883 0.77275325 0.5643166
 0.49782439 0.80895742 0.33216984 0.91090215]",452,2025-03-03T22:43:17.338743
27,0.8357334528718255,"[[648.68866447 270.0459088  767.69267541 337.89406345]
 [ 61.84722335 130.40473304 213.32325155 606.3319245 ]
 [352.829434   643.84294305 335.61369929 330.3921412 ]
 [  4.00010391 789.11834139 710.97641056 351.62678498]
 [545.94669786 569.88886209  13.94760584 267.3734405 ]
 [  9.68186859 608.77639011 464.16354206 349.32008577]
 [741.2842951  150.80160149 288.33352711 626.01023831]
 [ 20.47679363 408.76297019 349.23021497 154.50966224]
 [250.91254053 612.45169013 109.22894224  20.18393551]
 [142.01456132 781.89946746 584.84925062 351.1837743 ]]","[0.64835093 0.26800894 0.28346475 0.25609371 0.64337687 0.37377217
 0.56395331 0.4436564  0.9122562  0.32847962]",453,2025-03-03T22:43:17.347240
23,0.8885558218383062,"[[ 42.42032518 176.36930565 213.7473523   98.43561787]
 [141.61746003 307.64358115 280.59405647 787.15663297]
 [226.76162586 114.1971362  615.33421067 264.05103198]
 [324.58901791 419.75386733 369.5332196   40.46743731]
 [260.77131457  15.75758981 482.27800398  35.98648871]
 [790.42258783 134.75767841  78.84933539  38.24592687]
 [381.23151776 493.22950925 744.47075532 742.70273912]
 [472.2381743  477.78335527 188.24086662 231.9969246 ]
 [439.10349495 372.94990837  47.64624774 679.8057985 ]
 [324.71942916 405.51849614 106.06040076 715.8744086 ]]","[0.06465225 0.46703763 0.00725512 0.18621061 0.81399324 0.3012203
 0.24246255 0.1586933  0.00316905 0.79408752]",454,2025-03-03T22:43:17.354989
44,0.8390160681918593,"[[274.58880108 222.65924102 679.51367997 704.37243274]
 [557.53451048  54.11769491 398.02889554  96.59453142]
 [308.15405875 102.82244113 542.1340515  328.19037588]
 [388.14965826 149.30820355 114.40571234 488.15860396]
 [159.69038554 146.55812238 226.99484489 173.76176209]
 [789.01926476 738.31348122 377.67109644 424.04528783]
 [538.95412813  29.88984396 757.4811196  740.98661727]
 [101.76216224 711.38049415 409.14443146 115.80646244]
 [463.93884029 433.56098457 250.91068284 370.99850233]
 [466.44507746 712.82965163 615.7428651  633.90451914]]","[0.50163793 0.83966735 0.37650062 0.67971702 0.88044007 0.28987899
 0.70106799 0.89263689 0.06488134 0.61838684]",455,2025-03-03T22:43:17.363993
48,0.8546756055736014,"[[681.23144182  33.39196368 758.7245636  556.72839985]
 [668.45918853 370.00716982 498.13067654 467.878884  ]
 [240.93080959 307.43970446 376.60757034 351.42408001]
 [ 35.38129653 412.55096457 610.00074685 143.0709321 ]
 [374.19198519 282.80385097  76.02114339 543.95428062]
 [422.38371611  42.75531532 739.51343795  97.69002638]
 [521.85850123 176.48235007 395.27616605 115.75577105]
 [ 89.61692998 740.50117302 567.1043451  207.51419727]
 [607.21349369 414.91504548 360.50006455 440.52948152]
 [648.85820638 210.49468973 595.394909   277.71528899]]","[0.70738774 0.81524035 0.28002299 0.69226588 0.79733053 0.39336514
 0.53965594 0.0428011  0.14459706 0.94283067]",456,2025-03-03T22:43:17.371869
49,0.8766856678167255,"[[701.0263177  338.00007758 472.04204337 527.47676193]
 [172.2816046  286.09253536 419.55698938 189.40900201]
 [420.71802108 461.73429672 644.30099837 218.17229041]
 [767.92254051 516.11245896 310.85517    674.03592281]
 [111.31918078 149.76014281   0.8386241  270.57946657]
 [508.39363949 184.40235693 696.74515845 561.77464323]
 [ 86.65994207 221.43185015 421.47422016  52.09476679]
 [500.61389119  63.13073848  52.67311053 201.25929115]
 [594.27133147 618.42040236 513.63659758 672.83401049]
 [394.02346278 341.46563344 215.29634156 748.33153604]]","[0.36618733 0.45245656 0.0105679  0.98790512 0.43800043 0.08942939
 0.1627215  0.75932294 0.60969755 0.55550306]",457,2025-03-03T22:43:17.379671
16,0.8787230448463753,"[[533.87449912 780.77838416 699.36772986 454.17469804]
 [415.19188967 766.2902405  446.08161927  53.65396787]
 [274.92230125 373.46179305 375.58380628 681.40796976]
 [469.34506944 386.0156645  393.35426248 724.45314951]
 [226.17595147 790.78981802 480.17619375 300.90968487]
 [319.10923756 129.48772633 232.11477426  78.00151555]
 [562.99752037 107.93700115 264.92629912 564.19804082]
 [356.02072928 569.6450049  482.5627161  681.72107836]
 [254.3364451  138.67448702 309.59903553 763.1941598 ]
 [328.86654142 496.77496492 241.45440991 728.04268202]]","[0.16722663 0.05536719 0.9935827  0.23488696 0.22858464 0.57124106
 0.26701164 0.11064639 0.34374166 0.52837371]",458,2025-03-03T22:43:17.387804
44,0.8713250550546955,"[[100.84004339 400.52361933 177.99573626 402.72163888]
 [732.06261869 717.12014148 118.94734025 647.46739223]
 [199.19259287 469.36479559 795.0817548  120.35352051]
 [ 32.9814587  671.34235103  30.72518017 213.46639456]
 [379.64037923 558.2680188  754.35580262 580.45798206]
 [387.87694282  58.46223064  12.8500389  297.55584844]
 [157.5021621   63.27038936 742.1526956  405.88604116]
 [168.72211839 703.86256654 412.79955089 418.73292271]
 [354.88177153 383.61700213 346.17121171 526.71210181]
 [514.87986197 654.72588921 741.0523792  269.87027075]]","[0.01654025 0.16395273 0.54883676 0.20478404 0.31353728 0.20007251
 0.07856164 0.07474088 0.3376577  0.53407813]",459,2025-03-03T22:43:17.395620
36,0.9153748709828311,"[[597.84436783 400.58450713  84.93874132 277.10063237]
 [788.60079585 199.56891391 184.74858638  42.93877321]
 [479.36162114 524.68681067 497.93736448  99.53215796]
 [ 76.90471274 122.8090714  160.5564408  437.68096831]
 [111.99908624 545.57199562 677.98389214 463.35580954]
 [246.29522019 740.01825487 185.41314172 588.85314519]
 [662.63371506 109.40085746  64.39608928 376.46087631]
 [776.97896838 526.3508132  447.19059192 762.36450297]
 [730.57078466 341.30775937 167.90302737 221.66664739]
 [ 17.34776561 627.91043928 306.27207403 706.4829353 ]]","[0.91229766 0.29801497 0.66056817 0.84696924 0.61832573 0.43848189
 0.14826639 0.44769086 0.5311943  0.48063973]",460,2025-03-03T22:43:17.403635
48,0.8282741729371899,"[[361.33700397 282.36045036 694.03541603 109.82635925]
 [779.75023363 353.21750599  57.2589138  564.78149443]
 [450.4968332  382.99425013 372.00455469 220.86001983]
 [161.5493987   30.83413168 306.70400867 420.8137236 ]
 [639.2563941  694.3994992  169.45039594 658.08639825]
 [627.29988621  21.12430784 735.50654739 501.95067443]
 [236.14880615 667.7682844  206.02863687 231.09122725]
 [531.63506608  51.13468709 221.34565642 207.62131077]
 [ 58.76826045 269.76774856 683.16367833 143.64176389]
 [658.93736614  28.37147049 416.54148381 620.36258455]]","[0.05217219 0.410244   0.11348455 0.27289261 0.54151703 0.67239756
 0.57711556 0.17532819 0.26367562 0.6614257 ]",461,2025-03-03T22:43:17.412645
37,0.8432179248239822,"[[705.69011984 267.38737012 156.04464566 634.96652406]
 [374.00363376  15.02789874 216.5953455  796.59971663]
 [ 28.24450141 259.74084186  10.99542366 357.20209826]
 [654.1828959  419.93472316 609.72737713 413.3759241 ]
 [668.05442413 464.87934035 191.33768712 516.90882068]
 [327.27926001 773.53186275 381.87736058 758.05872219]
 [362.68220483 477.43250341 418.98119013 300.6511662 ]
 [622.75089529 254.33370808 651.80099042 313.77200599]
 [229.08454543 274.53301441 373.36219356 495.91481867]
 [494.31128765 493.42423644 720.90762795 321.44523992]]","[0.95358789 0.05507978 0.56920526 0.12285706 0.14364461 0.56183221
 0.43488638 0.28005944 0.95682461 0.30214729]",462,2025-03-03T22:43:17.420547
14,0.8646798904456195,"[[438.24574273 425.68005967  33.79714309 195.34069633]
 [149.20524503 549.43180834 193.88937533  85.85082701]
 [799.96606655 585.38592728 187.36076678 706.45688761]
 [500.59888419 577.49165375 301.84589688 780.37260359]
 [129.1351723  509.87515252 231.95850546 630.6528395 ]
 [383.60675613 245.24105978 406.13084131 210.80762907]
 [551.24948508 140.47409418 466.34426021 642.17704958]
 [214.14928533 543.31313946 591.51442492 578.82529891]
 [516.73270809 779.65986443 202.04026914 408.61442149]
 [227.95954718 134.25221616 677.05200128 334.19200208]]","[0.45409108 0.44113232 0.05244323 0.70101116 0.28075218 0.1605144
 0.84479153 0.62710535 0.68190309 0.06555622]",463,2025-03-03T22:43:17.429160
49,0.9398352198485713,"[[681.68257885 678.33387184 208.22411574 665.54164662]
 [669.50476741 126.1143792  251.15922077  94.09749318]
 [630.36647432  26.76265142  18.3777739  409.60933155]
 [560.36527323 203.11384103  71.25975394 298.52444781]
 [488.70057418 394.83374355 343.9906343  666.69488784]
 [338.36569069 107.33998835  96.12404787 691.48260532]
 [780.93704483 749.50908685  35.65935153 703.26094299]
 [  6.53522503 774.62261293 170.30440065 422.35534274]
 [580.40008442 538.64873013 407.8853146  613.04187714]
 [763.3472881  478.99467258 109.296196   567.80622347]]","[0.10075326 0.66419109 0.20925406 0.54527115 0.65047606 0.71962911
 0.13540027 0.3967446  0.56025127 0.01411178]",464,2025-03-03T22:43:17.437002
10,0.8843845900041392,"[[117.97315533 522.5226092  192.11525331 317.14489192]
 [222.21033462 460.11800391 627.9074671  549.25169131]
 [179.03801843 665.53623793 282.33824056 640.92744439]
 [576.30050769 470.97533505 252.43693932 615.79033158]
 [183.13013284  40.42652301 325.42703939 646.51405276]
 [256.03500368 767.54523388 120.66266973 121.30072915]
 [711.20243227 402.07224958 153.95398749 430.70608797]
 [177.86336522 300.53529331 347.6170644  364.23866697]
 [304.35690972 112.23132278 221.11999558 556.76090614]
 [499.19613505 630.27329283 731.78283164  24.27490301]]","[0.1836303  0.03705738 0.77411794 0.6440147  0.95963289 0.09729755
 0.48481117 0.35557698 0.39689625 0.99938095]",465,2025-03-03T22:43:17.444106
32,0.9416884730593271,"[[574.06286631 762.25159884 192.43842212 553.41896117]
 [567.55436416 642.08915416 404.1481159  251.95800729]
 [140.80281591 720.66778915 792.96119973 364.77146101]
 [165.15041155 669.24966976 723.05316549 268.04757921]
 [ 38.24993809 236.42268469 192.64701852 302.97987397]
 [384.22686905 415.24577769 718.30072728 281.37432712]
 [139.02623275 222.37792096 300.07883401 786.28820297]
 [738.99134464 589.28016465  18.62980118 262.94748218]
 [246.9399438  386.2211058  305.75044819   9.10166803]
 [361.60132675 385.21040366 424.35033965 354.91067905]]","[0.04432066 0.30488548 0.19241304 0.59160399 0.64673912 0.98623835
 0.27010812 0.28820261 0.42321863 0.82026767]",466,2025-03-03T22:43:17.451393
29,0.8387960122124735,"[[622.00212231 295.24860441  70.58942921  98.77589824]
 [178.16516153  77.16607388 118.27754605 725.01596526]
 [383.14576418 252.02455594 182.21636203 107.52603795]
 [667.77998474 612.03864156 473.11031511  34.5296516 ]
 [721.57863718 409.61597739  95.24565913 562.15114482]
 [290.80827287 533.92493498 505.16928497 532.40679869]
 [736.73830242 748.52107747 463.95768376 398.87244727]
 [122.69942766  87.24414712 310.38006917 125.54655737]
 [328.51898939 136.98856766 754.21244309 758.16245457]
 [ 40.38632168 326.9660996  793.94357009 271.96998555]]","[0.25065875 0.91755022 0.16702395 0.15166122 0.65839796 0.1584313
 0.34063792 0.00121389 0.49507216 0.40867449]",467,2025-03-03T22:43:17.457784
47,0.8750846157543157,"[[207.14059536 503.07455722  61.61492387 425.41049263]
 [124.84723006 610.62755462  11.82651987 255.02954536]
 [309.23935292 677.46748374  87.92450822  28.790891  ]
 [274.39956302 492.51104786 609.09486693 356.3957032 ]
 [489.9939464  700.8710118  121.54470326 770.43194997]
 [776.43475709 245.85337239 573.15570928 109.72444273]
 [517.67771724 193.42631751 319.48566934 228.22691753]
 [439.06443591  44.88649585 271.82546312 489.13377846]
 [173.35930768 194.77382828 743.36728519 547.17758596]
 [647.55261666 660.73537905 168.76364733 523.44522423]]","[0.40222978 0.2191309  0.12291959 0.64061171 0.20655001 0.40921057
 0.16326746 0.43496429 0.28215443 0.28208012]",468,2025-03-03T22:43:17.465658
20,0.9274841890516972,"[[351.56388484 245.36990817 787.21838674 123.94628429]
 [197.11579441 284.00864522 115.24394582 129.12018522]
 [278.84500455 551.3042733  158.36556771 651.01443875]
 [436.64517801 720.52550833 157.80631782 436.34758426]
 [386.98250912 428.53030521 521.48754279  67.86011324]
 [767.33630322 302.57802115 130.5106821   98.91803312]
 [ 50.86969503 169.79282493 251.32339917 584.82347036]
 [459.66060572 447.56019929 201.59953758 146.10279663]
 [475.87018453 227.86582037 569.73336551 444.34802692]
 [745.62121981 433.74405736  52.80991846  48.28436171]]","[0.6209195  0.78097899 0.39947567 0.08439521 0.66398374 0.036337
 0.73575262 0.74639697 0.34308747 0.06375329]",469,2025-03-03T22:43:17.472669
33,0.9135911360421367,"[[491.12488731 771.88095924 399.13098945 655.19572907]
 [ 18.15624294 149.44967009 355.91997482 490.64788841]
 [ 20.76506562  39.94970683   5.40191342 388.48873338]
 [708.97935662 159.52856842 571.15109569  87.61786536]
 [170.12027713 186.63428677 789.67731316 203.85980141]
 [329.43412729 766.47959287 738.83164339 374.06529318]
 [453.31345663 241.1618914  693.71992257 421.33845455]
 [527.08287059 673.5860564  298.62282085 115.22867757]
 [209.24979063 199.90941376 742.90695079 283.60797357]
 [ 52.80922802 134.84460253 340.46021179 499.23400038]]","[0.91270541 0.02495954 0.39575616 0.84065797 0.36127914 0.36439286
 0.59129084 0.91958256 0.90026025 0.73591714]",470,2025-03-03T22:43:17.480331
29,0.9211331938963209,"[[343.67037967 650.35642139 511.59739122 451.17712295]
 [795.21206338  26.88295629 680.47558114 328.37682353]
 [125.56577897 474.25643672  34.33669614 520.17345118]
 [317.4870743  206.371243   717.83380189  41.19756044]
 [566.86165593 548.063572     8.05975783 240.47066214]
 [347.76817769 125.50805527 155.11629615 406.84965854]
 [ 73.4141728  525.89718736 668.99071316 151.47389981]
 [757.25938074 231.14250394 256.26558317 212.28857433]
 [425.64533123 421.49897111 226.84519211 605.21343196]
 [ 98.81376468 214.76898237 576.87600144 622.74589533]]","[0.64560928 0.16952511 0.53654978 0.57014936 0.24578547 0.93820269
 0.43740342 0.02354026 0.27995788 0.24279798]",471,2025-03-03T22:43:17.489044
48,0.8357013075284505,"[[676.14482993 725.71929658 172.3472155  659.58037066]
 [  6.91663837 513.26119302  23.62549101 323.91412685]
 [412.12716716 769.61680053 485.88805498  26.83029426]
 [207.72272619 284.77178118 761.76536807 413.13414542]
 [672.63832284 398.41422016  85.80054991 546.20083161]
 [761.52946521 604.26909652 690.25032167 376.05364799]
 [154.33287664 520.41301999 196.35550903 274.97158722]
 [471.60287083 764.17755147 670.27603439 556.14640274]
 [330.57520676 406.78693284 329.07076441 106.08213622]
 [479.23012221 139.67568977 117.29073849 625.10785399]]","[0.85075861 0.86716966 0.94739933 0.33866958 0.46035288 0.39482398
 0.9529834  0.09008544 0.66919195 0.84146796]",472,2025-03-03T22:43:17.495447
29,0.8178101360822925,"[[656.01678202 629.72062949 779.27126799 547.68452251]
 [756.75974356 228.43126447 102.29045976 733.14726318]
 [232.07754774 593.52902683 667.31455375 798.4142954 ]
 [429.85589283 672.11359787 509.13780785 522.91628778]
 [677.65634664  95.71498196 122.07562782 524.06273198]
 [544.77374303 754.34670289 657.8885469  720.7325186 ]
 [328.47769935  92.1584052  506.11853153 611.65412117]
 [ 18.38747626 639.51455737 719.40279794  16.52369679]
 [ 50.08587566  80.10250996 713.33952614 743.90098609]
 [350.42207678 557.73797024 157.39737347  30.04073115]]","[0.10953684 0.87286062 0.76684719 0.5173057  0.95604401 0.91864688
 0.55444449 0.7134762  0.00959865 0.28435705]",473,2025-03-03T22:43:17.503787
22,0.8613210719643023,"[[611.24046144 335.6387521  641.05170947 305.26263468]
 [330.6427841  398.1058845  446.84137496 731.94021188]
 [365.78586623   2.20031123 386.83830904 153.44802504]
 [669.30706291 370.39663958 683.79206676 268.0813674 ]
 [544.08604538 248.03509799 137.52260585 368.84345406]
 [100.80136809 326.7661254   68.06494188 104.21327469]
 [750.04918837 171.64643669 490.24125418  85.02935507]
 [776.45528343  53.17194234 710.84472667 741.61799042]
 [704.85815379 552.12344744 606.65398567 253.55198654]
 [726.56587659 657.67603131 384.30261139 258.52912628]]","[0.8131572  0.3078506  0.18347911 0.42714995 0.20005682 0.10813453
 0.62302415 0.39066845 0.13242689 0.49181814]",474,2025-03-03T22:43:17.510786
34,0.8747954074157308,"[[4.34751016e+02 7.25992728e+02 3.54149644e+02 6.60942354e+02]
 [1.99047416e+02 4.60859230e+02 1.03238639e+01 3.30729041e+02]
 [4.63887187e+02 2.19740219e+02 5.67650651e+02 7.78683466e+01]
 [2.17719657e+02 7.06903282e+02 1.73661088e+02 6.92110452e+02]
 [3.88024211e+02 5.01745168e+01 4.92957064e+02 5.55478059e+02]
 [7.95414809e+02 3.85734427e-01 5.16775548e+02 2.42994837e+02]
 [5.08440760e+02 4.29813105e+02 4.33805055e+02 3.45011397e+02]
 [2.76477261e+02 6.77631456e+02 3.83790637e+02 4.12429947e+02]
 [5.21046110e+02 1.31945818e+02 1.08193374e+01 4.05950060e+02]
 [6.92242822e+02 3.65093471e+01 5.39712729e+02 1.11907856e+02]]","[0.64430896 0.60019933 0.05479752 0.32652172 0.96222097 0.16185511
 0.12255661 0.9257775  0.21496957 0.58549383]",475,2025-03-03T22:43:17.517789
43,0.8351087953630318,"[[ 77.36750132 575.51822652  41.69394457 578.0378506 ]
 [222.31996687 334.67092651 627.40418195 149.94918751]
 [599.46233655  95.93718118 486.89005554 240.14238633]
 [ 30.51725921 256.05821533 604.76719743 477.17071106]
 [ 65.82587469 451.26590755 666.58364058 669.56002502]
 [605.09907699 755.99876961 399.05948159 757.54761158]
 [662.26200394 381.45062018  80.12758739 635.39683121]
 [429.00575562 545.60848566 697.80344408 219.48546186]
 [ 15.08419214 478.37175126 258.2037348   67.13392584]
 [296.72832557 494.88284703 288.25266451 181.78341798]]","[0.00197103 0.01168241 0.95486863 0.82623494 0.63863736 0.17812105
 0.20595773 0.51369373 0.47796105 0.2026212 ]",476,2025-03-03T22:43:17.524238
42,0.8352943491249594,"[[472.09026247 377.25678954 520.13158536 282.88773975]
 [130.99227271 356.94358279 629.83962095 744.64385931]
 [728.3124483  694.80081824 129.90816292 629.6222535 ]
 [311.4053933   19.55650841 317.1169141  758.84329534]
 [592.98987126 292.11759609 358.40588047 433.62283926]
 [664.90721232  28.5159191  336.48498202 342.011924  ]
 [551.02457198 540.66929989 714.66385584 418.37144711]
 [643.82413026  58.25615416 522.00794205 148.88661444]
 [548.27687114 748.95415866 157.10743906 716.05276393]
 [685.30263189 772.27178198 685.1122495  771.13957587]]","[0.82988723 0.21021737 0.16475618 0.37433921 0.76565658 0.29921376
 0.08175532 0.86680945 0.05884352 0.83687748]",477,2025-03-03T22:43:17.530094
20,0.9341679824127329,"[[736.29140175 793.82194261 471.43564057 649.21396781]
 [ 85.84429151 133.27283355 146.81096819 730.24446854]
 [251.52229174 617.34184285 177.3809002  589.54941955]
 [375.55287711 570.57048585 556.91644227  58.18317047]
 [769.35511379 750.94972899 491.38514589 702.74857108]
 [592.11712486 401.9713533  628.83470049   8.14771263]
 [519.38185613 598.64928082  33.91423381 264.54450264]
 [434.12279008 661.98492649 313.40959252 441.35516993]
 [300.81613073 150.30251768 473.01647306 791.51751982]
 [156.11408596  83.56806574 119.10887827 726.8814896 ]]","[0.7651552  0.0528332  0.549501   0.59984529 0.25994689 0.02312135
 0.47650387 0.22804583 0.80796825 0.27862752]",478,2025-03-03T22:43:17.536343
45,0.8798023842148917,"[[621.14799836 758.02709213 508.08865389 218.97794213]
 [247.55837747 763.3447346  126.24342058 492.79040455]
 [562.67027059 473.38722982 272.93493508 668.47734434]
 [404.17861041 556.58546386 634.39800604 516.40380514]
 [506.63763539 126.57610318 228.32413187 686.25716631]
 [388.65455777 174.33070201 261.65643584 366.41390421]
 [ 51.33295552 523.94006216 339.55041583 285.28314002]
 [199.57226228 266.86584572 105.05817112 333.64812404]
 [776.21353284 628.70186008 664.33862491  10.40542345]
 [174.52452839 594.07627055 640.27912309 400.74238541]]","[0.87312149 0.55191527 0.60066515 0.7801248  0.27384282 0.59787924
 0.19032825 0.10186987 0.8287331  0.13991027]",479,2025-03-03T22:43:17.543422
36,0.9233331543719183,"[[ 71.22323446 126.11862519 702.98909068 460.1171548 ]
 [650.48264319 249.38413983 218.303302   624.89068602]
 [598.29084127 196.57234253 513.65626695 613.4563513 ]
 [296.40177821 225.18275464  33.88545907  17.89432121]
 [187.20397349 579.64614853 160.70728509 475.88295506]
 [457.65860443 446.76542059 444.81916719 167.69986858]
 [656.19381508 514.92036453 666.05912783 627.27109163]
 [786.77518502 228.47812215 146.02039042 439.09169628]
 [471.54937288 510.81051378 173.45781859 722.38573163]
 [714.64176635  46.14526564 464.7661594   83.69135149]]","[0.12392135 0.71471703 0.92596308 0.00548968 0.8671477  0.13667014
 0.23158821 0.39726807 0.04649037 0.86199311]",480,2025-03-03T22:43:17.550430
17,0.832156227521087,"[[646.41134457   9.45704146 763.7361541  166.77784177]
 [ 68.13528498 122.2802625   56.5734673  513.32923931]
 [702.40332573 655.80341629 223.91805476 108.14584942]
 [611.06403529 271.76623609 491.86386656 167.59153299]
 [751.65111485 204.6139742  100.974319   607.81489317]
 [339.45512877 763.93025689 738.24736861 269.24328447]
 [631.91531577 302.6739369  194.00110017 745.98472187]
 [391.6696637  397.58204475 323.94446031 555.29669014]
 [247.9763446  463.74407171  48.49876928 136.50250552]
 [176.3475724  491.51838939 577.23709312 653.72715668]]","[0.09694787 0.67521708 0.3241893  0.55219213 0.66430209 0.31900158
 0.63468081 0.93963508 0.04128069 0.07019936]",481,2025-03-03T22:43:17.557220
36,0.9173571976899285,"[[ 34.13672755 720.15932844 657.7691464  171.43842648]
 [678.6960708  454.99714263 394.06298789 203.41683693]
 [584.06187978 495.46238943 708.42907104  48.6925746 ]
 [548.42009296 191.88414234 130.83667482  65.92846406]
 [357.44422801 311.37243148 291.0431097  529.93897003]
 [765.91992162 635.40284569 452.07476562 320.87102199]
 [766.98879242 756.58941166 291.05888919 509.87833212]
 [367.67519331 445.92883232 740.82298591 704.87601588]
 [654.99237495 227.32701274 470.86581409 110.64150479]
 [375.960518   740.8886746  118.97806449 455.16272132]]","[0.18590937 0.41387908 0.76549863 0.89458262 0.57022262 0.19998405
 0.93708751 0.40494651 0.64964764 0.18688558]",482,2025-03-03T22:43:17.564203
46,0.8142665991686303,"[[293.46817506 514.57177141 357.82115349 733.82844845]
 [747.3530784  322.64787895 754.08583117 654.66441059]
 [ 47.6042897   84.58988496 657.16463683 230.7527704 ]
 [775.09228764 319.65360794 624.31014054 138.62803581]
 [610.23488998 218.01707346 246.59745107 565.46194811]
 [207.20516915   5.66576144 213.2116802  425.18679029]
 [102.31522493 736.02979607 446.12131009 393.4564941 ]
 [778.64157889 273.26674377 596.40675971 244.19405373]
 [237.00093057 384.38303408  65.17799664 161.16289747]
 [142.36929684 404.70624965 408.59818403  76.88523644]]","[0.17900095 0.25027203 0.19903457 0.77783975 0.47849547 0.90279227
 0.53753981 0.40150531 0.12263441 0.53185944]",483,2025-03-03T22:43:17.570698
39,0.8989139324615212,"[[ 84.00364218 795.44618069 756.68850607 390.38620278]
 [531.82934893 243.60669178 749.43057977 513.2252015 ]
 [371.00191216 373.76339722 651.40944622 537.48390795]
 [104.18044247 638.5054117  650.61360749 423.72032506]
 [325.13112583 377.3393592  418.04537997 269.57375658]
 [733.22137342 306.55871518 236.64135721 131.33193461]
 [214.4265975  104.58750216 595.01007506  74.79794269]
 [222.14832772 427.1089947  200.52075869 635.4010208 ]
 [221.61374813 587.25807488 687.5426963  726.86799948]
 [682.12263399 583.95737543  35.91646596 397.60172449]]","[0.48571328 0.90550926 0.34498022 0.02354756 0.65584136 0.67818636
 0.02115226 0.42664975 0.0647646  0.21466043]",484,2025-03-03T22:43:17.576524
28,0.8899403543067098,"[[440.5543203  349.76775029 768.70148866 508.23792594]
 [  2.29608718 686.99582541 145.9116486   92.24145087]
 [307.96595596 535.90950457 739.72833388 663.48883224]
 [209.43995718 224.35753946 551.07690268 547.50993321]
 [ 72.93044599 282.21426135 738.19198809 538.90745937]
 [781.45766627  43.07640395 496.88682086 341.55773928]
 [683.39277082 390.14546794 446.35762532 432.55819942]
 [603.69707533 385.64527027 450.07091036 300.87893548]
 [129.48007253 465.04965254 324.49662466 159.49655571]
 [261.32200088 258.1564063  425.2276676  706.37685405]]","[0.00174709 0.25116532 0.03384964 0.83885009 0.27447118 0.36949929
 0.15929101 0.66091393 0.12369885 0.45156103]",485,2025-03-03T22:43:17.582907
50,0.8473014011186689,"[[702.13306242  27.15671497  74.07072746 480.94716459]
 [728.72902777 247.48000428 426.52528976 541.16536506]
 [529.16176821 798.56795429 480.47242864 350.53890405]
 [742.23701701  66.64454264 180.64739078 605.11296583]
 [289.91311509 654.94312252 148.85825947 262.46175005]
 [659.70635889 499.629745    41.39015981   1.41147634]
 [ 43.02341506 435.74953499 330.7530693  245.61697671]
 [502.90312282 387.18596366 598.77859295 541.62116666]
 [183.7399779  247.05297941 134.99096389 590.29132798]
 [ 58.64071857 773.71672088 131.59667071 404.17962547]]","[0.29992275 0.65270561 0.38350643 0.89196917 0.8566038  0.54445807
 0.98453961 0.80552283 0.31171198 0.41728582]",486,2025-03-03T22:43:17.589316
16,0.8800784417526294,"[[2.37716330e+02 2.88053264e+02 3.79877789e+02 7.07890748e+02]
 [4.55033941e+02 6.02297039e+02 7.04141530e+02 5.32695997e+02]
 [7.59115677e+02 1.69656643e+02 6.48354849e+02 7.77453948e+02]
 [4.52928147e+02 6.69419566e+02 5.98292251e+02 5.75651274e+02]
 [6.37573811e+02 7.43830850e+02 4.76012996e+02 2.52215147e+02]
 [7.43892041e+02 1.08679860e+02 2.05546043e+02 7.34797116e+02]
 [6.06944427e+02 3.86518382e+02 5.75828175e-01 1.02109545e+02]
 [5.00042818e+02 2.26849388e+02 7.78255859e+02 3.33235471e+02]
 [5.13647255e+02 3.94314143e+02 7.24181016e+02 6.37950601e+01]
 [3.93495796e+02 4.90031986e+02 2.54357593e+02 5.42885455e+02]]","[0.61850656 0.19356954 0.23845036 0.80037149 0.89945942 0.0422534
 0.50047605 0.67349733 0.08873739 0.00390045]",487,2025-03-03T22:43:17.595920
49,0.8927424069848992,"[[637.75030562 191.0759388  551.5613447  760.26703605]
 [720.15767705 659.12589286 640.11158488 583.83472767]
 [746.23232394 542.95732852 121.46025431 110.72554353]
 [543.68407109 490.98318962 194.87944272 617.61177577]
 [629.89717598 543.16400627 511.04005844 102.5460383 ]
 [ 26.23102574 177.35480488 596.20370083 577.15813551]
 [ 64.00487508 592.28988934 628.07640675 645.07120813]
 [ 34.69262284 324.23971448 314.09007732 326.1461666 ]
 [570.31421266 262.93320907 536.38493322 127.06959593]
 [285.71941683 136.39766215 715.31141284 581.32426534]]","[0.42169997 0.42591502 0.40826215 0.28281523 0.04687752 0.88563446
 0.76397325 0.16216207 0.72637122 0.44738268]",488,2025-03-03T22:43:17.602961
31,0.8138024333552888,"[[318.63154405 524.13871813 149.04212131 246.20502222]
 [114.1684154  119.02605    516.73056998 697.63214583]
 [217.72852318 690.53096292  19.41812331   2.15136888]
 [371.7994414  333.00602287 518.82311002 190.76608004]
 [430.28245838 245.41649343 402.32806208 457.02346796]
 [670.70961768 541.92812829 182.82803498 165.40537369]
 [345.87530246 169.98153389 502.24719061  13.87293414]
 [480.27874924 627.87282286 233.71525503 236.9785882 ]
 [431.53602956  34.88278764 360.91007628 491.79881294]
 [376.84982574 560.0871518  664.12384028 520.9973871 ]]","[0.5423527  0.27598416 0.48755868 0.72187524 0.24041593 0.77521963
 0.97677129 0.02323242 0.826292   0.6702301 ]",489,2025-03-03T22:43:17.608773
16,0.8784041443457055,"[[ 81.66000395 312.08469399 314.22417694 442.76290611]
 [448.27951009 306.91680132 106.72376622 686.90023782]
 [315.84840152 530.59227604 351.96013112 367.18174582]
 [232.19096385  28.23648029  94.39704379 661.16550055]
 [682.78813256 719.07049815 471.28495482 675.8004344 ]
 [724.08116101 300.82922864 500.48594113 400.41854853]
 [228.57048385 593.79040408 180.54728931 432.24056509]
 [542.23005495 495.62751685  90.22796109 650.08328094]
 [692.16729803 664.3303239  308.66529203 417.05803195]
 [191.29174347 447.11787936 456.72962015 183.08187892]]","[0.50406052 0.52515946 0.9858863  0.46459524 0.37928452 0.08331157
 0.81523863 0.51423289 0.32982732 0.17820642]",490,2025-03-03T22:43:17.614926
50,0.8018896361745288,"[[236.41227769 130.88239853 507.98499439 418.31460058]
 [680.84087752 689.91685403 718.36322009 710.72084456]
 [104.51234894 794.87202679 357.37577545 290.26735881]
 [471.67292924 634.30707138 242.36394319 298.36998496]
 [154.55367997 313.22377401 625.9174911  680.61286052]
 [263.85044083 157.64528316 239.91888106 737.27761898]
 [420.29819158 193.60593879 548.81806231 714.47042631]
 [542.82483734 464.5300874  686.53175468 163.05118785]
 [102.58722723 657.78787318 487.33972519 700.86822466]
 [506.1820171  496.35375007 313.00773517 171.78713239]]","[0.02651962 0.0574249  0.2830983  0.81188042 0.6214492  0.42280875
 0.05465836 0.09375187 0.04798989 0.56121622]",491,2025-03-03T22:43:17.620941
40,0.8334404492518048,"[[257.7533898    9.5388871  710.76184106 420.57837671]
 [553.09921601  33.62119954 788.56376525 658.12498556]
 [645.02070764 106.40566384   5.49736607 539.93054134]
 [ 47.21328714 146.92456011 285.65511892 480.32358075]
 [438.16136176 383.87016218 759.88896757 780.81230185]
 [356.47048126 259.42908709 719.89103298 198.88834753]
 [369.72367514 791.2536037  385.58923645 367.74723618]
 [314.77723103  37.17420804 510.9573211  746.33465989]
 [666.00460797 488.08097486 739.40114885 190.6761956 ]
 [ 93.71426546 517.53013347  87.34751111 313.61775408]]","[0.27033357 0.66174309 0.03082929 0.90297262 0.9147479  0.975507
 0.46157005 0.35163645 0.06848468 0.56427656]",492,2025-03-03T22:43:17.627329
26,0.938840478300915,"[[589.76574168  61.75488575  98.95174169  87.1319264 ]
 [425.78583796 314.08495958  67.79508673 549.01485683]
 [754.63112338  66.25734047 170.86379503 443.83674858]
 [177.03122102 590.3975462  142.87833119  38.3918515 ]
 [586.86711386 773.99824749 490.14290254 542.95298723]
 [ 31.07726866 490.26681622 526.20926054  56.97786657]
 [123.43235383 393.39731288  26.5801358  477.06628449]
 [  0.91376832 409.00864293 236.6205636  102.61661459]
 [539.23535817 696.64083195 212.80727028 662.56975504]
 [282.68017208  65.84703293 679.18810215 416.0489756 ]]","[0.27086936 0.60658835 0.78922257 0.05322684 0.9808727  0.34939726
 0.19948452 0.41041593 0.34558384 0.52548304]",493,2025-03-03T22:43:17.635237
44,0.8396200397076208,"[[410.9215273  297.1395842  483.67266925 391.76473812]
 [642.53765674 336.9940972  313.47758032 671.45521637]
 [339.93621661 181.3177459  672.5175642  101.7192955 ]
 [636.4165245  685.7766809  194.52091116 535.45660647]
 [ 30.24178655 615.61038085 407.95995805  90.64507011]
 [742.94940574 741.94484813 154.25153626 792.65034623]
 [143.58336286  74.70642959 413.98532222 721.78057228]
 [170.65729204 370.96569514 533.72911234 582.91405155]
 [793.52083103  51.37278581 461.60538213  16.49634974]
 [214.53409621 124.15595757 725.05198241  52.42902189]]","[0.82383628 0.47117317 0.00895632 0.98502111 0.74074182 0.877652
 0.20168418 0.35546426 0.64440053 0.01368714]",494,2025-03-03T22:43:17.641206
34,0.8182556854381893,"[[211.18403555 191.67800001 589.12161973 353.92642655]
 [559.97598531 389.90083229 108.21294491 769.28796004]
 [186.36227394  19.50193066 550.06541318 628.67581818]
 [283.67265982 545.03315334 159.33418648 323.21283535]
 [451.78743677 719.64150666 224.31590089 109.40011163]
 [778.91404971 354.34634554 431.99993101 312.48093152]
 [715.98429507 435.29068137 420.98784376  26.86045334]
 [247.55759703 387.53819979 708.54821403 145.22872143]
 [582.21197545 348.65804656  54.31199488 501.27547067]
 [271.39418825 749.69239625 716.14217307 357.82595403]]","[0.79723891 0.0577384  0.63120646 0.5558316  0.59964679 0.73303188
 0.91994246 0.38608957 0.98815597 0.78238783]",495,2025-03-03T22:43:17.648406
45,0.8959617208708405,"[[ 12.65299078 538.17879459 171.55366708  59.72265253]
 [744.76274009 535.01253338 242.71252307 729.89349495]
 [366.30131432 460.72377296 121.452993   579.9665478 ]
 [163.4452213  687.72485235  14.93353153  50.25018941]
 [395.45486032 326.2221556  206.15404351 718.42712781]
 [707.00315691 111.43864808 629.15622552 455.97847925]
 [ 37.05985485 672.71256373 489.69129094 125.28047116]
 [674.74476762 785.47369305 633.53629418 481.23043095]
 [ 18.14988045 411.07107995  25.76725492 256.33152251]
 [ 98.74064848 157.60890002 273.315128   424.95922389]]","[0.81049873 0.09982302 0.65709053 0.36430395 0.55192318 0.47344993
 0.20979622 0.08814914 0.03194876 0.51877593]",496,2025-03-03T22:43:17.655169
25,0.8200977520384699,"[[140.28603286 223.18759812 259.8932782  347.77922919]
 [149.92748803 347.45338176  63.03804727 366.86378673]
 [635.25359584 190.80795848 343.65280443 618.04073088]
 [405.64543429 496.55212718 593.2784126   66.93341375]
 [578.70422678 430.73587396 393.61858918 621.92430042]
 [354.66277496 394.70943918 311.22790634 312.2671307 ]
 [512.67115967 268.17320865  42.17785129 532.76401917]
 [451.21623845  67.71173937 572.91258446 489.38743948]
 [ 47.36309772 700.89523599 668.35773654 173.7863946 ]
 [541.89349313 662.69894744 621.54964849 352.29672041]]","[0.62544902 0.95874559 0.94149267 0.39614595 0.9353039  0.18750434
 0.96927932 0.75804559 0.17707343 0.36740569]",497,2025-03-03T22:43:17.661816
43,0.8148757200600536,"[[ 77.03824247 160.03054259 358.32857729 627.75740233]
 [312.95762076 794.27488354 689.00864466 466.74765491]
 [685.90495199 396.98318278 652.21273282 689.21422024]
 [184.78186928 603.13510867  14.32364896 575.26960984]
 [ 83.12881389 737.23746386 108.47842721 414.13757253]
 [626.05356681 583.14297048  21.70009165 772.3191926 ]
 [532.01677652 399.06396705 659.84238181 232.69124393]
 [784.58825362 281.3588917  719.86975427 254.90080975]
 [652.65333345 554.93992552 272.71617353  68.93939182]
 [395.42175345 636.61514111  24.33342324  42.71515657]]","[0.12443198 0.01853833 0.85182784 0.9007996  0.65470782 0.41736024
 0.05964766 0.51190122 0.63425329 0.40107384]",498,2025-03-03T22:43:17.668901
45,0.9028416666922952,"[[ 82.22349529 397.77831754 611.9936529   86.54983009]
 [537.86518288 233.56401902 542.59098607 271.13871379]
 [342.05159835 130.2446115  544.85632978 356.7943484 ]
 [302.00189715  79.24556643 735.45350465 180.36407422]
 [ 36.05275479 356.01846212 491.37645576 305.41131904]
 [730.65118712 286.89465682  56.94792501 746.29018205]
 [733.01422122  69.640757   163.55087143 600.30215236]
 [513.36583822 350.18272235 745.82332459 573.08982618]
 [679.12399598 535.86034022 784.08280525 549.68329445]
 [296.26139304 765.45851241 316.51198638 218.63283851]]","[0.85425566 0.05637459 0.57178378 0.03932855 0.2787702  0.34509165
 0.52333578 0.26111808 0.62597402 0.28591557]",499,2025-03-03T22:43:17.676085
35,0.9067261063601149,"[[345.63634142 398.00368954 603.73805539 358.39053348]
 [702.18395619 165.10011331 760.62668089 441.76270775]
 [776.88429599 787.42102759 418.77351082 130.42376799]
 [108.20098923 577.01287633 496.08120848 352.62353311]
 [520.8818928  689.49809944 704.15473553 434.45633943]
 [178.0095217  772.51228697 775.92885791 754.18873523]
 [182.68712198 727.38267498 784.9620836  612.72187192]
 [100.85533617  58.32591536 176.16398271  46.55765225]
 [212.39109409  10.96534732  19.00516494  53.65949676]
 [797.0852279  633.14124375 695.54387638 301.6008695 ]]","[0.74044865 0.65084346 0.6624866  0.60796224 0.21457211 0.32391631
 0.02769098 0.35841139 0.765029   0.90854867]",500,2025-03-03T22:43:17.681549
45,0.8533000113294157,"[[532.29470244 556.39062018 487.96583195 205.4032861 ]
 [183.66157399 354.52818439 344.48233315 718.98416571]
 [682.81929998 138.19724695 285.21103933 696.66424291]
 [  1.45830332 685.3120357  339.07706326 725.31111962]
 [742.61875145 111.36054829 209.06866311 129.89837226]
 [711.02862814 267.75734969  35.33210098 186.21679834]
 [ 25.21222376 785.1258082  648.76325998  87.07026469]
 [152.57139745 618.29092318 612.49649265 286.68521021]
 [635.30986662 521.24683688 230.68809068 666.51350703]
 [268.06347842 188.01198396 591.06852776 635.47483786]]","[0.78025687 0.33223466 0.55071405 0.43929573 0.52973196 0.41372153
 0.09678892 0.68160343 0.51139113 0.46150293]",501,2025-03-03T22:43:17.688124
43,0.9158785002716634,"[[454.40160543 485.54451568 551.79216543 101.23062212]
 [185.12492414 793.74932521 717.68787713 745.63071072]
 [350.49981192 756.00485002 349.32447547 716.74230283]
 [213.02207189 639.4814014  697.75998256 374.46413824]
 [399.42150112  23.5351102  525.06697234 501.83516189]
 [436.68903329 291.33040198 435.69254851 593.43922667]
 [206.97110835 309.74097032 572.25811959 596.09781613]
 [241.23331088 496.98859835   4.66179853 498.91166159]
 [103.29930636 629.30506081 729.24508294 506.31123782]
 [586.42166777 175.39234794 584.56803921 224.05119907]]","[0.2990033  0.07463968 0.71601719 0.55860474 0.6712353  0.15966623
 0.53093592 0.24999922 0.47042804 0.4960476 ]",502,2025-03-03T22:43:17.693635
47,0.8320294462259121,"[[450.48427888 301.89762387 490.17362847 566.09925817]
 [280.79390207 341.00387237 147.75133376 303.68216345]
 [280.91609886 754.44265868 783.39670755 405.98540166]
 [474.43114982 285.26260637  50.08325844  45.05304129]
 [658.26302987 255.30971793 335.58105794 148.31861554]
 [ 68.60504098 115.52287876 467.02029513 489.92400777]
 [742.5909078  391.77010521 120.04728041 741.50235486]
 [ 96.63513087 615.65291941 119.85034217 572.58325323]
 [182.89660701 278.35606293 417.32687045 240.87234066]
 [720.91143809 492.07981649 459.40500827 197.38060747]]","[0.7524221  0.01661914 0.98620158 0.49481208 0.91863867 0.98239519
 0.6199882  0.78718293 0.08811123 0.60486302]",503,2025-03-03T22:43:17.701638
21,0.9229796181987366,"[[195.83691196 584.56179895 626.39591582 529.82543891]
 [673.08176435 675.11712063 152.0306387  407.38210651]
 [516.24593541 351.76254003 207.99929765 797.22842904]
 [316.84987068 704.57033493 491.84601223 673.53040956]
 [404.98468988 662.14897338 404.47026728 744.37761875]
 [323.14934353 751.83810421 200.97063977 737.98902078]
 [312.34369763 133.12219421 347.1394322    7.73595908]
 [ 34.57266172 125.68684396 478.07097975 446.19725414]
 [630.7623962   33.83954838 151.42238216 748.32733653]
 [123.79452486 215.31631409 300.43404764 747.00788982]]","[0.7849321  0.13524286 0.84560054 0.7148424  0.62643    0.86959249
 0.93300418 0.18675501 0.67916469 0.23664776]",504,2025-03-03T22:43:17.709040
31,0.9359550270515977,"[[168.13650343 290.26819945 322.9230473  177.42707635]
 [569.66700779 536.61350622 540.62000902 771.78377482]
 [ 62.11376757  23.38688638 344.27834075   7.41910955]
 [272.49305071   4.29859571 237.24581996 777.55624525]
 [737.55829013 135.88691139 707.56378006 357.75879595]
 [ 22.1886077  392.00603527 504.45983616 294.87775838]
 [581.05245391 638.45494063 690.11585826   0.82925585]
 [453.3497923   37.22404618 580.68941057 144.3489393 ]
 [279.46192358 515.58321761 160.83988738 391.61980574]
 [458.98092092 701.62316686  67.91172434 648.32173843]]","[0.90484068 0.8259336  0.61825234 0.48555388 0.22249239 0.52190179
 0.05223345 0.03391947 0.48398818 0.27048734]",505,2025-03-03T22:43:17.714596
34,0.9355282382874984,"[[524.39666095 514.96465338 426.16752707 316.08510103]
 [437.94219786 731.88873282 629.69132947 480.89549915]
 [588.95630326 570.30669745 147.52426238 790.16462582]
 [312.57036697 472.43466832 210.423769   328.15736554]
 [470.38317807 522.74036178 719.17028092 378.28874903]
 [399.90108889 358.56838167 200.60305096 202.99451972]
 [417.22595593 499.49160406 371.0646182  404.80596059]
 [210.46168642 190.52428953 589.28886526 543.3919731 ]
 [176.97365554 175.36481939 719.45983963 478.90353046]
 [185.49448387 555.48219801 164.15547254  25.32351538]]","[0.83912536 0.50870742 0.1002876  0.7649099  0.20584698 0.37601962
 0.50985242 0.47902118 0.73709562 0.33006119]",506,2025-03-03T22:43:17.721406
27,0.8753073893233471,"[[185.47323694 137.73342354 394.0471105   15.26921707]
 [ 36.18396307 790.80463039 717.01110114  10.4614258 ]
 [313.52712802 417.6281138  447.55651387 430.96062487]
 [645.65704533 713.54708809 313.37314767 745.04863881]
 [163.8520204  218.09955933 786.24924156 608.82903519]
 [542.20028792 698.15101957 764.09400827  72.80361069]
 [616.38527128 315.76948091  32.88058616 453.81768978]
 [742.10426975  15.45761162 358.57197832 181.79362114]
 [558.36602991 515.39896621 221.51970993 474.93395457]
 [562.10852866 649.51059926 312.08823258  67.90225266]]","[0.03854709 0.23275695 0.27855252 0.71573788 0.58070887 0.40733444
 0.38079187 0.28156387 0.71475694 0.67258188]",507,2025-03-03T22:43:17.728052
32,0.8018014147604702,"[[203.71389191 695.85506854 721.870749    67.56351772]
 [100.55423883 418.45724147 600.76348755 318.65482192]
 [713.45574124 266.66385953 311.53701074 747.69278721]
 [329.69110876 778.67285804 360.97342485 528.97176778]
 [344.5692109  463.13099445 578.17287169 355.43216723]
 [ 13.80545379 666.82864249 757.92834925 297.88021549]
 [264.25173436 115.98842671 789.27051421 749.51723324]
 [796.41542625  59.17903621 537.31606706 225.78596364]
 [183.63625106  87.68940434 436.70044415 591.2323514 ]
 [297.44508017 324.26200726 763.04875805  95.7872394 ]]","[0.67324801 0.66476854 0.02331661 0.68821145 0.01847484 0.77606016
 0.25656832 0.82442022 0.69772193 0.63347652]",508,2025-03-03T22:43:17.734466
12,0.9219473804879821,"[[228.50456519 320.13834992  19.34329059 643.7078033 ]
 [324.45266666 603.30965206  35.44569926 114.63671702]
 [201.54968157 200.79045398   9.63043858 786.89024268]
 [449.44516711 527.47701439 427.65582349 663.23148083]
 [395.45706413  78.76638399 588.65866272 639.91826877]
 [622.5039339   10.44844902 362.89631792 421.73599272]
 [ 66.37651434 696.86199767 712.48624428  62.31545807]
 [ 79.55050596 256.14154502 770.42802696 397.85503181]
 [529.38262582  14.28203238 106.52599601  86.16111813]
 [391.0455758   62.9061424  348.96959904  43.26135982]]","[0.93044476 0.00164008 0.80110806 0.48130804 0.5126895  0.83333566
 0.93579876 0.3054457  0.45374723 0.62008043]",509,2025-03-03T22:43:17.740393
18,0.9401563735674103,"[[707.70604684 184.43018956 690.67397288 544.25627372]
 [336.29832823 698.93330234 516.84381562 747.64895058]
 [665.5400463  283.10456336 309.27619358 165.56200121]
 [351.86027374 259.83391932 298.83229272 613.70878993]
 [212.75757974  58.11829057 243.69514428 250.12326901]
 [739.07023463 241.45424165 719.37660865   1.98182559]
 [  8.68568392 757.81639882 370.59986991 281.32847372]
 [255.43090547 519.1624045  672.01133508 425.40137536]
 [746.61470653 551.42043354 126.64314204 659.31206493]
 [767.92454615 499.81746153 443.76289865 154.81829182]]","[0.84534843 0.47211504 0.71313892 0.59415077 0.41119445 0.71497915
 0.57526877 0.03929697 0.10546311 0.24720675]",510,2025-03-03T22:43:17.746156
15,0.8655553415511997,"[[186.34181237  67.56034759 729.68106053 214.58675463]
 [470.39113842 339.08193363 362.70757156 513.72911108]
 [580.55172813 646.01988479 535.00962624 450.23755211]
 [710.28809997 244.89867153 273.55668345 737.04719892]
 [116.27366873 516.47979537 576.81264463 628.16564828]
 [537.18973215 503.94711455 183.23959071 660.29797969]
 [707.59202937 482.24418457 491.45815904 341.94478512]
 [566.20193275 473.27769111 658.5978832   10.84108243]
 [506.3271267  522.38359219  14.98930483 751.29552657]
 [216.55597524 367.04400048 411.10366855 394.09507932]]","[0.75403651 0.33227113 0.7380635  0.24625648 0.28309467 0.36520637
 0.06406687 0.21954372 0.4292157  0.63795657]",511,2025-03-03T22:43:17.753617
39,0.9256495796967973,"[[7.08268624e+02 7.77990308e+02 4.31775024e+02 6.16516170e+02]
 [3.49871705e+02 4.05414615e-01 3.15352697e+02 6.92136232e+02]
 [6.52805492e+01 2.57508715e+02 7.02584712e+02 1.80598233e+02]
 [9.65300106e+01 4.93548354e+02 7.99818000e+02 1.14795770e+02]
 [2.97376294e+02 5.57480455e+02 7.23605173e+02 5.07144545e+02]
 [1.00702443e+02 5.00765285e+02 7.88743278e+02 4.68415182e+02]
 [4.86433947e+02 7.73389180e+02 2.26033172e+02 2.40612987e+02]
 [7.19667450e+02 4.29968604e+02 6.62541075e+00 1.97771369e+02]
 [9.74335231e+01 2.37441060e+01 1.53240274e+02 1.70685616e+02]
 [6.55525063e+02 4.30185249e+02 2.74343524e+02 2.60822889e+01]]","[0.33093604 0.1655641  0.21025218 0.93897336 0.62998072 0.78661633
 0.61165117 0.32894997 0.67789519 0.88454306]",512,2025-03-03T22:43:17.759615
36,0.8984210658956582,"[[252.08575707 440.41980663 525.09647385 489.57555246]
 [703.70994227 190.44129818  64.98664249 449.53693145]
 [662.45392751 261.45286931 484.16475477 691.6615956 ]
 [219.02463338 788.59306273 713.87420223 647.70852382]
 [606.93117794 725.93874621  27.10837928 573.75590978]
 [ 26.90050042 697.44078762 547.80615196 665.99715525]
 [340.0165464   52.69845144 796.07748701 523.01648301]
 [ 71.11591896 474.61276506 622.95645287 668.59332054]
 [ 88.02546259 341.34466273 421.24760871 375.48737626]
 [ 38.16195503 429.63099598 652.81683943 772.63216209]]","[0.66930912 0.74359827 0.04730324 0.20754248 0.06151908 0.76488064
 0.7196716  0.4583114  0.86947568 0.35629791]",513,2025-03-03T22:43:17.766715
39,0.8011679068933772,"[[ 84.79666708 756.25616183  83.57379339 352.2290216 ]
 [674.9757996   23.48219567 728.45156716  59.89941858]
 [161.50199014 625.56391377   4.09591957 442.81547544]
 [485.12856732 125.9748066  292.09019853 486.76792317]
 [201.11163393 114.95325914 375.05945715 400.43622456]
 [765.91324656 587.24945687 453.68592226 137.7629503 ]
 [656.81408168   5.44643223  54.57258099 225.28962294]
 [711.76470563 526.00663081 255.49737274 197.02117815]
 [389.33788827 595.04598626 599.36266188 758.09788333]
 [702.79848705 434.42697678 664.23500503 585.87204403]]","[0.10888186 0.84565698 0.12024201 0.00284944 0.66220618 0.32583886
 0.68083655 0.8717487  0.02752094 0.51193731]",514,2025-03-03T22:43:17.774258
23,0.915801697820471,"[[ 82.86146915 492.12059368 456.38455466 193.0039968 ]
 [708.80966306 642.38370087 364.61499146 747.29930113]
 [ 28.0282796  162.69503717 696.31754944 117.67504505]
 [641.94384057 253.35106491 399.05833906 170.47806796]
 [386.66999795 776.43158374 765.19312282 382.07395592]
 [ 57.37078314 777.96328484 190.77196634 490.49258199]
 [402.43707854 561.90812022  50.82490635  48.6053067 ]
 [581.59984904 577.78666694 201.02069271 643.9467753 ]
 [708.6465381   17.99830128 252.45746768 202.18772137]
 [243.73746298 184.36508162   2.66652827 485.93622055]]","[0.43598775 0.1948079  0.39830867 0.09254381 0.34109568 0.32044782
 0.65077939 0.95821073 0.7203781  0.4837975 ]",515,2025-03-03T22:43:17.780488
15,0.82433676242742,"[[ 66.77318449 521.98047346  92.50312312 316.88206304]
 [351.248446   143.87533014 349.63915812 218.0105257 ]
 [ 39.94457825 778.15347217 690.43546221 707.07764609]
 [160.37034567 327.26120386 393.80455952 404.57382851]
 [108.93992565  56.52207631 626.6755296  506.75659652]
 [241.47755701 552.06439873 420.3251634  414.84354594]
 [665.13567102 247.37947103 735.05674488 553.52051936]
 [702.47872976 646.33627733 363.70684707 421.04408186]
 [ 83.24501195 576.04452246 655.39545317 294.54078575]
 [743.00229636 684.93322313 465.51949337 382.17388929]]","[0.76306746 0.16306613 0.47684656 0.87661248 0.29515979 0.46741709
 0.204398   0.20824111 0.61503842 0.33517644]",516,2025-03-03T22:43:17.786994
24,0.8248500409704956,"[[167.71051252 188.69941787 318.53832651 248.776301  ]
 [775.37159503 167.72179475 547.64189152 457.03788413]
 [200.4126468  242.06367124 735.25143662 533.31171499]
 [457.91631656  26.45219852 757.17849901 422.35802184]
 [ 76.97542538 626.52801793 361.16703236 705.16327118]
 [236.85838756 590.38739238  77.07691149 725.94302973]
 [254.9553005  580.0407984  368.02222896 311.14846603]
 [665.31626796 439.82676836 413.00934556 556.03870442]
 [568.94516071  74.88672236 409.51155215  90.74996665]
 [798.3289244  159.23994047 180.1436767   90.9430989 ]]","[0.83083991 0.04329775 0.84756798 0.47911986 0.84330623 0.56190907
 0.47903793 0.25480333 0.48892835 0.51694908]",517,2025-03-03T22:43:17.793518
38,0.8759909282479722,"[[382.84465077 347.69246853  35.68774307  69.07078246]
 [584.75648234 731.18057563 590.69672264  15.77936293]
 [787.72129851  89.97169378 734.09018667 795.92622186]
 [539.18722919 223.66962201 499.06077578 591.99733906]
 [631.45538814 360.39669611  50.18740152 458.61451808]
 [369.19822674 235.19428532 608.65574073 467.17647379]
 [ 12.19815403 552.00630011 238.72935691 334.03040887]
 [430.25302386 122.67903456 292.99515571 666.90118133]
 [759.73095642 678.65413244 574.45079536 569.77429364]
 [745.38969972 224.72413065  48.9867292  479.94797199]]","[0.02848763 0.37276493 0.97839862 0.55690836 0.95791479 0.6124224
 0.80123034 0.04405863 0.62406475 0.78110152]",518,2025-03-03T22:43:17.801179
41,0.8398444139427141,"[[ 58.26017196 155.25561563 758.7825111  189.39468907]
 [688.03609355 217.83578959 722.85852078 338.07700207]
 [619.38771349 147.45764154 233.09643524 604.77179864]
 [167.84659332 472.29858582 235.24507306 734.67605164]
 [255.96148175 417.87492549 724.15561394 543.00163653]
 [601.36489618 458.2856897  146.76339367 236.20648123]
 [ 59.82063244 632.58650584 327.71357202 633.71747469]
 [759.29241586 540.23732448 102.56246818 417.20272871]
 [125.36491023 576.85043891 581.68770678 429.22904142]
 [641.20100645 182.58098806  65.8750855  435.11346977]]","[0.79837859 0.40678003 0.81146987 0.94364791 0.70769825 0.68636607
 0.58542323 0.79160211 0.9036389  0.29303235]",519,2025-03-03T22:43:17.808032
50,0.9324818185072461,"[[379.16525522 470.24743136 300.01818328 311.27050279]
 [135.06288907 764.66579255 194.43869518  35.69525864]
 [447.55166158 138.30337905 359.40624788 430.4992232 ]
 [606.53945366 375.31709165 409.68310433 311.2631205 ]
 [ 64.01612428 767.33787032 784.73354351 518.39332916]
 [344.94738935 117.75883534 506.91165533 669.79835674]
 [548.35287611 494.12986234  31.58902926 659.52382094]
 [152.5067415  355.58640826  63.27065667 298.21199964]
 [594.28921127 300.78934256 482.91561273 384.58596437]
 [ 92.81075548 308.8181252  284.02913582 110.30403712]]","[0.61717514 0.47203504 0.73910787 0.75367075 0.66769881 0.08561554
 0.3321187  0.37872268 0.63464646 0.52042493]",520,2025-03-03T22:43:17.814024
43,0.80738947200543,"[[  4.70017793 674.32131588  49.29999437 736.86410124]
 [278.71803138 431.78450901 242.53378946 420.47257662]
 [603.91928654 266.6296652   98.0537792  741.21825019]
 [704.92023322 520.49049888 543.64191687 677.06925579]
 [278.39140486 453.32967208 171.16189551 386.13427278]
 [319.15597439 563.44000383 606.46520327 316.69465674]
 [328.29872355 459.39398199 228.36210438 628.15727077]
 [539.45586582 336.13677584 219.40320094 120.0164612 ]
 [774.65274362 288.5200408   79.73626723 763.742449  ]
 [477.7351738  451.06392061 393.03585071 537.61895763]]","[0.68851293 0.00772911 0.30892029 0.12416068 0.4725866  0.04243906
 0.62567251 0.32600961 0.71325557 0.99304031]",521,2025-03-03T22:43:17.820531
33,0.9341854621713599,"[[225.17723703 608.5564991  468.45913904 274.0286221 ]
 [  7.60525503 773.2565103  579.92123115 471.03082658]
 [145.98796951 276.32902713  30.86397458 726.6181918 ]
 [202.26536173 775.5024616  677.8976237  627.04682575]
 [518.96293088 367.95529719 797.60358059 613.22046944]
 [287.56368751 518.66868643 376.42334175 175.19741445]
 [588.15735321  45.42089888 509.46368958 198.43542562]
 [578.20980206 731.58988131 415.39283111  94.77745379]
 [695.69341974 113.80228487 583.28728016 382.19635688]
 [449.62366124 717.45270782 261.11420967 661.55291776]]","[0.93460844 0.55800189 0.38538111 0.62166488 0.3388219  0.7507627
 0.12793143 0.68999351 0.90956071 0.67634071]",522,2025-03-03T22:43:17.826492
42,0.8792926813603217,"[[5.73417205e+02 3.55577363e+02 2.40949614e+01 2.65200371e+02]
 [5.43406664e+02 6.72001835e+02 4.70170695e+02 3.93698502e+02]
 [2.07198778e+01 9.60727880e+01 2.95704938e+02 4.95764917e+02]
 [7.34583360e+01 3.55695491e+02 5.02454593e+01 3.46761362e+02]
 [6.94025436e+02 5.45585317e+01 6.07496619e+02 1.52381471e+02]
 [3.21251843e+02 5.84803084e+02 1.91980431e+01 3.63086883e+02]
 [5.92085688e+01 4.91262073e+02 7.89580088e+02 3.33116354e+02]
 [9.31357188e+01 4.11841996e+01 7.61757920e+00 7.96482642e+02]
 [2.13271451e+02 6.91276843e+02 1.30469474e+02 5.76671881e-01]
 [6.13535222e+02 1.30721787e+02 3.90776328e+02 7.72690160e+02]]","[0.02968406 0.20767594 0.13449216 0.1807398  0.40716445 0.94875554
 0.20049963 0.32417421 0.45813942 0.40203661]",523,2025-03-03T22:43:17.833856
47,0.8802609782107195,"[[3.64300852e+02 4.14791265e+02 1.99737508e+02 8.49865775e+01]
 [4.67946631e+02 4.92824894e+02 6.33124689e+02 4.50323773e+01]
 [3.95444172e+02 4.07447296e+02 7.61646116e+02 4.05342718e+02]
 [2.88249264e-01 7.77872777e+02 4.88467681e+02 7.26524665e+02]
 [2.74572320e+02 2.04673337e+02 5.03466861e+02 4.68457630e+02]
 [2.76453913e+02 3.10504253e+02 5.66325597e+02 7.56800599e+02]
 [5.36207500e+02 5.95058062e+02 4.70990817e+02 5.53750937e+02]
 [3.26727871e+02 4.55315589e+02 1.56930061e+02 4.27591939e+02]
 [3.32821786e+02 6.91561191e+02 6.11519137e+02 6.59909072e+02]
 [5.40001697e+02 2.12852374e+02 4.12636894e+02 2.15204817e+02]]","[0.08678191 0.65040282 0.65866581 0.37850736 0.36769288 0.73699131
 0.64031518 0.68230916 0.84920029 0.51801702]",524,2025-03-03T22:43:17.840112
18,0.8122724777201831,"[[655.3917366  691.06592965 484.31506843 611.79894413]
 [538.34799115 255.14711021 111.85549657 143.34917437]
 [404.80107984 748.96891945 148.36737819 720.13539553]
 [ 56.76549667 102.51610897 318.54414091 307.51556636]
 [250.34778074 767.18727206  53.97538402 312.59770251]
 [ 34.05422877 466.20071416 341.12207514 149.18647294]
 [476.96290947  61.76306586 227.04346728 390.28595628]
 [238.39052225 415.58213857 476.66231964  19.27811258]
 [480.98188482 519.96912459 369.94731038 582.398463  ]
 [350.15492247 419.33328013 255.59382235 395.82913526]]","[0.70258623 0.42521237 0.50793611 0.25881475 0.54218823 0.06716717
 0.20515102 0.79800263 0.01532679 0.41582422]",525,2025-03-03T22:43:17.846517
50,0.8379355957931035,"[[ 89.71068405 447.6711893  278.74696112 511.83154228]
 [738.76028234 778.93344985 539.14893578 582.05917312]
 [608.92901049 789.37785552 799.55669333 165.45502299]
 [505.41220076 308.22469176 682.62610467 101.16521355]
 [529.13649636  99.06848684 191.41874524 116.33273935]
 [520.74253274  87.05804966 778.77138665 129.92077444]
 [ 10.94545204 415.53631692  10.38752632 314.35346144]
 [ 64.33887367  34.45709624 626.72273937 630.9869865 ]
 [115.97600272  92.91644779 548.08976763 122.36263951]
 [486.2824408  137.23728903 166.61866717 526.2070927 ]]","[0.61851901 0.63206472 0.38892309 0.79622787 0.55403682 0.48373242
 0.96740321 0.9018262  0.81126826 0.35867632]",526,2025-03-03T22:43:17.852239
44,0.9177389074865325,"[[305.26172187 107.3649234  780.4079101  446.377627  ]
 [ 82.18640989  84.23670669 689.1571461  495.45630816]
 [233.30558863 638.28714378 565.01309219 338.85321066]
 [639.3588025   64.38798271 154.66605147  47.1887104 ]
 [329.33249104 549.08019881 530.75440558 200.98595779]
 [215.43217464 241.41408069  17.79880931 660.73164185]
 [ 47.19812516 319.29464385 755.46957456 525.62182671]
 [642.95164765 429.922193   678.45337376 543.15805446]
 [304.60797046 143.09693185 361.26879248 625.37392371]
 [432.68871635 578.73704075 152.06058531 765.55506479]]","[0.35337929 0.35917624 0.78724835 0.11800004 0.70226557 0.86136022
 0.68484473 0.87768411 0.27899346 0.52844872]",527,2025-03-03T22:43:17.858435
47,0.8716730163308548,"[[497.81641893 243.96604778 780.21223101 523.41996125]
 [737.3297891  618.00233215 487.50236624 322.49156356]
 [484.67738977  23.26152959 493.49249218 423.2559277 ]
 [215.64668468 570.36720269 664.32127847  72.31258813]
 [  6.3848211  721.40757321  88.95244254 406.18218821]
 [751.56603827 163.97476475  33.65841657 708.4020562 ]
 [565.80514978 151.35954444  14.28418831 522.41456065]
 [560.16145985 427.20075416 289.75045968 773.01798485]
 [337.99282177 307.14647306 747.92533491 409.77596391]
 [411.17583109 436.96728902  17.90760049 280.82017132]]","[0.45879614 0.48304335 0.23692514 0.48841618 0.52113261 0.54613254
 0.10643927 0.29882667 0.17105958 0.49783299]",528,2025-03-03T22:43:17.865674
30,0.8184100580335971,"[[643.16145149 779.69451871   2.6234973  673.5065918 ]
 [335.7372971  439.1049564  735.89285748  73.27081213]
 [692.52170496 747.09236356  94.31007588 511.91014245]
 [671.43110242 619.87494938  53.51854317 722.56896508]
 [373.17098204 150.38752931 141.83445543 655.68968908]
 [552.30389369 222.54158915 480.99538999 683.32334717]
 [413.39511463 447.85189146 612.05384632 616.12126718]
 [641.280522   470.53724719 207.46881647  50.61903424]
 [710.55252864 625.00225753 418.28187206 421.60854245]
 [ 94.28457913 559.59423427 269.77228262 230.40789497]]","[0.9208716  0.04657817 0.76215643 0.7177205  0.42912888 0.01829025
 0.8958808  0.36395019 0.19713795 0.4973825 ]",529,2025-03-03T22:43:17.872132
22,0.8145388878572593,"[[642.34234137 604.9039492   16.84711078 749.36815468]
 [233.40905688  15.27777671 157.33204015 339.89652131]
 [720.37824496 314.58013295  67.13303473 783.28509351]
 [781.48523088   3.528526    75.32654656 457.07517651]
 [189.43037481 686.06711598 766.8709654  240.76204195]
 [160.55658139 385.86339434 515.9437429  577.76639607]
 [451.2423025  433.50802463 784.59534097 109.66012374]
 [136.682696   271.74999575 458.99056915 241.33951498]
 [611.96522875 512.19071603 508.72897484 454.84298897]
 [613.70927306 679.15930651 312.95229564 476.19571215]]","[0.98354142 0.37552736 0.88865222 0.6031374  0.57969403 0.88765265
 0.28227829 0.56046263 0.09216818 0.785042  ]",530,2025-03-03T22:43:17.878624
18,0.8174075384278551,"[[ 89.95552147 159.5567701  249.87446334 199.69357361]
 [440.73796291 733.01094327 632.84439529 618.81045159]
 [451.30040226 700.82699798 384.6880517  346.99718408]
 [529.97749788 766.04196837 493.94107075 521.17419696]
 [443.42660202 545.02486723 739.27635655 566.6719021 ]
 [788.10553389 635.76261624 583.58168356 513.74273226]
 [668.3738661  633.49714611 797.44655715 797.49878014]
 [330.52391755 199.02174826 739.23092796 670.17876206]
 [734.88081111 477.09489114 456.48422613 667.77220182]
 [543.9156471  368.45614565 665.79072039 536.68221836]]","[0.28733388 0.70377596 0.76805486 0.23501983 0.10473872 0.97911186
 0.64154027 0.01837717 0.28343161 0.26173194]",531,2025-03-03T22:43:17.885152
33,0.8931218075724537,"[[109.37879971 481.44275171  79.80676905  95.70970263]
 [278.7480966  587.96254984 262.46857138 300.38004726]
 [333.31839862 195.439815   456.03617967 171.80141621]
 [438.61878201 447.85648665 529.39580114 577.58480303]
 [580.73984545 156.47237363 162.08613691 322.54564978]
 [242.12344153 692.75944043 373.82378213 112.42740859]
 [761.90606818 454.92238826 221.71762043 294.81171008]
 [359.6372781  615.37411878 780.92151404 494.40919979]
 [ 22.4897812  625.23920905 661.58358666 531.44716062]
 [574.22907671 310.02957682 722.27600488 747.57052134]]","[0.62578505 0.4381844  0.65112769 0.00878566 0.86169847 0.98634061
 0.91557741 0.27474824 0.05002663 0.29351368]",532,2025-03-03T22:43:17.891167
14,0.8987176029385724,"[[454.19311897 282.07980071 343.90504975 555.80143552]
 [308.36726063 314.8418616  448.59251322 219.58657039]
 [ 76.42341627 605.74298844 420.50796836 145.96385714]
 [684.42741321 589.89570217 470.14225491  20.33585585]
 [249.81558172 403.16777672 790.72176346  80.2198112 ]
 [565.62546902 175.05596299 520.65298604  69.14369852]
 [334.96627491 412.86108853 704.25035569 598.84303394]
 [ 26.70911692 546.10309763 545.69056231 622.18798716]
 [273.0115658  502.08096897 697.07456046  83.33439435]
 [559.24299898 453.53496767 683.14901683 316.71989666]]","[0.91519169 0.15080043 0.30737926 0.4422333  0.70857366 0.96173891
 0.36609815 0.726871   0.23019346 0.32467056]",533,2025-03-03T22:43:17.898279
42,0.9411710872223684,"[[563.51012563 716.32210953 117.89186903 362.80185517]
 [249.6540049  311.30348919 742.28344358  27.6052552 ]
 [697.21017554 164.92985553 319.33630826 610.97321813]
 [798.90464243 503.51719731 265.13617142 318.22487026]
 [186.69290586 406.20683442 532.16193322 210.69757392]
 [580.93066971 570.11894119 173.25273348 753.43348422]
 [549.24751172  82.05806967  71.15964467 267.80781707]
 [364.84409277 617.53455634 166.30779341  25.84029092]
 [459.17664254 338.2867313  466.83116186 134.72785419]
 [665.11248681 591.5182977  180.56803549 778.60197322]]","[0.19864639 0.61095847 0.12557189 0.8833064  0.8335038  0.71630412
 0.8784905  0.23891795 0.91693095 0.90549484]",534,2025-03-03T22:43:17.905201
34,0.8785095648537943,"[[366.50714722 464.43168563 473.73794422 369.5404506 ]
 [687.50891093 158.63706919 683.93300094 687.67551855]
 [752.2254275   89.47887572  52.17156871 241.01129067]
 [501.59805821  70.15032301 607.60708399 581.3932493 ]
 [695.07341505 215.0443404  503.97656177 379.56855731]
 [690.9085148  201.13021559 269.19501487 473.45062234]
 [210.02768979 245.42698093 716.1718436  342.84081071]
 [710.25092284 722.05633437 500.47890151 535.55992768]
 [608.66218905 266.63166784 468.12043624 382.68581156]
 [ 23.31841938  86.69660973 350.14620956 635.48275246]]","[0.33301682 0.62736791 0.38703122 0.81885472 0.81003516 0.72779772
 0.97100107 0.04926282 0.27150138 0.40642136]",535,2025-03-03T22:43:17.911856
46,0.8776225752861746,"[[ 64.43321394 173.08343653 320.34113358 475.12910104]
 [ 52.23155283 333.26822443 485.18043278 649.99534276]
 [448.05986298  68.34625033 237.04012623 713.44534082]
 [320.16755294 307.3655234  330.25983959 523.41940052]
 [ 62.01209566 710.22895052  18.69054645 291.66188894]
 [337.89992663 347.41340473 322.75218969 221.90730694]
 [ 77.52006729 330.82436234 738.91783652   3.60840096]
 [134.91373148 768.70532306 293.11960654 267.89180997]
 [161.56031448 423.47110418 550.69850069 437.96914464]
 [191.28636539 325.58982737  16.94433148 619.7151148 ]]","[0.42333485 0.80255534 0.47647267 0.05459757 0.51333545 0.87906631
 0.64409676 0.63659632 0.8611841  0.21940254]",536,2025-03-03T22:43:17.918261
13,0.8678751585150493,"[[416.92993461 269.10724607 513.53663794 371.15122696]
 [ 50.53271428  57.16689688 268.48311701 688.29312609]
 [457.8978666  668.43097618 179.24212158 137.13782968]
 [293.99362638 618.02462575   2.0192443  361.22606827]
 [691.1291005  511.97097912 183.38033527 146.82657345]
 [753.63598126 249.16545005 117.83809135 468.68868398]
 [628.9958442  272.63828807 324.42077423   2.88268213]
 [711.71426982 748.69722204 437.43058802 154.05172747]
 [651.30720676 777.56847443  32.58196281 711.42254633]
 [277.94603354 399.88345246 332.21015899  78.91807744]]","[0.2554642  0.54946452 0.10065687 0.89702042 0.94888756 0.22344415
 0.33946287 0.96914233 0.69916214 0.84013669]",537,2025-03-03T22:43:17.924323
35,0.9379411851422123,"[[680.13167161 326.15732394 781.78243727  23.73705571]
 [741.49679396 223.39173033  47.12303023 359.25404201]
 [ 86.54299683 142.41005428 570.86876364 796.28912164]
 [295.28297997 231.54157751 740.30118257 449.99129372]
 [ 74.585682    18.98575987 563.25723477 383.27740904]
 [732.87624262 342.43461159 619.55657414 542.87882252]
 [777.22034421 745.84812947 503.15748623 228.10130572]
 [662.28442148 677.94869491 622.01946895 485.63343202]
 [613.45202308  53.53225776   3.85115296 103.77879006]
 [301.00630822 725.03444204 413.92979492 718.89523196]]","[0.17121469 0.52552034 0.45815781 0.2698278  0.11345498 0.02168481
 0.23157657 0.72229219 0.46168744 0.88069279]",538,2025-03-03T22:43:17.930390
31,0.8762346711423346,"[[ 89.43597999 599.41374006 275.13831918 464.8468951 ]
 [595.82978675 246.96325964 513.10744195 179.18784515]
 [799.4690622  171.10787418 100.79886108 734.95828057]
 [ 34.90068343  34.0695455  606.82153158 562.16554857]
 [411.99575796 263.53977654  46.05790772 626.26009931]
 [647.04069395 293.35520115 141.06517356 558.81182516]
 [ 54.41527851 281.0093236  574.64088846 416.06475503]
 [741.87700939 175.83399598 368.05382242 400.99777586]
 [  3.94990897 104.91774927 519.55060258 389.45826794]
 [ 57.33297127 457.22130575  43.25997446 436.37717234]]","[0.09512094 0.87769908 0.76783456 0.76806635 0.47661341 0.24020287
 0.99444506 0.37654168 0.31404021 0.6380783 ]",539,2025-03-03T22:43:17.937078
36,0.8018079372505368,"[[ 10.76166448 658.45804067 208.45819266 405.26580938]
 [ 86.02834355 754.18725241 551.04893705  16.24848693]
 [572.59119432 568.93464018 230.4223078  586.89587494]
 [178.64113554 399.67312728 316.42486036 565.68367912]
 [162.30218049 241.5547157  698.49216169 651.34199968]
 [564.65167644 757.19888581  66.85332141 192.03434271]
 [190.47258346  81.7989897  577.95061303 211.0507982 ]
 [105.26505919 641.72315855 154.02923943  45.80063189]
 [751.50515961 491.18082721 707.46770299 438.06081707]
 [401.28918504 466.12123373 582.72854471  17.49523549]]","[0.47016935 0.26456076 0.89191217 0.01966973 0.3791881  0.03772192
 0.65217261 0.6445624  0.33754752 0.30745751]",540,2025-03-03T22:43:17.943240
44,0.852040837838482,"[[223.04535977 381.55464632  38.17105126 515.31362418]
 [201.44631743 155.11735546 629.21152901  86.93930344]
 [403.78996865 709.259788   357.90064941   4.90105377]
 [773.30102489 361.92704445 161.70605222 534.53016849]
 [495.50765312  81.89788385 481.16462402 362.17602833]
 [568.75141958 145.02786066   4.89080956 418.03880434]
 [371.91664978 216.05057513 508.5058941  717.09650972]
 [ 63.63367396 100.58367687 414.51252352 128.72779684]
 [ 79.44563304 209.88182637 541.67933329 706.64452637]
 [455.50573683 773.89427024  94.02982356 513.14473289]]","[0.83340731 0.83723844 0.08920526 0.67809526 0.28626178 0.24333628
 0.89074332 0.06181194 0.53403986 0.8362106 ]",541,2025-03-03T22:43:17.949641
46,0.8730969948485722,"[[553.03148278  30.97867211 638.72577978 123.75745844]
 [269.66895461 259.00720645 339.65318202 175.30957816]
 [226.81197157 329.93500603  39.99285408 651.890322  ]
 [ 86.63481225 182.47508481 208.72842378 632.86617558]
 [631.08753462 760.39310048 525.05596147 178.81094575]
 [792.49273412 233.78612235 629.77751352 698.77742869]
 [404.78230363 174.54784664 722.82646165 330.22637581]
 [245.59221976 698.40899021 120.77778214 768.03139598]
 [376.53645292 790.50671622 350.01127022 515.45392346]
 [302.41014858 593.28524902  99.1033992  198.99935257]]","[0.1914528  0.18491068 0.93056627 0.03602106 0.78896813 0.23477848
 0.12345788 0.35228621 0.85534972 0.98359412]",542,2025-03-03T22:43:17.956641
38,0.8819036963882054,"[[717.4152544  151.94476717 740.42126125 480.06048798]
 [719.5322538  396.38916699 131.01890693  77.35457852]
 [669.77387839 139.0573934  365.7226121  177.21477176]
 [577.49726616  20.87972349 507.4333832  447.58313632]
 [500.87169713 485.87582567 551.92061296 559.90451005]
 [  8.96782935 608.53888124 358.75269611 447.04530185]
 [ 53.69178905 310.48667143 479.52266229 183.97000469]
 [589.76943944 355.78892323 463.76240758 671.76263153]
 [716.21074755 553.24037158 203.1050322  137.11006808]
 [602.6015938  198.28298409 692.42230421 140.29770826]]","[0.05309213 0.77434759 0.13111156 0.33748947 0.81774435 0.09065431
 0.20334995 0.42141578 0.32881743 0.12711163]",543,2025-03-03T22:43:17.962640
33,0.8458775956633091,"[[446.70833786 262.87935152 280.6905367  412.48987885]
 [759.43714889 588.49635718 443.79313193 694.11984674]
 [495.35222367 105.36667198 537.36942291 510.25566087]
 [332.23499061 437.6175304  356.08237957 295.9875244 ]
 [435.50112541 241.67311524 628.39611627 770.85819979]
 [597.71032845 519.88904984 616.56661714 310.09861163]
 [ 99.96901086 424.70013752 306.18021111 623.02512373]
 [ 75.63336836 726.32530302   4.6662339  526.44677869]
 [568.03604123 254.89203376 772.78526242 361.61770463]
 [438.56090354 375.42901508  49.95784524 506.81754959]]","[0.3815256  0.42687309 0.68170427 0.65153663 0.43605045 0.93107354
 0.44811285 0.51416399 0.14948686 0.89512575]",544,2025-03-03T22:43:17.968643
35,0.8645924588218147,"[[344.46173251 432.54928477 568.18348951  33.31955934]
 [314.85617673 759.43534831 685.77029556 117.37004726]
 [190.94832422 795.24406581 549.49933226 645.50370714]
 [ 24.79773152 380.24570647 289.16930603 481.25119729]
 [162.42107056 319.32725655 680.38673305 708.75577389]
 [499.4236987  424.1836599  310.84358936 775.49660571]
 [380.36893673 121.84314079 636.36040897 419.66294347]
 [233.37553783 515.00821504 635.80083199 127.77246238]
 [636.60706513 325.34401211 311.26214466 753.43548086]
 [607.58452117  79.65018935  93.8579115  241.59908614]]","[0.07274069 0.09848126 0.40131696 0.99311014 0.71993431 0.23508203
 0.70556795 0.74808653 0.49385081 0.17663396]",545,2025-03-03T22:43:17.975645
42,0.9082824894318846,"[[743.79862704 361.78153759 296.2551171  499.88055432]
 [312.3789427  645.36972855 373.63432638 207.48758168]
 [ 47.58307283  97.90267343 764.11799602 696.07227391]
 [141.03478456 780.56365849 233.64742567 489.02419529]
 [119.6896743  244.12590168 290.54057147 168.3014669 ]
 [236.85101687 128.84827404 366.26256447 205.0549383 ]
 [634.04263336 735.63085982 230.78856598 251.80422746]
 [532.69415661 610.96274243 181.75583861 665.41908575]
 [ 54.50569679 574.59157737 454.08946942 171.30650193]
 [627.50773427 446.2580609  122.39221091  17.40949239]]","[0.42585907 0.70877516 0.49219671 0.25081458 0.12796071 0.21839711
 0.54753615 0.03058203 0.16084363 0.94171212]",546,2025-03-03T22:43:17.981443
12,0.8499264594173555,"[[765.72724235 104.23814094 782.93787296  23.42106341]
 [430.55905057 244.06524805 765.82607182 617.59088711]
 [210.10605522 397.07115861 642.99735249 320.63570889]
 [240.1348698  444.66665562 629.58101024 606.12689967]
 [344.09259567 391.68934186 257.80314894 674.54091796]
 [308.46079203 367.53038794  10.78934072  24.0618324 ]
 [210.85782828 340.04725326 537.34067644 197.00809785]
 [592.4843231  248.10251968 243.57569551 298.07059767]
 [379.49736304 705.38436972 308.070355   293.67963768]
 [480.29599049 282.75015453 763.98263068 317.91564221]]","[0.93913024 0.8777976  0.61386659 0.52952088 0.30853946 0.45798487
 0.92089421 0.26741342 0.43219328 0.92161359]",547,2025-03-03T22:43:17.988749
39,0.8754227485652896,"[[449.86380083 260.85920041 181.46244215 582.49384584]
 [172.25385934 475.7272589  564.36496658 569.6215774 ]
 [662.69408149 216.09598799 746.72401511  60.96373533]
 [685.64187202 229.08461764 428.24260239 248.94833265]
 [181.65176345 186.14961934 418.76843007 737.03078898]
 [320.46075471 133.73838414 702.42814989 561.12709249]
 [649.41641339 596.54682586 593.26662071 508.62945269]
 [408.38879711 499.49554919 120.92826069 117.38185974]
 [246.707305   668.99490036 663.16885946 364.4587883 ]
 [117.76658654 589.22369458 273.4057338  683.84744224]]","[0.57641004 0.05781237 0.9089364  0.62169243 0.99282316 0.80720954
 0.67373811 0.13362284 0.14177205 0.00772228]",548,2025-03-03T22:43:17.994418
42,0.9158409291734788,"[[463.52324952 106.97808376 682.93413725 424.93863836]
 [604.22993937 599.39933439 676.21034718 576.79739687]
 [761.44220639  46.89266067 734.5970956  633.93570636]
 [152.22679029 524.05716488 731.35119623 524.97828452]
 [102.88802697 156.39375771  98.36218311 500.00978321]
 [267.42595294 445.02677361 269.38004132 614.79291527]
 [649.54002366 677.47237299 219.1056062   76.85198766]
 [389.53980653 779.70972607 104.11874814 573.11785353]
 [ 92.11728719 728.96953644 259.31382752 167.31404714]
 [147.08519975  29.53203531 497.1388799  219.64359562]]","[0.06502671 0.35378671 0.57098396 0.2695346  0.6935618  0.54544842
 0.63529859 0.32538871 0.96225866 0.60476828]",549,2025-03-03T22:43:18.000868
26,0.9451284544538996,"[[715.89214474 363.20349289 799.02735706 799.38610462]
 [401.08625689 527.52054553  40.6599055  212.18549611]
 [618.85423143 149.90773129 574.42393664  35.08574934]
 [645.38403257 402.51523309 705.22448913 472.86739048]
 [696.03739979 423.23613691 427.8841382  748.17276711]
 [525.81886023 375.70655734 413.24685073 297.90292793]
 [625.66525543 411.81338142 171.53959392 686.18123949]
 [645.26422416 317.40375087 396.65350285  36.33313697]
 [640.86534209 285.43365818 237.13940713  57.85518057]
 [286.56935337 425.12603097 362.54893266 716.99446751]]","[0.22332272 0.32868816 0.40420362 0.05047092 0.67742105 0.09348836
 0.65958433 0.3117825  0.27391315 0.72645861]",550,2025-03-03T22:43:18.008387
19,0.8478357168234991,"[[189.62528489 518.9913871   82.91215341 227.63150217]
 [722.07254878 219.70234848 148.75363067 736.73763979]
 [593.50995722 700.82915657 187.69612853 388.55805962]
 [194.775552   106.77133697 137.66343574  82.53343728]
 [ 26.32627795  39.18523438 780.50007876 215.78915055]
 [442.02099643 394.96249937 362.84022117 224.12817398]
 [371.94245009 326.69200865 185.3080545  756.49962676]
 [624.60639806 407.88230836 130.28861938  32.0311794 ]
 [279.4743934  514.60457633 178.58913019 326.20810527]
 [390.05072224 580.26063639 532.75321187 102.01620333]]","[0.27572853 0.99696358 0.1459353  0.24002388 0.93650323 0.61171458
 0.53641262 0.5396851  0.71863472 0.71592744]",551,2025-03-03T22:43:18.014338
42,0.8617871923270817,"[[672.91697549 290.86105542 645.80143041 632.47464628]
 [172.13210414 775.99059506 726.5171956  287.6230196 ]
 [123.88592654 538.88834447 373.41360716 533.22145114]
 [446.02184158 356.26234056 274.03410854 339.63907004]
 [538.68344466  20.66924009 744.45051802 714.17431301]
 [793.50249214 452.39191761 163.39939398 212.27386567]
 [124.80597932 584.03497321 497.39773249 582.71220188]
 [ 54.09025966  45.50548543  91.42189487 671.55290361]
 [758.5371086   64.80899675 432.08383399 295.43552988]
 [258.09752275 200.99961367 725.49387711 109.78846844]]","[0.5028904  0.71281279 0.7295423  0.80104923 0.32950283 0.82294345
 0.62830876 0.3352832  0.646883   0.58821906]",552,2025-03-03T22:43:18.022175
36,0.9343335334341313,"[[683.53723046 739.09882973 412.10910144 341.01963703]
 [ 55.12078331 716.38428022 465.76569753 398.70623091]
 [325.28417023 557.93243337 118.28457423 474.63989862]
 [767.65212243 687.91591597 379.39294921 282.25954683]
 [716.89255138 597.73091093  50.29127336 415.11706187]
 [134.23162758 162.31878098  71.85798153 284.3243606 ]
 [545.23332659 126.38033361 375.64419524  17.88306065]
 [560.62993431 519.07029851 778.96341874 439.15175455]
 [ 76.43532572  46.68952108  75.25772801 449.641954  ]
 [ 97.52777845 647.03767708 219.8983699  320.17305617]]","[0.49473115 0.44479249 0.67274378 0.30228431 0.8318646  0.73269797
 0.32490321 0.76666117 0.65777031 0.91059593]",553,2025-03-03T22:43:18.030176
13,0.8842460982863537,"[[732.28646176 540.45713542 428.77693894 268.60423213]
 [638.02499185 345.04775795 411.58127142 680.45693273]
 [113.25229161 621.13451058  40.17046781 518.27618602]
 [568.21697158 194.38700318 236.14297647 604.81992817]
 [727.49568241 370.76488404 565.43489176 184.02786077]
 [345.91398084 554.4185741  640.32578058 281.04353668]
 [194.33977319  20.55595342 121.00479071  80.94844338]
 [671.68803958 373.253867   739.76686926 175.00062572]
 [657.09527138 433.28439316 608.76397275 781.21443446]
 [ 89.19269287 730.46931449 707.42500919 386.39010465]]","[0.4347479  0.38455443 0.20510307 0.78578933 0.95910933 0.92338622
 0.41705004 0.79992613 0.0170493  0.89469182]",554,2025-03-03T22:43:18.036841
21,0.8465695383132741,"[[487.12193511 413.32439336 142.46039527  36.01137699]
 [629.78069178 760.41793589  95.18893105 359.76746833]
 [ 88.54792537 172.08254626 617.49849039 606.24250988]
 [  8.50181285 583.73988375 748.02966993 250.32018863]
 [ 12.71354777 541.81748209  11.55048897 735.17425869]
 [444.9687893  401.05583048 517.55126734 190.41187462]
 [421.28950477 314.98997489  93.233594   612.51776643]
 [155.5254526  247.92121711 326.1042888  765.6070099 ]
 [463.18478085 607.25091049  90.19042143 548.01210295]
 [653.14205731 665.17966696 561.77497532 258.89056392]]","[0.24927692 0.9620597  0.71150609 0.62475446 0.01403002 0.23030382
 0.10719412 0.44990047 0.33016985 0.05395199]",555,2025-03-03T22:43:18.042895
35,0.8266092184162557,"[[290.16051136 572.11327959 124.27798978 433.31951967]
 [302.29998244 700.87797581 125.04424542 757.13811037]
 [512.02409707 180.63108425 299.27471585 657.6408481 ]
 [766.47997402 419.14067992  44.7068649  745.50604532]
 [140.50117562  65.14973166  65.42229635 758.77159595]
 [100.20273996 496.77069136 254.68601433 598.276308  ]
 [564.80529437 563.12146367  18.76093432  43.3038634 ]
 [543.00063713 542.18937898 380.62386035 769.87854286]
 [790.71972168 739.1029946  187.85142525 188.34990599]
 [679.11432626 422.36239319 374.95695153 207.92124356]]","[0.38820532 0.27290433 0.04977434 0.78512123 0.76611438 0.16156792
 0.23892253 0.52685443 0.74358728 0.30239782]",556,2025-03-03T22:43:18.049416
34,0.9100306438380619,"[[709.79644152 181.66197056 293.9622707  662.7843745 ]
 [196.58940536 362.78229453 273.39336897  78.06070647]
 [674.08920495 671.30918483 601.62131152 190.3606024 ]
 [695.55819293 696.84248439 548.75363784 426.05562526]
 [575.78890052 384.9707154   57.60458425 759.13927762]
 [535.01716302 168.76759529  66.64717891 385.09065107]
 [452.66047324 307.031332   382.99652368 487.69374223]
 [449.89037695 790.63065966 146.70328914 405.67952754]
 [ 17.74017582 538.84152682 742.44701968 274.63107522]
 [643.12324412 403.46158904 474.34208977 739.61791711]]","[0.01873698 0.12642424 0.81153216 0.03990195 0.43466419 0.09748879
 0.11024746 0.23395849 0.37605954 0.22425027]",557,2025-03-03T22:43:18.055438
50,0.919201251727785,"[[  7.50370816 392.81263617 422.12075314 713.8644133 ]
 [703.21400144 269.6695587  416.91243277 231.49074935]
 [580.85327526 418.492937   147.59375691 621.18975188]
 [452.66432273 203.67616982 685.57526104 245.53783518]
 [360.73636065 676.12527699  52.82525017 492.59901372]
 [566.96606507  88.62266139 260.41389867 219.92165959]
 [ 18.61637773 384.40382513  22.032238   432.12462116]
 [124.29377136 309.29315178 420.28435978 517.79609019]
 [121.83331538 340.87208384 277.72120475 627.62958733]
 [147.80606762 559.09316148 701.49239388 206.75052885]]","[0.70280049 0.98906652 0.48250047 0.98599309 0.47858611 0.7115554
 0.37355057 0.61759244 0.33277103 0.56622145]",558,2025-03-03T22:43:18.062568
19,0.8190660720227272,"[[699.36531934 374.08567232 183.99572572   2.51928888]
 [377.76291806 374.99498891 295.69525492 201.56331115]
 [745.63458152 536.28390158 664.82741364   2.6684817 ]
 [777.63717359 563.70047202  91.40478945 180.95778565]
 [662.08730273 213.3227379  312.11879852 610.32730415]
 [799.40781539 217.0994147  262.60669234 492.13817049]
 [331.88263153 427.29681009 171.60345487 410.15454115]
 [438.4841966  154.2451833  719.49006554 572.59945407]
 [353.9441847  508.37517295  18.1728375   16.47550089]
 [380.88207562 444.9417785  200.69137931 345.52216649]]","[0.58895078 0.39805076 0.11139558 0.74499989 0.35677079 0.86046157
 0.58003185 0.53336846 0.02845753 0.37665616]",559,2025-03-03T22:43:18.068323
21,0.8209439253866709,"[[534.20518711 388.99109379 297.16238455   7.86222121]
 [462.50112885 770.63131854 218.25546316  30.14494863]
 [440.27482938 624.14727176 363.21578655 365.08339502]
 [184.92099981 422.59250798 108.29023442 583.42684827]
 [555.7540336  100.87044007 659.27526495 438.37854062]
 [778.6069525   64.61703693 482.20775562 430.78752551]
 [441.27443728 797.04151214 675.34017014 784.89809257]
 [414.65044977 470.26795552 625.30846746 344.17467134]
 [283.04999059   9.83272382  47.11513868 798.52178482]
 [702.55508338  28.31691587 248.21362925 395.03564931]]","[0.9136023  0.54660336 0.45969427 0.42351722 0.58164318 0.39002244
 0.09066546 0.85229413 0.55003587 0.47197534]",560,2025-03-03T22:43:18.073778
18,0.8341111550532786,"[[784.09348077 346.2035665  726.5658955  245.49745434]
 [765.88355948  61.2995901  299.70472327 491.47017771]
 [719.98855771 362.95463007 275.32903735  93.74131594]
 [138.73163638 131.12299245 624.35915906 714.47904045]
 [711.42324144 512.08452945 772.58294199 405.34882763]
 [795.81891129 462.79701563 130.43608754 187.92679394]
 [313.82620847 638.48656886 131.41628976 656.67655413]
 [665.38882    756.32024304 558.76785012 214.96056227]
 [146.66981873 698.77025184 440.14635298 676.02404852]
 [734.62055677 269.36880309 700.46320876  81.6829315 ]]","[0.51019208 0.33499484 0.73249824 0.94625232 0.47992979 0.74801897
 0.15816857 0.98873146 0.15302783 0.11576681]",561,2025-03-03T22:43:18.080154
40,0.89624407534798,"[[328.40601439 671.91635905 277.02851046 107.21215585]
 [208.99774876 562.90973104 300.45600115 727.56337806]
 [349.96631352 663.93427239 776.74218629 576.48283632]
 [761.73084716 224.06873275 589.22935417 664.62499233]
 [ 40.25985283 608.12137884 428.90944964 170.49705162]
 [680.07005789 601.71694296 341.77353812 493.00190942]
 [651.67397752 244.64681677 147.57476607 778.80248555]
 [727.76267163 682.49307448 105.87331872  16.89183993]
 [661.60216036 445.49623255 328.82888893 230.78658314]
 [619.67145786 309.37011814 769.28847507 672.19294663]]","[0.41432294 0.30198952 0.50094026 0.22028371 0.41312017 0.16593168
 0.052259   0.16636276 0.18351071 0.05509471]",562,2025-03-03T22:43:18.086795
40,0.8551679637767767,"[[ 90.72663301 608.03828098 402.8816744  616.34080152]
 [613.98275161 228.36348831 486.82389351 718.94820787]
 [769.87949893 556.86673752 281.91443194 547.33298191]
 [539.62065399 673.19787331 706.70590266 776.05505294]
 [296.06600636 565.15414265 528.50106528 557.96378568]
 [ 81.00320002 351.10250734 439.11603337 435.80807109]
 [591.87480381 529.70591227 598.83871773 546.32667897]
 [569.80801486 241.71780805 684.40514032 311.10910728]
 [286.22325849 469.37816929  16.38736908 388.38288725]
 [266.76625603 505.48068498  15.85408516 708.39538467]]","[0.54335951 0.64239803 0.88377313 0.45940452 0.32413403 0.06435636
 0.42372996 0.90137656 0.88675074 0.89988433]",563,2025-03-03T22:43:18.093249
30,0.9159790647553336,"[[681.35320344 533.79291288 475.32989942 733.68084899]
 [230.09472613  48.27251704 775.64049583 634.3157348 ]
 [672.32313831 219.36193009  63.49001095 113.86651733]
 [ 65.89816956 325.42538302 402.91609298 657.13532101]
 [374.54205863 318.59359308 510.22060864 143.81328116]
 [352.78933709 627.35589717 332.64186326 250.35449954]
 [727.81402751 199.0681595  716.53129294 305.00667663]
 [129.81829312 661.69377094 592.38874838 700.35271371]
 [563.86097709 221.1655204  535.43561674 793.05434439]
 [783.18095666 124.58217002 771.96389712 763.06029141]]","[0.90524718 0.79659366 0.18675153 0.5971547  0.41354625 0.95365879
 0.04496839 0.34701179 0.49236183 0.29066727]",564,2025-03-03T22:43:18.099526
37,0.8162661118878136,"[[424.02888949 669.56437186 136.46457775 624.79939807]
 [331.29637485 110.2111861  382.46746399 111.02785873]
 [ 32.22185712 194.86328371 679.98264633 716.70364049]
 [517.62124556 484.89498555 508.71854653 518.80514273]
 [728.20800072 512.06750316 301.44700143 462.8699875 ]
 [414.82131876 408.48095674 279.43910141 643.02649519]
 [442.85350404 134.04394848 438.05969698 724.94411242]
 [362.52403538 612.8406419  610.65991222  91.67189775]
 [681.14860858 193.25530276 271.76717504 506.47477749]
 [773.6125426  557.41763707 403.19555499  76.92610945]]","[0.91950073 0.93861207 0.53156684 0.93514033 0.22702538 0.08098937
 0.70750874 0.93110371 0.46796019 0.0968921 ]",565,2025-03-03T22:43:18.105885
49,0.8350224868232752,"[[688.41857576 785.57995375 248.09478721  99.8684182 ]
 [369.28811178 601.23137227 706.39597712 416.84108947]
 [320.75158329 454.18801545 430.46630792 502.13084907]
 [604.12989888 575.9274755  507.04830088 652.32906467]
 [766.6405494  475.04761855 695.45407721 120.30447208]
 [ 45.72286035 395.40726014 486.51549097 799.70909006]
 [184.44187108 792.55245468 440.81502841  28.44077811]
 [583.3938885  601.4236647  710.16141143 184.10312331]
 [642.96336146 305.08363637 584.05089974 735.25495404]
 [243.28999171 367.44584059 611.52089232  54.93540747]]","[0.73483289 0.81803448 0.6493903  0.62043262 0.19889859 0.99716702
 0.02979074 0.82405226 0.59615109 0.14191809]",566,2025-03-03T22:43:18.111445
41,0.8553823557279945,"[[2.95322381e+02 4.19928788e+02 7.22432844e+02 7.15540633e+02]
 [4.06951625e+02 2.36391723e+02 6.36757167e+02 7.59889850e+02]
 [1.59891289e+01 9.84819915e+01 6.68030815e+02 2.58797431e+02]
 [6.42721478e+02 3.75393910e+01 4.34182500e+02 4.36382340e+02]
 [5.15069123e+01 5.25841754e+02 1.45280552e+02 6.60650492e+02]
 [2.33254114e+02 6.63086787e+02 5.43864939e+02 1.53037262e+02]
 [7.68480680e+02 3.58417805e+02 2.17750791e+02 7.44333671e+02]
 [2.16809854e+02 3.30283534e+02 7.10843029e+00 3.65185804e-01]
 [6.89833045e+01 2.63167005e+02 4.14806005e+02 3.46947269e+02]
 [3.63708536e+02 1.59278728e+02 5.56192475e+02 1.83331354e+02]]","[0.07985739 0.65944089 0.868865   0.22851287 0.74922909 0.24915746
 0.60312279 0.20443899 0.49217485 0.91901557]",567,2025-03-03T22:43:18.118666
37,0.8539593558345462,"[[122.45931231 129.67133564 136.39859173 190.52370473]
 [702.94734461 425.43253288 692.03219489 627.08625963]
 [330.48821923  30.6882998  162.76184803 523.1309957 ]
 [426.95823726 494.10394343 356.96979893 415.74273935]
 [609.78440504 792.95661578  54.76740417 267.17618991]
 [504.42589273 753.46770836 134.88218097 342.13494884]
 [ 31.26238612 783.63543679 696.88577774 166.49822377]
 [167.83848127 102.2034442  757.10764538 434.36570006]
 [521.68357909 624.28090463 338.49475471 473.68664555]
 [164.36434491 152.64610439 749.23073562  64.16118383]]","[0.45604063 0.61750665 0.40773486 0.05937313 0.50086759 0.37150252
 0.37202184 0.57265134 0.71159427 0.1575872 ]",568,2025-03-03T22:43:18.125033
25,0.9424126182154735,"[[9.37875550e+01 3.85969248e+01 7.98566270e+02 4.81324046e+02]
 [1.83024685e+02 7.59539615e+02 3.20386422e+02 2.41191627e+02]
 [3.97652012e+02 2.36322212e+02 5.94842144e+02 1.02268671e+02]
 [1.56983594e+02 2.34506489e+02 4.73403819e+01 1.32826971e-01]
 [5.82174009e+01 5.80567095e+02 5.23876162e+02 1.75231057e+02]
 [6.22743062e+02 9.85262194e+01 6.71924354e+02 4.45243522e+02]
 [5.74838952e+02 6.34007214e+02 6.54239795e+02 5.52116200e+02]
 [1.21091237e+02 4.14399464e+02 4.39387661e+02 3.84955683e+02]
 [6.19257447e+02 5.95375716e+02 5.48861967e+02 1.85588356e+01]
 [5.31952535e+02 7.51505171e+02 5.60507745e+02 3.58816807e+02]]","[0.91552659 0.7037213  0.53517354 0.94547515 0.25442086 0.10126762
 0.33259261 0.95988215 0.13487135 0.83158929]",569,2025-03-03T22:43:18.129903
27,0.8469098256783768,"[[786.50258437 523.54138847 361.34533311 406.40202034]
 [510.81803959 562.64963614 486.67920687 242.24739135]
 [326.4702913  445.6848761  320.81304213 695.73996004]
 [404.78749695 464.24252055 621.24181807 623.50141751]
 [474.26747059 466.47549545 570.88606683 357.4936781 ]
 [798.70480118  54.59076508  75.28915973 302.93624215]
 [669.01319832 254.00345827 545.26587764 303.61700932]
 [225.43470123 777.47506088  17.25167952 425.91307719]
 [ 35.77333909 243.06871    435.845227   533.04475968]
 [172.07930521 734.9985513  315.03165794 632.36549011]]","[0.7990437  0.84648818 0.72371527 0.69389379 0.15830496 0.01201987
 0.248249   0.01409245 0.12560068 0.9362144 ]",570,2025-03-03T22:43:18.135504
40,0.8602054947246467,"[[770.20912163 310.30872712 436.06815601 470.98331268]
 [189.96863029 692.88055965 153.6600908  575.3183345 ]
 [756.61652958 346.2240925  320.99096294 354.3856342 ]
 [515.0488617  275.44153577 466.86217143 660.8316787 ]
 [210.30065435  20.17581946 529.02817148 354.96530268]
 [347.52378063 494.79038973 125.57147467 528.49090988]
 [435.13896976 762.31357447 326.56498749 646.79781962]
 [317.80486353 738.63173309  45.71800878  98.28844348]
 [239.3120563  624.50933956 610.97196398 622.72632013]
 [630.0090919  600.87822375 406.7760319  116.70268127]]","[0.49227412 0.16423775 0.91715093 0.84662816 0.48355763 0.98662103
 0.18292187 0.61748432 0.98645415 0.22508102]",571,2025-03-03T22:43:18.142759
36,0.9136873501854451,"[[ 54.18629783 479.18201189 407.50792482 739.57088892]
 [154.45537476 370.18181132 288.05890624 576.48665939]
 [670.95923027 296.42233944 420.30233757 742.19096885]
 [555.97678235 648.67161044 254.77285611 137.24593885]
 [786.91970501 574.86569589 503.18680183 426.57567864]
 [385.8784897  503.35149083 409.50141134 131.52940243]
 [320.33736599 470.81161317 405.39325543 268.05130522]
 [ 97.33177603 508.03110982 205.48879053 733.27293381]
 [594.2003773  242.99021145 442.57029517  94.34754814]
 [656.66098255 629.6461324   44.68745445  31.17378082]]","[0.26935654 0.8983331  0.93356811 0.21168062 0.17949949 0.9144589
 0.22040965 0.55269274 0.65107308 0.82365907]",572,2025-03-03T22:43:18.149629
14,0.8313996374887674,"[[449.28481659 339.5386856  663.10907668 198.55685137]
 [277.91994684 155.84207951 687.64918195 685.48443503]
 [535.65746211 390.21582512 393.72059478  67.76853329]
 [193.17408716 540.87722534 232.51181999 591.3974535 ]
 [284.87731718 179.86346544 573.02285355 219.09377126]
 [770.83220564 675.85270645 484.83873677 399.65689238]
 [774.68805538 443.06037574 705.49396538 736.29452923]
 [112.96883167  18.6751748  139.90748632 161.64744483]
 [613.94294383 389.41516985  90.3464301  730.09005769]
 [ 49.76728258 237.82851891 157.47808434 248.65573069]]","[0.66250674 0.31901519 0.73711785 0.39248263 0.73848519 0.44332887
 0.1424791  0.6464842  0.60356316 0.79010762]",573,2025-03-03T22:43:18.156687
40,0.8093892181055563,"[[759.81052565 626.58654059 305.63992771 711.76232303]
 [297.56877367 523.09198348 409.71429896 434.96189848]
 [255.84576391 263.25303105 336.48669432 621.66092991]
 [687.17632981 125.74273175 582.42197904 164.87401573]
 [226.46752834 153.73419912 463.13009429 579.13333187]
 [ 83.36783167  28.22722269 619.52679283 523.80360638]
 [370.69960496 737.76283819 135.59336956  87.14531601]
 [606.94181771 203.8041038  544.54151229  79.22816521]
 [668.87561489 386.51536259 181.15812306 370.54178676]
 [278.39802192 373.01219761 753.10449406 566.86057226]]","[0.89904765 0.97555855 0.23438715 0.38092115 0.71800694 0.47953122
 0.00792406 0.28044266 0.19424521 0.90034574]",574,2025-03-03T22:43:18.163690
34,0.8997858309286892,"[[400.03632404 218.39806031 392.56368171 697.40577313]
 [764.17064611 632.84212956 592.67386013 134.05653992]
 [ 46.63884164 145.66720564 644.81711721 412.00526246]
 [378.79201342 470.77397313 235.02790267 296.01466813]
 [172.6491812  531.95425083 573.2846288  693.82713756]
 [229.79800777 708.66588356 457.7810417   23.7694895 ]
 [282.50139691 442.56746454 169.51565736 416.3217243 ]
 [427.93499068 521.05250772 490.83177322 372.05231399]
 [ 41.9657397  372.26940578 257.3364976  624.63855065]
 [689.24969377 394.72705286 686.02864276 526.57771867]]","[0.56188719 0.74513842 0.70921773 0.0501017  0.8520163  0.4751829
 0.90940793 0.36388981 0.68124492 0.64114145]",575,2025-03-03T22:43:18.169688
17,0.86007704157584,"[[ 42.75652701  98.8937066  472.65453355 169.40507352]
 [292.66370139 700.73470072 566.88695949 479.01923903]
 [ 58.95189939 200.43029329 780.73695348 314.57873902]
 [348.19296586 471.8897726  385.66406693 469.72870934]
 [611.8872987  436.12091404  79.77606933 344.51484229]
 [206.09173088 688.09208104 401.11395838 666.94042522]
 [253.10109419   6.97787394 694.19617193 156.61508457]
 [369.56785609 386.80694772 408.05885842 160.18738562]
 [158.43506738 206.94329059 402.25083232 462.39316098]
 [489.06455415  90.03799684 395.81977714 656.06427328]]","[0.00480327 0.37588804 0.55458198 0.99170712 0.72902683 0.84226274
 0.85756473 0.80420208 0.58615093 0.77914869]",576,2025-03-03T22:43:18.176691
44,0.9016819592980233,"[[2.89116701e+02 3.02627470e+02 2.30327223e+02 7.58704630e+02]
 [1.62459766e+02 4.40613892e+02 2.59700434e+02 1.32562405e+02]
 [3.71909480e+02 3.54087642e+02 2.46121084e+01 3.26173694e+02]
 [9.34791672e+01 1.63209059e+02 1.11481490e+02 2.91308285e+02]
 [4.94817487e+02 1.68774855e+02 1.25277077e+02 6.47114066e+02]
 [4.73430892e+02 3.12413119e+02 7.17662622e+02 4.27055877e+02]
 [3.55221626e+02 4.28942583e+02 3.89203210e+02 5.86186103e+02]
 [5.51307272e+02 1.27300924e-01 7.09926778e+02 8.33315823e+01]
 [6.88960321e+02 9.62232360e+01 5.55296438e+02 6.73066888e+02]
 [5.45141226e+02 3.63666277e+02 5.54066426e+01 1.70248510e+01]]","[0.51983026 0.81956671 0.63005195 0.39599097 0.51801986 0.31290091
 0.86048068 0.53170686 0.36459865 0.36819309]",577,2025-03-03T22:43:18.183302
13,0.8057284579912946,"[[211.90117255 634.54125534 575.05750345 377.60853469]
 [238.52439999 399.98252505 733.5501189  538.32820835]
 [428.8581725  618.9163378  643.55335269 445.03354272]
 [411.52795917 766.4596538  331.26653438 303.99627964]
 [536.34752588 234.5295646  621.67252468 454.94223905]
 [290.84512038 245.90439847 424.4785215  728.60100141]
 [442.0361203    4.95021082 480.54394276 224.21267827]
 [493.12808451 146.63906057 306.03983431 203.43312817]
 [112.20139871 634.09388433 440.69451737 467.01085665]
 [552.37624404 583.91116643 549.17437532 104.81279855]]","[0.30013873 0.10912453 0.33831307 0.44115874 0.59556484 0.4819737
 0.67189161 0.84461274 0.47439854 0.20881147]",578,2025-03-03T22:43:18.189828
18,0.8248816611843551,"[[630.9847451  606.80490261 579.99792132 342.44719126]
 [435.7717943  252.22059116 645.11788646 603.7029589 ]
 [582.48286773 407.49608892 211.75051636 269.65732484]
 [ 25.47933666 198.45590194 765.48457721 373.97341901]
 [793.34740104 570.58961131 398.89934548 569.80519075]
 [246.372033   115.2816959  719.705705   410.24271526]
 [349.13265019 371.53223398 578.74198956 264.24979473]
 [471.90047271 510.16819695 298.75333014 473.98909296]
 [196.1662127  687.513694   759.75333899 273.42371405]
 [323.98219526 670.08562111 544.6339118  526.03587546]]","[0.53822555 0.94903233 0.77006523 0.33671446 0.18810443 0.62903911
 0.27464373 0.29370827 0.95890166 0.09067308]",579,2025-03-03T22:43:18.197427
38,0.9238625903437266,"[[344.4076204  573.65267176 471.85798977 482.08158287]
 [  5.27974457 196.73194003 731.67032903 331.530759  ]
 [219.07626809 701.65336787 693.05383145  90.95844811]
 [451.93859135 605.45330995 235.62097119 634.15605824]
 [ 59.08408019   4.95579686  28.38402744  23.45154925]
 [755.05486627  38.69679768 303.18553591 464.63452882]
 [391.21521987 437.01467316 140.81478765  62.99280737]
 [750.2374897  434.90433371 286.12458278  32.40266905]
 [371.76364631 382.1936286   55.09123769  67.51133204]
 [394.44010278  53.77103012 437.40983054  15.85768552]]","[0.05181185 0.88795504 0.2901505  0.31571649 0.25410318 0.06938066
 0.38993544 0.57694609 0.09217816 0.75234864]",580,2025-03-03T22:43:18.203463
40,0.8015236348321607,"[[507.67719981 693.96345505 131.62867729 223.52213034]
 [551.89642955 382.44886275 795.74325478   5.93279255]
 [351.74024056 742.51727469 138.63691453 187.44074214]
 [ 31.74465918 619.15573438 336.01739916 648.82168176]
 [452.65027512 265.14538134  22.0737962  177.16452744]
 [559.34855321 588.66611746 492.94944888 478.18692648]
 [505.82614373 424.42627925  94.24311711 146.43837398]
 [149.94404409 477.40243589 294.44498275 731.22415923]
 [228.71522728 273.62843668 345.18337039 793.45004553]
 [390.6126493  195.96736244 106.16563706 664.34529047]]","[0.35097993 0.11144463 0.61230768 0.71844353 0.04435505 0.05895814
 0.91638961 0.73365839 0.61529909 0.19649525]",581,2025-03-03T22:43:18.209777
37,0.8891305108300889,"[[273.45689461 359.63032569 561.27945915 421.77496986]
 [214.76571415 463.28685116 794.63585525 371.85825909]
 [276.59127116   9.65507985 737.30722645 714.90906357]
 [116.7183721  628.95951884 671.6081072  169.37535555]
 [527.57228058 309.99178334 643.64500334 633.43114805]
 [ 53.17803916 409.80244372  19.01296718 161.12418432]
 [454.91162784 634.13549321 562.0457929  304.98045345]
 [270.00894739 708.46624917 283.97238674 408.07913885]
 [557.93816064 166.30599248 561.19433519 757.9023165 ]
 [289.01015441 728.17588116 542.28182089 651.04912432]]","[0.34845432 0.58948579 0.79059953 0.9634775  0.56978625 0.80009189
 0.57046472 0.23334106 0.19287997 0.97978217]",582,2025-03-03T22:43:18.216540
43,0.9245622418264059,"[[153.27168333 666.07214957 150.52758959  17.09924013]
 [456.1560974   12.34266247 436.40279797 625.23105274]
 [ 78.4073714   41.98254602 641.37255237  55.15797629]
 [577.08864322 445.67108939 453.57724863 291.49681501]
 [  7.72168417 408.06157695 589.227694     5.92872613]
 [686.28633496 141.02887649 771.20280722  32.64859802]
 [476.23118775 428.08193388 774.82862078 392.94676954]
 [337.38260722 707.7117928  593.39587261 163.22701053]
 [ 54.76081612 570.95319915   1.08820966 466.44048299]
 [126.49423432 147.50809741 341.21428079 258.12338023]]","[0.232147   0.18995608 0.18675303 0.0223421  0.682849   0.69553178
 0.17429684 0.55547821 0.36970183 0.04990216]",583,2025-03-03T22:43:18.225078
39,0.8456895293488607,"[[258.38162861 554.21010744 619.73761867 730.04491963]
 [165.00852479 100.14567057 702.05792016 146.29676045]
 [141.69561107  99.73446204  74.59768974 778.99953356]
 [561.44376791 313.2558215  265.90368027 453.52376487]
 [ 28.11896567 453.22197787 746.71134088 184.15423016]
 [339.85475704 635.18242049 300.77508756 360.25631854]
 [311.768356   619.38309992 218.07785626 724.53021083]
 [229.20006462  54.19368888 771.18207549 621.40344092]
 [344.40570559 536.72417491 512.34272793 319.95578928]
 [ 83.51164111 229.4574192  196.98227652 219.23812851]]","[0.81885541 0.98727397 0.27720515 0.69229893 0.86024022 0.20609203
 0.72093187 0.41680429 0.00727036 0.91873472]",584,2025-03-03T22:43:18.233072
15,0.9443853580122626,"[[137.74436821 529.2221417  281.32857445 556.1843386 ]
 [583.70162159 476.90173395 294.65072208 580.5864141 ]
 [ 60.19703818  56.97364708  74.49944945 168.04692484]
 [185.94902448 190.49665755 636.29598091 252.6292819 ]
 [ 98.75968941 503.68136582 678.04780832 589.36479482]
 [ 93.15607669 539.59925441  26.54105221  80.50537658]
 [758.65132328 264.38912743  83.86181172  45.42071973]
 [528.19547142 600.08734692  48.423006   453.21103381]
 [722.43098583 568.13606608  17.72649591 304.94978077]
 [378.58717449 385.86611821 596.26303421 551.04858094]]","[0.09485354 0.06254994 0.31657907 0.97896409 0.30226324 0.03824593
 0.12820428 0.06353198 0.72942665 0.56387527]",585,2025-03-03T22:43:18.239162
32,0.8622531105171726,"[[129.58369072 424.71621044 263.66709778 255.64858792]
 [467.46856462 138.49077307 134.351504   159.77989918]
 [774.96701744  77.71772498 718.14729027 115.58574068]
 [177.35147258 241.49758903 178.46109719 426.01469761]
 [602.02106997 415.98468483 644.7853169   43.60014029]
 [495.85384576  82.27682485 110.60433705 628.18262802]
 [225.24130008 596.46780281 141.05804554  83.55015244]
 [379.15346974 549.22694091 252.55101652 560.37102736]
 [177.25188947 291.7482199  334.51155306 416.23769616]
 [382.75149906 702.69041881 160.40825463 475.84182905]]","[0.44395098 0.41437039 0.40094773 0.82243687 0.008234   0.26907288
 0.39110425 0.16088748 0.9951429  0.45277651]",586,2025-03-03T22:43:18.245619
49,0.911828087831493,"[[529.50484972 599.22723377  34.4598575  138.66970203]
 [293.05416261 298.28374118 460.68525888  83.63692202]
 [616.88435806 116.43003403 259.16280489 761.78384966]
 [681.67210776   5.79575749 228.76899951 317.27825547]
 [390.22556975 330.94918662 396.67171571 100.70529615]
 [728.3995579  269.60679357 163.63787715 695.5537946 ]
 [226.40048995 369.85640313 584.74807195 181.69761543]
 [550.42078521 330.20044613  94.11889309 642.75198252]
 [367.98820019 393.89903267 157.83715973 545.80593397]
 [471.43423993 267.30655729 101.17657047 256.72468803]]","[0.43125768 0.06024916 0.32958447 0.09973988 0.71842219 0.7310463
 0.79190878 0.36811839 0.71622693 0.84982403]",587,2025-03-03T22:43:18.252216
22,0.8474965111841102,"[[226.77677215 554.63566721 465.21935472 373.39147414]
 [501.95177324 336.17562772 159.7733428  641.40824041]
 [307.64165999 394.48367323 283.85624973 313.9065503 ]
 [405.366172   736.32438355 397.35514225 651.86348705]
 [167.06847893 553.47522464  32.88589941 527.166851  ]
 [ 33.32299458 616.5423075  527.38282414 436.28084654]
 [250.09968507 445.72576037 438.49668197 558.61151173]
 [ 57.51396555 389.04781461 500.41516742 333.12671836]
 [ 30.80351292 707.01532329 470.28509931 145.01107156]
 [703.01552356 518.48904443 597.32881151 756.03653983]]","[0.2330965  0.54845271 0.09720087 0.94256542 0.67366524 0.79285162
 0.77436327 0.05574997 0.73891928 0.96229498]",588,2025-03-03T22:43:18.259416
42,0.8160059409650332,"[[103.47632312 593.01491921 137.33062873 431.21747403]
 [640.55975558 186.87811567  33.69941087 551.22250935]
 [  6.06587753  22.26733116 371.30018614 481.97300331]
 [326.0666943  675.21695017 303.15456359 233.26729632]
 [669.80254705  95.3461018  547.56303341 304.60490813]
 [368.61754548 222.84773801 265.78218158  75.07758891]
 [239.51337443 591.0897726  373.42259198 692.24058165]
 [354.44947887 719.3406807  500.91816753 799.90749843]
 [219.38177887  35.60885192 551.57130068 756.75728356]
 [756.33159894  72.02765774 211.06638049 587.65952204]]","[0.36491615 0.14430663 0.82839151 0.15429976 0.13371744 0.68219111
 0.59891643 0.56306932 0.05978237 0.04544833]",589,2025-03-03T22:43:18.266068
21,0.9175536751597719,"[[233.97671147 676.1779554   58.8595713  757.38589518]
 [778.90638023 714.01915697  50.45945699 314.38768034]
 [ 93.664973   654.16241614 244.94280878   5.11826072]
 [799.39208028 137.99991226  64.5992631  423.1112365 ]
 [796.30446656 412.88215173 423.83033768 601.28722559]
 [321.15372248  85.69440774 441.14296921 658.41324882]
 [643.30684845 390.37447945 269.64030551  15.27191683]
 [274.1644799  292.06309566 485.59188657 472.17106991]
 [735.44515727 614.58773172 690.8211907  286.13193716]
 [396.99968459 795.08002902 662.59667934 129.6084032 ]]","[0.09266685 0.93248213 0.07917857 0.01564629 0.67939595 0.20577508
 0.61381872 0.238343   0.21777694 0.54428916]",590,2025-03-03T22:43:18.272204
43,0.9064940641251162,"[[756.11900062 161.33159655 776.58725036 145.17225738]
 [453.59836369 761.22817055 245.3697013  145.84673443]
 [ 17.08216766  73.6891147  743.10902502 412.65895111]
 [617.1956614  256.64885628 204.11859711 273.29548798]
 [445.16989931 252.76053633 126.73123512 366.70312403]
 [630.45193862 505.98706208 428.30980082  17.03961704]
 [382.61381169 176.10911003 753.37571049 581.53764499]
 [620.58865195 187.50598611 151.98738152 369.22625236]
 [404.69133758 590.21497862 506.60958195  92.85896271]
 [555.42582572 537.2008611  606.9640244   11.02512213]]","[0.38576784 0.95190619 0.84314813 0.38734787 0.65439254 0.89323689
 0.68828102 0.07363398 0.77925405 0.60966764]",591,2025-03-03T22:43:18.280102
47,0.9294264068800238,"[[238.52115859 266.98194282 792.38447912 724.01662477]
 [148.23826933 357.28354158 613.99119444  89.1330743 ]
 [231.05026895 297.31648558 296.27573705 498.10080516]
 [212.30396817 241.94381583 651.41082285 291.29748616]
 [509.0327823  283.92100641 288.92827614 406.12295312]
 [263.16248376 487.12973215 575.41881974 167.38372775]
 [742.24311388 336.7700033  620.20087218 737.42095311]
 [516.82802206 653.93482242 548.31758997 795.04532514]
 [185.57465854 380.78433973 148.92322033 144.95833039]
 [428.06531854 646.79802433  93.46467224 191.45796025]]","[0.49547554 0.64632994 0.45457191 0.87482956 0.8638191  0.39470561
 0.59418742 0.37183119 0.82394653 0.26324371]",592,2025-03-03T22:43:18.286625
38,0.8533652923733778,"[[461.83983377 480.23517222 238.36315545  38.88559328]
 [376.02313039 231.6523222  257.74929345 777.60361703]
 [141.31230301 434.85409562 155.36480789 478.65572415]
 [404.28347294 309.97370043 275.8499581   52.68301923]
 [142.47809578 311.95514625  98.58001367 326.51493238]
 [ 66.91763096 116.18166963 500.52368555 133.04967059]
 [422.2084287  529.54519564 671.36246727 466.9511479 ]
 [ 81.86230801 218.22799526 556.37004207 701.49580535]
 [618.41354827 543.60703404 120.23955329 778.5763145 ]
 [424.01440625 509.44129103 650.39313348 270.82192202]]","[0.68014024 0.95509773 0.1150368  0.80072412 0.04094199 0.39161543
 0.31478392 0.33714236 0.979265   0.73282632]",593,2025-03-03T22:43:18.293801
15,0.8992908465540215,"[[197.63848883  57.83649279 216.69934437 676.584175  ]
 [137.81511117 622.72850973 165.99649062 246.98620566]
 [380.14045803 345.65016179  55.53819495 463.19554992]
 [668.81209524 333.53731758 728.7791098  327.54218254]
 [101.17514159 662.03904966 549.64987258 197.48176435]
 [554.92327622 509.70749714 180.46584126 181.15676196]
 [197.03994385 170.35476873 489.59382253  90.16620815]
 [ 66.21823086 450.81251207 446.35826813 353.72611364]
 [120.52306805  30.9923245  159.02870768 606.53496949]
 [196.50111613  29.75991127 105.3571333  227.29710423]]","[0.22536894 0.21839002 0.47263405 0.64660005 0.32268139 0.12856891
 0.48352209 0.05852853 0.21124297 0.4306329 ]",594,2025-03-03T22:43:18.301093
35,0.8915090988223838,"[[544.13171448 531.24677008 445.2931885  794.36156655]
 [358.29676612 326.55704853 675.44340034 629.14019791]
 [147.63449933  25.60996852 537.18579556 380.12735161]
 [525.09323067  83.22421743 652.19128656 607.05969682]
 [ 21.47300929  32.93927636 448.7930297  349.86486131]
 [217.49246247 453.59862163 329.76033312 537.0694292 ]
 [480.63987891 495.10644731  64.90931517 211.65062856]
 [399.57048102 391.4904953  358.7235989  129.53648468]
 [453.0103033  615.06353325 691.40680804 314.45757026]
 [515.95684616 672.17663925 499.53938764 488.49568961]]","[0.19048286 0.74599374 0.25277167 0.82925619 0.17597826 0.79578087
 0.07743789 0.66536687 0.68194907 0.97801663]",595,2025-03-03T22:43:18.307933
36,0.9454348092740311,"[[629.938969   639.41797504 741.13501118 625.74040821]
 [123.70618191 251.49494408 798.67368897 368.1500367 ]
 [209.53279728 218.73626808 139.49259356 766.46708491]
 [ 33.97062052 652.05162354 181.08717034 654.00553182]
 [387.42608236 222.55459186 295.26263875 442.12801541]
 [631.06857583 444.88788201 784.73448595 512.46486068]
 [200.48615188 739.97916853 761.7003569  148.62929552]
 [505.45603407  92.27531357 765.19823915 133.55419542]
 [215.05673523 349.61969493 412.89815425 326.08930672]
 [340.11852333  70.6423434  106.99635109 516.83527108]]","[0.22813746 0.76926654 0.34081159 0.16275279 0.02160445 0.69420132
 0.68679209 0.90395957 0.79652472 0.8347729 ]",596,2025-03-03T22:43:18.315379
38,0.936437844187576,"[[ 10.56422058  57.68003668 468.61492518  96.4347227 ]
 [550.86114158 183.6680268  742.98222392 229.05086055]
 [173.87509846 610.44237271  66.5985549  165.76111986]
 [218.70161683 106.79739877 431.26617831 441.09709742]
 [350.55902464 237.86958814 612.91692056 490.60446717]
 [369.38822223 193.43972322 192.22379951 573.42485338]
 [608.53095593 650.93337042 256.53143802 311.22616826]
 [ 88.69652075 721.01338107 627.53633766 626.10365911]
 [209.3591672  771.44212882 439.24663449 540.28034223]
 [ 50.08321566  81.65448816 173.32218785 581.31283282]]","[0.76174286 0.08298251 0.91685254 0.31272567 0.17073328 0.03777192
 0.96546161 0.59692371 0.86997277 0.63530491]",597,2025-03-03T22:43:18.322494
31,0.8227845597374529,"[[357.56960039 616.4243649  585.91016095  58.01221152]
 [649.90173738 541.41831642 489.78790508 355.5557513 ]
 [551.71246422  20.54988627 616.72199797 690.99758165]
 [166.97639384 172.75653171 117.31618014 466.09754952]
 [535.34018012   6.3055134  445.30376237 625.5014381 ]
 [170.36261862 222.11626601 604.02904097 508.76474084]
 [ 35.83077877 475.73534915 470.34167818 522.71971795]
 [ 79.33278856 728.46293445 328.08511788  60.09840416]
 [779.92865541 444.76253778 355.97806646 706.28723446]
 [378.09700336 526.29683918 617.39174319 751.6068864 ]]","[0.16054755 0.84514046 0.87647384 0.76432631 0.34321756 0.01046846
 0.7903655  0.80718878 0.87958528 0.64588058]",598,2025-03-03T22:43:18.329501
50,0.8020813821007626,"[[724.2399853   76.40775806 451.89080699 250.3064752 ]
 [721.82582937  52.40929207 197.59735901 382.54197318]
 [760.53471987 171.57885498 331.6089765  786.82820627]
 [780.58633511 327.55667614 194.46377224 456.27578041]
 [150.4566812  294.51577646 510.56173422 700.71595745]
 [108.94237455 625.99792187 323.71138292 676.43379881]
 [458.02221409 265.61738205 136.36260304 255.54619071]
 [789.78185309 746.71279398 726.84931993 569.58651452]
 [100.28050604 362.88162604 236.49313827 487.3309242 ]
 [112.58254991 358.90818433 254.83112752 369.64821445]]","[0.03704763 0.88434243 0.55178015 0.77505405 0.05568989 0.03279028
 0.73527386 0.03665319 0.97573752 0.48436444]",599,2025-03-03T22:43:18.336014
18,0.8379363068899526,"[[541.20267394 475.77874122 683.44560946 127.25357768]
 [152.23335145 391.51483739 246.32113488 373.02103909]
 [552.94204137 266.36763357 743.51492956 612.11977486]
 [ 14.95210547 737.3760341  233.7414496  376.00142173]
 [131.86682236 128.22342087 768.59884688 745.74190696]
 [605.56006772 502.38628623 380.77655238 700.37449503]
 [ 68.59951947 284.65571584 706.56190553 796.24621188]
 [ 85.2875839  402.5263658  605.88640145 256.44331087]
 [355.27228637 395.22240808 289.48745434 271.25326235]
 [227.94320071 316.91851172 323.97734395  82.94684684]]","[0.90231675 0.67408006 0.24024499 0.69943067 0.89598608 0.86442273
 0.45427879 0.68949756 0.13397103 0.54052489]",600,2025-03-03T22:43:18.344616
31,0.8702113006930063,"[[ 13.36590807 602.77484165 623.87988747 637.80467532]
 [323.49649232 478.52029506 379.98992839 679.75105239]
 [210.54100884 608.74477311 233.14192411 790.39368018]
 [226.6125953  706.17334132 644.66763905 282.5610277 ]
 [612.04847681 386.91979521 260.25759838 253.1224705 ]
 [286.40462528 246.98716193 409.17719584 125.88291077]
 [536.42584158  42.14467824 765.91155673 673.13691124]
 [271.19420059 631.71481183 675.5222374  540.8627138 ]
 [198.62506294 727.22414622 113.17175865 624.21430728]
 [418.58909351 568.58162954 624.25036499 515.23430874]]","[0.93336126 0.81803253 0.72387916 0.77388256 0.88060015 0.83305541
 0.83324833 0.84318986 0.79330282 0.41050415]",601,2025-03-03T22:43:18.352955
15,0.8996203585862839,"[[1.48478510e+02 7.06777441e+02 2.18177312e+01 2.06714833e+02]
 [6.05182992e+02 2.73741255e+02 3.80246457e+02 4.28026764e+02]
 [2.43337814e-01 2.28880042e+02 7.31835551e+02 4.76583095e+02]
 [6.79126145e+02 2.46311235e+02 1.81527268e+02 5.02952581e+02]
 [7.87087809e+02 5.85212306e+02 4.68410820e+02 5.25728644e+02]
 [3.71503723e+02 5.65251720e+02 5.09231336e+02 6.79241348e+02]
 [5.05358330e+02 5.52419801e+02 2.73701859e+02 4.39455206e+02]
 [4.58816410e+02 4.62181108e+02 7.03690290e+02 6.48259471e+02]
 [5.75516022e+02 1.37624901e+01 2.90046806e+02 2.90675571e+02]
 [3.61646408e+01 1.76328926e+02 2.35866471e+02 5.90033740e+02]]","[0.2725441  0.84057202 0.13792079 0.495008   0.11666232 0.18651958
 0.06872049 0.2529703  0.20430564 0.3587571 ]",602,2025-03-03T22:43:18.359735
13,0.9398747364102841,"[[201.68970175 393.29689513 745.64521573 176.140309  ]
 [558.65760548 193.32409918 366.08610785 659.43953866]
 [436.78962716 769.09261654 509.25740375 121.90915979]
 [324.09156528  54.76244062 790.53292942 302.17979057]
 [433.07394305 557.27472134 574.84774053 622.01964652]
 [105.75570054 561.33065807 104.87534054 597.02080172]
 [128.39136963 318.34277705  15.31239232   9.42251635]
 [762.36034533 393.43128991 304.79666123  30.1977813 ]
 [321.10168391  51.84242505 112.75169737 719.78736796]
 [438.55211151 605.10888204 516.62830375 688.72899819]]","[0.21598269 0.15508842 0.82795067 0.20475788 0.07761607 0.89853913
 0.59915282 0.63444969 0.00195268 0.79373912]",603,2025-03-03T22:43:18.367149
31,0.9200998112762311,"[[658.95756162 129.04903975 240.05990783 510.63658868]
 [ 68.99737616 428.850857   115.49200642 124.14669428]
 [436.65241381 623.95078452 523.4939842  567.504138  ]
 [187.08211259  19.82361263 256.43723368 338.21907918]
 [ 67.78959254 516.36387939 396.93174473 429.5865498 ]
 [355.12910891 189.24133454 601.11709565  66.48174009]
 [151.91774681 461.45617098   3.10475185 504.02752459]
 [305.74756543 321.61844282 104.46633749   5.39071475]
 [197.67303722  14.53967612 370.12807973 441.11587123]
 [489.20814384 727.01114541 731.17213742  89.8777695 ]]","[0.31040235 0.53811083 0.19204525 0.25995297 0.01074041 0.56559809
 0.58515097 0.41909408 0.3624576  0.28076179]",604,2025-03-03T22:43:18.374968
43,0.860513083479892,"[[706.28468899 386.93318796 556.32659941 350.8971858 ]
 [306.69273715 222.83411618 554.14180528 462.48210672]
 [431.30280655 362.16719375 675.67753187 180.64207293]
 [785.7347485  468.71548008 644.23439493 799.78306616]
 [361.15278368 779.75153487 666.72177602 787.29158296]
 [394.36349548 127.02491746 448.8795281  494.44891799]
 [668.5059216  794.39381392 215.28408577  26.26494873]
 [318.39059354 703.27588533 344.22706267 609.58778874]
 [512.43172709 506.841582   495.44267366 650.3000022 ]
 [772.90347815 473.96469816 581.83211988 735.92331292]]","[0.07591321 0.97608252 0.94309393 0.70780811 0.30246162 0.68982419
 0.02985814 0.70103004 0.96548089 0.14502658]",605,2025-03-03T22:43:18.381657
20,0.9083165967924959,"[[ 53.08412168 239.07337866 682.79546462 654.46272518]
 [287.16602248  44.78758662 157.50954922 211.03425652]
 [ 62.8685344    4.67359398 556.9759899  576.69029951]
 [499.28005458   8.26248165  98.01739076 145.94649575]
 [643.53906753 708.77127088 470.52823897 273.14992247]
 [270.65953439 262.05648028 400.38012378 326.61806512]
 [453.08457516 161.50557136 172.00504093 423.82942352]
 [189.04698902 554.344321   329.51794085 784.47388887]
 [309.52766171 148.18610851  91.6437178  169.75084378]
 [418.23950039 515.74097882 738.22921942 635.5664021 ]]","[0.75842643 0.10615044 0.21410596 0.78777228 0.66884254 0.5852449
 0.83235509 0.75075534 0.296471   0.51157504]",606,2025-03-03T22:43:18.387837
41,0.8633313454231921,"[[431.91459396 762.70537916 564.20330424 672.0935898 ]
 [125.72357985 459.79604651 675.20485271 163.23298603]
 [262.65361881 377.23348719 350.96778673 478.6884911 ]
 [194.32354576 672.58449369 490.60286355 776.56447761]
 [161.02377243 493.95239631 227.13861151 325.043477  ]
 [ 72.45697944 220.13551763  44.71800368 147.64599148]
 [504.61952171 366.04639318 546.54452421 472.164737  ]
 [698.17049459  68.02541065 316.04582641 396.66585037]
 [268.13332989 178.20560527 110.48266748 197.12926822]
 [421.81623873 190.64395345   5.1766123   78.25722295]]","[0.36324308 0.78607508 0.78945642 0.42167642 0.54560658 0.13542696
 0.30971572 0.28682745 0.03358921 0.98963177]",607,2025-03-03T22:43:18.394741
24,0.8740731517880219,"[[498.4979216  796.97891381 282.67914058  25.58025158]
 [604.2749387  552.29700621 556.52289308  72.74022045]
 [599.48614    428.3144402  443.49850238 596.24588165]
 [386.4647367  721.03855301 726.18722749  83.77004492]
 [550.63671386 156.50681119  27.74797051 749.61776017]
 [101.76752334   1.17395153 701.42676268 135.20658614]
 [500.52867053   7.59415593 716.54386624 407.44118471]
 [489.14535058 473.43253424 482.21311968 451.09642323]
 [188.60678592 159.14389577 254.7757774  441.7806462 ]
 [685.86135971 526.71647037  57.27898833 614.27377932]]","[0.90471173 0.90598854 0.78099581 0.5876575  0.87405078 0.97259537
 0.27870593 0.35188064 0.78696994 0.59800788]",608,2025-03-03T22:43:18.401800
31,0.8606221986276107,"[[509.63702612 349.52967906 740.5173788  261.47268824]
 [194.22521457 741.52080796 126.73044815 289.32234911]
 [543.95057874 295.59169901 581.51108939  49.58989178]
 [657.05522784 609.52100237 671.40680042  12.51745694]
 [565.36556057 503.51889976 410.56377535 690.77364222]
 [553.84639005 356.2001446  311.06051089  43.31712536]
 [156.56659819 238.29639987 316.94012773 606.90873257]
 [677.05258394 672.58315638  57.13560755 608.47911397]
 [364.25576774 653.4225732  676.42543779 213.87199769]
 [  5.31747244 707.1324753  525.11872353  65.72419235]]","[0.02477318 0.12935052 0.15266145 0.08322465 0.12663241 0.7288308
 0.2799603  0.81265309 0.41466456 0.43024869]",609,2025-03-03T22:43:18.408760
10,0.8505125073516824,"[[268.6404729  676.50825215 184.48853578 638.13595112]
 [386.44844312 634.30855742  67.91396262 763.65835595]
 [563.85233689 578.61744512 712.73421175 539.82389443]
 [244.481573   640.28555807  64.16767431 602.03084223]
 [636.22365811 568.98421638 174.6018766  153.90169937]
 [217.42473573 134.04102486 110.63519508 602.62406178]
 [475.57533578  12.42516342 601.3194953  306.13154175]
 [301.642455   626.8415318  391.81452669  55.24778113]
 [499.10370066 152.46076869 155.25601894 576.92790176]
 [628.11740204 790.21934888 108.46462875 605.91755955]]","[0.11905246 0.38671991 0.25309979 0.15155139 0.24264948 0.12644975
 0.17496742 0.18362244 0.59921334 0.04270975]",610,2025-03-03T22:43:18.415971
27,0.896188333025412,"[[581.62770173 213.17388897 658.57008794 484.41945619]
 [114.5504334  134.11314367 647.92936487  71.06800086]
 [323.61346069  84.07209553 500.19351378  62.62938907]
 [408.61466642 745.55134768   7.81720158 308.11929414]
 [451.01266136 286.23449423 285.61392124 563.28265647]
 [ 62.75506144  21.7318301   88.27184619 573.62475165]
 [ 81.75271169 211.22712222 284.02659149 657.70384878]
 [317.16890387 443.00305487  50.96670002 388.82491661]
 [182.97283131 327.5070894  505.56122964 614.82559256]
 [129.85816145 438.79882063 123.34431044 192.50693488]]","[0.75366817 0.57745965 0.22991933 0.08722589 0.54294456 0.0299935
 0.60015297 0.78457656 0.27914529 0.90010526]",611,2025-03-03T22:43:18.421935
47,0.8349815236533356,"[[724.22223065 436.56152713 619.41068725 260.65185664]
 [537.87024952 773.58829378 451.55066394 526.08495212]
 [ 54.62386828 439.254741   407.18079325 738.33832647]
 [636.80768276 485.95386835 712.50797269 630.32685778]
 [389.55982744 234.35117738 367.34246646 277.42362996]
 [603.25660726 142.1124669  790.79871362 609.56328956]
 [174.88362811 793.95177883 709.65187514 507.5388505 ]
 [120.758406   570.74921277 740.14900441 510.94629054]
 [479.7762575  144.49553953 580.31490125 520.44800059]
 [245.68614317 594.71970984 703.21249612  28.03963553]]","[0.94793973 0.08417911 0.90387763 0.21370072 0.86603796 0.34742513
 0.34417942 0.99566391 0.76138572 0.53642422]",612,2025-03-03T22:43:18.430163
29,0.8282641553724546,"[[484.96648412 328.07427838 329.91017997 786.93907461]
 [433.1805384  307.56061563 393.20503699  18.17546246]
 [647.28755284 599.58833888 253.41486178 754.95002615]
 [675.60922754 433.33255905 419.19192063 143.7127681 ]
 [496.76395147  91.65114854 146.35644894 175.0777203 ]
 [462.9255906  566.44767287  12.61904365 317.50955036]
 [502.14174138 343.23980967 444.81713342 338.8993571 ]
 [345.19340241 445.70981253 410.73256987 644.27148261]
 [376.27287812 178.984366   620.60817624  99.16493474]
 [243.51654227  21.48762245 519.68835327 209.00668461]]","[0.81578297 0.33718935 0.71248894 0.98419396 0.16694156 0.73272458
 0.02898869 0.58942185 0.45338322 0.295155  ]",613,2025-03-03T22:43:18.436500
19,0.8191442212742956,"[[357.17273518 362.80987757 254.56113374 589.83929873]
 [655.98347055  55.98861523 720.71905624 636.47365596]
 [687.13941421 443.17755482 724.63570541 226.08696067]
 [105.91454472 511.83598848 408.69120901 605.54056898]
 [158.65398495 718.79873928 157.62778419 337.21616436]
 [610.94991081 785.79971909 283.21780669 494.2056792 ]
 [347.68312999 382.87303264  74.91885031  47.00874917]
 [759.89953547 495.22241376 777.54976858 511.62428549]
 [733.06830696 444.01614011 466.78551595 464.62197795]
 [345.48979044  93.6266071  462.87456505 481.35998476]]","[0.68101165 0.9562666  0.28907469 0.72711698 0.04338176 0.90452618
 0.193667   0.18912996 0.71250714 0.30360527]",614,2025-03-03T22:43:18.443345
18,0.8738872908242397,"[[  4.90157308 474.17478752 122.10690295 225.95100963]
 [ 17.38730737 573.68126607 468.53401506 665.11449543]
 [297.92144454  75.60744027 717.88033933 797.60714931]
 [446.18027566  99.43849437 295.17517701 738.52394158]
 [116.33676543 232.73405696 375.14867539  67.3529342 ]
 [552.41155075 272.50100356 205.35265124 247.75979404]
 [768.75540243 549.97019655 349.44175895 630.23985152]
 [799.03960063 245.17961027 327.14273314 123.92885317]
 [391.635677   669.06832733 272.01257762 325.57118905]
 [772.20801533 102.72456342 625.08660615 659.83177042]]","[0.83772111 0.46020968 0.43285    0.5665336  0.8706995  0.30320669
 0.71071619 0.28505737 0.15137418 0.9409425 ]",615,2025-03-03T22:43:18.448700
50,0.8275531689851395,"[[162.6587207  149.1009468  496.47511498 370.73079237]
 [413.16408117 741.24702354 754.50743145   4.16094004]
 [ 60.23837137 309.3621515  126.67370685 596.63176381]
 [423.81194561 798.3941392  209.53944384 501.12988225]
 [288.06695352 486.79818158 758.23372886 745.93861086]
 [233.55377211 578.48643479  39.01827087 429.83470206]
 [269.12016899 202.70633989 302.27842091 314.22084309]
 [467.29850866  59.52121643 219.81906935 628.36893214]
 [534.59167598  58.22540726 273.35709153 289.02794642]
 [617.52157021  38.87817367 466.44094736 584.94375797]]","[5.57113331e-04 2.17073706e-01 3.50958005e-01 1.81798888e-02
 2.90129223e-01 7.95394096e-01 5.42678517e-01 8.94883203e-01
 1.72923405e-02 4.63166179e-01]",616,2025-03-03T22:43:18.455238
23,0.833867263397492,"[[624.08164443 245.30398751 352.20083073 764.88068156]
 [ 52.02368461 622.60363809 589.67703685  25.78779967]
 [ 67.65530274 653.75606775 324.034945   576.63339059]
 [726.14304159 149.0782974   26.24193401 647.0226221 ]
 [537.34948823 278.10967025 609.55130215 666.42843331]
 [381.58116276 599.13244474 479.20145012 426.65340329]
 [562.20084182 575.4667526  169.35273429 291.13195664]
 [324.75242175 159.59109008 151.27675376 636.26274426]
 [773.0417247  365.35904732 485.87983675 260.16192892]
 [767.33769335 753.39846414 576.1477852  623.75926817]]","[0.05410197 0.32383651 0.72283074 0.65070178 0.81529338 0.01584678
 0.81396322 0.53079748 0.02782058 0.9541091 ]",617,2025-03-03T22:43:18.461320
33,0.9425880154154582,"[[2.75871208e+02 2.25036170e+02 6.48365075e+01 5.84892719e+02]
 [6.83903157e+02 7.67557269e+02 4.30667141e+02 4.59956322e-01]
 [7.48450406e+02 7.83111372e+02 7.49636865e+02 4.59158377e+02]
 [2.39873801e+02 3.76579515e+01 2.82946201e+02 3.54957086e+02]
 [4.36073165e+02 3.80124087e+02 2.06311259e+02 2.35017440e+02]
 [1.03322399e+02 5.45461450e+02 3.12362547e+02 3.94494100e+02]
 [2.50413073e+02 4.11235664e+02 4.24585212e+02 9.25615154e+01]
 [3.56870395e+02 6.62512927e+02 7.34590072e+02 3.37100776e+02]
 [2.47261722e+02 6.46533416e+01 3.63043816e+02 8.41350730e+01]
 [5.29891777e+02 7.01743704e+02 4.85553478e+02 2.65810661e+02]]","[0.30082322 0.76321969 0.4604538  0.56797563 0.98758835 0.21127048
 0.27002054 0.17963951 0.53965429 0.91586634]",618,2025-03-03T22:43:18.468321
26,0.920361978711855,"[[307.00374325 293.60986775 305.19790458 410.70249759]
 [216.17959142 635.68767977 509.74578127   3.99489472]
 [192.07166146 503.16336567 308.07337857   2.060588  ]
 [251.70299087 342.28910093 544.14033225 152.37341267]
 [603.36758121 772.54416442  55.20295363 109.26832273]
 [154.49845954 780.35666855 343.71994507 596.21965985]
 [681.75435254 491.97312853 637.81784319 113.73673489]
 [479.10039589 507.80307961 663.79399348 543.52796156]
 [171.98045079 676.74027163 320.18755663 509.33143752]
 [179.19066012 132.17340907 200.33929852 347.62170385]]","[0.62437572 0.6440877  0.74469428 0.13124075 0.7249348  0.7255913
 0.59019394 0.28232903 0.22749265 0.6674647 ]",619,2025-03-03T22:43:18.473389
13,0.8641472254912799,"[[198.93563549 667.27168621  61.76845214  68.98211136]
 [186.2694073   59.17292302 134.17303451 792.00820252]
 [611.27684405 177.72588077 339.74451684 129.12038349]
 [ 39.55012644 358.97205685 686.84397863 556.92038884]
 [749.71945073 374.56953541 565.7678253  601.04481572]
 [ 85.80471173 498.50960797 117.95779803  17.06735043]
 [751.84377383 606.75758192 351.22478078 373.57836962]
 [ 58.41988089  31.74175934 296.36479632 482.78522956]
 [438.54156775 180.54288428 566.56728669 712.39625197]
 [764.20005776 678.73154197   6.58482148 214.22879544]]","[0.27030733 0.57781017 0.83666545 0.83010385 0.18479531 0.38178686
 0.86241546 0.21275702 0.55840484 0.08930156]",620,2025-03-03T22:43:18.481266
37,0.8037608535368214,"[[235.98471349 108.51606422   1.08065687  56.90658082]
 [122.81905396 606.57844719 618.67202933 337.63851685]
 [ 21.14863445  17.69844785 166.3077308    5.41639663]
 [622.3211142  774.32908268 167.06590028 453.64789173]
 [445.83969142 631.44589006 198.73584308 276.80338248]
 [647.11879196 133.25899998 515.33726296  90.07949886]
 [551.9758826  486.4190506  556.55322706 319.20166535]
 [471.69467245 613.29771706  49.46268494   3.3669721 ]
 [314.02162379 270.94628424 676.68150065 577.21041359]
 [405.31421202  52.60087978 460.44669004  40.63908643]]","[0.83196341 0.08729168 0.9843844  0.55182541 0.80977607 0.9820579
 0.54175479 0.41458992 0.34055049 0.07156666]",621,2025-03-03T22:43:18.489036
35,0.8817626580268627,"[[764.76486872 242.89271309 791.52435459 163.48945415]
 [ 94.27178009  86.49105148 773.80994974 197.55438817]
 [339.67973793 282.08702997 313.11864926 522.18174596]
 [280.44031551 113.67294529 392.40826699 199.27711936]
 [691.41570041 472.10649    631.81416247 204.62687395]
 [ 29.34942391 134.58816952 175.80145045 494.97262693]
 [344.49266186 464.10874574 419.63689884 196.82571324]
 [656.14614204 458.85562114  69.22272504 737.54133872]
 [668.137426    94.33450697 747.71573235 428.98245579]
 [231.55030175 591.43854795 150.04264349 445.03183749]]","[0.63499073 0.84949546 0.64952574 0.34010904 0.46111545 0.20390328
 0.59747692 0.98103364 0.24773692 0.97285125]",622,2025-03-03T22:43:18.494914
47,0.9369193169436725,"[[ 86.72446974 205.32137819 563.15412008 614.86276625]
 [314.10362621 216.34515689 533.70530062 135.56565454]
 [771.77880802 447.87647828 709.47157969 708.07694414]
 [192.77206558 745.68092833 194.71592181 734.10347145]
 [280.93164929  32.75865467 337.60942376   8.08871606]
 [124.04275676 649.15554815 271.34853058 290.34286578]
 [ 54.41950867 408.03574775 752.86600646 328.02502281]
 [271.40680817 719.54615148 779.96956347 364.31769421]
 [398.50748878 414.14356834 764.08502345 748.76547973]
 [130.57820835 672.4750953  216.62011049  81.89571111]]","[0.25779773 0.6145166  0.44225946 0.79786588 0.17549798 0.78307735
 0.30506927 0.5322905  0.51582254 0.74244926]",623,2025-03-03T22:43:18.501518
15,0.8955325210203098,"[[722.22117829 676.87427148 739.55820412 367.31155964]
 [456.10111913 366.9690685  755.47119653 794.70754242]
 [300.38782178 370.30149265 576.36481221 202.40807288]
 [485.12505876 666.54923851 162.01958826 242.02185364]
 [399.09226349 334.25874974  28.88090355 675.53642002]
 [170.51048891 371.11171623 655.47019948 408.6049209 ]
 [478.18066428 670.04178169 356.76127463 132.02576465]
 [205.03360238 494.12148016 261.46712894 322.45186496]
 [278.81502905 149.33127217 192.29799897 448.88401419]
 [561.47691481 285.18029221  40.51610653 195.69798905]]","[0.67685332 0.08072749 0.65320393 0.06429023 0.0507295  0.80813148
 0.83152941 0.0730523  0.91098524 0.48711006]",624,2025-03-03T22:43:18.508648
47,0.9200990355144528,"[[169.29152309 132.63292262  12.73236009 380.18305099]
 [761.60041639 248.05910725 154.81970243  94.14632847]
 [419.85577893 792.84577949 490.5502626  197.34513497]
 [375.85989864 243.554117   492.44478632 382.35200076]
 [271.77770423 578.63917629 679.54040266 787.77463203]
 [499.76837727 780.89714107 286.07925575 555.84479584]
 [279.29509271 415.44808021 658.26774834  30.58791816]
 [676.09560696   3.93478461 287.55356725 785.87686209]
 [689.78244674 234.02473841 466.053754   675.22218631]
 [436.59430617 650.62948125 594.82968873 520.77303667]]","[0.42525061 0.64955914 0.38756777 0.26704705 0.66122167 0.32672502
 0.87012671 0.44129318 0.45085999 0.85546772]",625,2025-03-03T22:43:18.514168
31,0.8730944094159436,"[[182.12554093  89.59836902 586.85759153 460.77393821]
 [690.95522063 383.01214542 309.35908314 278.12141388]
 [561.66485449 554.21919253 571.8018108  387.80138553]
 [135.00405473 799.61651308 605.73346364 628.02972465]
 [540.85162791 222.34877091 585.81776523 584.12367239]
 [236.89952125 453.96786022 795.02563436 258.11143244]
 [656.8294097  401.33106949 281.24799479 609.30243327]
 [599.42670329 428.74064682  51.14010274 201.83258246]
 [697.43334661  48.721108   142.57095493 182.19545067]
 [384.32829741 609.1886943  685.624052   102.72635397]]","[0.30679623 0.13810294 0.59667316 0.45894206 0.5904434  0.51505245
 0.38033407 0.7540088  0.90978477 0.733399  ]",626,2025-03-03T22:43:18.520839
36,0.9232891005248656,"[[689.20932538 354.63214883 288.62678648 603.78225248]
 [283.78451126  59.9298207  754.19755321 533.48185181]
 [674.06752144 260.02256478 121.72307872  76.574765  ]
 [562.71013963 387.16390116  40.99716369 758.60563924]
 [312.58232239 495.52356304 320.90133924 540.70244481]
 [324.7040611  614.35806117 354.11423606 436.60898218]
 [655.30534899 230.84813138 627.90388055 511.6394807 ]
 [138.27585429 319.42968052  21.65500278 439.65515495]
 [675.03254721 123.96136894 283.49175105 779.01688686]
 [ 35.00292935 762.16252797 752.07584204 264.25766533]]","[0.265284   0.73774841 0.93943325 0.24342808 0.37914679 0.36983072
 0.3111709  0.09343392 0.5227126  0.23816854]",627,2025-03-03T22:43:18.527335
19,0.8635807473757237,"[[380.55111394 325.86135757 668.99436211  63.55103132]
 [671.45672555 470.35991708 347.95866073 698.41083104]
 [556.33103621 681.52473254 262.30796178  78.07301236]
 [623.5719139  616.40541938 452.01063001 599.08972307]
 [126.5519363  247.66912496 687.86450677 499.19886752]
 [394.58564401  45.62300335 714.30826493 717.1524619 ]
 [ 11.35037286 475.75575853 232.14796987  76.71113144]
 [174.8820393  509.38808885 313.37375994 518.72778648]
 [207.63505179 131.68463272 411.72740283 369.02317401]
 [772.83836517 329.70744968 293.09872493 500.05184712]]","[0.18764408 0.99552883 0.49082789 0.25644036 0.05920489 0.69457016
 0.50378761 0.57515796 0.65900801 0.5489111 ]",628,2025-03-03T22:43:18.533335
25,0.8391872042719744,"[[ 80.14799461 619.79191207 632.26828724  87.3877277 ]
 [374.65414523 654.74682801 276.48313554  25.59447952]
 [683.92185561 671.27566258 706.92123317 662.03442336]
 [481.96642765 246.03793674 408.72270795 718.0168708 ]
 [124.40231478 224.53764596 598.28318984 728.28959694]
 [157.61194618  98.3918623   25.67265605 671.48295984]
 [607.80592837 633.99141213 117.04095382 550.58290014]
 [480.3866053  547.08183231 374.82151645 799.3287722 ]
 [429.48958118  78.58820778 491.24971718 642.43117343]
 [479.85170177 659.40276802 474.09315353 172.38261939]]","[0.740286   0.79468548 0.71342562 0.43744067 0.83662616 0.34567377
 0.5603626  0.97406042 0.49406805 0.53637988]",629,2025-03-03T22:43:18.540220
50,0.8846092685741376,"[[ 96.92207112 441.44625833 251.99347016 230.984722  ]
 [281.0327398  682.95824289 277.1340404  731.38553399]
 [696.35752978 192.74024956 689.34500332   8.79206407]
 [417.37613028 440.54463105 567.8064169  400.73493373]
 [487.16675616 103.97558124  34.99809195 405.00077262]
 [ 82.53427978 667.17020034 158.13029322 339.16285595]
 [613.95375815  66.96578843  28.65678653 137.93849684]
 [454.81676719 653.44930622 494.66143393 692.34694676]
 [508.55890528 448.40716545 489.04860274 557.72523875]
 [571.42978078 235.7002917  534.54614566 505.23055501]]","[0.59958099 0.56474906 0.17760694 0.89242723 0.22528922 0.703981
 0.48765501 0.52376307 0.3659816  0.70293285]",630,2025-03-03T22:43:18.548029
19,0.842410685468215,"[[717.54704885 711.93882767 554.42284274 406.55957661]
 [369.96682629  23.16377477 289.44769919 114.9058398 ]
 [128.28228084 738.48888508 770.6072903  495.14415268]
 [607.38364494 743.17615095 743.91997454 388.09487504]
 [304.50419949 118.00612377 298.71255471 633.17341683]
 [540.1078771  785.40197999 255.21357874 228.80847749]
 [ 19.2379807  430.8261975  274.06408811 754.58123225]
 [  3.36689733 611.26935724 593.47655115 731.10329497]
 [473.65190819 580.06073903 331.1249109  678.63997982]
 [596.75217487 515.42164995 561.47332574 591.0644908 ]]","[0.22653006 0.00266517 0.49828528 0.07948757 0.46721709 0.14308349
 0.18393543 0.71496021 0.14579149 0.79985291]",631,2025-03-03T22:43:18.554903
38,0.8921826260530071,"[[714.81455592 359.66935878  78.69038558  65.18264605]
 [357.45971298 680.54818224 656.24023955 706.16063228]
 [274.51365489 350.52567167 140.26185368 105.86008418]
 [696.02668751 133.8678695  734.11164415 187.14177904]
 [583.3188509  606.93984998 348.22992062 765.89404266]
 [499.06135772 799.29005981 219.32719794  66.55999773]
 [ 36.23314012 265.93429558 487.06005347 399.44935535]
 [322.63942072 170.44331184 740.5727699  298.22916882]
 [601.14649017 545.70342109 677.47374369  17.75759888]
 [190.80520803  35.27965458 414.01552104 278.96048766]]","[0.78095652 0.66034109 0.38233473 0.72210465 0.460444   0.95207705
 0.99931115 0.72650636 0.04517157 0.70076292]",632,2025-03-03T22:43:18.561838
30,0.9143553584334077,"[[715.28155138  65.79162715 103.67750036 297.30351815]
 [159.76032094 705.38864459  90.28900101 383.30097016]
 [785.75246603 128.86045468 351.52742529 545.27792776]
 [778.98506714 183.47770953 787.55014178 426.64116931]
 [187.78366517  59.66244677 761.98134158 553.39491718]
 [ 16.0126218   74.92368426 345.11961789 712.88595447]
 [711.01333425  77.30101755 277.78906576 205.13284785]
 [761.57754608 360.2586511  188.0289705   23.21408151]
 [749.16584941 753.81929159 236.98218215 616.11347727]
 [729.03673466 131.08587703 598.60700224 468.51112398]]","[0.83747507 0.83441252 0.32036931 0.82234615 0.88671903 0.48642632
 0.60374059 0.56122374 0.78842137 0.45391798]",633,2025-03-03T22:43:18.569230
25,0.9317381402684323,"[[761.04032892  14.65890836  70.93988995 760.47037752]
 [147.49798177 524.11493285  32.33271372 610.93307667]
 [316.5637074  454.56386051 209.70422313 379.57626658]
 [232.28483398 435.94184006 493.95669987 266.79903025]
 [729.56440572 687.28268149  96.19025926 396.47148433]
 [401.0909162  436.53143473 333.91507673 680.52740451]
 [527.61111165 717.04084019 103.32096605 793.50967215]
 [405.32065002  83.23595167 154.35692942  63.45648308]
 [596.55293729 377.98730554 747.18380766 230.78150382]
 [470.49554202 490.01989112 290.04647997 314.07749516]]","[0.8108568  0.74236977 0.94613218 0.4323165  0.76738027 0.76989813
 0.71563564 0.50882168 0.01169292 0.79216887]",634,2025-03-03T22:43:18.576065
31,0.8026240907731789,"[[450.52775869 238.44240103  85.8593438  612.42501882]
 [349.50512457 340.44844075 291.48584111 236.95918216]
 [374.52861086 770.54842482 680.60522848 636.88062386]
 [784.01288451 602.01368217 749.70811805 633.42300723]
 [390.54582036 365.45925505 597.25594259  15.63966708]
 [ 19.69846925  32.70191956 349.13993427 270.72426097]
 [595.42445882 563.57084527 441.94063115  93.74816599]
 [291.18729111 617.1204795  417.7722229   98.48259483]
 [499.88270486 271.3553254  336.85585542 178.04344503]
 [763.88072651 695.99501495 110.4364093  401.05172591]]","[0.43999081 0.11608756 0.74901916 0.90381612 0.61861117 0.03686794
 0.79386097 0.89913029 0.28047945 0.07559779]",635,2025-03-03T22:43:18.583390
31,0.8690031418176151,"[[243.39985861 146.0606551   60.76209069 251.95405764]
 [406.34656175 216.8597432  661.2339436  163.85015152]
 [342.27265174 357.94068266 515.3854283  300.51817621]
 [308.59328989 152.74761645 163.70567846 455.71976244]
 [310.08436625 131.38555396 246.47869907 523.35731963]
 [271.01444686 762.33053938 357.78840467 447.3431781 ]
 [420.74701171 160.67775766 473.19830592 570.51339426]
 [408.6930271  769.20464675 354.77126283 739.60916078]
 [208.2324611  707.43853363 181.28054287 392.99481076]
 [500.79493559 342.13162252 743.74967994 433.78455306]]","[0.88998819 0.39738434 0.87314813 0.36212618 0.03640734 0.52728394
 0.08523329 0.11705447 0.59738897 0.59629519]",636,2025-03-03T22:43:18.589892
49,0.8246351249886182,"[[558.07646498 259.46273965 203.47117566 476.85728922]
 [ 76.70170228  55.46512082 316.6738865  142.69238703]
 [485.7256601  350.95636023 674.15072904 433.39696077]
 [165.10126041 651.97407456 174.85871287 223.58486293]
 [415.90720626  19.15640613 233.65010731 270.80298167]
 [731.11732729  42.5009311  589.30195373 312.41356473]
 [160.50938575 553.51768278 338.39905859 692.27413011]
 [  1.58327287 229.30255611 676.23169376  57.33494605]
 [ 79.68109488 472.23509676 258.24573452 775.83992906]
 [ 78.3369149  239.86780889 304.90725127 527.91674015]]","[0.37467414 0.00434635 0.16725344 0.96114902 0.08060257 0.52081668
 0.32082933 0.64679354 0.94020357 0.03855721]",637,2025-03-03T22:43:18.596416
10,0.8436675021871692,"[[295.08976496 790.45536241 351.72012772 248.99454887]
 [310.82396783 138.67489987 464.95739974 649.01635721]
 [433.92122631 120.04250851 721.83913776 104.56920647]
 [345.81945729 656.36760288 285.21995455 123.88910565]
 [784.67902798  39.5975345  277.34849941 240.21069141]
 [ 43.07296838 613.52228026 114.68619024 446.78469462]
 [517.77553556 465.91173634 384.46466392 493.74919203]
 [629.49686823 269.33376305 119.85951843 463.98099565]
 [375.26444032 367.10090474 230.72801356 167.08161912]
 [ 24.24708058 542.98996549 339.34612285 333.72164231]]","[0.30818207 0.87219203 0.85325657 0.19300452 0.96667358 0.53661836
 0.63184923 0.78433399 0.96003192 0.33074913]",638,2025-03-03T22:43:18.602415
43,0.8794194533538716,"[[504.627036   447.72887115 255.75271247  74.51903791]
 [295.36024218 735.17933039 567.16623058 616.61478048]
 [508.48015615 584.57117546 521.54483986 236.60210032]
 [779.29917589 184.62266237 732.36845769  79.5286737 ]
 [795.06029913  29.2321232  125.42725195 392.92203202]
 [378.2395396  268.36572553  67.19220349 435.24098382]
 [595.03457449  63.54417907 765.88903051  35.1495513 ]
 [149.78605408 258.86213691 573.44216073 341.3862909 ]
 [ 59.08547515 718.38406216 572.41943235  84.97548326]
 [473.90285254 599.69778243 724.73297396 606.38051505]]","[0.92766167 0.57925944 0.79112302 0.65640042 0.11390894 0.28956624
 0.47556671 0.00552766 0.09853195 0.39015057]",639,2025-03-03T22:43:18.608425
16,0.8458669702693344,"[[427.1178447  215.41116959 100.8697404  791.5881666 ]
 [  3.92988038 460.90720364  67.68248446 233.02265701]
 [342.45907887 613.02040845 472.78593551  84.62725847]
 [649.97384575 169.07397999 795.3848676  594.80141535]
 [226.16349269  99.24155528 203.70029598 116.18007265]
 [128.01870786 164.61689843 364.37750784 657.63857567]
 [287.59979902 715.35214704 536.07320835 236.74553803]
 [768.83602546 533.45802152 226.55249838 291.51247242]
 [ 46.07347759 621.82077772 699.20044341 421.37467078]
 [362.21284946 508.71542061 503.06746344 692.51736745]]","[0.71850122 0.77001967 0.07456023 0.26668635 0.97709937 0.46093136
 0.43498303 0.32069663 0.3225192  0.03387066]",640,2025-03-03T22:43:18.614423
19,0.8587157906849265,"[[539.46664025 570.61519845 258.47119587 108.08035503]
 [345.54847116 376.48959064 228.94241707 594.77674486]
 [507.83117809 554.19788278 620.6752218  629.74892109]
 [512.9708395  706.61948484 794.31365763 385.30432342]
 [482.82039778 630.17997642 431.14649618 422.88398563]
 [373.14680724 492.22701685 695.3735373  187.8927006 ]
 [218.02722231 676.67109197 237.62603216 560.29872709]
 [718.91768746 318.68364677 592.79790745 315.5828916 ]
 [188.01939477 266.88371701 685.23265312 465.16173019]
 [647.98571741 725.42120057  84.28902908 416.04528094]]","[0.01915069 0.92367618 0.99757198 0.77408971 0.75056675 0.84923413
 0.70369295 0.47800201 0.00983462 0.92694291]",641,2025-03-03T22:43:18.621426
21,0.8162211081716254,"[[1.83626391e+01 5.65264943e+01 7.58166550e+02 6.04318614e+02]
 [5.87572593e+01 5.63332418e+02 2.96176761e+02 1.75436737e+02]
 [2.30512038e+02 7.23689406e+01 7.51500894e+02 3.42163819e+02]
 [4.13454318e+02 7.42766053e+02 5.69106975e+02 2.08235414e+01]
 [1.89054426e+02 6.45878479e+02 7.73045673e+02 2.65730639e+02]
 [1.79067578e+02 7.06627128e+02 2.09579707e+02 2.41673999e+02]
 [3.65123086e+02 6.67949847e+02 7.50922010e+02 2.82321730e+01]
 [8.85604032e+01 1.19581118e+02 8.11786354e+01 7.30395488e-01]
 [7.82382347e+02 4.58994886e+02 3.24750370e+01 5.79545571e+01]
 [3.92967696e+02 7.99858265e+02 5.48449005e+02 2.20944096e+02]]","[0.86838962 0.46880973 0.77406181 0.19649971 0.71935309 0.49012742
 0.60420095 0.24482804 0.92727814 0.96183582]",642,2025-03-03T22:43:18.627490
44,0.828011869353817,"[[ 91.20016664 172.99759535 510.10559066 319.45691998]
 [358.22272014 333.71638012 636.97038584 421.75224448]
 [ 40.15644601 270.30422464 310.8410975  697.27875664]
 [485.84139614  72.73634484 539.13244911 629.03133527]
 [740.1280026  181.21005255 668.07817171 352.42627628]
 [ 36.61422163 569.8742416  539.5907353  518.17335553]
 [538.53904876  40.0068367  185.84167977 351.65761168]
 [441.01569658 236.41918459  30.03953606 687.49379258]
 [649.90204564 609.47877292 639.15805774 286.00437989]
 [622.99993013 691.07814503 276.5969229  778.06426552]]","[0.51109547 0.50985146 0.90763397 0.4959731  0.48258048 0.87164549
 0.14183206 0.84070784 0.58598529 0.27881458]",643,2025-03-03T22:43:18.634491
16,0.9038026584570957,"[[240.91322834 515.95514543 107.41389588 659.77930554]
 [731.73677701 452.94969043  44.04931972 144.64656447]
 [475.70084873 152.23664922 131.31281385 278.25342113]
 [273.41186758 253.34852895 401.05953795 788.76680964]
 [391.01317079 525.83336458 567.04507891 786.28572103]
 [163.45851025 667.27875864 318.67137796 448.05199365]
 [177.47015129 368.76174459 560.19456385 271.61091732]
 [279.22514097 585.36087022 368.83404967 398.79138159]
 [566.91911737 759.72887267  41.53945765 188.97431177]
 [363.49274164 171.77952198  40.6984796  165.60913856]]","[0.57321334 0.41402722 0.80971514 0.33509209 0.87107614 0.7483143
 0.96452186 0.83305318 0.78795345 0.71426432]",644,2025-03-03T22:43:18.641417
50,0.9446080074678872,"[[796.44082435 213.84915835 195.40609066 511.41962427]
 [454.23445641 600.95173517 430.86105309 269.71807359]
 [644.55521036 346.27315714 207.40956147 373.94277643]
 [539.11179941  29.9663284  323.28626806 564.48057005]
 [584.89631678 189.56166769 208.07970971 565.64327453]
 [131.80383273 456.51827344  45.58520772 385.19525651]
 [742.71732533  71.17634627 634.1743334  272.79056281]
 [210.21061449 318.56986735 581.1436718  605.06647807]
 [273.76513915 198.25005024 131.28328743 589.88736702]
 [602.12867767 634.33777452 192.2724499  355.06226403]]","[0.86292131 0.42330164 0.9058842  0.66117486 0.65038124 0.57120922
 0.60087267 0.78633254 0.43826696 0.38670542]",645,2025-03-03T22:43:18.647203
13,0.9379788011224761,"[[381.69501543 334.95585662  90.04914044 221.24775934]
 [216.5976434  350.23136053 462.91868452 700.96951468]
 [618.70346951 798.73069981 666.36990739 101.66426029]
 [790.78699191 283.51003684 347.4178116  311.42593528]
 [422.02934744 692.73935184 508.96330176 455.2980784 ]
 [353.94958152 513.41933608 497.92486982 334.91620593]
 [548.31244193 792.42722379 799.86104857 722.85707234]
 [120.89730038 310.76142649 473.91007756 389.8597122 ]
 [485.36100814 667.17604857 562.11033634 670.57563977]
 [675.32662176 365.15986189 444.89079315 170.69060472]]","[0.09439605 0.1347264  0.6762887  0.82093689 0.02189639 0.45123364
 0.43746321 0.19064743 0.81594109 0.82831539]",646,2025-03-03T22:43:18.653705
20,0.8876862131481404,"[[721.06746597 656.96930139 596.13684722 454.13196236]
 [ 80.87269837 400.71542125 141.84154887 306.57548297]
 [ 56.19745048 266.83744048 794.13769359  98.13410702]
 [ 54.64774523 421.24163287 388.05790514 765.70763589]
 [793.94921762 422.93722349 632.95035798  88.4390804 ]
 [209.91294982 222.49682996 637.04683457   8.92419512]
 [627.89166348 451.4982058  275.81553542  92.45445159]
 [ 24.66453447  26.60288825 559.6976539  169.75413763]
 [115.23557909 404.80393155 338.04431967 702.58069757]
 [114.81222261 134.97106376 122.46552703 764.38068976]]","[0.52094968 0.18386511 0.76599748 0.76631094 0.12097693 0.60211258
 0.21654448 0.3128873  0.39162179 0.18372754]",647,2025-03-03T22:43:18.658350
17,0.9119470683403146,"[[ 96.64107143  53.52653199 230.62954205 407.86705783]
 [ 28.90571528 270.25084447 396.12324099 226.31955116]
 [626.59266229 655.36404985 104.71310965 622.06363776]
 [445.33517423 675.24714023 169.40093363 725.62685053]
 [665.19315963 308.40790437   1.71541199 793.71638991]
 [ 32.15481554 102.17299479 793.01915102 467.76024438]
 [663.04196885 766.19618904 503.12888819 100.1063676 ]
 [641.50534871 405.44955193 583.29437818 724.79663032]
 [ 96.47457604 456.51418554 203.22749464 148.52773222]
 [219.96071608 309.44960588 327.76428262 615.68427775]]","[0.47925206 0.32079797 0.22118245 0.64308619 0.11519565 0.36519986
 0.12399236 0.55314807 0.14695608 0.05143402]",648,2025-03-03T22:43:18.664623
16,0.8374868911201346,"[[293.73865487 435.55878766  96.95958086 323.2745383 ]
 [476.65449787 718.01974035 329.04641785 170.52028057]
 [394.99811529 583.61220747 772.66406143 589.68417817]
 [534.96214999 185.38233498 155.10352756 462.74808082]
 [556.06219432 660.76923699 321.57896606 116.24047804]
 [611.0642312  307.21647682 538.2676295  628.55679596]
 [ 27.31653623 122.75662558 324.44349599 206.43412032]
 [697.52908361 296.31469659 371.79965926 440.7261622 ]
 [432.13351837  19.44652603 771.24751101 325.9857784 ]
 [265.84257119 283.53787048 666.43694003 105.77015994]]","[0.73761236 0.44996547 0.42379029 0.48763017 0.38512563 0.11168376
 0.11971587 0.17460624 0.94455229 0.31579481]",649,2025-03-03T22:43:18.670714
28,0.8670612270757775,"[[ 14.35846104  67.40064307 279.62711526   2.71991624]
 [557.55073009 140.97767102 409.18626354 674.40941844]
 [533.9225422  139.98188497 478.01432791 238.66865172]
 [284.27265531 344.10386405 414.49951352 564.52110582]
 [457.07891753 147.66615117  63.29881224 391.27652272]
 [351.58044342 442.51661946 361.99375281 781.15739788]
 [411.47477911 653.13786263 430.21460125  82.3678574 ]
 [130.42659556 205.61363962 387.32644238 779.62219254]
 [497.88811901 440.42137636 159.24722589 505.86668404]
 [457.55578158 185.24393689 680.96071677 202.44178698]]","[0.15800237 0.51016039 0.9164795  0.27025157 0.19428609 0.32925791
 0.50376796 0.52373744 0.99064273 0.03515896]",650,2025-03-03T22:43:18.676136
44,0.8083422395641987,"[[391.90312125 360.99522411 585.77330926 463.67169691]
 [444.19220209 341.84266631 372.78630219  45.99613604]
 [269.93183788  84.98116448 233.84765769 345.75135403]
 [ 23.44267747 299.9204775  110.9051821  700.94158053]
 [744.03548133 171.10800534 584.08123105 277.23093902]
 [450.41092403 740.10452932 132.72369855  56.06697371]
 [315.74632801 644.35469957 362.22480273 578.59728729]
 [190.49955441 768.10369875 667.1411504   20.73620637]
 [186.97763572 154.69986204 427.40936069 108.74507142]
 [470.54318656 554.16180837 774.60787709 356.6466262 ]]","[0.72888938 0.69790065 0.46663134 0.75094231 0.64595648 0.22081328
 0.90568767 0.53148504 0.57812411 0.6424769 ]",651,2025-03-03T22:43:18.682485
46,0.8163271912022753,"[[130.5549713  640.95664187 280.11348312 714.52565315]
 [696.94710327 457.59169849 186.69550604 749.96411786]
 [ 66.23276497 476.42379318 635.28770128 535.40555041]
 [375.79911303  13.7466445  596.41644761 455.32659267]
 [427.59284461 394.58326585 783.53529068  42.78456181]
 [700.15203058 677.20816495 220.49292423   5.26041707]
 [149.76129269 288.06806968 774.76854542 295.77626958]
 [534.32587134 232.51047195 696.33477626 798.87461287]
 [594.19474155 307.81059736  56.21221681 466.00141067]
 [657.1966828  512.88875275 322.90785855 271.73448377]]","[0.56355024 0.08055514 0.23509129 0.28807372 0.72046897 0.16514793
 0.90896665 0.85351819 0.22111856 0.04477749]",652,2025-03-03T22:43:18.688538
27,0.934472496712053,"[[654.78201574 264.76190461  41.46874228 592.93635935]
 [791.77840038 327.09940635 632.98422775 238.77866395]
 [250.93286373  68.98425845 389.25960709 110.06343822]
 [193.13936369   5.72876452 122.00749506 274.9603018 ]
 [121.67399398 379.37650355 281.91816211  35.59175534]
 [738.99357078 592.48240345 352.53065299 387.25232121]
 [414.26944236 480.94081785 100.04147852   3.01582343]
 [526.89178858 734.89858875 301.58687638 283.07031359]
 [348.19207069 632.56166193 537.22701425 761.90425683]
 [  2.08027056 424.96859777 730.89874365 724.78631749]]","[0.14281612 0.17522383 0.58195476 0.64169773 0.24124962 0.38672872
 0.49156535 0.58167357 0.24496478 0.87512486]",653,2025-03-03T22:43:18.696528
46,0.803474733416915,"[[761.39089626 565.07653562 182.09573538  13.67718011]
 [727.01722744 633.27923242 589.3636999  795.72112934]
 [746.58831973 434.52541753  23.0521208  624.67894201]
 [414.11945035 528.19425073 640.79364709 790.42865827]
 [ 10.53570706 397.09561813 472.15066563 175.07699945]
 [660.52222738 125.91172655 446.52668642  59.57298917]
 [396.3666195  117.1002499  581.74315055  83.718001  ]
 [148.26902617 438.08724635 334.37051706 445.23823666]
 [180.37719278 314.20115224 209.33109215 423.46683066]
 [108.76192377 453.78408224   2.47623871  87.89735189]]","[0.97940193 0.07792085 0.55858075 0.87875638 0.39306937 0.32971575
 0.83272658 0.09272811 0.6544413  0.29081329]",654,2025-03-03T22:43:18.703532
44,0.9074334790085498,"[[374.69343793  52.88221949 653.71477075 318.71783499]
 [ 53.92640251 632.08742664 782.37618977  51.68906317]
 [600.97364996 731.73559571 456.83357819 165.37349768]
 [342.80501356 400.92470481 466.13733493 304.13930776]
 [179.35996737 559.29582428 750.54881911  92.00075706]
 [652.32681321 662.66817589 457.36337274  60.44108975]
 [202.45233999 242.20914993  52.49149445 314.57909503]
 [683.3661176  114.18834206 214.80654727 151.04361491]
 [434.88059929 340.64790593 247.55955277  85.51143974]
 [580.31865911 120.19524328 183.59915917 178.30699907]]","[0.9985371  0.34438898 0.73891834 0.95380272 0.72094389 0.21193082
 0.47267128 0.8520527  0.97151711 0.94482105]",655,2025-03-03T22:43:18.709166
17,0.8306737261811256,"[[186.52853899 651.30730413 506.68369447 602.01277258]
 [484.54587827 701.64367675 579.2961675  567.16030591]
 [583.44520116 129.94952537 107.5475959  508.56921262]
 [577.46094407 443.88654708 323.29361197 711.0121749 ]
 [443.05822621 432.46730477 647.21455764 629.94816491]
 [439.64503905 187.17764306 424.83977913 605.80261263]
 [468.42031171 368.04035535 731.269158   167.28730434]
 [468.86329418 282.92276059  85.59954856 789.98891128]
 [462.81917838  30.56064551  20.5051249  188.73492081]
 [ 31.11414944 350.63527248 265.44443692 159.84635872]]","[0.18430634 0.59730358 0.96389354 0.25960885 0.94610841 0.284262
 0.06461624 0.63134382 0.42696303 0.76610857]",656,2025-03-03T22:43:18.715753
39,0.9285448761897905,"[[537.73916291 665.95269535 733.59156365 432.09431333]
 [ 45.52395311 109.98312458  19.69547773 242.15355009]
 [771.14557709 173.08439005 744.39381137 254.52541301]
 [273.12054599 466.97738461  44.35525803 575.57038566]
 [485.19238501 608.2117491  627.57898795 231.11893702]
 [597.47824099 769.55530153 225.26794299 420.30106871]
 [382.97596643 579.70868871 640.75169674 323.13208356]
 [339.1867516  776.67182872 204.4179085  132.29032582]
 [406.3469195  754.18696556 421.60171535 611.18923219]
 [207.76411675 288.7513833  274.65700542 290.89435435]]","[0.99929878 0.38058798 0.01967478 0.78439182 0.47126757 0.59901124
 0.20666803 0.15023409 0.09338742 0.75056985]",657,2025-03-03T22:43:18.721167
15,0.8250271989268313,"[[574.97867091 353.40679331 253.67578111 447.3888697 ]
 [699.63286187 369.24116864 551.7034537  660.51625554]
 [594.23673623 558.98271074 168.20008944 272.02710331]
 [ 89.12508105 545.91434717 229.9568948  379.54790228]
 [373.39080298 258.57607893 241.34941017 351.82793758]
 [469.6968573   62.25077568 456.63158069 592.65270817]
 [ 78.96119119 471.58851334 478.0617713  461.90268479]
 [176.78550151 456.07822175  50.78004259 638.07822831]
 [441.64956    490.59137585 311.87493335 666.20843349]
 [621.07040221 319.11478019 657.25606203 416.42850419]]","[0.55779482 0.79871919 0.13915394 0.43773858 0.80422121 0.46176506
 0.04774507 0.58565941 0.703334   0.26860393]",658,2025-03-03T22:43:18.727501
32,0.909831648672529,"[[7.86246053e+02 6.54147544e+02 7.99503690e+02 1.49699771e+02]
 [8.51248256e+01 2.15405572e+02 1.18013514e+02 1.30586648e+02]
 [2.83974029e+02 1.02076708e+02 4.38687947e+02 2.27380313e+02]
 [9.54674144e+01 5.40132968e+02 2.08314632e+01 4.78938782e+02]
 [9.50282553e+01 2.76506422e+02 1.29144295e+02 1.67538319e+02]
 [7.86135416e+02 8.56587949e-02 6.32310601e+02 4.65786114e+00]
 [2.54499822e+02 2.18330735e+02 4.92032101e+02 6.08252157e+02]
 [6.31097967e+02 3.05261419e+02 3.16155843e+02 3.91004818e+02]
 [6.43857237e+02 6.58586051e+00 6.28847730e+02 5.99181044e+02]
 [4.84531688e+02 1.41956123e+02 6.21743082e+02 4.55061737e+02]]","[0.16404241 0.58364359 0.6975494  0.76098656 0.75039514 0.24800851
 0.46298881 0.72235104 0.34149194 0.92791405]",659,2025-03-03T22:43:18.733019
19,0.8818010735831164,"[[376.98880703 421.88880602 332.58207355 404.66771721]
 [102.56673213 462.89993519 621.23491317 735.51501353]
 [407.1181791   31.2474058  690.58686521 410.08853761]
 [771.80043978 191.30511315 563.00849445 437.60423392]
 [360.54099068 485.32665192 483.60612925 151.69973334]
 [700.95823325 773.95106579 577.47586454 364.29592904]
 [ 20.19267386 730.31339098 657.67833282 620.50677077]
 [450.51876401 789.59731955 343.31992432  34.76702646]
 [622.82384159  36.37796757 518.9619395  306.71744307]
 [333.44623456  84.80348005 103.96513256 535.72954218]]","[0.81460704 0.41617725 0.75861827 0.85266668 0.76912933 0.06288726
 0.03646873 0.44458069 0.95568968 0.94681204]",660,2025-03-03T22:43:18.740195
36,0.9248478634727473,"[[155.91220356 687.3229492  174.40635499 404.74268098]
 [ 87.99921056 694.84569405 613.18740673 593.80372429]
 [487.45610596  91.51044984 450.44839867 747.30420634]
 [675.8050132   20.17964249  26.97334813  46.04757316]
 [208.44234984 159.68570421 461.64700466 678.12321532]
 [352.61143818 234.58763092 730.17197468 228.04746219]
 [436.73835228 417.04393094 694.45012394 201.6393553 ]
 [535.4895309  105.70847085 190.50439651 125.86099857]
 [792.56046569 619.00789982 238.08064988 788.40623373]
 [384.0420178  385.71190988  50.31590746  83.37252749]]","[0.70121389 0.85319582 0.75734582 0.81077127 0.60567746 0.6418833
 0.5815807  0.55760274 0.7462296  0.52955658]",661,2025-03-03T22:43:18.747330
10,0.915128629988698,"[[332.48496335 528.22522422 631.64632068 185.77832485]
 [661.47890878  78.69796528 561.92004608 785.17318721]
 [794.65499801   6.34723083 588.75618806 176.15739658]
 [246.47542898 105.62159315 209.06228079 660.01561206]
 [182.1818501  250.35211403 437.85247589 431.13022586]
 [107.49733269 200.14873406 601.58282538 703.56892548]
 [187.91376935 742.45344143 488.09462544 451.62578887]
 [722.77547481  68.48381051 421.46530588 678.75404614]
 [ 11.26262595 674.77607972  56.20919083 270.55089242]
 [372.0255847  274.96367593 740.7578555  264.38310477]]","[0.11236637 0.5822063  0.99663439 0.2337531  0.27770076 0.98498978
 0.08849712 0.57482161 0.89522099 0.6216744 ]",662,2025-03-03T22:43:18.754252
47,0.8004299970163796,"[[191.90489346 268.93796432 275.36979919 584.081723  ]
 [773.31497808 356.03187948 188.31896075 313.8374243 ]
 [687.88986044 192.38842428 383.24392484 721.18695534]
 [703.94412657 355.48527277 524.19701698 273.98523758]
 [ 30.41544139 675.77536171 663.79178889 237.25528409]
 [716.59778745 549.58501112 759.33658172 616.38262097]
 [374.4813067    1.89781075 237.00025734 622.71847952]
 [421.90728251 528.18274217  48.23213849 290.53964023]
 [176.85794604 478.89644702 703.91188751 783.88478367]
 [563.00943293 309.39318559 723.86197082 461.7830742 ]]","[0.5726162  0.47177777 0.91170902 0.91039514 0.8777129  0.71419172
 0.96676337 0.9041453  0.08654738 0.16761932]",663,2025-03-03T22:43:18.761316
38,0.9305793964846356,"[[462.23527851 744.11544497  33.12329111 666.14689685]
 [ 88.48002774 198.85504143 530.91334637 724.22802141]
 [ 52.73282287 442.22344682  97.85745825 753.41924141]
 [230.16663049 536.91806884 351.27155507 586.28751656]
 [380.14390822 343.77048328  63.52886504 765.34217113]
 [144.59213855 260.12228852 247.70407996 396.27685143]
 [261.97318017 480.43277511 647.22193451 422.51149538]
 [108.38777581 438.58904179 359.79957104 782.82900568]
 [221.98489968 269.72187417 690.36178739 675.03406354]
 [566.42674355 794.32331479 380.14574918 756.46271101]]","[0.35648315 0.80722709 0.3265462  0.43434199 0.7419337  0.56972839
 0.36602587 0.17696183 0.33364667 0.10594906]",664,2025-03-03T22:43:18.768733
34,0.9145807191763627,"[[ 23.38413355 270.83539988 215.34671824 516.00534972]
 [628.28733301 631.37791557  30.33809946  86.71837428]
 [249.64175314 359.45095957 570.47786094 464.91902902]
 [781.53847167 758.28782606 164.71076442 483.71288803]
 [200.28162071 252.70451719 385.89552488 741.26128091]
 [ 82.5549574   84.04994854 624.87337019 377.30902985]
 [501.47273049  23.57132418 274.88910487 420.62657267]
 [579.37044476 531.16654745 580.8558644  610.10754785]
 [172.27448812 495.15801879 613.74980525 560.04174821]
 [631.28575837 706.9563509  390.39605683 238.12504679]]","[0.75932738 0.64776916 0.92375785 0.13330856 0.96157233 0.83355848
 0.50141443 0.48006593 0.23673764 0.76078689]",665,2025-03-03T22:43:18.774736
36,0.9064794791024674,"[[739.34950721  15.7055451  709.79090209 130.86014367]
 [302.92478755 223.40427614 631.43671923 278.31667172]
 [ 94.05608776 468.75016354 663.96702879 142.49109327]
 [530.41230532 563.67348232 499.12691703 519.37108433]
 [398.38113321 546.2697828  463.7112816  334.93381587]
 [709.29057243 747.90541782 431.44743589  55.40911771]
 [137.25888988 233.85640858 333.69931742 195.53738141]
 [789.14397129 483.58156702 646.94327401  13.9385263 ]
 [772.5590465  481.00869159 138.03268904 636.39929283]
 [476.25656632 580.20042618 415.5531563  133.17324373]]","[0.90879759 0.47295159 0.04375892 0.09263429 0.09422591 0.37088618
 0.1519904  0.47969359 0.48883443 0.3449179 ]",666,2025-03-03T22:43:18.781205
24,0.8744085388660242,"[[ 52.47978758  58.67266306 656.28803451 787.91008679]
 [475.73265647 220.54383216  46.56617714 367.10562026]
 [596.7658031  679.55221414  92.55014332 211.56958029]
 [605.01404371 632.21069928 512.44283791 348.60026334]
 [ 66.92314164 122.04907131 388.27323524  30.66318457]
 [570.72224652  65.81003335 570.60122554 358.87161899]
 [688.49495982 674.29802547 620.78092709 569.41359859]
 [668.03803748 720.2536729  634.16342507 456.4491976 ]
 [731.40430199 626.17570827   8.85023688 344.7077877 ]
 [594.74048245 496.99103559 372.59881972  58.93158171]]","[0.48843765 0.57285099 0.73722633 0.9096054  0.2426156  0.15336136
 0.93608259 0.96308315 0.04971865 0.08423915]",667,2025-03-03T22:43:18.786742
27,0.8482421269445134,"[[100.14014356  88.00469049 593.25947468 763.85926101]
 [417.40178125 524.23301317 373.4917002  590.72986858]
 [346.46146973  49.33542203  45.76516195 563.94892714]
 [272.92265212  32.49287393 294.83643644 487.22188436]
 [113.96377406 525.63230807 155.60770796 706.34626128]
 [ 30.16776611 142.46501565 356.70798439 752.75395337]
 [396.2432581  170.13373129  70.63761049 147.52032533]
 [729.09575053 732.45100668 554.51872181 235.67721103]
 [442.82274318 439.32692528 154.12422736 268.15702016]
 [443.77039705 265.8382505  250.40247187 577.37989337]]","[0.57867428 0.48676037 0.9482559  0.59863532 0.10048033 0.02333685
 0.90187572 0.83240471 0.31265323 0.81350548]",668,2025-03-03T22:43:18.792604
17,0.9074162702504271,"[[207.48576413 161.60985735 726.94821224 500.42415079]
 [ 18.07485708 372.70782448 325.37399336  38.11630758]
 [139.65440221 482.80463375 387.24812532 427.79519353]
 [206.77021806 521.35043739 705.3193455  752.51811006]
 [657.39878637 423.49878448 369.8005766  796.48496768]
 [793.05768365 248.67217428 151.45554461 472.4767702 ]
 [313.86889135 403.73613435 163.73218949 746.99771477]
 [554.29393412 254.05530007 356.9745114    6.78343583]
 [482.76918444 513.94991512 775.60314753 492.76553464]
 [578.3740599  567.75492442 361.25094469 167.61954785]]","[0.11414178 0.4631883  0.01199212 0.52399041 0.65943537 0.93299152
 0.64281537 0.72257715 0.80606091 0.29205097]",669,2025-03-03T22:43:18.798196
44,0.8762852958290598,"[[159.27139134 789.67214997 550.35342672 513.2129019 ]
 [ 97.92872021 372.93491698 703.46519289  99.96528591]
 [227.03293217 746.34550692 631.4746807  659.08606266]
 [403.80690083 448.38488358 283.13447002 174.17766287]
 [221.90254234 285.63000037 250.75902988  59.25005932]
 [636.49104693 195.92766101 337.72739528 475.33226936]
 [389.74124068  82.38912224 165.35789528 123.07771896]
 [ 39.16982645 466.27138891 206.54313223 513.47972307]
 [789.02660698 116.87391236 173.35504246 309.89770457]
 [ 33.37888989 373.71270524 741.99017155  66.26036723]]","[0.60347446 0.23826303 0.79574619 0.29572452 0.60547027 0.24348882
 0.37992207 0.53061116 0.86698694 0.14766204]",670,2025-03-03T22:43:18.805226
23,0.9322574805196937,"[[466.24340894 287.32189658   9.95117343  64.02301129]
 [709.03396536 609.57667659  17.7236811  490.96541154]
 [114.80662153 256.57527247 237.70010415  40.00174603]
 [462.87479015 162.71580071 394.70651964 281.91017012]
 [654.57512537 196.15259263 698.07091371  55.10566209]
 [ 53.81578198 336.07019661 490.47319329 666.65012894]
 [548.58036633  90.84282296 654.34569179  49.83133518]
 [552.75669675  52.54876127 100.50753764 172.78080268]
 [ 76.90684643 784.81287054 478.12645438 337.77844069]
 [719.367592   646.78593746 793.41484244 451.10728947]]","[0.95587039 0.94695646 0.64519553 0.72481448 0.0236063  0.63938537
 0.96142078 0.40096453 0.32972098 0.12426068]",671,2025-03-03T22:43:18.812634
46,0.8651945357048764,"[[700.70794361 378.42850847 676.35711563 490.33843082]
 [154.0516706  509.42790851 302.16899984 743.05367313]
 [458.25055934 742.64053191 479.13896107  85.62971076]
 [229.8495427  158.53771815 600.69546124 411.5183923 ]
 [ 69.74130951  49.3358177  135.66199597 278.58435669]
 [384.86584423 520.87354851 572.89907101  53.15065265]
 [256.66757256 754.93985182  65.08092816 339.25436245]
 [573.73694419  92.55725569  49.31025504 534.87873837]
 [343.20253453 484.37079675 149.69058838 294.20717244]
 [342.17143377  97.9241744  632.86580699 752.04921681]]","[0.50778228 0.04489966 0.23236536 0.82378061 0.01150867 0.74670408
 0.92580616 0.43478191 0.01303692 0.73174548]",672,2025-03-03T22:43:18.819386
23,0.8381348671347361,"[[719.16076156 466.60909149 202.76452507 585.05127108]
 [ 51.99044787 556.16651254 616.65907759 233.9610146 ]
 [770.47183114 119.90144092 613.40527071 770.38934134]
 [209.28365194 562.87995985 202.34415352 339.65285931]
 [487.19047928 564.19153356 254.04160896  92.78926676]
 [394.78519771 682.53459674  78.42898847 537.27823356]
 [777.38203261  78.95607171 583.43936659 732.24977487]
 [ 21.47200975 673.83505494 195.73750617 583.13416323]
 [460.27170753 684.2772089  697.04349991 190.50625243]
 [346.36189585 677.13154001 110.12654461 648.27327669]]","[0.85048473 0.30714637 0.14419743 0.50976938 0.7937747  0.92663667
 0.36727576 0.20543835 0.12334038 0.45836151]",673,2025-03-03T22:43:18.825598
18,0.9454511985844459,"[[434.11400863 722.66941297 138.59289309 288.37839674]
 [788.2256614  396.00870328 125.58762368  52.58641973]
 [464.77761049 341.90050313 202.39966348 502.44498705]
 [585.70148719 368.30401114 246.7384715  100.33837866]
 [769.19811078  98.66784216 258.99098992 703.41846346]
 [730.73890265 515.93192367 250.57016454  51.9436071 ]
 [652.99990218 504.48053472 336.32461937 695.76088215]
 [568.85187784 516.83865805 665.35614028 102.6013824 ]
 [196.67818495 709.1452731  556.10273876  19.4244605 ]
 [782.19569994  74.77527351 514.86217618 748.26740752]]","[0.21696288 0.61255603 0.81375553 0.91422084 0.75277572 0.10262058
 0.92951458 0.68905474 0.00912557 0.28359744]",674,2025-03-03T22:43:18.831829
21,0.8266459056285073,"[[791.79345501 186.05614693 546.39491147  30.4481517 ]
 [619.66644307 177.79817894 167.824144   730.87165644]
 [ 82.09277925 583.65799434 469.95846706 172.29954404]
 [471.14163963 241.52738903 335.16350896 554.4770082 ]
 [260.18818506 460.70702488 626.23752161 792.16847391]
 [528.7539749  554.3063646  508.73354503 769.1254991 ]
 [642.2898347  277.94145783  27.51302669 378.75625881]
 [676.63006769 275.00583837 123.18607374 747.9398588 ]
 [242.46477577 418.622703   390.39899439 134.25540406]
 [404.39527275 346.67297851 428.15718103  64.78438773]]","[0.72021688 0.79168449 0.16988745 0.16195804 0.72557331 0.35438439
 0.41357049 0.60427918 0.24570466 0.10871325]",675,2025-03-03T22:43:18.838488
26,0.9419632050262372,"[[598.47592059 627.44262513 547.66619346 140.08328421]
 [445.98137116 267.18602515 748.08229602 731.30795044]
 [ 98.23023621 730.22674131 214.95551906 785.84815942]
 [347.97673037 655.30926273 666.78414245 164.21245095]
 [709.11972902 189.83415467 745.8946217  212.43393556]
 [392.87436448 331.61885462 483.36516732 724.87751635]
 [547.68195524 737.33089775 280.09294222 567.11587584]
 [298.54852551  27.67658584 245.68190567 255.61579706]
 [157.21172566 161.66618515 483.55691085 634.66714504]
 [165.37093118 338.37140673 214.96162876 515.30705552]]","[0.4034312  0.7123139  0.79254902 0.06595296 0.94756269 0.94576569
 0.29378552 0.93782028 0.93042696 0.84384519]",676,2025-03-03T22:43:18.844607
41,0.9492170069182128,"[[635.11873123 578.29033509  14.75285369 639.73904075]
 [452.05522269 173.03322468 749.16399092 350.76790885]
 [ 59.57758995 746.10804031 612.37902587 445.2757403 ]
 [385.09064962 641.26020944  63.85069585 246.66206934]
 [195.06109099 799.13663193 703.53807466 263.39338833]
 [539.55085908 684.81744795 141.92240841 689.62137532]
 [489.88068074   5.45948487  59.72061403 568.54209257]
 [410.08694684 450.94943641 527.55826219 619.26031046]
 [171.62278827 328.88405133 246.8299398  353.781363  ]
 [770.03275621 685.58900315  93.62270166 351.5205719 ]]","[0.79753949 0.81064614 0.40126428 0.74290108 0.05404118 0.08662999
 0.67593626 0.72218122 0.98487621 0.48319028]",677,2025-03-03T22:43:18.850056
37,0.8758020056661122,"[[ 89.14942758 756.76511393 232.27917874 782.15583156]
 [493.65446519 182.74256347   7.84468924 241.87725164]
 [101.01718499 505.56754302 225.01492648 502.14363302]
 [  8.994565    90.57896218 735.52049691 454.82659328]
 [ 83.68567945 398.06269611 646.19513052 685.76998725]
 [482.58116761 682.16830511 379.54739707 494.50477474]
 [205.85789512 166.36284277 210.1927175   51.34376798]
 [168.12356721 151.24599085  90.39920125 345.21928464]
 [260.2029491  784.5859652  603.95665562 360.57323929]
 [385.88475838 773.82978085 730.25397661  34.62958156]]","[0.26034415 0.21637776 0.09251934 0.40838393 0.34523144 0.21261312
 0.36686649 0.21023647 0.42057414 0.19762585]",678,2025-03-03T22:43:18.856552
18,0.826474015937556,"[[733.78951292 629.91559542 653.21993079 325.61185891]
 [662.81229953  97.77424391 253.96859846 565.50618071]
 [404.24944744 697.67318373 452.59973496  53.43779833]
 [168.791806    66.54600851 310.86444021 148.69825933]
 [705.48898169 701.74669212 553.54838874 549.95062337]
 [570.4944655  619.6379477  735.17583559 692.03719298]
 [ 69.16034806  19.48995891 142.59540495 654.82458492]
 [183.77439535 105.91913237 680.55412349 740.41588966]
 [487.67685874  36.00215714  35.2972506  638.37709948]
 [460.87641962 493.03139598 748.98627108 444.74067555]]","[0.20868132 0.26712546 0.51124837 0.57710799 0.85985635 0.44338047
 0.80098007 0.66051729 0.67217316 0.48727851]",679,2025-03-03T22:43:18.862224
27,0.8707825353144494,"[[574.3379304  546.22538446 425.44638332 625.58133766]
 [108.99839699 788.88797643 478.30528078 391.01456753]
 [383.78639438 758.18284357 683.36129059 410.61477271]
 [303.19294292 662.05797168  83.71817849 481.519662  ]
 [  2.81758462 239.28057067 546.05980898 106.17021917]
 [139.59639952 464.99831396 443.17544639 463.18626952]
 [ 71.95674716 680.35028165 589.61816106 350.26533251]
 [450.93751164 359.9078261  730.12759843  32.60731348]
 [568.19668975 754.94991312 538.64835696 604.26759454]
 [157.27448068   3.65803942 290.89062668 664.77771926]]","[0.34189433 0.64765086 0.88321723 0.0512578  0.26249753 0.90588863
 0.10191653 0.91185224 0.63947471 0.36788231]",680,2025-03-03T22:43:18.868253
42,0.8451854217751205,"[[626.54559022 257.59415899 323.7806394  417.64324947]
 [720.66768534 783.63320515 773.20355764 240.71907578]
 [126.11785733 498.80123388 246.65688669  14.91290568]
 [748.57197395 395.21204748 128.8040574  421.81679592]
 [344.11150717 431.05735648 741.16681034 546.0295979 ]
 [366.55339239 453.78294489 647.0189317   78.443422  ]
 [488.13080718 781.6785576   50.93626523   7.09168203]
 [ 26.09478049 124.78813882  34.25359229 641.86473466]
 [593.11562086 710.90535231 154.20540459 210.91532539]
 [ 63.44130123 335.84400362 719.4719258  249.98680253]]","[0.69002719 0.26698531 0.58455215 0.61219892 0.92473024 0.08298364
 0.20872695 0.42464694 0.47512218 0.62106082]",681,2025-03-03T22:43:18.875207
50,0.8186635680369548,"[[608.77193147 452.82491069 301.89130801 696.46594115]
 [182.32950669 396.5562518  100.68085429 789.61573269]
 [213.74100703 352.57878479 410.76121227  72.8532536 ]
 [146.42468661 238.25326257 122.42913635 620.84679292]
 [426.61647434 454.4450667   12.19808794  98.68728613]
 [274.21899243 161.82145832 283.13973722 242.83023155]
 [113.43460467 600.10320079 639.93709646 628.52473589]
 [ 60.86369181 712.77182849 277.07346555  69.98497857]
 [245.43091441 106.7260004  198.88747061  42.27186352]
 [758.73349819 404.5756246  440.64589572  70.02289822]]","[0.9590398  0.88980192 0.17184034 0.64008548 0.59054042 0.89662407
 0.49739323 0.71194677 0.9587962  0.28059388]",682,2025-03-03T22:43:18.882315
35,0.8831691837594343,"[[785.27752196 582.98551368 447.43540934 172.74368198]
 [719.11247257 314.6632513  319.13575809 366.52659098]
 [441.50394587 671.56360128 171.04849435 149.41386835]
 [ 25.27104956 450.10697449 408.90914364 308.40299826]
 [ 57.61707047 379.52808493 151.12403688 596.65927012]
 [165.19898282 318.18404744 734.1238606  437.57877599]
 [419.35664521  25.8470812   82.20173667 600.35831791]
 [441.36389285 359.5044454  195.69654072 686.60472395]
 [204.13253737 167.27016658 414.73975217 397.38295544]
 [625.77891093 523.07116627  85.19938312 257.56369375]]","[0.436544   0.7044161  0.19051911 0.89508447 0.35470686 0.55258693
 0.27606831 0.60171195 0.77837051 0.50086196]",683,2025-03-03T22:43:18.889316
10,0.9186688910326367,"[[ 51.33165381 372.97821104 119.91769393 142.48148329]
 [ 41.45624012 203.35126391 346.93367647 158.87492151]
 [184.34183183 528.42480201 436.0844176  722.26927467]
 [234.01636419 119.68013582 505.59156695  31.87430585]
 [598.08550322 627.97969119 404.24334445 367.79731539]
 [342.40498262 494.39001942 290.58672017 151.61780631]
 [436.36188927  94.81780638 381.13354007 317.02280694]
 [370.38236267 423.60517627 209.08879917 478.45720692]
 [534.09678195 755.43605515 513.28596205 791.49780064]
 [259.5299501  467.52389996 364.85061955 181.24830737]]","[0.18234438 0.44359066 0.90916053 0.54166995 0.15558987 0.24679913
 0.75869034 0.25281854 0.58144766 0.3823433 ]",684,2025-03-03T22:43:18.896163
36,0.8905756081124425,"[[577.24377015 307.2788797  578.05179157  38.08564728]
 [672.80067749  57.34469076 737.42950685 324.35637067]
 [  8.92017232 144.83579262 712.0583308   87.01662057]
 [371.95440141 584.17447446 205.1422624  672.23805992]
 [383.65128749  46.00778156 301.48179129 483.04368184]
 [730.62311406 466.28094294 512.80475894 345.78030516]
 [414.42413117  64.73871046  86.53642985 267.97649342]
 [ 55.40877718 580.92386037 486.95098093 420.05420742]
 [144.79744464 469.32459222 770.48387851 487.39743171]
 [682.04094623  19.10347892  63.6106801  216.34283304]]","[0.26209236 0.13674871 0.62548728 0.42011884 0.86357379 0.34162866
 0.83535175 0.74515123 0.3381506  0.52267179]",685,2025-03-03T22:43:18.902456
49,0.9469329710941703,"[[210.37868546 276.15567152 191.92580375 337.99500531]
 [132.12764818 377.21856825 419.29195052 726.01060526]
 [654.48920108 114.5239634  428.22210229 340.85872336]
 [366.34036288 243.62578722 276.88703644 768.78815895]
 [209.85640966 384.29383808 148.71695069 592.05466356]
 [706.08516288 400.85798084 227.71899512 381.93087919]
 [794.15058403 197.47806877 634.3287308  265.22789454]
 [184.92469824 312.15760333 316.56723784 593.94788555]
 [528.06765821 645.39839425  22.03038899 216.72087655]
 [ 49.17011267 333.37423443 643.32738002 724.97961586]]","[0.64965006 0.99457115 0.97240495 0.05740364 0.34532587 0.96392938
 0.59195799 0.10291649 0.3358987  0.30973642]",686,2025-03-03T22:43:18.908814
12,0.9482019948788151,"[[741.73251869  78.53102764 344.14068333 419.91059187]
 [340.07398063 356.7975604  139.02491706 510.33433528]
 [272.28079774 707.8249652  578.4263908  433.03046238]
 [126.0949785  559.29997446 394.30740083 427.77895071]
 [ 84.5473266  762.57327861 793.72578537 475.52982698]
 [257.14954755 473.45271225 500.44272334 249.33507211]
 [749.34127046 146.06865333 737.54505782 634.84387286]
 [459.89864055 632.2680986  471.4264734   14.6702864 ]
 [ 66.93411292 558.79327117 104.53371206 721.40683733]
 [757.98054778 619.14073197 512.24840371 449.53577294]]","[0.51338377 0.43707561 0.69262205 0.60064525 0.74033702 0.8131215
 0.12041589 0.73829619 0.43829902 0.73926235]",687,2025-03-03T22:43:18.914088
30,0.9056297096345478,"[[683.92062217 280.18384204 383.25175572 238.64706805]
 [136.18379563   2.49735637 656.73267007 226.66221954]
 [598.19640159 264.43624081 617.56844063 785.28280905]
 [327.44485063 365.9231731  616.43815837 675.3095603 ]
 [388.32426667 539.80287899 524.8676358  637.2742674 ]
 [323.4618502  700.5191433   64.46665005 220.99896833]
 [560.45673026 384.49199109  18.40478861 710.5818111 ]
 [692.63251064 164.48791826 301.91239654 150.20576446]
 [591.76626772 543.85926633  17.19923677 798.91620834]
 [334.36067257 493.49970733 388.68938862 467.22011904]]","[0.59766188 0.2338919  0.06145167 0.58313334 0.71330792 0.89626032
 0.45999586 0.77585548 0.31636894 0.79784228]",688,2025-03-03T22:43:18.920577
35,0.8005776941672041,"[[ 81.71790536 733.64310037 279.14961162 730.71742727]
 [564.40025665 679.87311062 308.80302566 695.12470696]
 [419.31234693 540.89587058 586.56447335 361.42788761]
 [228.41483985  81.82584242 431.55015212  39.69156054]
 [247.60473556 644.48205436 480.20921606 450.40311509]
 [565.78202656 111.01323547 382.42492388 401.87935096]
 [149.43382166 517.17810344 662.56082827 106.31690235]
 [346.29093451 404.66160441 375.61405403 305.23107161]
 [653.29707705 515.29203016 157.16729097 576.90934918]
 [503.22625891 752.69089886  64.20609295  32.94724532]]","[0.05456093 0.25223881 0.65368966 0.07341633 0.26381939 0.8562167
 0.2779721  0.26118268 0.00572371 0.68411984]",689,2025-03-03T22:43:18.925929
38,0.8795026801881952,"[[189.03800056 519.49548844 211.5798143  341.51836983]
 [ 63.37380271 547.59372283 182.36594814 487.0397537 ]
 [316.31784882 139.91755118 650.05541562 354.01316166]
 [ 36.10622551 743.46854932 622.97843567  73.13168515]
 [682.36132721 170.68864779 304.39078489 369.99321231]
 [438.28040694 149.73957121 532.80433528 307.77510262]
 [ 11.81739693 273.66048616 770.19749287 366.23497491]
 [595.84441205 414.28311468 253.805144   437.10081555]
 [464.67335153 712.56323642  43.77218175 469.58520213]
 [495.9866552  357.03426586 333.94638027 135.3323377 ]]","[0.89448363 0.29475525 0.53263755 0.69629374 0.28405467 0.90634139
 0.11128304 0.08968717 0.34873129 0.74543659]",690,2025-03-03T22:43:18.932933
50,0.9025705639475656,"[[396.03896514 587.86502927 599.3023     719.66286897]
 [669.72500555 267.81568605  39.50785125 742.95766037]
 [235.24506578 789.21414738 161.44910608  49.35582298]
 [745.71940781 525.30044444 207.94582921 537.47716909]
 [460.35061612 523.4433039  674.99786273 437.52957212]
 [506.08110666 683.8084499  642.36921023 748.46023992]
 [ 72.74295069 423.3086462   32.72328206 651.72813784]
 [ 61.91945981 345.87115277 498.01765245 359.39398515]
 [ 16.17484424 489.767286   371.56733053 662.84838578]
 [571.5953018  595.89184351 619.90386123 680.59272986]]","[0.03369058 0.53803982 0.20859383 0.19111894 0.14953614 0.74425506
 0.27577792 0.88350259 0.34994803 0.55778625]",691,2025-03-03T22:43:18.940219
39,0.9111314162837434,"[[291.57510956 314.14193387 782.87840963 340.71870963]
 [705.54819034 462.27711513  70.38039303 560.8671677 ]
 [595.04536846 629.60754883 383.29946444 264.5734845 ]
 [547.4513404  283.61395379 125.69269443 743.20982408]
 [683.01071202 151.23978254  81.54825828  35.76719025]
 [ 34.75886547  68.07224477 798.9311414  269.80556705]
 [466.47792092 762.36017583 379.75173187 291.91145665]
 [448.42153778 594.96036615 762.0594597  434.0117632 ]
 [536.84081662 282.37063954 101.54130439 605.27109424]
 [185.22808665 478.29563117 575.4649158   47.71665966]]","[0.64445413 0.23215397 0.59670264 0.54393138 0.5041437  0.67592761
 0.84788912 0.31841376 0.01194281 0.22954758]",692,2025-03-03T22:43:18.947377
33,0.9381844855114377,"[[640.9724065  106.07100643 394.44854402 561.70464444]
 [172.35000503 435.05565113 768.25177391 193.70350132]
 [323.7232009  155.4375293  171.00214598 520.77513701]
 [770.99077219 611.45918734 619.99719441 415.24250741]
 [155.50312715 394.60920292 526.11676941 799.92349997]
 [275.44993855 781.96005252 425.00156707 662.11699437]
 [280.19742152 709.5090127  644.02419869 713.6807282 ]
 [355.27259491 424.18735382 573.10464631 535.91024334]
 [314.7323704  757.00808167 391.26978813 765.51636777]
 [696.9949746   68.23472741  13.07941951 157.41947299]]","[0.87224219 0.78515683 0.83397075 0.4220051  0.25946655 0.7353978
 0.71597091 0.47589587 0.71428007 0.03918216]",693,2025-03-03T22:43:18.953992
25,0.8885316948976907,"[[6.12084833e+00 3.24764962e+02 7.44367513e+02 5.19966527e+02]
 [6.38255956e+02 2.62392254e+02 6.90220711e+02 7.43147125e+02]
 [2.16947432e+02 4.00076802e+02 6.38445304e+02 6.69797796e+02]
 [6.09795405e+01 6.19429436e+02 2.98230695e+02 6.71098402e+02]
 [6.37899562e+02 6.10018965e+02 3.62435144e+02 8.78004543e+01]
 [7.36871113e+02 5.60768261e+02 3.27203374e+02 7.98278101e+02]
 [1.40741037e+02 1.10930598e+01 2.37143428e+02 3.77364300e+02]
 [2.75711896e+02 4.48804221e+02 7.69962450e+02 2.54790653e+02]
 [5.10027766e+02 7.83479538e+02 1.76918582e+02 4.71569372e+02]
 [4.06335124e+01 4.46942633e+02 7.64899062e+02 7.15263250e-01]]","[0.65504738 0.20164923 0.37897478 0.10820379 0.58753544 0.55898914
 0.61613866 0.07759063 0.89731775 0.38530088]",694,2025-03-03T22:43:18.960168
32,0.8433185646004202,"[[556.13264887 466.92568414  64.62459322 123.40529235]
 [737.2510763  482.89167912 365.63803101 336.13691731]
 [470.33672895 135.12727263 478.78848882 637.58883245]
 [353.14096426  67.4370993  568.72924536 455.30086853]
 [702.8899744  641.94688238  64.74387068 424.53217142]
 [ 93.15997557 439.49642442 385.1778677  124.46188411]
 [201.57971235 201.76490697 515.9597825  431.40918312]
 [452.26062269 644.50607791 263.65483245 603.24457662]
 [749.78351775 687.83654175 550.20073235  44.17426728]
 [479.76489306 246.36865874 436.57259407 681.01128338]]","[0.37457395 0.34068882 0.11344251 0.41117225 0.17104545 0.09248318
 0.13072627 0.31868722 0.11557229 0.18529128]",695,2025-03-03T22:43:18.966516
32,0.8592657886392688,"[[691.556652   351.22563325  48.34838674  70.97375122]
 [700.53073123 402.2118436  355.94767177 428.50389831]
 [162.10215095 357.2173927  405.42406321  29.11938574]
 [668.73983654 518.9886716  127.57453147 590.18831227]
 [113.3762481  728.44381131 752.85495791 666.85921054]
 [695.14670503 623.45460139 258.18930296 175.96694204]
 [239.09374014 161.30372648 172.38143283 381.03702229]
 [359.88928444  95.19939433 784.98312419 778.52857831]
 [205.43430372 691.79638789  97.50144968 782.45712805]
 [665.59311039 238.99180311  49.04851048 450.85911128]]","[0.24231605 0.98907009 0.29454323 0.87690495 0.69744423 0.88736166
 0.12918339 0.63107257 0.35091282 0.77889094]",696,2025-03-03T22:43:18.972839
32,0.9239960675289289,"[[1.50001759e+01 1.03894128e+02 3.36420446e+02 2.31651648e+02]
 [5.47385784e+02 7.01501083e+02 1.51267963e+02 3.52786992e+02]
 [6.47975652e+02 3.84095856e+02 1.98793914e+02 3.93960199e+02]
 [5.58791025e+02 4.12281537e+01 6.63729853e+02 4.43172957e+02]
 [4.24465384e+02 6.39746954e+02 2.72389061e+01 2.64337663e+02]
 [2.38572216e+02 7.10973691e+01 3.72420997e+02 1.72983831e+01]
 [3.99796225e+02 5.94666292e+02 9.80714698e+01 6.65018258e+02]
 [8.85536451e+00 3.50588211e+02 2.33546899e+02 2.40927153e+02]
 [3.50281884e+02 4.29202634e+02 1.00865817e+02 2.88150207e+02]
 [5.73165893e+02 1.78520576e+02 1.02424934e+02 1.89583670e-01]]","[0.29243673 0.37642318 0.67424513 0.07507177 0.23686688 0.80004535
 0.77326801 0.40779007 0.69652459 0.06861503]",697,2025-03-03T22:43:18.978126
27,0.9269121714194126,"[[  4.04701246  66.31503897 152.17657075 718.54224547]
 [365.66431773 448.62280988 582.1864556  380.94881672]
 [222.05544674  43.07644061 765.91985645 617.31362774]
 [380.56760744 213.12805181 540.61408356 147.05007178]
 [759.87959544   2.9723278  322.50383323 637.97583578]
 [472.36309668 395.12906843 511.27515843 742.38901573]
 [732.41667533  69.58390528 114.84959943 575.21292396]
 [774.48326084  64.8676874   14.26589097 132.25578781]
 [ 59.51955747 267.27567328 388.91859623 613.55289133]
 [478.05664066 491.83379083 530.37723816  40.07562708]]","[0.4683694  0.84649281 0.61238344 0.3920949  0.27241848 0.00378886
 0.80092798 0.79239681 0.21398315 0.1801356 ]",698,2025-03-03T22:43:18.984656
17,0.8626610773979718,"[[582.62284633 750.19498608 565.19049993 744.38057128]
 [137.00150737 193.4514894  199.94080518 374.3879547 ]
 [136.2378193   43.81767116 119.43482537 234.97845061]
 [613.14370267 298.04377582 572.75720539  17.82854725]
 [576.61994087 333.98778571 483.52243799 543.69384153]
 [335.82214226 276.88644617 448.7775     670.546226  ]
 [413.13270671 639.69746071 785.8178789  266.98499683]
 [218.74472901 471.7409634  726.39577488   8.80374037]
 [248.33701193 617.50010446  72.72560907 159.66454163]
 [471.33775323 526.63192629 733.65094536 207.93299832]]","[0.16585015 0.6200655  0.86037367 0.92267304 0.33181245 0.82002599
 0.81159666 0.41337523 0.39707243 0.03153202]",699,2025-03-03T22:43:18.989161
31,0.8642622089724634,"[[466.01338244 386.25912192 501.00677548 495.47706552]
 [322.54446346 725.04857105  47.71471914 486.96786165]
 [457.34221501 104.4539382  265.39598643 551.3444149 ]
 [586.46564393 392.30925321  70.65510494 612.05354975]
 [409.65992942 104.35398858 707.01239352 320.68471995]
 [644.36688902 783.83836484 596.1714127  182.13743541]
 [574.88345929 440.65808116 268.67478829 321.64890897]
 [639.44043566 478.39261406 504.92339546 176.21609198]
 [616.75223111  62.54839212 328.56629846  52.84685679]
 [ 57.24095972 160.13213054 595.56980475 389.74850271]]","[0.28360383 0.1129874  0.18308546 0.80291094 0.43377102 0.05162198
 0.56255042 0.51444814 0.31108349 0.95895462]",700,2025-03-03T22:43:18.996632
49,0.8790161435152881,"[[375.6839669  440.39766293 131.05953074 351.5199249 ]
 [274.73955479 220.25721026 262.39381431 763.39277517]
 [394.87860532 286.26508064 599.1939629   57.41094064]
 [245.78471613 461.20868214 303.43014869 499.97830066]
 [731.90874282 672.67297615 459.69737011 591.78855766]
 [565.59280906 269.71123061 518.93613226 489.15730041]
 [476.305239   329.93614424 571.03745971 234.53841782]
 [155.04197492 739.67274771 279.69993436 387.98191503]
 [ 62.58307084 359.24718162 651.87274895 550.78511881]
 [363.23171745 754.36256849 549.99616964 230.9230647 ]]","[0.95477132 0.77886008 0.6649736  0.88094757 0.86184323 0.41712527
 0.10219889 0.29650338 0.66314512 0.1280146 ]",701,2025-03-03T22:43:19.002995
43,0.9117833043682471,"[[343.88146978 629.18369672 674.99299619 783.51691665]
 [468.24941783 518.61891889 144.45283823 234.51085437]
 [356.53423453 102.83634231 744.29394345 403.63986985]
 [ 96.73501452 419.63035359 278.17085899 673.73985056]
 [525.77779399 304.39803748 636.08307485 609.50075582]
 [385.26132473 148.14529327 797.52946581 114.24835402]
 [400.94396501 338.18637514  88.61102803 515.42805919]
 [276.13103966 125.61429217 159.90303202 351.86784359]
 [555.91600108 517.50230733  80.05857174 141.3848153 ]
 [ 26.44904967 414.65429136  72.03463695 230.59400964]]","[0.0919691  0.15411406 0.91159059 0.92904928 0.61960477 0.01340281
 0.85439846 0.29635324 0.10299653 0.23973841]",702,2025-03-03T22:43:19.010792
26,0.9314926269198579,"[[239.86851043 527.02897686 319.56285818 283.04509836]
 [642.40673691 155.74433036 280.57711653 315.15862372]
 [254.39020024 105.56124895 575.13510832 636.8245191 ]
 [275.71957314 542.63044487 125.82902304 698.81869766]
 [500.6845713  249.52919084 375.5743052  191.02188688]
 [783.4048689  517.84684213 533.54812637 323.09412378]
 [157.63909664 343.4224318   61.2727687  205.18185045]
 [776.08854273 753.82680222 780.54401098  63.41136806]
 [677.28205317 550.99384599 224.38434009 457.71343288]
 [696.00268709  84.47774638 575.07475703 747.28761377]]","[0.15175132 0.50162754 0.19920375 0.91835368 0.32360037 0.79136703
 0.61243096 0.98231769 0.55008543 0.92801638]",703,2025-03-03T22:43:19.017805
23,0.9204133361391477,"[[783.75082145 312.45051652 527.14521349 268.02223541]
 [ 56.24719932 216.2449427  778.16378269 575.86008244]
 [ 65.95159125 487.93573963 685.00447413 295.13265659]
 [622.20225991 440.7204009  525.88811634 722.74740098]
 [765.51433338 738.7647097  701.55436018 416.6373246 ]
 [393.75785241 170.30854471  72.01572701 217.1644975 ]
 [ 11.70194152 322.95258837 712.477733   178.06163357]
 [592.56914612 481.65412583 600.46276639 483.5472207 ]
 [184.44254172 289.40898814 716.06534712 668.7832034 ]
 [ 54.36025513  99.68055296 739.51527501 686.34345933]]","[0.20229723 0.53870222 0.59543179 0.70697885 0.28491458 0.07865679
 0.69768708 0.32440667 0.61330413 0.48386318]",704,2025-03-03T22:43:19.025327
20,0.8785770078883607,"[[287.99657354 492.24640675  23.12423545 213.78975687]
 [235.01555519 613.52611551 100.92123886  40.17510919]
 [495.3402423  729.62889485 424.00389176 296.33668374]
 [402.50519543 404.05578049 158.75014269   6.02799619]
 [737.43385383 381.55750264 121.49999607 534.34563078]
 [279.42880662  24.82527516 727.01130704  73.45165212]
 [432.22985036 774.00320074 442.14035447 484.89166732]
 [244.17597168 768.30261623 792.16535847 306.45090852]
 [440.43642949 124.74191737 786.4138884  775.58276533]
 [667.58424005 577.59646815 523.7497343  720.4247528 ]]","[0.03953193 0.75600971 0.7088054  0.54344247 0.80863743 0.4863444
 0.58204939 0.77030914 0.46717098 0.0675821 ]",705,2025-03-03T22:43:19.031895
20,0.8269876107163537,"[[754.7118864  503.21987914  13.41259033 411.783774  ]
 [126.03525412 783.14539632 183.24893852   3.9609591 ]
 [771.97305166 547.92294503 233.61463134 332.48357827]
 [760.52792215 767.06851794 684.34750641 335.03854277]
 [799.15345239 305.91575551 557.6998238  452.60050273]
 [709.61638018 709.10977185 739.52887883 155.39846566]
 [ 65.32966059 506.81901204 370.25351007 524.84139503]
 [350.40381787  34.49309224 266.72279568 758.51418883]
 [570.59416453 395.12334728 202.32371381  73.02351469]
 [537.76934933 584.49481768 429.51204771 409.53071385]]","[0.12434497 0.98379171 0.62874864 0.82515682 0.85957216 0.58607148
 0.20740247 0.49940434 0.15168191 0.53692141]",706,2025-03-03T22:43:19.038611
15,0.8833946094212174,"[[298.22777447 128.82909191  38.49119787 308.84484197]
 [153.90909441 548.96955237 464.43306044 158.56105599]
 [372.64075342  82.75441975 462.83853956 684.05990244]
 [305.11008254 285.68575812 512.90853874 326.57908924]
 [647.69864788 799.21070105 329.73574053 675.24516399]
 [681.11933078 570.9853346  421.09058073   6.19687743]
 [343.19743623 220.31806388 435.66423065 236.65990457]
 [586.83966833 501.1678682  793.85595947 332.01286669]
 [316.50643431 211.28451471 651.03970791  96.20004154]
 [  9.8585325  160.59808898 674.20836716 391.93535806]]","[0.39399198 0.43230198 0.89178551 0.14689707 0.09598598 0.60151416
 0.18007269 0.82144607 0.63072871 0.23637272]",707,2025-03-03T22:43:19.044930
27,0.9043848243938055,"[[330.68348777 539.95290147 435.28654702 618.31029041]
 [411.84066127 718.99677459 675.57715389 746.69470653]
 [424.6935575  302.35661677 498.85637425 343.59771773]
 [698.10440896 428.38471096  39.62032115 712.4933428 ]
 [435.8212655  428.86002082  79.93973685 721.93250434]
 [ 40.09222    476.35898933  72.14891409 473.74291077]
 [599.32112665 121.25815871 538.52755933 219.30392549]
 [242.33997076 750.03827639 745.20655379 622.3011854 ]
 [515.25248182 591.09447124 462.36785391 189.10828569]
 [563.75577824 207.35282051 379.47414281 520.06220196]]","[0.82442495 0.20852344 0.75166903 0.7698544  0.9052582  0.62322581
 0.24162682 0.4510167  0.77151208 0.44459658]",708,2025-03-03T22:43:19.050544
17,0.8736560516771316,"[[6.36135961e+02 1.79260734e+02 4.92310780e+02 2.43556607e+02]
 [2.02695504e+02 6.80021302e+02 9.45347112e+01 1.16187905e+02]
 [1.56211903e+00 2.53745869e+02 4.14624313e+02 5.12018451e+01]
 [1.29682600e+02 5.47027845e+02 1.35107131e+02 7.67920361e+02]
 [4.95788203e-02 3.02723978e+02 2.10659969e+02 4.71965897e+01]
 [2.53180285e+02 9.59590021e+01 2.83238661e+01 7.67873714e+02]
 [2.15949593e+02 1.63316363e+02 2.16432102e+02 6.76495231e+02]
 [5.80806163e+02 6.24417607e+02 1.63656288e+02 1.63317380e+02]
 [1.72053859e+02 4.58468737e+02 2.69402599e+02 6.32327550e+02]
 [6.62150973e+02 2.24001624e+02 4.55084165e+02 5.09868503e+02]]","[0.54573795 0.95089187 0.04521838 0.68098384 0.90103569 0.67391751
 0.14763948 0.54195736 0.98510926 0.90572918]",709,2025-03-03T22:43:19.056949
49,0.8307730389881162,"[[130.68195739 289.66002776 347.38397079 450.86899675]
 [ 22.46834045  39.40352517 482.47434606  34.39326489]
 [601.11423919 380.99423817  45.88948482 427.21854585]
 [462.75169749 735.07194108 195.41040555 132.03018091]
 [428.08883349 427.53189139  74.70749683 296.20144189]
 [227.09182342 173.5802687  747.00652387  56.28033128]
 [172.86362966 133.89691624 596.521062   662.79593732]
 [447.24540375 457.3456266  678.1745202  153.56139721]
 [700.93329068 574.36717258 184.26789977 294.26481574]
 [518.91852646 714.87140885 296.30258467 592.84285422]]","[0.83493055 0.58244003 0.31514739 0.65711315 0.32160036 0.7435295
 0.90355198 0.26530481 0.16204737 0.2429435 ]",710,2025-03-03T22:43:19.062053
26,0.8446577619926461,"[[774.64657648 448.14515442 518.13608637 155.41429207]
 [ 87.75001502 365.2512197  331.75230926  47.18919845]
 [ 64.00777755 662.87646271 404.73549059 494.43713885]
 [507.36408752 291.48181827 723.7638229  559.9052157 ]
 [235.24756992 566.45442332 659.1344102  646.5332182 ]
 [511.14863108 677.33860275 718.60174285 364.24943905]
 [692.72016613 789.01095919 223.00375165 117.76172981]
 [ 90.34828656  69.40810574 245.56505541 534.51794076]
 [536.87599059 696.30807049  96.18372758 545.05594643]
 [602.75186805 675.99724341 367.02863222 511.26442309]]","[0.03352314 0.97408487 0.57620596 0.18496165 0.65951792 0.43787112
 0.12095231 0.28610644 0.00868974 0.93738927]",711,2025-03-03T22:43:19.069246
16,0.8077339113257559,"[[188.82051854 329.25480535 566.98730632 707.21274123]
 [ 16.6009288   23.34169191 487.19594277 172.5730154 ]
 [319.43497166 175.61458379  62.52761451  16.84202582]
 [474.9835811  557.69312069 789.01035343 434.07536678]
 [476.8553508  613.99392198 471.42538933 248.26373845]
 [299.57251072 629.80041901 642.54606187  15.39703898]
 [286.80277338 683.09203486 319.49417365 221.3675525 ]
 [ 50.58572256 725.94141121 147.37891807 465.40474822]
 [655.22579572 334.56633205 447.68657041 739.96771897]
 [  4.61887116 776.21520904 196.7666216  597.29185443]]","[0.25131264 0.90899737 0.43688585 0.1333122  0.47385977 0.24969711
 0.8304379  0.38258763 0.35110978 0.30637375]",712,2025-03-03T22:43:19.076256
20,0.8381054667163675,"[[719.2871277   89.86769745 440.61868748 292.19672305]
 [283.30796481 584.55632161 519.16219619 322.98816561]
 [726.10631795 687.02950112  14.57896586 240.510231  ]
 [172.32996024 109.3837788  798.45402995 604.71337815]
 [701.31668255 285.23365882 351.64320403 720.42535842]
 [540.33849569 131.7924905  436.60760806  20.53253345]
 [722.20417132 438.30081841 507.032633   165.39147421]
 [483.50379149 765.5243912   94.61324228 704.42668926]
 [675.21567128  33.58738198 234.36104175 782.57996515]
 [686.51404194 718.68782198 579.19625317 405.70984644]]","[0.73587179 0.95230207 0.76046889 0.55814668 0.20485068 0.23598606
 0.64855237 0.51232676 0.92449321 0.3412293 ]",713,2025-03-03T22:43:19.083261
15,0.8984649607911184,"[[515.14818555 290.96212268 583.37082697 234.98844784]
 [170.25592339 219.14960345 362.12867946 373.31417377]
 [397.0668657  519.10648354 500.18106654  29.27015411]
 [287.71290186 263.57361448  86.58298669 279.44238034]
 [ 23.00393569 354.01470383 713.97180141 309.03697133]
 [ 56.69416082 339.95741318 584.25243352 124.57921369]
 [611.05175173 704.36834728 483.02158765 625.6220539 ]
 [247.35319068 326.46000722 300.44919966 679.51817919]
 [706.8888429  207.57447344 428.96201565 246.21360187]
 [541.12460122 249.75547749  67.19864887 564.62296994]]","[0.84535985 0.94920045 0.88390386 0.73395913 0.67020234 0.59065787
 0.94296986 0.02341515 0.85309221 0.29359319]",714,2025-03-03T22:43:19.089257
12,0.8678627523143374,"[[698.16797824 176.96255693 465.82924189 309.17835339]
 [209.87694077 560.40321076 563.06050531 453.41512352]
 [140.0141137  137.34003816 389.27672124 483.95802678]
 [589.25180164  94.35318177 458.43933847 365.10066122]
 [270.61602882  70.67511207 757.70663996 279.89530067]
 [310.94490157  51.85873957 482.13491113 325.29075491]
 [431.74133144 107.68138398 752.45259637 431.95971586]
 [109.45493387 725.32143963  92.12194261 387.01906051]
 [461.54412489 554.40201828 223.86003789 690.71449852]
 [168.41293711 749.69581797 392.13855095  96.80063933]]","[0.03227055 0.38935916 0.53774273 0.71783756 0.94274369 0.07365756
 0.23326575 0.08992787 0.19067694 0.91769594]",715,2025-03-03T22:43:19.096277
26,0.919923728760323,"[[317.68284019 159.00660159 517.82638716 404.46486868]
 [594.0377515  243.10549254 337.48365547   9.09118783]
 [ 75.96979371 479.43486322 323.55254    425.70753647]
 [270.38794985 324.88206095 524.40503106 451.98752693]
 [225.59379075 298.77532665 431.08754825 432.0027057 ]
 [772.22671446 381.60820541 281.21381058 417.01651032]
 [641.90422691  74.23495556 466.48762387 575.19418718]
 [454.4133197  482.9900868  636.52142805 631.06680203]
 [682.92810343 389.63089857 257.28430856 729.41901864]
 [156.81021305 770.63415859  34.05375866 798.29138499]]","[0.5728769  0.99232819 0.7251594  0.84740568 0.10497262 0.42109573
 0.15531661 0.90956425 0.95767299 0.44772281]",716,2025-03-03T22:43:19.102280
13,0.8831049740501838,"[[653.35142923 144.11493754 199.19580991 431.74908717]
 [498.10943301 176.69394309 790.68331097 368.3909053 ]
 [657.88046404 143.32519978 467.4589164  795.27135794]
 [481.81341767 161.88138058 183.76716862 725.3135623 ]
 [499.09468371 189.16733509  68.47559587 205.42297061]
 [ 57.94961072 757.65892428 178.04156374   3.89725155]
 [706.8484524  529.49097979  56.92414406 145.30259962]
 [289.86206029 250.7790754  395.01708549 228.25368746]
 [587.73912332  48.41303714 748.219954   638.13697701]
 [464.25397314 135.97081711 683.9052776  709.73637867]]","[0.37638747 0.21007424 0.15878788 0.27599349 0.31576145 0.05774531
 0.73908181 0.60457415 0.02561398 0.47493876]",717,2025-03-03T22:43:19.108280
43,0.8202555109064561,"[[708.95913552 459.35794701 692.16129812 685.96526757]
 [260.09863973 271.18205658 245.95139719 646.68884445]
 [ 82.54386843 719.28442586 230.24424183 191.56998838]
 [431.96369673 583.75940169 432.43246469 706.06095388]
 [768.63172362 665.87996704 681.78776312  69.33162491]
 [ 33.73674206 704.06835677  83.27995117 631.28915852]
 [677.80925701 183.3387772  296.18267543 208.73014948]
 [773.66200638 345.27503249 225.58981931 758.2669335 ]
 [505.44379344 621.58350898  73.83981471 629.20573424]
 [241.30332861 701.72112379 705.7157579  765.86903532]]","[0.49839917 0.68128922 0.6144579  0.48223964 0.13028957 0.78156796
 0.99122085 0.81660395 0.03790239 0.28113285]",718,2025-03-03T22:43:19.113405
15,0.9026650230334673,"[[446.70313256 274.09950373 737.88019783 799.86014157]
 [484.42323062 405.26179974 182.21926893 613.85363426]
 [555.12315326 331.09383625 379.8791617  465.49633567]
 [733.34661373 258.07512702 652.48993292 433.63596008]
 [ 65.64657529 162.3113673  424.51096009 477.06976843]
 [103.28586307 355.38518414 163.55625169 599.53311979]
 [101.57405141 646.52149187 659.78076172 212.1594272 ]
 [ 58.28113281 688.80171682 633.23731032 617.88121889]
 [ 56.07684998 367.3511595  253.88481791 650.49950795]
 [262.90267727 479.74832859 743.40329158 647.36402544]]","[0.38026243 0.45754627 0.44379959 0.59868236 0.56608742 0.68479819
 0.95666227 0.37917693 0.77094511 0.09734984]",719,2025-03-03T22:43:19.119429
50,0.871387528603742,"[[6.75628065e+02 6.23889983e+02 2.74632670e+02 4.07675949e+02]
 [1.98499128e+02 6.70900103e+02 4.60559773e+02 2.75594803e+02]
 [3.87724943e+02 2.50658110e+02 1.10072486e+02 6.91301200e+02]
 [1.40235940e-02 6.59605992e+02 6.16581274e+02 6.87890677e+02]
 [7.72862190e+02 4.66589361e+01 6.68891470e+00 2.93703971e+02]
 [3.19207952e+02 4.37444401e+02 1.37753902e+02 7.17060353e+02]
 [4.36811642e+02 7.51530935e+02 4.60405299e+02 7.40561021e+02]
 [3.99268260e+02 6.67068641e+02 3.32955065e+02 6.14144255e+02]
 [2.46386411e+02 2.98250562e+02 6.22638654e+02 7.06951138e+02]
 [5.33777591e+02 3.44742500e+02 5.92675693e+02 3.74770111e+02]]","[0.32895709 0.22837191 0.84630032 0.28202349 0.45364344 0.67360929
 0.91252481 0.94503062 0.45583795 0.76099991]",720,2025-03-03T22:43:19.125492
50,0.9205073172902094,"[[616.62485635 177.38918394 311.13970911 208.03916154]
 [191.12738759 240.41332498 676.5114099  536.76773645]
 [240.0326203  377.28137202  30.18884795 140.54276843]
 [ 24.69146586 349.86401632 285.41575664 533.74684831]
 [687.39047923 296.97447799 197.77392344 228.04432604]
 [116.55040135 139.67131526 697.09890283 648.77522322]
 [160.10224065 221.58761725 551.01771436 378.2849866 ]
 [166.46034372 101.73701906 702.08682668 203.4404012 ]
 [ 26.58304618 510.42246088 350.04056185 774.02835718]
 [706.10530348 524.01126894 168.6038056   93.08256764]]","[0.03522943 0.82796482 0.67017963 0.68010697 0.49528009 0.98970351
 0.53641902 0.3104325  0.79917961 0.05801691]",721,2025-03-03T22:43:19.132458
35,0.9060260054408243,"[[361.61812529 678.32211044   3.08257455 586.69032214]
 [538.70508822 350.97379611 282.86974593 730.08005761]
 [214.41114261 778.50740134   1.73918455 169.52011646]
 [562.84028101  63.7676832   90.51850968 265.7033749 ]
 [198.70415099 533.87560599  61.96420041  74.75469657]
 [238.11531622 146.42516836 502.08077265 706.99997541]
 [147.34546251 738.8390202  452.13219782 180.56029391]
 [701.49433712  85.87267964 503.10502684 310.51462667]
 [ 32.44805101 302.79036633 137.33656317   7.63059257]
 [551.91445303   3.29729959 544.37844034 651.58378804]]","[0.63455298 0.40840459 0.02961835 0.2728232  0.13050383 0.20281632
 0.26721158 0.3056195  0.57985639 0.87667823]",722,2025-03-03T22:43:19.139632
25,0.8419238433037263,"[[772.64007635 106.46735565 783.98558613 398.6034763 ]
 [791.48526018 350.84541296 163.25905367 725.51786265]
 [709.77464344 203.52742147 130.16882819 397.24081934]
 [173.04389366 112.94643151 193.73962534 675.92098152]
 [791.67523159 400.53930829 769.60269918 376.78682356]
 [482.76295453 170.42560088 536.43165242 782.72397874]
 [259.47708641 539.1746107  651.61537885  48.30121725]
 [540.05238547 195.85413049 778.50888956  32.58947451]
 [303.99304951 784.12763256  19.24470147 517.90937203]
 [368.43816949 446.3008367  400.16448911 225.04167885]]","[0.57586079 0.92185209 0.02721526 0.89191332 0.51553014 0.09101691
 0.01778748 0.94099295 0.81183056 0.04104347]",723,2025-03-03T22:43:19.146224
13,0.8826718617033035,"[[528.95255782 110.56095829 567.48879259 684.2845806 ]
 [243.53927706 713.65305394 545.33416569 415.51914055]
 [ 40.59483534 753.87260856 112.50451493   7.90496031]
 [360.04797958 508.76057251 289.28788449 559.34598831]
 [617.76624466 480.05399869  43.93111273 555.75086025]
 [634.07178816 222.34737055 722.71878262 628.70497899]
 [ 92.12378767 319.30508662 550.07787131 275.71933738]
 [378.102859   451.5849219  534.99791723 635.08178591]
 [429.531468   159.91163039 490.92395617 471.57542356]
 [515.2651671  226.8381242  344.47166965 579.68429015]]","[0.51793937 0.93639933 0.05719078 0.24908575 0.96766235 0.43388635
 0.77296508 0.69504648 0.33607391 0.4980618 ]",724,2025-03-03T22:43:19.154805
40,0.8179200709950591,"[[226.29948993 665.54545033 156.05000544 607.10969134]
 [189.02400917 142.97316056 700.56977312  98.17405395]
 [254.52602574 226.89972979 634.5330469  685.04099058]
 [535.83618461 346.59072637 670.9436947  533.43208678]
 [497.84532328 466.83691673 432.81541891 600.70208068]
 [599.22603855 360.3017094  260.18000778 257.65443328]
 [465.39833074 316.34334366 446.27432268 262.0569662 ]
 [619.31932887 689.25863966 502.522309   625.6397014 ]
 [187.17894309 530.36230011 725.01820011 725.23613609]
 [240.00979058 438.27093663 317.21613891 146.93963574]]","[0.03303614 0.49144978 0.19651738 0.33194483 0.04097196 0.27913027
 0.4009808  0.4854431  0.59607047 0.90426003]",725,2025-03-03T22:43:19.161940
17,0.9216460759035373,"[[472.65103416 363.58250633 318.16416618 551.48609868]
 [409.86703446 592.4890351  522.0048139  696.69930572]
 [483.14857768 351.48002631  96.83653478  80.08622141]
 [479.69805422 245.91677846 795.50509929 646.66441767]
 [204.14649906 495.65020317 413.0513727  197.27367891]
 [415.64979108 647.10572122 126.43100459  13.1054516 ]
 [722.74225754 611.63890131 113.04481045 735.93426618]
 [384.31637057 249.98630656 112.06229291  91.37203273]
 [ 21.70128779 339.74715032 670.58237069 625.79910236]
 [568.77899893 686.67151089 672.17245569 460.90009913]]","[0.78909472 0.466113   0.55043911 0.89416467 0.85171942 0.73615742
 0.2370119  0.12481603 0.61482461 0.81259444]",726,2025-03-03T22:43:19.167359
41,0.8443139582622601,"[[530.64291296 382.86882864 704.87446941 121.74871847]
 [733.36909645 443.99010801 600.5457463  563.14356055]
 [248.9646784  435.01746064 586.17864102  10.98247891]
 [676.157432   540.31877542 434.76692907 314.66917955]
 [760.01361148 524.33586599 505.00540977 508.76706415]
 [654.28104988 558.68608584  81.16994459  37.40269471]
 [ 12.05116769 588.3097552  421.06699856 132.57765561]
 [789.25961439 194.46843036 225.48132698 318.90831695]
 [642.72531946 651.27757052 308.4685847  601.80085757]
 [283.46441787 163.9920108  347.81342265  58.86801199]]","[0.08994983 0.85470764 0.27043652 0.26302069 0.77057225 0.08936124
 0.71708626 0.07388831 0.63463402 0.34145602]",727,2025-03-03T22:43:19.175902
30,0.9205488521921147,"[[647.18253798 391.19238577 500.52752153 273.56304435]
 [232.48778742 305.86348317 701.21810677 614.61023856]
 [196.67932578 544.28254698 170.08720394 607.79518264]
 [190.67674558 654.41819001 378.23609136 799.07901985]
 [619.70827754 154.53238564 262.93474777 151.62488631]
 [522.1292346  352.10426198 726.60326036 325.92177505]
 [776.63901999 585.19845674 522.97075472 318.11320503]
 [197.26142403 179.516245   296.05857029 492.64947988]
 [325.86788053 326.93958819 446.55351186 163.86135542]
 [778.07595989 286.06367701 642.49324115 518.16662703]]","[0.48874653 0.50735848 0.97851894 0.16952777 0.1631567  0.46235026
 0.62461447 0.24909067 0.51910802 0.84811   ]",728,2025-03-03T22:43:19.182073
36,0.8363862761929632,"[[571.64877501 396.39759045 758.78156982 130.40966905]
 [314.2097782  173.96148852 681.69849526 475.24888739]
 [703.46841879  65.87733674 177.07480542  66.81068522]
 [308.45057539  38.64425988 765.92324913 541.0753777 ]
 [ 23.60093095 152.63814959 659.3196893  671.89745585]
 [787.79495852  41.35459627 687.96852282 744.35338196]
 [385.30653126 697.41279467 541.58014636 407.63636159]
 [670.31906028 310.47916726 128.63624522 151.99181663]
 [620.3733868  321.60386108 740.4649736   79.44466981]
 [110.90254106   7.46889077 253.44565498 528.7750779 ]]","[0.85962142 0.74766245 0.08319088 0.70194971 0.62165557 0.62902318
 0.82163323 0.71502452 0.4646425  0.48027758]",729,2025-03-03T22:43:19.187829
15,0.9288541908281001,"[[137.34577562 538.93952517 410.77924093 778.36170043]
 [609.58422111 280.65065139  53.64707687 471.41626115]
 [131.2225471  216.34334287 109.68976894 157.79354627]
 [393.15005639 329.13058005 584.91819268 340.64331598]
 [320.26348658 439.64922579 124.8647285  399.23338   ]
 [373.41743712 622.38313431 112.98487109 165.11328484]
 [183.63763236 625.21664798 739.20636347 536.88073149]
 [280.13253191 564.80407177  46.64576774 732.7928733 ]
 [466.76473128 456.25623838 450.31216031  10.99404414]
 [792.49442182 142.48582616 717.25719261 259.50210217]]","[0.53351399 0.0101048  0.99903265 0.31330547 0.17258965 0.18749335
 0.67096719 0.68758774 0.44041194 0.04881156]",730,2025-03-03T22:43:19.194675
23,0.8372968452532743,"[[471.73646869 636.43614954 705.50955802   5.58143385]
 [554.51042344 587.59976446 659.03994406 266.24543512]
 [393.64346331 167.41318439 576.96587996 648.37396652]
 [667.70726507 634.44699314 354.90094032 704.9514001 ]
 [323.07241332  24.01168072   5.38666896 647.14343732]
 [ 73.90305376 172.16564874 567.63109152 663.5145249 ]
 [266.51814118 694.08447683 345.42408358 321.84868514]
 [130.64331835   6.0821431  323.7805625  793.31311171]
 [384.50041759  46.53268597 378.97427672 730.31158898]
 [442.42577996 404.00011006 613.03449973 575.22865798]]","[0.11469937 0.65068341 0.46987268 0.22639454 0.3998704  0.05347521
 0.03524292 0.88298857 0.10445615 0.29525253]",731,2025-03-03T22:43:19.201682
12,0.8050449579649949,"[[ 71.2841329  189.5433325  744.6105898  655.67815416]
 [ 30.63256759 414.97319363 123.38678027 762.03692854]
 [538.15198238 654.2351079  149.5755561   26.3988308 ]
 [ 29.05805721 333.27951044 197.9370888  457.49062104]
 [360.0207864  479.68532067 316.47340921 292.8030865 ]
 [121.61160722 739.37500402 342.52354037 339.16048069]
 [302.01244093 237.28928155 685.51305734 474.56860408]
 [365.50488518 785.07557723 446.77540676 160.94953859]
 [701.2191048  459.61329465 329.54865975 183.73951626]
 [404.68591325 270.72525648 754.50237211 662.66112814]]","[0.37668007 0.07302716 0.6839757  0.81474185 0.5292434  0.54349272
 0.75135457 0.35370762 0.90465283 0.77472006]",732,2025-03-03T22:43:19.209183
50,0.8295551494315292,"[[470.81968657 507.19396644 304.67251629  58.63096886]
 [573.4966006  207.52386624 168.40933057 425.26580831]
 [542.82326468 189.3833684  301.92491834 333.87083465]
 [185.59298549 650.05500417 455.12459429 684.63534798]
 [437.95842758 612.31994356  59.19106778 564.92812066]
 [170.00464718 387.31505885 187.68545861 140.7072008 ]
 [234.23579178 717.10465512 461.87812119 768.24861851]
 [623.83646764 143.62769089 287.566392   269.55394781]
 [172.08000626  38.36164337 726.33925786 256.48404583]
 [323.84687602 342.76339934 127.91181969 341.15015986]]","[0.15453933 0.13818665 0.10747299 0.32747436 0.83175718 0.9021138
 0.1579758  0.36781299 0.28450089 0.56456965]",733,2025-03-03T22:43:19.216277
40,0.9140335572724382,"[[ 81.8117999  164.16665063   2.08731624 460.96300038]
 [598.06992126   7.6001658  433.5892449  775.59650664]
 [471.81465962 135.73371584 632.84815266 554.19908735]
 [594.29006815 471.41316461   7.83965498 155.22379932]
 [716.33745476  88.46990761 411.03214773 245.61004157]
 [758.14313077 609.26592387 301.70696593 411.03680913]
 [205.13558197  10.52723534 787.51125534 404.66352327]
 [145.37007742 334.56190879 701.46443577 319.78916441]
 [609.80643898 633.16815684 538.24119907 287.93921708]
 [524.11315463 693.13547047 465.56796426 658.25276794]]","[0.38943676 0.52714356 0.14493046 0.36332657 0.10613559 0.83657996
 0.46633474 0.06462305 0.4962689  0.58105752]",734,2025-03-03T22:43:19.224166
16,0.9299437345787466,"[[514.22888802 396.45126615 232.25589291 255.2515358 ]
 [529.99675576 371.06273188 105.64247253  89.36523576]
 [707.16155398  69.66671042  92.47630928 737.03408539]
 [ 73.45611759 373.374266   481.36353544 681.59477619]
 [303.57464736 751.44610855 305.96655064 180.15891335]
 [724.58077145  33.27112244 252.98394896 666.54518836]
 [709.19366601  66.04390097 588.41479345 420.00721005]
 [493.56154844  26.98293052 218.21193442 199.96571702]
 [359.74319789 459.66847757 509.00999106 420.6333677 ]
 [520.34546138 691.676013   762.8944228  275.41666504]]","[0.7036047  0.0884066  0.53254708 0.22698536 0.14587963 0.77701379
 0.35372372 0.8626488  0.55307984 0.98957241]",735,2025-03-03T22:43:19.231268
29,0.8192527553553511,"[[159.6865224  405.44178146  34.1312649  394.39631021]
 [111.23887033 424.33070413  84.65271148 176.99860664]
 [ 86.12162909 254.42626233 240.76677307 403.77670353]
 [  2.00862869 766.19210849 655.81308103 661.89164349]
 [101.93205227 672.37397722 291.1912593  572.48356697]
 [662.84688743 304.22022304  58.70655178 245.51107922]
 [216.790614   156.54941117 306.78494741 333.93221318]
 [162.99923184 608.75855474 507.31691182  13.22713383]
 [ 15.06307798 760.22618279 134.90611771 467.05014286]
 [651.27614024  38.55892073 187.30374953 357.79012811]]","[0.85454022 0.43403902 0.62771036 0.89634875 0.3955845  0.15269612
 0.68956311 0.03751529 0.52568565 0.80834834]",736,2025-03-03T22:43:19.238698
35,0.9200674945465912,"[[632.44651558 793.4014687  131.77924609 191.98325673]
 [781.8208981  695.3435601  525.13428001 790.88218825]
 [ 77.69736596 540.72753114 289.51722668 183.25966329]
 [706.80710743 384.90412723 436.09648366 118.34012611]
 [424.47780175 408.49614527 620.70360963 228.85937812]
 [176.930278   658.81742318 358.35293405 705.36626205]
 [289.52469219 100.01263314 480.55129023 293.94267531]
 [581.29662691 193.73700275 550.53886794 686.55607071]
 [238.95119211 716.93152733 325.75724662 694.16771161]
 [370.99809698 297.31170334 562.36441487 306.86089383]]","[0.58353856 0.39456521 0.77218821 0.10399428 0.38528733 0.28881164
 0.30263321 0.87287465 0.82057708 0.47366804]",737,2025-03-03T22:43:19.245480
29,0.8373808170001672,"[[ 41.5442731  466.51641801  14.83000075 514.39428513]
 [676.6041087  315.59954594  74.92230123 416.9811421 ]
 [732.07942644 375.54601502 614.40716098 579.24096919]
 [419.6262247  635.42633483 605.19095356 688.51104691]
 [530.5714706  326.52548405 270.89517065 734.64753386]
 [318.76706357 766.93191494 187.4022854  355.93824235]
 [435.08544899 513.13474196 202.28877099 416.78424648]
 [467.78904752 184.06204223 221.93960572 257.75989289]
 [331.79646344 165.76145351 175.65393549 595.37315043]
 [153.07473954 477.57578205 646.57601448 750.31137755]]","[0.54075699 0.59995368 0.48106478 0.67734175 0.4641316  0.38747728
 0.53044546 0.40206143 0.40425343 0.45395854]",738,2025-03-03T22:43:19.251320
19,0.936476862622644,"[[749.71127587 139.5099476  353.37615465 463.37211441]
 [748.8346373  164.79203999 328.81792206 289.52161933]
 [579.06637029  28.5854585  243.74733711 210.1909712 ]
 [540.00709823 148.12490161 701.2896739  469.44562211]
 [ 48.8658186  265.6121145   76.9126611   78.85441345]
 [564.77234236 465.47585184 363.44292883 487.2662843 ]
 [ 57.28161836 721.97109122 329.77518485   5.40991488]
 [589.34429015 615.76128008 400.20679429 363.06306668]
 [715.59740516 450.72549043  14.48212346 387.04728943]
 [196.21228557  92.91629437 227.10071561  70.20352702]]","[0.16784973 0.80546745 0.43973731 0.044372   0.4891925  0.09041282
 0.78071858 0.02036847 0.99254222 0.47481281]",739,2025-03-03T22:43:19.256998
33,0.8838479474924449,"[[224.50519094 479.54034637 609.18416285 746.28466893]
 [325.13318401  22.7446025   27.82698191 424.28790994]
 [696.43455861 619.85790501 589.04826766   7.61720122]
 [728.16524794 658.72272598 138.2503669  245.2931616 ]
 [389.10139805 362.46111707 701.73925931 156.1285919 ]
 [532.80050609 354.00192572 687.86467576 351.45870189]
 [515.08207039 659.69846222 369.92973149 485.57011688]
 [796.72897491 471.12169978 230.28952276 576.76638793]
 [581.69001532 788.3371803  643.03756807 137.38834717]
 [109.37655349 553.17038138 490.89105978 220.04059125]]","[0.86383406 0.83377202 0.46028996 0.88246944 0.61438943 0.99782663
 0.62149782 0.92613159 0.02256607 0.89200791]",740,2025-03-03T22:43:19.264348
50,0.8916937989099076,"[[  2.58418748 380.73436901 454.42219566 787.07841067]
 [ 19.14413386 153.1116839  294.7113241  172.17351363]
 [321.94211795  30.80588841 310.58176929 777.53238823]
 [347.89146807 724.95821148 624.69010699 605.56070347]
 [ 92.05301575  69.70414345 156.24509493 635.61420918]
 [670.74373618   7.87407493 532.48387298  14.40495438]
 [ 11.15919064  90.50789657 613.36574627 617.22764344]
 [605.52517203 507.64577381 516.29534637  13.75416503]
 [102.72051209 684.24853643 388.63682984 253.45327941]
 [ 40.30730015 615.67572219 516.07918213 305.23144504]]","[0.782592   0.32702158 0.83144628 0.95175147 0.43719933 0.60152867
 0.19507941 0.75382805 0.48733413 0.32751255]",741,2025-03-03T22:43:19.271350
36,0.8812414956101482,"[[429.8641801  339.54645014 687.2584726  494.12817734]
 [540.53538438 499.74909249 141.44004367 362.88423463]
 [382.00444936  67.48251957 570.82763735 573.55888848]
 [789.8101351  659.75371491 447.11444113 148.19526392]
 [608.37718976 479.64637971 217.05666984 424.35944253]
 [460.92646651 362.81756331 371.94312816 169.84875933]
 [148.95180832 194.17930705 593.24532862 145.86303134]
 [306.27576542 211.65352581 496.55685518 422.83452659]
 [515.58722348 749.84100099 180.14205168 671.976861  ]
 [299.83496151 696.05635704 778.95866148 122.63919776]]","[0.40393234 0.91812981 0.04365043 0.32484621 0.96014674 0.74288452
 0.50482681 0.91068228 0.12186064 0.14830826]",742,2025-03-03T22:43:19.278557
24,0.8323152838083345,"[[275.83215455 614.94728593 491.75420381 551.78959942]
 [387.73336103 227.41671844 234.77683836 534.59252973]
 [ 77.12850692 686.15950328 676.72773505 769.7668639 ]
 [ 83.3526869  444.9465019  323.86400459 442.05895681]
 [256.08569532 606.38918505 141.04124991 656.25008133]
 [262.89798842 428.8647827  267.40824288  79.1749636 ]
 [625.66137989 396.70258766  22.89295884 372.69891658]
 [141.69856903 668.21691399 760.27344714 279.16856546]
 [273.99020281  19.51651344 654.206503   620.59016487]
 [183.99065158 108.46604808 389.50980165 423.97329705]]","[0.15745802 0.99988479 0.69754057 0.03337165 0.76383433 0.0156018
 0.55028744 0.8047863  0.63865696 0.11296065]",743,2025-03-03T22:43:19.285259
13,0.8056832144085765,"[[5.37090373e+02 4.40606193e+02 1.05218197e+02 3.26475707e+02]
 [2.42894194e+02 1.47004952e+02 5.92843918e+02 4.46747656e+02]
 [6.76743558e+02 2.00695748e+02 4.71008668e+02 3.15652819e+02]
 [2.73358466e+02 4.41054611e+02 5.01523947e+02 3.98817562e+02]
 [6.17910833e+01 2.63276050e+02 3.36545532e+02 6.24863967e+02]
 [2.37896997e+02 3.96000597e+02 4.94052327e+02 3.85272199e+02]
 [6.56258079e+02 7.29418329e+02 1.67469000e+02 2.94560515e+02]
 [2.53709174e+01 5.73970111e+02 1.25596306e+02 1.04335587e+02]
 [1.59320312e-02 7.04716982e+01 3.20815529e+02 2.61413817e+02]
 [1.87709574e+02 9.63652613e+00 5.53886162e+02 2.82740651e+02]]","[0.95805231 0.89060931 0.73631333 0.19062273 0.75840887 0.76543954
 0.11604451 0.56976252 0.42164965 0.99853299]",744,2025-03-03T22:43:19.291562
28,0.8090722301033347,"[[3.51370773e+02 7.84871687e+01 2.77165100e+02 5.40174906e+02]
 [5.94873868e+02 5.17186376e+02 1.76523591e+02 2.26631373e+02]
 [6.13175916e+02 7.57774915e+02 2.48960738e+02 5.57847476e+02]
 [8.26025552e-02 5.84880064e+02 1.13814131e+02 5.42692019e+02]
 [4.36156258e+02 2.80249210e+02 3.74474778e+02 6.21011528e+02]
 [6.49925910e+02 3.40931026e+02 2.84294262e+02 1.21953102e+02]
 [2.17154010e+02 7.96242596e+02 4.91488559e+02 6.03972114e+02]
 [7.02879924e+02 7.39866488e+02 6.68369315e+02 3.93527878e+02]
 [5.58332357e+02 7.84217071e+02 3.91009535e+02 5.56899548e+02]
 [2.46388880e+02 3.43074822e+01 9.26673336e+01 2.52836691e+02]]","[0.97038342 0.15943714 0.50776549 0.3225493  0.9633236  0.38146288
 0.26473264 0.16632171 0.71528915 0.74729163]",745,2025-03-03T22:43:19.297482
26,0.8863274382135488,"[[139.81198016 278.14093393 117.04725884 380.32942672]
 [353.56814422 574.45298522 152.53966757 691.68107384]
 [382.77534267 235.53123112 565.6032499  546.9600295 ]
 [166.42101918 685.8597899  593.42610031 391.64430093]
 [176.49065904  38.57227051 407.44602405 364.88781604]
 [274.80039973  52.72046393 444.78924687 493.36081409]
 [375.28430599  24.95245223  79.02295075 369.18896166]
 [459.75848699 433.28669567  62.86836471 391.40146519]
 [650.12754506 436.10055236 657.59571884 657.68648121]
 [295.31531447 515.36162258 343.77621754 589.89227376]]","[0.96870598 0.43699058 0.93033769 0.84440752 0.95287628 0.50552487
 0.92511858 0.9200925  0.15631632 0.44570046]",746,2025-03-03T22:43:19.304806
11,0.9225285227946116,"[[569.72834928 740.89642822 549.93650106 153.90263762]
 [231.18361866 610.97030224 691.91740776 574.71653544]
 [799.15356337 685.756123   618.50962955 146.14243943]
 [436.70804647 167.43389675 219.24087356 415.02728934]
 [344.23820131 285.41807048 663.92361123 284.64396815]
 [ 64.19411234 287.17676891 789.56845737 527.33446141]
 [458.22327085 385.76197533 525.82014506  21.19671248]
 [664.02181662 620.99712146 358.04513528  22.95462348]
 [152.73285369 772.17320463 480.11411752 186.48960788]
 [420.89879506 190.75302764 151.92160501 334.66398849]]","[0.08612281 0.93086237 0.09818582 0.52206932 0.83748313 0.49574041
 0.01530659 0.43378931 0.69408202 0.51760264]",747,2025-03-03T22:43:19.311027
11,0.892399437438408,"[[112.91369705 458.28075791 392.47320067 667.9132826 ]
 [764.69555863 276.61351726 330.93854231 684.49853612]
 [480.67134298  27.09936698 687.15777528 518.49993023]
 [256.1315583  776.10933977 472.23901104 296.11708573]
 [671.81724792 579.91710366  35.52558999 277.40229688]
 [446.20723669 344.41146673 634.3002406  166.71109627]
 [538.67199083 475.83363249 761.78173168 460.9042101 ]
 [549.08039795 281.09545991 583.26580076 220.74245138]
 [542.24444069 384.28714891 793.26203765 794.94565983]
 [278.42041474 372.99428925 691.37835379 742.11284797]]","[0.08086749 0.41325311 0.54252139 0.36558838 0.32589154 0.73901708
 0.07566643 0.68280009 0.90035005 0.29850144]",748,2025-03-03T22:43:19.317196
27,0.9315567369884835,"[[510.16085746 275.40580366  80.91598095 343.65690921]
 [327.02098034 655.27219612  69.38723304 502.55189728]
 [194.47377183 617.22507178 136.63573874 537.5109916 ]
 [617.02790631 576.8769895   80.27843939 797.25889138]
 [365.86028738 712.37366029 373.15471865 334.41324846]
 [735.75292508 745.62439315 425.52976442 719.20349978]
 [736.31147569 279.40843795 486.12700156 414.9752244 ]
 [707.21902856 238.05686967 622.8819406  744.09147898]
 [796.8195509  166.54142737  62.23467523  50.44307775]
 [328.10083271 446.24227651 753.09826631 436.92594514]]","[0.43128143 0.73527602 0.42940448 0.51734857 0.42893995 0.66452183
 0.31943257 0.10397325 0.92256853 0.36504369]",749,2025-03-03T22:43:19.323545
44,0.8673216889465366,"[[235.46287341  32.24446085 413.40453744  79.27995062]
 [712.28480626 414.11524318 466.08334597 386.52244334]
 [242.59704328 386.90973022 597.89310791  99.34020812]
 [453.2253752  591.70105048 517.38997898 759.31267805]
 [426.37032213 349.56921411 591.79172441 282.18700725]
 [263.56473285 686.85594881 477.35831401 766.90829077]
 [ 60.16887123 108.86759536 565.42678182 588.61516514]
 [799.21076269 112.78677275 299.80810314 482.45694191]
 [764.24310485 788.74141653 618.71399551 180.80185712]
 [412.65067407 265.45164165  80.5384159  189.19264976]]","[0.22416949 0.36769392 0.02965218 0.27236586 0.56107224 0.36203228
 0.33618328 0.31129053 0.72410674 0.28048358]",750,2025-03-03T22:43:19.330239
36,0.8798998108120074,"[[419.4112987  752.3517466  454.36334856  76.67970489]
 [409.94182959 637.04984427 255.23279922 268.78466938]
 [241.56145227 665.11250406 672.09799272 359.77079566]
 [180.360543    65.8718931  330.28762873 198.42201491]
 [708.70885916 456.6419499  547.35467604 548.13905452]
 [133.01687058 574.96200251 302.30753108 307.01805616]
 [662.14741947 361.90755217 538.30575515 389.28799838]
 [564.3621809  195.40845796 661.23873976  30.51598424]
 [724.29226764 444.72244218 141.27539032 704.18887605]
 [ 94.60582459 286.38928303 485.59810292 396.32505243]]","[0.52774239 0.82379103 0.65138611 0.12204293 0.62299626 0.84422394
 0.6896452  0.19339703 0.25344411 0.14229755]",751,2025-03-03T22:43:19.336772
12,0.9076879488878001,"[[513.86265239 524.52985402  95.62500441 630.22829866]
 [248.83968483   8.72366544 559.36392186 138.30977035]
 [207.84148106 338.6238046  394.92470607 332.59336471]
 [104.23441177  65.35915867 301.40233192 325.29951595]
 [ 37.85128058 446.15974866 109.22992807 766.63969998]
 [722.45942149 779.02326196  16.10723368 603.59243833]
 [232.50692217  54.32724086 125.82398231 313.12573416]
 [ 49.89571904 326.550739   694.54959108 102.96770013]
 [251.00539836 647.60113897 780.10634843 678.52784706]
 [446.59418313 780.06195033 216.98904468 170.10921836]]","[0.33438822 0.92701067 0.20757921 0.75312612 0.61234946 0.96957512
 0.97794691 0.74657403 0.89466648 0.87130803]",752,2025-03-03T22:43:19.346073
30,0.8059430695766251,"[[761.99306318 370.79119333 293.47200277 224.31091234]
 [688.09085683 564.43662889 524.9432366  781.43429637]
 [334.4057986  401.21997014 287.19945459 287.42992093]
 [660.91057403 341.75656476 630.64068366 401.76809085]
 [ 92.69639768 715.07800846 680.30593566 777.02877946]
 [689.85751596 657.49673595 496.93663033 723.65287955]
 [316.11594636 447.74849904 469.32558894 108.70756803]
 [ 57.60250759 450.26401365 503.48685958 552.53465377]
 [ 24.39551124 509.42292391 419.53540281 582.8204957 ]
 [561.31582893 694.38459955 747.68133393 567.13924899]]","[0.68302313 0.71026151 0.86228308 0.3176397  0.33478961 0.99091157
 0.68164998 0.11860422 0.01234369 0.82019973]",753,2025-03-03T22:43:19.353668
38,0.8856913672483528,"[[351.27923297   7.46659013  89.79962384 744.8138719 ]
 [ 51.24310514 434.42513732  93.78942292 526.4250286 ]
 [ 84.3286939  568.49791871 126.45005111 519.86930266]
 [288.76012798 342.48000456 656.8912188  412.38654024]
 [624.51492195 639.71037295 453.7108656  683.9588569 ]
 [489.56127663 460.62449705  31.97387773  61.77460011]
 [405.85273198 108.01392165 692.51811755 625.97094372]
 [240.54801914 432.5185693  146.88808245 102.59807491]
 [339.37283316 604.28913139 240.0526694  412.56895421]
 [ 12.72800518 787.7146104  178.36854929 479.2571698 ]]","[0.26292739 0.20630169 0.4338176  0.27545911 0.48837982 0.11835933
 0.40659093 0.17995405 0.01434451 0.58617809]",754,2025-03-03T22:43:19.361686
10,0.8322006119440147,"[[693.51770378 177.46071994 220.1300498  722.83793004]
 [751.3506157  546.2057085  151.99630298 327.80174915]
 [ 74.55021868 459.00916197  58.10135279 509.38764805]
 [214.74185166 372.23086026 257.89757444 145.49339381]
 [ 40.78657292 706.72089971 578.03552963 218.55608396]
 [537.10859722 470.99160816 427.59994099 354.20564976]
 [279.1136252  285.74302547 318.7240845  469.6614726 ]
 [751.95999859 733.47212333 253.9882391  648.02542577]
 [501.72826699 527.54727325 260.81386353 702.700981  ]
 [475.05271081 359.12240306 237.42025178 380.81976956]]","[0.39587265 0.53105286 0.00217722 0.58789892 0.65157128 0.05290033
 0.16028175 0.26585699 0.36751023 0.1574028 ]",755,2025-03-03T22:43:19.368684
15,0.8959052239425711,"[[122.70480035 560.13454095 741.66926099 788.5466384 ]
 [663.73372808 107.75387241 278.61287489 149.38264539]
 [271.39521684  55.40179101 553.67455892 633.20396755]
 [724.91462886 656.36238165 162.14987304  83.930128  ]
 [610.95659688 111.18986172 729.53432609 767.7034797 ]
 [170.32022059 461.62657535 761.36751578 346.20831497]
 [312.50227663 184.55064204 611.24935977 784.31110635]
 [647.59227235   6.98432723 742.63210135 759.25234032]
 [127.28635868   5.71800423 554.09731578 619.95647177]
 [493.71806686 593.18196724  14.58240154 762.31542709]]","[0.45611279 0.23029801 0.89222762 0.90386966 0.24494639 0.95635268
 0.82151112 0.50297218 0.32920615 0.61931608]",756,2025-03-03T22:43:19.376685
23,0.9260190415531165,"[[713.73645278 180.49611864 478.9905161  203.2892901 ]
 [623.95276097 650.87308894 674.266864   196.76096385]
 [224.84503463 522.7129907  729.22589912 714.56620682]
 [391.13098652 326.02414098 233.62631763 361.53522505]
 [418.22251102 790.41512687 673.1230781  661.37103129]
 [688.10272506  16.43195099  96.16222771 109.19247034]
 [605.57671795 750.09234862 229.68111121 514.94101454]
 [645.01952835 240.97683458  48.30627109 771.11419164]
 [175.74637396 187.57690689 447.14941971 296.19420096]
 [517.14720306 566.03392085 320.69734187 580.9439672 ]]","[0.78212459 0.95181472 0.86681466 0.63746114 0.19154929 0.20704021
 0.56145294 0.56686279 0.06392395 0.4331438 ]",757,2025-03-03T22:43:19.385036
34,0.8623217777826733,"[[154.11459554 134.40688877 396.36266691 702.81779691]
 [611.18823779 426.27299297  83.06901816 575.20775853]
 [456.95102629 423.86276424 441.29854445 639.31946994]
 [452.17580082 617.75737203  65.14548168 446.57183531]
 [318.66210626 323.02760362 211.03704083 681.58858283]
 [649.1179789  545.24822727 487.77004135 793.96440605]
 [770.82985868 162.0520129  339.73134631  21.85736225]
 [137.91502515 509.75715461 193.32788041 535.57543039]
 [161.68957708 403.6268024  695.8353772  439.95710327]
 [654.34249473 384.79666802 738.23603141 541.68703517]]","[0.9192455  0.86254348 0.47641217 0.90509253 0.22409528 0.69775979
 0.67182489 0.74999322 0.76271483 0.85488261]",758,2025-03-03T22:43:19.394438
43,0.8676013644064937,"[[586.87561471 744.67350067 416.00096509 599.57910342]
 [525.30407827 655.97559613 713.94304652 108.51218651]
 [ 61.6106913  307.04342838 731.1079027  642.20161239]
 [633.61831141 551.73181741 113.12561373 167.44799544]
 [186.93383637 665.95455747 496.58213594 753.17917308]
 [238.28709825 615.79413503 205.55248927  21.38120102]
 [ 20.19644863 214.44633768 171.85168996 476.70696637]
 [591.45896786 282.59578899 550.63896725 211.92478454]
 [395.41337773 612.29740933 112.2182166  341.11189815]
 [370.57647901 796.26777835 716.5163498  630.33944563]]","[0.43520313 0.99009905 0.62628375 0.86338002 0.64520625 0.32901844
 0.67474324 0.40433104 0.67817452 0.92686772]",759,2025-03-03T22:43:19.401451
47,0.8916793040752862,"[[4.57469729e+00 7.33071091e+02 5.77984321e+02 4.31950283e+02]
 [1.64848156e+02 5.37932268e+02 5.64276889e+02 5.18382744e+02]
 [6.67400623e+02 2.95204177e+02 6.17433464e+02 6.17376511e+02]
 [7.26451685e+02 5.74844674e+02 5.10038742e+02 6.46770290e+02]
 [1.32501959e-01 3.46111680e+02 6.34966763e+02 2.59025864e+02]
 [3.58853830e+02 8.08595791e+01 2.72241948e+02 3.90488781e+02]
 [6.09049986e+02 6.86045497e+02 3.30131235e+02 7.38027222e+02]
 [5.38316836e+02 7.44580509e+02 4.51638451e+02 5.65283120e+02]
 [1.56448643e+02 5.86743150e+02 9.35823782e+01 1.22524218e+02]
 [1.77553072e+02 9.09334335e+01 2.77002416e+02 3.80232266e+02]]","[0.68779375 0.93260456 0.39844819 0.898622   0.76859748 0.72551842
 0.73839029 0.75528041 0.93896364 0.55336701]",760,2025-03-03T22:43:19.407657
26,0.8680704625407514,"[[5.07627726e+01 7.40667138e+00 2.20556195e+02 7.55566531e+02]
 [2.32000427e+02 6.74842117e+01 7.89056101e+02 2.49533207e+02]
 [3.81554284e+02 4.27654132e+02 3.34235953e+02 6.21536496e+01]
 [7.49064756e+01 4.05876612e-01 7.92221900e+02 3.91796690e+02]
 [1.30658781e+02 2.78020172e+02 7.58480596e+02 5.30404452e+02]
 [3.53830472e+02 7.17454662e+02 7.98177937e+02 4.28913830e+02]
 [3.78531166e+01 3.18571861e+01 5.30364568e+02 5.46461958e+01]
 [6.27971683e+01 2.16727205e+02 4.80210850e+02 4.04591531e+02]
 [4.07886382e+02 1.58900304e+02 3.22175226e+02 6.16330359e+01]
 [5.94622947e+02 1.37455075e+02 3.29042561e+02 3.29183158e+02]]","[0.96222144 0.70809479 0.27108273 0.73480097 0.82865063 0.94940443
 0.27096451 0.2314897  0.73856627 0.83189573]",761,2025-03-03T22:43:19.416020
16,0.8511978468556942,"[[146.54760301  22.97606427 510.29239013 786.23497094]
 [704.22133845  23.06662487 356.18594697 490.61415924]
 [559.50226406 573.30431293 656.56080416 725.43171828]
 [345.43768179 742.0431245   15.95767638 758.75472839]
 [798.06595078 599.63466312 125.53166113 386.42870969]
 [731.01534753 610.37190902 696.79287781 201.27708103]
 [582.5554989  434.89325809 209.59080438 272.69308031]
 [231.78108335 103.71049024  19.42788942 427.09348159]
 [688.27818894 760.45466607   2.50855978 710.43036585]
 [638.67541978 430.61280734 577.36144067 794.62183946]]","[0.53962105 0.92917247 0.92352341 0.12888119 0.05731041 0.41192494
 0.44967756 0.65154868 0.15084194 0.14051865]",762,2025-03-03T22:43:19.424024
18,0.9301193985278992,"[[675.82487104 110.51089515 368.83644544 402.09347475]
 [798.95632288 775.3046615  768.05399163 352.53267617]
 [579.10270189 218.56433969 747.86015811 520.60140302]
 [ 19.63008804 371.29053955 736.40674271 174.0073913 ]
 [478.03254271 512.59679658 373.28497218  67.36086979]
 [ 24.41625276 569.91516125 452.52159039 464.19958597]
 [139.16644262 744.4867796  213.4009666  675.95964148]
 [462.06249297  39.8865754  228.38889435 614.53618459]
 [545.21292861 453.73513173 539.72757778  79.55289378]
 [473.91670398 708.93880526 666.5320857  307.47553118]]","[0.6481528  0.67995796 0.29586624 0.47171336 0.868123   0.296717
 0.34688051 0.43925088 0.97471757 0.7035369 ]",763,2025-03-03T22:43:19.431552
43,0.8206697328971042,"[[ 46.38424364 448.00995461 560.70520931 589.87479396]
 [601.81736581 109.49361771 418.6059757  567.62173552]
 [703.61134681 143.85714501 304.42862028 604.86526245]
 [174.37441785 356.53910491 667.4369445  731.76338762]
 [508.26658225 592.67433466 507.44545139 700.03388801]
 [776.93698584 147.90621878 119.72327474 414.67071842]
 [325.49646629 326.08712235  98.44139245 231.73722148]
 [575.62898668 702.23913061 124.91976418 615.69451778]
 [248.02366077 646.80315898 306.16512114 575.77032592]
 [396.79432894 162.30039497 580.16357973 598.30651818]]","[0.41509577 0.87195686 0.33427444 0.68613498 0.3075995  0.85883123
 0.58556171 0.5755692  0.47428152 0.89516076]",764,2025-03-03T22:43:19.439158
39,0.9384043307510476,"[[301.9505107  737.75054849 501.32810383 229.85776297]
 [752.76481813   4.21472872 506.86126403 488.07578691]
 [606.2614165  737.89214168 132.77875474 687.35392902]
 [ 56.77748511 302.87156387 469.46223219   5.25813953]
 [411.30868441 417.94330536 508.51047342 391.88967098]
 [335.30547004 564.38843725 307.9400119  303.6540037 ]
 [576.84039041  59.219464   403.80603489 497.37086406]
 [106.77052915 764.13598344 449.26816527 635.57055641]
 [114.67838361 550.46061028 152.91286044 530.30384674]
 [654.89544572 121.26219534 459.38348443 613.56880782]]","[0.74974887 0.30921309 0.26989727 0.27230224 0.08461985 0.07511307
 0.2345265  0.60330868 0.31970523 0.20834734]",765,2025-03-03T22:43:19.445747
35,0.8371727401768418,"[[776.84736351  91.78887127 432.26207746 202.28737665]
 [525.26942573 576.30877732 416.99006472 419.36423704]
 [100.49124024 213.18093861 380.9562861   58.26246599]
 [ 82.32599085 733.04711948 552.948433   565.61528903]
 [198.31899876 173.76309504 216.00758811  86.00219992]
 [131.91450679 217.27219411 572.70039798 444.76502939]
 [369.11710069 563.08513027 241.61678325 333.38053735]
 [175.16372589 546.02539669 786.3675881  380.86726211]
 [ 42.58227192 720.35845666 389.07575397  36.32349148]
 [687.36173249 674.49132201  76.5632879  525.10640999]]","[0.80516773 0.31011873 0.45655379 0.33913088 0.47479113 0.96704481
 0.30783171 0.105151   0.74788301 0.46748585]",766,2025-03-03T22:43:19.451669
27,0.8553893837354759,"[[449.13451159 354.15523981 417.13278128 766.12990169]
 [ 30.98737593  60.9685519  593.1918343  467.96238014]
 [269.13945975 209.89928944 389.74874859 297.06418944]
 [247.34468272 618.33317858 648.30976231 158.78899536]
 [573.00083617 189.44355145 163.46390133  73.91532355]
 [339.3655912  789.25249103 395.90760348 410.35805314]
 [252.24913099 121.05729605 397.15748889 321.11884045]
 [167.20633107  77.37286116 304.64439056 469.02617431]
 [164.58240206 107.1380084  199.66350192 550.13944529]
 [553.20387513 673.11708524 542.82988899 355.61274584]]","[0.84700888 0.94689302 0.49101479 0.45297481 0.88635674 0.67444698
 0.6267542  0.40415713 0.89684544 0.63067573]",767,2025-03-03T22:43:19.458642
25,0.885479146689934,"[[388.08751485 167.62298298 404.2481867  781.11620849]
 [508.86914103 383.8195639  171.25705204 386.6116484 ]
 [482.46289962 620.87234075 147.09533762 246.40879684]
 [691.85179503 270.13668996 742.24940292 525.37499831]
 [764.51896683 626.1874957  321.17177026 311.66880462]
 [376.73338134 513.70900242 644.19763045  36.31078303]
 [516.46118823  44.10450425 323.9288112  642.41907353]
 [713.58600268 495.16438767 720.44101771 688.75435189]
 [792.38743251 776.80956736 422.74547661 522.62324807]
 [212.80598093 258.83517544 287.0192633  533.14880169]]","[0.04036078 0.52783426 0.99894074 0.0673633  0.19119417 0.27684111
 0.04804882 0.55242001 0.90179996 0.50832282]",768,2025-03-03T22:43:19.464929
12,0.929346362158932,"[[6.08367198e+02 1.65881430e+02 7.18514366e+02 6.23869610e+02]
 [7.58714314e+02 5.15042529e+02 2.55359513e+02 5.88144787e-02]
 [1.70497153e+02 1.10178019e+02 1.60028977e+01 5.18741070e+02]
 [6.60539895e+02 5.59752019e+02 4.50280137e+02 3.99489225e+02]
 [1.25474650e+02 4.62168910e+02 5.96126316e+02 3.01558079e+02]
 [6.66600774e+01 5.95929116e+02 3.06700054e+01 3.71666921e+01]
 [4.90491729e+02 7.34062845e+01 4.15271155e+02 3.17947791e+02]
 [2.86993868e+02 3.63443883e+02 3.32011325e+02 6.06780950e+02]
 [2.62965954e+02 6.63730158e+02 7.67714638e+02 2.89062935e+02]
 [1.62683861e+02 7.67736745e+02 3.24979024e+02 5.20335340e+01]]","[0.53909117 0.29796955 0.6092754  0.97123615 0.9196392  0.17111566
 0.22015792 0.46577479 0.4144766  0.51634627]",769,2025-03-03T22:43:19.471619
18,0.8883671052945004,"[[259.6146848  759.12023957 332.51907887 357.71737245]
 [599.41641356 577.08762955 676.75253471 504.15182444]
 [348.88632789  35.02817136 748.47018946 384.54790222]
 [262.74593579 254.50023756 556.92095883 344.84151703]
 [277.71643421 446.74454677 524.61627611 488.03723467]
 [521.43294756 409.9100426  357.57670196 351.58295558]
 [500.25769343  51.22555445 766.43118958 388.59348768]
 [516.04467619 536.71130982 277.3245442  315.32280784]
 [ 85.23476141 582.63943576 220.62016312 244.79953034]
 [156.06281009 186.36587385 667.25992936 635.67398   ]]","[0.7792455  0.01980128 0.18033205 0.37714636 0.01820852 0.87876373
 0.30951177 0.28072953 0.56225323 0.28680954]",770,2025-03-03T22:43:19.477070
31,0.8615428453561998,"[[ 22.71663774 684.67757224 771.69188922 446.23125489]
 [526.144357   394.01688832 129.28195122 442.2377393 ]
 [177.3575898  269.85728135 332.06826074 542.8026384 ]
 [293.89650325 160.37844972 421.36123236 416.0356472 ]
 [531.17967029 478.12706742 757.54198627 742.30874241]
 [756.04691139 666.72208526 222.48699603 289.38557751]
 [533.81277866 343.96790178 501.5371438  602.31534941]
 [619.85376153 335.93635196 758.96954741 733.62502093]
 [435.64552982  78.22791284 706.1761956  198.96536047]
 [689.99818968 720.93511975  10.98865546 465.29528929]]","[0.34776451 0.54979423 0.04007164 0.06970712 0.63576731 0.05312835
 0.01807189 0.1215295  0.67643836 0.36836009]",771,2025-03-03T22:43:19.484023
30,0.8991106652842982,"[[778.13051036 393.96902593 784.39526317 633.75258623]
 [523.48083821 405.02006032  56.88331619 485.05541513]
 [302.063312   259.99414481 296.58699454 470.05363228]
 [464.63523736 173.42632199 665.58587878 339.99917942]
 [509.82313681 740.26304961 233.56685058  33.3934903 ]
 [273.50364777 513.55464074 158.20545871 212.81063671]
 [439.84259018 627.27874542 168.66208291 708.54213517]
 [281.72297483 417.33561508 527.87739585 360.05132979]
 [785.51112092 599.03004853 239.66611941 399.45117344]
 [401.52340372 652.31842653 281.57988269 613.90748762]]","[0.83597894 0.54265734 0.82737615 0.85746964 0.92783886 0.34648465
 0.09140571 0.14386628 0.17669475 0.11227501]",772,2025-03-03T22:43:19.490548
26,0.8315297483568586,"[[526.66008393 511.70897072 465.09563777 313.44523536]
 [678.29377285 212.62826227  26.58138374 779.26356569]
 [483.90024297 151.91663054  60.17771019 476.55433671]
 [364.45972342 449.55615713 612.30046755 113.15493125]
 [284.44800669 304.35356584 701.09585235 635.21787149]
 [576.74350411 253.94262749 692.6684176  108.17231642]
 [531.65926323 614.74528012 768.64839885 779.53427127]
 [573.79993898 509.70330881 344.81486859 280.91283881]
 [ 71.45969396 444.07449864 338.91275484 390.5790706 ]
 [716.07339062 584.5883808  663.39993311 587.30488291]]","[0.89049389 0.16734911 0.44280022 0.18501021 0.06331911 0.59098517
 0.55031789 0.61968797 0.49688142 0.73104204]",773,2025-03-03T22:43:19.497692
17,0.8377936036739456,"[[771.2980906  136.96516399 768.28137614 129.67839315]
 [603.33504653  42.50193053 591.51552171 375.89692705]
 [371.9144525   33.3044406  332.20155614 234.17161908]
 [138.97063548  41.53191024 203.06002747 647.82477443]
 [350.70477507 721.85253994 527.95445674 505.90265726]
 [667.64886069 499.93320601 556.08301542 547.66128287]
 [370.61903626 630.86890122 601.41702699 371.194522  ]
 [138.12138561 235.92254477  38.73194639 227.50605722]
 [765.24421538 789.0871201   93.65102924 639.2942374 ]
 [567.50473522 462.78544233 648.82021455  54.42598613]]","[0.89422409 0.82865234 0.09396735 0.85062927 0.00362861 0.82868222
 0.58478357 0.26390937 0.85636535 0.10441684]",774,2025-03-03T22:43:19.506253
17,0.8745621926017582,"[[735.0557282  443.13229643 286.05803155 586.91677422]
 [303.13471457  28.83547771 355.75400284 331.50087105]
 [156.95153181 555.30516923 616.43622126 198.79086966]
 [376.19483531 420.24743896 698.35459786 349.28042472]
 [761.87743514  25.0908143  177.6948393  794.91729503]
 [234.38864563 551.55398882  80.74351053 730.73617464]
 [ 11.07667758 577.9545415   30.10895624 460.48506926]
 [108.42928372 345.29355603 164.85446759 146.23859136]
 [ 47.47285854 752.67388616 738.66161009 301.80247463]
 [285.41429763 300.56271563 272.47609183 539.1446718 ]]","[0.1159686  0.08953845 0.72118188 0.34145465 0.58647907 0.10045756
 0.48291555 0.91168156 0.10586377 0.19963571]",775,2025-03-03T22:43:19.511950
47,0.9381249119412747,"[[ 22.77610588 752.06173844 344.0852309  717.85605893]
 [ 24.92290063 140.09865473 272.36382103 721.97268799]
 [188.07453574 799.01212728 457.05305028 395.08674393]
 [ 70.06458886 172.35180118  96.75908684  91.67207378]
 [405.34349156 582.47584974 258.33770313 164.4009698 ]
 [405.57306777 619.41392536 551.79786003 349.92058221]
 [119.67732803 606.4384913  306.77073838 791.81302796]
 [737.54803558 625.93656883 684.97818014 686.44341872]
 [465.00573129 283.15886838  59.56008259 754.88934775]
 [275.59266007 420.68934222 771.68323115 160.38265113]]","[0.05648018 0.19629048 0.53210674 0.59866058 0.30796021 0.70144034
 0.42679057 0.9824506  0.5251005  0.60768666]",776,2025-03-03T22:43:19.520416
18,0.9127179015383128,"[[656.86574789 219.89643115 782.83333937 355.5882719 ]
 [ 54.91395102 252.71228465 413.47275004 526.87262989]
 [570.73979679 312.37987662 248.96260436 158.83174775]
 [ 38.34541677 286.932873   584.88551528 570.31509149]
 [386.62159898 755.58482323 683.76776068 246.82676172]
 [695.7065387  785.46005059 202.18449634   8.47334069]
 [221.10385225 493.13126784 177.97447996  60.28512299]
 [ 21.01271294 120.75505588 680.84487213 384.80650722]
 [130.63387726 415.7589476  135.50352787 259.44817684]
 [  2.90259304 718.05396275 369.69057271 766.94906748]]","[0.24053802 0.40973799 0.29871057 0.93544457 0.1950699  0.00149382
 0.30218815 0.78509792 0.15106472 0.30667078]",777,2025-03-03T22:43:19.528108
38,0.9432564576513923,"[[588.02393596 684.63952391 659.08101934  37.54069792]
 [742.16364462 220.73203847 492.53053913 798.92128349]
 [119.28388018 408.94184321 686.03100582 426.39460688]
 [468.46604673 741.87157596 173.94327078  44.01507425]
 [196.83014082 291.89723601 763.82657329 307.58546139]
 [658.22121687 679.84139131 217.45532852  13.36378922]
 [476.27409834   7.92126595 284.87834363 486.1836528 ]
 [220.91661342  42.29151373 421.18450214 171.48485493]
 [281.96684622 246.3558189  432.47862275 107.97411091]
 [337.07955979 406.37118619 442.4515393  520.16926282]]","[0.00308538 0.21764713 0.72231071 0.05401945 0.98747407 0.40066239
 0.90333682 0.75428938 0.97285421 0.71379979]",778,2025-03-03T22:43:19.537342
50,0.9128336039895182,"[[ 50.44716847 716.18020222 683.81485394 503.2697421 ]
 [243.90816281 577.31630107  72.61261357 554.04413746]
 [129.41815247 405.65750763 451.41337024 180.82870125]
 [347.27742498 631.43795364 546.95840187 682.56475818]
 [276.46914157 647.44812292 616.27841142 282.2259817 ]
 [398.46403684 150.62983245 731.83072819 369.87131022]
 [257.69486953 244.82745268 305.41216001 664.98797267]
 [ 65.13230234 486.69653811 677.20298258 290.47451108]
 [165.28776583  46.4205907  608.76706311 695.496661  ]
 [357.41664488 587.33310307 294.69396773 421.14685935]]","[0.62904179 0.74430578 0.93572235 0.62534413 0.36601038 0.65225387
 0.53894352 0.20540286 0.08203381 0.99093145]",779,2025-03-03T22:43:19.544313
49,0.8783089679532134,"[[646.97200062  28.69047923 355.22679383 508.25711747]
 [603.4556819  266.41430845  14.01141926 233.21401481]
 [108.78406929 177.89564629  87.2680827   73.70261156]
 [138.13550285 461.03364114 183.76703036 405.61257983]
 [679.60497622 679.09777653 105.73122687 620.63331605]
 [348.54890306 100.76549489 620.13609612 488.24432066]
 [690.06435154 506.74792067 658.29758502  12.3590841 ]
 [396.28690468 555.46639654 790.19204334 383.63311424]
 [471.98455969 545.42183599 571.23583712 456.16439807]
 [299.62533934  61.99873378  24.01697096 509.23544993]]","[0.05847617 0.72033892 0.86537354 0.76123515 0.09860418 0.52930604
 0.51073691 0.48312814 0.85517722 0.9043631 ]",780,2025-03-03T22:43:19.551317
44,0.8952882686090818,"[[667.63555192 183.00269237 696.46695132 138.75551564]
 [302.28716572 676.40296669 244.81259658 516.14242182]
 [753.64952193 481.91670484 192.17456933 608.67180203]
 [381.21768303 530.75174082 636.91166297 514.84654987]
 [227.505166   501.50236022 651.5706481  139.7171096 ]
 [216.32543514 410.09662124 277.40334823 269.8080098 ]
 [522.44428198 122.10616185 383.1385687  350.78593471]
 [342.82685169 761.7145264  464.87561523 255.50597767]
 [598.82764084 556.35693274 320.57900135 518.83997789]
 [121.62005411 651.85917048 131.49981109  59.13567532]]","[0.34055665 0.3046768  0.7663744  0.22799528 0.6686846  0.44526877
 0.2129962  0.61674974 0.46955299 0.02662483]",781,2025-03-03T22:43:19.558659
20,0.8460579053795618,"[[487.70503613 150.89101494 733.09681389 339.9379526 ]
 [ 79.22759322 200.61749502  12.53519563  29.79606558]
 [322.56576675 543.66328228 272.86887743 648.87162209]
 [660.59847869  53.92441377 218.88891068  64.53321303]
 [790.65046268 304.22620038 662.2092948  206.19016661]
 [137.99114612 233.86878332 276.40282118  31.50737065]
 [445.41239044 395.79529405 716.17256761   2.90340232]
 [358.41394343 545.13018975 250.51585985  75.0220076 ]
 [624.78474798 708.80702084 356.28053286 319.61592736]
 [186.51174364 323.90615115 373.78010982 746.81482013]]","[0.41374925 0.84584378 0.1929389  0.56581273 0.95155301 0.20782779
 0.21463195 0.49032781 0.09064328 0.68912654]",782,2025-03-03T22:43:19.566387
22,0.9452647753213276,"[[263.62257912 644.38239033 548.59976784 235.9921453 ]
 [623.34861489 628.31568799 778.85472604 208.34961871]
 [490.82141985 478.54595112 485.23003922 409.33876282]
 [774.63121241 378.35336554  13.81511469 275.87346594]
 [117.26222967 600.09510558 340.161518    59.18168405]
 [443.55975111 430.999198   301.84350469 375.77641265]
 [710.37445256 732.38629754 528.68092544 429.69825719]
 [397.77193846  13.17812252   1.72043785 106.43847797]
 [400.08744107 560.2914826  521.69271118 680.98264817]
 [ 72.90979476 485.60453683 317.29817366  55.5832725 ]]","[0.3496986  0.04476974 0.47314322 0.45458703 0.07757817 0.18319565
 0.47826587 0.34889784 0.13884692 0.98771902]",783,2025-03-03T22:43:19.572699
30,0.8870923268885449,"[[305.37278826 170.19680859 781.29046311 746.77431826]
 [726.23592931 793.77233824 624.33693734 353.00267653]
 [585.99360488 341.66112568 725.01467669 430.01265144]
 [641.43563588 395.75231363 125.68851967 337.12914671]
 [ 61.0717395  348.94282198 329.48451907 471.34622709]
 [798.93399909 232.55087714 412.00808817 746.67523656]
 [156.02664114 114.64945251 252.23725865  73.18029676]
 [ 14.74616149 338.48096739 249.14488278 100.81687465]
 [517.9921941  460.07594245 482.55814497 288.191799  ]
 [ 82.42162112 157.33189412 239.80146153 224.05263898]]","[0.94021418 0.87979741 0.31661311 0.80997336 0.62485748 0.86115568
 0.54934845 0.26357273 0.98852012 0.69261509]",784,2025-03-03T22:43:19.579783
20,0.853500376428265,"[[7.26325579e+02 1.07105939e+02 2.09954200e+02 4.04239480e+02]
 [2.62148066e+02 4.88936868e+02 5.62282570e+02 4.53774671e-01]
 [7.90937069e+02 6.60312271e+02 3.36824312e+02 4.55470302e+02]
 [7.54103691e+02 7.13884730e+01 4.98122675e+02 2.60480807e+01]
 [7.08414087e+02 1.53834761e+02 4.98525586e+02 5.20164284e+02]
 [2.88308071e+02 3.28551380e+02 4.90607480e+02 3.26482094e+02]
 [1.83194797e+02 7.15570485e+02 7.61170409e+02 7.06376373e+02]
 [1.59704015e+02 4.90947092e+02 7.26875936e+02 1.39469613e+02]
 [7.48082074e+02 5.85407753e+02 1.29552913e+01 3.89085693e+02]
 [4.59066669e+02 7.44881756e+02 4.85691348e+02 6.75213949e+02]]","[0.85178816 0.20523543 0.17906725 0.37607725 0.48193418 0.10718657
 0.51200614 0.24459976 0.30101556 0.06508401]",785,2025-03-03T22:43:19.587786
20,0.8452154582902431,"[[552.35338866 480.62479243 484.96889634 434.44651216]
 [552.34502344 586.32094396 431.70874299 123.74063556]
 [230.61830091 657.78612526 614.34057461 427.44877101]
 [386.74892774  70.62424788 143.3339353  767.47486299]
 [486.49185637 196.82341704 665.726254   501.86399957]
 [ 39.40801154 660.71570985  20.82569197  73.32569182]
 [681.14733066 301.54410235 173.93683522 789.81359326]
 [305.62749482 148.97468955 276.77875218 725.94900204]
 [740.42514878 528.23964873 312.35922134  79.62355968]
 [677.31315962 379.39863243 524.46880237 488.69753954]]","[0.51366084 0.77727619 0.40835908 0.57415373 0.73164594 0.99519622
 0.38547136 0.40797638 0.71587483 0.29863612]",786,2025-03-03T22:43:19.594810
37,0.8058023705232884,"[[418.96341881 260.58322684 286.00360321 468.90432161]
 [769.61299077 539.42269173 150.72001549 429.91703984]
 [494.59007647  67.77681671  53.07989695 447.1587034 ]
 [224.69488933  31.11801744 406.69491791 590.02303513]
 [305.95132481 176.60968834 786.45968986 738.53883985]
 [726.35181598  13.55499704 465.44811279 463.81969639]
 [246.57416823 768.74345657  82.20074832 586.30636053]
 [737.86156998 426.16049551 500.89613327 485.41453887]
 [125.36450837 780.81766084 194.99676034 580.5689105 ]
 [391.12201549 444.32447337 543.64964615 129.47516107]]","[0.67517962 0.59272591 0.84893592 0.74351699 0.10518626 0.39170765
 0.76125964 0.40047502 0.78347719 0.80721375]",787,2025-03-03T22:43:19.602109
41,0.8402874504652555,"[[ 69.2525423  369.26201017 464.36918243 234.19935585]
 [236.93121639 131.03369152  29.58433497 461.58588033]
 [346.50893226 227.23156663  86.73280372 248.07343031]
 [642.95919701 543.48924001 359.71868274  76.35225789]
 [697.96627719 216.36748189 231.48689387  28.93564133]
 [242.49740667 597.73845052 607.13852352 306.55293086]
 [619.75830126 110.82726216 697.76085736 419.01436714]
 [  4.00575958 221.78210069 675.09866273 182.28874156]
 [203.12996057 206.69476971 561.77887669 362.02721193]
 [630.24342347 769.43067131  43.74581872  18.64206147]]","[0.3370519  0.11813325 0.43003698 0.02851211 0.26543317 0.69193258
 0.08510756 0.5273714  0.51948925 0.66684433]",788,2025-03-03T22:43:19.608412
50,0.9490553474784577,"[[  2.10878609 486.91016715 684.87638062 265.14933353]
 [486.64939014  96.88161354 210.71525891 460.17567713]
 [351.13249066 726.88428428 595.40800036 684.66992207]
 [617.90637988 355.5318763  192.0190198  745.60795465]
 [200.77645576 672.20756744 191.76872893 151.51466591]
 [386.4215589  626.07870567 685.43256295 777.82103348]
 [636.51781636 301.61349772  41.13137897 602.64528934]
 [182.75781827 567.7213752  604.80460394 576.65205051]
 [302.6223232  229.1081129   48.15567334 212.89645293]
 [281.22329011 118.81437331 645.43938544 621.8952496 ]]","[0.73466424 0.32209469 0.98806733 0.64727957 0.17324971 0.45050394
 0.54596031 0.12832679 0.7378584  0.32358349]",789,2025-03-03T22:43:19.614919
37,0.8316106634527918,"[[267.70354031 590.23119971  66.03084313 543.01347591]
 [696.63740891  87.72397863 662.28684303 568.96595112]
 [125.58572712 796.25037624 244.28212794 612.40789715]
 [716.06494765 347.42279166 551.10911975  32.50616118]
 [739.96029004 331.48151442 556.41916807 392.53272318]
 [ 88.92327463  51.27671277 226.13387019 668.52016072]
 [112.27016477 452.56166347 141.77359624 240.39472567]
 [603.38209479 615.30051964 255.48747743 551.8061103 ]
 [110.30482781 579.85096413 104.16104194 186.42180444]
 [380.7794766  269.56120922 243.79316929 690.06093049]]","[3.05385794e-01 9.72707863e-01 6.21505907e-01 6.13444307e-01
 9.55528004e-02 5.04626412e-04 3.96788271e-01 6.26010187e-01
 8.85050445e-02 7.53145715e-01]",790,2025-03-03T22:43:19.621509
35,0.8287657217183251,"[[131.32134976 661.00262351 678.13595062 110.57679585]
 [ 67.9564118  190.15386059 106.60410836 233.5667765 ]
 [642.18716743  19.9330827  787.13751213 690.25176481]
 [778.94549691 404.77481206 489.71937693 493.26364021]
 [544.60563648 773.21492009 611.04635093  57.59134703]
 [711.651508   516.19051551 421.92430092 746.42992052]
 [555.83211102  84.75550757 396.50953389 131.41669647]
 [104.95080099  73.40952529 165.12452785  47.36912777]
 [ 23.08883768 681.03886476  36.87923813 376.51718964]
 [570.90114866 606.3002948  530.46057891 202.81704855]]","[0.02690905 0.9944205  0.03068133 0.77129721 0.45851116 0.06463367
 0.95592474 0.43977151 0.02920464 0.29525226]",791,2025-03-03T22:43:19.628243
27,0.8047813079138436,"[[166.50453278 286.32982571 441.13097317 491.94777751]
 [230.80035556 234.4779145   23.93867183 242.05711843]
 [795.18951907 709.62943413 322.87566929 180.51045937]
 [115.58898793 206.36734127 548.66890943 791.91685158]
 [750.96529329 279.17808537 788.26546677 411.75359763]
 [562.80408719 488.4156004  515.96011477 587.82488121]
 [240.22032634 480.23023365 513.28813584  37.7153427 ]
 [709.81914785 358.19170248 747.88965496 272.60471716]
 [698.35457908 701.68724712  64.42299173 520.8489429 ]
 [  2.47442975 775.2908492  319.84288267 217.29195929]]","[0.16477548 0.84761368 0.13511741 0.1612823  0.77893095 0.56310147
 0.93565662 0.42131362 0.58078803 0.08789245]",792,2025-03-03T22:43:19.636120
33,0.8133987870271513,"[[ 22.22414227 214.6274775  382.24913629 512.54838126]
 [137.00586448 137.44300777 709.90185896 377.58315411]
 [293.28168823 584.24075666 421.17810398 603.66480062]
 [270.06742327  92.30568441 271.60519445 658.28304902]
 [299.41044239 444.50039664 512.6944046  352.74968976]
 [ 48.12977549  22.09607944 364.26794794 645.94731251]
 [357.40372411 126.65900196 629.06354713 386.79265681]
 [ 43.48680145 183.78852936   8.28247833 262.06415393]
 [186.79450235 736.35885646 283.08619911 149.51894553]
 [450.37242713 448.86121878 230.17302401  12.85447595]]","[0.1084007  0.85195127 0.17583672 0.42692711 0.07263316 0.51660468
 0.09871898 0.95234135 0.92245293 0.81384688]",793,2025-03-03T22:43:19.643650
14,0.8698440434351208,"[[229.11607725 330.34563686 491.02033248 246.5217827 ]
 [283.71007212 629.8249708  640.0300524  565.93580504]
 [613.67870078  90.10978931 357.4677533   87.86300667]
 [281.12786956 614.9934285  339.72264055  82.12956806]
 [787.98915024  26.7290511   44.48244632 289.94028007]
 [ 74.9409531  723.33770157 738.32281846 137.89445248]
 [238.54340027  20.3151628  643.1680177  729.23876771]
 [175.25260754 550.06326053   9.99730878 357.10257464]
 [379.31156032 396.46798962  21.06792363 790.6505352 ]
 [ 81.31005025  27.80559677 551.4376957  741.54727421]]","[0.39658218 0.52181353 0.0582681  0.69976945 0.86651098 0.33212392
 0.60244682 0.01678585 0.10617687 0.50039163]",794,2025-03-03T22:43:19.651780
31,0.9325275102756904,"[[ 54.42418308 651.12631618 714.6400884  724.63056684]
 [208.93909804  29.32614016 179.39234914 663.92312666]
 [266.85075435 323.36995574 171.2744662  321.48501896]
 [683.42129504 626.22443037  38.60451008  26.50545906]
 [ 77.54060495 389.27603967 115.33916706 406.60191249]
 [703.21956641  18.47147217 275.95142682 617.57107749]
 [591.77308924 417.78535346 670.88851551 317.05259902]
 [599.13522328 596.85424554 651.65242015 454.88643415]
 [679.26368178  36.81395334 111.33181274 120.29626979]
 [ 14.79863435 445.82081252 467.00207542 294.80394553]]","[0.90867759 0.21576243 0.4261634  0.09883476 0.9522226  0.86482495
 0.30149241 0.16109661 0.86785232 0.46079041]",795,2025-03-03T22:43:19.659603
49,0.9359786107731631,"[[348.69445706 501.59055017 527.17461859 394.31969913]
 [410.20552245 376.2466011  516.05355096 552.7573506 ]
 [245.83084297 745.93114947 183.3458859    4.72311376]
 [210.9837065  741.98143484 202.39193601 611.21208101]
 [381.77772512 342.03268475 440.66365369 434.58117957]
 [509.29863974 557.78532981 351.8406352  124.29629065]
 [ 88.87840033 277.62121377  67.01477821 769.03985051]
 [272.74579839 297.35330881 680.74916418 321.74754321]
 [649.94407395 694.59480103 782.2636696  264.13362185]
 [260.32349806 500.03188331  66.91041606  78.98743246]]","[0.27329798 0.91172296 0.52518708 0.91313775 0.43005294 0.77851654
 0.35796915 0.33803861 0.90441135 0.79062887]",796,2025-03-03T22:43:19.667673
50,0.8565349626748571,"[[593.62372984 504.38496091  78.87415757 282.27049098]
 [658.9221839  551.94142541 205.07566209 136.5494552 ]
 [180.16646458 577.73159179 127.39507699 600.71833437]
 [788.62162448 202.60047417 272.14910833 265.5605389 ]
 [621.14780562  61.25552658 427.71009431 412.40536322]
 [106.50559392 630.19388009 506.8626018  720.04467569]
 [680.90286968 395.13442581 306.35166196 156.98373645]
 [721.49714824 593.42927092 414.87032969   5.37318068]
 [440.59216479 515.98890235 337.7533174  112.07854167]
 [467.3414117  174.32654594 716.49012085 363.18940051]]","[0.1189231  0.21554839 0.98409595 0.33193968 0.25819984 0.83552966
 0.73451175 0.05704302 0.65671171 0.03688516]",797,2025-03-03T22:43:19.675232
20,0.9487098383754857,"[[299.80464973 523.54766673 766.26286421 199.94124851]
 [141.61452106 659.48732703 575.19746055 159.54017207]
 [622.00157188 710.76951133 283.4451525  262.97060916]
 [123.24184022 704.58601142 659.0351155  764.60560803]
 [253.17568884 407.59677116  45.55564392 147.41356345]
 [794.43618349 217.02961786 734.63663843 119.16225693]
 [693.24099374 124.98954022 740.69684476 566.78595592]
 [259.57799119  48.0828969  559.43357569 268.55554884]
 [421.01338083 528.5577122  214.81567524 719.4308674 ]
 [512.5068891  392.37580015 370.67038737 798.76431746]]","[0.02720019 0.61014871 0.34414495 0.50221811 0.97672545 0.36659784
 0.69121797 0.2645276  0.56239354 0.51723888]",798,2025-03-03T22:43:19.683241
44,0.93753917251684,"[[224.28475013 623.81074934 224.08983452 129.2646097 ]
 [751.0355759  126.98994499 313.92652293 465.38729082]
 [697.23921998 275.07259083  38.04923159 154.77877198]
 [680.64115004 654.11200093 189.8974915  285.86040675]
 [617.78208292 441.85626741 391.28605549 667.69438376]
 [303.87848128 676.27403777 346.38783108   7.86221809]
 [597.2268014  345.1170649  142.7078861  642.3673236 ]
 [336.27117232 322.07407222 198.76595855  91.41999244]
 [711.56066776 591.86001873 648.95448665  65.35328594]
 [281.68289767 471.54434877  59.72164002 252.61633228]]","[0.12847211 0.80819203 0.57274554 0.64006738 0.06805677 0.72946167
 0.74768193 0.88300591 0.13125058 0.60016917]",799,2025-03-03T22:43:19.691621
14,0.8435866857419444,"[[130.03922755 537.59308656 292.30779881  11.56353202]
 [728.60768765  12.31284525 300.38592028 154.58043272]
 [237.49065065  69.04745538 441.54957805 791.08079269]
 [322.77299575 445.29220896  89.20190822 638.36937131]
 [225.94748985 625.34002522 683.90721657 173.21161933]
 [100.90431271 623.92854579 254.50060138 186.38929498]
 [382.22475641 701.44438032 295.01511849 456.70990188]
 [163.22587218 263.73450279 187.93245887 229.88157977]
 [423.41928312 215.77338778 584.2219482  489.1729568 ]
 [661.66452678 535.43763762 643.18531688   0.82096195]]","[0.29952685 0.40203005 0.57554087 0.11976225 0.02029378 0.58007537
 0.77236341 0.55053497 0.20216119 0.01739812]",800,2025-03-03T22:43:19.699862
33,0.827984649239891,"[[570.05089419 607.52569833  40.8538137  470.14055323]
 [224.72302339 407.50605347 539.59666748  20.31141232]
 [200.40057553 350.46586957   3.91225239 722.45367606]
 [ 16.89572208 298.04631422 789.66020152 344.63655201]
 [704.15647696 394.5927107  116.89808744  10.05476972]
 [707.25181413 350.84463337 210.77864897 400.99851784]
 [463.30110963  52.35207438 519.06649428  67.73153329]
 [209.51155022 761.12208717 106.05338382 233.16207312]
 [306.74985654 487.06509534 600.85236445 781.74706321]
 [793.86393574 546.79321721 147.63746173  50.79877814]]","[0.79020153 0.66540894 0.50657065 0.520886   0.80785965 0.75586645
 0.16599764 0.63714463 0.71061193 0.92789674]",801,2025-03-03T22:43:19.709953
20,0.8189362331946544,"[[200.44584915 463.03880259 393.53035448 250.56634046]
 [473.14733007 537.20272033  14.65657252   3.58863299]
 [199.02273103  56.35737378 144.41462745 702.79202938]
 [425.4726612  367.42930173 350.05118246  72.97499363]
 [747.21155642 726.22157904 534.54698416 438.78457163]
 [122.03539629 510.25762893 543.19593366 743.09041805]
 [567.09412733 671.56393302  11.21171006 569.53007345]
 [575.29007641 477.78581796 567.43091779 446.93427168]
 [648.16898885 397.16058116 749.42838952 756.16189287]
 [351.22069811 632.99703818   4.37850351 395.05989817]]","[0.05750469 0.75136738 0.43567427 0.97195354 0.32735215 0.53988164
 0.05531035 0.77381764 0.1592047  0.49072664]",802,2025-03-03T22:43:19.718296
23,0.8432247632869712,"[[248.79488887 656.65414875  53.37453063 207.78970453]
 [427.99896477 707.95127702  54.78204222 443.79851003]
 [285.78764137 110.94677994 362.44296595 656.17353213]
 [493.4804894  355.23707265 105.13160348 708.40949897]
 [104.80129526 473.03127672 675.67105032 497.42961009]
 [503.58009404 639.60264755 246.77503325  11.81268776]
 [760.46605072 433.47166785 524.47223833 305.90656618]
 [659.04946887 700.92282982 351.63541069 512.37367249]
 [293.50142456 547.99125804 492.79632123 289.49500629]
 [ 78.17650254 403.06873998 781.20498698 515.65366242]]","[0.17853929 0.71133033 0.57969927 0.49990532 0.08704617 0.7254466
 0.52782301 0.9763823  0.07548771 0.05003459]",803,2025-03-03T22:43:19.726370
27,0.9350975106250533,"[[127.46211788 341.11648561 111.52418719 552.02679017]
 [798.93087684 313.8644985  387.95979922 464.13963821]
 [246.45918601  42.1135014  460.87309646 600.97099118]
 [536.18967834 175.80688697 170.16298515 356.11961589]
 [728.59868359 224.15926354 379.05555561 254.83488326]
 [313.03633959 385.14784937 632.28954943  13.84504223]
 [367.33734008 391.4115391  550.99097326 402.01949329]
 [462.31590034 365.50075495 140.73813234 712.23958543]
 [622.79002993 110.18893261 752.85667107 102.18475037]
 [671.82374335 468.8110445   52.51291188 653.51421153]]","[0.01870995 0.16492903 0.8978972  0.78557749 0.18628952 0.98546457
 0.94283941 0.26426958 0.15905123 0.55953826]",804,2025-03-03T22:43:19.734143
24,0.9306445290426898,"[[786.12369486 736.54723594 580.72242739 502.53725648]
 [679.11127157 781.40043312 277.13597329 568.55930122]
 [ 18.77511677 777.02320616 154.89505452 563.21762211]
 [646.96551048 406.69221736 217.61642337 608.1438978 ]
 [139.87077874 793.82310707 338.08846451 733.9468487 ]
 [555.86335984 454.5436346  244.6921999  631.657762  ]
 [593.06487657 367.89212491 118.4118927  349.36552053]
 [537.55196454 657.8004638  246.39760768 392.86666294]
 [638.78364964 341.95680539 472.48293281 247.98133988]
 [553.23980073 293.55836605 201.22598485 109.05610136]]","[0.83122375 0.73741604 0.13102212 0.16918407 0.85701678 0.84576482
 0.07549273 0.63824375 0.13420528 0.51650973]",805,2025-03-03T22:43:19.741626
32,0.9228381456665172,"[[573.88452063 305.91800098  60.41044849 354.93427163]
 [535.45763541 136.3670025  213.89309324 353.23744976]
 [254.50853093 253.68449852 385.45018748 525.98763599]
 [164.69209027 130.53224004 514.1727476  727.10797507]
 [231.03588171  47.36057133 274.64630588 410.33847992]
 [452.11074502 246.40061743 570.44016464 457.03377258]
 [715.8028019   31.46469337 382.20668632 575.62641229]
 [713.41162071 272.49546649 745.08506775 514.48119199]
 [511.63437848 773.97991758  25.65725972 667.55352998]
 [220.05738844  69.044689   283.54862197 376.46182026]]","[0.24627619 0.22830893 0.71930745 0.32968039 0.13334659 0.66491448
 0.08888675 0.6959703  0.92604628 0.97002128]",806,2025-03-03T22:43:19.749314
40,0.8574228687149735,"[[ 25.22640411 136.24290416 739.49928153 154.8891854 ]
 [592.17224257 726.60567187 555.8845751  637.29345889]
 [408.28699269 797.67927259 159.55574357 154.13177422]
 [240.86139529 384.05410473 291.93220779 239.35375041]
 [764.57134571 697.88415593 125.0120588  130.62977498]
 [709.08507573 187.85837158 690.94980754 386.8235405 ]
 [244.23036685 221.88637805 532.74669006 641.32312652]
 [281.55766261 492.02505794 459.75876197 780.82534153]
 [176.32029842 532.11278576  64.53917374 530.35518975]
 [680.2823471  618.5908428  706.12354909  99.28391221]]","[0.40837641 0.67489087 0.73588641 0.40565434 0.42195132 0.49554693
 0.78230939 0.10854915 0.51555273 0.79291792]",807,2025-03-03T22:43:19.756831
39,0.8992361416706258,"[[ 75.83422458 171.11556631  48.12041737 617.48711791]
 [ 45.66375481 225.31296344  44.34251196 466.62384021]
 [ 49.42834599 279.73206065 445.2704148  475.72867123]
 [231.38340946 733.43214706 617.61434339 702.27410869]
 [735.89191807 267.4335207  257.02928535  60.61592932]
 [552.65830467 135.05687377 563.94462685 215.66254228]
 [299.71684396 713.43697359 563.82892221 293.0938506 ]
 [364.89345457  64.89995521 162.07642952 596.90762276]
 [213.48800939 278.05795366 109.12565213  23.16940899]
 [523.38952353 387.90189743 336.25381945 258.85662237]]","[0.4674767  0.46278026 0.46042835 0.45618442 0.97066777 0.30653774
 0.36530722 0.25928945 0.83560585 0.73966765]",808,2025-03-03T22:43:19.764832
44,0.8527235541139176,"[[ 14.78696886 525.72789464 100.75661169 615.48774358]
 [694.21843407 337.68688705 714.67141281 254.70043455]
 [283.02214974  30.04434217 340.73217996 378.05096941]
 [640.25263482 161.21914422 395.76466816 622.76060222]
 [190.17336073 305.44197637 503.26875661 520.61385364]
 [572.04759714  87.92441407 350.77186387 420.11557324]
 [541.58759373 383.92343822 700.87665194 536.11704794]
 [ 78.99317562  45.23048446 426.29715138 455.69460056]
 [675.20356252 155.22617266 482.56922048 141.88836745]
 [668.24518588 597.42094678   2.93696397 309.34554355]]","[0.38003692 0.30602257 0.12257164 0.6305945  0.61729401 0.97953514
 0.03228845 0.30891975 0.36861883 0.97880276]",809,2025-03-03T22:43:19.772831
15,0.9231602788627455,"[[644.42974191 707.82250479  83.40184298 279.22450354]
 [114.83182524 144.65542338  95.16937805 170.67982656]
 [637.58264943 393.84447964 309.39496179 154.42288669]
 [122.22542385 175.23396528 664.74792664 603.05446253]
 [550.947801   536.26165363 775.43162733 634.84676549]
 [ 58.9434249  771.17271511 347.36798406 212.74810324]
 [311.24002994 687.01375077 262.8908391  615.9403049 ]
 [282.28215278 449.48643808 622.78958151 476.49778951]
 [595.63427646 794.30294065  34.63863347 243.9682738 ]
 [133.29380021 598.64176108 737.6397553  367.80186738]]","[0.56721125 0.07626025 0.63154536 0.40664289 0.40774336 0.04557972
 0.23203585 0.38284093 0.28369395 0.62064401]",810,2025-03-03T22:43:19.781234
32,0.9160110808678567,"[[ 65.21922039 386.5277407  207.52519502 547.53459297]
 [578.50784661 788.64995911 733.19064124 110.11132733]
 [282.20934878 535.83527014 381.37233898 231.35751964]
 [ 30.73345933 495.99942807   5.41765115 798.28506403]
 [659.55158122 413.7236505  274.64586353 646.81608816]
 [559.45838906 394.09813353 408.64545183 310.17545839]
 [699.07695853  42.11318982 640.03640412 242.66893301]
 [136.50869882 714.1373992  402.33882753   3.95572368]
 [152.6922192  342.38349701 756.75375352 690.19598248]
 [689.47503137 302.70196503 684.05011503 599.20059319]]","[0.07125882 0.25306366 0.96633986 0.73927855 0.30214817 0.99882688
 0.48935274 0.48305364 0.84029008 0.65888555]",811,2025-03-03T22:43:19.789410
35,0.8716637630927653,"[[743.40897329 271.16774393 371.8309129  481.7587421 ]
 [371.60753106 432.0659822  134.51881184 764.65698631]
 [688.25425888 647.79121529 680.61597392 490.18419175]
 [380.33884819 510.42222218  89.08629407 407.72337221]
 [157.42213613 362.87305121 777.54992047 626.91428474]
 [151.30963603 670.42984388 412.6855935  485.87768255]
 [231.50039995 330.13084601 690.60657394 501.35806639]
 [387.35344525 449.5916246   37.4750762  570.45263307]
 [ 56.34431497 121.19384398 241.64624732 542.72383839]
 [327.74919049 536.31380698 157.96527701 197.41544027]]","[0.75897526 0.28209936 0.33266795 0.7394349  0.33345787 0.76362693
 0.92739997 0.24996694 0.08488177 0.9238809 ]",812,2025-03-03T22:43:19.798739
12,0.8276225183314292,"[[147.17900493 560.23133364 675.72335768 795.40198783]
 [534.10208795 234.68578495 357.21253574 637.41749866]
 [308.03362107 341.09012986 798.49163798 540.60690872]
 [322.00630045 361.98147924 669.71187211 685.14030711]
 [724.14390733 505.16805355 497.38229331 352.33190062]
 [451.73996853  74.88656941 673.52789501 172.70077874]
 [440.84186071 223.14790105 497.21850036 115.05262518]
 [539.00498022 582.79401804 143.10401007 138.35596204]
 [174.35733866 332.60887533 327.51533673 553.19044747]
 [477.65379678 728.75438314  24.1336219  279.53209281]]","[0.43152318 0.11216815 0.62138586 0.14148475 0.14660341 0.69201596
 0.15618723 0.49888862 0.23639912 0.2372717 ]",813,2025-03-03T22:43:19.807863
49,0.8726941290420331,"[[779.64675417  29.80641522 745.00350722 657.42127657]
 [324.51682808 634.28798366 467.59829121 550.2187737 ]
 [ 71.21291884 145.84389251 453.11935842 170.75369664]
 [724.13651978 749.2900344  522.02128012 555.74037492]
 [184.51457993 300.86635053 376.382014   720.8778725 ]
 [409.68952507 730.29267122 770.00288015  59.21487232]
 [189.81383876  32.59015634 512.99209456 169.62689761]
 [245.86850784 500.78858881 288.1159843  490.22039612]
 [567.88861106 634.54497463 469.14405558 706.24571239]
 [  9.56552011 155.8464947  263.67498181 769.56385452]]","[0.33529929 0.50587765 0.83476582 0.86047648 0.78017184 0.30444875
 0.81083066 0.6518685  0.59247714 0.72094016]",814,2025-03-03T22:43:19.816611
27,0.8217841003505809,"[[539.8291491  467.7522629  139.74387352 719.47652583]
 [ 86.09771186 632.37207765 696.17004146 418.22161527]
 [446.25604041   8.89643822 368.26162472  52.05854041]
 [542.59743036   1.4782739  680.72895686 733.10203921]
 [396.33076136 772.21213236 588.98411841 757.05629788]
 [236.65583301 429.17913274 106.31471689 643.88249308]
 [290.21973175 794.26891968  67.40928142 236.7202861 ]
 [117.11427335 135.84900929 755.26363837 240.60447332]
 [635.25417367 107.65760089 508.44749753  23.04568724]
 [326.70906899 786.7144338  216.89606694 747.35168768]]","[0.93960537 0.91084057 0.66581016 0.50370673 0.83012757 0.56148143
 0.30643654 0.64630933 0.30501791 0.9057166 ]",815,2025-03-03T22:43:19.824801
49,0.8501770596774636,"[[353.75306048 762.98520061  90.64160182 185.85642893]
 [454.41515696 126.21763898 201.9382264  169.35863636]
 [343.71183161 428.5570486  241.23057654  25.53009961]
 [635.99048989 613.82735462 236.53481425 300.68669384]
 [734.79162352 773.67050826 439.18234835 604.09592029]
 [563.69439289 571.58486781 294.45380173   4.81400382]
 [403.19621153 209.84384792  75.61668283 557.55398748]
 [703.48020616 798.03012995  91.56215239 737.04940137]
 [675.09948217 757.65693914 574.04914421 231.41601744]
 [252.44706656 468.79802503 520.29416167 535.63282228]]","[0.10063844 0.12505675 0.54248677 0.66031327 0.77990677 0.25541361
 0.78709807 0.96611617 0.97314897 0.90512368]",816,2025-03-03T22:43:19.831115
25,0.8482643741336079,"[[669.666821   224.6275156  534.99794068 435.95134625]
 [265.97110311 228.43077362 379.33097524 419.08393848]
 [312.81982291 287.33940445 284.18271728 119.54400677]
 [ 45.7539233  158.82439047 599.72526507 103.79856097]
 [747.69298798 446.14959256 531.3796674   60.08636905]
 [141.94569355 646.85904582 253.4892409   75.31709094]
 [617.09995841 249.12020994 426.41029511 400.58468511]
 [356.60527868 121.98520018 163.37234317 781.74021248]
 [741.02158017 499.25188407 509.66875144 474.4859373 ]
 [ 88.40042722 606.13574334 500.10484094 773.04365681]]","[0.43306342 0.84022674 0.17254918 0.06404752 0.22552747 0.16032309
 0.50379155 0.85614394 0.67811069 0.84582858]",817,2025-03-03T22:43:19.838604
16,0.8519833765128939,"[[730.22227108 450.72114654 241.60542924 795.97319961]
 [ 20.72393095 508.36867353 481.78688296 243.15453648]
 [694.20778255 589.94731917 276.1751284   77.88181924]
 [422.15568386 696.87087913 650.68760834 549.0675889 ]
 [181.78963107 116.13832145 455.51065888 199.98317547]
 [770.47229411 304.97258226 723.50870918 199.11551578]
 [694.7195945  688.76224517 207.67225242 730.1977055 ]
 [647.10831142 649.6147789  365.00992694 364.03486319]
 [ 28.7876544  238.38548011 795.56094742 775.45194465]
 [343.59804602 488.58346184  22.12539633 245.36436585]]","[0.07956319 0.78805081 0.89009733 0.11591872 0.60864819 0.42929437
 0.80595061 0.69785137 0.31235619 0.39061501]",818,2025-03-03T22:43:19.845167
34,0.8501767172484036,"[[730.3443455  726.65549805  64.32785404  50.69488627]
 [430.88607143 245.91782729 195.40278148 245.51445523]
 [205.50319967 661.5964113  467.4518877  391.01129989]
 [573.63053775 260.00666992 522.30869678 208.40969579]
 [683.43951177 577.59165927 773.3046225  533.75776999]
 [322.77240259 522.73312567 724.53609498 103.17784677]
 [513.26970271 505.34230826 549.56881423 342.18780339]
 [283.72645136  10.08124494 569.7916732  694.62332237]
 [391.18547212  65.67286771 218.51576684 170.6839092 ]
 [676.7985468  782.9573511  239.29273398 362.92148673]]","[0.90681885 0.3062488  0.31169567 0.7949947  0.28395376 0.28949434
 0.79601238 0.02021571 0.14909146 0.40624917]",819,2025-03-03T22:43:19.850894
23,0.8886928001331753,"[[280.17211691 583.95316059 180.21867753   5.77047007]
 [655.88422426  46.33912211 670.24307407 575.34348681]
 [199.31932467 471.29721987 672.23886011 154.01754141]
 [ 26.74452436 628.341268    36.74266329 120.52847944]
 [518.09379969 317.17019977  29.22889337 228.3720048 ]
 [545.04540304 498.2599974  266.9828195  469.98703187]
 [203.19012105  78.01444853  56.18410726 170.90490208]
 [497.11029373 361.70247483  83.4336554  542.53761226]
 [369.4765157   31.71621534 241.13089273 798.68192402]
 [ 55.48079733 746.72919476 593.95773093 562.12530503]]","[0.63877731 0.82389776 0.08582191 0.98337616 0.75218537 0.86891721
 0.94349097 0.08321498 0.63261157 0.39927053]",820,2025-03-03T22:43:19.856995
50,0.8118316689639373,"[[793.35510716 466.30594259 772.29159579  25.05826731]
 [363.61087622 301.16331682 497.9811287  678.09799564]
 [680.41793597 696.70954749 758.62932224  83.80200941]
 [737.22654671 438.30558141 640.71766837 390.59734785]
 [ 80.33555854 655.88563974 591.99575683 673.39323806]
 [212.48866542 606.71979554 512.47079535 586.54230986]
 [185.79614232 125.31497341 556.22086802 705.22256534]
 [ 89.51294158 608.80321562 313.24501724 144.5601183 ]
 [701.62288426 405.62194534 619.9702918   40.36164614]
 [205.79843201 187.26721357 442.05452216 355.58323897]]","[0.98224912 0.58320774 0.32819391 0.28094007 0.87596866 0.62748032
 0.84354845 0.99838464 0.85058958 0.9004259 ]",821,2025-03-03T22:43:19.866151
36,0.872401587185015,"[[234.54636719 424.09183605  16.80886037 469.67582656]
 [355.16349886 719.11623749 262.40310927 430.00804633]
 [218.40949361 174.58712602 726.55446359 616.37191711]
 [128.33478043 447.10886229 129.42507995 347.53814343]
 [610.70915743 660.56760957 503.21537374 221.80130027]
 [726.40211108 147.46816923  38.50243131 725.47442246]
 [174.80462072 214.59778385 102.56690709 784.60177021]
 [162.94851166 550.49739748 757.01398482 486.67578095]
 [702.65144633 260.22818826 182.78183115 237.46375633]
 [689.36714528  37.12258591 200.68419108 612.50014442]]","[0.52958374 0.21164638 0.38830606 0.82596121 0.52678258 0.62130982
 0.71240572 0.20110727 0.55127947 0.25997362]",822,2025-03-03T22:43:19.873709
14,0.877970469882278,"[[ 72.35027376 576.65248611 248.63271023 437.96733006]
 [687.5607171  650.97745316  61.82652113 215.74620801]
 [253.04956924 788.72541731 318.38868824  93.43153238]
 [179.23480583 607.07230265 607.51540345  11.3946979 ]
 [414.51311076 113.3873186  694.50926431 117.31477614]
 [ 64.18043114 635.50761456 159.21949386 147.93827925]
 [174.57658067 525.6457002  183.16993063 341.20075664]
 [ 28.45440826 604.80515939 233.47729817 694.23530103]
 [173.80568976 264.56871843 526.91063539 309.04119995]
 [775.45345623 360.40822177 247.79092553 514.25222578]]","[0.30003282 0.05004906 0.11721414 0.15573542 0.8545494  0.2606762
 0.33032215 0.39217919 0.19788091 0.19953884]",823,2025-03-03T22:43:19.880687
37,0.8125493843152128,"[[125.72148006 745.56500599 667.38150043 796.70527207]
 [ 10.39515564 205.16519885 497.1604594  610.2209503 ]
 [215.60180681 232.15345442 769.77849868 362.98221862]
 [ 43.7483658  705.60375686 313.58159325 774.50191656]
 [382.92363518 704.58056979 400.16779132 287.47955529]
 [491.67288672 676.5456518  462.80661866 287.81859989]
 [473.21433417 770.26360863 239.63742602 171.50571023]
 [638.19330209 359.54873922 295.59755933 108.27979287]
 [269.18407671 497.6564174  481.07313704 252.48070754]
 [648.63368882  43.06790863 368.01434699 155.64573007]]","[0.90118031 0.77588526 0.98494646 0.81011541 0.5164852  0.52415498
 0.42125983 0.9137824  0.78378591 0.91737102]",824,2025-03-03T22:43:19.888039
50,0.8299659510401984,"[[ 15.98505882 565.10405505 551.34479541 618.16806074]
 [686.95259583 681.98406702 756.01245101 671.88102867]
 [ 32.91581337  10.67830128 159.54417537 368.06055341]
 [565.46770903 109.13580698 342.53003926 444.87464913]
 [295.40463265 495.51892291 289.71686466 550.54450314]
 [ 28.9558361  644.79158298 750.30023124  13.24464176]
 [263.1208269  728.28387432 209.06427993 399.70692272]
 [334.87526956 608.04894979 148.9483629  675.3478885 ]
 [454.08311053  10.03997315 503.12492518 555.43792133]
 [ 87.67265519 714.47289528 753.23005478  57.8649305 ]]","[0.66108563 0.93133051 0.21025461 0.60790734 0.71295656 0.40490715
 0.51224101 0.49828191 0.58518839 0.15084666]",825,2025-03-03T22:43:19.895920
28,0.8543030163072659,"[[789.64265024 573.36787622 399.35123475 194.76586522]
 [184.1338758  246.74270295 684.21557319 575.32569715]
 [545.56243824 378.10200404 311.18532046 103.57168002]
 [ 89.97791956 345.51138015 335.27690343  93.35805903]
 [667.3959635  328.2619243  722.53100257 376.22235105]
 [730.51155323 251.64385957  64.82602692 176.42641215]
 [797.09786953  96.73085777 331.95269169 783.15680027]
 [  6.55344037 278.04356492 425.92743353 746.08446844]
 [133.09159053 598.11463329 698.45632984 353.41220138]
 [451.74747211 347.82826751 740.09598686 114.66654891]]","[0.59837105 0.16791181 0.17205173 0.03035112 0.8933618  0.29555776
 0.23832763 0.72566091 0.16336424 0.71570041]",826,2025-03-03T22:43:19.903320
45,0.8126623930701669,"[[511.38249469 323.54556289 625.18119415 594.25274671]
 [345.2675081  666.72481042 757.98760462 730.20171379]
 [138.06093771 469.45505658 756.94866821 311.8182808 ]
 [665.48847338  52.85673695 456.5237619  757.01880531]
 [526.55418155 514.68836555 155.13239091  83.09566099]
 [ 81.23367311 672.93401271 122.28865456  42.70493642]
 [ 65.13372582 398.32738876  46.25905384 455.4996926 ]
 [ 94.94692474 595.80492222 200.99572844 346.58299387]
 [645.82510504 653.11719136  61.38022381 408.33219168]
 [765.49014939  13.72854546 527.26325948 117.46119564]]","[0.70355479 0.49090177 0.06873951 0.31944162 0.36804947 0.41511288
 0.91388244 0.95759578 0.81421852 0.85268236]",827,2025-03-03T22:43:19.908921
33,0.9262835509421605,"[[2.38211721e+02 8.42291412e+01 1.51473275e+02 4.38826244e+02]
 [7.27488454e+02 9.01151256e+01 1.39505356e+02 7.45750207e+02]
 [4.25478719e+02 6.13471244e+02 5.45015618e+02 5.53975489e-01]
 [1.58571301e+02 3.00923726e+02 5.63466619e+02 4.00122281e+02]
 [1.12281514e+02 4.94629798e+02 5.52782490e+02 4.34945216e+02]
 [3.31170206e+01 6.93620564e+01 6.69974670e+02 2.13616405e+02]
 [3.27462497e+02 5.83119664e+02 2.20827175e+02 6.89732089e+02]
 [6.15091351e+02 9.83579529e+01 5.10039516e+02 4.45153783e-01]
 [3.50789292e+02 3.57449150e+02 6.38990341e+02 6.82965065e+02]
 [2.04207552e+02 1.79350024e+02 8.13299729e+01 2.34943541e+02]]","[0.85568338 0.7226947  0.7402932  0.140696   0.02989281 0.00594589
 0.51292343 0.97246034 0.85336049 0.79750735]",828,2025-03-03T22:43:19.915232
49,0.9264880442291452,"[[641.06867904 106.49859268 693.33228145 705.74719643]
 [282.47601235 485.52558665 152.56300618 540.77084085]
 [550.41816505 258.74136233 780.21844807 157.79713179]
 [194.93311297 507.0741615  454.06858801 112.97249945]
 [198.95619689 567.80600095 399.57507267 313.09587573]
 [277.22866935 214.19975357 612.7908372  700.93135013]
 [609.2251645   27.57911897  64.52583767 180.50140056]
 [658.43012387  80.9476843  450.74521542 201.88924692]
 [ 55.95304811 357.16777267 373.70668205 249.72191029]
 [784.38212811   6.86753567 793.12411769 787.00676051]]","[0.01732025 0.04462787 0.98376812 0.0045178  0.83164671 0.71455054
 0.63526088 0.20094264 0.6575033  0.9113073 ]",829,2025-03-03T22:43:19.921689
28,0.8216293516438589,"[[171.09264815 250.49246083 156.26803301 642.66218933]
 [195.25747333 631.07723154 122.23014422 770.09542165]
 [497.64134827 747.19889069   6.18115287 663.05303472]
 [  9.38636836 171.27879059 326.80520921 511.28979174]
 [449.44711225 618.26948913 400.96511059 659.20458561]
 [509.41855855 617.53406032 441.35586933 348.50391035]
 [386.78282821 725.23988566 636.64022983 604.91817911]
 [634.60370245  44.61856934 186.70229138 112.8364034 ]
 [239.62096674 699.48934995 776.7634537  486.14576736]
 [504.44699757 333.26229924 143.46900946  28.32795284]]","[0.99180046 0.10547905 0.06327076 0.083522   0.81087587 0.53211647
 0.48480751 0.70107672 0.41780773 0.39645212]",830,2025-03-03T22:43:19.929134
32,0.8737190202652314,"[[695.04423482 282.67190668 309.52961673 292.25045503]
 [726.98992148 246.64930389 313.05135522 510.63722323]
 [637.57800315 216.71714531  55.35629758 514.29699338]
 [ 40.01306536  92.8528431   41.59525401 257.77981296]
 [507.79376054 756.84290504 324.54928799 360.41158395]
 [307.0010367  636.51717828 603.91574507 246.82296627]
 [ 22.69203069 372.79195981 726.66412922 399.57952475]
 [277.9740329   17.3146462  587.52282562 268.85294099]
 [353.51368669  31.05495345 184.99809847 424.67554712]
 [639.06438393 189.36092811 793.21780833 258.18781825]]","[0.31166877 0.17261944 0.1653219  0.65890771 0.51482777 0.94426566
 0.34368026 0.14248869 0.40041119 0.4535753 ]",831,2025-03-03T22:43:19.938137
24,0.9138033966414574,"[[ 41.63717019 145.47297673  36.24708686 304.31896781]
 [766.48449106 280.32808123 578.2986522  565.91200799]
 [ 91.37921925 463.92698277 103.18674243  61.34593378]
 [145.77165088 373.85627464 190.49633658 719.97226798]
 [177.52409398 639.25039821 448.06650938 666.78792447]
 [102.90671391 220.50877077  13.39330237 152.35873499]
 [324.88411609 289.33663763 526.63671129 450.89628331]
 [721.62086295 339.8701122  266.43764401 757.91980289]
 [601.66174059 494.97485308 373.5734277  294.57558744]
 [166.93528495  89.95955712 487.59336812 225.67316159]]","[0.6399265  0.47016188 0.95913039 0.06225317 0.34080823 0.88007259
 0.12542802 0.63837931 0.49179194 0.27700973]",832,2025-03-03T22:43:19.946214
34,0.8031226418316554,"[[255.59839767 752.25671681 587.22930804 311.9092379 ]
 [386.42304049 231.06390147 484.33656597 531.8142279 ]
 [172.47888674 451.26259991 467.42262328 375.47541985]
 [279.67263609 656.66720202 298.51569443  79.41658456]
 [685.79725865 498.47425288 583.24025255 611.78559819]
 [447.09347944 531.00601957 566.79323382 619.90194206]
 [697.90665641  40.29427088 610.79830232  91.28101234]
 [506.83270652 660.33919655 604.687192   755.29379526]
 [252.35549531  59.39354625 503.82932672 103.45889956]
 [277.6535219  187.18550778 430.8158356  478.13767901]]","[0.64910164 0.33678726 0.26958819 0.11630899 0.32125988 0.40673993
 0.09890207 0.71629944 0.20214259 0.1785518 ]",833,2025-03-03T22:43:19.955336
29,0.9172675945708774,"[[326.36197737 451.90499925 523.55836982  13.17614541]
 [139.27808318 564.53238567 120.67610923 367.88469667]
 [686.90648002 111.42565557 309.76095119  81.75779908]
 [  3.68616078  62.92558069 794.71424797 629.40140436]
 [ 86.21609929 735.25587336 265.75707004 345.15901107]
 [391.18115696 144.07848525 618.69225647 605.17510937]
 [169.35239746 432.38843583 153.45150212 737.41135368]
 [517.08259828 450.00969477 780.50193255 159.11433578]
 [360.02071128 177.25247239 457.83683154 291.97287055]
 [356.69503773 604.44773703 493.92413213 576.86500732]]","[0.51856095 0.08338442 0.01787692 0.19510166 0.72107861 0.58210492
 0.66187237 0.174482   0.98644063 0.40575306]",834,2025-03-03T22:43:19.963150
37,0.8022204982166339,"[[340.22929802  68.46350738 502.15841105 533.70305249]
 [451.40251599 485.71351198 693.0923663   99.73353042]
 [692.24158187 498.57742769 209.16896112 624.26437128]
 [248.25348121 730.07405023 343.67427176 489.29186549]
 [220.82751567 755.30628465 757.31324585 403.97201142]
 [449.6856642  495.53180757 256.73974573 718.04526   ]
 [308.29645323 376.56018962 695.46011718 189.85709165]
 [270.37952219 278.8271646  236.85138035 269.50820377]
 [401.5794799  789.17894207 342.43413314 611.39333603]
 [287.91092348 484.76681732  12.37563693 513.94986275]]","[0.64969758 0.69667969 0.03932378 0.76217066 0.39253404 0.33462263
 0.23905109 0.6984131  0.02952935 0.78141867]",835,2025-03-03T22:43:19.970702
49,0.8610491837638957,"[[284.51201784 629.68367813 471.24750588 679.46611592]
 [376.89711667 236.34895953 365.25789868 788.2769114 ]
 [673.40982466 370.37140712 722.60819152 378.73068083]
 [458.83818646 127.52881956 172.35898483  94.35617472]
 [166.43928426 100.76282326 697.10086228 137.32846587]
 [355.88275496 786.83862049  79.92476942 161.90723966]
 [347.48955957 220.44670976 682.30857684 700.48074998]
 [556.21040497 702.92947606 121.28410316 460.21006551]
 [621.23416932 593.33733258 599.52013147 692.40820109]
 [795.57380574 105.42876079 774.1730304  105.13748103]]","[0.34382427 0.85922076 0.17619025 0.04788481 0.04986563 0.2397878
 0.4633099  0.88535336 0.81045598 0.13692704]",836,2025-03-03T22:43:19.978280
22,0.914899697577106,"[[187.95843267 648.49921584 735.98783465  34.02371363]
 [793.52107937  34.65211747  11.26991336 131.61863381]
 [ 83.97499363 378.37863172 429.09650122  57.25457054]
 [169.58499637 303.50849837 639.52048313 136.30981556]
 [466.99201947 541.55760058 746.42507128 719.07919178]
 [548.74653437 156.89671323 681.81257158 513.56069155]
 [643.03993315 310.5560684  794.84242217 546.71212172]
 [706.17811836  33.03913099 362.91625535 474.57226878]
 [693.22575497 658.01577145 413.36186642 585.90398243]
 [448.13108127 264.51071264  32.13963408 138.18356787]]","[0.98378877 0.79120074 0.18590899 0.59039492 0.50864205 0.56250679
 0.17075039 0.38246864 0.6653418  0.36383388]",837,2025-03-03T22:43:19.984557
43,0.8983066680849473,"[[166.87628603 137.59599458 234.85566857 771.59068231]
 [ 63.44526999 783.82555811 425.70452828 407.82499909]
 [504.09235158 664.10598927 630.25268648 792.01154079]
 [396.15517438 383.30793249  48.77030641 680.54778934]
 [778.53950034 709.5771889  513.46600242 730.27415804]
 [  2.82253584 331.26148778 647.47361297  85.34928943]
 [ 67.20377433 411.43607309 454.24094442 679.60690364]
 [224.54989637 796.00535282 607.5579667  347.83482167]
 [160.01627135  63.41326703 136.98393882 523.38362057]
 [513.54396042 669.95973444 123.72054175 353.21819317]]","[0.94606303 0.90055973 0.71598586 0.93572693 0.36922748 0.22453161
 0.12533606 0.10295138 0.87509301 0.40714783]",838,2025-03-03T22:43:19.991553
15,0.8453524506165456,"[[ 69.86775054 645.06060208 307.60735661 242.30973751]
 [754.21697356 260.59477715 728.57291288 202.27220517]
 [472.47608772 574.49138156 322.90692267 232.51265662]
 [ 64.86704864 694.06949039 654.55725237 402.35257172]
 [370.11039412 424.10472283  65.45172547 198.74703465]
 [462.99598092 408.13659291 178.98502006 476.71425709]
 [369.19756096 688.29814948 687.46140502 584.05940981]
 [743.6247396  416.51932582  91.25720303 590.49222153]
 [348.12570693 453.66702676   8.37861189 403.49841846]
 [680.97472364  79.57765036 245.870611   425.00974388]]","[0.57319586 0.54545786 0.26714186 0.44548885 0.3407463  0.23072912
 0.42511445 0.50764557 0.29641307 0.91257203]",839,2025-03-03T22:43:19.998307
29,0.8767533524410567,"[[496.42938455 797.46497084 573.36288203 757.34147077]
 [391.21140849 190.18014442 225.72390926 787.25740494]
 [537.57152246  96.97764759 447.33167672 540.01219948]
 [148.61308748 248.00017666 786.19571428 420.18750416]
 [373.03165265 284.00473575  10.18456059 414.75157517]
 [346.31077339 253.03807733  21.94615234 197.53049569]
 [ 58.35882929 308.04273334 140.65558584 105.0815186 ]
 [551.71202391 327.50163462 648.27745686 363.34811965]
 [ 26.98174    606.83872936 405.87316201  54.44041978]
 [555.79338776 510.69156267 511.35506258 367.36707053]]","[0.17201871 0.00824916 0.39518837 0.52982618 0.73733691 0.93055043
 0.46497646 0.36299702 0.40667316 0.09504273]",840,2025-03-03T22:43:20.005553
11,0.8382186760142086,"[[561.75735396   7.17852791  67.73223886 514.32954394]
 [588.58532164 179.26742541  84.54412478 577.67899494]
 [205.61896945 203.68139201 226.32253021 233.49268679]
 [779.98283745  59.00697557 263.8427895  381.99556202]
 [ 79.41256971 533.28509722 155.12055125 469.58433395]
 [507.45353207 675.86609619 436.3660937  180.17517967]
 [664.02614771 714.09841945 181.3787181  412.7492466 ]
 [ 59.29126628 526.42418134 368.79421271 172.01250785]
 [440.9915788    2.07138823 657.74488318 470.95260343]
 [  6.86328759 795.43899072  46.42487797 429.3406198 ]]","[0.94942747 0.40013376 0.30668871 0.96246399 0.11573427 0.32576984
 0.83173673 0.6300798  0.95387732 0.27532705]",841,2025-03-03T22:43:20.014186
44,0.8813907667272454,"[[635.11758978 313.55104969 313.33066619 591.2828999 ]
 [ 19.69157786 756.63742537 188.72814566 173.00168432]
 [ 81.38818314 737.25183645 713.86828824 610.78127691]
 [521.7398579  236.74096047 271.87934241 278.50931123]
 [561.45986708 259.02830665   5.98633724 636.37456745]
 [637.62123849 335.39724851 638.75722994 367.80052902]
 [659.400852   162.70301635 142.26156739 440.02583586]
 [507.25176168 795.98422645  19.88296843 673.2351261 ]
 [154.9247632  725.71666365 500.03500299 311.46203509]
 [754.6180731  140.61969208 313.96179211 513.97769306]]","[0.63950843 0.10448207 0.87818854 0.22070179 0.21421035 0.66892685
 0.17787479 0.83876216 0.06555974 0.02450659]",842,2025-03-03T22:43:20.022186
12,0.8357880090568904,"[[463.56529425 422.8091293  381.55769438 177.16261444]
 [617.53300271 480.17462567 210.33877645 253.8619718 ]
 [744.29673149 125.72640379 755.75060511 459.32308476]
 [471.36727263 550.45665276 496.38886108 301.49979472]
 [745.6877349  590.72416394 213.34621052 615.55486047]
 [256.69669224 200.01491055 577.41343802 120.13591996]
 [ 29.62404804  70.62211269 602.38215998 383.53962462]
 [784.80801137 187.62689092 172.04605213 153.34501655]
 [513.76119308 273.39999865  27.99229267 300.72245342]
 [629.30279246  17.50280941 232.93962578 553.82997571]]","[0.26352205 0.29811846 0.15379616 0.04204734 0.50415632 0.53125894
 0.08907522 0.68599701 0.29229721 0.86615158]",843,2025-03-03T22:43:20.029288
11,0.8919087714799094,"[[538.61413302 626.52158201 476.23225626  24.51259336]
 [499.01022464  41.06609849 796.80570764 756.47880126]
 [798.32808069 684.79092726 122.96268573 708.86593628]
 [543.53804584 705.28063248 374.59592264  77.24617094]
 [284.30444757 705.80276606 461.42750137 536.20705558]
 [234.0792032  541.99674242  60.75983871 426.42577124]
 [269.18874128 482.475079   510.09797096  71.76263987]
 [780.45785588 181.88830462 534.20842283 760.19055982]
 [263.29898734 262.00701238 726.75398263 334.59237555]
 [147.21314493 168.88428809 458.28639023 770.88548094]]","[0.29532187 0.11995537 0.28774906 0.10138008 0.3807319  0.26477529
 0.20726072 0.63716314 0.56215309 0.59774243]",844,2025-03-03T22:43:20.036417
15,0.8494444592529129,"[[ 41.63782207 565.52599495 379.67904088 537.27218721]
 [ 52.16580235 297.6264277  544.69912519 662.05336518]
 [494.34730756 747.48699282 185.29120731 493.26829821]
 [136.59154801 305.54185168 528.27047543 626.69718283]
 [736.28220309 543.0762817  332.01990418 578.62486705]
 [390.00432382 126.81833314 697.51908824 592.10768793]
 [653.17477257 130.25827908 338.04459726  68.9926405 ]
 [434.62238492 240.0796592  268.06410939 563.19852032]
 [218.94019716 365.09705759 358.44301603 662.1345922 ]
 [543.19043982  52.60062753 753.53387152 235.88550877]]","[0.20817717 0.81162193 0.34550129 0.71428611 0.67770003 0.32852281
 0.8263249  0.65599797 0.38309318 0.74909543]",845,2025-03-03T22:43:20.042681
30,0.9201451997603309,"[[586.73301243 484.18877616 268.80777553 442.37479472]
 [726.82194535 448.45876813 311.40701021 284.50915033]
 [591.90929804 183.9248958  374.99978666 112.44813247]
 [271.06019606 479.66794873 161.18869266 468.11683803]
 [657.31626458 528.43908353 218.23891586 520.96774632]
 [625.40686105 519.18123781 646.49044099 114.78124471]
 [681.59367717 457.05189365 443.1609195  223.74898307]
 [270.41116421 409.33981569 674.4982409   25.310777  ]
 [419.18171159 121.95898357 211.27180409 166.71960929]
 [ 82.14994347  19.65665809 273.64438808 506.48927412]]","[0.22799341 0.73123996 0.97763458 0.88407039 0.25426777 0.0659549
 0.76366659 0.20958434 0.73673417 0.15390705]",846,2025-03-03T22:43:20.049616
50,0.9082240342122623,"[[198.72276085 594.69916168 555.79079923 791.60854373]
 [546.41557259  88.8885783  654.91798889 731.34902643]
 [347.18994706 447.96254726 343.64723708 223.94901311]
 [554.51631428  69.84479953 492.38292955 682.93504185]
 [785.09873539 559.44378996 783.57895516 418.85322069]
 [706.45983788  63.31095286  77.01582329  49.04590397]
 [174.57604423  53.40178888 230.58090193 677.03148222]
 [ 21.5065051  681.55590999 708.37164254 741.15140309]
 [240.76924026 443.60770813 724.1835626  229.44427738]
 [621.42424184  38.13502306 324.49496526 678.59487938]]","[0.99077358 0.13907036 0.11579612 0.4182524  0.45342021 0.42170075
 0.22060981 0.09369195 0.01018961 0.89234138]",847,2025-03-03T22:43:20.056533
42,0.8002336222708036,"[[422.30161526 273.16091767 679.87500661 592.4544498 ]
 [ 75.70275728 464.31562925 432.28335547 653.71393181]
 [199.26232804 446.79179087 169.90573047 757.15243895]
 [401.64658111  45.57965571 376.93414473 694.98984844]
 [707.69943308 612.5224681  562.11124145 721.16094191]
 [121.506526   626.31222414 321.68547914 611.09675718]
 [214.17903073 505.23244562 177.54594042 348.90438943]
 [714.18508339 442.83800406 251.73552963 448.46011267]
 [681.06688508 393.55319418 184.22763046 429.67551383]
 [592.0636213  298.30232989 566.74377564 786.63743377]]","[0.05007784 0.97434984 0.76354403 0.33136438 0.8646873  0.62850554
 0.37539955 0.45867288 0.65753543 0.33096768]",848,2025-03-03T22:43:20.063334
32,0.8289880106350942,"[[644.68230611 462.40446033 238.62051763 391.39092316]
 [417.07659137  49.41545304 620.94613499 462.04432834]
 [275.2957283  724.08775017 757.14789118 735.44815197]
 [553.7457169  370.82641868 721.21585175 192.58862249]
 [354.87689118 611.9066275  714.79437511 299.83113524]
 [796.90290698 752.95482357 614.30457736  84.37958409]
 [275.78386137 345.70294916 180.96384552 564.060761  ]
 [735.70364023 757.49170653  22.82002646 148.13399771]
 [207.78677184  28.64834956 386.49014988 174.104242  ]
 [580.11415018 465.46675838 624.84934407 590.10059447]]","[0.42735256 0.94498403 0.65440571 0.00905238 0.69545695 0.44994462
 0.36941107 0.7341146  0.46817039 0.93982008]",849,2025-03-03T22:43:20.070607
12,0.880123038152867,"[[ 15.05286375 594.26895353 125.49730494 476.44210373]
 [206.95605249 255.19040337 682.63027286  68.52965409]
 [762.15693783 589.28650064 741.90138821 561.55058514]
 [250.68672794 221.80747836 393.03607225 545.87788957]
 [112.17247228 719.65523517 340.63745017 328.61951898]
 [680.78898803 205.00650578 750.60408334 288.79142396]
 [ 23.28684841 321.3831531  308.32994402 602.33435971]
 [228.93319605 674.0190642  263.12503291 414.02738041]
 [736.10637253 229.93943681 126.91076745 108.71694995]
 [746.97730281 150.72241607  52.62778147 332.78738835]]","[0.99338989 0.9325981  0.03178891 0.64044294 0.90422506 0.20781239
 0.30957341 0.22044745 0.07392903 0.45653699]",850,2025-03-03T22:43:20.077330
33,0.8257176571671418,"[[703.38584964 199.0481443  469.03446173 588.69580625]
 [751.36143796 114.00686917 519.90210471 451.29156669]
 [511.24192975 243.77226288 781.89525729  77.60298713]
 [792.10463232 732.25501427  10.47737826 464.62343392]
 [359.02129553 484.20758114 112.81438415 744.36079325]
 [512.83167805 692.45448113 238.28196001 137.64806659]
 [ 78.76656646 180.1260717  168.88312231 427.80931403]
 [ 74.08252553 153.71047361 319.14232451 269.23767897]
 [492.3512759  788.1085858  583.21048029 684.26951224]
 [288.59449285 316.07983059 115.29311625 199.16452303]]","[0.99336056 0.90238123 0.69454309 0.43898572 0.91877811 0.97761938
 0.98714407 0.67284546 0.3577257  0.10455031]",851,2025-03-03T22:43:20.084796
31,0.9472289451732456,"[[443.04722268 589.80464664 191.8791313  774.13008516]
 [538.16191062 392.26749108 251.57707155  96.33064359]
 [ 55.36198724 529.79679987 497.97400207 539.18643755]
 [ 82.51334092 114.04260763 726.55838256 108.17183043]
 [436.14323053 474.1792292  509.39501779 213.30619732]
 [484.2951868  624.05423637 120.20602515 136.63012192]
 [585.49202705 679.23076711 510.96969858 241.57764123]
 [ 31.78679308  24.05632263 639.94193648 434.07380822]
 [493.0958623  685.76301144 335.52149111 524.25512311]
 [424.25090856 788.22082864 123.93405474 259.29735238]]","[0.18244989 0.50606543 0.31016858 0.74409293 0.04330227 0.89455845
 0.80923067 0.25250131 0.50396796 0.11257735]",852,2025-03-03T22:43:20.092891
34,0.8838032489567675,"[[148.20841857 498.5862522  624.94204656 367.64753358]
 [550.39998017  25.64630841 504.03204064 779.50771533]
 [371.74796237   4.68637312 384.73253027 389.63886548]
 [208.84138036 367.05808968 324.71053736 651.7057651 ]
 [676.09518161  77.04624204 750.13479207 672.76853389]
 [ 94.98680688 682.09049125 321.52364156 615.38119421]
 [377.22565265 506.27138535 362.91164843 691.36040492]
 [776.88632008  97.51787664 501.5547637  638.35972599]
 [746.86920301 528.1479746  519.80963297 229.7453571 ]
 [718.71947912 497.4617014  187.50650028 585.29686349]]","[0.50039832 0.86342797 0.26009085 0.68334273 0.61376345 0.25774033
 0.86727732 0.40725288 0.53737851 0.36304514]",853,2025-03-03T22:43:20.099872
19,0.8517643216233834,"[[  6.57808974 642.31366448 364.77122015 712.24777563]
 [676.13907506 422.98728611 526.50254575 538.21807172]
 [177.53240063  65.83851952 629.17142521 581.31396284]
 [311.53498731 201.33875323 780.00211937 453.36239061]
 [663.26445307 241.51062638 779.9601795  506.75171393]
 [181.91100867 104.9602184  345.12829515 779.49519813]
 [589.34547349 527.68233126 772.77466258 444.21714082]
 [445.27452809 547.11876507 211.29176861 166.74824615]
 [529.81250845 225.08424503 300.40859109  50.29509736]
 [471.15760432 745.1024023  300.30938501 124.62054573]]","[0.01395458 0.67198115 0.6636728  0.72241941 0.18874312 0.42193577
 0.71647633 0.11812682 0.17279999 0.66491648]",854,2025-03-03T22:43:20.106965
36,0.9395539990907028,"[[733.23172983 240.19392212  79.652857   584.25519217]
 [187.93680549 233.09593158 491.94152414 460.70756685]
 [568.50513307  21.5603965  634.82905868 596.63160799]
 [394.27943191 223.90404606 462.37814465  51.31694866]
 [580.22056079 182.39972291 515.09216543 797.15249406]
 [795.03901449 229.38940665 295.05784292 119.13005781]
 [122.11327717 236.49317902  10.59994051 663.62007069]
 [713.30583654 545.46978505 401.78819899 214.00154688]
 [716.0508146  442.93803472 622.27972852 117.57209723]
 [363.82566199 156.40821835  70.52680015 173.70850063]]","[0.90828485 0.16575705 0.3532719  0.3891902  0.47640548 0.04824259
 0.91125394 0.32206642 0.36657324 0.25863816]",855,2025-03-03T22:43:20.113967
36,0.8006242908530403,"[[6.48677645e+02 5.93365275e+02 6.26166142e+02 3.61699524e+02]
 [5.89818972e+02 6.71972375e+02 3.99924942e+02 3.74251825e+02]
 [6.84827524e+02 6.80554028e+02 4.07149607e+02 6.33207177e+02]
 [4.60876613e+00 5.32690616e+02 2.49429515e+02 3.45859433e+02]
 [5.31095327e+02 2.38020178e+02 6.69946433e+02 8.58187878e+01]
 [6.94248277e+02 5.50873845e+01 7.36503114e+02 1.90809050e+02]
 [1.21777080e+01 3.02762287e+02 7.89586290e+02 2.93752013e+02]
 [6.24725567e+02 5.40573223e+02 3.38126113e+01 4.65555099e+01]
 [2.36393061e+02 3.47021225e+02 3.50252879e+02 4.67301076e+02]
 [3.59654422e+00 2.72888431e+02 2.84426464e-01 6.82916523e+02]]","[0.41550908 0.69399858 0.76813202 0.6920772  0.72977522 0.52205609
 0.53937289 0.2150519  0.22518908 0.77835402]",856,2025-03-03T22:43:20.122009
38,0.9237885926286912,"[[702.07389852 745.82056569 219.82975551 557.28000416]
 [709.08255706 698.44763401 615.18097629 650.51556643]
 [107.88638826 262.16293966 546.96274035 676.16522003]
 [622.85859911 212.19613417 514.85107571 432.76892254]
 [456.62575569 308.07461173 386.16805943 434.22383847]
 [714.69443622 745.94685121 148.3461261  521.30853662]
 [ 46.64683506 692.68538032 193.46653255 493.37522003]
 [354.99750308 717.27181385 577.31652772  91.33938647]
 [369.87899404 365.43488622 377.1891852  173.21024271]
 [ 85.47992641 528.26941811  72.10969141 353.31477505]]","[0.19880426 0.09068002 0.40211481 0.35520196 0.37059803 0.70427166
 0.77869621 0.17794441 0.18402258 0.46660661]",857,2025-03-03T22:43:20.129859
25,0.8661506923958207,"[[411.73664909 663.71011416 352.91340174 505.1297206 ]
 [570.62227196 568.88896457  21.31155159 317.97549977]
 [302.59504463 303.12398716 109.27753351  28.76143916]
 [665.1727117  218.01227919 642.47505858 725.9041045 ]
 [355.52958658  10.3005786  301.8096798  113.52011002]
 [184.29251906 615.95916306 424.37218002 651.20397005]
 [717.18440865 357.58950953  88.1636024  412.19809644]
 [639.9016613  366.14451198 107.47162838  74.4627747 ]
 [637.76017904 385.25100121 310.84984843 423.24290251]
 [516.2170959  328.91710037 536.52311234 402.94278631]]","[0.70539782 0.39171039 0.6059429  0.51149055 0.75344761 0.64713322
 0.78137941 0.05319176 0.46942366 0.45904209]",858,2025-03-03T22:43:20.137270
23,0.9338988794573497,"[[ 69.27764252  33.11221143 414.9466173  595.68293542]
 [614.69261984 346.43281402 116.29553438 781.43773758]
 [266.48531024 454.96564273 417.56004859 588.50977547]
 [415.69762085 189.11356985 237.85423778 683.16850501]
 [603.12026338 267.44972041 469.35329784 385.74088743]
 [437.66147106 439.36428833 661.7568339  226.22800013]
 [112.80179765 188.03547926 497.02231368 525.64494416]
 [530.32525969 759.80714121 704.59528259 101.75024699]
 [692.15752655 462.9868428   37.10525534 695.48057127]
 [ 22.84874582 455.42273503 672.52256844 460.25861003]]","[0.35693773 0.47695308 0.37767701 0.4719819  0.4375215  0.64576385
 0.9645475  0.88155827 0.32498122 0.83973709]",859,2025-03-03T22:43:20.143765
29,0.9494723555811941,"[[663.26982333 341.88178365 518.95349795 528.6664283 ]
 [437.37938404 103.57435084 302.34196135 370.80736329]
 [653.02011635 483.84356266 343.17138585 782.57539751]
 [458.86213411 566.79264617  22.21266326 381.29842767]
 [ 81.61130527 252.36139636 697.24503316 636.89396763]
 [ 83.4685796  619.24075349  46.12938601  57.70184587]
 [667.38380359 297.49435024 717.24074873 308.00326597]
 [477.47616808  30.02991999 526.27084264 596.9485661 ]
 [514.87923401 615.5959134  175.56904417 268.17998712]
 [159.18482385 672.92168652  14.28593512 710.94114989]]","[0.54341043 0.09866376 0.91289261 0.64049805 0.09961059 0.13898003
 0.29583773 0.36578385 0.2237841  0.83213667]",860,2025-03-03T22:43:20.151944
25,0.879294789923408,"[[703.65574656 638.04566462 714.23569638  68.70151114]
 [104.92946698 177.71943678 291.90431085 241.95950107]
 [733.6961477   44.81682849 736.51423032 274.27813419]
 [210.36329496 766.80294345 528.07355668  27.14122456]
 [608.89413666 413.3013135  717.56078703  43.8653338 ]
 [102.26436188 619.85543297 556.36541882  62.9295887 ]
 [618.14895366 672.54826336 543.41202496 362.89967297]
 [594.24240649 430.97465075 658.10010418 432.01609205]
 [304.45128734 325.21049453 196.21577013 437.93461085]
 [216.63750037 604.4820465  190.38653796 522.39897185]]","[0.11411748 0.61090777 0.19973838 0.76865781 0.05506482 0.30561843
 0.87793387 0.95259586 0.82993792 0.35854599]",861,2025-03-03T22:43:20.158516
42,0.8684558111831704,"[[511.06763376 511.50901532  49.02422411  84.76573873]
 [528.34001598 160.13224868 224.77683307   9.75642778]
 [ 20.64505472  85.85658291 250.73816241 425.61051672]
 [ 59.65425633 741.88251537 490.46413418 754.32800653]
 [564.61664934 775.84838    659.53817038 786.50145149]
 [102.08645239 791.48204723 540.27074526 590.30363899]
 [485.86571305 302.99871597 550.66799732   5.56938856]
 [109.54104122 797.12938967 161.76360368 406.00036138]
 [311.13368947 443.61885    206.57669176 536.77874883]
 [651.81618658 189.77515135 397.77694818  10.29664456]]","[0.44561129 0.9641856  0.46054648 0.2656359  0.51635728 0.07620482
 0.55917433 0.31517112 0.47744774 0.73349769]",862,2025-03-03T22:43:20.166460
46,0.8715100620985784,"[[3.10700463e+02 2.36115857e+02 4.06302450e-02 5.92818530e+02]
 [2.27605908e+02 3.09798263e+02 4.48389017e+01 4.71092039e+02]
 [2.68800741e+02 6.04883659e+02 3.32706908e+02 4.48839548e+02]
 [5.84328903e+02 1.26450443e+02 5.36230361e+02 5.78136520e+02]
 [1.90841489e+02 3.49508724e+02 4.33240812e+02 2.92940173e+02]
 [3.16421390e+02 1.04328317e+02 3.84095176e+02 6.25356250e+02]
 [3.58199374e+02 5.85712635e+02 6.47729315e+01 5.77419310e+02]
 [3.38306431e+02 2.45844603e+02 7.75280725e+02 4.80681263e+02]
 [5.11893505e+02 3.03160069e+02 2.34536836e+02 1.37138819e+02]
 [7.96446136e+02 6.36725134e+02 2.54815266e+02 2.72644638e+02]]","[0.13024379 0.57646334 0.06867617 0.13690411 0.99926745 0.20340358
 0.16991307 0.41810941 0.37305351 0.53956102]",863,2025-03-03T22:43:20.172788
20,0.9441224492267213,"[[266.35477117 263.55434625 604.41627181 289.35220063]
 [599.99869346 719.23706598 720.13982187 210.17411163]
 [276.43605088 744.78132212 389.16434129 189.46236282]
 [421.27266679 746.2282581  278.46191673 690.14845049]
 [707.7932511  488.50325993 709.99066554  71.41357721]
 [460.51124402   6.41209233 669.88162242 714.19071405]
 [596.91412769 785.38136781  21.91901922   9.80173713]
 [406.03816981 300.19983785 526.74566228 458.75392837]
 [768.2415147  438.69225646 161.24325456 272.48288853]
 [796.21532418 664.02024174 567.35056126  93.83205125]]","[0.00370645 0.54374983 0.76206775 0.31187596 0.65150025 0.95584162
 0.35349327 0.62641084 0.66351078 0.87236403]",864,2025-03-03T22:43:20.180325
30,0.8896827718327008,"[[623.6973298  716.79011657 779.68310742 464.5215366 ]
 [769.29081487 736.35055243 495.29867437 624.69989613]
 [ 46.70751149  35.36335991 482.66688521 433.48196076]
 [ 17.43433777 121.94783942 107.25633458 630.12859446]
 [274.83860955 445.94873898 101.28082796 744.34733533]
 [ 19.89417572  73.0446588  325.47015679 726.66781508]
 [ 50.3177515  309.75008514  95.71200958 388.46417087]
 [510.49629165 115.48157985 308.27419068 161.74580685]
 [723.13272129 745.25009619 110.73309012 775.95756579]
 [457.72797376 531.90476815 608.66508853 127.43357531]]","[0.13252203 0.13458506 0.87869742 0.08881643 0.7798627  0.78397443
 0.23784095 0.3466064  0.21438268 0.01056547]",865,2025-03-03T22:43:20.187325
26,0.9492653580676933,"[[112.14228535 768.31020691 602.26155892 628.3459181 ]
 [687.86696097 560.94334961 344.42718555 176.87791788]
 [760.30541355 463.15150097  49.97243894  62.96799432]
 [ 81.62939214  65.09075762 734.74166104 231.01716075]
 [235.33524784 681.17451477 121.0579227  302.09272642]
 [772.20635864 594.90585112 132.69029814 157.5967436 ]
 [675.84043321 781.06790838 572.73002374 317.69206152]
 [332.33803207 780.87689523 324.40155294 115.51123908]
 [275.16538199 513.31650895 144.38162009  47.53802564]
 [755.9157457  470.04258978 466.97836979 310.43398448]]","[0.4947071  0.48543461 0.71126747 0.69474345 0.84342915 0.96982428
 0.26868886 0.21712099 0.0555441  0.22888445]",866,2025-03-03T22:43:20.194831
39,0.8906164027117432,"[[553.01784594  22.4217758  103.99603152 187.53413875]
 [656.89741117 794.72041009 166.13467755 687.53060435]
 [755.08493254 561.26875439 144.17218479 479.2754282 ]
 [560.54760496 129.85350837 696.66699202 637.3118044 ]
 [582.91177075 432.81114947  65.36696877 709.60200618]
 [ 23.9509797  286.34508404 270.91466305 344.12694918]
 [ 96.77118773 475.3477646  642.44127165 542.25217118]
 [395.46826865 426.40227196 185.41711985 348.83514014]
 [211.72110025 546.07618338 417.25854084 209.66684244]
 [410.50554762 535.41520626 558.81783514  15.85945639]]","[0.96090643 0.19522125 0.50782079 0.57892151 0.17772586 0.65028953
 0.56965064 0.96368755 0.68956402 0.28139523]",867,2025-03-03T22:43:20.202353
12,0.8471665898692826,"[[464.21563716 367.21698047 385.01592007 540.70765315]
 [166.34533757 672.33607229 241.919924   360.63295463]
 [ 95.0311509  110.0682813  534.16579367 655.69908229]
 [287.82325772 402.33582817  19.64269684 357.49760747]
 [708.67933414  59.80654601  82.13894214 759.412389  ]
 [281.10971773 571.47655899 649.37735022 281.05891176]
 [363.32382314 165.90030916 303.61746034 137.87708227]
 [258.52827997 551.9494987  261.1525649  115.65605363]
 [  6.42057847 725.39906596 399.90179539 547.46862228]
 [786.82138968 327.04487657   2.47446908 543.01658563]]","[0.44376523 0.92764496 0.27686764 0.1202186  0.36555796 0.34989571
 0.68550201 0.65418616 0.82356107 0.05991197]",868,2025-03-03T22:43:20.209352
16,0.8678736556992582,"[[ 45.28155526 329.77465899 644.69146051 683.86289249]
 [669.29175814 741.24926956 416.12641364 671.87723986]
 [ 46.36993508 241.41690532 716.2869258  375.91053047]
 [546.62517192 155.65782575 775.26441647  56.8222862 ]
 [249.89751672 700.39590294 526.37907929 500.22374463]
 [ 68.3159769  632.8743972  172.61260945  46.64211065]
 [247.50850531 345.61042428 523.30009131 505.91206034]
 [ 78.23347239 372.28087733 282.66594009  94.66162835]
 [418.69227305 139.63271648  18.41468436 199.86830589]
 [614.16062682 641.16699024 264.25168659  95.74125527]]","[0.33620289 0.02460904 0.54173016 0.04519614 0.74233211 0.68824637
 0.45897278 0.93894712 0.37931684 0.18601042]",869,2025-03-03T22:43:20.216761
25,0.8104120962717781,"[[708.81209405 348.25764279 164.96653338 119.30953571]
 [101.00143873 194.50613425 287.76040377 210.80374929]
 [453.37917208 633.41339073 790.28322955  99.51588919]
 [268.77344029 305.48779936 198.26928597 276.95637459]
 [ 89.9157975  145.20283898 451.98110077 495.81842111]
 [334.27844501 215.62180272 535.56727334 306.90513674]
 [229.67128269 577.08183498 514.24648496 596.60999869]
 [400.53938001 368.26249245 546.55692347  68.22589957]
 [ 72.51757    558.13608127 642.79946261  51.17687566]
 [447.77432015 506.35657853 210.42261345 328.17874434]]","[0.0755009  0.39879928 0.8764714  0.82186279 0.27945989 0.07855454
 0.27414798 0.94208569 0.9176299  0.42417796]",870,2025-03-03T22:43:20.224799
20,0.9051970323650533,"[[ 64.64345928 459.57225283 160.13859213 747.40728871]
 [133.85164385  35.74795408 111.45551875 146.24744607]
 [798.83478259 477.9674899  294.310171   612.03803847]
 [  8.22182383 542.68422164 665.5572721  765.37249432]
 [ 12.82087642 760.38283789 407.08514583 735.97509269]
 [679.69447566 759.59103524 344.07921311 570.83663842]
 [446.9535856  641.63918096 140.01640773 401.90779704]
 [412.00097836 535.57755975 585.05740511 398.98229924]
 [359.35565154 164.6208188  635.1374497  789.41805924]
 [239.69827396 177.35420291 373.44131305 196.72624601]]","[0.42009451 0.39543589 0.94565129 0.67490579 0.05122239 0.51087947
 0.27537187 0.03119148 0.30124006 0.38512196]",871,2025-03-03T22:43:20.232346
24,0.9136471100852774,"[[476.27825822 456.22671301 786.7399687  205.00088542]
 [ 99.89542823  57.78453807 444.76590212 676.82511644]
 [558.03593464 331.45801154 766.91303763 154.84189508]
 [352.24583809 112.7408366  175.44120004 738.1482318 ]
 [267.67941476 495.52799947 144.4637512  338.00419772]
 [ 87.71573954  10.66404702 777.84568452 326.97626595]
 [359.06596432 447.82619113 447.14867401 513.06193978]
 [665.15388826 498.53840572 172.77304504 614.26579392]
 [448.81322157  47.90587109  96.21483627 490.64024146]
 [654.35556981 332.95983419 447.99746202  44.11149574]]","[0.9263053  0.43745247 0.90445883 0.75941831 0.11326677 0.11251748
 0.31003244 0.50883701 0.11202306 0.76922084]",872,2025-03-03T22:43:20.240832
44,0.854722675110519,"[[594.29135404 631.99412098 152.26239815 496.58198026]
 [428.63262004 611.06791591 414.39335951 136.28127055]
 [580.76387646 214.42494733 630.10940278 296.46584227]
 [412.3649012  109.2887888   72.53729868 197.4174359 ]
 [487.69915846 791.81117174 603.78317804 395.66493792]
 [486.36536428 734.91980205 700.18321246 686.11164043]
 [584.78469232  46.44248112 354.07261625 585.33188922]
 [105.24005105 402.97699734 211.37656578 674.04332181]
 [168.81836827 449.29547846 106.66354867 128.76642035]
 [ 77.65329664 231.45432231  88.06882415  98.62674091]]","[0.56102214 0.32518681 0.63039113 0.51934707 0.85349782 0.97960565
 0.77177578 0.5750234  0.43070889 0.94190607]",873,2025-03-03T22:43:20.248939
29,0.9102017085016431,"[[547.89673228 652.95743213 126.55504706 160.03080212]
 [180.35659294 323.62707615 435.19944393 341.13879247]
 [177.39920452 477.04993885 699.00941967 762.31688175]
 [585.64441712  76.76765859 750.34111363  44.60133986]
 [ 39.87313881 202.32663205 532.00925437 432.66699886]
 [572.11731599 519.11110337 299.33773541 384.36625459]
 [368.88867508 470.20406276   2.38537002 652.77785435]
 [ 93.91593142 730.7472722  408.63328302 247.29750226]
 [666.81263871 448.38720253 374.58874706 633.21716304]
 [770.19873748 517.95252007 437.66827523 166.00900356]]","[0.79166305 0.12193937 0.4620674  0.1678356  0.95593566 0.91721699
 0.23335205 0.5107572  0.45562474 0.34556485]",874,2025-03-03T22:43:20.255974
27,0.9193306033493661,"[[773.24954098 311.17332043 702.13916609 514.00622125]
 [604.64368694 721.69405697 598.53421772 144.64348988]
 [718.51852856 602.26992092 652.85132107 277.02899147]
 [401.59210434  94.06608963 430.19489268 232.6660598 ]
 [134.84840979 665.22887504 258.18378358 241.30562594]
 [467.19483118 454.29160932 531.93030227 524.02756426]
 [ 53.14377921  54.93123469 259.19239925 205.60732347]
 [ 42.0401883  784.81031735 645.47694333 724.36850623]
 [265.30324809 312.34046535 338.29571863 158.74519248]
 [ 60.74959796  23.9759328  693.95570462 653.86377894]]","[0.04386857 0.93940185 0.21918197 0.9895997  0.7009197  0.2961362
 0.19472419 0.47691024 0.94878067 0.27009051]",875,2025-03-03T22:43:20.263799
43,0.9018485945327904,"[[741.08449517 640.07543946 628.44408186 566.09734885]
 [648.45425784 470.36282056 241.23565285 790.21882708]
 [436.71350254 617.2875901  195.53582503 614.17388971]
 [728.10885313 286.73376369 384.05789622 106.35249997]
 [207.28779772 110.67797375 479.56787307 100.96217908]
 [575.30794987 506.66646853 799.49095533 665.60162114]
 [306.89947625 578.71745414 560.38227152 242.05819686]
 [427.60309273 130.67262197 110.53622858 571.24528889]
 [686.64931187 729.73222838 199.3202602  677.89895583]
 [208.86231332 139.30107947 423.49158758 635.11368755]]","[0.12217534 0.76732653 0.37607024 0.89169277 0.225945   0.64797945
 0.53462984 0.34593093 0.16757364 0.35157049]",876,2025-03-03T22:43:20.271505
44,0.9163667147320299,"[[315.2173065  423.85183219  20.00845542 516.75658071]
 [283.50469134 475.34127398 615.47780028 683.69123574]
 [104.94370731 493.01998295 269.16533654 744.86131475]
 [  1.44206374 579.27706557 408.08065243 553.64717578]
 [787.3490413  254.4868655  281.34421081 432.25573901]
 [ 94.67544765 313.10370901 299.01378208 798.03677642]
 [583.36134271 201.99563197  23.97435538 691.74887283]
 [121.01598361 645.37064557 731.27093318 546.11630862]
 [311.02460457 313.94912776 184.31142369 573.56122724]
 [592.03723856 390.95999538 478.49218626  48.87046248]]","[0.39013242 0.7105907  0.85246867 0.06313386 0.34829292 0.82248756
 0.96321237 0.73003077 0.71349388 0.77052601]",877,2025-03-03T22:43:20.278107
37,0.9086534995800751,"[[157.47471819 566.43869625 471.85262025 598.04903656]
 [469.61240273 760.43646894 462.17382829 782.14797996]
 [508.78571774 315.34544789 246.03891225 371.18026038]
 [380.64721188 367.07746382 561.68545288 612.93299751]
 [703.85507189 215.25322475 707.75038963 135.67369957]
 [118.69875286 231.38748708 165.98838498 430.44302435]
 [692.81023186  58.4960278  160.56136961 543.7066693 ]
 [ 42.02561101 336.7309365  130.73144914 513.49727626]
 [409.79227878 585.62209999 145.39520209 354.6126385 ]
 [242.66362543 214.60869401 689.55734912 202.315831  ]]","[0.03701267 0.39606522 0.23235985 0.0059949  0.3140449  0.24041207
 0.46726979 0.28336759 0.17715761 0.41350819]",878,2025-03-03T22:43:20.284853
38,0.8449772340705363,"[[429.09449627  57.34305239 696.07959757 136.75950635]
 [791.8880479  211.97398002 290.79654961 380.60282494]
 [716.68040947 285.72140799 643.22616881 486.10923148]
 [ 74.3031343   22.75843063 371.63225182 430.84299593]
 [284.69931499  13.22484701  19.78976462 665.24075464]
 [734.16964431 119.39515767  19.53782824 395.08012641]
 [522.70629497 791.84564087 556.09656303  89.62620291]
 [717.25327485 504.67984735 635.56317885 650.07343231]
 [292.14487339 785.06265952 319.42425345 722.21172704]
 [202.41866979 444.41110077 579.37491293 435.66541843]]","[0.20091659 0.64885533 0.99869656 0.77665609 0.89004939 0.67485996
 0.57759901 0.09506591 0.62583978 0.67572471]",879,2025-03-03T22:43:20.291361
15,0.8107629273735605,"[[659.93790561 594.19925916 263.6110094  639.37589951]
 [225.13388639 620.37790984 329.68341231 376.19207204]
 [ 57.08047425 468.91764237 688.55671809 411.87798769]
 [743.66172473 512.27774847 198.86798046 740.5233378 ]
 [359.32813429 256.11871974 127.5435459  155.87985211]
 [567.0987483  189.20967183 186.34916368 290.24663729]
 [121.84573321 506.8527305  596.60198909  99.4812866 ]
 [484.68163176 535.04604581 691.49129184 434.91196594]
 [531.81709875 267.14408246  78.49371758 495.2033381 ]
 [ 51.35571318 598.37508977 575.52704574 462.44099027]]","[0.19995828 0.1637444  0.57171788 0.74778535 0.16184959 0.00408417
 0.626608   0.18080244 0.69373905 0.87840791]",880,2025-03-03T22:43:20.297172
25,0.859339823626906,"[[382.27284677 745.04959879 646.1327407   29.4685809 ]
 [755.8226174  696.02173117 540.80490187  52.06922612]
 [407.34594121 523.67020745  26.37611886 678.60453307]
 [798.29727481 673.54214066 645.78525371  23.58980219]
 [530.80374701 706.56187091 462.1210618  360.52412939]
 [707.25119702 252.43417916 237.47062015 143.5785846 ]
 [ 51.33232839 534.45301524  97.06740381 312.4756937 ]
 [729.01897306 708.72655475 713.09687108 154.83450525]
 [ 31.09660137 558.26032125  38.17646659 228.49122571]
 [576.54898143 747.77328907 148.69208828 237.58621371]]","[0.67649327 0.24018453 0.48049847 0.53882172 0.13205396 0.37151922
 0.52119989 0.62985749 0.03695536 0.0840379 ]",881,2025-03-03T22:43:20.306656
10,0.8978817737765575,"[[177.83301      2.66992418 690.66870445 678.74119474]
 [314.93954329 791.97462862 650.51199911 367.96741788]
 [ 19.25961475 168.45928559 576.7366053  725.29192682]
 [ 96.70726487 717.69928464 556.41967677 264.98170349]
 [542.25410271 636.62749266 656.84775243 239.22788809]
 [216.35074522 725.33753975 490.63490277 121.23224084]
 [729.12622964  81.33516202 506.14339143 330.0976001 ]
 [312.83241713  19.34227188 119.38298323  83.87365615]
 [722.4633396  157.30803511 151.87039595 719.95341037]
 [502.23791404 473.63869392 733.88558728 356.09372741]]","[0.20082815 0.05590358 0.07787471 0.59698917 0.34942889 0.64661808
 0.00784371 0.69171948 0.06992568 0.15346916]",882,2025-03-03T22:43:20.315668
47,0.9219464127838312,"[[148.18528672 415.03391549 115.2703444   91.02563662]
 [752.38290715 417.59190665  55.15225909  98.00732151]
 [398.50505925 595.98493769 182.63205392 331.01673694]
 [714.08935831 421.42532665 268.32908153 148.41226209]
 [165.98642449 759.56070467 256.80365807 112.53068928]
 [280.10680024 376.69699255 687.31343614 583.65983888]
 [451.50755885 612.39817409 772.53380416  33.58221784]
 [513.2746428  742.25524405 316.91131856 190.10549233]
 [274.03849471 614.837766   288.46288017 542.76868446]
 [154.00324165  63.78044709 280.85275515 448.00161975]]","[0.08435342 0.21746236 0.19519816 0.82571877 0.08026618 0.96258799
 0.48689303 0.30634112 0.00904481 0.66123449]",883,2025-03-03T22:43:20.323665
45,0.8242686914206196,"[[724.16827945 475.23626466 799.82974533 250.0640862 ]
 [563.82940562 232.11435825 150.83120418 451.42958099]
 [786.80736779 608.23559306 571.72107953 654.08401799]
 [ 85.4404287  790.28406149 745.7936712  527.19938883]
 [120.49499707 579.60259586 373.40968665 612.31683347]
 [303.81870345 582.57793443 252.3821688  106.89201617]
 [603.94371297 642.52306939  16.94457295 297.24000237]
 [265.14905502  55.71354543 260.7415019  779.88689986]
 [642.31662587 376.99897174  69.20481473 315.48102565]
 [ 63.95779729 396.21524479 345.34571047 376.82715921]]","[0.08505297 0.95573243 0.12840814 0.96562026 0.20395302 0.66573228
 0.14822543 0.4760435  0.60033038 0.5927431 ]",884,2025-03-03T22:43:20.331455
28,0.8607568251729135,"[[359.04299737 376.66134792 558.98071808  78.34740477]
 [161.37662029 559.39899979  73.05381133 396.53307345]
 [304.10777496 746.66873697  47.18922712 217.99680227]
 [424.25763428 412.88932896 206.21283586  27.17218671]
 [172.56470174  66.22210002  60.92596656 278.94494081]
 [503.85239074 747.34391181 540.15183575 187.51629859]
 [ 74.85867559 542.96135675 595.39700575 568.5095953 ]
 [ 21.45931997 701.433943   161.90314521 565.40790978]
 [372.75501981 592.27003302 551.74497424 372.14392636]
 [369.29683691 176.5495793  561.09399237 278.33105819]]","[0.44673841 0.38110955 0.28418095 0.00267977 0.9424241  0.20506458
 0.39585466 0.20030688 0.29481306 0.15072451]",885,2025-03-03T22:43:20.340011
43,0.817327907951934,"[[259.25461708 747.28423523  86.40082325 594.29099928]
 [687.91850356 566.13211307 253.91000455 181.16702117]
 [665.17678073  43.63257726 661.48526898 583.15707658]
 [197.20338636 571.23917817  81.72897791 148.89245347]
 [773.7437229  293.44734173 466.31818919 416.23560749]
 [ 32.26000298 586.35971732 753.74615688 477.42587594]
 [342.60163329 146.09934038 726.34717362 542.86211132]
 [593.6451155  461.55339451 212.03946251 354.29011289]
 [284.07702709 795.64334931  42.05773326 681.4170875 ]
 [650.52179126  54.03199446 271.90793348 333.51229602]]","[0.11712103 0.51931575 0.48523827 0.09136042 0.12921954 0.02291786
 0.03687021 0.62001807 0.7765079  0.44671585]",886,2025-03-03T22:43:20.347741
18,0.8253594410583865,"[[406.83434632 718.11437537 100.03480689 117.91967521]
 [202.62930742 796.64977573 674.17420546 440.9563968 ]
 [644.85218271 420.89250015 563.36929127 103.09183228]
 [269.43554565 546.11520019 181.6716702   48.43815508]
 [541.64196843 622.56204823 474.24479517 362.71288082]
 [283.57250897 507.81151408  27.67428322 111.94952429]
 [ 48.76876731 303.49704533 126.67279165 718.17260999]
 [449.6404236  772.18887365 100.51711624 524.46864105]
 [432.23653999 682.26351421 241.24792215 175.42864465]
 [799.44640487 134.27783201 245.32355887  41.10671231]]","[0.02139509 0.01831961 0.26049576 0.7207498  0.68960238 0.19277099
 0.9327076  0.81736523 0.45352506 0.93098748]",887,2025-03-03T22:43:20.354831
50,0.8949843519822217,"[[6.42247815e+02 4.63162592e+02 5.52036409e+02 1.95117061e+00]
 [5.81294561e+02 2.43404943e+02 3.39366142e+02 6.37684023e+02]
 [2.79067259e+02 5.55395380e+02 3.31274117e+02 9.23497562e+01]
 [3.14829147e+02 3.41712701e+02 2.46604030e+02 4.82537978e+02]
 [4.41898532e+02 4.70337558e+02 4.58371130e+02 5.96304282e+02]
 [2.59674260e+02 3.93039994e+02 1.35445411e+02 2.23171120e+02]
 [5.35608869e+02 6.82593325e+01 7.11441941e+02 2.82245094e+01]
 [4.41811216e-01 1.84661622e+02 5.28688051e+02 6.12653656e+02]
 [3.71505284e+01 3.97451787e+02 1.48059736e+01 5.03530774e+02]
 [5.58336385e+02 6.01744439e+02 2.61666850e+02 4.58773016e+02]]","[0.46001614 0.94719603 0.65358492 0.58588485 0.7492001  0.65354983
 0.48350995 0.51874829 0.16435031 0.18372073]",888,2025-03-03T22:43:20.361972
46,0.8193716085226673,"[[453.86649721 266.20990814 145.11591612 188.83455705]
 [641.57126271 797.44842944 566.44391379 735.66432459]
 [355.5958509  463.88969026  64.59925087 683.90470593]
 [508.79193416 774.81329419 733.99514211 224.78632437]
 [256.58279852 348.87669883 537.13486111 762.48516019]
 [ 88.72249671 383.41160479 615.92766623 212.2208345 ]
 [655.08997323 531.74460718 491.78945662 455.14925266]
 [193.14877704 546.88457629 633.11139347  56.93184848]
 [490.13637516 718.12130759 536.18496453 731.34051404]
 [676.8010026  322.70348429 344.20102205 204.1281468 ]]","[0.40683358 0.33620089 0.45579372 0.5852398  0.90992137 0.04169587
 0.43911726 0.234746   0.8753647  0.76481752]",889,2025-03-03T22:43:20.368168
21,0.8301867567260575,"[[118.20197562 731.53633501 128.77151242 568.86411336]
 [498.53376016 454.7156683  369.69583801 538.83798185]
 [522.99184051 796.2228724  316.0940327  353.29652971]
 [693.93490788 662.73566848 798.85634004 118.80771227]
 [730.66969172 298.09711429 358.56631196 284.19304815]
 [310.80347521 341.07026032 274.80509852 474.36856592]
 [530.52094057 799.92860806 327.32126364  33.71655982]
 [273.92340601  70.94068211 753.56688661 173.14570544]
 [735.99032981 394.13092925 685.73942944 450.84789881]
 [582.06739164   8.19887956 772.41685715 410.52521659]]","[0.45918154 0.64407342 0.75978394 0.18642219 0.42696578 0.9454381
 0.75569378 0.13734268 0.63506132 0.97786559]",890,2025-03-03T22:43:20.376692
13,0.9198580877083403,"[[573.18968756  38.69030237 660.67183884  19.24789084]
 [731.78051315 776.84479975 195.16378552 344.04494864]
 [361.87567598 189.51149533  26.53821618  71.64836487]
 [342.20845288 410.1936021  309.31982755 600.38720713]
 [ 26.52160989 254.08811416  47.16725098  12.78052438]
 [336.99357952 614.13871061 237.00693203  85.03750359]
 [196.47978821 405.87789166 686.57583245 794.31791579]
 [200.47821401  14.95366948 445.27179442  83.86092361]
 [441.18064901 344.14854109  80.37417424 388.13222639]
 [581.8634195  189.53658682 483.29820108 450.23412129]]","[0.65788051 0.90180787 0.22756506 0.0503991  0.21917888 0.91984968
 0.15354575 0.60695641 0.77849674 0.89203531]",891,2025-03-03T22:43:20.385698
22,0.8256580884902477,"[[611.58157861 275.91501247 504.31643139 619.04194972]
 [371.39996312 461.25084477 557.54388926 778.57317888]
 [670.73491346 638.20199086 609.14307652 407.00554003]
 [265.20648033 293.55240329 283.25550754 653.18846151]
 [208.50000723 111.46745571  21.24244946 248.77803155]
 [602.95256463 552.98527643 700.95239728 301.51103872]
 [465.6279602  224.89927816 765.00996771 638.37620289]
 [344.18587312 453.32287974  13.32612729 215.2045454 ]
 [389.60001784   9.47729692 426.67927877 267.27673886]
 [260.62548667 251.95920536  85.78042343 395.98117864]]","[0.20427038 0.26860134 0.04175701 0.51172206 0.75915621 0.89784147
 0.31269468 0.45180472 0.14263707 0.86197177]",892,2025-03-03T22:43:20.393710
32,0.926968339950316,"[[ 35.92358557 254.24127479 640.22274661 142.88116695]
 [185.62455047 553.41206107 295.22662726 284.77803893]
 [180.06149886  74.575954   611.77100696 190.12131825]
 [538.52481488   1.38860822 791.55794109 665.45499661]
 [277.78787908 460.51043193 743.87652183  16.80451279]
 [673.9990444  241.30577258 368.21581062 116.13121339]
 [320.51091623 181.97129661  56.8736183   40.46011284]
 [252.49179187 473.50138184 163.20420436 193.13149923]
 [222.03133511  22.43667856 634.5350701  293.55276316]
 [608.09498313 401.24098685 170.03818519   6.30007328]]","[0.29486822 0.74383548 0.05615934 0.62476257 0.7192387  0.84671763
 0.28306275 0.61449146 0.24191411 0.50025413]",893,2025-03-03T22:43:20.402683
26,0.8277337571162116,"[[473.64233563 204.67879369 180.35889979  43.13507842]
 [116.69607406 274.03809708 601.18395107 762.21855497]
 [177.50672517 139.49582606 417.49092525 454.27172315]
 [326.57514875 237.26598582 297.37121652 216.46120416]
 [ 87.51409111 497.94753966 444.19953378 493.27094192]
 [663.08127893 735.51895421 792.60997865 666.72690219]
 [525.2147129  717.83159026 596.7378185  638.13248144]
 [400.30213997 489.79079317 119.91943433 475.07636528]
 [215.5053756  709.72994907  13.78003672 222.97476357]
 [387.42713629 545.39462462 210.66094553 112.26616398]]","[0.57301943 0.67630685 0.60918662 0.78264489 0.87242286 0.69954719
 0.78870607 0.15581533 0.68315012 0.00306115]",894,2025-03-03T22:43:20.410681
28,0.9319045043571439,"[[642.97732291 173.06111543 580.82375612  87.89786244]
 [455.68684532  47.32463091 684.65124    115.82789715]
 [104.25989972 748.68896108 198.40879586 409.95357532]
 [716.31683737 511.43747384 205.29492436 399.17787186]
 [700.59112642 652.07595037 360.91294961 359.81596729]
 [186.09804672 395.81728873 266.31421032  69.1775482 ]
 [703.26120613 326.93762369 394.01726704 180.48431123]
 [589.16876664  64.94291416 646.31084278 281.63352961]
 [720.25451014 235.25204557 110.13579656 302.94231207]
 [492.33927129 636.21021397 325.88225642 612.98436419]]","[0.35177812 0.95694887 0.06754199 0.14276422 0.66130501 0.31231078
 0.86552925 0.61374151 0.64659257 0.76113688]",895,2025-03-03T22:43:20.418582
18,0.9034964520858741,"[[607.61355171 150.36704886 609.73788299 318.18487786]
 [332.30167942 592.13625973 646.83062648 183.50436937]
 [ 15.96460181 621.89929493 662.74903818 616.82699287]
 [603.94280756 529.16327645 315.30450921 101.5669775 ]
 [699.78862118 202.59925676 792.4430269  411.0661377 ]
 [400.34843309 721.91615218  14.34768722 210.88450792]
 [ 29.01083116 193.16341438  27.77119168 583.01955554]
 [471.32194073 380.60206493 440.01688242 276.07123611]
 [322.24929561 411.58053586 132.99129864 650.9158596 ]
 [415.60744736 106.5701508  469.65791084 536.55563305]]","[0.32330067 0.03173331 0.32826511 0.80361181 0.31382128 0.21644863
 0.47424823 0.37834778 0.83440584 0.17621138]",896,2025-03-03T22:43:20.426621
44,0.8489805099141724,"[[ 44.30505564 322.00149116 294.61617892 456.69177142]
 [ 80.04969508 655.72443443 316.81420227   7.48538461]
 [217.27987471 191.56866816 146.59865618 455.59896238]
 [561.19149908  86.27296374 370.5547043  410.850461  ]
 [450.74506596 243.39072644 348.17311727 325.18390937]
 [501.12083877 653.33637979 298.91149106  11.22078755]
 [332.15531207 405.42321989 388.79433007 516.62443383]
 [667.29002935 780.30379179 771.76953133 193.31832368]
 [646.80574253 162.99193714 320.62705586 230.42478818]
 [777.42050017  46.74510255  92.43218107 350.99683133]]","[0.59381548 0.86834321 0.39549104 0.90492974 0.53203256 0.24947628
 0.02434061 0.70759204 0.57176904 0.6392614 ]",897,2025-03-03T22:43:20.432997
15,0.8575786272964424,"[[717.82016147 490.76055375 465.53877789 782.34142385]
 [492.6363471   70.15667024 413.50427786 467.97394443]
 [  7.98785521 529.40474089 419.3393285  130.36302082]
 [172.93269935 765.41686645 718.74657664  29.88681433]
 [ 69.6152292  307.71263086 214.97042422 641.00594045]
 [549.7671766  608.43805717 458.77795872 416.50985853]
 [354.06555086 603.38876094 354.38885485 390.0083198 ]
 [616.96184297  71.22585923 696.86040778 604.52032487]
 [453.33314685 383.0827954  788.36827596 733.87879064]
 [ 43.68323945 793.11253458 220.89305017  92.05110593]]","[0.46928076 0.78194383 0.89997056 0.63514199 0.68610255 0.92945857
 0.78600538 0.31388934 0.96082951 0.1805221 ]",898,2025-03-03T22:43:20.438999
25,0.8094715085403204,"[[517.3737338   40.03547728 596.16099638 298.37304625]
 [185.27470915 412.02979124 261.25825413 725.06706066]
 [640.37330223 458.09831474   1.49760692 747.92299307]
 [318.5253726  250.1182909  535.32141824 231.82036125]
 [778.09726917 373.09153132 255.39733715 376.40102016]
 [598.30106001 487.85422716 623.87037736 211.15629593]
 [498.45903341 147.87264612 557.3405842  444.66233354]
 [136.42954818 794.44731708 766.21655517 766.21516504]
 [109.72805727 634.14894366 771.24294312 380.22420505]
 [572.5003564  293.52446764 264.86910921 285.74322992]]","[0.1751524  0.37732434 0.04515739 0.52334186 0.12375354 0.54808145
 0.2443462  0.51053765 0.12711793 0.09612898]",899,2025-03-03T22:43:20.446631
38,0.8998645788527491,"[[285.58321525 279.95776135 187.19273106 682.07211376]
 [502.09927558 321.03479755 368.77777965 673.6275839 ]
 [383.66940577 731.60402146 627.55697665  56.13982506]
 [342.21932228 508.81582345 410.23503298 328.94509558]
 [446.5354872  272.66355201 304.0888294  525.84197903]
 [342.89919455 182.35356444 512.46200783 356.83064224]
 [738.98166196 399.28378679 648.61930976 611.70492348]
 [180.08372434 562.23545484 126.69536393 375.26186371]
 [207.70402832 643.8739779  149.44076002 240.2340924 ]
 [665.21512594 322.24716868 204.8116617  308.65532992]]","[0.10980138 0.59947036 0.97527262 0.65990149 0.77988803 0.10224437
 0.24346791 0.20873253 0.25296437 0.66159719]",900,2025-03-03T22:43:20.452748
16,0.8150711044674296,"[[772.55062633 488.71737505 731.57144153 522.68941672]
 [548.7031513  547.30829883 385.45525583 489.49303977]
 [442.19600111  32.65687413 667.78990895 259.7609852 ]
 [683.53782292 403.70744299 590.82432013 221.0890619 ]
 [ 11.76972172 263.65020621 777.37857607  38.47626932]
 [249.05177731 138.98797801 506.13429198 566.77614168]
 [334.50690102 135.44011679 108.04731121 275.51890063]
 [370.52598203 326.3901172  342.73243438  70.62850876]
 [121.69129461  64.62176512 326.00021104 581.39573302]
 [372.4016285  474.3840551  643.64303624 279.80503955]]","[0.69228624 0.42802456 0.91796818 0.65644455 0.7851058  0.28342396
 0.88705736 0.54060342 0.91728161 0.86381073]",901,2025-03-03T22:43:20.461095
29,0.8363595128262654,"[[684.88760358  26.48465211 148.41678531 666.70469915]
 [167.9657898  203.2645239  680.48282794 796.46744796]
 [735.5653127  721.62398029 787.24188652 179.16798431]
 [664.93951549  32.27830884  42.53950299 358.5294207 ]
 [228.28884012  21.95527356 780.20113753 448.42147997]
 [102.6128685  235.56621105 126.83668928  51.96140082]
 [129.48212432 763.85648396 121.40044796  71.82038359]
 [503.79407221 105.13019003 716.99233778 415.02700474]
 [  4.84099303 443.61395979 319.36965156 353.55248519]
 [648.11493762 156.4346955  174.14185593 638.98458739]]","[0.80609351 0.12714677 0.71339328 0.60958134 0.6873426  0.4827028
 0.67179699 0.44261175 0.07335033 0.62532589]",902,2025-03-03T22:43:20.469421
21,0.8945382427805983,"[[455.21808288 680.78364362 172.52045292 189.99154244]
 [472.35796465 703.78749421 783.66243396 419.67714625]
 [567.856137   729.91525031 590.04809973 595.69932428]
 [263.4236106   90.80797574 799.57874011  18.41819504]
 [271.29638179  87.03612943 261.85350032 400.09142361]
 [365.76743022  45.66490186 536.52287257  69.43222354]
 [103.45941497 361.64982722 299.91894212 346.50547299]
 [384.99298223 175.98094848 376.23483097 351.73762194]
 [422.8498768  341.40760768 480.97998858  39.78180356]
 [ 79.77408157 424.6927404  162.11063068 178.33557007]]","[0.89656802 0.5659009  0.23802718 0.9713877  0.22201849 0.4849637
 0.30370354 0.24818882 0.936808   0.72208606]",903,2025-03-03T22:43:20.476395
38,0.8304567034117709,"[[467.65997597 789.63633509 471.17716876 343.3787754 ]
 [282.48216667 103.86536322 559.3557409  660.77424443]
 [602.06764225  80.01925749 266.46051509  15.70911799]
 [219.53091972 646.05513383 223.24129347 154.58919966]
 [273.11999235 333.00251346  44.47038315 375.25701353]
 [134.84645381 338.4754546  697.25118582 753.74355792]
 [390.74232125 654.26668885 247.11359396 690.4736481 ]
 [107.5331116  652.5274848  492.18677827 496.33264545]
 [534.05379859 531.09678489  18.42150076 700.97959297]
 [404.05515342 668.41662188 638.70035823 608.85595525]]","[0.06799434 0.22540848 0.68718225 0.58636518 0.58817425 0.00562499
 0.59936664 0.138688   0.85580265 0.50691295]",904,2025-03-03T22:43:20.483814
40,0.8878330206901337,"[[588.98952387 369.50601366 414.81224947 562.10074566]
 [241.41967257 144.12143299 652.12221224 701.93410511]
 [280.01615513 506.13301963 328.97097519  29.64030486]
 [ 90.41267342 385.38311315 159.61255948 570.40698899]
 [472.38091392  56.75949083 798.93547415 476.97871145]
 [391.39986968 237.64034043 696.61636256 744.82628601]
 [439.34055154 177.68936157 306.08711811 146.42285017]
 [118.79570608 765.23614402  21.58876551 342.72258242]
 [110.5439585  575.76433409 690.44048719  33.8367489 ]
 [218.38535581 389.26286839 200.60778975 346.72959533]]","[0.12851342 0.18090297 0.94284519 0.99881008 0.94661638 0.87098848
 0.06183912 0.28821605 0.75271999 0.81781063]",905,2025-03-03T22:43:20.490533
26,0.9141776068697518,"[[378.58556005 650.23662116  97.48618372 441.62262807]
 [ 55.60351618  19.38270409 398.36353274 595.00430029]
 [605.3039108  428.31145863 579.19937678 733.36160279]
 [ 28.56544452 395.70303156 586.36308412 165.41187595]
 [646.24050062 744.46933921  44.0836353  133.04940268]
 [563.19328576 284.08243007 778.1705751  696.91209569]
 [794.23996338 761.94382972 123.43744795 477.97250806]
 [524.33036962 169.5493014  368.55393912 782.36260366]
 [541.54502259  81.4354734  340.46691129 149.49198158]
 [446.8418401  299.62850255 184.72726826 204.71155889]]","[0.97601958 0.92853335 0.38260329 0.34622751 0.33297644 0.5722766
 0.07142445 0.33262221 0.72144408 0.37841451]",906,2025-03-03T22:43:20.498315
11,0.8753446031449515,"[[414.19275131 595.05859042 762.63312722 604.37386695]
 [517.18642197 234.81018866 134.94318582 527.34556615]
 [605.23220406  45.0359703  704.55866514 469.50940277]
 [209.23701533 307.22838107 228.57255502 336.40273861]
 [768.13380175 779.21405459 139.25580544  61.06775079]
 [252.91211888   4.93727271 154.08066214 510.98744192]
 [215.59589607  26.70382139 493.86529998 780.27796708]
 [293.57690113 350.69096731 177.71499762 658.54084497]
 [519.26805244 359.9083717  241.76976137 711.80365151]
 [108.04113018 478.06156001 438.46763869 788.46754175]]","[0.24426532 0.51885749 0.83680976 0.67952676 0.44661292 0.42913606
 0.98627808 0.53670608 0.24522613 0.45276259]",907,2025-03-03T22:43:20.504890
21,0.8570809306055882,"[[102.75564067 442.45604232 292.2089502  425.61162441]
 [306.97508529 738.34254175 757.12295251 253.18468643]
 [504.28769593 359.04232029 253.71183986 150.84622431]
 [200.5311111  742.67512322 124.49050821 273.98804441]
 [ 65.86265709 361.99979914 418.28953652 788.46333698]
 [264.06205766 603.50670193 756.91626932 347.58605682]
 [673.62964311 714.0852255  743.40571898 691.12168123]
 [271.23443114  25.97841499 736.7040097  702.16903951]
 [799.77328804 424.8745011   19.41550426 782.68479791]
 [519.74817164 578.63326041 516.21706968 648.5310164 ]]","[0.91490436 0.63664445 0.99579988 0.41736315 0.60723813 0.8941758
 0.17262481 0.64495995 0.62103511 0.38049548]",908,2025-03-03T22:43:20.511545
29,0.8080472095305197,"[[ 63.67462567 160.47897574  97.16530006 742.39365231]
 [416.57260527 673.33187001 363.73648178 176.17365104]
 [662.62819956  26.96796257  54.88418394 567.68729506]
 [455.6581262  397.1611859  639.74946602 186.8031898 ]
 [ 46.67544706 552.07928516 535.55592331 330.71967626]
 [747.23590977 120.21522293  23.96709368 178.43550902]
 [336.40814882 589.75340747 581.61705278 517.30249175]
 [237.91542772 164.64538766 736.90571778 411.15558348]
 [323.40860968 269.91178279 384.54871145  71.68599024]
 [757.80252056 381.61592827 761.12341054 667.56198818]]","[0.5200887  0.78409587 0.14087697 0.60033114 0.17410537 0.79260466
 0.54314487 0.98117158 0.1884492  0.7229473 ]",909,2025-03-03T22:43:20.519549
46,0.854682259604695,"[[464.68560086 189.74781881 711.16820558 103.56368383]
 [148.96082433 131.99342288 398.60857956 330.8682085 ]
 [161.65249171  77.65897719 795.97229239 142.51542564]
 [408.92883459 166.17672459 457.07592588 659.85453945]
 [376.34684026 749.03860187 432.63183391 661.71628946]
 [182.51145958 680.18414189 125.43389664 410.03909719]
 [427.78264745  24.60645284 103.92422395 696.87698595]
 [375.41239809 131.96493437 340.99815455 507.07586221]
 [350.12739015 451.96927626 554.01133931 737.7481427 ]
 [180.81985297 216.30603838 776.23587816 106.9909311 ]]","[0.67296176 0.80811096 0.11571647 0.1436589  0.32523822 0.81513952
 0.99991287 0.80054912 0.67739656 0.18003683]",910,2025-03-03T22:43:20.527055
36,0.9414313044059772,"[[523.21783849 213.17667845 644.583646   481.37426997]
 [379.98248803  52.34992343 418.33302201 590.03075539]
 [532.07019786 759.63933432  61.79011191 653.19660734]
 [181.59577051 660.08897455 703.73787341 529.8752228 ]
 [591.08216393  40.71733387 791.54561066 183.99917344]
 [ 58.53621625 170.06669051  29.45427215  79.47435648]
 [479.22297593  88.70253    448.86477815 196.27625086]
 [324.41433936 474.62051351 784.03680534 610.54685647]
 [128.64941249 703.8304924  454.46519031  46.49777356]
 [119.88810371 192.09266725 128.55731182 625.74331926]]","[0.3268184  0.93023821 0.28259597 0.0857888  0.52060145 0.56534435
 0.03353986 0.16191081 0.59150221 0.31323252]",911,2025-03-03T22:43:20.534448
47,0.8651346199964448,"[[536.2902447  613.00206596 748.66251739 640.22786665]
 [304.58903792 547.02824351  10.43811958 543.14330189]
 [764.23766221 276.56945916 721.64898189 125.72171775]
 [367.24993917 552.11757689 634.54672262 124.43764349]
 [630.53571647 261.6874756  629.84103174 310.68526129]
 [292.0978906  573.16260894 295.13118921 518.08599033]
 [536.12482706 349.15572099 459.82751791 215.10969006]
 [508.55561319 665.41998082 704.73218134 202.0689173 ]
 [779.12999718 389.31567343 767.3050194  703.91845966]
 [619.40612846 332.57590958 636.06241244  17.25178067]]","[0.80093782 0.83060523 0.28004293 0.25945545 0.30900256 0.49929489
 0.20677159 0.40353973 0.09952827 0.18663189]",912,2025-03-03T22:43:20.542889
19,0.8872718023386581,"[[446.76150016 579.02802443 721.35079389 122.84557271]
 [121.13777242 636.19027557 711.00478483  82.06480069]
 [257.2838632  295.4268497   26.77934311 504.60767004]
 [  6.48737128 285.66321985  21.81944515 500.79679399]
 [500.89654636 516.58371549 113.22877016 345.24822115]
 [359.59568718 348.35955001 565.17572282  88.37549268]
 [552.27922257 414.8007282  447.00566607 745.73571246]
 [543.26786949 555.36756737 316.05336597 241.62143202]
 [129.01471516 556.71550298 483.74858705 161.88819455]
 [444.25351819 728.38014543 278.39846355 160.66534104]]","[0.78661855 0.49484699 0.91182923 0.82660823 0.23348002 0.14850583
 0.91413829 0.28770958 0.12669766 0.45787739]",913,2025-03-03T22:43:20.550388
16,0.8437803720498241,"[[383.10666997 356.76289073 450.67081674 568.18221686]
 [155.59541003 619.95615909 737.86012973 774.35505553]
 [467.2847496  718.84559424 752.70241156 663.16255266]
 [725.55651898 266.10282207 424.89640775 133.63020614]
 [250.45742201 718.12022214 608.98438455 295.92619388]
 [256.17818693 671.39224732  43.4167538  713.17292606]
 [370.30685179 165.73166109 496.36317135 142.90782921]
 [460.16269666 177.47570438 121.73514574 470.78629515]
 [366.30180452 371.65145389 116.136798   599.63464603]
 [638.24959678 137.41516189 326.62864976 640.40103156]]","[0.42863096 0.24526774 0.19598084 0.32198138 0.06934313 0.9617297
 0.81294873 0.91450496 0.89563249 0.36805059]",914,2025-03-03T22:43:20.556785
38,0.8232945052187653,"[[ 12.03850262 793.61111416 375.65923784 672.98326261]
 [  7.71253115 345.79950538 490.56455696 448.07154991]
 [545.43017608 630.36182294 598.13558535  71.78976451]
 [532.65870599  37.38236919 381.55812234 690.58055611]
 [106.84916889 203.21519588 793.94627698 302.68507925]
 [619.0356907  778.35334425   6.47637438 194.50017725]
 [442.04389761 766.92808595 780.54565012 307.97446401]
 [720.37163446 667.68724338 590.33534074 612.35837646]
 [769.37604189 773.19908513 743.21874011 652.33260023]
 [594.57239067 157.71911446 352.85344067 328.71578299]]","[0.18826992 0.73684305 0.4704414  0.42805006 0.4205199  0.61842006
 0.64343182 0.92230162 0.01070095 0.34388562]",915,2025-03-03T22:43:20.565154
27,0.9099517812099139,"[[260.27774427 323.68423589  85.86549092 489.82324861]
 [213.38121749 249.34022864 668.16992473 413.61869581]
 [102.62650532 708.82263558 151.53212811  26.3451059 ]
 [603.52402048 649.53385583 545.56829903 681.88492631]
 [479.48752774 708.54682438 408.63313503 467.33588492]
 [577.3399226  238.73210663 240.20868203 245.59874385]
 [459.32034986 342.86791098 414.97194811 373.8788446 ]
 [473.40528436 263.93824481 150.91828695  11.16593561]
 [432.81655269  45.09952173 561.57093501 505.60582139]
 [654.57854685 791.64207868 386.38831127 650.09574238]]","[0.32903999 0.30636507 0.61164587 0.91885481 0.66045241 0.2678876
 0.2882786  0.7241921  0.68390691 0.49303158]",916,2025-03-03T22:43:20.573249
16,0.9308899804507879,"[[ 52.10293283 248.76081397 543.2249372  140.08519468]
 [663.91308022 350.79908058  41.42526644 418.41697615]
 [444.14476274 491.32462248 407.90662034 454.40590839]
 [150.56649518  26.59469089 295.56305184 266.12273773]
 [ 52.7498865  471.78807892 161.50215052 725.50724704]
 [127.36791072 586.31602863 579.60186584 211.95533003]
 [788.36032099 134.24911823 302.11575841 452.53241779]
 [744.01706769 127.87528867 522.91432838 340.53512886]
 [237.19873333  96.09984825 271.41597373 779.7533332 ]
 [762.64781415 643.42509465 458.32869865 307.66887726]]","[0.4592737  0.19258893 0.10493828 0.45262581 0.57782913 0.73410721
 0.03295047 0.19960254 0.15415377 0.53042286]",917,2025-03-03T22:43:20.580314
18,0.8160904175279985,"[[179.58449022 410.72710571   1.65237456 151.44871939]
 [ 35.52766888 684.80147329 387.7400739  259.44366611]
 [639.75074804  77.50719516 767.79764712 224.84705652]
 [306.46012722 234.75376719 491.53463729  81.73714989]
 [190.29146008 731.25063731 639.21982597  11.30953882]
 [605.7724307  418.30039537  96.82228406  30.03219094]
 [783.7882512  461.7327234  317.01710807 177.72972021]
 [145.90988933 718.03643688 657.43859293 590.49222008]
 [ 87.41064259 110.52510626 523.74398712 401.6678798 ]
 [ 22.89181107 375.36216263  97.21489285 610.83110374]]","[0.490892   0.82758483 0.74984524 0.04018474 0.61652741 0.94523524
 0.3262348  0.86474171 0.36458741 0.54385263]",918,2025-03-03T22:43:20.586436
29,0.8581804560949198,"[[269.43291265 138.52286906 504.55469635 394.64776674]
 [193.38188843 702.31773849 636.4519383  604.01774682]
 [397.81388136 407.22979456 600.48379323 157.23928812]
 [ 24.92093192 311.96099313 601.76860678 245.91934219]
 [229.01735418 479.17867943 539.20377504 473.95976418]
 [636.5239354  740.28570604 219.30523356 420.62768908]
 [ 84.42728689 716.27839559 662.97269265 431.99418308]
 [517.68993603 257.40255995 599.10610194 109.20931599]
 [746.92831566 434.10047281 439.15826219 308.95638027]
 [171.36035236 396.99472664 721.20574254  96.59302593]]","[0.18608226 0.61572524 0.71633129 0.47283428 0.05366853 0.48885273
 0.60594663 0.05617486 0.84802374 0.09541717]",919,2025-03-03T22:43:20.593348
42,0.8114629633000218,"[[698.86240424 722.05318724  58.46122718 353.91189531]
 [662.525114   372.24063871 356.8834632  750.64056569]
 [659.4491375  691.73185169  92.94954248 302.46373665]
 [783.17071089 208.69138013 739.5604482  197.53517703]
 [711.93383603 518.00950233  20.04922721 738.56964049]
 [734.37379253 711.50891323 746.19532304 208.6876969 ]
 [417.67582829 612.10653507 235.2264355  702.29810296]
 [137.40523506  87.63701063 613.02038216 295.4155998 ]
 [280.36892209 666.76244806 642.03658312 197.41658832]
 [473.928618   453.59141138 560.36460936 660.567185  ]]","[0.75235882 0.31037909 0.7533066  0.82941392 0.40602995 0.40833523
 0.32119862 0.21396068 0.09082538 0.94950819]",920,2025-03-03T22:43:20.599422
13,0.8693881600086991,"[[218.87662579 227.44144751 460.26340825  76.56876302]
 [ 57.01349412 267.28686027  93.45605784 129.29469454]
 [657.14632218 155.64699106 479.89236393 548.28223391]
 [312.69193089 415.25994516 557.3132974  439.05233004]
 [586.91167836 654.54872558 277.21865974 612.32430538]
 [146.93882685 127.56094993 578.84073928 325.78917552]
 [571.67023004 581.15826309 487.62558187 368.42329547]
 [116.02660993 203.88530467 515.06510743 539.45521432]
 [673.15766542 762.32253723 139.86103884 787.23719392]
 [605.70214812 494.05120496 571.74098936 659.9422795 ]]","[0.78849883 0.88367992 0.23404624 0.82061485 0.55847859 0.85493673
 0.73764944 0.64764323 0.32409034 0.8938736 ]",921,2025-03-03T22:43:20.606971
32,0.9033759464769517,"[[470.88763527 104.26969672 441.43675845 477.84287451]
 [722.80950233  36.34924769  44.15659115 419.26172222]
 [118.05562569  10.72439908  13.79185061 497.08349349]
 [311.64427746  21.55582836   5.41677282 760.35762443]
 [216.60981872 727.22899638  65.63235014 369.60757657]
 [109.16778374 135.65871277  16.89602355 281.28308983]
 [304.03360404 537.39958559 219.51721833 291.14020484]
 [403.73445972 149.27105814 173.57931439 226.6724412 ]
 [602.56130984 481.77573379 496.66327869 237.39692824]
 [ 29.9488126  238.77472971 271.0476474  518.51609068]]","[0.35850679 0.57648992 0.01590402 0.2692133  0.78373309 0.72294671
 0.39974958 0.68277817 0.36836176 0.6601873 ]",922,2025-03-03T22:43:20.614516
25,0.844926748932247,"[[298.76315673 123.99875836 340.404292    15.25808977]
 [711.22875882 554.51076265 410.64471595 498.5368261 ]
 [538.04637795 236.35908695 147.73353629 737.40677241]
 [227.01958424 611.81557374 753.92798679 452.39337011]
 [229.61174197 484.44834926  95.77955648 790.26505838]
 [214.37605517 298.47044811 624.28048193  95.89682621]
 [672.03564809 260.21570533 313.41620591 585.4952763 ]
 [552.37790684 132.55317282 218.15013651 616.17341529]
 [640.06953521 219.82628106 488.09912919 655.93268212]
 [172.07882276  60.08396726 395.53976729 361.83899085]]","[0.97725046 0.42028987 0.71092258 0.14925872 0.14401363 0.72950643
 0.03301331 0.9624812  0.42977468 0.99440078]",923,2025-03-03T22:43:20.622538
38,0.9046508291766409,"[[325.21737009 275.59348635 574.54182249 220.6524375 ]
 [248.03746576 576.3137248  327.70507466 385.37402984]
 [658.05973384 774.67359368 746.06421162 324.26306533]
 [ 63.51364246 270.55079566 661.46704332 711.90490113]
 [ 18.3281645  194.54439962 154.90146307 171.50092375]
 [683.04027944 241.77318619 238.39628848 393.47642349]
 [ 99.36793577 695.41423362 391.80040395 128.46786809]
 [290.62637558 283.39111213 184.56416482 524.53650281]
 [119.49510034  52.81843565 613.29232012 195.39378399]
 [262.43087655 740.1435316  272.654737   252.45824621]]","[0.66011072 0.73551144 0.34691672 0.82070385 0.28683056 0.00398964
 0.5567344  0.45595721 0.5086272  0.12578781]",924,2025-03-03T22:43:20.629478
19,0.835416850963638,"[[507.98236778 691.89955959 114.38828854 790.43736755]
 [702.70387033  82.9522013  414.17451517  86.410391  ]
 [465.40350849 308.65746267 417.72873712 297.50694828]
 [797.43230042  92.41369504 697.19081548 234.5064932 ]
 [671.22218817 151.93208733 111.93450238 226.01274818]
 [340.14636873 667.43196133 515.38171591 194.26533416]
 [220.51835821  14.37703097  16.44897204 155.01645084]
 [115.88709319 327.09966207 573.40111195 525.54724274]
 [454.36204339 113.50816367 138.31262613 678.37723009]
 [164.22326658 138.11557889 774.96393611 690.75637444]]","[0.65602759 0.45238928 0.82077191 0.1762186  0.7409783  0.51454076
 0.45056665 0.09291641 0.03250668 0.03836808]",925,2025-03-03T22:43:20.637588
25,0.827918481139864,"[[186.2586545  565.57949575 628.16821206 286.99605201]
 [402.75789178 602.257655   596.41396891  70.62901997]
 [ 88.4825064  653.70860136 169.2925933  147.43313498]
 [190.91737203 119.83994902  83.34156684 761.47025889]
 [ 96.81317578  16.9969623  570.06892948 386.1970184 ]
 [630.97556745 557.00299774 439.64148278  60.49978676]
 [145.79887416 412.80884712 633.06744732 290.71521041]
 [490.24461223 150.83610802 374.68041455 790.14791841]
 [629.93467264 766.20467048 438.16747907 593.83027076]
 [633.86440586 262.53844187 408.17418785  82.06026413]]","[0.35220112 0.47858383 0.94185238 0.07760977 0.38984937 0.35249936
 0.8477276  0.64781211 0.08514582 0.12284112]",926,2025-03-03T22:43:20.644522
17,0.8056981241712635,"[[260.71423563 100.9222362  708.87659034 529.99891899]
 [603.09670561 142.92696874 515.26842652 649.33485021]
 [ 95.21606475 183.24839689 537.3183608   96.06428918]
 [362.90462935 705.45347431 350.85259371 146.08535648]
 [699.89087586  32.51731532 742.14049605  60.03540828]
 [455.70291043 532.03049014 316.58654946 326.6320602 ]
 [600.39558948 258.61400399 524.1691395  364.13381449]
 [136.50291242  17.41313477 119.54858597 470.3303392 ]
 [342.27220253 707.73105937  80.14230572 258.22006503]
 [544.97861754 321.94285683 453.6510384  297.93283994]]","[0.18150449 0.81577853 0.13961578 0.32540293 0.3804867  0.06580559
 0.54779456 0.11574162 0.82340533 0.28243512]",927,2025-03-03T22:43:20.650595
10,0.8024242458657568,"[[628.50587148 743.46086613 326.47308569  60.89217126]
 [617.68297714 591.14715818 523.46131967 688.02133726]
 [309.08581887 582.15926923 535.07167199 417.02461045]
 [450.22343898 369.55202872 189.34494    243.40062681]
 [515.45157679 541.24545914 607.99975796 789.42209818]
 [155.56271687  13.65492806 462.40309086  68.12944853]
 [101.39883059 757.73427189 701.35616584 697.64706742]
 [592.51187074 597.82953122 118.67034068  97.8353197 ]
 [720.8793028  435.7036808  676.77232904 639.6260628 ]
 [429.24136115 415.46548244 165.70993291  55.79111147]]","[0.1979422  0.10682041 0.12908563 0.19049118 0.81223465 0.28782649
 0.59756316 0.64266633 0.08045112 0.89888335]",928,2025-03-03T22:43:20.658278
37,0.9429399516685821,"[[747.60070571  71.0193731  383.39552782 300.13255504]
 [351.36694808 749.4012893  496.92349932  78.48532973]
 [485.81335545 559.57235642  27.04947792 241.04162016]
 [223.29505761 463.63668969 449.54787581 235.59684861]
 [491.85307816 441.85519234 463.95157288  11.1653076 ]
 [649.90652568  48.27687094 351.7746403  388.01905414]
 [340.65060353 514.15208167 581.96270693 377.58040885]
 [464.16909714 777.52925412 308.73972993 759.7534249 ]
 [763.48269026 564.17678298 266.29377737 689.13613356]
 [253.27909583 430.37656697 635.51746227 129.41355841]]","[0.36792984 0.92582068 0.73950326 0.01399009 0.12394766 0.66160488
 0.11891545 0.19220883 0.76421554 0.37645594]",929,2025-03-03T22:43:20.665281
47,0.8796067055127457,"[[547.67593866 217.30033189 570.35603943 616.77379345]
 [703.30440652  84.78880367 630.13590582 287.6298466 ]
 [163.31065551 504.17828519 497.04235912 204.13595362]
 [578.25230461 617.40996681 275.00701268 110.80551428]
 [391.3930533  692.9966618  123.04222594 761.94268689]
 [506.51980522 619.10869487 499.3507235  599.44478664]
 [604.0785927  748.32739327 779.7044981  632.6222721 ]
 [120.25827052 523.51587213 137.71095665 561.73559063]
 [608.59309898 425.40729533 137.9911     621.86592627]
 [478.45766754 311.86045671 567.4548113  799.33098411]]","[0.26669719 0.07501112 0.08654478 0.78597572 0.24808424 0.59605767
 0.23868281 0.85817653 0.20192458 0.15387112]",930,2025-03-03T22:43:20.673280
40,0.8733953191288438,"[[270.49342094 787.07330067 768.39775816 159.08237499]
 [342.96231809 112.45870331 731.77824627 273.33694161]
 [585.92938919 294.06476956 471.71776189 399.48008636]
 [412.73322871 697.28872558 604.77592193 788.91965076]
 [442.33387897 414.6578577  268.09413025 516.320207  ]
 [ 48.54882575 380.82587871 357.51176878 204.97120554]
 [346.05813254 385.21209317 724.48800526 100.77844854]
 [316.36867133 799.37018672 751.69734346 775.58647657]
 [329.13581202 193.32980138 742.45696675 366.81687573]
 [796.73314128  88.2185471  160.94918982 744.80291351]]","[0.21890779 0.38324601 0.7677193  0.70278182 0.51126714 0.27216464
 0.43529401 0.80438462 0.27585854 0.87334632]",931,2025-03-03T22:43:20.680871
29,0.9489519079086354,"[[780.19987529 100.71466539 142.16248459 250.86958627]
 [296.51015808 762.2429045  168.74176479 253.19296735]
 [298.4737424  179.67054797  80.28710623 459.49632797]
 [142.43298536 557.53073872 350.91324753 398.96766195]
 [121.40910174 153.53504738 309.90802199 615.17594311]
 [181.20866117 193.98321299 786.8600196   47.92813602]
 [600.03209198 186.62785376   8.61770657 316.41298971]
 [588.89399328 224.20667985  34.58606977  43.96829885]
 [203.87289204 370.83880348 273.51581447 210.46168112]
 [682.12012131  57.31572097 490.45709192 276.38983252]]","[0.99574359 0.75359755 0.87384243 0.93198598 0.78586138 0.88416023
 0.70222624 0.34997004 0.44675429 0.09212931]",932,2025-03-03T22:43:20.688362
27,0.879519143166948,"[[ 41.04498921 368.50989401 446.64656969 697.15874705]
 [282.3522531  560.69548865 264.73794241 274.60134172]
 [235.51013599 617.19000467 600.23616261 244.27200631]
 [ 33.30580261 783.86366169 628.218123   458.75850415]
 [714.67676888   8.89811859 685.64595725  42.49417899]
 [653.79549695 627.01440163  61.72915622 440.89857813]
 [321.52652622 444.58780734 448.61852416 343.355581  ]
 [686.73815669 590.42713226 732.47199759 151.2419541 ]
 [142.93424317 100.59486065 310.80734518 160.06228044]
 [215.04269379 352.90506094  91.90623745 474.74730345]]","[0.34494435 0.15759644 0.58722036 0.36165494 0.9044452  0.30299224
 0.73176176 0.8948531  0.75378409 0.60896064]",933,2025-03-03T22:43:20.694649
12,0.8168555259584191,"[[198.81327462 712.54694603 294.44155459 477.05593043]
 [735.25539251 103.66665192 471.50438103 672.92542127]
 [ 35.75414612 142.23834198 251.30336245   6.70888858]
 [427.14647209 129.56003273 324.48623553 336.03725904]
 [152.5561395  188.54663632 442.30692763 130.25549941]
 [325.76464545 166.90347987 280.17475887  93.25854308]
 [693.17955669 181.58592578 286.11555948 348.73676207]
 [111.42355136 783.53728702 350.34927617 178.69999988]
 [680.17427397 700.31261894 696.5576633  312.47373553]
 [435.56689672  87.29776322  31.58921444 429.86267321]]","[0.07329096 0.36234564 0.88446139 0.72910017 0.26439279 0.54462301
 0.52333713 0.47990707 0.29225888 0.01058711]",934,2025-03-03T22:43:20.702681
47,0.8129414651500855,"[[ 37.09631213 211.35355459 458.46410691 426.11413531]
 [466.53421527 148.54711965 306.7943928  477.23175463]
 [378.00571643 727.09914131 530.60641202  10.54663528]
 [396.82399755 776.15459065 564.49623159  37.66236079]
 [612.78248176  89.67879654 532.32202313 289.21685605]
 [612.86708284 102.6926608  500.66482935 273.4517799 ]
 [443.85513056   5.89480099 265.37692344 314.72775848]
 [363.66585833 328.87053351  27.97328979 609.62428018]
 [540.36082388 790.82742444 228.78501549 287.35320773]
 [677.29275352 543.96316215 135.8574681  178.55043306]]","[0.54596268 0.23762924 0.79357476 0.92650251 0.11496538 0.59246334
 0.89340735 0.32464346 0.66887726 0.21675167]",935,2025-03-03T22:43:20.708680
40,0.8810825978336713,"[[100.40001044 147.81180762 175.68903147 342.34090924]
 [615.14367729 272.50041701 556.85385319 127.56286254]
 [705.64091222 334.77336101 471.66022542 356.99277032]
 [736.09781008 343.52212835 482.94606093 471.00353052]
 [154.19121181 209.12533251 513.78982972 156.73613514]
 [230.53243382 421.40521269  91.89549176 444.52796229]
 [257.72647933 290.83423322 705.58325354 167.94448082]
 [515.30504793 383.75326174 430.20188581 678.63443062]
 [609.62990003  10.69310246 241.89313494 291.89723197]
 [522.8487564  585.1249146  279.72177042  31.22284843]]","[0.83446443 0.45339193 0.26029144 0.32704428 0.32688711 0.62898056
 0.5462169  0.66292009 0.90547524 0.73811853]",936,2025-03-03T22:43:20.714688
31,0.9188864508830972,"[[ 22.07340894 347.89514106  36.30453524  68.34930888]
 [369.82549732 159.60163631 288.08227041 626.49348676]
 [634.41389975 611.66904955 112.87432374 341.71579483]
 [382.16618204 532.29142826 498.01895331 154.07699681]
 [346.36129642 450.98560053  40.60610021 785.36671897]
 [225.19155623 206.47311099 343.24158109  31.02473692]
 [510.25127298 273.09072378 477.17711425  13.67329784]
 [241.63604662 181.71255048 618.0796997   48.36890408]
 [615.896111   489.92162317 719.87072054 337.98310597]
 [ 74.27899997 760.86402362 719.78806324 443.080997  ]]","[0.66175992 0.56935189 0.53749219 0.14553541 0.7758067  0.8479007
 0.68881861 0.04591625 0.60451715 0.07190352]",937,2025-03-03T22:43:20.720689
13,0.9463206813580212,"[[565.58302799 588.00173395 535.13956724 578.47069197]
 [518.22707706 781.44344986 768.86272715 161.03965145]
 [ 27.63774319 775.06448952 416.11995431 497.19135107]
 [432.11153047 219.23980706 794.21660191 286.75456731]
 [791.13664189 426.0471351   43.55849549 362.2462599 ]
 [652.4049798  538.9150354  339.78778804 112.85542752]
 [418.04633671 680.50235259 313.10241667 778.32064578]
 [326.5090604  608.57692722  96.49597419 705.72270296]
 [152.43525523 127.06017255 210.95978467 229.45074662]
 [532.38230477 405.86446812 282.51526964 242.69739802]]","[0.80006001 0.84618536 0.18864033 0.98981037 0.343519   0.57898002
 0.55470644 0.49580821 0.06552727 0.05146136]",938,2025-03-03T22:43:20.729202
32,0.9162845658681715,"[[107.19257863 350.53860945 398.8473803  535.8704932 ]
 [422.08936931 183.88136722 305.35264996 366.70413703]
 [545.1973666  508.92250261 514.72908045 396.22334938]
 [495.10696823 282.58562188 793.17702458 409.70325803]
 [507.40197199 768.27743168 224.83193981 450.03002361]
 [617.26701504  60.23177266 138.01214152 623.33987063]
 [ 11.69194185 377.40988464 511.42988912 476.41256798]
 [207.38764138 176.49403519 724.77963147 192.50278817]
 [522.38018332 562.0694273  600.41479871 226.27118289]
 [ 63.37147996 159.94892983 397.99766015 739.77278228]]","[0.57283605 0.41525934 0.62171819 0.17876504 0.66114648 0.18519774
 0.46061009 0.81974424 0.13801841 0.06940687]",939,2025-03-03T22:43:20.735705
18,0.93201469682329,"[[580.99888929 795.61167392 218.47719056 563.8896103 ]
 [741.58372202 296.70616648 257.39155972 589.65011413]
 [  4.18749291 683.97822391 579.45111465  53.69316653]
 [719.69266703 324.42541281 192.82434944  74.80620908]
 [630.64726682 261.87291431 598.2673297  380.61280837]
 [137.29714301 311.18687069 425.34933156 201.95200899]
 [ 12.55314235 788.81702884 382.13037778 471.13104965]
 [301.66697981 231.25107976 564.67335178 688.4858209 ]
 [453.93705414 742.3854917  387.09747649 301.25388199]
 [768.03857201 568.61193    379.84769455 543.62273441]]","[0.27882713 0.02773795 0.98038199 0.51389781 0.48421339 0.42078892
 0.60923264 0.01244759 0.89866098 0.25057319]",940,2025-03-03T22:43:20.741328
47,0.8217746046861996,"[[ 29.59081897 793.70908057 698.55684195 339.25526111]
 [221.06579884 121.74263228  41.42686193  69.3825842 ]
 [223.40204683 541.43342975 663.46002988 568.36403595]
 [679.40746477 319.85629087 403.27233907 237.46899406]
 [100.22072507 341.0308627  772.11799333 149.91287554]
 [ 41.67852741  73.53543721 319.05128159 181.81002231]
 [ 29.92733475  88.46675954  38.67273954 747.96879459]
 [795.49951924 464.94264209 530.25071417 665.99732042]
 [707.11910453  42.66403589 103.18469478 418.55693306]
 [724.95098774 236.89045441 113.82169645 291.59788978]]","[0.66541285 0.54977949 0.19111403 0.48971143 0.25535953 0.18127663
 0.44175696 0.41988713 0.22540013 0.76986508]",941,2025-03-03T22:43:20.748918
28,0.883145011344273,"[[609.46900133 152.04614433 666.00560065 556.23715637]
 [ 39.16953175 562.43595257 598.01451885 476.51644119]
 [277.60180028  93.08135536 215.19598313 638.39996023]
 [554.40764765 665.63401061 343.97556191 337.10504683]
 [667.00769616 539.52648345  11.31381006 188.97612006]
 [736.85611858 736.45823594 788.0801498  672.70048453]
 [ 82.59145211  82.25936178 599.11729748 221.51516283]
 [175.41577992   2.82791481 698.67125054  78.86489921]
 [447.07697738 499.98582064 640.47946815 683.27871272]
 [117.07655522 227.55806793 452.61213227 593.34669715]]","[0.46436327 0.38284619 0.6699008  0.37750365 0.52751339 0.10977018
 0.81481505 0.0486851  0.98607003 0.02473824]",942,2025-03-03T22:43:20.757465
43,0.8731951029844979,"[[775.11280965 408.056363   313.44483436 791.27726935]
 [668.22544386 728.0286621   24.9713831  545.61294581]
 [336.40640521 307.54582712 727.30774262 117.81173395]
 [550.49373579 778.80362552 411.10882386  95.81641922]
 [638.69163714 375.85294773 669.19341751 601.84071327]
 [512.7588269  298.04410629 401.70648563 289.14713499]
 [308.66403748 243.08996016 397.0733978   63.24376353]
 [611.95436359 159.03096961  69.29114689 474.36319739]
 [630.70107156 489.19496012 302.75572277  37.856549  ]
 [  7.6506141  198.20752852 283.55760919 152.97501922]]","[0.92041325 0.66543595 0.06746985 0.10412416 0.94738484 0.30886365
 0.18149288 0.39349274 0.54931888 0.00102974]",943,2025-03-03T22:43:20.764463
19,0.8765286398660256,"[[228.47336357 796.0034521  118.46308148 242.73290173]
 [166.24805382  20.72824646 268.67491338 567.49851525]
 [119.9150992   31.64398153 377.82229233 553.77329678]
 [645.18790208  64.34929399 456.08716138 290.94146467]
 [615.04320578 373.46269934 786.01312884 157.15713195]
 [402.66960893 292.75785389 414.28924682 318.22106696]
 [738.15893619  28.03102482 285.15224436 411.64105138]
 [610.83966732 356.92127644 481.39884172 680.58668938]
 [346.55475086  52.21396288 185.53016275 140.55006222]
 [140.78963346 320.76344894 579.02118267 426.25806011]]","[8.08372104e-01 7.21853583e-01 3.90708114e-04 8.47585957e-01
 4.30826852e-01 4.64254000e-01 2.07833543e-01 9.99102628e-01
 6.32017650e-01 9.10978389e-01]",944,2025-03-03T22:43:20.771463
38,0.8943512918470544,"[[403.61809884 352.66851506 647.33833552 169.0188961 ]
 [783.45907442  40.05492    453.68256208 669.11939347]
 [405.07963751 414.52410494 462.17866729  14.23700582]
 [399.85722112 796.24897231 405.82091838 634.45404703]
 [425.50335162 234.29430817 425.34133245 540.79430347]
 [ 15.80617955 245.32675479 104.32972913 653.53866331]
 [698.87874166 554.36034067 616.85422485 393.97323809]
 [310.09932032 311.6511495  391.17218062 285.66373524]
 [386.07672576 130.58089611 520.54471857 470.18592539]
 [612.95070167  98.4032202  348.32516973   7.5212006 ]]","[0.53907711 0.04425248 0.21734905 0.69802136 0.39793618 0.80083957
 0.66530561 0.21524127 0.69043854 0.01246299]",945,2025-03-03T22:43:20.777462
23,0.8442368749702645,"[[516.4730943  225.77602616 252.36314283 722.65794568]
 [391.92351719 561.40787963 615.12358831 360.9592179 ]
 [ 93.63355868 111.4666825  495.97907351 786.24777428]
 [671.36482591 294.30581193 799.95651513 602.92657539]
 [492.67917797 578.21766054 462.14254132 310.09706279]
 [249.66423612 257.31548038 626.71370735 274.74727814]
 [582.4427199  238.10702564 668.28473625 442.27525371]
 [160.78212059  10.50027515   1.77335668 354.88466156]
 [423.52648049 477.66925821 780.29507216  39.30816514]
 [405.96617451 671.55879708 246.76612574 578.93705638]]","[0.55420336 0.83227489 0.86644243 0.74943379 0.93582455 0.98743923
 0.91446262 0.35224064 0.32139816 0.86149567]",946,2025-03-03T22:43:20.783323
19,0.888678237974315,"[[663.2009514  566.8300382  119.40277022 593.46088854]
 [ 85.58165263 232.04647437 433.31890076 695.99186092]
 [142.21142696 104.71191789 216.87288704 241.66387045]
 [346.19823953 131.71007076 571.22215498 235.49847555]
 [ 86.42726961 140.99503006 588.88328023 702.81100672]
 [784.90826619  11.47751533  41.32512675 353.48437005]
 [433.9178604  556.53791887 784.78716798  20.98824656]
 [580.05417191 238.34598578 639.83293487 766.56639932]
 [ 43.45433949   6.73117635 650.51564597 279.21448147]
 [397.29695954 353.78852976 504.17935522 526.84324037]]","[0.29136904 0.34778719 0.9520968  0.41511137 0.45948346 0.63519032
 0.59166511 0.34883402 0.48132261 0.51185895]",947,2025-03-03T22:43:20.790314
26,0.8721912385451621,"[[472.29941104 358.47126281 109.40212651 425.76708052]
 [242.22083285 589.81698886 785.61139053 697.11476084]
 [602.01931364  66.47982731 741.76420706 366.00341137]
 [534.03511811 372.48777962 563.04994502 184.69832953]
 [170.82418529 109.33659076 608.34204502  65.44654527]
 [ 95.08079272 422.18621669 225.92354708 397.04503687]
 [764.59614122 298.24323368 598.16825269 418.01587092]
 [371.66125738 705.44797229 522.44136788  89.76528398]
 [ 97.45105862 138.77632    323.62248558 611.08102297]
 [330.02728769 182.60875534 772.50057445 271.70054897]]","[0.25669992 0.17853534 0.60512905 0.9480449  0.86082186 0.49764255
 0.19065708 0.65132288 0.632577   0.69204778]",948,2025-03-03T22:43:20.796220
35,0.824156256839256,"[[681.56585615 779.83123839 539.91330586 378.01362383]
 [180.25128488  56.13276706 543.87765995 729.41017287]
 [382.81953458 539.25930005 421.50455656 415.74258253]
 [356.33804294 788.82852861 461.54789281 372.58663718]
 [732.15032137 653.55959837 640.53479424 762.41833456]
 [708.59248011 354.04022006 625.63777246 775.79813316]
 [416.52847101 469.68955337 347.22942865 779.82085137]
 [232.70772096 739.20689513 109.68145732 611.89499022]
 [ 50.90567147 493.9029668  455.97945338 375.08443192]
 [242.6837233  338.97566235 291.17293075 798.56962021]]","[0.76346262 0.91710013 0.29338982 0.00531346 0.38433314 0.00731828
 0.36920327 0.19328139 0.10013264 0.4792585 ]",949,2025-03-03T22:43:20.803853
17,0.8405685558560749,"[[ 64.49987213 341.93946456 693.47681785 555.51020554]
 [103.19001724 493.03524487 490.35348604 759.49164024]
 [463.42179175 528.19091914 361.10885987 449.45139977]
 [ 85.25142196 526.97646617 182.6984573  628.88777488]
 [454.90391314 721.8126855  332.31116337 106.55163119]
 [427.08752805 168.34131868 616.9964122  399.75582855]
 [772.78319802 698.55013875 661.41611629  16.3405651 ]
 [288.83831088 345.06029439 437.98497219 363.62626605]
 [ 27.02484415 177.45948028 783.58223625 242.03509197]
 [657.45725845  27.10857869 178.89088441  51.31778384]]","[0.609548   0.67079435 0.37531315 0.43312273 0.69542172 0.19031993
 0.98278157 0.71186868 0.37070295 0.73226827]",950,2025-03-03T22:43:20.812262
36,0.8792898124985281,"[[675.96661421  54.3873233  123.50847805 658.10883125]
 [479.60837232  70.43247151 198.63427697 738.85870215]
 [341.15369009 783.60196367  74.68020872 325.24546006]
 [ 86.60537887 746.79012038  66.17527786 518.97899736]
 [496.01501109 748.90655048 333.95137054 697.78399694]
 [336.45679956 679.15582747 484.55449741 143.43611428]
 [729.55717302 769.35896711 658.76799291 789.1889493 ]
 [  4.50300547 177.70384527 363.67384405 389.26561481]
 [304.29721503 404.44094381 638.41863795  91.91494778]
 [559.94242366 342.64522168  56.40255812 158.23714243]]","[0.76874615 0.2416413  0.71701022 0.02681284 0.92176432 0.17399622
 0.06266219 0.92648705 0.71286559 0.11203925]",951,2025-03-03T22:43:20.819428
45,0.8445008193086551,"[[ 31.6622599  392.95022035 625.98296751 385.91975472]
 [585.41583985 140.74690296 275.33730047 682.70753554]
 [593.61019705  36.01770216 106.92100843 136.345891  ]
 [607.81209878 180.90235011 362.22682907 353.47400192]
 [710.05046912 727.394667   378.0801908  383.5492136 ]
 [349.70201001 230.98752805 244.94055201 308.6200528 ]
 [692.8067346  100.91677544 418.69609826 709.76232068]
 [374.86733521 600.56643842 263.9340007  110.88729842]
 [642.41656234 394.35562715 481.97424622  12.09763271]
 [ 97.8238821  289.51981576 751.14844146 738.30309505]]","[0.71128399 0.49074885 0.1396348  0.33592141 0.34847807 0.34199816
 0.8172985  0.70686284 0.79628063 0.47735955]",952,2025-03-03T22:43:20.826429
10,0.940526527762539,"[[695.85644313  24.43398651 531.17872887 634.2552465 ]
 [592.05228778 356.03343264 179.98815835  34.13442994]
 [304.17966097  99.0697552  314.5437446  648.93004449]
 [690.00837537 295.25586868 341.09455168 602.4688266 ]
 [281.29338815 685.80290593 451.83885645 407.80152289]
 [ 56.96539546 491.12842543  59.2239919  424.66741159]
 [202.08779527  76.72232211 601.38466419 639.33951046]
 [ 28.32325578 721.06738535 172.41546841 281.33449945]
 [491.61479122 619.40082475 163.28946421 554.99482179]
 [ 84.38746281 602.44973856 709.56941099 445.77345411]]","[0.41489995 0.13725411 0.24066763 0.53225358 0.87059483 0.73311549
 0.91149058 0.99584688 0.41791789 0.67476921]",953,2025-03-03T22:43:20.833942
29,0.9180171381512374,"[[770.45743698 458.03854152  92.07832101 517.41605783]
 [267.55243897 273.7784144  228.18196854 692.77701232]
 [388.97540369 682.47002197 536.08120261 378.54290125]
 [432.81538327 364.18145353  24.23343377 643.29125393]
 [487.72840644 201.52134034 316.58299114 319.44258406]
 [391.61147499 389.54228793 503.35804972 606.56266247]
 [548.35762834  79.71623647 548.83890282 564.59178115]
 [535.10417947 737.05566414 618.8282384  649.04709166]
 [548.49183098  97.76359154  48.76848053 205.0504207 ]
 [553.81470267 543.42580837 276.30936799 481.65759336]]","[0.46966937 0.16247199 0.71322338 0.46142997 0.13284521 0.21936506
 0.29557832 0.37376911 0.61692453 0.06946995]",954,2025-03-03T22:43:20.840459
20,0.895781076780509,"[[119.00997341 387.27800618 148.60180287 733.57732344]
 [120.6023521  273.04411291 130.13835145 472.95685518]
 [144.68182826 287.36023717 469.52491529  45.14546195]
 [779.7425487  162.35016093 330.33093973 105.04527326]
 [322.8665968  299.71489648 556.79072892  27.04087735]
 [ 78.58085976 156.85522648 132.49540204 575.12825016]
 [276.63661871 470.03543464 210.02040837 243.47277209]
 [725.86694847 137.74699127  46.40957188 790.36366511]
 [298.60328317 306.070384   730.44207632  99.1188645 ]
 [164.2380684  109.41822328 416.81196344 105.94567011]]","[0.16604657 0.54959749 0.51063732 0.13416591 0.8473297  0.42951815
 0.43781869 0.42529221 0.44288874 0.5747091 ]",955,2025-03-03T22:43:20.847865
31,0.8747035568470942,"[[439.87840252 302.76033562 466.15314084 724.26795747]
 [321.35725961  59.2620834  458.76700056  88.67508855]
 [ 20.76906965 589.34675973 753.03445033   3.35647401]
 [161.07568089 570.59589301 739.0239428  346.72915875]
 [617.61282553 432.57032216 712.89611611 601.75959115]
 [399.86288767 289.76180903 301.09333169 562.12426873]
 [358.64269244  95.22619435 289.91943956 347.14130123]
 [276.09749629 571.61179464 234.15369688 280.58159368]
 [477.39059231 721.38812951 173.75328601 412.5048627 ]
 [214.82986402 619.04219562  62.35687583  47.28438833]]","[0.67603641 0.18120604 0.72749915 0.5657153  0.73211417 0.12815431
 0.94817133 0.12615166 0.26658512 0.99622907]",956,2025-03-03T22:43:20.853835
29,0.8413896870347831,"[[799.55096583 200.52345913   5.82149083 218.30086742]
 [338.80294416  17.68227939 261.8629222  635.8182764 ]
 [770.1138649  394.31658867 344.53591245 623.63308051]
 [124.94537401 213.28066463 381.48407611 733.74540119]
 [769.13511609 307.15310531 281.49063269 426.87795284]
 [276.79633131 447.67245776 765.16077878 683.71264803]
 [248.43387198  92.51763165   9.6395581  356.64777868]
 [488.78487091  55.99349575  28.3430915   34.63151484]
 [656.29900192 740.82565174 269.74241661 301.23215902]
 [785.66436637 772.00832775 460.8498182  284.51847958]]","[0.52656878 0.02487651 0.72524748 0.65575445 0.92953308 0.91550255
 0.45160358 0.79450063 0.68582367 0.99088237]",957,2025-03-03T22:43:20.860957
25,0.9044982360155048,"[[ 12.72859534 626.35441515 486.27577113 548.40728911]
 [619.21476705 140.67870759 543.60158106 439.86790174]
 [387.22615244 735.91241139 190.71612107 427.35811477]
 [284.39725674 745.74717278 563.85781661 795.87874176]
 [476.37273939 373.39162941 150.16710894 770.20639788]
 [449.11944437 473.74163048 496.91476088 586.88337038]
 [302.15570072 716.4691454   24.81793523 230.90790469]
 [485.93659975 395.95493994 104.36625297 522.62931423]
 [195.92439931 681.67972982 345.33069841 590.56984883]
 [703.71215811  40.5786124  341.80424288 206.92143883]]","[0.99975454 0.24788671 0.0343377  0.97344927 0.10650075 0.21166812
 0.07301594 0.30297764 0.6990663  0.13717042]",958,2025-03-03T22:43:20.867628
48,0.944434644603056,"[[286.76086152 635.71066321 525.07529545 783.25393503]
 [372.19117066 691.2196117  619.67368965 608.06654998]
 [757.54854782 617.81328656 619.01202238 359.91525499]
 [ 57.98369116  47.69230714 601.07249197 303.08060786]
 [235.48877377 182.85356404 287.13868827 145.56776518]
 [776.06188961 331.16973754 169.44875465 558.45609699]
 [350.90279025 228.48794324 795.43058026 799.78771062]
 [ 91.16528593 341.41439169 773.83450369 203.60108543]
 [632.64624553 616.39729454 270.29170484 432.02279619]
 [130.4901027  488.18076685 330.28382185 429.09300302]]","[0.5393448  0.84365525 0.45469471 0.28940982 0.93136766 0.93547122
 0.27297924 0.16328276 0.49834055 0.95952316]",959,2025-03-03T22:43:20.873803
23,0.8079021200688397,"[[5.88691361e+02 5.20003154e+02 3.00847130e+02 5.75099557e+02]
 [4.79915001e-01 3.50593453e+02 7.16367504e+01 1.21900744e+01]
 [6.15115969e+02 9.89912397e+00 1.64872547e+02 6.18261959e+00]
 [3.63622285e+02 1.43233661e+02 6.37732847e+02 4.36749949e+02]
 [5.88973222e-01 4.61906181e+02 3.05840715e+02 2.00654114e+02]
 [4.16675948e+02 3.78242187e+01 6.94506924e+02 6.66242354e+01]
 [6.46151447e+02 4.23416748e+02 3.50169802e+02 4.15449942e+02]
 [7.35558618e+02 1.21343266e+02 5.02482974e+02 2.09989294e+02]
 [4.82572861e+02 7.99791410e+02 2.01597706e+02 7.20194432e+02]
 [7.72177583e+02 1.78765475e+02 4.73521191e+02 5.63488983e+02]]","[0.13785037 0.70366371 0.40576948 0.37744399 0.39884253 0.69504203
 0.81101244 0.51070174 0.64762018 0.26773273]",960,2025-03-03T22:43:20.881155
13,0.8046999010940205,"[[366.93688038  86.06990908 365.98719502 136.71804322]
 [513.02888184 155.59901538 733.60062052 163.74019119]
 [207.34003671 593.31317997 608.77464711  97.50377825]
 [ 28.0319881  419.38995947 571.57809349 207.34839483]
 [ 69.22701704  64.07122857 689.69257184 339.61037786]
 [513.32364809 144.43746808 175.07246183 290.00579247]
 [684.17825018 302.5095024  250.83644451  63.91446156]
 [644.07976146 621.51618838 569.2393465  207.52665084]
 [687.59394402 726.0874087  341.67959208 319.83442114]
 [491.61003559  91.57327567 418.44798331 693.64658269]]","[0.1473252  0.28653524 0.44189955 0.9217173  0.10513861 0.60295277
 0.89235776 0.07868424 0.07210307 0.48923539]",961,2025-03-03T22:43:20.888081
14,0.9485212077362871,"[[525.66624938 342.4767045  573.28610707 169.22238584]
 [727.675858   317.56523652 693.72791671 483.83878377]
 [342.73986748 380.36636164 551.17030997 769.36719401]
 [655.06795389 323.78172111 444.28057044 797.30149778]
 [703.74909194 133.64763189 157.3540154  663.56830836]
 [369.67502357  31.11300172 656.23716478 307.39604302]
 [207.55004173 159.91791919 407.85428382 153.2516603 ]
 [780.59961392 521.18628837 534.02330056 598.30307401]
 [ 92.14998236 736.83849108 323.69532237 436.42936095]
 [448.13640656 294.81586638 153.4677323  456.17213592]]","[0.56228211 0.15524989 0.05517041 0.52659816 0.45466263 0.20186491
 0.28493664 0.46943258 0.1782878  0.51114066]",962,2025-03-03T22:43:20.894459
26,0.809799325037946,"[[391.17932668 217.14978645 580.98969102 461.27134234]
 [429.17559195 575.32074807 291.03620664  42.65641452]
 [324.026767   186.27087379 478.16512086 746.38865778]
 [292.82211236 161.93445905 615.49797903 203.52761492]
 [614.60171368 795.57092719 577.91191446 466.46219957]
 [187.9893535  523.78690415 124.1950178  309.6279394 ]
 [ 69.46925651 550.17866373 116.6791921  536.88956928]
 [666.66061715 784.23711996 207.1817518  470.4166144 ]
 [378.31025488 511.75538857 392.02838579  85.43652303]
 [614.92419736 471.74671474 563.9992762  310.22536747]]","[0.45471811 0.20867455 0.80331345 0.56115323 0.98651754 0.39331525
 0.00877223 0.14205991 0.29998582 0.09025824]",963,2025-03-03T22:43:20.901231
11,0.8868446866244877,"[[550.09630258  92.11237797 698.22801639 433.12675422]
 [749.99900451 708.6050959  703.85643235 341.71432551]
 [367.76354633 369.48258857 247.2002259  249.78374224]
 [796.18811821 513.87840065 708.79036585 741.86780184]
 [279.49076975 623.33873986  88.27074638 634.57716138]
 [244.605012   628.47370296  49.83534211 410.6441396 ]
 [393.99597029 369.71222508 483.24581466 137.77766846]
 [242.35799103 618.76475895 315.4512805  650.32461751]
 [108.04692088 715.21472096 492.3216148  401.12268125]
 [364.67334204 419.84988353 386.57681281 517.2733906 ]]","[0.34010937 0.21139447 0.43920088 0.40145917 0.87106878 0.66797954
 0.80897852 0.8803663  0.6720692  0.637362  ]",964,2025-03-03T22:43:20.907379
44,0.8557251896439909,"[[587.01217599 572.69271891 424.49150841  56.01495699]
 [367.30197707 443.133767   517.3510539   17.34050139]
 [342.29256486 737.9572932  305.45718948 497.40931569]
 [765.77999798 102.5189537  180.91788201 552.20132889]
 [382.89857602  99.10954939 299.19986035  57.50135691]
 [ 59.65698416 521.35872701 514.80448517 153.69345393]
 [657.41781802 406.18894362 658.62161158 650.24574046]
 [485.12184606 539.83672068  53.53642744 731.75689826]
 [420.4879985  638.94442255 217.33446829 588.00835275]
 [719.60026523 289.14409173 523.87306936 116.47354965]]","[0.96617129 0.95136752 0.02433257 0.64362341 0.37507451 0.57968016
 0.91173752 0.38240175 0.24551418 0.5632328 ]",965,2025-03-03T22:43:20.914929
28,0.9189663684156356,"[[643.53344952 623.78746905 639.94540894 615.98715774]
 [ 86.0775901  693.61412731 302.44980734 527.89874548]
 [228.93170141 391.09898466 790.90488394 681.05343746]
 [547.6815926  511.91503989 185.37242245 786.37473512]
 [238.16594785 274.56160225 674.05049438 400.27732975]
 [417.03877657 263.0759824   55.82978226 293.23128536]
 [494.01765231 665.04086052 256.84136944 604.81866527]
 [772.71325824  78.55972038 131.92638538 469.11986267]
 [703.44797368 693.53063328 212.70964599 258.85870873]
 [419.40953481 270.12503152 101.40854806 546.5731369 ]]","[0.87062831 0.09553171 0.49746599 0.29814759 0.70131013 0.21490336
 0.70833018 0.52476787 0.80028861 0.73909079]",966,2025-03-03T22:43:20.921942
47,0.8688358735217782,"[[662.14348933  58.82332316 370.68797364 711.77648142]
 [311.42971428 665.03799486 563.40794986 430.19611343]
 [485.1079506  587.63893853 307.92463464 442.61974666]
 [ 92.25345092  62.25757686  36.43135284 648.64879402]
 [755.61308624 519.12093126 480.27434032 555.26188671]
 [740.99624013 332.26784234  83.4324713  486.00340789]
 [221.17758752 269.6302602  447.20130862 179.13830443]
 [226.99331066 624.23190595 163.66007075 437.15956189]
 [684.26422957 743.5499036   45.7268441   77.64240434]
 [469.40150817 379.53202043 513.63158378 679.48431061]]","[0.85994944 0.98775952 0.21451432 0.27797709 0.26743525 0.66978214
 0.57263408 0.108063   0.31152948 0.11480968]",967,2025-03-03T22:43:20.928392
29,0.9165590193299235,"[[120.27796888 349.21174618 135.73940085 785.60266552]
 [219.98874874 339.91190775 258.40185272 760.52859995]
 [414.53518647 340.48701869 325.94135819 595.18532263]
 [658.97651824 690.40980288  50.77212783  90.01720723]
 [477.88862469  85.92939181 380.93712652 563.82473584]
 [798.75189055  73.56346262  96.60361758 632.92409211]
 [296.71079084 282.50224833 740.18358896  81.70060381]
 [278.01749587 614.76454831   4.46879424 735.36309896]
 [ 86.36569867 778.80950578 781.55701584 308.81297537]
 [200.55290469 467.81193059 109.13460348 379.75076731]]","[0.28488346 0.02119426 0.61729891 0.23765684 0.05770241 0.30373016
 0.69901366 0.73953242 0.67861472 0.87350331]",968,2025-03-03T22:43:20.935275
24,0.9052414770413644,"[[205.78279689 556.77694235 582.87912149 584.4426967 ]
 [446.37282126 311.92630815 399.30874384  94.45444991]
 [623.37412525 456.47870158 721.4270662  267.00793731]
 [617.41056803 748.04216602 583.46220268 715.85691292]
 [474.36376781 246.29853582 614.22341542 219.44252954]
 [513.54974837 771.91455261 624.24431136 422.93874393]
 [690.31828436 402.95433858 430.29668057 196.27135811]
 [523.54552867 449.71837778 119.61551869 258.56344302]
 [451.97505893 573.25000947 609.49934928 172.32876701]
 [487.60704904 278.846307   348.33833375 491.48652885]]","[0.97615136 0.66962122 0.03483008 0.13997727 0.31235953 0.83134272
 0.06311371 0.39337493 0.34217141 0.3575649 ]",969,2025-03-03T22:43:20.941904
37,0.8652388378751031,"[[731.71474418 565.19700166 117.11657016   4.08154049]
 [  2.21921131 797.13724423 478.16067875 338.66814389]
 [434.74120961 544.63913327 419.3815223  709.55234351]
 [198.50099486 180.71407447 712.49170476 431.41543117]
 [704.64853704 776.13684556 671.07550025 640.08560092]
 [705.17937893 178.57014913 226.22995015  68.97475612]
 [244.43273499 559.94075679 511.06168268 738.0842191 ]
 [175.3062807  160.64603659  15.45379221 153.69341442]
 [672.07505441  62.45323986  12.40262274 165.5570005 ]
 [322.67305457 409.26068287  12.2623043  487.62652236]]","[0.0525163  0.69334678 0.02602241 0.00405084 0.30430564 0.58087009
 0.0172425  0.97984207 0.97670111 0.68086587]",970,2025-03-03T22:43:20.948415
19,0.8833263304732683,"[[ 84.30370574 715.34485759 121.92854357 552.84330713]
 [470.90239241  42.25504739 377.13984306 405.85644089]
 [493.17999133 221.15546625 418.71674035 603.70149033]
 [123.36588572  33.86070612 372.69400479 447.0522497 ]
 [ 47.86222518 239.11683638 216.69813929 781.85785533]
 [506.02311702 638.00168451 477.10249327 122.07361831]
 [776.6265688   27.88180383 312.4603126  373.28848809]
 [713.54389388 430.25275525 502.92431194 357.36822261]
 [702.11446528 262.9684351  516.5003853  724.79922209]
 [516.31236818 764.56495156 315.31170217 164.76727829]]","[0.9152618  0.14297295 0.79112901 0.14540232 0.55752454 0.1976846
 0.49144501 0.99230338 0.12482526 0.38705679]",971,2025-03-03T22:43:20.955187
35,0.8682467083595555,"[[470.47427955 624.75564051 460.81643661 339.23189427]
 [228.04994365 241.42595749  95.61675406 464.7152099 ]
 [362.74637933 717.43833332  17.84798612 667.6712573 ]
 [270.09267848 765.90432439 104.33521339  16.1522945 ]
 [617.44278443 427.59627802 210.14866409 524.74007219]
 [583.28606385 516.86183806 422.877306   523.08700164]
 [714.51222884 790.83270454 544.11346503  45.00027082]
 [609.72534294  72.58376113 213.62064026 251.21015262]
 [325.54547989 364.5853141  613.10510379 373.29704034]
 [315.60193604   7.41580628 278.00748826  40.64607032]]","[0.87872025 0.89262681 0.00870964 0.61938412 0.43753633 0.82743782
 0.81943882 0.50445163 0.84089215 0.60573362]",972,2025-03-03T22:43:20.962597
50,0.9324215021222265,"[[779.71282456 243.76482675 580.772921   198.44963528]
 [137.54177645  84.71242701 474.75560454 536.68593692]
 [390.41248728 236.64768765 574.46039777  26.84831723]
 [647.13750176  12.47083077 534.36875519 453.46112892]
 [604.30702832 563.40997195 265.07804067 695.11011526]
 [540.9561987  227.18828478  84.86387224 726.41104074]
 [  2.07756277 351.55218841 555.40282924 174.01043971]
 [ 55.74518649 598.77397627 725.31959017 518.39114511]
 [569.98227767 229.47574181 429.20214566 266.2433055 ]
 [214.34026447 547.97956851 119.88785786 281.34355425]]","[0.58402452 0.99061297 0.29832309 0.66031958 0.80590356 0.59589515
 0.59886317 0.45497766 0.98704255 0.40815358]",973,2025-03-03T22:43:20.970995
48,0.9232224288115854,"[[680.19440037  69.80243923  63.63569928 391.0987605 ]
 [ 51.80563066 644.43884904 529.10435535 287.96616571]
 [336.56522828 715.67592332 754.99902743 564.18639495]
 [155.2134986  783.89603245 175.34942162 427.83035202]
 [397.93522218 103.05147061 275.0022343  571.54082266]
 [249.69468914 116.8563464  432.64004771 270.21571211]
 [276.03794968 272.82910436 626.939049   490.86626383]
 [179.93339488 367.51096012 579.64469117 188.90825963]
 [ 49.65209039 794.4802677  244.58727025 705.47656873]
 [347.21038791 766.77449423 365.08526505 217.73582366]]","[0.22867608 0.37619723 0.30878092 0.33691793 0.27493546 0.98215038
 0.23985454 0.32188724 0.00162117 0.66671742]",974,2025-03-03T22:43:20.977995
27,0.8225088564579125,"[[498.33125104 578.21291081 324.54226757 520.20436299]
 [ 69.9599755   97.54838582  20.90912304 394.80156617]
 [ 14.97841196 776.34525673 499.38981355 445.51654531]
 [ 47.2911375  470.06511254  27.60341934 229.26227048]
 [430.95098819 638.32906025 745.56832169 666.96165435]
 [659.24870487 654.43849889 729.47542948 414.39112789]
 [648.68216077 768.02277316 196.89388722 500.90667444]
 [404.55687746 538.97924612 748.28462017 175.63427237]
 [761.07081436 265.98309473 455.621415   132.34050465]
 [767.84708159 350.36640279  62.53300992 172.90623605]]","[0.72078899 0.48305041 0.71824099 0.31297826 0.47263743 0.3857747
 0.08474889 0.83900591 0.40203889 0.5821609 ]",975,2025-03-03T22:43:20.985005
47,0.9311450363345659,"[[738.14203225  24.98133957 152.07403212  41.91138575]
 [ 17.54954326 131.55494942 664.19419537 518.65482765]
 [315.56052103 223.83701652 467.76037208  78.64612102]
 [584.09678245 591.2241813  137.91097479 556.30239698]
 [519.79966248 228.72493999 541.35871241 556.62254302]
 [654.80831581 272.72938863 658.46292292 288.09463279]
 [304.15480097 516.13166231 336.41489118 148.12027617]
 [209.63701791 742.84054797 395.65407137  23.67043848]
 [702.40659068 391.70322673 133.23373843 455.62910454]
 [240.90583367 715.66039234 662.07120506 578.5031792 ]]","[0.29150973 0.90862837 0.06561436 0.08541616 0.11761806 0.10360046
 0.66551743 0.2307876  0.28332159 0.57360121]",976,2025-03-03T22:43:20.992004
33,0.8060905141323541,"[[ 17.86019396 342.45308409 328.09636795 303.47725074]
 [455.39522042 447.86044514 108.77692529 316.78349717]
 [452.11677894 262.2729179   22.28545302 736.93875143]
 [547.57396293 737.11709659 427.68096828 366.28175916]
 [713.33145866   3.87517357 698.0469887  600.26461083]
 [716.12648544 184.0158676  254.69173892 532.21432512]
 [784.02524048 566.18238759 700.43019362 429.92914908]
 [409.72146172 130.18522618 792.75680059 726.02475165]
 [333.77676455 506.20630886 754.72272936 373.23888918]
 [585.70088936 389.31367572 111.32186599 721.76331905]]","[0.59208114 0.91971861 0.17432953 0.15851441 0.65032838 0.51190172
 0.28564449 0.14945973 0.38039644 0.87628906]",977,2025-03-03T22:43:20.999628
38,0.811100965849011,"[[791.70236407 757.47998636 335.90074988 386.45680464]
 [ 51.83766345 606.63860504 566.47785375 491.63159857]
 [324.82348305 118.65827296 113.6233441  745.37090441]
 [  5.61001067 132.72162077 598.97479548 784.4867315 ]
 [ 86.6280809   78.58452026 182.41583497 683.70840621]
 [300.44396985 712.21782181 712.70862908 448.47726967]
 [ 49.72591338 604.9080491   30.68479509 383.7395831 ]
 [638.28343664 401.29424857 181.52522995 159.27599416]
 [555.32054718 570.61599319 397.31253692 401.10174987]
 [782.47223637 622.05438721 327.35472691 193.33083742]]","[0.95227937 0.55411145 0.98302294 0.25019362 0.68224879 0.61342561
 0.98708335 0.2123233  0.76030696 0.3262924 ]",978,2025-03-03T22:43:21.006764
32,0.8769739562787493,"[[ 46.2756498  680.64588171 328.40699722 301.16213278]
 [532.37365724 258.49225385 458.90289862 629.63843548]
 [610.29436343 613.52679274 285.43409074 478.48185794]
 [482.04224208 727.22567147 370.94976662 559.82708496]
 [296.78825408 399.5086985  785.94655318 308.61632062]
 [711.37973299 292.10823305 681.87771014 223.28106338]
 [367.96925719 424.56595776 699.45682603 315.09026758]
 [137.90855557 622.3435095  595.40770693 634.99116344]
 [279.38156569 204.06391315 667.68025831 338.4932231 ]
 [170.91684769  59.70383986 688.90930188 428.75181786]]","[0.09155308 0.18152358 0.41219252 0.53996661 0.9242933  0.85589269
 0.31895225 0.42784071 0.2052365  0.54210781]",979,2025-03-03T22:43:21.012630
33,0.880029638684276,"[[242.05139754 415.03658325 592.52268134 156.81169783]
 [ 29.11896742 291.14789922 430.24721359 499.53416964]
 [ 53.19482313 793.35232407 663.00015774 592.6835821 ]
 [424.68808388 629.73583683 320.06128956 726.56905862]
 [572.62256299 725.13806789  17.36166483  64.3226448 ]
 [565.99276814 302.48454231 155.59879144 140.21043289]
 [774.94937263 695.43247585 295.39359808 725.75076636]
 [354.38564201 420.75957567 435.38471068 524.16276615]
 [532.1801694  500.29298618 384.2281466   69.48744781]
 [235.93694193 199.99159183 468.292636   224.17472582]]","[0.87708747 0.36121246 0.45940425 0.7987303  0.76369121 0.55005215
 0.36182995 0.92117087 0.96308486 0.3946769 ]",980,2025-03-03T22:43:21.019096
11,0.8054198010316911,"[[695.66560126 676.35773789  26.9047796   74.46603473]
 [113.04921088 483.78650265 203.38889162  91.19204817]
 [471.13059152 400.10881986 231.47093122 400.01436605]
 [370.58511642 373.95117889 403.66222808 511.17971764]
 [391.57823982 196.92177314 785.48384824 536.7568517 ]
 [505.21918916  96.51240405  66.74113967 663.8056472 ]
 [373.43095568 749.10885439 320.74430625 677.76884608]
 [564.77048327 488.3638878  189.58591487 550.64105104]
 [244.72939734 179.77001895  54.60978206 323.55736841]
 [798.96840327 388.00098102 142.28552631 765.40154332]]","[0.98444921 0.30661768 0.88159686 0.79115115 0.29638199 0.70928746
 0.66227162 0.69993786 0.44861001 0.60630884]",981,2025-03-03T22:43:21.025104
50,0.9135445761893081,"[[622.34537053 258.7713282   97.87537298 719.09834223]
 [342.0026342  481.730578   124.30290494 507.36566937]
 [379.84155096 606.23379252  76.31679039 562.41464994]
 [214.57338376 292.95546719 332.17580891 233.76578814]
 [297.20579074 690.65599979 594.12231565 669.75865976]
 [340.29773337 451.88616424  90.60718205 196.13545024]
 [768.31038572  56.48173629 530.95270824 103.98948728]
 [248.87566881 223.44094574 742.82579538  65.99419252]
 [627.56898423 190.50660819 429.73666139 387.76370155]
 [677.68271884 362.59298076 784.94156931 333.3335334 ]]","[0.68334448 0.48052272 0.91944169 0.63371487 0.86515845 0.53644578
 0.56019064 0.75151943 0.81931153 0.70558944]",982,2025-03-03T22:43:21.032717
27,0.8945970290605166,"[[ 25.72455044 269.94442456  64.23312509 633.84991272]
 [533.14978983 158.86868955 177.30369387 562.54158165]
 [173.58009968 192.04886109 719.84432799 532.51345035]
 [306.95785043 689.47194675  74.88189991 308.51687128]
 [386.99885486 101.69387546 541.25137984 741.9703954 ]
 [199.70497234 659.84003584 114.50860375 101.5779091 ]
 [634.64632043 699.26941586 773.79946216  28.6149661 ]
 [ 92.72799777 786.78821622 265.87601041 406.40903832]
 [275.52669492 192.26344348 316.98086137 309.18457696]
 [303.48511755 736.83127321 210.19477224 210.77266076]]","[0.35088275 0.85111192 0.16476922 0.83622119 0.32763811 0.46762158
 0.24415649 0.83428142 0.64663645 0.15309417]",983,2025-03-03T22:43:21.039873
12,0.9234913645045525,"[[ 66.01930588   6.88327861 146.53426992 264.38619722]
 [578.88724031 280.349553   684.67021888 496.30896796]
 [238.67951859 262.1265507  569.12264605 692.65552567]
 [758.06333169 168.4986788  138.25101462  60.67298818]
 [560.86817814 669.07496367 239.5726831  346.69460812]
 [478.24047739 589.01755276 323.31838001 135.93533962]
 [122.48346131 507.96585185 116.49008003 374.2698962 ]
 [368.41771973  39.41817182 231.9185856  545.8225798 ]
 [268.84019999 504.66728288 463.35317968 699.16070284]
 [382.97399875 762.80794433 661.70514209 788.93750888]]","[0.59866356 0.4334445  0.98666625 0.75650558 0.09563007 0.06135287
 0.33163861 0.9080589  0.45491038 0.92156055]",984,2025-03-03T22:43:21.046218
26,0.8076484552871386,"[[405.980498   440.00736574 121.32873176 692.28414655]
 [775.21710908 722.97732079 433.3242764  794.02541811]
 [242.79257277 192.48765006 395.76529607 544.48691158]
 [371.44206224 261.21343792 555.44594788 225.79357132]
 [356.882147   305.39173379 282.02338649 358.80321102]
 [109.40077603 221.49801212 320.08206982 721.52742551]
 [625.7691768  785.27614066 669.90481287 501.11581757]
 [ 83.68481081 744.10457078 398.68595262 762.36815132]
 [236.10777672 720.86599872 341.02125034 198.00547084]
 [611.377247   311.70982653 675.31759545  28.53076222]]","[0.76496195 0.56231379 0.84964782 0.03085886 0.64886077 0.33213413
 0.69930956 0.67458745 0.31407306 0.26428694]",985,2025-03-03T22:43:21.052629
33,0.8408589693360801,"[[353.07002312 742.69071139 316.74062261 797.31749672]
 [242.95479264 644.00941355 493.10181707 515.15507862]
 [249.26233118 221.22516022 796.71878588   8.22034251]
 [545.1875625  160.09164541 142.49130189 219.49105381]
 [ 35.94906032 265.99138339 454.35981735 790.66205558]
 [439.80360293 503.32271734 791.77821321 300.38963046]
 [264.50299821 206.58086056 632.13975574 540.06900771]
 [285.37296302 741.91314959 405.45160235 643.43789409]
 [ 64.10483181 759.62157721 163.36156794 738.56193636]
 [ 25.77377519 388.23831126 450.37764191 208.83167464]]","[0.64932162 0.19432578 0.83447706 0.32738769 0.91047958 0.11905381
 0.3068014  0.60803791 0.35412125 0.39221132]",986,2025-03-03T22:43:21.058739
17,0.8232578297868625,"[[311.63657982 203.95526148 278.71329987  60.68775802]
 [404.92209404 151.94688044 784.06699876 361.89650989]
 [278.00378796  32.83181321 369.07164761 187.81215754]
 [ 69.64653034 306.44881265 413.27990283 245.44702448]
 [312.00527715  42.62213597 535.52493096 574.24939733]
 [155.01411909 408.36224965 249.6292045  690.41620049]
 [327.76698174 739.79619892  44.30759127 274.39116289]
 [238.1604829  767.63261771 635.60727495 209.13520893]
 [782.41424586 547.54958047 624.40320924 524.31758665]
 [ 17.24926185 275.13228906 771.3146375  175.95838569]]","[0.54366541 0.98426966 0.16368475 0.11366788 0.46631492 0.01202041
 0.51101868 0.8182673  0.68607812 0.1399223 ]",987,2025-03-03T22:43:21.065957
16,0.9270174766639391,"[[ 97.01538638 274.2650375  366.45021464 181.07998656]
 [ 72.69400269 444.50990896 283.60009604 198.96160949]
 [561.69773185 506.67210857 681.15282364 599.07255291]
 [333.57810623 610.60880487 490.92370304 279.03442921]
 [472.62032295 438.07007193 683.40004443 473.36025696]
 [158.11329117 616.38767186 556.4569065  490.60497989]
 [ 18.68377953 665.11583477 741.88671601 736.61509236]
 [410.6493991  358.95368803 326.82621179  88.01260473]
 [750.4362521  627.21312783 403.90968516 207.16114196]
 [137.64248548  53.20775033 536.14042497  29.52916675]]","[0.38591378 0.74816713 0.03482401 0.48296049 0.25042057 0.61440942
 0.35191146 0.56745451 0.25176427 0.84943455]",988,2025-03-03T22:43:21.073299
16,0.837172274832479,"[[417.09557201 631.44444301 755.02632157 753.10724427]
 [ 74.33141868 325.18638097  62.36132337 160.35988081]
 [702.1583207  167.37610596 175.76982898 694.73024559]
 [ 53.80159841  30.22613906 427.7205052  236.7951883 ]
 [460.55208629 118.9966838  647.09951189 759.68788257]
 [198.15147936 216.56204181   8.65090851 390.91209528]
 [323.32217503 480.03647505 744.90979906 417.36211871]
 [659.67843046 748.71317146  99.94802847 125.60996765]
 [794.14159744  95.47333916 166.67965438 319.49260507]
 [516.7115318  744.70051194 798.09207452 483.1680812 ]]","[0.69519039 0.69859584 0.35695231 0.9236214  0.704326   0.34143166
 0.09603689 0.39931508 0.36868095 0.34380131]",989,2025-03-03T22:43:21.081621
30,0.8292231796713735,"[[116.10120703 596.33861733 265.03068611 372.68794793]
 [725.37621054 416.41162247  17.45161938 466.63646307]
 [222.71642452 257.20329275 274.85051729 627.70757965]
 [130.9557039  228.89243587 571.19557304 710.01160983]
 [ 49.15368184 446.47696757 565.72874666 561.99270762]
 [634.77519591 428.10470578 455.30181468 137.13150351]
 [626.57456445 171.36706024 224.97137066 415.82596697]
 [194.21647246 708.70919282  13.94967555 119.34187555]
 [769.47158015 452.05928609 149.08789753 678.91567808]
 [399.65469579 614.77568597 105.39420763 164.96373291]]","[0.21704923 0.48194652 0.71719469 0.23333682 0.30200457 0.93615205
 0.15646986 0.01431601 0.84009789 0.90350379]",990,2025-03-03T22:43:21.090793
49,0.8468917728147779,"[[299.46431173 522.74123462 233.75016052  87.75615024]
 [415.45216519 339.84575976 628.4300661  764.1678938 ]
 [672.2405182  647.28228827  32.90655583 380.18414198]
 [ 15.43537031 793.43488679 470.38657653 770.36593873]
 [120.51451894 385.88786869 604.65029224 717.08447607]
 [682.95812858 104.46514143 580.85124366  33.60549246]
 [529.05577905   1.74157176 654.23727312 620.42841417]
 [550.08697005 281.45979427 566.87646062 751.0913993 ]
 [163.1466705  727.404479    45.27956097  22.27727138]
 [402.48993424 598.35423613 132.81952726 104.70069672]]","[0.36514117 0.31838951 0.73613534 0.84996953 0.32311851 0.4522864
 0.62514597 0.44894559 0.18257861 0.22516448]",991,2025-03-03T22:43:21.097299
23,0.9263432647957579,"[[227.54042008 560.61406059 749.90974919  55.86297207]
 [230.69182502  12.11176274 490.57693568 610.07925398]
 [ 40.41550419 627.08193556 446.82473143 486.22443797]
 [ 74.75528511 152.37842035 300.39732737 152.37674494]
 [353.0613172  541.71141472 757.92724076 744.92734204]
 [363.61972382 746.11922864   7.27111415 718.98756317]
 [243.4899324  771.26207095 498.41148386 210.13284183]
 [275.3780772  140.95642055 714.22541759 724.2780904 ]
 [305.27820209 600.3726858  209.50642072 216.67336914]
 [738.6591939   62.4013257  322.5041211  213.54953402]]","[0.91227138 0.56701194 0.15271468 0.48321869 0.68442213 0.91507528
 0.06312185 0.72001103 0.45933108 0.31424699]",992,2025-03-03T22:43:21.104735
22,0.9069781238925089,"[[689.99493684 127.22836759 654.61601037 141.82823494]
 [635.56271891 120.61002044 121.91717063 767.05777518]
 [ 30.56248696 132.75754191 592.76737338 584.58479825]
 [333.83356105 169.64739127 773.58658589 314.31979246]
 [  7.91171056 166.44746183 644.60907212 205.05376345]
 [768.46630144 425.60457653 709.94886605  23.06511068]
 [772.39309641 553.77475023 508.32351765 255.1599051 ]
 [429.0529774  770.98550639 300.70980986 617.21537822]
 [778.64120063 584.01879471 789.89303741 280.75744617]
 [730.17105939 679.20205221 204.94761315 103.60625227]]","[0.35144935 0.75533243 0.62715426 0.25634366 0.01394479 0.75605248
 0.49227827 0.4895211  0.68993894 0.31866448]",993,2025-03-03T22:43:21.112125
26,0.9203514944725861,"[[145.22910974  60.98529123  22.68422224 793.00826243]
 [ 92.68606581 207.69566927 237.68711955 196.08232554]
 [467.92500768 450.19253214 232.76614788 111.87715157]
 [786.20344246  70.04805622 379.47342173 590.85351817]
 [610.1725537  339.93198426 423.05071847  65.72626468]
 [  3.11061871 147.33011759 702.74014412 103.18786147]
 [769.75099954 531.75024583 612.68923718 581.4129216 ]
 [549.87497621 195.42116513 531.02903093 504.21659831]
 [703.22890882 367.9445806  567.59442214 311.40237794]
 [291.65525525 781.84583115 772.31575349  45.81464823]]","[0.64807156 0.42190585 0.99291334 0.66814231 0.95768412 0.46688813
 0.420796   0.98318067 0.43492618 0.02737167]",994,2025-03-03T22:43:21.118644
14,0.913515726376185,"[[722.00414851 256.86330357 734.95004028 401.31375616]
 [481.35864308 134.1508373  260.12615513  83.23476668]
 [217.63689446 280.63990721 748.10491726 513.1215684 ]
 [181.15562533 410.69639478 405.09106087 269.21757826]
 [310.8746028  383.62536262 232.14604387 203.09250137]
 [731.60326151 110.29954187 262.11195349 685.31560783]
 [281.9986327  175.05102452 427.72072065 447.30887435]
 [547.33708293 282.29958847 400.27844994 179.65131076]
 [ 14.97502978 649.27982194 255.45915368 721.55238877]
 [796.95931909 612.46675416 668.81925305 507.10686672]]","[0.72828459 0.41665526 0.86682374 0.81510955 0.16922241 0.45276171
 0.30007487 0.01210548 0.39796137 0.03879218]",995,2025-03-03T22:43:21.125320
13,0.8445215167683635,"[[291.52150822 482.15001985 543.42256432 209.22673528]
 [515.80474607 703.99556814 176.58661702 551.39191246]
 [ 60.68172947 402.02627872 314.87833767  88.57768829]
 [798.02268432 251.29499035 249.06687656 504.8051917 ]
 [ 93.60951471 269.56675282 620.29733307 186.75828336]
 [439.78968602 181.46144542 792.19030451 712.50382591]
 [602.14335229 200.38144858 417.88311712 636.82121245]
 [671.96747447 179.5153166  651.27385702  27.71868738]
 [121.1547141  660.74756839 199.67465161 314.46133073]
 [590.17118039 599.7020705   61.01334995  89.10772772]]","[0.11598038 0.92914708 0.24904182 0.05628979 0.04795122 0.98099331
 0.35677593 0.28451296 0.31145973 0.0103083 ]",996,2025-03-03T22:43:21.132742
26,0.9152643569697727,"[[161.88088347 562.69493495  86.25656092 620.36436939]
 [386.91922302 158.69066213 563.16011547 274.71053706]
 [340.19395702 734.58641049 450.53852117 663.36129117]
 [306.78533989 697.56706842 550.52332348 356.67158256]
 [744.63648219 603.39065602 528.10726012  28.6819131 ]
 [199.4093519  665.82119065 594.07693333 221.09579221]
 [324.73881801  22.05714352 114.03924695 685.09598792]
 [273.72238261  39.91315513 115.33202482 286.47822953]
 [340.62366796 739.51861639 694.05964584 351.22200335]
 [ 23.89947028 117.20772457 214.57934909 376.95370397]]","[0.50228531 0.85230192 0.27542635 0.70797776 0.9043275  0.87906116
 0.25315799 0.79733295 0.47525871 0.45802018]",997,2025-03-03T22:43:21.140110
11,0.81722776147398,"[[201.50319643 476.8457553  672.79629607 556.86090596]
 [659.98917541 397.78449743 595.58651862 325.65203404]
 [734.11764005 633.21873911 466.48363133 569.05531049]
 [236.94367579 679.74484929 531.86727594 501.89312678]
 [621.62551585 667.52342986 748.20864077 316.35375653]
 [769.2798439  579.07227038 612.26178503 429.91700837]
 [538.37135797  71.20219557 746.86936098 100.79711836]
 [785.09022654 635.86761705 400.16310645 321.06212494]
 [782.07341471 671.5117497  741.2712793  682.74301334]
 [472.60022529 680.96169213 174.38977418 445.63784042]]","[0.59345094 0.70194349 0.35066619 0.9673142  0.26527291 0.04108257
 0.03969451 0.07650393 0.77928905 0.64606967]",998,2025-03-03T22:43:21.145632
27,0.9434598781934881,"[[322.10609158 697.84723729 506.68344425 119.72121911]
 [430.93699332 428.76588825 277.26429652  38.5824101 ]
 [ 62.97532697 247.25821673 796.09273133 712.90272873]
 [291.30058796 255.02150277 290.0383796  598.81388333]
 [103.50380598 253.801149   106.17509339 500.61008718]
 [296.54480544 377.97345546 276.60366695 612.80128784]
 [382.68452365 678.10216068 514.63057373 161.88240336]
 [ 10.66257937 611.13259936 485.68926184  54.12383365]
 [165.86012154 300.83378999 673.0469947   58.24070126]
 [313.0130818  352.1979623  631.75917696 594.28096022]]","[0.01389972 0.5426143  0.78111663 0.04187624 0.83781384 0.06055839
 0.12818411 0.14775734 0.5332877  0.11946271]",999,2025-03-03T22:43:21.151954
40,0.818710894154724,"[[739.54881699 567.6147193  425.2511485  779.27073149]
 [200.29776484 637.74731561 310.37818454 146.58475722]
 [189.63642621 653.60942525 559.72264628  47.50261386]
 [593.48018194 303.386959    79.26274714 500.37216732]
 [383.14593862 759.27810066 221.05244932 375.87707419]
 [265.03413288 668.28515695 632.55880507 679.98224233]
 [133.2873302  545.33793621 744.85022931 765.45257492]
 [178.17107964 547.3820427  201.66784029 777.3484385 ]
 [734.90524558 732.86818774 651.31644689   1.82094789]
 [175.63788591 533.98431355 530.34432336 270.83328698]]","[0.25929972 0.8728208  0.01381194 0.00468619 0.31748023 0.47784879
 0.28377453 0.13690736 0.50586524 0.02119181]",1000,2025-03-03T22:43:21.157321
