count,confidence,boxes,scores,run_id,timestamp
37,0.8973657989212436,"[[547.67342922 586.36982637  87.60031735 558.04987032]
 [485.04442704   2.41233874 417.97457569 262.87799331]
 [769.7872017  180.45190185  97.33037759  31.68416359]
 [661.28952306 796.89569375 660.15930787 258.04758247]
 [367.95762357  31.53591808 789.47652777  29.88764824]
 [ 51.69950571  95.98008965 704.54711824 258.38994547]
 [769.77132099 319.29314708 509.9640647  519.53170757]
 [641.33460664 226.37914891 446.24660722 479.9713417 ]
 [368.66940623 205.09167353 618.83995328 411.97338077]
 [105.40670343 565.16375412 590.27304989 607.0887474 ]]","[0.80311355 0.8931836  0.95551145 0.7987579  0.00500323 0.76587715
 0.22103654 0.42946072 0.08596693 0.92163333]",1,2025-03-03T23:24:57.160325
42,0.8977479716874808,"[[ 20.70752858 790.26271658 447.31942941  89.7296646 ]
 [605.95954286 545.25833062 637.9611023  631.6966978 ]
 [ 25.39742133 306.62212054 613.49912772 352.76984393]
 [724.22585587 633.44760218 760.5835557  729.59229588]
 [ 83.24614688 225.42588292 219.36823156 671.47429914]
 [195.21453294 180.2642649  276.92786732 314.94460188]
 [532.85029979 557.25957466 538.3555293  704.72027267]
 [363.67131266  78.5202567  686.17943095 308.97718127]
 [525.41251701 233.71178603   2.94845366 386.80411298]
 [241.7021539  207.74898723 203.01087693  89.86966846]]","[0.9273112  0.66683183 0.23018377 0.9021976  0.48833813 0.76994025
 0.09005327 0.4796384  0.96650236 0.14103444]",2,2025-03-03T23:24:57.168354
38,0.9264520163100457,"[[317.00513969 786.4696962   29.75560124  31.59845394]
 [104.08021969 102.53815753 601.87340262  56.16966076]
 [633.15280567 313.38431366 703.38751016 579.88706003]
 [590.28271061 196.27346152 187.10916462 108.01847908]
 [353.10447184  69.72860812 596.73986132 254.49200542]
 [129.41644155 413.08362183 326.75510857 570.08788182]
 [630.35344958 515.37103695 171.52264836 349.49628313]
 [748.93914475  47.78304164 337.7392071  468.9921081 ]
 [548.51362119 201.78700584 655.80803198 401.51122838]
 [322.53142915 196.99841109 651.95829009 386.009507  ]]","[0.85793237 0.06455789 0.60481421 0.22464989 0.64294553 0.73477833
 0.05981113 0.3742297  0.56314721 0.97702493]",3,2025-03-03T23:24:57.176481
32,0.8253677360662685,"[[749.33315388 128.42786077 316.9545109  425.35582617]
 [ 89.88028873 698.90959057 643.84156336 782.65214861]
 [ 12.15832505 135.93590831 423.06843543 678.66582271]
 [208.88697567 356.53296503 160.57936188 790.08763838]
 [420.17175545 750.74115713 147.14602617  90.63252012]
 [510.33501346 565.02284624 535.11803658  25.3569198 ]
 [319.55139384 591.04898527 732.19653722 102.65799221]
 [462.76403308 782.47307667 256.95138286 388.70881224]
 [600.41268448 102.21629662 748.40454901 712.52816623]
 [205.05680822 480.90666825 119.69705855 769.65881401]]","[0.77519299 0.5132824  0.87131021 0.12212076 0.23712757 0.26609073
 0.83873651 0.09277335 0.45787504 0.3608516 ]",4,2025-03-03T23:24:57.185546
36,0.8653844030244744,"[[537.61742017 393.43157314 615.04726556  46.33258071]
 [298.93017862 192.76609412 348.07031133 290.51635739]
 [180.4127086  469.32958602 535.68402891 500.03487529]
 [183.53032802  64.78227716 518.64018236 153.04835784]
 [ 42.0285027  140.48417326 189.82592812 654.65484962]
 [714.22893238 755.6916804  181.56447699 457.32893955]
 [ 76.87586623 232.48776523 616.7135465  556.80862384]
 [622.0231203  497.27865546 189.67846215   5.67153046]
 [764.33684686 679.69892605 740.38635222 268.6775849 ]
 [334.00868025 580.20341145 368.16401574 392.86726687]]","[0.20254637 0.96306211 0.22379516 0.75655043 0.67768812 0.10769673
 0.61833364 0.31565892 0.95503211 0.58374428]",5,2025-03-03T23:24:57.193223
23,0.857275993735327,"[[298.6759162  641.44128681 344.88163285 510.90489547]
 [ 67.92701756 312.48667255 725.41620128 449.18855524]
 [737.61149379 104.75840852 654.02399428 461.76913706]
 [182.25247906 798.02688659 154.62937799 417.96100566]
 [780.59201019 159.11146686  61.20075146 151.50487824]
 [713.38847968 736.64526339 145.78454845 348.97254186]
 [370.16871524 757.29161846  27.02881819  13.39326088]
 [163.64575319 414.60668213 471.97344206 751.12532484]
 [176.18427262 478.41970773  25.35027003 257.71199142]
 [326.86173846 517.75517627 592.18397093 747.07882531]]","[0.23829374 0.49151032 0.24031732 0.43549539 0.45650358 0.72556697
 0.10680605 0.0615068  0.7145607  0.19892864]",6,2025-03-03T23:24:57.200852
13,0.881455717744488,"[[666.11653771 236.37870782 307.73085184 723.25145859]
 [ 77.86097336 254.66275901 406.17236093 673.43494719]
 [212.46160552 748.26384824 666.45245968 106.83904628]
 [491.52069631 504.95308512 758.57923692 123.92153536]
 [132.39709327 347.18629248 523.92997119 790.60266719]
 [278.07473913 335.9006769  735.82585669  58.50849117]
 [213.69782155 432.61507453 752.65207128 264.49535132]
 [344.66965485 723.2179471  652.73188402 144.17412056]
 [ 10.70892411  49.74519372 652.75221693 646.19732967]
 [729.28115494 670.03244475 431.21228079 456.55853752]]","[0.45144287 0.80540314 0.78557355 0.91147295 0.92655625 0.03219808
 0.1404875  0.37800222 0.59259737 0.15925124]",7,2025-03-03T23:24:57.207538
23,0.943085604670369,"[[602.98111369 301.05558586 762.77745121 452.55725979]
 [ 77.31339158 548.68080329 254.49326646 611.56144364]
 [647.23838864 155.46754182 257.33838513 256.47570999]
 [102.61132694 327.13755222 551.08248734 487.4497906 ]
 [530.18637961  98.11100336 721.31073089 118.26145184]
 [ 18.84472852 615.31901054 757.2450528   24.462246  ]
 [ 58.30116603 187.01665303 252.57835823 254.27928662]
 [767.78204482  61.45767591  32.97029327 556.71868246]
 [597.28634301 699.03675557 606.42720999 325.07736812]
 [ 37.93484724 227.5053259   35.45227871 236.45197073]]","[0.18305028 0.73405494 0.04223669 0.99745828 0.47875232 0.14755505
 0.32872622 0.77058066 0.99561649 0.19022839]",8,2025-03-03T23:24:57.214433
32,0.8521479732348978,"[[557.24677939 582.35249575 459.8464814  314.47235238]
 [186.0477775  217.88348059 347.4336117  761.17290595]
 [265.40936451 119.88798485 210.29300529 244.40053521]
 [405.29837754 355.76596186 763.53216129 714.81747295]
 [746.55328602   4.27884121 104.498449   632.94047094]
 [293.32621025 660.56351312 382.45038853 373.12365403]
 [423.31633742 131.59410299 160.30580851 513.57557401]
 [224.20036552 464.81129509  31.94332865 644.65333479]
 [466.15586634 179.14980761 750.91623247 723.50007869]
 [251.57960531 539.98950779 141.97850417 617.84115449]]","[0.54160465 0.57878206 0.73471491 0.49022747 0.08522675 0.68810402
 0.33666711 0.40042185 0.87838139 0.84374123]",9,2025-03-03T23:24:57.222457
18,0.8190693126441307,"[[ 87.56950749 389.20404331 364.87787358 510.53315462]
 [596.30746781 567.32163901 407.91661515 320.44649786]
 [352.41243384 290.83164005 718.62928186  42.21383207]
 [135.37488253 484.91988822 743.15160891  46.23937248]
 [568.80658148 286.86987601 180.90023891 308.1318441 ]
 [481.94426672  88.33550655 797.43829644 663.1007246 ]
 [233.93267715 713.29422254 750.23869944 549.57217853]
 [318.44048645 435.44959305 467.55005887 423.74546171]
 [326.29393224 200.13712502 175.92583644   3.71974633]
 [420.35688605 152.20289452 466.16746665 239.83802113]]","[0.53873345 0.44534554 0.45915835 0.45903059 0.61380564 0.486516
 0.77870331 0.97963925 0.71124612 0.17064038]",10,2025-03-03T23:24:57.230462
11,0.8985978247580452,"[[125.35992785 624.80964628 305.7401203  380.94566725]
 [441.37579932 759.76271114 257.50034339 548.48655614]
 [347.86959371   5.40921471 471.04772077 378.58535475]
 [495.97470066  68.50210359 153.98892735 536.99009966]
 [  9.68313342 230.14109775 610.86111122 366.70367834]
 [719.25519868 710.91256739 376.10908313  62.72113987]
 [ 87.65275395 176.91294243 252.11621011 351.65083334]
 [519.88094413 121.96994611 694.8019042  181.7774133 ]
 [795.80090245 185.11189907 352.38318042 203.48936032]
 [621.82780534 732.11709369 480.13307064 561.33920167]]","[0.21569386 0.39856719 0.77157982 0.45966584 0.26462761 0.58836394
 0.34935815 0.39621868 0.01439807 0.33342914]",11,2025-03-03T23:24:57.237928
50,0.8565286128698187,"[[495.35455394 641.52472056 138.24109176 227.71990874]
 [100.52079477 385.5071783  556.27950275 137.94475009]
 [691.81033191 688.69724899 443.65474606  65.90956484]
 [110.71726849 268.33858954 779.81976582 424.46558211]
 [754.45642516 118.55642079 543.48230872 549.50773223]
 [385.53412583 635.89919413 471.95280461 345.31408866]
 [131.11144991 185.82020251 617.96926785 562.93291074]
 [ 81.21574603 700.5172028  618.31047858 266.93470331]
 [132.22742247 418.93760248  75.00662557  39.05283528]
 [ 19.17720121 187.59442313  14.84428951 689.79446614]]","[0.52059688 0.92385671 0.23614001 0.65326976 0.73983843 0.64852096
 0.14092667 0.17905125 0.21919442 0.16648728]",12,2025-03-03T23:24:57.247064
41,0.8709469012977814,"[[707.99686259 432.49432754 319.68920567 665.78632253]
 [499.66619228 799.15979054 644.43348479 484.67658566]
 [188.92135775 573.28339099 282.00098197 489.52973407]
 [484.51716739 534.55478562 353.14078304 606.9643897 ]
 [207.98131787 540.89778855 657.59935737 203.04486134]
 [688.42093884 341.42522062 673.57008424 434.14628771]
 [318.66085951 532.09454205 190.95561545 377.76664679]
 [468.80786457 482.68791105 680.67367045 293.66423559]
 [ 81.60893876  60.08919518 711.60452828 546.78397255]
 [538.89138388  27.57770675  87.41588663 459.46723509]]","[3.64960221e-01 9.28218024e-01 6.04118999e-01 5.46061576e-01
 5.28179587e-01 4.39018811e-01 8.01753883e-04 4.16965795e-02
 7.70871635e-01 6.29396650e-01]",13,2025-03-03T23:24:57.254904
45,0.8319696085014666,"[[170.30426851 104.22904578 754.74757854 508.36305405]
 [678.19026113 426.51455872 243.88953901 375.37869286]
 [165.90897431 660.05620221 737.65659414 308.57780434]
 [ 85.11037996 172.01277872 413.37613731 656.79055118]
 [332.52863591 630.9232875  578.36596714 530.13255492]
 [489.62380161 706.21565343 529.03508354 699.05881281]
 [464.04985891 285.94659998 761.6770768   11.701977  ]
 [672.6786708  781.09245864  44.68292387 783.91607315]
 [198.08384799 530.75477744 662.79587927 742.28462997]
 [194.09405553 574.29557069 331.14258693 697.10547162]]","[0.80175846 0.27584052 0.70926462 0.56631093 0.51088076 0.78516401
 0.97300468 0.13257597 0.23911005 0.44404662]",14,2025-03-03T23:24:57.261906
17,0.8959725249536902,"[[479.62658908 220.65338381 169.72525381 546.54807014]
 [768.17177865 453.34076558 543.66913499 675.08910916]
 [175.23147829 123.29958288 588.15914386 549.70490564]
 [ 74.05556864 318.18371239 781.21086497 375.96829065]
 [ 65.54927442 657.61193122 591.30856617 573.46454113]
 [381.30482416 740.46000302 789.71598976 493.24418622]
 [499.10111698 155.37906202 748.43769656 772.97133046]
 [757.05952562 607.27857572 758.52601213 690.56565819]
 [720.50612202 242.20422538 692.55761399 184.79414841]
 [ 27.24483033 607.06877457  88.15982527 269.52569361]]","[0.191542   0.55615711 0.13889285 0.24299709 0.65017917 0.34242062
 0.34098379 0.6921281  0.13530131 0.61251748]",15,2025-03-03T23:24:57.268180
15,0.8681837681140211,"[[275.27944415 649.57153937 397.19527357 398.17058204]
 [350.16554838  99.0846485  295.55715569 552.05428209]
 [230.26474094 372.76127434 240.76574898 451.25836983]
 [474.23795341 304.9225726  557.34139169 101.82780028]
 [799.69813748 122.71663888 356.98435359 107.12940608]
 [773.85519188 421.76830316 278.50024437 428.42305477]
 [138.77175263 245.38732703 432.59564064   6.23405734]
 [224.5782257  556.42873424 348.50689041 678.39451721]
 [250.34246921 326.09797103 311.9522626   63.23520155]
 [745.19104566 600.75777405 419.54459826 537.49154116]]","[0.19161197 0.58076622 0.09578663 0.89631206 0.30267746 0.56231992
 0.35238673 0.48541355 0.71897869 0.35070193]",16,2025-03-03T23:24:57.277461
40,0.8146835211346799,"[[728.7532744  385.45917391 576.96060813 752.13705555]
 [686.91347404 652.49320274 485.64426231 799.82468913]
 [534.85296445 403.55753065 744.48768111 703.97087956]
 [234.39309946 118.03443051 103.76196852 570.08028332]
 [333.93036748 262.06581109 280.47502093 703.52627138]
 [666.27613466 657.17293421 742.77680922  66.84463718]
 [355.02512631 358.73827924 571.18149199 709.79029348]
 [580.45312043  26.26133692  54.31969139 432.68091493]
 [155.98567439 101.05603271 358.49232786 281.26324713]
 [242.37025754 448.56793204 342.0288327  233.71193665]]","[0.77687303 0.96513155 0.20161336 0.56066276 0.2470915  0.53674656
 0.41281858 0.39833399 0.39060654 0.09547329]",17,2025-03-03T23:24:57.284963
45,0.8357113384730429,"[[556.0135818  443.53440337 606.2496286  338.73135767]
 [401.08226413  11.64687865 731.52374375 604.19101087]
 [256.27110795 208.0538347  189.43231291 360.60767589]
 [315.18374036 570.25314033 669.52296651  49.34568469]
 [140.43205191 206.05446235 212.93042403 291.1459133 ]
 [199.75092184 538.5638102  461.82179145 334.06237603]
 [593.09034752 622.32265314 131.71103316 657.7678821 ]
 [725.64585926 645.49477936 472.71107696  31.24258052]
 [ 49.39069615 260.85618327 505.52259754 602.78283607]
 [772.45211592  14.59573722 708.06585254 535.16616589]]","[0.35759039 0.61062167 0.78827708 0.4478015  0.69301715 0.45151878
 0.52737136 0.24492648 0.74927349 0.53978459]",18,2025-03-03T23:24:57.292036
15,0.8186876303918251,"[[273.21883089 771.51609105 243.92814535 151.82794678]
 [562.22559372 630.65890631 318.88360781 420.93368297]
 [378.87808623 742.93217529  82.18251175 272.31974962]
 [348.36580223 140.66906982 683.99277405 404.23735926]
 [176.64775701 463.02855115 771.49897776 214.28926488]
 [106.15346045  18.34677724 338.52603672 680.83016776]
 [723.40823777  93.88537142  64.83311723 534.69963351]
 [508.85595265 185.44353211 275.0144208  366.28604997]
 [326.07331077 517.67611154 149.05249345 493.34848534]
 [355.92368355 672.98907751 559.88638276 252.8657077 ]]","[0.56318464 0.13178969 0.93740696 0.70435519 0.27370535 0.5154169
 0.6668381  0.03390468 0.50850845 0.15016899]",19,2025-03-03T23:24:57.298620
12,0.8877232240825176,"[[235.4665137  609.59277024 782.27648662 770.69025213]
 [750.84209374 738.96882945 115.56327471 195.01428524]
 [233.10313668 375.57166775  18.69930456 306.70299174]
 [191.57171986 105.29552657 588.51484791 423.90627212]
 [566.92169977  38.70346826  45.39485126 376.35855893]
 [611.23069579 639.12590808  67.46362521 479.24333886]
 [139.13454899 544.33093692 197.35487148 171.10377428]
 [602.72944566 738.26614368 796.49996087 315.41657342]
 [320.54637811 222.04082892 113.78763664 717.19428229]
 [796.26723046 665.02452897 683.12847114 190.29881685]]","[0.87077565 0.65195492 0.5723944  0.47918451 0.84952483 0.47730732
 0.55505103 0.68050344 0.5569002  0.53649272]",20,2025-03-03T23:24:57.306248
29,0.853977098580366,"[[538.55947219 365.64441518 554.909817    67.13118845]
 [159.45599971 318.16244946 718.38933127 124.13983114]
 [250.71920643 121.02315589 191.30417537 676.69106443]
 [634.41899187 211.91883624 194.90351379 342.95933071]
 [671.46627797 359.96464373 589.53669445 235.61390301]
 [390.38650233 354.26814386 756.53126147 210.35681455]
 [204.82809611 379.69331289 404.83776914 557.79283459]
 [ 35.87073592  76.05348794 395.78775664 104.53235531]
 [512.70908367 160.47365308 716.81089276  56.54661864]
 [144.62081135 793.82066203   7.6909983  154.40484837]]","[0.86470716 0.99217172 0.35930284 0.80158186 0.07025442 0.50163945
 0.78371197 0.17500163 0.70051281 0.12528974]",21,2025-03-03T23:24:57.316044
48,0.849233434017365,"[[288.31953192 148.85550166 795.51997985  51.67843804]
 [398.8155775  691.26195572 387.02664588 160.48956009]
 [ 94.66057211 492.78178819 116.06299208 384.70179876]
 [407.37014758 219.84938332 120.60043705 309.99865372]
 [599.48993652  63.69374876 474.40391478 619.81368027]
 [378.35915377 238.57831541 656.63115479 330.17389756]
 [345.99369347   4.43619616 591.89129163 253.50540039]
 [402.10533479 322.89074945 726.4376486  454.45061763]
 [551.39902356  22.10744457 291.14921844 797.68877274]
 [358.12554276 342.64384462 579.25914953 642.40777021]]","[0.73407626 0.67566063 0.84615877 0.78885534 0.86173703 0.92845882
 0.25676709 0.55229266 0.44577492 0.87785123]",22,2025-03-03T23:24:57.325105
32,0.9058921732519755,"[[ 32.67622897 731.09503072 500.53662313 257.66798506]
 [308.07670528 625.91344712 323.29201121 113.19459156]
 [437.88937212 687.14919929 760.30217478 147.1291176 ]
 [409.46660955 710.97851022 152.9838215  339.28164414]
 [492.87158919 150.62979414 519.47579909 359.20577572]
 [591.83126036 285.20465811 302.90399629 566.60860588]
 [533.16533863 727.41375031  48.04564821 621.61264649]
 [280.65253855 791.1278834  183.55014317 784.78760833]
 [635.96865551 485.91031024 669.16283317 584.61993415]
 [504.03309876 557.43391077 391.58882915 494.07676855]]","[0.61545825 0.47280462 0.14655981 0.79040193 0.7084766  0.25903985
 0.4307878  0.46728088 0.73583533 0.78508272]",23,2025-03-03T23:24:57.332862
50,0.8628062211777533,"[[233.64724823 149.1163816  147.95159615 754.65733772]
 [205.68188998 393.20389782 678.7011015  166.2006034 ]
 [208.56455511  81.63412162 503.78145769 669.19518445]
 [388.07453255 497.27878009 667.34679301 640.8287882 ]
 [160.87318725 490.54548191 219.01748769 155.8772735 ]
 [799.82582449 243.43551684 432.03353924 293.58289261]
 [201.84966562 159.30311951 270.92046017 153.01262157]
 [ 18.38509695  62.06355389 319.95247356 286.65478786]
 [476.45006069 338.7346658  767.51636058   7.24651606]
 [180.6532878  418.91594338 784.32530447 256.72951674]]","[0.51180208 0.257616   0.48401469 0.95848915 0.85505372 0.71089196
 0.6286428  0.34601251 0.25451016 0.77340316]",24,2025-03-03T23:24:57.342172
10,0.849040829130114,"[[161.59284219  59.73712846 696.05195812 491.4561744 ]
 [715.77626596 627.65644127 752.05812222 513.66174611]
 [157.95453073 586.83934974 639.18278559 524.67753271]
 [294.84691809 325.47154356 218.98582512 278.22757552]
 [578.08917695  91.64465368 161.30892598 543.01554444]
 [450.43565983 566.65521173 550.63548505 654.29206449]
 [228.32534069 706.15492653 276.90401098 309.11995149]
 [488.31374167 753.04663783 786.80961737  24.45576322]
 [794.70422753 607.48974116 771.78881798  14.65508773]
 [748.63507051 462.40319715 264.37124714 437.98164673]]","[0.67567964 0.12944175 0.20070904 0.55181289 0.63939015 0.0852175
 0.88166182 0.071329   0.68290436 0.33746956]",25,2025-03-03T23:24:57.350146
20,0.9126696376402803,"[[  9.85436373 255.54684011 524.1421557  773.15223845]
 [544.67606678 539.79340505 197.25949353  95.57517455]
 [159.50248302 445.5177706  454.98311628 634.5903612 ]
 [548.91106454 298.61760674 441.01232408  13.1332566 ]
 [ 19.597418   107.10096094 360.51621441 179.95601828]
 [763.77336053 474.18452624  49.65052026   7.83991818]
 [127.23861325 672.6975667  539.78969556 593.50692501]
 [645.32859673 452.8122444  250.59134812 632.09279075]
 [556.01639174 417.94126028 109.37753618 427.40058298]
 [119.37090497 337.42090763 221.21692818 201.30015765]]","[0.19947476 0.29136906 0.44680137 0.77846583 0.56443237 0.6497841
 0.69721653 0.10826122 0.35288826 0.26776026]",26,2025-03-03T23:24:57.358849
41,0.8811916269302569,"[[323.39983325  82.36940839  99.63620157 723.37244011]
 [197.8935719  267.48476365 231.12048234  99.06289388]
 [129.74942837 167.69346315 285.53918784  29.92171243]
 [561.94223048  62.88040928 761.55109918 553.3474565 ]
 [131.89780255 175.12558541 449.89006826 227.46103946]
 [111.52396508 236.89165333  13.41700638 184.88960018]
 [266.62383186 473.4411739  670.07232125 167.39501091]
 [174.61559402 482.13195022  72.88441591 114.1372273 ]
 [684.27913972 583.11264813 334.61092246 464.95385501]
 [724.23377041 161.97776908 365.94912913 318.54332881]]","[0.47899343 0.53644873 0.77424297 0.67248257 0.59617511 0.98775251
 0.44374869 0.00569883 0.37519175 0.67292538]",27,2025-03-03T23:24:57.367762
12,0.9075087659273704,"[[342.18207915 304.194267   728.16117083 278.13878922]
 [221.98789423  35.53067079 380.21311519 460.64483516]
 [ 76.4114847  670.65010952  11.0280633  403.94951182]
 [650.48126095 596.58579235 376.42626507 207.82707268]
 [292.61751053 788.61986718 791.16515321 621.98096919]
 [445.3593546  568.44472726 623.36344911 347.81660332]
 [286.36610969 751.85491594 708.02500645 696.35468216]
 [100.83400457 184.28239968 210.26912346 318.66752588]
 [470.93262833  58.50517975 497.17465168 617.4867069 ]
 [462.00928974 733.14853338 786.48457641 730.36496507]]","[0.32087366 0.70692964 0.88269639 0.48090607 0.35430239 0.03421571
 0.61132128 0.12546187 0.22134981 0.95145033]",28,2025-03-03T23:24:57.375932
35,0.9049365632066224,"[[654.70644975 284.94073433 692.838394   413.7767072 ]
 [601.37019058 138.12565442 156.26028365 208.12161255]
 [ 70.31604968 590.40026096 223.72922461  22.19610926]
 [542.43502041 583.09274976 221.17298201 277.73259474]
 [163.93359593  17.34720476  26.30354275 579.38855166]
 [431.62004353 439.29997105 370.98442128 415.5688469 ]
 [ 12.38619248  80.94052253 609.4558872  106.87050862]
 [593.89154834 737.87117764 684.19406465 715.61168483]
 [495.97244003  33.74812442 496.40105171 755.49064792]
 [646.84141491 379.28968326  52.62566423 574.17021942]]","[0.08336201 0.10564362 0.62858794 0.07961163 0.82330381 0.01040505
 0.88565313 0.72183393 0.77072207 0.34471753]",29,2025-03-03T23:24:57.385477
18,0.8083058057288581,"[[ 49.98739093 493.76481577 267.47259382 399.97649438]
 [277.64618062 214.10611436 653.95740575 193.60858475]
 [303.80755344 143.85925493 240.21062118 486.66597075]
 [403.84613496 430.05055117   2.08843409 205.1895378 ]
 [ 42.66928819 250.35272634 393.74527271 119.02016682]
 [146.30706403 706.59333454 272.48468193  88.19930564]
 [565.74598708 445.9765669  647.68052707 132.01575249]
 [680.28363199 516.07021474 567.24477741 267.83285447]
 [ 22.070198   166.72837158 224.20845332 248.57868053]
 [586.40495774 687.12034715 230.41107349 342.91051943]]","[0.4078885  0.23174798 0.46721001 0.98686522 0.7895669  0.68476534
 0.68035694 0.0295732  0.83669308 0.04141971]",30,2025-03-03T23:24:57.392716
12,0.9278251468464883,"[[554.82233779 561.55886833 746.84557778 718.36658658]
 [415.54582978 252.2911396  349.97351962 568.06653511]
 [662.02687692 623.71907511 380.93797414 416.25337884]
 [548.65482668 610.14012714 587.39698839 450.88612808]
 [404.26828095 311.06435472 623.64713986 345.91008811]
 [262.3389074  759.52745896  98.84510267 626.62355823]
 [380.54691345 223.50543214 322.18975356 715.80150521]
 [290.22305695 340.43584773 760.05633089 777.11055554]
 [214.16976201 666.08925453 108.26013331 181.93420717]
 [ 17.00193692 468.87525052 413.47142329 484.34706871]]","[0.04740038 0.07912317 0.17052057 0.03628574 0.01881347 0.28471939
 0.77124122 0.52499192 0.52574207 0.55410583]",31,2025-03-03T23:24:57.403426
29,0.9185862201441375,"[[356.01566386   7.61149837 422.60630183 195.92798299]
 [654.41011741 487.17713825  87.09208086  24.69999675]
 [766.06123867 742.70821697 305.21531005 613.91435211]
 [439.42486652 742.02630768 780.27604074 358.24842534]
 [ 29.42739063 290.45398658 128.12295355 446.8067408 ]
 [ 31.83016206 799.94578412 217.7763976  625.44183079]
 [679.70741081 164.33783653  50.8925335  163.94892656]
 [420.80036919 381.16130523 348.8167167  454.87903713]
 [726.28162424  68.2246205  702.28329666   1.40155568]
 [439.68884811 204.93997649 494.8673289  489.5626914 ]]","[0.9052191  0.53697258 0.14199807 0.50093532 0.16153507 0.38619078
 0.29572269 0.8474957  0.46885621 0.71095598]",32,2025-03-03T23:24:57.411428
23,0.8734397764600252,"[[737.85860759 269.12514708 406.39961871 533.85516574]
 [474.4636063  783.76710009 499.86240972 266.74392538]
 [426.11007832 138.65023526  52.19798195 511.09571498]
 [539.33252114 764.38073779 382.56013474 578.24711719]
 [524.53456338 542.84244421  37.4250637  306.94820958]
 [315.08741667  18.12462807 537.19863579 363.94752203]
 [574.30186785  90.45275097  91.88684081 428.16700596]
 [305.86746084 660.07182843 715.60828765 453.38566546]
 [425.46276189 234.52735237 251.90584657 162.6701936 ]
 [306.11505824 331.07477603  14.48153754 650.04738197]]","[0.82858869 0.0572375  0.21248264 0.11504679 0.92239475 0.62843534
 0.33339945 0.08594623 0.8546634  0.07108361]",33,2025-03-03T23:24:57.419049
35,0.8149304985216725,"[[343.1713438  744.2220942  413.52021399 542.64661998]
 [  2.9032592  325.2066395  191.97473221 688.44587355]
 [188.41864305 282.90591933 601.68688926 694.10953056]
 [201.00180897 247.92282549 173.37793878 302.15233799]
 [770.90899341 529.4476284  506.87351464 438.62185677]
 [711.20225416 301.83548536  26.24514213 783.21480438]
 [195.59879599 364.28905321  10.57353702 680.20231903]
 [719.81716556 740.04095426 454.25682387  14.12010982]
 [798.74057033 360.90336854 158.18520747 277.43927023]
 [634.86639961  95.8952784  193.80882482 212.23041893]]","[0.09001914 0.81746265 0.33313263 0.65200606 0.12834809 0.4673822
 0.63695373 0.4282427  0.70251733 0.18742922]",34,2025-03-03T23:24:57.427437
13,0.9194488470409057,"[[660.19511205 198.73434841  76.23381919 727.58923852]
 [225.71531526 168.9911282  627.95358185 299.14750905]
 [335.80241664  20.97302984  36.22324445 205.89048267]
 [ 49.29910381 212.23990732 112.95777773 764.91433871]
 [316.81478726 473.3972578  495.05580031  22.9462178 ]
 [739.60203788  78.87178183 643.30933256 703.36261731]
 [709.95670517 438.90005051 571.18032457 353.87999343]
 [379.84266129 128.66199483 787.68310433 310.53612792]
 [707.29377176  80.54115744 593.83100221 595.02664195]
 [376.53391319 482.01691063  49.48025101 446.46981229]]","[0.89120107 0.72622316 0.04447774 0.34200486 0.55610186 0.24114573
 0.0400398  0.80905534 0.26880944 0.72812582]",35,2025-03-03T23:24:57.437434
31,0.8786677722315667,"[[ 58.18850384 669.03428118 662.31047288 588.61930439]
 [756.58643455 639.04213509 486.30421233 260.14229622]
 [ 50.14695135  17.90857265 341.84356893 380.1284008 ]
 [400.09526028 550.29708357 471.72736436   5.40210689]
 [106.30172327 796.82869803 560.19624084 195.20518716]
 [354.3475017  286.70392687 418.19082396 401.94180362]
 [619.83878854 288.5088983   94.19792949 424.34584947]
 [191.09211597 740.01357515 771.07586727 337.72412378]
 [348.20158379 628.2441433  134.2794667  462.42856373]
 [ 62.85166849 188.87010664 626.31209277  79.74745166]]","[0.74991271 0.39469491 0.54799283 0.29565565 0.1698939  0.95476454
 0.4320834  0.51248309 0.42598245 0.59013601]",36,2025-03-03T23:24:57.444327
27,0.8645452504886442,"[[484.58629642 518.22375399 237.63173218 556.104015  ]
 [405.01596277 309.46001631 157.4217798  737.56725015]
 [322.8178082    1.66392699 776.96800797 116.44952999]
 [789.23610538 403.64696031 582.92580039 577.90979038]
 [440.49224788 289.47118915 260.54305007 285.7704585 ]
 [761.64295619 449.83335223 734.94774711 363.10766315]
 [581.15268185 457.25903421 503.23059102 516.37752921]
 [743.10230336 424.97498359 202.20729999 395.58858779]
 [714.59990515 766.58750778  80.67740195 379.11374619]
 [ 45.50615143 690.71007896 215.29319472 447.35828193]]","[0.64771249 0.14913616 0.50208118 0.32059274 0.33331332 0.32958224
 0.15380523 0.1051733  0.01358451 0.10255447]",37,2025-03-03T23:24:57.451113
30,0.8800877791294965,"[[160.26700931  41.38607396 508.03527742 347.24201904]
 [479.74098082 157.3441293  421.70320228 381.23019956]
 [461.27177546 240.61924219 306.05645193 144.71068101]
 [ 64.589038   432.71802264 106.21541089 150.67055601]
 [278.37679035 425.67911358 451.05389834 115.48713808]
 [432.3623744  431.12420001 711.39499057 431.33558411]
 [777.54063515 452.79332336 227.70036709  71.40670199]
 [473.20985527 784.60827669 622.12449691  20.24872306]
 [780.76730514 239.56442002 652.99810458 504.86544333]
 [784.84719089  38.88546006 219.93571082 743.4097584 ]]","[0.1645848  0.22202865 0.84937055 0.16101822 0.51307045 0.95194022
 0.10679784 0.06265404 0.38134434 0.94242958]",38,2025-03-03T23:24:57.457640
33,0.8558879452910239,"[[212.158236   789.38441812 208.04479172 296.45950022]
 [392.67306908 266.0970074  565.28747174 213.40451155]
 [374.23437192 456.88706512 397.99584802 272.12873694]
 [364.73871566 257.99577902 363.27383421 389.8368508 ]
 [122.8072799  568.47795275 744.54912122 668.3091846 ]
 [420.09347661 169.51134926 366.87261687 421.83569017]
 [581.29612771 279.37932397 659.6653194  115.8906178 ]
 [ 40.85450542 773.2450075  246.41331077 415.615533  ]
 [169.70848689  52.1305951  360.25584529 590.74416814]
 [341.47704174  25.93295552 285.66090117 516.79940197]]","[0.7079929  0.40090859 0.83745788 0.78019904 0.83039719 0.03585573
 0.36666894 0.73556139 0.51962013 0.22409821]",39,2025-03-03T23:24:57.464568
17,0.8435564466001071,"[[319.28608025  83.77243315 640.49276264   7.11785952]
 [537.73096052 402.2898473  216.08354617 532.3996207 ]
 [716.34791851 733.02621837 578.44692078 254.70258382]
 [659.48283846  20.52812042 209.92749361 159.04321308]
 [535.73513058 728.73432474 120.86071797 157.5135503 ]
 [387.81966529 740.65877124 395.79847601 617.75619539]
 [130.86360558 509.89542459 124.84483517  75.55933208]
 [622.17584147 235.8801906  377.31408064 107.63026206]
 [ 24.64717398 657.49817373  93.9114098  542.40008701]
 [ 22.30278221  84.66420843 769.12401846 765.03048515]]","[0.31178698 0.60231326 0.7620208  0.70953584 0.78534844 0.44113933
 0.88861615 0.9284909  0.88266119 0.17034243]",40,2025-03-03T23:24:57.471542
31,0.8516951796467294,"[[350.61308465 123.59144681 515.93148912 684.79348754]
 [756.08821373 770.22190363 537.22634329 185.59001483]
 [178.49359031 193.14282194 642.48910136 230.56437433]
 [267.59684585 232.16215377 351.51247921 426.51586968]
 [132.36534582 485.78119117 596.78171302 535.99156171]
 [659.69158861 427.39579382 436.88917982 154.05214167]
 [411.25838393 209.96604232 682.19910677  73.19804228]
 [ 53.56478023 600.56907944 226.67742866 474.05017239]
 [375.56907543 313.66069837 457.75819864 310.15003616]
 [532.59424458 653.03897257  44.01417712 322.30347199]]","[0.79566209 0.66475938 0.52895931 0.62607298 0.1389449  0.94400556
 0.94450621 0.12836928 0.77638508 0.61693231]",41,2025-03-03T23:24:57.478984
32,0.8110674795551169,"[[440.48782807 195.35922385 394.9202023  777.34016742]
 [135.89097762 293.03952047 631.67264612 370.6547922 ]
 [281.80428564 471.22913282 154.89142114 277.58592301]
 [495.78653592 635.27173546 164.36199383 437.99103122]
 [464.27147796 490.27288318 269.32013596 705.84941172]
 [490.94395942 150.98322852 529.46637608 436.02039004]
 [129.70520925 579.37777438 173.9903479  767.65146629]
 [415.72380835 657.79391048 443.77374017 130.07186053]
 [797.09137261  76.65841061 105.22827619 113.87146294]
 [150.08234573 428.63171777 366.28912367 647.98972452]]","[0.01130392 0.67613854 0.13185008 0.78824394 0.87841723 0.4220217
 0.94559512 0.28333944 0.38109209 0.2328401 ]",42,2025-03-03T23:24:57.486365
34,0.8729029291128472,"[[ 68.91216284 252.07729076 612.75436055 606.1517587 ]
 [752.55329597 122.73606351  22.88737269 509.65774892]
 [786.42676798 396.63808052  81.32322019 649.72678459]
 [762.73299506  88.66359421 639.6267809  796.14258878]
 [797.54321844 634.89700876 244.9266321  634.46825285]
 [183.97823397 754.88468394 296.94167295 482.81445922]
 [511.66522542 205.64202381 404.89796819 513.08369073]
 [489.00311897 690.95907816 227.47413101 610.40853889]
 [198.37318358 771.86028226 125.6573933  103.05363165]
 [705.42986187 343.81900321 314.83757325 644.58203233]]","[0.84177398 0.70732153 0.36057325 0.21582367 0.95337992 0.86968544
 0.79896545 0.04653006 0.28490727 0.05620765]",43,2025-03-03T23:24:57.492881
34,0.8026059365303415,"[[257.82444317 143.78323554 271.99336377 718.92931867]
 [ 22.69878856 393.60523456 627.50773257 674.15742859]
 [259.48503274 391.61666381 101.67995014 616.89032744]
 [718.96241157 184.47388093 564.65775028 672.04233639]
 [669.56690922 438.81202503 785.91092988 555.64513803]
 [733.25397223 284.79926074 303.87267942 268.33431511]
 [701.52531317 109.78174976 616.7448437  430.68973975]
 [642.38159989 311.47397718 120.47509646 508.87599996]
 [766.40780867 298.545235   699.12254341 213.25015221]
 [309.64501624 677.9086303   98.9964442  720.02117207]]","[0.66177297 0.16133473 0.75002575 0.9693262  0.19177882 0.68439604
 0.40199828 0.16049676 0.80212371 0.55923024]",44,2025-03-03T23:24:57.501161
47,0.9074149266281812,"[[493.54096301 517.46315405 755.46315173 417.75727741]
 [745.33110557 480.07333339 659.82492505 740.77411405]
 [249.78838605 561.87082775 557.83552508 183.99353833]
 [792.5112942  364.44837638 212.14242004  54.42498989]
 [574.74393616 488.82037583 253.85885187 399.75165854]
 [679.22310515 613.41468528 405.72375003 475.61365548]
 [776.41215166 553.03055202 443.50254663  91.45192185]
 [319.50992356 489.6199933  109.75718572 173.30853011]
 [424.69009539 474.57682643 400.49282474 220.18046008]
 [598.02798388  43.91578296 532.28937318 215.91789802]]","[0.90593588 0.46081651 0.33825416 0.95256992 0.45272256 0.72070708
 0.66984707 0.24927849 0.7004987  0.84633907]",45,2025-03-03T23:24:57.510323
32,0.8619788978747266,"[[599.43983018 655.52548246 795.48662557 784.30753993]
 [693.35394587 434.66887389 664.9210691  749.30215701]
 [145.94994136 234.69439523 598.72447123 765.11646597]
 [714.6819271  387.69097837 409.9655397  691.19063475]
 [778.50481358 523.31256253 762.91749468  54.37206048]
 [370.4383091  501.4661865  480.30954824   9.24344519]
 [318.41044262 519.54145509 190.50362235 207.51996339]
 [567.99027197 614.05402392 759.05029788 642.34129841]
 [373.27779662 378.66805793 592.70920494 236.36029706]
 [624.77926078  23.20127963  44.94064585 243.32392809]]","[0.94109946 0.96160456 0.81280694 0.90292332 0.02262155 0.04569173
 0.60296777 0.47273422 0.55843377 0.28065148]",46,2025-03-03T23:24:57.518413
44,0.873760872892506,"[[ 99.69776457 278.0421641  444.38361057 241.65245972]
 [ 95.98097594 710.45780738 127.96131632 540.60480027]
 [721.59100593 534.97186582 103.33785616  12.7776976 ]
 [ 51.91897196 699.47584344  69.74073334 777.0577836 ]
 [181.64753068 526.73808114 611.5531079  316.0029424 ]
 [643.57143669 735.41503466 587.00488931 733.33764905]
 [621.16802482 202.73756792   5.83964358 219.54231144]
 [495.04285808 427.0014563  300.71476532 760.33136331]
 [528.72886153 795.85961858 406.098335   219.4986289 ]
 [218.25863659 128.74892825 452.91106372 330.82821125]]","[0.86757067 0.13848377 0.44849191 0.55000662 0.72859663 0.31769211
 0.51873593 0.06679943 0.21330107 0.70425553]",47,2025-03-03T23:24:57.525356
22,0.893425515812047,"[[285.48276004 505.58691655 788.08507644 275.2891046 ]
 [461.59703373 707.01381673 338.57260942  89.32603431]
 [790.84515144 402.1602626  217.12748539 639.27280733]
 [424.4381598  149.59497794 405.90501906 517.06094233]
 [440.00563631  76.33046248  44.79451443 384.44891248]
 [215.70694944 684.79681551 562.57179344 774.45375057]
 [393.0224138  217.93716107 274.80119565 442.32952168]
 [745.37105313 480.80174181  91.79570432 596.07629811]
 [  9.46528671 765.31093872 611.85496709 685.80948088]
 [427.36244898 537.43084619 322.42375156 666.85990317]]","[0.45472743 0.94452736 0.9840576  0.37684419 0.39686855 0.85182637
 0.93206658 0.3314442  0.98542122 0.09077912]",48,2025-03-03T23:24:57.533088
17,0.8503405610334555,"[[181.79244119 113.80120918 446.13043711  50.7958222 ]
 [317.12892626 661.76558639 625.20023806 739.48972719]
 [525.82540111 424.33231906 113.42259668 157.90562478]
 [225.50198815 481.60258121 106.80883381 282.06540988]
 [409.48758901 173.60945067 695.62076694  80.50653284]
 [523.81721365  75.77179026 102.79152452 481.86333929]
 [ 11.9561264  758.38938851 376.15666061 686.37515513]
 [ 39.39543196 266.95034596 513.6173018  792.40564343]
 [408.2306447  318.97548572 164.20866048  76.89399692]
 [189.43750181 594.62795978 385.01906063 340.58174541]]","[0.44517243 0.22594247 0.53846458 0.10507229 0.42599544 0.22112117
 0.59843744 0.59482079 0.10390442 0.76088754]",49,2025-03-03T23:24:57.540577
47,0.8131626335291379,"[[265.57139731 574.16452459 329.01668942  99.69136024]
 [ 17.2851866  316.45824784 377.94081063 177.10088978]
 [250.46088314 769.2979492  682.0828187  655.9434808 ]
 [280.1802532  309.74769319 339.01269019 781.5152121 ]
 [724.56195448 551.29056169 666.35780549  14.483216  ]
 [186.52080163 467.19745871 799.28629034 253.82907247]
 [523.93217083 379.9449224  534.66373637 446.69258364]
 [229.06784479 322.62703325 671.7889805  788.66889849]
 [637.74348912 412.47349648 557.95749188 331.87533157]
 [591.76153053 593.94062614 579.23182927 296.25782157]]","[0.96573553 0.17011664 0.47557873 0.65450715 0.21528263 0.31324457
 0.15658914 0.72963925 0.21362741 0.28048363]",50,2025-03-03T23:24:57.549507
49,0.9466682355918006,"[[684.5143927  559.94624059 770.15741108  72.35479163]
 [472.67879867 498.06936748 771.35023924 216.02344143]
 [381.16165717 606.64619674  46.26671959  23.32195867]
 [ 36.2150177  525.08730702  51.0620917  419.12767298]
 [548.46116412   4.86004353 175.95960099 167.80862489]
 [619.70439854 106.2495266  774.52698228 440.44253116]
 [ 37.06159667 610.16860285 424.19805248 286.95473733]
 [  2.39015717 472.63972552 139.65684281 302.28103186]
 [139.15104523 759.97770641 588.6003933  671.43714617]
 [305.16509193 466.98088741 656.41176285 309.84149402]]","[0.40414073 0.18154877 0.50914973 0.8478922  0.30272459 0.97445132
 0.33526302 0.93823981 0.3198839  0.04384944]",51,2025-03-03T23:24:57.557518
50,0.8603936106961343,"[[296.00889994 342.93829238 482.83000494 370.55954723]
 [489.83524198 182.40515764 446.90063108 655.98978923]
 [ 57.24289653 338.34222769 700.75480125 375.11533541]
 [304.77638725 408.22165927 231.75864644 480.41412065]
 [168.52265707 464.06530089   5.02362393 232.57816033]
 [554.87189621 149.24388238  84.57796551  67.92149377]
 [191.94233656 788.86135673 153.21858527 646.92575494]
 [387.10842799 256.45645315 501.03806382  45.99857938]
 [ 36.22460236 135.98771402  92.01079467 641.61855939]
 [621.31455105 534.85979655 487.93033806 226.8280937 ]]","[0.88326738 0.72121109 0.31856152 0.22106743 0.73863597 0.83130751
 0.60649286 0.75431148 0.80939345 0.13554858]",52,2025-03-03T23:24:57.564551
20,0.9326720831099141,"[[797.37711664  26.6544572  137.1327176  430.24822396]
 [675.22268884 221.39575073 541.31538946 370.88862582]
 [173.02098927 137.47787046 307.43529915 639.94206585]
 [ 34.42885024 404.93921322   4.70537669 190.52268121]
 [793.02651089 142.87946986 511.96499221 549.96886332]
 [657.10208106   1.75062125 209.2688343  496.2151873 ]
 [684.34823463 406.00081206 237.57168498 779.20094721]
 [104.97623534 451.67779623 122.56312074 664.18547823]
 [723.7715801  424.26270025  80.55903804 197.26615135]
 [231.86351633 563.60184083 314.63908624 796.40138963]]","[0.09841594 0.4652223  0.44341405 0.48528545 0.60051704 0.76381146
 0.2968177  0.03680725 0.46151568 0.00890514]",53,2025-03-03T23:24:57.572740
22,0.9360251844751262,"[[467.73877787 464.34026844 129.97821691 313.68505226]
 [221.70930296 178.70664411 734.38091643  88.39523955]
 [659.3211465   82.19488638 193.90618385 491.99692414]
 [517.48735591 673.05264219 651.21837606 157.98612791]
 [337.14165576  83.14100184 702.73363883 602.22912899]
 [162.27615332  75.41897523 318.0286014  651.57591731]
 [572.68147965 453.09324329 127.82379037 491.38055589]
 [706.91995257   6.08716285 325.28642085 101.24512654]
 [331.87568314 794.63080412 741.99049667 798.25815956]
 [592.51077505 640.12596954 705.87764756 157.77364274]]","[0.80687677 0.53001334 0.80097067 0.02809899 0.85305188 0.45872304
 0.69061217 0.18098861 0.42053729 0.99346924]",54,2025-03-03T23:24:57.580417
20,0.8039803384088272,"[[759.11098714 461.88376205 447.97328313 689.81391225]
 [501.86566878 295.96923791 749.32381046 411.49499956]
 [373.33596459 792.20970841 320.22455935 217.12165535]
 [584.29019326 208.650136   710.62943735 430.48552056]
 [589.09051891 576.77095994 214.48944924 487.59795956]
 [513.34511071 702.48068355 657.21733148 423.5666792 ]
 [220.28556611 601.01081243 705.96156455 620.71414454]
 [278.54643678 107.77644288  61.55208824 487.66833603]
 [501.3505332   67.83287847 689.79050496 257.383519  ]
 [704.38829165 400.31207508 476.91006747 175.51088618]]","[0.0749621  0.93427626 0.4446094  0.023968   0.64831167 0.66264999
 0.73049691 0.60957791 0.68173326 0.39919975]",55,2025-03-03T23:24:57.588414
26,0.8028798480753438,"[[ 62.32607988  85.15060441 589.35336081 422.97628247]
 [ 37.01414341 709.1898956  142.4768675  588.07032931]
 [591.73195669 437.81883467 349.21380015 107.70686608]
 [112.44579581 699.95278705 555.84861243 406.74742655]
 [202.67214155 745.9171662  298.31595273 519.39160808]
 [689.98680669 698.74003929 389.43741307 225.54258681]
 [693.98614442 126.42969595  56.96465509 536.27578351]
 [579.08479802 407.01535556 695.83065519 410.59083433]
 [727.41138697  60.70381928 447.11969999 307.98697932]
 [ 69.28275099 465.62995407 344.57520268 338.13653887]]","[0.21258456 0.9301486  0.5938117  0.05438082 0.78999095 0.27394175
 0.86834378 0.69605173 0.9206873  0.34135626]",56,2025-03-03T23:24:57.594999
29,0.8085351689354419,"[[373.40063022 361.56724407 318.48275289 729.34953203]
 [714.96527914 125.50253049 774.97737413  88.30488784]
 [745.60255742 665.6238739  714.69044537 301.18100716]
 [314.0507661  737.10202123 264.5388815  109.18292443]
 [170.94692188 212.97790898 618.76431337 746.48803055]
 [ 77.41692958 443.63229592 529.87360776 194.17156848]
 [ 26.14783227  77.39763447 192.30038619 690.1186789 ]
 [252.21486465 398.8876177  671.11368224 799.9267779 ]
 [768.10992829 584.37748594 420.52807686 315.28125645]
 [ 16.72397114 407.89876075  28.29748297 494.41980568]]","[0.62124258 0.71001935 0.56782287 0.02419104 0.54684439 0.18657564
 0.88244568 0.3708007  0.73930423 0.55489443]",57,2025-03-03T23:24:57.601064
20,0.8155912352356486,"[[671.37153879 146.09921208 409.93912934 501.2356299 ]
 [758.46245268 110.10166852 276.77042729 673.78216469]
 [ 87.01086191 610.70994717  98.00167099   0.82258221]
 [595.35046173  55.30189581 411.35662657 616.57941497]
 [765.95470624 603.44277796 625.99343337 246.53326925]
 [445.39405092 798.55719674 501.68762632 107.40593834]
 [ 42.67690076  90.32260927 513.4822242  789.42704939]
 [353.78949778 387.43334659 114.66905518 178.72516576]
 [382.53385418  81.46915157 286.98755258 507.98209959]
 [235.0468175  380.60038191  96.04812557 142.17082553]]","[0.52224809 0.42935007 0.33714926 0.13243806 0.74033831 0.81590321
 0.52727289 0.69074304 0.20955658 0.30084887]",58,2025-03-03T23:24:57.606807
19,0.8741363614272031,"[[447.5692057  326.59645903  15.18036169 669.15809392]
 [751.61751111 655.96357262 140.20639856 515.83812235]
 [328.83229072 593.74767391 516.21769146 542.68349359]
 [333.94357026 100.20036396 769.43840268 466.83220292]
 [403.64083466  14.30038675 195.66672196 118.70758368]
 [721.57938815 328.26632602 384.18471931 344.13520218]
 [344.45214281 184.05650014 178.09377325  12.28118995]
 [375.9322859  306.09325571 520.50798856  71.14020957]
 [183.63834283  23.58917389  88.24018763 412.3910355 ]
 [556.16256948  87.22010815 169.15545912 396.99803178]]","[0.11301966 0.33950365 0.40901997 0.79103251 0.05910036 0.94263988
 0.94059939 0.40703597 0.64615544 0.80124633]",59,2025-03-03T23:24:57.612475
23,0.896121765969798,"[[549.87146816 246.97187638 500.20666519 327.91250189]
 [483.75177233 742.84960637 391.7773603  626.18827973]
 [552.93921169 101.28170962 255.91830423  52.77133276]
 [360.59656362  61.45463879 701.17744442 166.24515362]
 [356.06208734 447.9109523  204.26661585 597.68555517]
 [746.30561644 543.74004783 758.71850123 455.78866511]
 [789.7818315  660.23203302 165.17160214 520.22644625]
 [708.48746671 469.49951906   4.17469934 351.4551512 ]
 [619.11499048 269.26778407 729.77212341 286.59338356]
 [447.7019156   71.94062487 607.43776536 280.47572263]]","[0.52358044 0.97905335 0.68712085 0.40116982 0.02020443 0.08329374
 0.73618772 0.85718003 0.95384244 0.80802134]",60,2025-03-03T23:24:57.618221
39,0.8009403826343885,"[[304.55118672 497.30993567 195.206384   636.50045189]
 [  3.82671761  85.28466215 166.48965934  42.65551735]
 [ 71.14611757  91.13555047  62.02838184 303.77330952]
 [573.49398533 661.97869387 687.52261791 372.82160539]
 [550.69538937 491.44358753 181.5190778  212.23286607]
 [545.74524084 153.06508044  49.60662741 100.89989398]
 [257.16458928 106.30945805 576.38851803 427.95521847]
 [689.14238482 604.74735144 101.57501347 347.29163621]
 [333.77604006 274.38283118 734.27070363 240.98712983]
 [429.80141318 559.88162595 609.54871533 290.80939813]]","[0.81977051 0.50266197 0.15087181 0.89770271 0.84551326 0.83389801
 0.18655968 0.55917145 0.16075021 0.12650596]",61,2025-03-03T23:24:57.624719
39,0.9319365587590174,"[[698.84786056 628.84401526 574.09612613  76.81656546]
 [  9.61029685 122.91847163 137.03030343  14.76917647]
 [540.90622812 770.15614893 336.22620862 250.09451887]
 [307.22674319 128.8930785  747.28534719 370.96353624]
 [ 27.29043962 556.8177575  452.29824327 734.45133139]
 [ 81.80787972 283.58564824 569.5310446  271.66421941]
 [682.67579125 152.81044813 360.77926745 582.99374035]
 [532.76092484 710.43446115 541.82972036 193.36465225]
 [407.5451696  315.81781619 227.90076905 482.41633613]
 [107.64212423 300.29461356 180.21042983 510.31035346]]","[0.33518561 0.356249   0.45384016 0.73267557 0.09827571 0.13648538
 0.8905536  0.15436122 0.47846935 0.87986617]",62,2025-03-03T23:24:57.631915
17,0.8430416234189908,"[[387.62987151 586.81876379 196.03618318 476.1935851 ]
 [ 34.89122822  17.54265964 289.31446554 126.80475889]
 [527.36530481 790.54373731 212.81519787 362.09676806]
 [779.64076105 744.96642336 719.9252494  660.03174775]
 [283.60336304 741.63718305 640.71848064 188.46368023]
 [217.56720267 564.9604844  368.25619638  26.74823206]
 [707.10343296 512.36100612 561.60076603  76.90170887]
 [359.29801734 469.72522507 602.79313035 764.00065672]
 [186.66648768 183.94317679 248.60488474 192.51796978]
 [393.87511837 428.62947289 411.96429264 487.59731252]]","[0.75915268 0.22838445 0.04738164 0.06857644 0.47486939 0.76803586
 0.9727192  0.59140456 0.28128555 0.07680729]",63,2025-03-03T23:24:57.640198
12,0.9263917566791571,"[[100.47419043 474.7445536    4.15189949 282.49283565]
 [668.70185825 583.54483566 233.52326479 712.90009115]
 [692.15057259 463.81645274 548.26699957 315.42320882]
 [512.1891952  468.06519726 397.09380311 247.96176745]
 [602.66652413 459.18756263 258.10020888 309.53969682]
 [637.41782137 106.52797284 652.95591868 501.29469763]
 [431.27230767 745.14670632 237.55529362 156.25750722]
 [623.53208604 723.67178454 277.91923795 667.49783819]
 [774.53310814  78.69002019 212.5513285  323.89145763]
 [694.13935595 445.63067713 154.85213351 442.74866031]]","[0.2526833  0.4086095  0.546479   0.72052755 0.41857064 0.65080281
 0.04069609 0.51894729 0.35110398 0.26217884]",64,2025-03-03T23:24:57.645787
28,0.8128737772318103,"[[206.14398446  97.36020101 784.3730008  651.97637071]
 [ 45.48413731 287.94028243 136.62235303 256.5596221 ]
 [293.09935134 107.69768034 140.69291633 625.45411713]
 [162.18328027 153.97562746 241.96424946  29.65367007]
 [255.89229183 650.24414987 738.82499349 665.47498182]
 [627.78420181 716.06341353 586.13732931 397.27453108]
 [609.15021616  80.24028389 723.98471589 151.50762318]
 [670.92388303 515.18965586   1.3447511  794.77814834]
 [ 87.4185784  367.94570137 367.4538075  242.57034313]
 [174.02567056 636.36699724  68.08959425  86.90363107]]","[0.33609174 0.34451193 0.54119698 0.61882924 0.15070278 0.38002883
 0.01488781 0.53872798 0.52387785 0.17959212]",65,2025-03-03T23:24:57.652129
22,0.8620588980158983,"[[667.14287733 573.32347156 555.49172249 106.98961305]
 [773.11465793 246.03524779  61.79403936 245.23030082]
 [138.56699155 470.22533455 148.46662688 666.64730804]
 [725.14348716 617.39140068 269.34212431 452.64296907]
 [626.12090608 518.18777857 333.4140365  734.438101  ]
 [397.9664957  257.64185037   7.78595703 486.1089803 ]
 [358.04820497 229.92073623 305.39721862  22.56447392]
 [365.8805217  383.83904355 733.13878838 575.49258028]
 [ 23.38446593 275.78927748 474.11831523 627.06843741]
 [  4.13869963  31.0614288  548.46319029 436.27442075]]","[0.33210134 0.79231122 0.74874138 0.63465001 0.36066376 0.62551384
 0.52029064 0.41236388 0.99506735 0.57870082]",66,2025-03-03T23:24:57.658202
20,0.81951862586654,"[[507.42401912 314.64905953 150.90473763 219.61812448]
 [702.91452144 376.69571424 653.66644194 440.61069679]
 [  9.12057486  71.08399086 333.0360205  591.34329733]
 [732.08217826 193.76305484  10.1075838  215.58008602]
 [454.42001644 251.96065518  74.16700882 213.51490273]
 [ 34.82381846  48.74684145 152.92288129 614.06315061]
 [352.79259471 625.22446861  85.2622248  245.15427161]
 [400.27184299 617.07800168  43.4491649  521.90262981]
 [159.47176044 199.77191554 779.89321094 583.84117919]
 [396.34711779   6.82259592 153.33102831 444.56095812]]","[0.45431683 0.10389333 0.61726401 0.22729623 0.92045189 0.34621892
 0.94325915 0.2418235  0.35833833 0.62146343]",67,2025-03-03T23:24:57.664940
13,0.8177865982741761,"[[735.66199052 597.8704859  631.54030283  96.51676661]
 [614.56348156 636.96167955 171.56923682 652.00439405]
 [656.05593467 795.06325646 316.17550688 435.27915697]
 [591.80078784 265.11231853 659.39513489 360.68162814]
 [631.37295316   7.93840943 680.6250107  713.06758302]
 [520.01449878 682.56783847 138.08828762  25.89999345]
 [169.62411052  71.93187691 377.30074068 178.89751253]
 [238.40778156 109.00182333 410.64825766 187.73601032]
 [646.41639005 553.84724116 409.99229772 521.31674533]
 [406.7515719  324.93150663 595.62053827 650.92371183]]","[0.34398466 0.28453324 0.02862048 0.67981837 0.04836912 0.72984337
 0.73757273 0.65586897 0.93856774 0.87276255]",68,2025-03-03T23:24:57.670703
36,0.9093595241953134,"[[595.09554722 508.28508964 489.42617791 213.98440942]
 [314.15647282 464.82680517 319.01842305 422.89221742]
 [413.78131783 738.39389777 734.17894763 689.17224197]
 [198.47651907 389.57693609 632.89011536  11.12226103]
 [383.22014849 285.37490876  92.90443468 657.01198307]
 [415.52670092 731.14634548 215.45019572 387.83457011]
 [305.97761671 576.54205714 650.10506028 660.27603714]
 [722.05949712 589.87133752 309.86220013 506.76385153]
 [626.58482881 708.97436563  66.57002049 589.79009643]
 [556.66137308 787.9257613  664.9679175  426.29735853]]","[0.1683495  0.49709245 0.25768489 0.2850969  0.97717684 0.89260868
 0.5172281  0.23551045 0.24539213 0.11923502]",69,2025-03-03T23:24:57.676749
26,0.9119927550664507,"[[747.28897731 755.915624    75.61289556  18.75984601]
 [642.90397251 398.29465681 223.90682761 242.14882187]
 [646.65663904 751.30225395 377.10311017 677.83379756]
 [660.22084246 663.14620384 118.0052117  693.59003976]
 [ 96.25139093  41.39654931 736.05051973 388.55441812]
 [743.55344206 620.41407268  62.15687619 181.19961341]
 [351.34162289 411.68541293 389.11686824 660.59990636]
 [535.47977735 579.98220612 378.95330061  56.40659644]
 [677.71638647  92.94037744 354.36538704 262.82292223]
 [330.55977334 763.97127646 183.20387341 108.33924461]]","[0.92827974 0.92599798 0.05129937 0.07486143 0.1379275  0.5524508
 0.91199521 0.69979156 0.77823464 0.77502788]",70,2025-03-03T23:24:57.682750
20,0.800921116769854,"[[281.07050409  68.04284288  47.33255166 186.27133882]
 [ 68.08946801 632.31616298 195.21701528 600.14194437]
 [662.56612579 647.7086975  588.58535261 335.32913003]
 [537.75340146 270.22190914 611.56742449 645.00449454]
 [490.39713808 529.38264242 382.38668951  28.15757901]
 [234.97815777 757.36487631 690.96339937  87.1133432 ]
 [160.43811107  44.82030767 593.24006902 522.1752673 ]
 [628.54967804 463.59983577 327.85045804 695.42391462]
 [178.76402076 706.62721521 144.17442383 798.58058643]
 [385.40226205 704.53772864 177.55774356 141.47997382]]","[0.0451593  0.46045421 0.17375545 0.45395729 0.78017189 0.02794809
 0.93115214 0.16498871 0.96483029 0.18417596]",71,2025-03-03T23:24:57.689894
49,0.9270133730704982,"[[505.54290161  60.53235359 791.43926294 486.29814983]
 [513.34947126 486.19630873 414.3961634  415.18936158]
 [192.81848664 250.29376638 125.42812734 479.40743545]
 [291.8670653  463.37694971 691.25345238 143.16416359]
 [ 48.50209065 659.3890467  467.43279491 236.30547051]
 [574.49723779 551.60758432 351.42589093 308.35967479]
 [504.90619344 593.86949083 765.52549832 447.30336915]
 [170.62949558 524.57074548 781.30577627 415.21210719]
 [734.81837679 140.23176533  11.50858494 341.31424907]
 [228.31276819 493.43208362 690.13316612 615.8035479 ]]","[0.62356195 0.94693404 0.50659542 0.84568791 0.67239693 0.19242762
 0.54589674 0.75617494 0.88079769 0.133118  ]",72,2025-03-03T23:24:57.696562
17,0.8723715563046495,"[[129.67874512 101.11822636 285.82637534 700.50307061]
 [492.99920281 225.53900513 711.12686931 531.68635001]
 [257.14037583 664.1642354  561.95049768 624.98930728]
 [712.48029207 683.44866711 554.73440986  24.54364632]
 [ 44.72372928 160.12161556 139.26442954  24.79935721]
 [112.73958023 239.36079688 107.08256454 767.00016892]
 [620.46718437 193.8208109   37.6491641  208.93933729]
 [220.48205203 427.48698669  69.80103429 705.15864039]
 [606.85304967 287.21248323 624.62239143 289.12018378]
 [184.37855974 380.65138142 722.4091725   65.28990264]]","[0.7177051  0.50844296 0.97933611 0.29817041 0.51555325 0.32782122
 0.0985829  0.22854516 0.05963538 0.85918021]",73,2025-03-03T23:24:57.702219
14,0.9262668490443746,"[[ 49.08100993 757.52852869 392.45973241  61.92318767]
 [182.88805622 731.73466168  80.60245234 621.35050061]
 [229.67037378  38.07012685 215.25239577 588.23553083]
 [663.43176491 635.78421298  25.48604089 231.68860066]
 [ 30.7448683  747.21323226 702.61903448 767.69121132]
 [218.82914425 263.68453053  39.51820215 139.36159861]
 [348.17237581 669.05246023 584.45022321 157.66610783]
 [604.51377345 658.14439818 735.77385812 527.09319956]
 [401.92492706 297.41952624 573.89890447 238.97872342]
 [355.7886646  170.3575314  399.82146693 340.04641764]]","[0.28449217 0.54370639 0.73444248 0.22137582 0.99497689 0.9216786
 0.8917422  0.84834384 0.47609326 0.30817993]",74,2025-03-03T23:24:57.709692
45,0.8127660105778451,"[[340.42325128 457.31435299 284.32128151 173.58217072]
 [420.70129768 143.69179719 475.9033355  615.49141159]
 [395.54312185   3.4258962  724.10721126  73.34493041]
 [144.83088554 564.37308327  70.26367183 721.26209666]
 [622.25029063 540.40661395 166.02746737 788.63662687]
 [348.5418789  643.03870653  32.80018498 362.83576447]
 [723.81083377  54.01695958  42.43060737 656.35226744]
 [625.26761416 143.80220625 196.166175   172.10777174]
 [723.67894584 671.95332357 380.89885424 191.48016591]
 [550.83553663  19.02879298 427.40423837 421.64490719]]","[0.53410345 0.56474981 0.69303733 0.22627946 0.73868841 0.23745257
 0.19317223 0.62687974 0.07621145 0.29852748]",75,2025-03-03T23:24:57.716149
29,0.8487186778878465,"[[476.99354284  64.12269744 327.32943023 585.40711189]
 [505.1753416  646.04083045 591.71305466 279.42709143]
 [672.33755775  20.28655854 675.56370935 529.34461893]
 [333.24468282 293.64126387 480.04334655 165.32013554]
 [697.80796702 621.99975943 255.08419409 630.51819499]
 [215.53686664 751.03602287 150.10606833 527.40842739]
 [223.16576005 314.39806943 438.36658239 518.1432052 ]
 [330.71525546 659.26794114  54.58686276 702.44403329]
 [ 61.45577582 408.77468801 463.04394117 343.40581135]
 [104.51031002  66.19724888 240.6798203  711.23470838]]","[0.51534514 0.63057002 0.64208574 0.48801836 0.01161908 0.22673688
 0.92844873 0.70555781 0.82156251 0.60551888]",76,2025-03-03T23:24:57.723148
28,0.9388742375475464,"[[689.54259657 452.61862924 222.2866582  542.19723735]
 [575.83370994 153.59236443 637.21663263 496.48755916]
 [ 49.86958278 193.54691216 572.43265578 158.98146969]
 [ 94.0016149  519.38053202 421.94290673 534.30645183]
 [684.56304468 542.38387191 396.18696675 670.56201015]
 [550.05083776 275.91117514 686.71687407 229.91156312]
 [214.45225118 607.1568241   92.28138021 729.89717211]
 [672.46701242 744.54420945 737.33695186 203.78029311]
 [227.31435421 126.67653543 717.84583779 328.96315769]
 [442.35767063 441.19568454  77.87063619 412.71389575]]","[0.57199234 0.57155144 0.28976263 0.90628322 0.82916124 0.2102324
 0.76255845 0.04987114 0.55211801 0.52228852]",77,2025-03-03T23:24:57.730400
30,0.8234717306683309,"[[541.78617642 786.95832341 175.63212141 544.99886818]
 [137.70767446 728.05559181 698.30887557 364.24755054]
 [709.13420675 639.27871648 215.19403154 685.92175877]
 [495.72758046 236.05151868 327.75687655 516.50973457]
 [168.06017545  15.26101803 501.05848676 307.93808145]
 [253.56607065 247.2789722  395.33886644 241.6062625 ]
 [478.74021735 140.11796291  97.82566902 651.08914008]
 [494.03633885 404.07869104 359.72216322 751.6302424 ]
 [ 30.64511883 272.79625898 756.95421755  74.17223622]
 [243.92235187 180.35082536 591.27191686  38.55414383]]","[0.03663575 0.40254658 0.05412104 0.25371226 0.66344411 0.34922935
 0.30853636 0.20602725 0.00261348 0.10935008]",78,2025-03-03T23:24:57.736783
21,0.9462017324996439,"[[588.15562971 322.31095978 296.35302068 106.31356336]
 [410.23860714 301.12991925 293.05106177 539.74236393]
 [764.27856008 708.54695622 187.61821316 278.60687688]
 [208.28570261 178.15268895 219.59548503 446.55903995]
 [276.72821418  23.05591076 183.34046399 205.33936522]
 [376.40881673 388.45032772 392.02520545 703.42964943]
 [462.18884637 502.45741402 371.31267924 695.96250123]
 [532.34665586  80.83026971 150.1854272  161.20595807]
 [171.10791204 484.2388247  233.88806759  94.6738077 ]
 [134.27024091 512.01593171 125.56102483 675.58857899]]","[0.530583   0.12413931 0.17359444 0.3643327  0.54022307 0.29309349
 0.17073365 0.32676255 0.57356972 0.65009939]",79,2025-03-03T23:24:57.742328
39,0.8468316795801617,"[[658.82119072 643.0301146  489.40371946 572.76391556]
 [574.16966832  25.08721557 769.6522498  420.80048591]
 [721.55444372 638.93653581 663.41587058 733.42466705]
 [ 84.87312309 141.4469031  719.08912292 635.96446554]
 [187.94070512 594.28353542 405.8355655  734.94563118]
 [732.70978677 272.6962725  405.07516529 247.08211761]
 [513.28754312   0.78898476 750.6747091  137.63958301]
 [226.08396728 759.74266843 755.59133302 467.29297833]
 [723.79484874 189.07790463 607.24200998 205.28891717]
 [278.61696525 145.33847217 638.99185389 506.93101846]]","[0.92363286 0.33698133 0.32610867 0.09154384 0.06596224 0.26506775
 0.70059422 0.9050106  0.56619547 0.22519923]",80,2025-03-03T23:24:57.748398
39,0.8369104444598058,"[[729.88693404 445.57878077 103.97561777 329.0083089 ]
 [ 59.25167799 623.46620645  91.70587738 669.87762388]
 [ 12.32969043  39.81865694 218.55759007 667.41466093]
 [424.43986357 305.41368283 797.1679922  373.79771904]
 [392.5332243  388.12816503 715.44536316 294.37130394]
 [295.14847174 682.6561748  683.31724729 160.58625559]
 [688.49847679 535.96298432 305.80551035 181.12326373]
 [ 43.81172426 115.94064398 171.08685143 401.47001037]
 [672.17309022 650.79226386 272.91065719 174.14393976]
 [264.62841189 682.67786905 291.85638345 638.8240742 ]]","[0.64207583 0.97258315 0.42409546 0.57220587 0.14891133 0.9209007
 0.99832386 0.22472759 0.2997322  0.93144446]",81,2025-03-03T23:24:57.755791
26,0.8224170060457692,"[[726.39206403 244.07546806 460.00117924 539.73665797]
 [742.31420409 381.38285575 402.51855193 117.58245073]
 [350.58396855 626.29777492 383.50172286 516.4018246 ]
 [694.68412787 799.52844515 430.39349143 256.63255875]
 [730.16197027 343.54504605 493.30648532 232.57379615]
 [624.36514683 546.09542214 376.21189358 374.01513531]
 [595.99085572 708.7403553  673.38389855 144.06216132]
 [372.19906823 369.16296979 414.26862135 461.46844803]
 [371.85702768 515.46930038  65.63277677 205.17577745]
 [523.46010251 123.5839892  308.70886805 668.62722712]]","[0.33960369 0.16450123 0.53326358 0.93131476 0.22393994 0.85849801
 0.80051434 0.96234855 0.97620221 0.49460818]",82,2025-03-03T23:24:57.763371
16,0.8174123886496002,"[[190.58829387 139.88314374 452.21076284 732.31978611]
 [572.13146607 463.02252286 189.02463887 781.58765995]
 [540.89732208 110.25250115 561.98278939 222.02239316]
 [750.91616062 311.00319849 238.76671748 240.5415643 ]
 [ 81.47643194 462.52172563 423.58664468   5.32022124]
 [333.42165481 149.44871384 519.91807876 599.13396337]
 [399.7303883  311.86528674 195.84177389 779.68280118]
 [721.58573578 683.26178322 244.05917292 536.32058667]
 [500.35902405 474.63925267 464.32678404 519.16859331]
 [449.74808757   8.79869864  24.56750551 422.02618696]]","[0.28308902 0.25379699 0.28426398 0.43082168 0.58381433 0.8904737
 0.01098978 0.40465474 0.0047977  0.22965559]",83,2025-03-03T23:24:57.770423
24,0.8775283349567853,"[[343.16623228 153.98316242 567.33482619 283.57924653]
 [471.94807165  29.30592595 170.58577138 617.4402084 ]
 [720.80975661 286.11331934 240.72074321 774.57325973]
 [726.82545994 348.66401577 254.70852236 733.08135735]
 [301.55232905 480.20131543 577.89012172 222.17449058]
 [712.13674358  45.59523652  94.06013001 655.7563092 ]
 [532.25627446 500.9736862  381.53936995 213.47031073]
 [168.9568906  463.4153132  292.06146247 524.25018821]
 [558.92084742 610.02143549 314.21257838 794.36492271]
 [759.79963456 369.99715653 432.85711252 580.62394503]]","[0.36346559 0.7485744  0.58435649 0.76283277 0.38440303 0.7018693
 0.68401361 0.12111042 0.80378745 0.92272086]",84,2025-03-03T23:24:57.778443
14,0.8314726727042611,"[[459.81267899 152.17094354 123.69142125 433.86158777]
 [ 57.68898798 285.34019565 725.21651605 449.04414166]
 [636.52032233 525.53195225 365.58474064 286.10554361]
 [332.58850618 696.9947602  117.58971079 459.88146375]
 [428.56450211 594.27169368 499.65367375 789.87838489]
 [593.99342652 722.0788391  350.96658427 341.23038705]
 [312.4366041  158.48042056 416.82263634 231.57853004]
 [396.07187671 106.18898416 641.2508544   86.72504768]
 [252.78871434 158.53226079 378.53276517 513.72876027]
 [535.42314868 750.91153727 283.30222098 674.17251696]]","[0.7312433  0.33434855 0.38767058 0.5381672  0.3312628  0.32540738
 0.73544123 0.3079367  0.55277758 0.71661761]",85,2025-03-03T23:24:57.784564
48,0.8135952308671753,"[[281.96273005 157.99384105 307.35229636 543.86151022]
 [560.85930012 288.85261492 108.58160415 645.08375515]
 [286.49491138 719.32643359 306.50528235 591.3832496 ]
 [448.21855744 195.71150048   7.48995628 479.14815495]
 [606.22597067 525.1446594  369.24450496  35.84276773]
 [772.79831111 738.0091618  441.88438672 574.6839063 ]
 [ 18.79000308 184.80807512 318.87076866  40.24289307]
 [662.34107098 512.8128326  404.866517   539.53591426]
 [292.58761715 287.32531337 759.68905376 766.45734887]
 [671.68060662 419.15171904 245.4424372  382.42226049]]","[0.00477341 0.41808848 0.07477957 0.40132442 0.19216914 0.1609424
 0.73135261 0.16606564 0.77224526 0.84693115]",86,2025-03-03T23:24:57.791130
44,0.8159546023633802,"[[394.59565227 690.13631618 228.38036866  14.075098  ]
 [162.38815883 522.8733257  533.10008535  34.69183654]
 [ 37.42137755   4.75518098 550.51952439 135.21938239]
 [683.31513817 509.77479069 361.42317364 780.11284477]
 [459.52447985 659.41775395 467.42857078 755.47419976]
 [ 16.99305808 224.11451801 243.12159781 655.58244917]
 [717.40393559 424.17390604 158.16961566 799.48311407]
 [ 91.6867918  206.19128505  54.36487466 325.2181073 ]
 [ 18.80010725 739.54462235 513.79272779 122.1875667 ]
 [277.48614767  27.8800965  246.16338185 445.52511562]]","[0.75758167 0.14614071 0.47722198 0.05916789 0.18486853 0.68153002
 0.45670526 0.47531234 0.77158338 0.42446041]",87,2025-03-03T23:24:57.797199
30,0.8549186541829149,"[[363.03693538 105.77533942 692.23209449 258.37050704]
 [627.52086682 232.84414082 517.55157877 448.58571553]
 [111.62213308 796.75778777 751.30650833 173.66489276]
 [751.70328823 641.83123006 726.34148019 314.47089794]
 [400.69570917 772.48876996 679.10555523 597.15333799]
 [414.09836911 217.95405247 739.53668188 743.03300901]
 [342.71869908 499.4562765   48.28240547 443.5178717 ]
 [278.86598343 404.61450016 588.65669706 507.17184298]
 [ 37.61741294 322.26557521 209.78365699 722.92125124]
 [383.39798962 568.33080629 597.99808215 172.30768424]]","[0.75804893 0.12563161 0.83909293 0.71278675 0.65853763 0.5161459
 0.41681031 0.85147232 0.14840146 0.46444731]",88,2025-03-03T23:24:57.804605
31,0.81499095292889,"[[207.44619625 130.48183534 748.72216133 335.11725599]
 [162.82821803 312.71587898 412.12256188 173.46888825]
 [788.85997946 444.08060073 567.10357457   3.5799535 ]
 [237.26678518 113.39189629 508.89660692 208.7005015 ]
 [767.29568122 461.94626093 383.48601867 542.77460331]
 [763.62759405 120.40213762 568.90420153  10.21387286]
 [189.54412722  15.89357691 674.20468774 566.70008887]
 [627.98926818 698.15676017  99.12721462 496.53691465]
 [145.21848738   1.41586049 266.37795309 654.29423892]
 [717.60780842   8.8690276  788.94851361 627.78751369]]","[0.05412502 0.61349712 0.27265564 0.85580216 0.84621481 0.04645149
 0.04300255 0.77019555 0.89978731 0.16596365]",89,2025-03-03T23:24:57.810339
45,0.8359785074085724,"[[763.54629434 723.73291516 614.88060925 535.72372318]
 [672.78359736  25.20279317 666.57407015 706.52747526]
 [141.22182283 465.70603611 446.6483204  715.59168371]
 [299.56045219 214.99508766 139.29230241 353.038807  ]
 [507.97084287  26.38647937 610.18768822 184.00788075]
 [552.72976143 357.82525682 753.18537168 135.10879369]
 [429.09778089 175.36405767 512.5837784  573.68294248]
 [761.71808973 632.14062201 116.0748166  793.9708644 ]
 [691.58398859 567.52990099 760.04904008 309.70619439]
 [290.58983917 256.28793027 374.0381915  299.56830219]]","[0.85521504 0.18884093 0.74807124 0.3270519  0.88128324 0.33822685
 0.685929   0.20217914 0.74896497 0.00921117]",90,2025-03-03T23:24:57.816342
36,0.8070733605154563,"[[683.58215317 737.79296819 126.32944832 393.13943049]
 [211.75856275 105.41698634 104.88713478 437.25637816]
 [ 34.77995562 260.47696202 762.72097097 671.5273885 ]
 [713.67786066  48.96046593 762.87452935  58.1333683 ]
 [598.18880569 313.34968251 248.13568368 740.04673025]
 [248.82677987  43.38839482 714.61652709 768.68396927]
 [474.77241767 702.6645002  440.68465206 212.82822046]
 [303.76837099 677.67868359 102.63240607 657.49626547]
 [327.57438574  31.39961519 294.76835576 766.47995815]
 [476.98899263 797.58324023 463.5781983  121.70709534]]","[0.95078994 0.62916515 0.09276188 0.78435341 0.5105505  0.62695323
 0.44607897 0.91267926 0.41482915 0.34295251]",91,2025-03-03T23:24:57.822978
13,0.812787670249329,"[[244.89602539 252.00098602 458.89215535 473.10352393]
 [712.70186776 680.96319215 216.3799204   52.81420746]
 [259.78676673 632.6042496   70.08083244 187.59393905]
 [389.53071038 111.14455943 517.38785899   1.60640087]
 [150.12972104 241.57883217 130.30867101 197.07813451]
 [446.22437535 561.86776697 504.92850185 300.78502227]
 [537.14846994  61.84596029  10.70095501  48.22766843]
 [543.39575489 420.36477772 129.29473305 643.99359854]
 [559.35464406 391.55516834 236.27980599 477.13366478]
 [ 84.4058918  615.44162637 102.28567466 547.66859731]]","[0.249352   0.99673378 0.55278355 0.58066659 0.26354056 0.26093816
 0.87252708 0.47412473 0.2748707  0.06195672]",92,2025-03-03T23:24:57.829353
13,0.9051886172841006,"[[218.88316473 296.96596556 318.57736524 208.57007344]
 [323.7845767  148.95220058 296.05259227 743.7289557 ]
 [458.37792382  32.086992   369.70086108 544.40125299]
 [762.10963885 704.78658969 119.74024349 116.55983465]
 [434.62657971 579.63020994 645.68616931 746.61616558]
 [441.60522872  47.65157245  49.73690793 211.66525743]
 [497.50309007 420.11626645 617.85257813 387.75982405]
 [746.25454253 513.69536773 653.65873059 723.67015344]
 [274.53052744 765.41452992 156.69774363 648.09206806]
 [151.42993693 464.18878976 511.29800348 239.67455807]]","[0.33038022 0.48912655 0.84558362 0.89418364 0.24968823 0.48075684
 0.52666577 0.54415429 0.06963062 0.87315079]",93,2025-03-03T23:24:57.835238
28,0.8609234730130196,"[[492.63264671 208.57141525 140.55079713 105.18489139]
 [787.23499045 331.06135717  18.6839665  680.00925415]
 [ 93.59858446 499.19373564 759.34332832 361.92397846]
 [692.20952487 103.10386908 594.85749196   4.63492781]
 [403.7969569  309.24342977  51.72534623 187.16490591]
 [494.56076689  33.30542221 164.18734343 480.82674855]
 [700.53328752 337.14909746   7.27060745 496.77092615]
 [216.15281455 285.46944365 466.46004215 759.24179037]
 [728.83546858 464.67853215  93.25859948 416.16729349]
 [115.51320239 742.59970948 425.39383786 299.30165021]]","[0.91410869 0.61219967 0.74094846 0.15433043 0.92684141 0.49712362
 0.20267084 0.3723606  0.82801332 0.73141909]",94,2025-03-03T23:24:57.842023
35,0.8148430097515753,"[[550.25410337 483.85361483 502.71322913 113.06170067]
 [278.14188192 728.0309033  413.43956095 632.64614458]
 [661.83155102 769.65283802 635.4587197  699.11047055]
 [111.93351573 266.02920342 746.28328739 434.40798744]
 [729.8363787  557.20930428 468.24854926  55.42624226]
 [661.88754911  73.8336698  273.5004079  705.28161463]
 [746.99052589 393.22301846 497.5365825  372.64671333]
 [657.1840775  749.45294559 726.1441141  635.71333907]
 [149.8561806  294.39563962 639.55759837 664.11864849]
 [ 35.0469909  707.64092021 750.86778002 232.79580501]]","[0.21142391 0.99317026 0.51850282 0.90008228 0.94279528 0.49406011
 0.45546801 0.97088925 0.94017569 0.14531827]",95,2025-03-03T23:24:57.847497
12,0.9040875718821619,"[[ 96.87286939 459.23004119 105.38786301 220.23417391]
 [426.38567155   4.41782072 555.25090279 370.55716627]
 [349.39192023  95.25438263 159.60330453 754.10134145]
 [497.94984327 438.68447003 626.13194921 333.66741947]
 [628.05539956 557.04166745  28.48527684 475.56235829]
 [ 79.99082304 782.22320279 701.50693613  83.95308803]
 [313.29882587 184.45917314 430.06482047  92.52125013]
 [129.65186226  11.81149211  70.43693961 699.02550255]
 [319.76820301 167.86749209 619.08800363 210.52601489]
 [363.4516191  766.48073098 580.29624421 576.44548885]]","[0.13270398 0.77704668 0.17467705 0.00370341 0.045444   0.96100386
 0.71597652 0.69922583 0.02323817 0.46492652]",96,2025-03-03T23:24:57.853606
43,0.8575396413931847,"[[100.95549946 218.15741411 792.86080841 470.04799206]
 [123.1011327  418.15516973 403.58750731 797.7568414 ]
 [227.48543447 406.71986224 378.8694806  108.68526531]
 [459.8321944  545.05911307 130.03095486 659.24114137]
 [304.27786334 754.96404322 443.57143609 542.54875333]
 [372.78957802 785.59649887 317.42584971 666.1777193 ]
 [745.28150318 103.61045626  88.96307511 240.82717932]
 [635.73740918  97.17950815 415.05803571 331.27864505]
 [528.78593274  95.1121298  228.39158161 633.22316691]
 [471.30768171 477.48675621 527.61857543 594.77889163]]","[0.19421158 0.77035709 0.98688628 0.12678267 0.63765623 0.28288103
 0.06692669 0.2979283  0.15271316 0.07695586]",97,2025-03-03T23:24:57.859642
29,0.8330921532107617,"[[272.64385826 495.83926537 334.42813937 343.93432167]
 [382.6923761  696.12398133 310.8364596  615.87752105]
 [750.92039397 783.17412185 745.85823703 190.97515147]
 [265.09152561 528.85120055 735.13095342 103.67692069]
 [ 90.52611234 184.46269968 514.11991655 203.81063588]
 [661.74019076 685.60194191 604.66116416 550.31185823]
 [323.98055596  76.12070865  18.38537542 323.55831969]
 [  6.90628937 563.66099468 244.79224016   8.90257972]
 [194.71530425 400.87109967 111.68394778 566.51192149]
 [752.30218915   1.87011797  85.58583142  41.89922857]]","[0.3640318  0.72036797 0.82942253 0.03613023 0.62049783 0.74653471
 0.40239835 0.92108391 0.32483135 0.21230052]",98,2025-03-03T23:24:57.866011
48,0.8137829339504142,"[[134.72366867 510.34956267 273.491094   321.07702386]
 [696.61292714 140.09734388 608.22735613 369.08167001]
 [665.74515094 437.38981509 148.91238725  96.06987593]
 [797.01458488 504.68541809 622.68974991 210.48346474]
 [174.3326661    5.23195363 545.08838816 399.86881167]
 [783.2855993  374.82594657 502.28642974  46.28796991]
 [448.3685379  676.2922451  113.44270628 672.40279334]
 [346.26597831 337.02170965 766.81293246 561.57454136]
 [ 10.63366788 760.74348884 207.69197491 743.64271008]
 [609.64057772 168.69933764 402.99476114 522.09398181]]","[0.41489318 0.10847147 0.83420917 0.80276777 0.28368632 0.81914194
 0.4898648  0.04253872 0.14698402 0.2098454 ]",99,2025-03-03T23:24:57.871178
45,0.8978874681780775,"[[ 70.49131943 158.84092714 394.78910596 692.13308342]
 [514.87325418 277.617588    77.34805312 458.51870255]
 [303.67042128 144.85578591 766.45706394 437.23364455]
 [431.48592784 699.08862317  74.73226687 623.70343243]
 [ 74.77464837 468.03464214 729.52640749 140.90293196]
 [135.7412385  768.58640671 779.3795532   43.6425459 ]
 [ 28.72757493  87.74467158 222.92401389 799.97599764]
 [151.00173193 244.46697025 139.96991371  21.36529221]
 [714.68955654 234.09734438 539.65817343  15.6622577 ]
 [198.28186173 424.80145045 715.08777176 757.49427902]]","[0.17808077 0.57769218 0.01759318 0.47407989 0.58959882 0.89969257
 0.82528714 0.71570339 0.29206866 0.64734125]",100,2025-03-03T23:24:57.878683
10,0.9019402304268502,"[[ 77.23824082 189.0449409  694.19571356 752.71058963]
 [485.95968055 264.98870907 580.62804374 365.26979609]
 [266.60656466 411.86200651 167.27005364 129.20288626]
 [158.66437029  82.79312028 546.20183325 571.49270066]
 [528.6669645  769.70718796 520.36186888 701.81671031]
 [418.63128247  59.92489749 190.81995495 727.331872  ]
 [598.88301059 174.29158406 343.36941546 497.31196775]
 [165.57087938 314.12171909  90.4209022  761.18619998]
 [243.19309233 145.38598988 752.5936312  447.65726537]
 [573.41264285 211.91494187 317.30098315 457.26422163]]","[0.01006659 0.02148418 0.25119294 0.34238807 0.16390019 0.31722314
 0.77704062 0.72034462 0.71763309 0.62878571]",101,2025-03-03T23:24:57.885290
32,0.9144939557997236,"[[393.45303394 208.34861932 123.52692132 415.25111648]
 [237.75969873 339.6689535  557.96409236 699.77016911]
 [260.89781362 577.9199812  263.26277969 398.91891949]
 [584.91424297 364.27462195 258.48230191 312.60715984]
 [544.39917998 436.04132918 614.79948738 376.27514022]
 [702.15534973 561.02225892 737.85607347 510.48040524]
 [446.37366795 670.93532633 333.44105161 685.33682263]
 [780.25585227 624.89399067 521.48586435 438.75890463]
 [653.8432622  603.09579255 580.71254114 152.88917748]
 [697.21466727 406.72012152 236.45670529  89.65659802]]","[0.22346723 0.11758779 0.85944748 0.07954965 0.24062579 0.91026448
 0.69795644 0.61941873 0.81228114 0.24831402]",102,2025-03-03T23:24:57.891670
47,0.8689112957611375,"[[179.19232322 767.57447038  23.45138472 780.11666831]
 [196.20936997 428.95309516 542.86620471 501.54423713]
 [572.30073008 162.78212794 339.26871271 681.61773428]
 [ 10.26304386 722.95254633  22.73914869 101.9688622 ]
 [129.34651016 729.45476811 762.70838252 198.7265743 ]
 [  3.33622264 566.69560737 655.97296761 311.78110072]
 [732.4011856   60.02928453 497.12927731 110.73753502]
 [372.48669747 484.06764973 476.62761811   8.89502073]
 [777.6845845  243.07966955  28.57122196 471.46926982]
 [795.62093483 244.36450924 551.73546971 407.93493662]]","[0.75658357 0.10593103 0.80504296 0.7402042  0.47192485 0.99493766
 0.82567348 0.94075501 0.35976289 0.44418362]",103,2025-03-03T23:24:57.899106
33,0.91714706042406,"[[341.48924231 101.84344594 365.1976631   97.28843935]
 [278.01828439 741.38278291 791.27678854 167.61457246]
 [535.79595812 494.79792821 315.42348166 269.39003778]
 [748.8889472  150.91987663  26.48847587 252.59061288]
 [705.06538837 346.43746078 714.64478466  74.45196545]
 [759.16926127 476.69481018 633.71205255 347.28628309]
 [724.88776583 672.39448085 632.98832205 521.81289472]
 [377.84238432  49.43231581 163.79131202 488.27012607]
 [342.94575125 234.11683255   7.85364003 735.70890975]
 [130.19916003  76.58149254 419.02549552 342.62159465]]","[0.47851414 0.66034806 0.34791254 0.92998911 0.85951924 0.86287988
 0.32695554 0.21636401 0.98882298 0.8609191 ]",104,2025-03-03T23:24:57.904889
34,0.8003841658807735,"[[243.21436906 256.63640785 433.5294426  311.8660483 ]
 [666.80477153 214.97311053  12.44463239 460.524917  ]
 [598.11690983 189.85430153 382.19839926  58.19053191]
 [227.07643047 190.23649878 673.67310299 335.70983545]
 [634.34515023 473.43864665  82.67764911  87.41875744]
 [116.30587918 562.5155932  358.09821431 690.57223095]
 [785.67900504 451.27715106 602.22024859 608.90401914]
 [301.55981976 613.11336998 526.8588272  685.28272183]
 [753.25601187 349.90922842 377.52658623 484.69850783]
 [363.95108368 308.58820246 701.4965991   44.38401782]]","[0.782384   0.48938095 0.1433323  0.40112695 0.88839402 0.67218921
 0.77244516 0.27587406 0.60574768 0.07121479]",105,2025-03-03T23:24:57.913571
10,0.8083047317162163,"[[642.31279796 601.68935004   5.02461355 189.10820292]
 [380.34047414 473.3158055  181.82979008 531.88551587]
 [106.47002581 425.94667252 344.93182547 561.05974709]
 [580.9266915  462.72010813 160.71262279 274.68664603]
 [ 10.29244283 270.35963879 137.07106751 291.6236921 ]
 [318.00342637  64.60642604 134.37703008 744.75303792]
 [247.33205296 399.02980133 507.0949694  370.44605061]
 [236.78697674  69.59181066 675.38202217 289.35239238]
 [ 95.21568432   5.83247129 121.9960838  530.61701826]
 [ 20.89620609 496.02956263 455.44013769 481.67077463]]","[0.54970707 0.17298513 0.15566902 0.67382424 0.74630742 0.07639946
 0.76395902 0.83160736 0.15979782 0.60053821]",106,2025-03-03T23:24:57.919959
27,0.8706322705595767,"[[572.94767367 787.46606023  69.34223085 229.94930392]
 [632.36176793 320.77202819  50.69472768 671.12957913]
 [268.29553506 658.22413669 723.5190091  434.96309934]
 [598.75040916 517.4634484  289.80047503  65.42546965]
 [245.01224691 228.619374   134.48771212 629.96127057]
 [648.62954058  67.25496227  56.31293521 384.07423748]
 [361.51248778  49.69856773 396.59467528 534.63512453]
 [388.96856855 532.72700436 610.50309911 322.14924512]
 [258.98775428 708.31267001 429.00810189 196.59929636]
 [719.85759823 143.92703752  77.25272482  38.28304287]]","[0.51564627 0.52066435 0.08303357 0.60178867 0.00323967 0.38313558
 0.55818804 0.70369715 0.05835944 0.07287163]",107,2025-03-03T23:24:57.926446
21,0.9444180543744075,"[[ 83.60719014 697.46914706 497.61335836 393.07677768]
 [262.61887583 391.37416711 624.86425271 142.61293666]
 [394.94138247 719.57866142 105.88321537 755.50805818]
 [167.38936988 436.04389066 209.677838   694.76948471]
 [243.49384495 660.89054633 125.1188044  432.58596143]
 [415.99257931  88.33391894 670.12777518  39.5764082 ]
 [ 18.73393438 284.90894906 437.6044454   71.79205185]
 [691.18069369 380.28127597 519.62437285 184.94024453]
 [443.60192424 740.34123343 202.18901347 746.08441851]
 [ 95.65301207 584.29851843 453.22689919   9.34164682]]","[0.34368425 0.3761909  0.95943177 0.54264965 0.14986513 0.48164398
 0.35910527 0.8957819  0.3748149  0.34818184]",108,2025-03-03T23:24:57.932454
25,0.9271711326086853,"[[497.79982483  49.53860519 701.72015033 718.27912779]
 [232.48664565 589.74278728 132.17874839 546.82370379]
 [687.69973265 236.84244026 758.34640893 246.57478714]
 [437.46405175 513.78654149  89.21671222 739.36995806]
 [247.65830327 406.25118213 310.21333371 730.2048496 ]
 [  6.48692381 604.25733301 337.00633424  39.71604064]
 [222.42428923 694.05334191 596.95283412 358.03048635]
 [477.4823798  350.13397128 745.77629369 184.3615951 ]
 [ 37.39066363   9.4157541  499.96859353  28.13799366]
 [619.31749897 165.31665503 588.40729374 731.51445555]]","[0.89268028 0.20846534 0.59101155 0.96469734 0.257132   0.36591894
 0.94301132 0.83319352 0.60760792 0.78244647]",109,2025-03-03T23:24:57.938453
31,0.8267337768718364,"[[760.69998302 282.49243412 300.94320909  80.10754571]
 [479.98883921 396.73874753 593.82660349 196.0330353 ]
 [294.17829916 775.650237   163.35000716  84.35082808]
 [472.87720906  20.73585129 631.33414567 664.47646146]
 [579.35984233 448.75857714 629.01406505 107.24792472]
 [752.6597885  657.41604189 312.11849265 302.22057813]
 [ 89.56158435  57.72683194 430.42136506 420.08149448]
 [468.36508364 398.72337254 125.44643379 573.03531908]
 [793.95403544 166.51038821 274.51477182 475.91536124]
 [707.56301361 115.25743029 270.56496717 216.69349112]]","[0.1539072  0.95651305 0.46458464 0.066511   0.90190608 0.63970679
 0.34820064 0.76204214 0.61906164 0.92384528]",110,2025-03-03T23:24:57.944145
23,0.9021330783437745,"[[341.48414479 101.75790592 252.69790248 425.23655533]
 [242.51318441 557.43999433 701.7284458  556.12591688]
 [610.91826571 705.76192365 277.89340043 473.22233399]
 [715.19030717 223.50241908  35.58990465  59.74820855]
 [289.9769405  521.25145358  25.31286654 725.71343513]
 [600.68930529 286.87040674 331.38953716 474.75557583]
 [359.67674256 525.12193541 133.75686273 460.14013174]
 [637.29273719 734.40653326 358.06169024 611.45212701]
 [261.40582661 530.33379041 535.0884991  488.2350483 ]
 [684.92180487 502.34469495  27.55594127 185.3339451 ]]","[0.62012463 0.57068251 0.25124213 0.88137348 0.27152034 0.07721522
 0.06228237 0.00809232 0.0196107  0.00715849]",111,2025-03-03T23:24:57.950832
10,0.9121580221071389,"[[715.88080034 246.66870534  65.73140433 538.61276466]
 [601.45645118 524.37027537 100.21464368 645.0763706 ]
 [ 32.25324528 687.32984187 474.17933354 597.69321698]
 [518.75866786 585.02403205 519.52657462 642.55818992]
 [484.10159315 379.54018077 743.68068113 306.13462145]
 [339.21824092 350.48196728 667.66169801 570.1941323 ]
 [141.20802299  98.56117363   7.15058237  38.0890894 ]
 [483.54156334 486.19075183 661.62516657 578.59421044]
 [565.58322256   0.91063892 304.21592832 232.50166468]
 [349.17916928  45.5860303  252.34963373 615.10995779]]","[0.60165611 0.13046645 0.5061367  0.67852456 0.00541503 0.32226581
 0.66526361 0.9079143  0.98547993 0.96088318]",112,2025-03-03T23:24:57.957461
49,0.8507235084429959,"[[421.27344819 594.34946932 596.17267354 638.52264494]
 [706.48541714 723.2090561  147.47300058 586.85147117]
 [415.96016574 549.36272826 792.62367319 401.2728052 ]
 [680.2190638  129.37410215 694.74321821 742.11288943]
 [416.06441943 737.17884386 124.18840959 340.00527706]
 [406.40396392 648.49539488 152.79004177 595.76298576]
 [178.81138608 663.77952091 535.44429543 105.67976265]
 [710.58609567 316.33975317 572.42478754  62.10108557]
 [  6.67296988 380.00176499 492.22559109 196.90683047]
 [530.21354675 116.73796946 586.63276047 777.36220983]]","[0.94189048 0.03751702 0.02565668 0.01785475 0.68110712 0.85373186
 0.05405894 0.29246337 0.54772518 0.87545196]",113,2025-03-03T23:24:57.963138
50,0.9396878257397272,"[[414.88379578 217.10333616 553.50951295 737.59024824]
 [429.90105455  58.97766997 109.3282966  642.13244839]
 [509.10158386 557.75184321 703.60029167 781.69410944]
 [160.03772576 607.87993704  28.80062704 399.77887605]
 [453.52567113  87.60201768 423.01597422 491.77367319]
 [334.69525718 308.36290507  27.64337628 140.70726534]
 [789.40147463 554.35651942 331.33888977 529.9136908 ]
 [725.75425945 217.12984121 654.25463941 611.34122692]
 [257.26431077 167.95959018  61.20926731 347.59891165]
 [244.71381142  92.96338386 372.87831334 106.33186552]]","[0.99015775 0.75709755 0.00477649 0.94254714 0.15781572 0.19203836
 0.09900448 0.14630104 0.20699953 0.01588305]",114,2025-03-03T23:24:57.968935
39,0.8275068061723019,"[[452.3040128  368.79943445 225.49664018 653.4702202 ]
 [530.07322328  89.73249178 744.82627204 400.12607641]
 [760.25609066  29.50932581 276.82111513 503.84955937]
 [520.98156706 170.61657378 217.59595586 424.07481517]
 [722.59804845 468.98424404 541.4014099  783.36055232]
 [313.6966103   91.65484138  27.39058412 237.86829255]
 [518.93764662 522.74536058 479.94772354 636.67715927]
 [217.48552717 188.54635711 325.50961396 340.81185026]
 [217.79190683 400.6792611   63.2711908  348.99223086]
 [758.60436522 751.88125655 344.22242432 665.74699866]]","[0.7093621  0.49931515 0.78081594 0.61629655 0.1202844  0.24247206
 0.46985365 0.26527573 0.682787   0.83099624]",115,2025-03-03T23:24:57.975892
46,0.949159982043405,"[[454.57551765  45.66243783 449.31727183 713.95810884]
 [548.49991826  89.31977887 550.6349055  320.65747146]
 [ 97.5788845  288.75794686 448.0334566  324.90848639]
 [622.41207852 596.22618786 334.96876076 620.85395437]
 [171.20697223 345.219219   723.08323636 573.80800096]
 [122.20171908 209.07067805 588.05001023 522.18571787]
 [599.43187499 580.53534022  45.86252892 439.14760585]
 [683.04659406 467.52027071  62.76207284 464.12704579]
 [146.84051907 674.26323458 258.09057096 235.23269936]
 [365.19766945  71.84278928 704.65403922 632.47116363]]","[0.63666736 0.9833513  0.51238701 0.27936412 0.92854284 0.53899757
 0.38381041 0.13729035 0.19590828 0.3306958 ]",116,2025-03-03T23:24:57.981570
30,0.814701799364088,"[[463.78706853  35.05528064 569.42847587 767.53689505]
 [246.36308699  14.70718484  46.83714457 180.54756476]
 [378.05866761   3.67517435 591.61388141  69.13980043]
 [ 78.04545806 174.43167595 725.41494504 257.0312587 ]
 [762.99012957 505.80927484  67.9750846  629.07566575]
 [590.42657122 228.92853279 182.01675398 279.37759279]
 [682.19198571 686.34384496 226.01043438 780.79334266]
 [ 17.69419886 695.50665629 343.64002384   3.9468876 ]
 [695.485242   255.40506934  40.6622966    1.02849066]
 [687.36653374 535.33568345 307.26261406 361.99353833]]","[0.11865642 0.6581369  0.01293205 0.36984461 0.27551658 0.25988885
 0.06913539 0.1215905  0.05636809 0.01772895]",117,2025-03-03T23:24:57.987302
44,0.9427939162177312,"[[433.65098813 409.62190893 611.08779871 329.3262091 ]
 [525.52481816 662.02213199 429.27925317 303.71229697]
 [737.24200631 681.80497598 170.64911338 580.29384484]
 [726.26486343 689.92939039 516.91897592 688.73504486]
 [703.95655175  20.88217774 187.61693768  54.94090298]
 [591.48164245 600.10711929 127.77742171 780.79685623]
 [632.80740542 371.90456441 299.4387513  445.7341079 ]
 [343.83851318 208.60125974 331.53996148 364.32596218]
 [680.87394916 765.33437271 202.57330645 124.87332991]
 [113.09751531 487.23157481  32.05981275 239.20030529]]","[0.88834359 0.42348378 0.85011557 0.49327175 0.61868802 0.82380897
 0.35862319 0.7893715  0.28564781 0.87472803]",118,2025-03-03T23:24:57.993676
34,0.9262243433307863,"[[783.41666448 123.96287655 766.51058917 120.68202359]
 [ 89.00261075 501.73061552 573.38644499 185.09974884]
 [ 17.11891638 682.58492677  52.23735657 768.99511525]
 [598.66807793 513.56429698 140.71230265  13.07781438]
 [552.17568969  80.22800329 557.7524266  434.82149132]
 [243.18750184  91.01130926 213.78537206 344.16789646]
 [ 61.35427791 378.29383221 296.17246103 450.97880972]
 [321.76496805  43.91506859  97.73008065  40.10361924]
 [341.27959863 703.04393532 306.7410567  609.2225479 ]
 [220.1264364  328.4604187  581.79784612 666.3035996 ]]","[0.6154367  0.74772686 0.82367588 0.15462345 0.69530941 0.22241913
 0.90257628 0.64730008 0.32085209 0.64962734]",119,2025-03-03T23:24:57.998602
10,0.8640457066320508,"[[690.65654967 689.14620472 134.45751566 625.37979794]
 [ 89.61757061  26.25655142 475.00533542 703.85512648]
 [680.70627657 714.16164475 546.40266485 486.12838005]
 [743.01163561 336.97097335 356.94827334 293.51843031]
 [506.29414212 608.42030856 558.11991367  35.85788508]
 [450.9256121  407.23541057  89.73494421 529.4517954 ]
 [314.64843418 427.10767883 765.7627047  634.88620413]
 [540.70581671 320.22744212 486.20918583  84.59005706]
 [300.68520258 125.29116647 692.5107564  278.28803175]
 [392.72415076 261.46447957 243.3739657  422.43524526]]","[0.34477603 0.3220339  0.7046444  0.83813087 0.0961428  0.08412927
 0.77130896 0.96812933 0.04477687 0.22720907]",120,2025-03-03T23:24:58.005146
14,0.9329494632821076,"[[396.23125759 137.0385904  581.88235357 554.06870016]
 [246.34519929 144.08826721 797.23080493 495.85356159]
 [304.90025345 506.73471799 483.37448921 382.04134005]
 [251.51741352 499.26096494  88.91366199 204.74427953]
 [710.09643662 763.76716837 367.09958482 728.11105392]
 [650.76783937 685.78241803 409.38285598 761.52298607]
 [403.59344092 654.66350213  39.47980439 424.6265409 ]
 [603.42383566 142.84278431  70.32866295 308.34367664]
 [284.79047107 469.50837111 235.5982134  538.94266124]
 [312.4182378  146.69605136 341.69469802  66.02338588]]","[0.28343915 0.19456333 0.49579343 0.57200227 0.99180242 0.40622952
 0.0022002  0.68776882 0.78670992 0.05048433]",121,2025-03-03T23:24:58.012322
19,0.8747921053817905,"[[740.52810255 767.40287254 432.62626077 434.54737921]
 [108.5668918  103.31159857 396.66268095  76.10376211]
 [689.68127145 493.15719883  23.91656174  64.62229598]
 [ 14.25466211 449.40663576 729.60537858 480.99317066]
 [465.79848575 496.57541458 200.01478673 215.59783926]
 [356.06359615 169.65086879 128.0623965  552.52401113]
 [683.66110881  43.25729192 199.84078988 356.94526933]
 [178.032454   448.62709188 784.67209622  20.90873009]
 [647.18452348 132.44752554 396.95546181 385.98904132]
 [307.39639277 554.54239525 527.6154198  376.52540874]]","[0.24865641 0.7459701  0.12909609 0.4416695  0.46956783 0.56403437
 0.77853838 0.00858512 0.90393755 0.63813378]",122,2025-03-03T23:24:58.018696
27,0.8668305229909011,"[[693.59008486 403.60559632 373.26869126 705.30498972]
 [228.03853649 343.58475642 315.99289696 192.39504157]
 [ 11.94441301 339.03137081 792.72202256 792.59963417]
 [717.08146784 512.1613222  633.02381413 100.15970896]
 [456.86175823 252.16517028 134.25656452 364.77658276]
 [421.82909507 425.13700434  35.55370322 282.76256827]
 [ 42.70216529 372.15869106 560.36870896 604.6914139 ]
 [661.99616319 729.05136014 620.46273352 479.15195644]
 [281.03192642 170.57657261  57.03215927 355.59069249]
 [462.01786145 491.12573229 713.19187799 415.68033631]]","[0.46116861 0.7861628  0.63035083 0.61874349 0.22966113 0.6442159
 0.25189746 0.04169521 0.3043027  0.16182837]",123,2025-03-03T23:24:58.026034
34,0.8149792403768413,"[[326.3550205  685.4682886   34.21486135 696.46733842]
 [531.69797816 256.99020549 483.52425715 350.54429177]
 [638.56806257 342.01870193 141.0124092  178.42876178]
 [334.27570511 239.22187267  18.41066983 563.19577068]
 [208.00512423 322.15729075 143.93584606 345.36390628]
 [482.45942978  41.18258748 497.51043879 351.79078322]
 [555.79205906 388.10031534 572.99492918 281.7955215 ]
 [740.46346257 483.13437463 704.85829439 216.24137303]
 [367.4059483  274.453629   762.62006108 712.80045581]
 [751.01753959 733.39105781 657.62537895  34.05225039]]","[0.45643413 0.73917091 0.56232928 0.96762384 0.23728137 0.27134543
 0.82269821 0.2142341  0.4176729  0.14258054]",124,2025-03-03T23:24:58.034037
36,0.9208504175886044,"[[309.67428326 246.33215696 745.35953091 532.74015162]
 [494.13670322 319.68204368 544.2721217  373.31230194]
 [441.67507009 277.61665435 398.42040763 515.35212778]
 [717.39222981  40.74892054 454.19633468  40.33417734]
 [651.88926517 149.26867453 665.13946893 384.126207  ]
 [604.97639391  20.66043027 334.38344511 620.22949308]
 [416.07766368 737.11693549 279.80912385 710.17679056]
 [656.60438889 725.90882322 448.12802936 133.47294411]
 [412.77333981 385.66486238 293.86154279 337.21009111]
 [192.26112016 734.13799138  87.40829939 705.35037106]]","[0.44739889 0.4273513  0.72521016 0.44900231 0.14182422 0.25351923
 0.54653417 0.44442138 0.21632836 0.03135134]",125,2025-03-03T23:24:58.042823
27,0.850415021341865,"[[345.82281715 434.02791597 703.62205124 695.9242162 ]
 [667.73871538 680.96682567 478.6153037  322.00986839]
 [275.47808361 776.81797031  41.2452478   11.3408086 ]
 [465.1685204  370.345989   294.45988139 401.66729291]
 [490.06185289 285.89400235 120.05606921 392.61430016]
 [770.81720564 796.55051874 405.21400935 136.77320933]
 [272.85952402 197.85321779 762.96333858 536.64089601]
 [730.95603267 111.64333866 270.25736856 554.34354236]
 [242.63406905 264.2509622  670.53938416 599.22957681]
 [705.46695549  48.41551647 125.02126533 180.38735013]]","[0.67783698 0.61376347 0.81828566 0.35751487 0.80350429 0.58071099
 0.64076789 0.29237548 0.93426243 0.75476065]",126,2025-03-03T23:24:58.050600
11,0.9418098010942679,"[[202.17032057 736.13844127 147.22888164 363.2943495 ]
 [539.56144774  43.20869758 379.60986989 646.77456498]
 [701.27202965 653.63036619 155.85258662 718.42809215]
 [109.93767844 660.71113284 449.40906489 550.07981525]
 [565.84323205 427.93237506 208.03050462 449.44766037]
 [243.56672242 739.96328328 792.51573688 430.3710231 ]
 [ 34.34142928 233.89435481  25.5344537    2.60619375]
 [111.02913064 533.91424893 501.91055176 773.69491332]
 [135.78086083 710.84408479 678.54199478 498.31183394]
 [139.54220171 367.88867789 592.67084843 741.24280363]]","[0.2356602  0.64938177 0.52620052 0.01677188 0.02771479 0.10350993
 0.78390672 0.2243921  0.99070723 0.91896694]",127,2025-03-03T23:24:58.059421
46,0.8368165570435641,"[[113.39810105 714.04536007 465.38690396 768.76267602]
 [576.74929096 703.48601016 431.7169856  399.17900682]
 [356.90119156 469.63804468 148.74743486 251.04268352]
 [795.976347   190.05174277 585.74840732 288.04243276]
 [513.40501156  55.13916385 174.61493274 541.6157632 ]
 [618.6124101  500.93327904 220.07372975 624.51806157]
 [198.58352552 451.47587447 592.78513168 712.98795318]
 [324.41285927 161.96498102   4.16239242 200.67050363]
 [737.55837214 527.59876702 741.02186785 294.36028035]
 [580.94077555 256.61447728  64.07367192  10.45937836]]","[0.52701393 0.81274737 0.33256284 0.36377591 0.62030827 0.22216365
 0.73713393 0.54436645 0.37243597 0.65289008]",128,2025-03-03T23:24:58.067646
17,0.9360498217449738,"[[251.88426236 358.91747437 256.36891258   3.80056535]
 [519.39498538 642.63139636 171.22857711 376.08610359]
 [276.57752178 561.43758735 335.59202791 376.30901558]
 [148.617312   608.75805239 765.35349689 428.25057256]
 [725.4333464  714.08167523 575.70392311 729.84449933]
 [ 51.96856834 759.35209949 724.4640932  662.05837827]
 [720.64558741 100.41974776   4.91966495 130.48707965]
 [181.13973247  14.78687496 753.07018089 476.74576814]
 [203.94294668 499.98186166 731.72562421 637.86398589]
 [179.48388358  62.74644714 763.74151392 318.05688637]]","[0.99894573 0.60702031 0.06980948 0.31739118 0.8299524  0.61273212
 0.13699556 0.89304223 0.81777867 0.77878089]",129,2025-03-03T23:24:58.073935
28,0.9113460642595326,"[[723.94189911 762.69424013 608.40709574 703.31401266]
 [447.57847328  94.98528786 540.35645327 208.42593384]
 [449.50208646 366.38884397 659.81688929 351.66414085]
 [307.59479255 655.72674746 628.05710558 427.18427664]
 [228.19393049  14.61663789 532.46170405 165.43719824]
 [380.92540059 449.13847707 750.57587121 761.22772088]
 [182.23949167 490.05665926 645.68262259 655.57933799]
 [ 78.1591645  724.25927447 530.90831575 312.73793121]
 [366.78934632 598.74418382 241.03335902   5.21983583]
 [209.77242359 763.52212951 604.7533224  673.54840439]]","[0.10339819 0.70345122 0.01026945 0.49673065 0.87247339 0.46766463
 0.52121972 0.88878525 0.38232971 0.33595304]",130,2025-03-03T23:24:58.081547
43,0.9011726545011793,"[[527.0354031  135.78345802 399.04213059 575.49788978]
 [253.35202766 483.22362523 378.72665659 557.79994751]
 [238.00187578 666.58757916 447.16283445 505.41828575]
 [ 33.24992153 577.17733991 283.31831407 391.07520773]
 [682.87585194  42.25175189  74.6692962  331.37729589]
 [612.41428589 131.61042789  73.59156294 515.54664231]
 [373.04467554 685.05135437 343.57652578 279.31262785]
 [ 81.80170405 432.90589288 485.55239037 156.23114693]
 [252.91035602 677.17971757 559.18418724 430.11497926]
 [113.23963126 778.84247028 162.28094239 598.99823846]]","[0.44506152 0.12246993 0.92849187 0.13065913 0.76536653 0.54466474
 0.06124723 0.7924425  0.20961144 0.88771817]",131,2025-03-03T23:24:58.090310
31,0.8447950420198529,"[[659.88703462 714.35431634 507.82419243 497.78968474]
 [436.88487156 624.49352741  49.71497986 145.69384503]
 [756.85978283 182.23380868 712.5560487  299.14715593]
 [407.55113465  11.65195785 213.43550564   2.29717955]
 [310.81537966 186.80118625 550.81734301 573.0502816 ]
 [498.85256209 239.13413729 439.22112831 110.12950547]
 [752.13353478 663.91653941 558.96520277 247.08320753]
 [789.52224125 447.12721363 484.39298032 796.87818458]
 [741.38004258   7.56381885 584.66466632  12.89873044]
 [ 26.6006789  585.16050671  56.86520898 437.51056247]]","[0.66598959 0.26837916 0.71882305 0.92471054 0.12713607 0.57735228
 0.33924405 0.29280404 0.54767324 0.79887174]",132,2025-03-03T23:24:58.096692
24,0.8887882072329262,"[[396.97352245 578.03625739 496.00079194 421.19659022]
 [377.98928607 702.5704697  154.4285882  397.80238192]
 [780.14560353 211.40254305 391.27943564 232.57615594]
 [ 89.70721707 516.24697318  35.95173975 302.16802449]
 [719.05624306 231.55392866 191.95650186 792.90305769]
 [454.36464734 354.6504609  289.58661853 784.0092986 ]
 [235.99738781 298.15476957  32.94969395 218.57896203]
 [654.86522237 336.3459169  722.47850403  49.04708479]
 [769.17281102 553.63437209 554.59210649 619.45891168]
 [486.30254977  47.3920684  785.33206477 781.54990915]]","[0.32551838 0.38506805 0.4768655  0.9008646  0.19890144 0.70265769
 0.41486748 0.40796058 0.50712345 0.61241275]",133,2025-03-03T23:24:58.102930
12,0.8678210812648268,"[[3.63549735e+02 4.82172014e+02 3.23657954e+02 5.17849493e+02]
 [2.96864894e+02 5.72430900e+02 3.26586855e-01 4.53711217e+02]
 [4.83139664e+02 2.16773676e+02 9.03580205e+01 4.54346243e+02]
 [1.01312333e+02 4.06896859e+02 5.81472266e+02 3.17938904e+02]
 [1.28827531e+02 3.40245541e+02 7.68482744e+02 4.74969326e+02]
 [5.61587546e+02 2.63190253e+00 3.81061827e+02 1.34276308e+02]
 [5.21522458e+02 3.86867171e+02 7.78261901e+02 3.27509786e+02]
 [6.72853439e+02 4.78730562e+02 6.55238987e+02 3.23594753e+02]
 [2.56151535e+02 5.61323420e+02 5.65434115e+02 4.20892399e+02]
 [5.62349386e+02 5.15862888e+02 7.78772522e+02 7.30762919e+02]]","[0.00961465 0.10985646 0.72486892 0.90800775 0.75730496 0.97944468
 0.69351225 0.26496997 0.52982358 0.01071747]",134,2025-03-03T23:24:58.112164
22,0.8466977681462605,"[[577.72434636  17.55442227 311.72776136 439.52733235]
 [658.99025805 184.40934502 663.63535003  35.89528867]
 [245.20568181 507.97012081 434.41218881 341.74770887]
 [204.17676316 366.22498655 106.33448906 284.76640773]
 [293.91088955 386.84650091  70.95557486  53.55620409]
 [684.49937911 610.89657898 672.69739886 761.90798435]
 [ 54.03449954 359.66868373 753.04101627 480.4846402 ]
 [562.40081641 403.7899983  147.89104174 790.00715669]
 [633.10403366 436.04213361 172.72849752  66.89173334]
 [221.32503155 113.72025981  90.10230824 247.0502936 ]]","[0.53456194 0.65256139 0.42212158 0.45003949 0.14111093 0.80602907
 0.96943497 0.18990779 0.8889304  0.26690071]",135,2025-03-03T23:24:58.120243
34,0.9073802921816186,"[[612.77871282 475.95569391 372.48998374 310.26736304]
 [420.26569311 588.04700265  75.63075144  32.92008064]
 [245.68812409  97.46148955 100.02050413 132.32211816]
 [327.89683858 547.16103109  79.95317852 286.75807714]
 [ 74.42499845 132.04075962 143.9195572  125.36973158]
 [427.76483227 630.28839957 698.6400819  754.85377356]
 [427.95031838 427.17346418 644.12681824 430.94495431]
 [214.34548358 662.26121299 605.24710438 532.15951565]
 [110.2926473  547.93059878 759.18467224  30.72115632]
 [537.84708007 536.58282415 598.52149876 392.14259902]]","[0.62280991 0.51457403 0.1634733  0.84688608 0.03863751 0.79914442
 0.3860602  0.70086408 0.13493769 0.93728413]",136,2025-03-03T23:24:58.127246
37,0.900926510169281,"[[257.73533269 467.06699656 372.95738538 239.81892472]
 [ 43.59160078 776.7895581  714.54012063   5.22398213]
 [463.01464122  51.8578751  668.28311796 386.69705685]
 [774.3921402  725.20323851   8.33961387 798.5430545 ]
 [505.93683769  48.61942971 370.99100151 632.04418592]
 [318.71314103 798.58331407  70.29009564  65.4066942 ]
 [668.89254261 549.34847548 627.30465507  32.56439547]
 [749.71253242 397.35970518 492.21513393 791.22047958]
 [623.42866058 746.28381707 718.13251529 288.58967683]
 [178.07726808 784.67241398 731.27242694 708.38369954]]","[0.88399875 0.46430179 0.39313404 0.40414232 0.36115043 0.66889979
 0.58562913 0.05542624 0.72540865 0.64048257]",137,2025-03-03T23:24:58.133960
12,0.9143080064976932,"[[300.51899938 236.07351129 680.32520285 133.76178142]
 [709.50340759  10.64652956 414.91856557 109.60517835]
 [702.58186591 484.53292249 139.61337328 229.30713457]
 [506.38557375  61.28756965 741.72398506 351.63590431]
 [672.6367628  546.83132654 442.99970284 499.5643489 ]
 [220.78368107 243.06866228  95.25806059 359.6606779 ]
 [482.29120764 266.09499343 741.16946627 311.5411482 ]
 [666.36652046 612.70635629 700.88458021 168.89859675]
 [759.31609535 277.00494871 564.69522096 669.26877312]
 [314.99299274 704.22418876 228.11372216 704.84732227]]","[0.43980093 0.78197881 0.15288018 0.24184099 0.84550884 0.51226105
 0.83851608 0.17257039 0.56237263 0.66358672]",138,2025-03-03T23:24:58.143053
20,0.903371437502944,"[[515.83798755 396.09415927 463.05532895 581.01095807]
 [544.37262878 616.00463412 130.32169956 201.96477559]
 [172.98934291 555.18168725 251.4433662  542.38552367]
 [542.22196047 734.28755905 686.77498229 638.48641504]
 [218.92598301 207.74542161 582.01278066 667.07188349]
 [196.75983293 697.16201524 708.69459845  54.83160764]
 [177.67721354 125.968903   432.26139231 214.78547605]
 [422.56258973  12.86759798 764.67841027 489.98901529]
 [153.81860923 215.69474179 415.47672358 762.79114911]
 [316.13302773 771.05046466 526.22847074 319.15332986]]","[0.1774435  0.87988968 0.38572543 0.53137911 0.18246521 0.63967825
 0.72060087 0.44916674 0.30235901 0.97938827]",139,2025-03-03T23:24:58.150562
13,0.8250490834695139,"[[634.72737913 574.57007183 497.96057746 736.59289375]
 [366.06038358 167.24217083 540.51203929 726.54799522]
 [755.31147085 286.40442874 590.99570873 705.31846588]
 [374.20018832 661.43924907 377.91772741 147.46970627]
 [189.21844066 210.66523752 756.7899985  645.17565742]
 [731.83628215 192.44950136  75.13211613 437.33886273]
 [350.48080071 406.93241062 709.85008601 362.61197572]
 [718.44982403 759.6014843  152.66355697 564.20554429]
 [213.0930383   84.78872729 508.42523007 109.26565348]
 [190.2721218  508.84332534 644.83807567 326.50521411]]","[0.27312623 0.73837607 0.21109746 0.29314088 0.69306142 0.52728388
 0.89457865 0.25121145 0.86014955 0.94915614]",140,2025-03-03T23:24:58.160080
33,0.8954310022637431,"[[110.90759989 160.81142818 663.91021303 642.44664087]
 [287.19561298 504.06683537 357.78128889 538.03321509]
 [716.60447661 452.7299363  192.95611858 387.91692379]
 [232.30071288 674.70919375 210.9883522  177.78495981]
 [468.09357475 350.88092086 382.7952122   86.82679888]
 [149.28907824 544.59809878 547.80378789 691.49057275]
 [181.78525783 626.39596732 566.51620661 235.01703766]
 [570.20160558  19.99122814 292.72236941 397.53156305]
 [682.94615454 789.24680653  69.8545737  350.61544775]
 [ 41.47947687 535.41785454  27.60301664 153.05553076]]","[0.11837761 0.7561289  0.82135545 0.33795755 0.23855419 0.13740193
 0.20749344 0.61668918 0.12003379 0.55148411]",141,2025-03-03T23:24:58.169444
43,0.8315895210803469,"[[127.89478583 552.54058637 324.1520195  698.14936619]
 [473.79864386 553.44142951 339.89317629 561.8161275 ]
 [309.55816914 118.7945615   23.66845452 654.10185285]
 [358.49078419 609.60160611 584.26480563 788.76385723]
 [ 37.40027779 355.88055436 250.36876034  22.99073771]
 [ 20.42995645  87.77724008  78.11504672 385.33923069]
 [251.47738571 695.56903789 707.08542816 414.99967831]
 [286.49877292 313.14456319 759.76477546 485.13515223]
 [348.19786608 571.19299022 168.81788309 680.33569065]
 [712.43251626 483.65525435 348.59473422  80.36512303]]","[0.76267401 0.96776595 0.39098626 0.01475163 0.05498253 0.14905838
 0.80440887 0.62180981 0.30928736 0.2263193 ]",142,2025-03-03T23:24:58.176298
20,0.905398180828751,"[[649.01771257 228.80964301 168.3575424  387.0081407 ]
 [262.89364466 526.49126122 120.86013092 703.95980779]
 [251.21495604 225.13313994 526.81528    232.11913821]
 [426.11915825 223.51290481  60.57431981 678.00862242]
 [290.69059345 609.59458495 266.97090324 273.97276623]
 [719.53613236 180.96885504 575.98325094 272.58527498]
 [311.09104182 150.64852456 145.8992997  329.87586996]
 [571.46706312  48.43767292 131.98209876  92.93779997]
 [566.38165991 101.7213535   31.00990546 529.8524267 ]
 [441.60051014 690.75126515 165.44097605 353.03549366]]","[0.6009676  0.38564817 0.34926041 0.93359222 0.60440526 0.93250736
 0.05645031 0.24135411 0.73581331 0.89819682]",143,2025-03-03T23:24:58.182348
10,0.8327000194020451,"[[655.93859737  70.8476365  535.29498935 564.19188675]
 [102.38851215 688.84377912 170.63801632 355.99708203]
 [576.72666126 237.37068336  30.56462089 109.79598267]
 [382.34297154 213.18559057 353.88286895 438.92935904]
 [245.81828472 647.32761981 693.66957574 708.04027935]
 [634.53205706 424.10872155 247.01991037 154.08461933]
 [196.44148115 288.90792189 293.69140758 651.61355044]
 [533.20774675 483.49970517 513.6064277  538.02949689]
 [ 63.62072987 703.72347162 621.54080867 262.01573444]
 [297.02364482 471.22138766 506.89584163 446.69131353]]","[0.5682278  0.24488014 0.15228171 0.32802656 0.22877183 0.20220131
 0.34254526 0.23459636 0.99359998 0.35827314]",144,2025-03-03T23:24:58.190354
45,0.8705617256186722,"[[723.54479193 754.61971827 112.77935676  89.29865732]
 [283.21507384 592.57833985 651.53475034 638.61928931]
 [759.09137144 483.99862645 398.24428887 647.00491599]
 [209.18861505 117.6492411  685.32374966 243.52381938]
 [786.02623768 476.7494981  748.61374573 623.13702454]
 [179.71833731 314.1213219  391.82202863 111.14130679]
 [570.60778962 221.27354918 713.24335096 435.81358025]
 [574.79454179 695.28356539 594.23553013 462.91617425]
 [284.29322889 680.70334681 242.21706439 677.85794426]
 [ 93.17185094 755.13436465 466.46054985 160.36166732]]","[0.98480678 0.17844706 0.20858091 0.61018438 0.59931164 0.49294507
 0.61423429 0.71471545 0.92988343 0.36878508]",145,2025-03-03T23:24:58.196771
15,0.9152757978472307,"[[591.12572422 317.1534674  115.46891973 137.61751807]
 [363.35911268  64.64437071 297.36053859 566.46111169]
 [209.81752426 753.43970077 302.16248543 511.36254754]
 [126.03560264 595.74734193 603.80286329 232.51425534]
 [407.83286071 478.39080619 583.43184369  23.25560465]
 [ 52.2826623  233.00781782 123.2131034  350.56066656]
 [ 66.43770678 722.127125   542.18201277 109.36158943]
 [446.413373   795.70699221 685.18640739 265.45186243]
 [236.11238667 169.08613579 264.64073518 268.64481694]
 [399.82384787  43.63986365 316.54364156 700.78245762]]","[0.14418108 0.85901554 0.4273791  0.49076194 0.46745463 0.61216714
 0.9144234  0.11483386 0.60217446 0.41085661]",146,2025-03-03T23:24:58.204613
36,0.9368473678764688,"[[373.93583837 392.59779921  59.05791887 615.70663647]
 [291.04987574 265.92134786 358.39220608 790.60561239]
 [761.44359729 753.57669385 394.56868253 540.30041694]
 [557.26037326 252.62841573  80.14373441 670.0545769 ]
 [ 38.75882241 654.26011285 340.43601619 552.48466418]
 [113.46474024  94.34367567 739.76871673  84.59307537]
 [756.15187824 196.32890685 687.31960669 415.82389271]
 [203.42326963 298.5846017  110.31803168 240.12376892]
 [447.05033534 650.57580194 724.14040305 293.96718162]
 [662.93402926 384.4386375  344.17682634 690.22385487]]","[0.36234205 0.53460945 0.71632659 0.36140873 0.97039542 0.36565033
 0.7773257  0.13770566 0.22652663 0.67846388]",147,2025-03-03T23:24:58.211611
36,0.9360901197232285,"[[310.0764197  244.23779541 238.39896675 255.01807509]
 [161.34250945 342.58736071 603.74584352 462.02311232]
 [494.42342135 138.43605068 761.55729183 284.41302267]
 [588.03100968  17.47249903 222.06404746  27.59956974]
 [349.10714276 105.69835519 333.35839548 465.81046212]
 [303.1092567  110.8096975  193.66890958 562.26826823]
 [629.01389227 365.1760817  578.8141376  312.27159464]
 [ 59.26484705 276.70122799 286.59463539 175.98585231]
 [491.1868805  747.53067236 662.71682203 347.18365365]
 [774.55809644 253.51434833 243.30393194 476.51724618]]","[0.43909235 0.19204623 0.84494126 0.27383324 0.55281181 0.33267419
 0.95362192 0.05488267 0.12727408 0.79853153]",148,2025-03-03T23:24:58.218434
31,0.8585351157570077,"[[211.06611389 296.39454174 391.62045639 564.21140368]
 [473.33792046 121.10957232 705.32629779 523.98017052]
 [451.52609747 500.46621094 652.01060663 640.39557092]
 [571.17805336 665.84580516 734.35294097 393.98329849]
 [676.47148675 527.87095612 515.77143251 171.1435475 ]
 [360.98192329 708.79434776 718.21843985  58.20285607]
 [353.87915262 333.70130927 636.98803132 747.94404806]
 [262.92343664 606.35160957 446.03638955 320.67513246]
 [633.37474206 127.42834284 779.40900005 754.2333962 ]
 [474.00878309 123.07666136 155.23984677  85.042369  ]]","[0.68650926 0.5738376  0.43560264 0.20043188 0.35100979 0.01003719
 0.8239208  0.42044659 0.69677382 0.67485471]",149,2025-03-03T23:24:58.226751
25,0.8900764157760999,"[[211.28298032 712.19342837 393.9247951  703.82007983]
 [129.71625336 478.76584065 729.08471477 255.48381949]
 [523.12143527 693.13643673 192.70434782 567.2442261 ]
 [294.89546172 573.03756731   1.09762752 300.7756954 ]
 [475.34867761  11.90395358 440.99538247 674.6522462 ]
 [217.63300662  10.57270919 451.41478227 668.61274166]
 [709.36101331 259.22708815 272.71831943 462.52419297]
 [407.77947241  85.98885092 334.19828034 597.84124787]
 [137.83582252 418.8864994  755.24347393 329.31000698]
 [748.91909788 333.42882865 294.96052233  27.65945375]]","[0.46800829 0.94021497 0.40686114 0.00595692 0.16247057 0.39405435
 0.12344051 0.32593745 0.87561564 0.59772657]",150,2025-03-03T23:24:58.234885
50,0.905212286830536,"[[290.41072196 762.62534183 772.63609951 548.09626033]
 [429.18778356 638.84752717  47.74704168 764.09362018]
 [158.42043851 610.21592588 224.75960806  40.48852297]
 [399.50519101 765.95603955 695.20196493 360.15435438]
 [652.69825524 311.78694567 209.30972502 356.12608634]
 [212.92945724 671.182752   724.43578641 712.46637168]
 [545.66882815 766.72800478 774.31419332 125.94737731]
 [621.03432041 313.89699439 331.44747556 527.30329272]
 [550.39909168 665.42393107 575.06591168 686.50014908]
 [342.31093197 189.86716072 689.99375024 628.94638708]]","[0.98693919 0.79586283 0.2361304  0.14022679 0.34394327 0.42595054
 0.20963306 0.49729577 0.4480358  0.77506605]",151,2025-03-03T23:24:58.242694
29,0.915930178677238,"[[ 43.99444548 260.36500056 323.94253885 125.86739707]
 [604.22543936 414.16314271  11.71464596 712.20518953]
 [653.77175004 469.9235599  778.93675693 480.0773958 ]
 [382.05587775 646.95016854 386.95357568 366.86193974]
 [303.2965799  293.31301688 798.96002278  61.19225349]
 [759.90423418 757.71523832 788.46031903 671.33102367]
 [395.38945687  20.74085473 463.32665086 425.38372704]
 [545.56936657 559.04738895 141.69836657 584.02749   ]
 [424.88662825 492.16063173 525.20452358 604.16853167]
 [316.60712341 704.38381801 412.11394059 788.27458566]]","[0.35161066 0.35403635 0.63540598 0.960402   0.87651635 0.30864398
 0.99215798 0.57436516 0.05325685 0.46237821]",152,2025-03-03T23:24:58.250476
21,0.8678688672467564,"[[582.12980288  34.31247107 446.85870638 411.30926597]
 [675.16237186 541.03315359 320.61703767 335.99947939]
 [650.5976197  681.22592459  72.95926641 277.87168215]
 [242.29554767 511.26678055 510.25104668 417.56104431]
 [298.63536877 617.77620263 651.61521745 295.91886812]
 [459.36309778 464.44330086 674.53557292  77.47948251]
 [756.05008668 793.80268651 752.55271344  72.45560605]
 [123.37815346 771.48397427 101.06361227 417.5881019 ]
 [684.70470289 637.79148451 736.0308648  647.82125395]
 [  3.18443473 178.07126241 239.02371738 590.11144549]]","[0.7574734  0.21558756 0.73094638 0.70987606 0.04292814 0.12158371
 0.46296287 0.06867694 0.27484545 0.21410025]",153,2025-03-03T23:24:58.258314
31,0.9001877093336176,"[[526.28458916 418.10136586 454.54516753 718.81869262]
 [649.27014803 780.42478395 169.47831746 263.43879494]
 [254.0576739  391.59378718 397.52791384 563.20382225]
 [457.52712358 380.34107548  31.15871931 520.08431645]
 [644.12364615 425.16430355  98.11471575 747.11727301]
 [389.83171598 326.8940781  528.51815851 187.11694066]
 [398.33067944 708.76020447 500.65457006 212.76706479]
 [475.18994094 518.49033534  57.54922875 258.38686182]
 [251.92256742 190.30175916 244.83281719 211.52448534]
 [ 70.93185127 485.12721094 756.87069706  61.43699134]]","[0.65245539 0.1401358  0.85359806 0.30757224 0.65285745 0.99940569
 0.16087136 0.05740993 0.38676179 0.0714469 ]",154,2025-03-03T23:24:58.265062
11,0.8812490481841756,"[[574.47736565 562.85314029 522.81985029 535.31583052]
 [599.44338633  99.41907316 492.51217289 169.36233302]
 [709.6848762   68.68947744 129.13304586 778.68311813]
 [313.18603429 242.24744442 259.24769425 170.00481504]
 [322.39343293 172.0669885   88.99398897 530.26179763]
 [212.93997089 762.5801589  738.29372011 570.40854264]
 [419.34305592 646.63568342 170.32227075 542.67295158]
 [551.91748164  63.38007054 353.15850562 665.81591542]
 [636.84111328 372.2847088  628.82100119  36.02152632]
 [767.68148961 581.99639193 144.12563231   5.53748429]]","[0.93329144 0.67132768 0.56574049 0.72161128 0.97286319 0.41336506
 0.36684869 0.31678457 0.18559935 0.901516  ]",155,2025-03-03T23:24:58.273006
29,0.9253691229033163,"[[358.6948414  224.44390998 292.22403062 642.71160395]
 [184.88880114 125.21917953 630.46580726 123.19020678]
 [ 33.20527973 620.09912975 434.60161234 188.64028424]
 [705.10470308 718.65806415 421.65141234 360.49407702]
 [  5.21921444 790.71400896 614.37996194 639.42669743]
 [496.17344538 386.53776293 203.18936857 238.59357767]
 [150.70442042 487.00639909  43.89837088 511.17280132]
 [ 39.92956199 389.55618848 347.92509899 140.82477441]
 [783.58703624 705.46147248 762.78143498  59.41632736]
 [371.6156986  100.12838806 675.70404741 462.87402024]]","[0.13176738 0.44640972 0.43777696 0.07573558 0.66646531 0.32463991
 0.43196726 0.99515703 0.62869047 0.56022568]",156,2025-03-03T23:24:58.279511
32,0.8206401938954491,"[[105.07026021 695.56559619 678.4753901  119.78397799]
 [772.56449404 345.90598226 613.62277922 778.46882061]
 [ 22.23363705 491.07648836 244.8257761  612.86923694]
 [772.61136041 607.02278315 574.56793913 759.37419116]
 [107.82147706 186.63346295 241.25006262  81.45225008]
 [688.25085554  41.58211909 765.94692496 419.46595626]
 [742.66417818 744.0825804  314.38554831 625.081526  ]
 [629.30124521 213.8414245  544.57433169  87.85414167]
 [ 58.54499081 151.25110573 588.78192562 341.06932361]
 [631.39313975 592.97191216 552.21637669 209.40270375]]","[0.78678131 0.41717439 0.96723598 0.723216   0.45948005 0.31029383
 0.88415871 0.11126904 0.11483196 0.49196924]",157,2025-03-03T23:24:58.285876
46,0.8679210495591219,"[[211.21682268 458.09681128 218.7171896  556.83209059]
 [615.36545884  39.08886972 620.16881964 725.08364865]
 [695.26741961 140.60992293 602.18596024 416.33296352]
 [325.38455418 227.41737947 349.69955587 396.51993429]
 [193.74421087 576.79450859 504.43089825  97.93028195]
 [193.95114691 538.7850867  704.95648225   4.50381186]
 [558.28194662 428.78386791 336.35511761 199.19500089]
 [309.06197174 749.80158292 596.26124253 658.87325926]
 [664.76164347 451.60938219 373.27727167 302.67791387]
 [316.5848605  702.45878575 476.21872492 643.32456457]]","[0.71442116 0.00476425 0.26866067 0.7550238  0.10602967 0.78553869
 0.63509643 0.46158146 0.56162207 0.62551299]",158,2025-03-03T23:24:58.293022
26,0.8759025806331565,"[[111.47382902 572.30899385  18.35443897 470.15992488]
 [584.08453536 154.11539093 756.93470569   8.00757716]
 [730.67007361 783.09790644 298.62586174  99.71271202]
 [618.78966705 319.6470004  572.75741021 622.74719292]
 [660.818033   611.2767397  640.75825504  70.43666308]
 [514.94586234 409.14172765  67.93559705 481.5283846 ]
 [472.59678636 171.61892835 712.24083984 705.82083382]
 [796.19070296 129.71270449 453.17717102 322.08688122]
 [ 62.71564179 777.74464506 323.11252222 431.21044529]
 [376.56358892 523.9975242   14.36448759 633.78737429]]","[0.41327476 0.1314238  0.76316248 0.05371357 0.87041    0.94411807
 0.37631731 0.16261986 0.13013401 0.50724598]",159,2025-03-03T23:24:58.300501
32,0.8708291431284455,"[[355.15349055 595.75844078  89.49071742 526.63526084]
 [418.70366451 185.99743368 253.1805453  202.34136411]
 [296.8351268  204.25553997 442.25028631 767.51707574]
 [722.90187925  78.46200215 221.96177231 256.85122886]
 [474.28936255 733.48845011  60.56943271 779.49106338]
 [791.12737537 320.73424796  11.53806404 557.03358119]
 [456.5533967  223.70080048 158.66555603 213.55287555]
 [531.57580851 395.71638739 109.68506168  51.45319876]
 [ 44.22409275 110.01312866 341.28325182 214.51832495]
 [729.13021782 653.97085539 520.47724246 345.46413272]]","[0.3015705  0.58495101 0.45244141 0.9570283  0.76713429 0.7904587
 0.57890417 0.86920751 0.04461945 0.46271616]",160,2025-03-03T23:24:58.308193
20,0.8561076763029308,"[[106.48605996 248.94821071 357.4607708  219.87750828]
 [313.85549656 554.65299999 343.59242029 137.70383519]
 [ 86.35308601 610.39531007 670.97878061 408.1831617 ]
 [729.55373108 258.82086712  72.16647246 479.57629127]
 [ 13.97320005 440.26121473 281.58818567 703.65188781]
 [793.74056964 790.66383938 362.37708401 392.14529476]
 [382.99648711 435.38481497 349.82375586 217.02770187]
 [444.53722747 318.32336132 631.48934443 450.30709898]
 [439.87982645 103.7166931  544.10894192 610.72548348]
 [328.95659859 756.5893393  725.69801667 248.87748566]]","[0.31030642 0.83951469 0.00702435 0.05931251 0.01201705 0.98255257
 0.93000832 0.54347823 0.56709616 0.75381891]",161,2025-03-03T23:24:58.316860
17,0.91150470674433,"[[523.85392709 488.41211897 615.34581779 221.70922378]
 [779.53948225 129.07258854 692.32996217 368.93469284]
 [670.61221215 321.79437199 414.7623626  490.82057204]
 [274.47317489  35.53310373 288.03330985 553.13654091]
 [542.28600292 599.30741207 103.8579401  678.27197359]
 [351.31933331 519.80824324 287.75541992 688.74176064]
 [460.38983807 180.77648069 495.11089201 441.74228798]
 [779.0378796   44.37518966 281.98391477 299.66441012]
 [143.94043453 192.84719246 340.1063901   49.84181114]
 [315.98321223 426.62268495 341.78372759 224.41337136]]","[0.86383806 0.68182896 0.81437266 0.00249971 0.10724976 0.37646805
 0.75007832 0.55231745 0.85863481 0.7257998 ]",162,2025-03-03T23:24:58.324933
19,0.8825346062594006,"[[433.26006229 383.15207197 203.68401999 336.28009598]
 [309.64425083 424.99086659 482.04010429 281.59125969]
 [666.48431149 604.68892477 381.82953758 765.23026005]
 [717.41386605 111.65123124  20.60205619 541.00991675]
 [250.55353795 409.98772732 248.3649957  693.70306684]
 [526.09884347 636.153713   389.38430737 411.20798652]
 [538.370388   393.65890144 121.78597839 131.85099167]
 [ 85.85075757  61.66514411  43.72709394 273.55236286]
 [  3.72752691 168.56256216 509.8101982  417.49859025]
 [453.74353181 130.96983689 607.5347327  503.70418447]]","[0.3677987  0.93752612 0.87982248 0.44800663 0.35755785 0.00598052
 0.33472635 0.17497464 0.15617033 0.85686967]",163,2025-03-03T23:24:58.332960
40,0.8888404870975497,"[[237.21697934 734.40806271 182.22438704 323.35129646]
 [732.72068738 595.13888773 134.38319436 498.84141075]
 [151.45703022 591.73992259  93.19167284  15.67257073]
 [ 44.07842339 786.62390808 368.78857757  22.70097701]
 [330.71904743  88.84140195  67.80581173 652.74275633]
 [586.2204133  530.93485614 371.4072467  689.596217  ]
 [  7.01903349 704.46534626 132.79989948 661.77069895]
 [274.86828217 533.74112761 184.72475944 259.21524523]
 [315.47785319 200.59579223 758.1158377  603.08359952]
 [346.09422495 428.88131028 709.13265871 499.81214068]]","[0.49005945 0.02239874 0.05539593 0.56077287 0.79308828 0.33230916
 0.78730758 0.83697467 0.62102057 0.0610364 ]",164,2025-03-03T23:24:58.341391
22,0.8549614015084248,"[[407.4519286  783.05449909 134.36321677 328.53102276]
 [763.35223177 189.78477139 682.88107771 336.56080425]
 [ 63.95360587 698.25996831 588.54557259 695.68863958]
 [170.62486201 771.97914566 597.87617082 656.59246031]
 [235.76361465 476.63083125 627.85100588 365.34980617]
 [669.38650936 184.30497265 733.62139396 561.87196335]
 [730.16967817 399.34132488  28.25740932 316.39415889]
 [743.65177763 608.42815412  21.53451463  51.7385207 ]
 [740.79813041 122.06354563 786.60345342 794.56281474]
 [221.16498964 362.90029639 342.29208957 241.70723711]]","[0.9022772  0.05909193 0.16968436 0.17943166 0.03632511 0.27880992
 0.67949163 0.45974977 0.92622375 0.68953407]",165,2025-03-03T23:24:58.348339
23,0.9052270989626217,"[[668.52148017 152.45440894 307.28935122 756.12345624]
 [587.12949462 661.30661683   7.39387804 280.48833297]
 [389.13768793 479.40810207 750.44492616 681.56820109]
 [ 48.97924365 392.76731952 787.49003519 521.83462503]
 [591.61548978 661.39602317 459.11208372 485.24788128]
 [765.50701872 335.71534434 460.95593891 255.7456072 ]
 [279.30487044 544.44571504 510.9796778  358.60274776]
 [156.74173351 483.71717991 187.64991703 223.10643821]
 [424.01742336  45.67351041 488.05090587 461.28731431]
 [ 86.96921179 747.05050599 159.96978675 237.92681528]]","[0.16923658 0.79934504 0.29883514 0.92419474 0.94010986 0.74503994
 0.76677941 0.00371717 0.32586586 0.46275819]",166,2025-03-03T23:24:58.355423
31,0.9115005275995243,"[[287.58136385 352.18100426 272.46724922 738.02989229]
 [355.120775   165.15424246 429.8147465  355.95940463]
 [530.09948667 109.18862496 234.32226823 507.27278351]
 [740.47083736 679.66556266 345.9892982  731.11941691]
 [606.80306486 411.85022694 619.29754665 570.88381568]
 [614.97972371 206.24428776 799.55800334  74.10342226]
 [684.60786292 745.21459463   2.84972307 745.53812086]
 [ 63.42920949 718.92703886 201.82275814 381.09276556]
 [103.80176571 451.71250521 110.79240652 568.34568103]
 [569.23521269 237.58607769 630.68343769 494.85168951]]","[0.13789834 0.19324685 0.68377836 0.15479368 0.06860261 0.83082192
 0.83911973 0.65851206 0.80210075 0.49916798]",167,2025-03-03T23:24:58.363002
35,0.8598707879671801,"[[166.91273487 481.9530119  598.41542094  22.04356903]
 [792.95841509 418.76648873 178.37818074 479.88544507]
 [ 21.25902457  81.54429671 792.05076659 101.89476066]
 [ 12.33986545 355.47632807 684.20895481 381.15331605]
 [359.31680056  27.59013348 276.21805083 369.73880825]
 [584.04962983 690.60780643 617.04698116 393.30437088]
 [688.08064972 401.02596429 426.37235963 311.72531224]
 [294.04279079 132.57387867 460.21895684 104.08141444]
 [487.41013294 569.7709607  696.34854644 442.08928209]
 [529.34671687 521.16217978 210.50418898 611.87383484]]","[0.34533785 0.40189304 0.0055255  0.31140349 0.27897538 0.02481805
 0.41791054 0.03581897 0.78622071 0.68793227]",168,2025-03-03T23:24:58.371383
41,0.8800607004357858,"[[488.62909256 547.7977862  146.23586372  80.0804858 ]
 [574.12520414 291.32585401 435.07816349 566.66315742]
 [460.37913919 557.83380859 306.82913386 413.97663057]
 [694.63993253 111.05610559 198.16478804 735.18866945]
 [498.7612892  462.3467537  339.95796152 218.84128695]
 [371.14011836 466.59430646 111.99178324 723.86942354]
 [509.37950574 794.03173238   1.60185931 591.20068993]
 [595.3720239  754.86856481 567.62322575 194.52786447]
 [217.98819465 158.55616824 775.22507786 586.93410646]
 [301.27402619 457.77598014 167.51427012 727.57266178]]","[0.15838165 0.28696059 0.62031381 0.17761825 0.72073008 0.83894403
 0.54780797 0.36814909 0.57614757 0.84418631]",169,2025-03-03T23:24:58.378303
15,0.890798535215996,"[[638.57344855  34.02067964 215.8747707  457.03495942]
 [187.5738495  323.45348547 100.85595387 443.47131801]
 [ 83.30939005 584.81452264   3.74732105   8.82038691]
 [446.11953932 793.98384071 324.59942914 711.36888301]
 [112.35746305 518.162848   401.53324853 374.88965455]
 [779.01937906 753.06097136 622.64436415  31.8419656 ]
 [635.72526503 435.87237212 634.50801866 357.88693775]
 [  7.81923974 274.16377794 185.54307642 457.73811791]
 [ 82.66284855 325.90212217 263.67048806 107.8470465 ]
 [661.24008648 296.24160158 774.88039187 227.32082428]]","[0.36421804 0.73444395 0.25090564 0.0319646  0.12403346 0.29316491
 0.46935699 0.56905901 0.0808136  0.07947848]",170,2025-03-03T23:24:58.386163
42,0.9282179582173677,"[[127.20574455 494.84901672 425.49191027 665.49747604]
 [524.00756362 599.81972147 164.38018254 316.45146954]
 [678.68721914 554.49472365 368.62289946 146.93849887]
 [372.93203832 462.48343995 516.7387268  102.98542035]
 [205.0069827  224.29393824  89.98856264  61.06385896]
 [446.19153873 101.99566394  49.78533217  24.08717936]
 [ 90.04476691  68.90958334 144.21969303 552.78032822]
 [660.1628598  755.90204512 467.41991863 232.18645663]
 [ 94.44763428  30.95119703 576.49317043 309.34458327]
 [387.03253338 491.12962094 769.47708029 427.99463486]]","[0.71961226 0.81858687 0.36562591 0.78436698 0.2336518  0.84237298
 0.55512813 0.9684252  0.04674243 0.59268136]",171,2025-03-03T23:24:58.394482
34,0.855183075401084,"[[588.22170647 712.70056414 111.56318278 583.43283059]
 [393.03088708 428.89861005 785.24987774 405.86418173]
 [367.28695437 591.34332819 669.73445785   5.40315994]
 [231.74130906 657.30258782 546.8202715  239.43265719]
 [444.88647422 113.31189078 518.75911487 644.80306404]
 [708.05580608 761.97013148 131.25183333  61.37636444]
 [402.23170823 554.7293134  127.60014149 105.50780727]
 [634.78643685 729.12973311 131.15477206 712.93124909]
 [307.46573214 137.79242302 351.43931185 607.26188687]
 [398.79030303 741.23306721  57.80800528 513.55778365]]","[0.03428287 0.9949967  0.3731599  0.12562866 0.39239566 0.69423156
 0.95024333 0.66316949 0.70612549 0.66585654]",172,2025-03-03T23:24:58.402171
41,0.8998253129698411,"[[162.16104543 581.97610083 556.28472527 445.33035569]
 [ 47.16511839 545.16155088 304.39385652 621.82099232]
 [396.32006981 522.65270953 377.03068029 725.46164009]
 [521.07520415  70.56299874 723.1060388  375.74190105]
 [143.13549528 791.13240188 779.25927437 460.59826513]
 [763.32405844 487.06815366 625.65858907 494.6480605 ]
 [192.19993285 128.47248454 264.83085337 133.25619758]
 [226.41772552  64.60143736 121.98214611 321.29743117]
 [131.60131229 271.89081359 605.43234056 746.39338327]
 [ 70.89086085 199.57060244 216.35655581 100.23733058]]","[0.14572439 0.70152494 0.6674109  0.56387379 0.20361892 0.82148029
 0.13121095 0.70649712 0.67995842 0.58937915]",173,2025-03-03T23:24:58.409200
50,0.8610991342969754,"[[ 50.5581607   13.41405971 582.11439413 576.47270681]
 [ 81.76384641 371.39825461  60.49731307 508.82503774]
 [190.21041484 746.97135958 164.88148358   4.62386182]
 [449.93553963 420.09558864  38.42641661  11.7013253 ]
 [184.29453622 401.05245456 740.29782228 627.19682216]
 [316.95808383 635.31888351 144.85655644  24.06038175]
 [720.04712206  17.83592962 203.91710996 450.62987779]
 [609.78313502  96.19478325 492.21251074 107.72581144]
 [771.44933606 270.47868196 169.34321593 586.12028092]
 [ 82.43430521 357.3741841  284.70393268 222.29868236]]","[0.62324815 0.6291103  0.70871432 0.45070302 0.2248369  0.9917395
 0.06222963 0.92634329 0.23708565 0.42501803]",174,2025-03-03T23:24:58.416184
37,0.8719897950989659,"[[ 74.23482872 157.09006276 323.49081574  91.98947633]
 [236.70037894 520.21287256 368.91702788 791.91171344]
 [117.05985492 348.91538453 233.69777242 417.28151603]
 [499.49655919 659.66245973 394.04621887  84.76750225]
 [259.88435945 570.81487528 765.67106269 625.5155725 ]
 [139.13503787 300.98261033 409.80185787 274.84691608]
 [766.75353663 693.76810054  91.40550235 269.92121737]
 [710.67020396 288.30621776 136.72016703 513.02426316]
 [424.32441378 193.96196013 502.31840897 189.34393723]
 [393.21662392 531.29038879 587.70045922 633.7364754 ]]","[0.8934884  0.05492425 0.85175306 0.62500172 0.85688299 0.30210646
 0.39212061 0.67800584 0.71885661 0.76916784]",175,2025-03-03T23:24:58.422389
28,0.8758459865624953,"[[ 13.39397227 618.11496029 394.74963348 518.57392045]
 [498.27702921 537.73811824 468.98556525 425.25583218]
 [758.03533599 668.49888101 428.76517666 299.82795662]
 [249.52535423 545.67619098 152.08767167 752.77835328]
 [313.08629643 773.10702688  32.32676397 395.17620315]
 [700.15035702 450.36440216 349.87564858 635.38894521]
 [515.1643244  551.88699926 126.03619597 261.59529021]
 [212.2456323  762.11935402 690.10656355 113.39854065]
 [718.61880791 719.40908194  88.12420349 313.75432214]
 [260.13144977  10.29992697 609.30434442  49.89374887]]","[0.17530059 0.42018225 0.30077635 0.54504418 0.01831239 0.23201953
 0.98420713 0.12585265 0.77415067 0.93545028]",176,2025-03-03T23:24:58.428518
16,0.8342780930254721,"[[708.24058529 336.50367955 179.31311683  32.94635067]
 [349.47961916 361.91366993 220.37131921 148.5299581 ]
 [423.49219829  18.33241437 634.3161549  702.46058619]
 [669.77901887 798.60083637 639.79108383  45.07343067]
 [275.97264781  40.74009663 408.7262636  721.48302316]
 [624.29752881 394.25078902 339.90281958 459.53260108]
 [643.34733433 395.7594536  422.95952614 547.45659445]
 [381.03446348 425.68227429  25.74800526 647.61351484]
 [  9.91940047 349.31979844 367.06934308 403.75152935]
 [126.87602772 298.68527321 344.70518671 329.35382659]]","[0.77273593 0.27148621 0.12826977 0.06068796 0.17127583 0.70341022
 0.83286816 0.93320376 0.34356162 0.34203291]",177,2025-03-03T23:24:58.434368
20,0.8436823982326436,"[[331.92623927 575.59314139 471.65320276 369.50913248]
 [ 46.22584535 448.53927724 498.57286962 357.74828603]
 [686.19074838 263.06451417 122.52351894 301.24217057]
 [740.5755924  506.17577179 750.83396601  92.09873156]
 [586.22565246 696.82253243 457.73215154 439.85822961]
 [385.77573403 465.50620771 739.19159398 487.11813769]
 [228.83436235 620.96253168  13.55088587 478.5884609 ]
 [190.60942665 616.21696294 666.42547778 457.8945759 ]
 [245.45273326 209.14218664 268.20416054 280.78636216]
 [470.79688062 369.12298217 363.71453515 594.55787149]]","[0.36464241 0.75867976 0.78723628 0.16575194 0.13146434 0.67336721
 0.79767737 0.67960203 0.93212839 0.04939581]",178,2025-03-03T23:24:58.441166
25,0.8354266575081555,"[[671.15295807 611.91411979 186.86364069 780.09725255]
 [568.6849659  693.22276481 664.69761578 584.88806485]
 [738.86024718 114.76594405 778.55682443 318.8196521 ]
 [605.45181719 697.60018418 645.40112906 267.74497432]
 [274.5623026  140.99753732 433.98665301 531.96271618]
 [785.36173987 718.74694302  40.58957553 178.17259971]
 [  3.6658529  107.14744451 164.20516189 501.46993515]
 [783.39487947 189.74120474  82.65208768 421.35004713]
 [280.41113385 619.69512836 673.5078473  579.68667469]
 [335.29533135  44.41327345 345.03497953 231.98446337]]","[0.34379199 0.185981   0.75537344 0.67813585 0.17561573 0.29153066
 0.6405352  0.52077962 0.79423053 0.41877037]",179,2025-03-03T23:24:58.447391
47,0.9210115527055136,"[[  0.82875018  94.6839631  209.42890196 200.53871931]
 [305.18118832 400.36766892 631.30040876 333.84122858]
 [382.97331981 283.25448787 474.00997362 678.96428125]
 [570.46794082 345.4691761  321.20983498  85.15699623]
 [346.85338317 542.3104942   81.74344912  62.70007036]
 [ 25.01467049 364.98426578 219.37994842 640.80135097]
 [605.16232927  61.50846219 621.90895634 760.46239676]
 [513.72967228 496.52663063 484.8669948  343.98218121]
 [210.30214319  90.52453939 241.97425578 271.35949309]
 [674.5739868  764.97655882  12.83439735 767.03465857]]","[0.01191569 0.60738766 0.79797922 0.25707035 0.68597892 0.58565672
 0.94515435 0.88525743 0.6089216  0.2390367 ]",180,2025-03-03T23:24:58.454141
46,0.8814144962670142,"[[4.52675399e+02 1.11686196e+02 5.22296742e+02 1.22417363e+02]
 [7.91281965e+02 4.71496521e+02 1.57703362e+02 2.74734979e+02]
 [3.38945388e+02 5.30676662e+02 5.44918917e+01 5.61092684e+02]
 [4.54856837e+02 1.36393882e+02 1.97727337e+02 1.36762244e+02]
 [2.52347052e+02 1.75113258e+02 6.15654370e+02 5.22395456e+01]
 [3.95839876e+02 3.23414649e+02 4.64160865e+02 1.47157282e+02]
 [6.44020677e+02 7.91873208e+02 6.97598215e+02 3.53051449e-01]
 [7.60815569e+02 9.68981973e+01 3.13314808e+02 6.58648653e+02]
 [1.93908794e+02 4.20605226e+02 4.54569351e+02 6.15775946e+02]
 [7.54468931e+02 7.57005143e+02 7.73269011e+02 2.52982065e+02]]","[0.55386599 0.0596976  0.23897035 0.31449893 0.71524599 0.87636321
 0.42233422 0.72375694 0.37010613 0.9531122 ]",181,2025-03-03T23:24:58.461272
34,0.8574390155219304,"[[ 78.62892923 201.46324192 371.56854866 421.58697584]
 [313.40250709 641.45210073 725.8518713  351.79536695]
 [209.34429976 757.61981164  25.89171807 490.86408591]
 [223.16979418 359.64114521 602.79498052 643.8744362 ]
 [116.91138029 349.82053632 199.98787525 321.43019358]
 [ 45.03037998 626.92657836  40.6973318  354.66751227]
 [719.45007742 748.09103097  63.74992728 377.5346115 ]
 [209.69165679 196.59401144 399.32846319 772.22668044]
 [211.73868467 419.35087282 681.03830032 652.49572313]
 [ 57.30277456 371.56591137 426.64768467 617.89710562]]","[0.11460046 0.51131264 0.06620113 0.95018787 0.76444804 0.17096358
 0.26936879 0.20181345 0.76702376 0.00380378]",182,2025-03-03T23:24:58.468000
48,0.871783706955898,"[[133.15735332 564.10349019 438.04675097 179.6107002 ]
 [246.63287733 252.49731508 164.46169092 320.00254394]
 [529.83771254 126.24530638 521.88547445 141.01385166]
 [140.60064392 305.59094744 354.37189071 280.04380197]
 [508.54539688 752.90800808 287.5855825  200.87063169]
 [469.89938374 237.84361947  96.49091501 581.04425065]
 [791.35600009 641.74075633 281.64427365 673.82390927]
 [717.6484593  737.48054262 374.36630448  67.53271163]
 [ 46.93170676 305.5280942  153.19405043  55.50832947]
 [353.84038057 524.31831648 438.78670597 587.55931746]]","[0.97200978 0.86492834 0.80709196 0.23787586 0.0397663  0.53275628
 0.71791077 0.53940277 0.06024687 0.49774172]",183,2025-03-03T23:24:58.475371
16,0.8400608767608518,"[[ 95.24547969 542.86852831 148.83488988 742.43926506]
 [450.36637691  19.50378803 232.2740641  715.58142033]
 [ 90.23437059 430.21965659 209.06215494 209.28496488]
 [397.2266479  339.70951603 356.64845422 621.05850584]
 [714.23479869 378.50910259 556.39538873 314.25470718]
 [325.04407079 716.5498798  614.06049728 644.91019906]
 [645.95137581 285.97464132 102.56245125 308.58022229]
 [710.81815979 631.66674734  55.0994094  297.41508791]
 [642.14096166 518.58554639 260.29582003 254.23235637]
 [772.22377656 262.7126112  693.79295514 584.67941056]]","[0.38382617 0.78539803 0.11868394 0.77476362 0.69162624 0.7225275
 0.73258176 0.78961561 0.62125393 0.35882603]",184,2025-03-03T23:24:58.481815
48,0.8686214506635025,"[[456.34025468 633.93276542 144.72414899 584.51236906]
 [522.27296298 247.32600473 184.21796954 744.04277073]
 [599.57667493 234.89481203 687.16861365 520.52076538]
 [196.06566443 557.78800388 169.07723195 704.25486156]
 [471.65202544 260.90920944  61.99864047  39.73627288]
 [248.09010075 408.15894478 192.75036429 353.62317034]
 [257.30722883 156.02778965 173.89595026 590.32951073]
 [367.21096313 506.1204038  632.34182629 155.70202092]
 [170.57069567 489.04020494 338.05833017 303.88473234]
 [210.30623049 283.2076463  326.95584602 267.85664489]]","[0.26222643 0.93652073 0.53239365 0.59382264 0.8515666  0.15389077
 0.06338243 0.59608142 0.23382435 0.54241821]",185,2025-03-03T23:24:58.487906
11,0.9097949351507149,"[[3.59686729e+02 4.59481129e+01 3.76644213e+02 6.52323673e+02]
 [6.26858335e+02 5.52551272e-01 4.74025176e+01 4.88247742e+02]
 [3.89989770e+02 3.21711293e+02 4.29654115e+02 4.14315660e+02]
 [7.00215001e+02 8.17747738e+00 5.35889022e+02 3.93695971e+02]
 [2.12747615e+02 7.11479966e+02 4.44694321e+02 3.08632115e+02]
 [7.52542631e+02 3.89813254e+02 3.85324827e+02 5.43650707e+02]
 [2.13195651e+02 1.78545990e+02 4.52427525e+02 1.57395916e+02]
 [7.26087580e+02 4.30003585e+02 6.30520723e+02 5.93035984e+02]
 [2.73923255e+02 4.78073568e+02 6.16003522e+02 4.41097896e+02]
 [2.38049762e+02 4.08014914e+02 4.83428314e+02 3.71679980e+02]]","[0.52196776 0.86775457 0.1587175  0.44909922 0.19484873 0.17403385
 0.86933034 0.04474859 0.36356719 0.76063089]",186,2025-03-03T23:24:58.494943
44,0.882452797593658,"[[739.08817075 347.74431519   1.79654746 417.70778359]
 [723.12798813 469.95611721 608.14499064 563.38742509]
 [712.5273361   62.2606231   81.59835961 766.67803018]
 [780.83273569 163.16151706 345.04962112 460.62203297]
 [205.49383556 507.73894268 419.40355379 146.16790775]
 [336.55747568 145.99361601 220.44925539 768.73637186]
 [603.81534452 566.96157746 717.12709024 637.41610021]
 [174.49673149 455.48669674 102.96266922 710.57648995]
 [797.3469733  713.83009886 146.70631847  90.64752762]
 [207.27492896 593.40351287 626.39449134 183.86508565]]","[0.52437522 0.03667497 0.56952034 0.03498648 0.04396086 0.14877921
 0.95871231 0.14357879 0.02018273 0.75085569]",187,2025-03-03T23:24:58.501437
39,0.8367774225873506,"[[451.37342807 100.24753198 703.91833096 623.90405164]
 [657.60884307 756.31957063 555.85568852  54.2541429 ]
 [209.07317589 587.38740203 137.60685646 144.25293313]
 [139.70064759 390.48972616 237.83813541  10.49928971]
 [578.74204873 367.24416068 467.15178765 267.55944468]
 [100.46744808  76.04628339 215.07265587 461.88524818]
 [790.46577877 550.49183881 510.27023273 269.53335677]
 [ 88.44365943 331.31157458 361.76148362  76.85138747]
 [410.75398205 493.9802282  311.93234379 231.98729793]
 [427.99231413 421.02000718 338.15806239 170.23729884]]","[0.99870332 0.3845132  0.90592427 0.17386514 0.80599967 0.10654696
 0.19932092 0.73818953 0.25292669 0.73808198]",188,2025-03-03T23:24:58.508160
33,0.9255393894831694,"[[492.06202783  69.62195865 559.91908579 547.31336703]
 [ 15.73544845 692.52222743 703.61332073 314.15956318]
 [284.32045031 413.81901727 295.07593922 449.89682314]
 [559.36057759 427.94578119 751.69073605 344.61695414]
 [475.60375446 130.01683263 563.70097978 295.52514699]
 [525.29341759 406.78146839 367.44201418 707.93745582]
 [535.9122452  751.98598391 415.75389862 177.49712687]
 [448.83638416 505.40517616 485.41108051 204.31481982]
 [780.26694731 420.74979922 615.47353244 490.21131549]
 [540.9806153  287.65335092 332.12171986  31.11658227]]","[0.51307666 0.77620827 0.78839326 0.14856895 0.04475651 0.52592028
 0.48337282 0.09885959 0.81457995 0.72961441]",189,2025-03-03T23:24:58.514769
44,0.9424687023069309,"[[484.46105953 273.47563895 185.49106394 400.97531469]
 [256.99720178 282.02583027 254.44367232 142.97808166]
 [779.87854752 748.79312611 697.65315509 582.36520073]
 [690.5384399  113.8533427  489.91256625 110.58008793]
 [127.0605259  671.30238018 554.26296359 352.68103981]
 [456.76048954 426.67230165 315.41923054 290.51935415]
 [765.92585982 709.4509136  472.48171714 397.81385661]
 [105.92071294  15.07780096 446.01429874 482.72129503]
 [326.46221663 309.52344874 375.5504163  398.35549176]
 [666.18423467 498.61185007 630.56454494 742.92189052]]","[0.26751096 0.12952701 0.431638   0.54101219 0.85393786 0.56566504
 0.34890438 0.3521566  0.11168023 0.21231583]",190,2025-03-03T23:24:58.521856
15,0.8373480703645323,"[[550.03815096 795.60740044 516.00486915 175.63306933]
 [648.62392484   0.9761467  597.22911902 212.80485791]
 [124.87447781 247.91783096 466.99692386 626.48621897]
 [359.01313163 114.78083679 670.15027145 242.4623657 ]
 [658.99462194 143.95613494  70.44318206 694.5518073 ]
 [758.29295526 284.9321787  645.85324433 779.42239107]
 [624.76271428 695.48852656 169.56135    297.53179623]
 [639.61131533 679.31232042 199.64156583 782.94656628]
 [ 60.41648352 678.90236585 329.81179542 495.12066651]
 [394.82072472  60.26435661 784.12034291 508.77737525]]","[0.06263506 0.85411532 0.87413316 0.90016624 0.97194032 0.48101352
 0.68261512 0.38596749 0.48315243 0.09446348]",191,2025-03-03T23:24:58.528543
47,0.8404216030077487,"[[404.33936074 175.67594926 477.77185325 770.58605759]
 [737.38446078 744.16373228 308.32974214 479.77260053]
 [586.01427661 262.24750574 196.09085761 175.09459482]
 [727.52882219 557.26526149 342.931238   483.83143029]
 [537.28671328 326.16326221 485.72496188 702.19471285]
 [479.17229161 599.3599354  365.64950981 674.01535952]
 [244.86028721 278.5081589   28.31001722 730.32864681]
 [152.62879175 647.61290753 565.56992547 311.99943636]
 [769.67695145 143.87707052 150.28715109 346.52643739]
 [514.80913488 714.98183511 754.98986029 392.60386811]]","[0.15278165 0.09644229 0.4686556  0.73477643 0.48802196 0.00872166
 0.65941779 0.71692402 0.30075518 0.76013291]",192,2025-03-03T23:24:58.535999
17,0.872920532463725,"[[543.39786754 109.34341036 643.31463702 468.12252605]
 [480.5644005  397.0578464  524.97331172 363.7388331 ]
 [452.44040958 742.32159275 756.20906509 510.43097251]
 [796.67729143 648.03796676 140.00794727 296.86873936]
 [672.99072422 205.94041129 133.86931268 708.1549852 ]
 [709.48226809 260.71226931 441.30097248 609.85229161]
 [218.29239057 628.50678053 358.86906903 180.88612314]
 [750.45698197 473.79560717 297.70012641   9.68649786]
 [357.30741721 113.84338391 283.69246553 635.09256156]
 [279.04623267 776.91172572 799.75451838 344.2773706 ]]","[0.28671103 0.42407905 0.31013286 0.91118135 0.07953204 0.13292329
 0.33719202 0.71602284 0.33766442 0.66799891]",193,2025-03-03T23:24:58.542437
31,0.9468838977087042,"[[263.05478992 676.19925036 785.40737467 429.80531324]
 [469.80274545 380.70416917  28.1280668  565.26397052]
 [193.17505708 128.78169539 696.50803916 292.10201984]
 [242.01244418  59.79989971 356.5344641  297.99957602]
 [443.59388946 436.15932911 290.55411602 705.75509282]
 [498.93791691  84.98092153   7.24211736 207.85339172]
 [427.84863079 658.54370281 487.52541845 380.27987626]
 [165.00408326 237.67770197 526.75631619  68.62473791]
 [635.25388719 371.94579115 545.43468784 217.89948758]
 [191.41096637 449.45199941 626.9472757  689.95898607]]","[0.99173593 0.55398786 0.67154177 0.82708428 0.46726779 0.76935308
 0.16645669 0.8017635  0.92476656 0.30660969]",194,2025-03-03T23:24:58.547514
30,0.9280793162206161,"[[477.80238279 541.56837065 741.42591924 264.12821043]
 [610.26218134  50.97337992 264.73889871 636.65792973]
 [288.13416846 750.90851243 238.67624211  96.89307116]
 [546.8317405  204.726162   222.89652368 346.66527402]
 [381.38392296 720.25202639 326.98521449 763.37749044]
 [610.14208313 554.43222685 520.83333845 326.25207901]
 [ 47.56658155 287.45082688  70.75396906 609.42628966]
 [412.27826903 318.01582214 381.03240314  44.84722525]
 [203.8781699  610.09498491 587.03802455 357.11218829]
 [175.01187401 564.64232069 728.81791795 278.55966892]]","[0.44244518 0.22316428 0.41726033 0.39554932 0.05847386 0.44097981
 0.13390537 0.31343576 0.84871334 0.84579896]",195,2025-03-03T23:24:58.553568
35,0.8156083321194296,"[[766.2716201    4.27009231 132.34872681 533.27984831]
 [ 81.57480295 138.86044606 205.11532799 275.66363589]
 [307.35560481 562.66304144 635.1824265  273.00952863]
 [ 71.83230365 453.51544077 536.96032521 341.87788331]
 [627.0085363  478.85034567 163.16276378 203.70739198]
 [423.41668748 321.18818936 467.76525839 468.02557551]
 [  2.23643555 366.19994385 430.35087475 242.05082219]
 [326.38152562 575.58582475 387.44295979 733.82489279]
 [459.62957801 772.81428275 158.50732093 710.31740467]
 [106.451953   696.13407847 231.72508354 194.0320543 ]]","[0.62440452 0.83732208 0.72679923 0.2690815  0.8472864  0.47577788
 0.33278947 0.24739342 0.23587303 0.42337724]",196,2025-03-03T23:24:58.561217
30,0.8495984383420262,"[[494.21026107 617.40480494   0.93383704  68.97083512]
 [ 76.85120775 511.55899561 341.20997662 137.59792501]
 [784.88142174 613.26350973 394.93621034 423.39307049]
 [790.04457342 749.20588655 423.52859931 312.07579877]
 [409.69620519 391.71607704 582.90584154  97.59610042]
 [618.50918158 427.35769255 484.85358014 429.70085742]
 [183.1459667  431.012293   269.25635938  44.89051303]
 [ 19.04976994 521.02101085 506.63950711 136.25682217]
 [797.77182827 650.70407362 465.49815223  35.19852394]
 [542.77409714 102.50798727 371.20126571  61.20957694]]","[0.39065717 0.55129521 0.89116006 0.95294228 0.94498124 0.37217129
 0.38144375 0.02883565 0.5615737  0.86621611]",197,2025-03-03T23:24:58.567870
33,0.8398188964843067,"[[504.65060204  72.7495808  786.7962679  473.37644453]
 [137.0442175  299.40865578 247.04857643 544.84865587]
 [544.82653535 761.14436799 122.00761902 203.63478041]
 [299.58585145 676.64797542  37.14943967 336.52339421]
 [351.0324722  693.8724219  189.91070334 445.09381575]
 [312.87450669 383.1891027  102.10743473 298.3046976 ]
 [  6.76179513 355.25884617   1.91123694 652.75309322]
 [716.30723952  61.47663654 330.86267548 153.31687829]
 [113.65556503 493.48629767 259.15726858  16.27907452]
 [393.31869323 293.29588569 350.24219763   8.77286543]]","[0.54905589 0.97385655 0.00664456 0.52663299 0.97526176 0.51315172
 0.67372913 0.22674905 0.88747536 0.5968715 ]",198,2025-03-03T23:24:58.574393
32,0.802928955500383,"[[682.47102677 521.18584627 717.57305836  34.03571177]
 [271.00102211 474.68497867 348.540644   237.11916521]
 [777.11742881 787.54182467 437.07976943 500.68972292]
 [798.01791948 628.60046866  22.0391088  513.67173518]
 [102.42379073 142.4372729  661.59618532 787.67943527]
 [649.70264956 671.82043444 273.38928872  52.54378758]
 [464.53627609 386.67815581 246.47314007 150.16502377]
 [270.67939473 455.74132172 376.95373387 499.65369566]
 [610.71314253 744.54575044  31.25495782  12.38182874]
 [798.99563752 327.6309119  416.31259398 690.51677457]]","[0.0610975  0.58734733 0.29146635 0.946834   0.28738819 0.34030784
 0.32313007 0.47476329 0.0034136  0.06617461]",199,2025-03-03T23:24:58.580189
26,0.8436049456732396,"[[142.19817917 572.57943175 392.38490404 461.5716697 ]
 [663.22576459 457.30865051 336.08269669 164.11048691]
 [425.3291133  392.66700745 459.48238728 646.79425671]
 [737.17995509 290.72724918 368.83500338  57.89487742]
 [437.91025745  96.07000513 198.72179051 425.11562791]
 [348.15729925 148.35934501 306.29391275 345.23203118]
 [544.4018775  538.22523157 617.45318957 452.22142314]
 [235.47565821  83.75849848  12.48407374 100.14752876]
 [172.00741884  22.23417438 799.0159695  508.26624386]
 [600.36777571 754.97192727 148.09440756 464.60403462]]","[0.11209738 0.60431096 0.60612144 0.57862599 0.77208378 0.54758877
 0.27691807 0.56141236 0.0129852  0.84981692]",200,2025-03-03T23:24:58.587040
43,0.911082066309654,"[[350.90071394 422.48987336 171.47017103 363.12930599]
 [227.28447405 746.3833331  431.33661841 204.53936092]
 [126.48083516 606.13841999 668.41832858 492.54693412]
 [701.93813091 504.08803186 270.32117273 360.72512276]
 [377.78976979  90.46814521 155.28169889  35.92350537]
 [102.27552102 441.97303087 194.51899196 232.06926849]
 [654.30617418 157.58465459 516.44463534 267.49922541]
 [239.55543485 649.32048037 209.0806232  243.69271452]
 [507.63110446 728.25011483 376.64644981 442.52048928]
 [585.67845107  30.75946027 475.24249137 799.17183162]]","[0.95400657 0.65676469 0.65014698 0.23031554 0.01043866 0.08905316
 0.71131103 0.23786259 0.97842164 0.71093391]",201,2025-03-03T23:24:58.592508
11,0.8100531762734761,"[[711.46722883 133.93213555  32.41412911 575.64870367]
 [461.02647258  47.15352376 558.02537601 624.91249123]
 [679.58165417 599.95910308 379.06430689 415.70495911]
 [ 61.71170525 424.29433008 461.10766259 683.85284886]
 [708.66172899  91.61435224 162.87830331 103.49968297]
 [204.68586505 338.0974277  426.4726579  618.85897776]
 [710.17033828 699.81228903 777.12350649 419.51258989]
 [505.87742754  55.44023977  88.27774545 276.64268014]
 [431.90906188 692.62890435 129.83601947 636.58175037]
 [ 67.37559492 557.86496242 456.24517397 650.31557084]]","[0.61790862 0.98267968 0.94585375 0.55829405 0.45935442 0.1281614
 0.57159823 0.70672902 0.19019746 0.55076814]",202,2025-03-03T23:24:58.599838
37,0.8789127745866041,"[[248.59509183 758.47261737 382.6460156  532.98930627]
 [ 63.37365416 440.20148738 226.31529558 706.66383164]
 [575.10077168  53.10398647 739.93143571 294.40332481]
 [626.06063593 373.07784274  28.9238548  729.99892163]
 [130.35321152 741.08659157 643.16060939  38.32110429]
 [419.74604839  30.17550369 310.33983206 703.44626456]
 [619.69604948 209.45737947 282.65397208 111.59293544]
 [631.87815614  67.73033596  43.0583343  649.06595962]
 [752.92336299 798.88044376 380.20863272 405.18155361]
 [264.07337342 382.70582981 494.30830771  87.80127453]]","[0.75700433 0.84144134 0.13809025 0.51305295 0.43056538 0.3421024
 0.95477492 0.03283262 0.30538518 0.8771888 ]",203,2025-03-03T23:24:58.605197
40,0.8717166378977514,"[[240.35151774 210.9563648  776.06868715  17.04928908]
 [797.77857348 118.60490553 192.30960768  84.27736854]
 [277.47946487 757.35932189 763.88340196 750.44399138]
 [557.9917876  229.74196809  59.94892766 702.1884406 ]
 [291.17827524 622.66490602 730.45703759 355.73653774]
 [726.32234412 372.51798798 115.97936525 538.74832746]
 [727.70863301 222.9820299  154.69666463 793.2449122 ]
 [ 57.05447856 326.20414152 589.89018922 206.32066385]
 [718.63988716 365.80840273 361.65199757 204.14806376]
 [434.24030454 752.98443489 669.15221793 546.30111017]]","[0.84748552 0.1575706  0.94766517 0.87886016 0.19969933 0.30033144
 0.72220123 0.49268619 0.83499095 0.73031909]",204,2025-03-03T23:24:58.610875
33,0.813048961917657,"[[ 33.60016229  94.99598564 747.25520296 726.77043775]
 [648.71940107 749.36734009 714.55818737 500.48196465]
 [215.61283246 512.38917083 745.53273557 743.33924089]
 [784.13024753 655.18026555 447.39390505 399.12167745]
 [494.15934836 125.06932253 166.85577096 464.61081307]
 [118.57598608 267.71507501 205.67262848 633.70922717]
 [758.897787   592.70468859 739.12944725 219.60610988]
 [320.44733292 772.29368407 337.05590123 732.741694  ]
 [614.74420563 317.31902126 536.27384796 715.07031068]
 [335.17736108 511.60077278 112.58986006 407.70044799]]","[0.66151493 0.95259669 0.69118861 0.1229994  0.4449578  0.89391429
 0.43534904 0.1411035  0.7063712  0.01205607]",205,2025-03-03T23:24:58.617398
34,0.8084962515355868,"[[ 67.2775229  466.39436555 680.84352595  59.41666245]
 [311.59843668 499.0745301  769.5588466  616.88959432]
 [200.05076887  82.99069728 458.66847813 336.55145682]
 [428.23199572 111.94808579 339.50592748 452.43394777]
 [641.98576364 235.18550047 385.48327516 452.30480839]
 [202.71788907 626.02523213 600.66460105 213.61435693]
 [490.73128175 228.54040377 315.11044596 231.11317868]
 [401.52370404 642.77831213 448.47361329 536.74925083]
 [455.01192559 232.9949011  251.42662044  40.1591885 ]
 [665.66180539 242.07036485 617.59123927 696.23234185]]","[0.49352402 0.85478894 0.78373995 0.57977495 0.19048572 0.08682094
 0.58134589 0.9971421  0.58596624 0.29539534]",206,2025-03-03T23:24:58.623205
23,0.8739113849363591,"[[151.89075405 222.58032496 713.76563285  87.09890938]
 [428.30260855 418.38787158 559.94723724 704.19383757]
 [205.68896523 145.79474759 304.14209719 725.39615637]
 [720.85350758  14.28791941 180.84577346 694.11401964]
 [125.53170844  54.09284085 473.13118088 566.77382381]
 [734.02479304 191.32688343 192.03242911 788.71366863]
 [714.80645805 478.3878778  421.56624134  69.13156767]
 [404.62905701  75.73972539 433.3209373  649.10333087]
 [454.59326624 500.76303065 744.01799817 488.59694122]
 [407.37770832  37.58160331 474.43321161 177.08335067]]","[0.50290501 0.499016   0.36205302 0.56655615 0.3743195  0.28982515
 0.29716853 0.57271901 0.92001281 0.83448984]",207,2025-03-03T23:24:58.628850
49,0.8824453105422095,"[[693.92476005 302.12404926 456.52139006  48.63042755]
 [380.07854386 279.97911022 247.48256513 370.33526354]
 [159.70667041 400.26931423  50.81075788 472.02913505]
 [196.30348339 496.17005999 695.76338662  32.63218656]
 [227.13701361 470.85083598 335.56634971 137.091342  ]
 [312.80031956 303.17745701 540.28304134 587.90960268]
 [257.29155175 785.82822899 610.48127132 128.29764701]
 [292.32865632 409.03162435  82.06095143 334.71792271]
 [443.22704068 279.06227219  96.46223423 206.5549795 ]
 [716.39184283 118.83335963 768.18720559 681.90072727]]","[0.54222892 0.1012547  0.26462276 0.28284607 0.77389553 0.55020233
 0.80922649 0.42005522 0.30895051 0.90872117]",208,2025-03-03T23:24:58.635550
31,0.9013740669264241,"[[330.11496671 552.65685808 596.68522941 603.01419387]
 [636.03449671 799.03776349 136.18258486 733.79672449]
 [792.26010186 606.40039073 503.24377445 456.47088473]
 [213.30050157 208.3606926  169.03935782 622.5713468 ]
 [136.13548414  46.35767488 597.32405165 726.23417307]
 [554.40856527 541.76990299  83.58197157 731.03999285]
 [ 38.84044247 198.29443233  53.69717425 523.7704842 ]
 [283.55288843 140.3705851  766.69127074 707.71304475]
 [196.10455565 210.89469441  43.25695006 726.16252425]
 [424.6499927  319.61854016 718.70457554 263.25095026]]","[0.57065226 0.16826037 0.4590648  0.75425088 0.20001134 0.03355876
 0.63450485 0.50541077 0.20118384 0.11280431]",209,2025-03-03T23:24:58.641175
17,0.8522758174334122,"[[  1.50851361 265.88419694 639.66827319 757.16350225]
 [605.0357366  365.82968721 514.1405195   29.94897938]
 [202.74187429  53.61615745 753.83171015 164.33161544]
 [675.5660347   94.91765192  42.2061421  604.67483762]
 [400.53428873 528.14095658 782.21806296 188.51374056]
 [200.42805295 723.59182152 341.18840697 210.91781031]
 [356.08399846 508.7449675  219.39011019 381.43895321]
 [797.73221051 126.868135   548.83185828 440.86379943]
 [157.7633013  521.76172092  61.03878149 188.14601958]
 [532.82684105  83.06555648 425.84573028   7.49934937]]","[0.98994315 0.187344   0.87669358 0.93190792 0.98578919 0.30052541
 0.38800409 0.5367997  0.92406468 0.13269775]",210,2025-03-03T23:24:58.646380
17,0.910750734071126,"[[636.02382785   3.55162831 123.36249879 527.24839771]
 [258.18085848  99.56996139 600.82553199 537.50480287]
 [714.34369922  20.45360804 465.90448725 132.73554147]
 [772.76674791 171.12504812 727.06172277 488.60852379]
 [369.80841248 764.84158628 176.46033792  78.77391665]
 [431.6522126  231.7199714  611.31795441  51.89423914]
 [ 72.83810623 384.88463292 367.22553069 312.74594471]
 [217.78324605  80.62282493 276.03157503 187.0747629 ]
 [415.90682926 190.51669266 160.55642919 433.46651764]
 [178.53307862 598.18338176 681.485736   546.67948126]]","[0.07389653 0.51585689 0.0401546  0.80635882 0.0821259  0.02653304
 0.25584352 0.10020473 0.63130117 0.45070786]",211,2025-03-03T23:24:58.652775
46,0.8019665752516609,"[[227.5895343  203.76024974 407.03781978 796.24300282]
 [147.3191015  330.2672468   25.39409141 592.73571638]
 [701.56622044 512.65554702 149.97035588 399.1302608 ]
 [195.57799648 548.09848531 455.45757158 742.70919232]
 [508.99217671 791.88729624 345.17923041  34.93209406]
 [582.8735722  691.32933088  93.31366639 765.53883479]
 [717.6397521   55.19793     77.19918115 708.14937462]
 [667.64850707 128.86890386  30.78590282 438.02813257]
 [522.6232025  168.76808273 149.51207874 258.60410433]
 [411.99999239 238.85823346  11.72388404 104.06644041]]","[0.07756236 0.39116858 0.10882563 0.24603385 0.32804948 0.09809409
 0.22266459 0.47207716 0.04933208 0.42383573]",212,2025-03-03T23:24:58.658969
32,0.8636349709945975,"[[141.5749371  218.98312102 681.0670521   97.83892874]
 [590.08314382 456.27150154 123.9804075  678.40919565]
 [592.23248921 469.57289314 404.00344343 292.31289216]
 [753.81187413  88.7625682  481.18563809 453.84568698]
 [150.84265322 595.77115818 148.09130062 740.24874719]
 [231.78904869 783.66360736 378.43738879 413.00994629]
 [521.0512549  437.2211966  247.6397652  295.74674164]
 [653.22604625  23.86905408 705.35895504  87.41524732]
 [722.05028538 323.10039245 561.10398555 395.21750356]
 [228.96530623 635.74978072 114.86511274 449.62913475]]","[0.98613746 0.6609974  0.26900972 0.49763834 0.70577819 0.33903977
 0.42983824 0.95282027 0.09528992 0.73894066]",213,2025-03-03T23:24:58.664989
32,0.8778781372334363,"[[499.40388914 275.58331818  80.32590928 603.66930565]
 [737.65936211 225.07289385  62.92626267 179.12408889]
 [561.31057317 365.3600367  107.7858321  737.75780038]
 [622.60710991  93.11601958 741.54520238 795.62420148]
 [486.14959691 558.15481745 752.8615273   64.68342419]
 [525.34484085 168.46460682 788.80036999 272.61467317]
 [558.04092882 236.97816766 652.05183943 194.68472   ]
 [571.05074929   2.73091155 422.77702929 776.25516666]
 [140.4377675  467.18586745 597.95703243 616.56387001]
 [386.19940583 564.79810203  71.30489847 593.73428279]]","[0.47447121 0.26878339 0.22163635 0.29860025 0.02541466 0.38082297
 0.56661742 0.07318257 0.20092353 0.72255603]",214,2025-03-03T23:24:58.671164
39,0.9249660851925074,"[[351.38403787 738.93539897 317.36427021 465.04089604]
 [575.02956183 503.0833501  773.48296753 708.3386709 ]
 [408.98930041  83.33376592 368.83947667 454.3378808 ]
 [695.20831003 134.82172479 100.24218491 133.56198106]
 [311.82303323 109.1068465  789.84898452  40.58927857]
 [595.7956973   32.86287492  83.67584022 298.54259433]
 [756.30165939 576.45400095 447.53137314 597.75012225]
 [126.152138   533.75690938 782.5606756  527.65892536]
 [247.8769744   17.01969186 103.42081757 488.71624038]
 [451.55335708 149.0150386  403.12365511 739.62385129]]","[0.16233333 0.60810999 0.63149675 0.02856563 0.71475197 0.13565773
 0.53328333 0.22824767 0.99571032 0.13568576]",215,2025-03-03T23:24:58.677768
37,0.8251754506667989,"[[188.62027278 705.49764427 604.63068295 629.93662318]
 [516.34061064 548.77255441 102.10083276 563.24793344]
 [316.03581329 486.79479711 460.44664512 744.03788918]
 [732.70546079 314.32743706 113.50274797 501.08887937]
 [458.95947562 291.82135582 275.23574642 114.84725648]
 [338.04082587 101.56983023 366.25817601 724.15028815]
 [ 90.80675177  77.33978601   3.55999927 426.33453811]
 [ 40.19513777 182.05196718 679.40235328   5.35172397]
 [619.26425802 233.96723537 552.45902462 177.07519585]
 [775.21960751 679.67388476 477.80019533 160.1730922 ]]","[0.8871967  0.65543518 0.23468992 0.19570211 0.04371854 0.80083074
 0.54957354 0.8050563  0.4198712  0.56338991]",216,2025-03-03T23:24:58.683743
37,0.8808975147935496,"[[641.391681    81.48827413 781.39189763 627.83750579]
 [360.1265444   98.53962331 115.18466529 315.60755657]
 [772.61851928 270.13553881 447.80324937 277.28459059]
 [ 20.22563189 308.51554258 587.82655127 643.8756136 ]
 [404.28210965 608.65507804 518.44210138 662.39439972]
 [416.99564444 679.0566242  355.45604823 601.53217019]
 [ 62.68452015 622.42728283 173.83929866 629.48586255]
 [419.27659522 713.57906806 247.13705808 754.48447241]
 [501.14744152 393.82908142 153.06910767 128.34723053]
 [773.20450369 663.67941459 556.79278591 160.40980611]]","[0.256029   0.42344963 0.32067534 0.28963034 0.18720843 0.08721224
 0.03619121 0.18492243 0.17174701 0.24668199]",217,2025-03-03T23:24:58.689843
10,0.8222154435011602,"[[109.41387113 534.21632146 244.10725402 513.13071162]
 [640.87077882 129.95365986 266.35047642 523.95275585]
 [471.38462921 517.00619298 427.86582912 775.80192665]
 [143.27718133  15.29913819 105.3826614  650.62053283]
 [739.86754969 288.33044683 595.31665539 383.79584219]
 [410.63070148 419.73970881 257.21460011 768.96144724]
 [ 62.29710657 710.02666903 559.70933234 465.33986464]
 [515.89610114 488.84177591  79.20920653 655.00547275]
 [339.17246611 535.37010907 594.63780761 607.38703502]
 [607.6762469  130.69770118 460.32866348 693.05030177]]","[0.37622627 0.23418326 0.21453176 0.60864638 0.70014155 0.72878887
 0.78105776 0.15150657 0.75050976 0.28990323]",218,2025-03-03T23:24:58.696311
30,0.8815547970499369,"[[190.73032279 570.93841345 386.68226794 614.17474529]
 [190.93956339 770.53272259 446.26069188 638.98770748]
 [552.16631047 631.53124029  26.99768869 704.03645114]
 [225.30045591 527.03509391   8.4920541  637.24307825]
 [788.5864208  406.59983581 625.23080322 377.63039175]
 [439.54837946 736.99153641 508.79816284 408.12886968]
 [452.55135753 424.18454548 796.09236215  46.49145008]
 [320.03966746 380.55487258 378.11570577 542.23816808]
 [788.48173639 300.74529432 179.36691444 248.99706829]
 [ 39.63548595 684.54131517 457.22269597 537.64092422]]","[0.70213962 0.10418304 0.4442238  0.5783721  0.90082403 0.80807876
 0.29298109 0.83692421 0.66137205 0.8851949 ]",219,2025-03-03T23:24:58.702181
24,0.808518436695256,"[[114.341256   180.46337327 406.77759454 672.66839302]
 [111.66971454 299.15943352 470.10410883 468.13942442]
 [759.47174212  67.60035295  60.35717708 654.88877058]
 [491.69029659  83.61103368 702.05452049 504.94096615]
 [ 46.93519053  26.28025458 306.98693063 343.73166799]
 [493.82354357 721.12801357 327.35550826  36.39495926]
 [300.56673429 293.76089748 482.45575662 116.64779579]
 [ 59.1221926  381.42807191 792.22519354 795.65866182]
 [546.45036152 413.68303645 724.93884068 269.1188146 ]
 [375.40903671 717.88499672 788.66669931 359.02752252]]","[0.16475671 0.04036848 0.42165266 0.30404634 0.99845411 0.52424715
 0.67297063 0.32268262 0.75866663 0.82704659]",220,2025-03-03T23:24:58.709348
16,0.9208514255471572,"[[ 18.43678662  14.76523632  64.08121997 652.49649983]
 [602.53305551 162.29021317 167.46544942 395.80737982]
 [729.74836608 617.93952317 745.71561762 177.44384945]
 [140.3779941  477.14965551 271.88628029 289.57291957]
 [386.53586435 525.40341199 416.14748864 645.68276583]
 [ 47.92754601 442.16083353 423.22533887 754.66720931]
 [ 31.03803778 293.10880656 534.40141497 738.55556029]
 [567.02264146  74.23862602  19.65273416 268.12633419]
 [395.73205167 144.02195055 750.38708011 559.58075878]
 [ 34.93897563 556.80424614 420.40850742 559.95908455]]","[0.01797857 0.16867094 0.02549343 0.26720021 0.8492005  0.19067352
 0.27395387 0.50676661 0.40452161 0.93720111]",221,2025-03-03T23:24:58.715389
42,0.8606035112777294,"[[326.56121744 691.64737109  40.76262771 716.28861649]
 [490.9791795  555.71961018 470.63152984 346.75300092]
 [692.62182712 575.90819046 699.90863856 672.73924985]
 [470.4405848  724.62624782 324.15127282 415.13223873]
 [ 52.71182365  10.0423737  548.92603702 420.34312981]
 [ 35.57219833 310.64910093 425.39179454 445.70371942]
 [348.37791888 627.68873966 151.18074888 195.27331575]
 [520.61631457 222.62329427 139.16109684 418.10084058]
 [625.72485544 229.2577374  735.60073859 138.43544651]
 [764.26820207 438.47293732 470.91995936 537.08273563]]","[0.09443072 0.38645158 0.59470543 0.78974819 0.36406662 0.42757345
 0.09995752 0.28633415 0.06498964 0.97357122]",222,2025-03-03T23:24:58.721747
29,0.8050543919858317,"[[ 74.3193003  470.91773377 179.21449672 144.85512951]
 [ 56.28021168   5.98398097 291.40216735 597.537212  ]
 [492.49555008 171.22594025 347.98288356 349.40313171]
 [764.32393302 371.93622221 780.57999472  45.88064202]
 [ 93.29735945  52.83690511 188.57708835 241.09613618]
 [ 28.48082086 654.70043816 704.11342414 140.79655514]
 [407.8543878   15.15787703 425.81154792 293.02839117]
 [140.64961786 401.22483566 156.50660561  71.76947393]
 [393.76573314 175.14589772 752.98956004 372.75234979]
 [438.85737753 676.04569205 175.38026782 301.76329516]]","[0.94483323 0.43440014 0.48783267 0.54775637 0.53325741 0.66878014
 0.10380462 0.66659041 0.58473919 0.74115304]",223,2025-03-03T23:24:58.728479
40,0.8879629818275055,"[[236.24286565 148.14262446  89.10722433 544.03773248]
 [758.33603567 266.8475799  435.03943679 393.86596906]
 [719.08987753 327.86888896 656.40544162 293.12602292]
 [731.18936281 126.34702726 135.30450941 183.79123082]
 [702.68100853 213.98359267 146.49985323 524.08998542]
 [324.41782321 628.4149859  557.71006432 408.11365146]
 [505.12293313 717.55433542 292.48115033 321.53039481]
 [425.45991442 557.95795455 705.43022287 249.94072764]
 [657.71457617 254.91248373 549.23808432 395.05897883]
 [548.20114089 576.7094518  571.1214529   27.03364424]]","[0.84994598 0.61153137 0.55974772 0.43357384 0.06584342 0.23398218
 0.36574308 0.22006113 0.60136294 0.15370371]",224,2025-03-03T23:24:58.733629
49,0.9145103198278057,"[[452.86504281 702.39497244 735.87554394 723.25727004]
 [365.52813866 169.07750497 704.73788014 137.77736972]
 [401.21130724 610.5854444   50.14445409  34.13543139]
 [621.24129696 549.72824057 702.48428936 230.7386204 ]
 [155.78967702 579.84153519 611.78377794 556.50242248]
 [327.38863214 345.60970084 387.40718342 361.46000821]
 [445.87288407 782.22325442 716.2460673  632.51366255]
 [246.54497541 738.67992092   4.02156879 563.95195701]
 [228.03121798 158.41861379 748.96198246 717.76946901]
 [710.49858179 620.95876631 591.80105676 447.57073013]]","[0.15215705 0.8673196  0.02316045 0.8234586  0.27453371 0.36428456
 0.6672778  0.5553817  0.79190971 0.7288206 ]",225,2025-03-03T23:24:58.739799
13,0.811564970772517,"[[568.98993962 339.12226363  65.52718071 237.05535908]
 [ 65.67420833 650.84226892   1.76350361  26.96569696]
 [715.46126679 535.16638072 417.34662383 301.70559916]
 [405.29150545 754.48217146 705.03112769  72.42568426]
 [485.70957654  69.59679441 735.95245554 593.07165078]
 [154.92191281 393.84635118 317.11410438 237.84284219]
 [425.85829509 369.30159005 124.18455988 179.44833203]
 [373.97545375  22.22486156 348.64956212 479.78811372]
 [ 53.5332859  681.47936581 222.56485819 761.15030618]
 [569.50052138 289.23241414 696.15148649 730.81899135]]","[0.09730991 0.67121305 0.70939004 0.60925048 0.24353943 0.1839998
 0.02750855 0.78465315 0.13982788 0.04838424]",226,2025-03-03T23:24:58.745417
26,0.8323679282858116,"[[695.99235717  74.49770291 542.42524246 712.29151491]
 [255.85861212 688.15013038 353.90494225 306.73124858]
 [185.93163979 184.81828702 751.51610951 726.75758233]
 [191.74822525 359.95886877 474.20057506 509.05798729]
 [246.4588623  643.93324887 353.32350557 194.50406564]
 [ 41.45508888 349.3021023   31.70373648 414.00024653]
 [422.06418506 379.01814791 269.33124202 115.86883115]
 [310.62664039  95.38253597 623.02217226  39.00620903]
 [559.05111857 190.66137435  64.9263448  344.00351164]
 [404.26479787  76.1922092  419.69454579 399.91433775]]","[0.03961752 0.70022584 0.43774452 0.75180431 0.66875622 0.34902751
 0.27175422 0.3266142  0.13801884 0.76359359]",227,2025-03-03T23:24:58.751411
36,0.8725427240823106,"[[336.68062555 288.45322204 211.46796262 515.73670362]
 [104.75286276 693.93872891 329.57082183  99.54587735]
 [688.69982872  67.14516209 324.40134779 591.5567074 ]
 [587.98962893 158.36435099 768.50445829 785.55579803]
 [150.71324789 231.29947798 272.95558651 660.77823352]
 [592.32628535  41.73099748 660.39348332 293.11364543]
 [443.27948039 736.09248364 119.96814024  37.15447824]
 [221.53691638 389.05245175 182.14886403 703.76608812]
 [548.73499325 180.74002661 194.39662213 649.10309134]
 [591.2120088  149.61563075 546.0603513  139.70965895]]","[0.42497273 0.78022103 0.38557299 0.92614576 0.57878646 0.86016917
 0.81357389 0.59587146 0.75214641 0.46073224]",228,2025-03-03T23:24:58.757484
24,0.8017889387311755,"[[181.04566962 769.21693224 697.20713533 130.05846315]
 [ 39.66703098 760.77552359 344.03868291 382.7258679 ]
 [766.0130001  675.26272289 308.11776983 445.88327787]
 [577.32572514 647.60041667 691.39082521 355.74390236]
 [774.62599827 700.44950149 797.04033907 623.4229467 ]
 [643.63144372 201.74848772 210.05055322 439.88178769]
 [761.75770507 119.07309122  84.46592919 678.12856938]
 [540.53196233 381.35663382 618.5068723  648.43229334]
 [438.80641456 381.57452986 479.52097842 610.62059409]
 [369.52404551 624.15838949 701.45726008 589.72680641]]","[0.93116206 0.11041669 0.00298095 0.31524062 0.8581409  0.27273228
 0.64547535 0.60899756 0.02347583 0.0587212 ]",229,2025-03-03T23:24:58.763964
18,0.810387412259786,"[[679.51603729  37.2810897  494.87775993 147.73389997]
 [605.1185702  313.68144563 155.92398699 751.90856365]
 [363.0591434  629.48629557 667.55525741 414.49229945]
 [662.86033052 117.90679581 508.99568768 509.19373286]
 [776.3939153  311.75411748 155.82506316 579.67348093]
 [141.19583898 777.84198589 365.02678298  93.80889706]
 [438.49450384 693.68426328 624.20723716 642.72041495]
 [488.16116873 658.45422283 728.2525658  319.95726842]
 [302.17627606  12.33578365 358.3035921  704.46911909]
 [379.70874718 579.41502628   5.65903362 357.51900689]]","[0.77463519 0.5714682  0.68664304 0.5514318  0.98821131 0.68461495
 0.77197495 0.0612364  0.82634872 0.71493169]",230,2025-03-03T23:24:58.770462
11,0.8388969386971594,"[[735.08996063 578.47676176 638.64365754 654.94913196]
 [ 96.49301989 742.76326194 542.5524481  369.74114517]
 [197.72428477  16.11154632 434.83235304 384.43925423]
 [306.86495059 749.88031692 349.59037243   2.00061361]
 [782.39316413 318.08209935 131.73925831 765.92558114]
 [ 71.69988488 454.74447924 790.17315977   3.35986537]
 [168.64889308 164.77121845  16.66199562 698.58526126]
 [696.08960659 152.34872369 766.58030222 719.98985093]
 [502.78067313 317.8969341   50.35520219 149.04151488]
 [581.84514115 445.73820122  20.28700015 547.36750645]]","[0.9940912  0.42537862 0.32450687 0.38192133 0.05838272 0.17857195
 0.36322307 0.68460418 0.29711163 0.86109018]",231,2025-03-03T23:24:58.777962
27,0.8911046901605189,"[[272.08478742  99.71834698 314.13567705 280.56343929]
 [588.6600952  434.10332797  78.00759637 211.78860197]
 [345.16069879 699.05111561 164.00281898  70.72388785]
 [744.58632513 440.96188897 512.41081659 462.69929254]
 [446.41491494 273.52042529 585.43834579 648.55370794]
 [148.55305099 298.09661974 720.98921347 480.31279334]
 [650.42624543 665.61118581 518.18407769  47.00402467]
 [383.64393679 418.14544707 761.0116924  771.03635613]
 [732.11779453 540.88788721 133.43531634 727.9158057 ]
 [491.82301854 566.66340362 750.80779365 530.50489458]]","[0.63059487 0.70798823 0.82179937 0.31621469 0.92176067 0.29907433
 0.41715748 0.3199306  0.62566904 0.57698504]",232,2025-03-03T23:24:58.784335
46,0.8489247624356243,"[[789.27361334 309.8671817  673.86872971 591.04915845]
 [ 90.85364898 624.47718886 666.48511095 598.25323557]
 [422.61729397  96.57000659   4.90608071 799.62745029]
 [482.57389804 160.08530568 268.96030565  95.41871187]
 [250.01201941 437.69659928  84.1293739  493.20598329]
 [186.97656584 480.6781737  307.84900633 726.88148088]
 [ 99.40861547 524.67976958 592.22765153 500.68107647]
 [196.16725277 549.3754386  152.60419778 727.81071271]
 [598.12722202 102.71568445 379.09791021 202.43848563]
 [ 67.28487767 173.2686482  270.53315994 751.50840059]]","[0.50376783 0.46102338 0.78122575 0.15963992 0.76678065 0.9657043
 0.04376525 0.43951181 0.93004699 0.48527161]",233,2025-03-03T23:24:58.791733
18,0.8106526626160593,"[[712.98620286 438.80590829 417.03964658   8.95776623]
 [493.13238568 427.46234169 618.46375897 174.80525115]
 [327.38060745 727.90668343 235.70640649 364.07195358]
 [275.00758419 445.81978108 529.65193513  63.14628597]
 [731.23386452 167.43880753  53.63319192 225.38931001]
 [251.44483781 284.99554843 335.42540194 163.80952726]
 [647.02690073 166.85520816 649.86257327 766.53386298]
 [505.21595284 510.59421759 119.68996155 111.10546288]
 [307.68562399 652.52110941 760.77821519 309.85147503]
 [173.51543287 662.96643312  87.02024019 113.50880233]]","[0.01501172 0.04073734 0.99221055 0.95476123 0.36245663 0.50223188
 0.05018919 0.22738377 0.02569433 0.11742569]",234,2025-03-03T23:24:58.798234
44,0.8694634981033087,"[[143.30612415 451.78538815  15.35535359  68.51386606]
 [149.7983058  678.32298105 246.98809782  48.00141079]
 [210.89257567 629.98661185  54.18317953 209.92256594]
 [307.73070476 379.42617098  28.5064926  102.44045072]
 [ 86.15485468 379.50765693 370.20284681 722.26151367]
 [231.40872222 479.62810011  33.11374009 774.3733768 ]
 [ 22.21109672 225.19440765 504.50369659 785.06557611]
 [762.91604426 410.94178684 222.73984701 615.82413058]
 [353.61909702 468.35666155 516.47480232  42.88676808]
 [507.32577514 786.28156004 460.74625994 153.45592005]]","[0.03510838 0.72804319 0.07200047 0.6421041  0.08176576 0.89757237
 0.41107122 0.94127041 0.53644687 0.38339692]",235,2025-03-03T23:24:58.804550
48,0.8970562793693629,"[[288.33937756  54.34513006 745.77262577 142.78519305]
 [348.07698494 403.02972123 137.55213366 702.68434403]
 [755.05602721 705.08778316 447.06478315 254.02338977]
 [130.0839419  794.60311237 138.49266715 313.78874007]
 [ 75.57188562 566.84538224 194.78290524 417.46084278]
 [474.85067129 550.1378277  241.8423636  443.35465366]
 [283.19882315 177.09321515  23.33574471 256.80255636]
 [580.56373595  71.96842175 164.57147548 469.01717737]
 [696.75561256  59.37607862 542.53826333  64.82044151]
 [543.13412176 652.74825658   1.02175183 231.46478184]]","[0.3889102  0.50152512 0.18550418 0.14872591 0.38380013 0.14888418
 0.01463845 0.0226374  0.9183906  0.46136231]",236,2025-03-03T23:24:58.810104
12,0.8733637192369365,"[[204.60178747 671.57021947  50.146827   287.01467252]
 [743.04709923 492.30713719 408.61802702 124.12452114]
 [143.17258459 132.64515294  51.03730961 264.30426472]
 [ 24.52104369 169.12610215  68.28546689 659.46376496]
 [785.47814697 664.11924484 225.36418406 161.09375565]
 [347.15631469 196.74100341 257.68073079 375.48374922]
 [362.85935274  14.75850027  76.47901547 708.15799411]
 [285.30573754 728.51670197 222.27949998 608.37541454]
 [483.21807839 253.95968065 237.08802886 328.9667081 ]
 [562.28341567 715.28866178 150.22602854 327.16073912]]","[0.88526004 0.58189049 0.18816522 0.16270976 0.95833715 0.90493025
 0.20440597 0.22839308 0.12731016 0.31779288]",237,2025-03-03T23:24:58.816850
33,0.9254708343854563,"[[524.61685899 548.52981284 710.50294842 466.31610467]
 [681.85580662 421.82780827 377.71682887 122.6895796 ]
 [ 31.17390647  63.84773651   1.12074153 625.29704504]
 [504.46843471 326.67554187 138.07158792 529.01366315]
 [177.38828046 784.54087932 198.2549115  230.4226217 ]
 [115.63000738 409.88238953 203.21884917 748.17076899]
 [651.05903246 409.4867601   76.00072714 357.18073403]
 [308.49605186 519.0573455   30.95170869 514.11545199]
 [638.51079879 154.0939721  184.25879715 661.25786497]
 [706.05286203 516.0791621  387.31763064 714.79152475]]","[0.21617407 0.45112185 0.1692304  0.55521591 0.83178117 0.56919763
 0.92066965 0.15075466 0.22370664 0.00277857]",238,2025-03-03T23:24:58.823203
47,0.8255425704644235,"[[141.12317142 790.90808041 453.23843701  33.34792512]
 [121.93753042 300.45153422 749.59511913 660.98088536]
 [426.58992521 538.2709481  591.73843633 108.81849522]
 [124.98143044 177.26370408  90.37413902 579.83016293]
 [559.30099825 142.10430787 553.12640106   1.45382889]
 [262.12851534 490.20340873 791.45726688   7.57900505]
 [239.29915808  42.14161846 600.87022837 660.96980635]
 [251.0854834   75.81507434 341.54838812 287.76300249]
 [187.15825884 339.03554893   3.41704484 150.56888435]
 [ 95.45639357 220.60029743 520.1314356   52.70655185]]","[0.72385388 0.10205894 0.65606963 0.50345853 0.95198578 0.99477341
 0.57300282 0.22265668 0.53108121 0.6658996 ]",239,2025-03-03T23:24:58.828420
46,0.8206358014919559,"[[696.2013741  519.62619282 594.15271113 533.21344634]
 [727.58312096 135.61375257 203.78222485 315.7192051 ]
 [180.37237168 663.72800658 754.14093503 488.57128683]
 [ 77.06203714 433.74864836 125.4287273  540.4311719 ]
 [315.86307079 404.59064742 764.04099429 495.50921467]
 [ 38.20131269   6.55264899 449.086987   680.21535446]
 [170.93443139 527.566833   639.45864697 442.08336002]
 [190.14264451 133.17081051 476.43934363 784.90308014]
 [255.28160836 753.58619711 589.836181   233.03276315]
 [284.40542243  20.86299128 648.92112504   5.15929208]]","[0.6340675  0.89016531 0.7451141  0.24689227 0.73856539 0.59800539
 0.09883115 0.38164351 0.3836764  0.50741531]",240,2025-03-03T23:24:58.833965
46,0.8508941554072114,"[[659.01054264 761.01991378 441.74619422 247.60282276]
 [646.63842368 537.38483157 161.32063307 391.45652087]
 [614.00243118 406.84184346 378.64899997 632.16455428]
 [302.10314017 267.63894636 540.12884046  88.92843687]
 [508.42701547 410.19457332  12.10984415 696.69616774]
 [166.23470535 503.27913084 297.92368067  90.12562666]
 [797.38650882 371.67676065 561.06563286 270.60025282]
 [127.86326103 381.44405111 121.39006349 186.7092173 ]
 [186.90023048 177.75367562 110.08190402 380.89392601]
 [461.51630523 339.95814031  88.49435841 640.15987697]]","[0.44629507 0.94977788 0.2858982  0.64766079 0.56940451 0.27996996
 0.62192003 0.95778481 0.05472338 0.16570253]",241,2025-03-03T23:24:58.840908
23,0.9128495935760584,"[[707.23574569 420.07226804 706.68130076  36.97746454]
 [598.47048342 634.42520107  63.31521141 330.38609175]
 [ 39.44610345 362.55210429 135.03661047 767.90437006]
 [189.82498711 788.3933003  637.77160539 458.15957887]
 [687.31446569 409.45294131 585.71944551 656.11657731]
 [319.75480567 472.22567536 278.35052141 478.70993497]
 [409.44042836  92.59611155  67.76186478 222.33571172]
 [468.93220667 180.32936254 747.98601157 610.7461065 ]
 [268.95363579 267.20019951 484.57426986 570.38719368]
 [210.80038925 224.30693712 218.25426978 687.96172333]]","[0.21346133 0.49455359 0.7308574  0.76534181 0.77069827 0.87116349
 0.42660253 0.6510136  0.38103615 0.84301005]",242,2025-03-03T23:24:58.847379
35,0.8314751778592304,"[[231.04189171 477.82644428 399.05682395  73.3692875 ]
 [164.44545098 747.99218502 606.18083146 205.17974802]
 [767.02050828 736.85865471 504.57962248 498.0307149 ]
 [433.81126487 421.21734602 205.55051632  71.83113068]
 [188.0447502  545.5629765  249.54300626 261.83119128]
 [ 99.02060013 695.5869197  197.08146364 627.0926091 ]
 [528.72053742 486.86569165 134.49239761 436.89310051]
 [746.64540494 543.93781589 292.42569974 298.13120815]
 [392.47196093 266.11286121 722.98602285 198.78310469]
 [ 36.02303399 333.63440155 797.38643179 141.33657205]]","[0.26448345 0.37340919 0.48286759 0.26454077 0.85728818 0.81726732
 0.07606224 0.38312525 0.11787106 0.21987083]",243,2025-03-03T23:24:58.853114
22,0.8560140893236616,"[[747.5979903  233.01784875 691.19306433   1.41180766]
 [274.1446308  275.73315402 483.20304111 706.08273017]
 [671.06603073 385.0823979  467.99773088 343.45225751]
 [ 31.40922065 355.15405591 660.32540863 251.94597963]
 [570.04077962 415.44464631 780.84751895 287.93114344]
 [513.48514224  12.42981535 535.21585246 700.21362352]
 [715.62037019 375.37705748 141.00586633 677.31737819]
 [741.00884248 415.91061469  60.13632147 466.61254749]
 [456.61701316 773.98671071 331.09144691 240.29830972]
 [683.50194233 219.94213985 683.94230183 230.13895121]]","[0.29983478 0.90137746 0.78705213 0.03409633 0.21373343 0.50498919
 0.22790786 0.02638742 0.03183988 0.99290652]",244,2025-03-03T23:24:58.860034
49,0.834360233002995,"[[552.19833728 589.00189479  24.29762608  32.26032394]
 [783.66058541 452.61005246 529.78665901 375.1138622 ]
 [712.96572916  66.28361089 448.23735978 482.88123098]
 [660.87099961 632.34219371 122.5114408   20.91057285]
 [350.8017262  119.26462159  82.40610471 536.83720916]
 [344.49012308 141.40771835 233.15490781 352.06452417]
 [359.05740688 478.24354357  99.0200858  777.3143368 ]
 [419.9259855  478.86771088 517.05628866  54.56633273]
 [251.19244717  43.15249396 358.32621375 391.08247463]
 [494.09787065  39.58968231 196.22135834 304.82385875]]","[0.94743397 0.39014115 0.36996183 0.9281968  0.34653487 0.58344798
 0.44418925 0.22958057 0.47239575 0.91706186]",245,2025-03-03T23:24:58.866080
38,0.8388297288487861,"[[425.82549055   4.0295142  162.71589595 388.4704752 ]
 [487.70630208  50.51429349 139.0188332  353.55388146]
 [ 34.7057516  734.08614447 163.47085271 396.16596588]
 [632.33079488   1.96838246 636.30433318   4.05773632]
 [327.88837451 480.03426619 758.56507551 167.7134221 ]
 [265.44568639 733.99166925  42.62652375 424.50567615]
 [126.73296545 654.51806053 467.39361725 235.61971099]
 [789.40330505  96.09222204 711.31308459 156.02180833]
 [265.78610691 713.31641699 784.16122881   2.00927835]
 [653.1315822  148.14630568 635.72122649 133.24292414]]","[0.40196176 0.49344912 0.53486643 0.39568951 0.32179863 0.32880844
 0.17672342 0.58190392 0.61014604 0.87157375]",246,2025-03-03T23:24:58.872411
15,0.8289596051045725,"[[119.53445093 798.5699901  429.95220204 473.66795875]
 [510.92183565  29.07910534 446.74700106 489.21468083]
 [526.36730331 528.0031808  162.1595558  640.48749951]
 [534.48480943 773.26123002 716.97046556   2.36552565]
 [430.76509802 561.80661186 203.64101463 618.02240297]
 [200.25870519 635.88083483  64.43814837 530.13967324]
 [365.01763874 340.84396232  40.61029394  91.74712786]
 [435.21238426 340.13585596 248.18062047  81.7446171 ]
 [228.36063049  88.05877416 279.17671049 590.85710497]
 [654.46605433 113.63040963 222.94588786 680.36165223]]","[0.54988518 0.45883501 0.40385545 0.33581456 0.47150636 0.32389297
 0.42385157 0.68777968 0.6969196  0.0140474 ]",247,2025-03-03T23:24:58.880478
44,0.8535559758573146,"[[127.1941693  163.54055118 381.31320735 347.71719352]
 [358.11633537 254.34919498 417.11775883 186.11718435]
 [337.53828843 603.01734759 714.79631029 767.47144614]
 [427.44320835 736.91213482  21.61612192 200.36906242]
 [306.47760978 180.24721117 397.40225935 404.19601631]
 [160.33517072 538.57853762  57.59414714 289.18984666]
 [310.5224935  618.43378224 340.08317241  31.43410645]
 [225.38870209 428.88306884 698.37520626 131.45325471]
 [ 60.80239284 764.18825927 403.42055054 448.31730601]
 [335.72762697  79.80888132 650.01290125 756.93162157]]","[0.72772091 0.77871282 0.8014727  0.74504139 0.17364614 0.88189914
 0.90918066 0.76841778 0.75002946 0.66318188]",248,2025-03-03T23:24:58.887037
26,0.8737718330097455,"[[385.74206886 785.79375982 116.46444391 437.96605783]
 [278.09495848 479.52832226   6.07116834 454.36768541]
 [778.19472635 503.16983366 546.0779999  268.13872437]
 [598.59876539 545.00761229 535.42158646  96.13535272]
 [292.48133659 621.9206725  434.0230103   58.62448715]
 [ 23.61729263  93.71978989 618.96987061 555.59921654]
 [138.54799062 422.20601127 108.79188774 430.80560305]
 [722.81366022 726.43951638 463.89709325 608.74767099]
 [  7.04879955 567.17771127  81.69249237  52.81854105]
 [420.0333293  653.80761163 415.90178142 492.48406587]]","[0.19457958 0.55095994 0.66728046 0.82266321 0.09318157 0.49783632
 0.7149439  0.63161898 0.95589427 0.58655411]",249,2025-03-03T23:24:58.894664
15,0.9180426585026273,"[[150.30063766 457.22066037 553.15720775 496.9855586 ]
 [398.76036857 596.08242148 426.53563869 699.32089139]
 [751.63305277 544.28858595 607.04007499 742.3711492 ]
 [ 40.20540454  25.85762748 371.73822717  48.73994158]
 [440.2685126  348.62101688 207.32026036 358.87085322]
 [762.73719008 488.47219484 424.83138016 718.10533351]
 [132.67404733 432.79144019 532.08892401 529.70170697]
 [393.20757674 594.82284558 478.04372513 335.525339  ]
 [174.69786319 351.3166771  150.11490843 530.16876   ]
 [742.42679666 748.46237019 104.29834975 232.0960396 ]]","[0.4607662  0.37525098 0.6721546  0.23143412 0.80358602 0.65936735
 0.23112168 0.73506572 0.50386947 0.36476166]",250,2025-03-03T23:24:58.901669
20,0.8109988265109701,"[[238.26544495 266.53899112 483.40858168 312.77680667]
 [211.08629664 210.93975061 660.38764055 768.02412085]
 [359.76589854 322.46179753 507.00955316   6.74283138]
 [421.36661016 482.82821299 342.00275131 794.52128991]
 [563.4993682  548.7327248  506.0448479  346.86862852]
 [268.58059428 571.3885649  234.29047709  30.08501191]
 [152.048461   548.42677416 780.84464499  76.20079279]
 [112.19581646 255.84680905 330.86117304 699.73423003]
 [259.93857003 706.20777111 239.78994082 647.78592922]
 [ 98.5977752  738.9064586  605.03278415 700.15373752]]","[0.45185456 0.01454932 0.75443554 0.30065667 0.28501203 0.99915244
 0.89372637 0.2491784  0.54002407 0.0338228 ]",251,2025-03-03T23:24:58.908314
38,0.8730254517383444,"[[227.46639358 587.34630143 581.23776479 372.54312747]
 [268.05131257 785.14759508  52.98906909 352.31451311]
 [380.27872544 249.10146545 564.33121842 546.51199472]
 [485.86410772  13.48521987 426.29844342 655.54225281]
 [154.44303046 401.28536218 478.7759048  279.97744757]
 [236.16889583 436.23296569 752.63711747 685.26940294]
 [359.44309167 500.32617821   5.60879358 215.516173  ]
 [741.40018728 327.89612741 135.76997255 512.26581195]
 [422.78863137 449.87238271 317.95774594 733.64110985]
 [624.14331104 584.68425237 783.44232836 395.596133  ]]","[0.17685193 0.07365953 0.36236439 0.66800802 0.5485655  0.98264834
 0.88133875 0.19720621 0.63796316 0.77694269]",252,2025-03-03T23:24:58.914929
18,0.8816966533189473,"[[796.24970594 379.50236056 145.80545073  96.81700844]
 [552.39852238 262.95102982  17.88173548 478.64617761]
 [242.7913001  569.78547205 164.86368114 544.57160514]
 [755.5177768   36.14231114 623.61695672  97.06769389]
 [438.09246078 491.74325099 433.72808888 545.83649229]
 [660.11978944 758.81367375 129.68715414 497.27019594]
 [363.75798105   8.63258989 370.63989075 135.5967296 ]
 [100.72857284 413.22293582 454.4147164   62.29945938]
 [435.45716509 305.51038874 144.08376675 368.00962601]
 [191.29879592 792.69030168 440.22036445 377.58602413]]","[0.32264901 0.61514281 0.53334434 0.0755957  0.48261176 0.25381757
 0.30884306 0.26902036 0.38562983 0.90055656]",253,2025-03-03T23:24:58.921807
35,0.8325448879700019,"[[673.56350849 308.82509859 579.57708485 542.95444435]
 [678.95517264 246.60282844 221.84910398 463.85839912]
 [ 77.0950258  684.62023308 548.03959369 528.69273748]
 [103.94916789  71.85189219 775.2486124  719.37873195]
 [343.42501738 669.92872882 219.44316783 296.43573517]
 [331.84171143  68.26984295  99.3741357  463.65230158]
 [470.52409344 466.09486318 381.57491933 601.29607643]
 [482.33455919 692.07807381   5.59942573 168.81572454]
 [285.33918734 302.31593759 257.99035251 734.81538814]
 [452.14000799 198.03187798 502.56366916 640.44754202]]","[0.95311166 0.34104292 0.13730727 0.65143682 0.27225726 0.79501055
 0.33669067 0.01463477 0.6802204  0.3367782 ]",254,2025-03-03T23:24:58.927812
39,0.8234346146822408,"[[187.43265634 473.11954608  63.19022136 199.04265363]
 [686.74835271 564.20291122 251.30353535 475.35493032]
 [748.48421565 793.72525326 550.05781244 257.05794974]
 [633.72559562 403.73047564 684.65712276   1.53321811]
 [778.17254443 573.36060976 119.82468657 493.08079944]
 [126.23838477 238.69065713 267.77376036 210.38978955]
 [798.11694824 787.04740416 599.35290642 358.58062359]
 [275.18213991 217.33559797 255.36396502 177.00102081]
 [770.5569352  725.34142488 284.69649825 553.55860224]
 [514.74156335 239.48247406 493.30903054 338.20533823]]","[0.11415946 0.90818961 0.73027364 0.19409726 0.51676002 0.6162852
 0.38532085 0.63777634 0.76074201 0.26204886]",255,2025-03-03T23:24:58.934146
22,0.8059850698430155,"[[315.97316467 117.16141195 448.05689703  25.65358338]
 [624.07300543 619.7739574  754.93103042 615.74202987]
 [778.36864429 348.82131864 322.35376125 223.77181004]
 [303.98768574 360.12123421 357.05781693 689.35386106]
 [ 20.77637476 751.9966723  234.03414441 299.9589239 ]
 [643.92607751 223.17679608 477.5776318  585.99256218]
 [521.45286849 727.23314678 435.73105228 618.19172757]
 [604.40659207 343.97826857 468.01601614 525.22670741]
 [452.27344733 698.47585553 744.12877599 388.50567165]
 [721.84280611 143.00679843 441.81019938 444.58754854]]","[0.32204806 0.24206398 0.44203827 0.68365692 0.21604854 0.60450949
 0.91318983 0.87874553 0.08767219 0.14943679]",256,2025-03-03T23:24:58.941441
13,0.9402583398706656,"[[323.77714131 220.63393475 365.55533988 454.35829004]
 [752.34107078 434.6136388   34.6525479  121.3726557 ]
 [466.42865157 210.95447138 228.769022   640.80829887]
 [212.80450318 185.25101048 637.67969807 705.53339675]
 [265.64652528 431.47689392 411.24313266 517.19076469]
 [441.45015129 439.13192423 341.74051028 618.05881107]
 [270.0203158  377.00401617 628.39101148 770.83435292]
 [604.08992331 561.75253233 724.57110711  39.46303662]
 [538.17934124 651.89860701 112.34318336 102.5370013 ]
 [ 64.04095398 359.28192502 749.73966175 496.49639281]]","[0.22999967 0.72503737 0.0836442  0.12597361 0.28073421 0.33582535
 0.63597447 0.17605307 0.37182021 0.06196627]",257,2025-03-03T23:24:58.947565
47,0.8395992511832425,"[[ 30.82300997 617.67452208 565.38291473  15.39062878]
 [ 39.1877661  724.06497739 382.11817128 714.33579975]
 [501.81460441 220.87526942 213.6951437  313.98625935]
 [ 86.83185035 709.97149135 646.8127452  624.68824329]
 [685.56985556 519.82273665 715.24135676 452.46377446]
 [164.98144548 121.95507656 462.19733725  30.74537026]
 [690.7805604  233.03633567  54.62785298 539.39140018]
 [ 81.41155437 438.8668593  534.80002836 334.55693108]
 [602.80554174 407.91527247 782.11833764 401.37094423]
 [730.81479726 661.83736776 169.75326711 432.52663031]]","[0.77370441 0.34732239 0.36749569 0.56860391 0.35695331 0.73745395
 0.4875622  0.4485977  0.86497297 0.77034992]",258,2025-03-03T23:24:58.954122
47,0.9418689890014387,"[[  9.99011735 635.8024496  554.78637174  95.78763779]
 [155.00920796 769.18419689 454.27512904 689.557114  ]
 [236.210268    98.83853197 155.51051825 699.52980869]
 [231.50212608 642.97651865 508.08218187 575.14983421]
 [ 18.98146628 443.44131992  77.29375385 705.78743247]
 [615.32839586 292.75869607  72.1216133  317.29202056]
 [460.59043468 706.14102208 108.17122148 432.93034894]
 [239.75310148 189.98352167 129.96222733  17.22741238]
 [465.54082431 574.99672749 553.14306831 532.26478612]
 [358.9626053  547.46015346 159.44250426 706.18633015]]","[0.66486762 0.66041713 0.40932214 0.10805971 0.62082489 0.90688373
 0.6707488  0.58268103 0.575376   0.80529587]",259,2025-03-03T23:24:58.961345
41,0.9363734107847193,"[[410.80249356 407.33467705 292.98620523 500.25151663]
 [400.30409186 665.86138659 621.6785678  634.11327948]
 [288.59851022 321.43678614  35.30568057 338.58872938]
 [ 56.44493888 756.20886339 147.18877162 651.90051473]
 [ 30.68107644 715.0893149  289.81349356 782.92605999]
 [302.50693723 398.54795698 174.0334177  601.50348956]
 [243.15653814 738.53007693 377.25018557 762.54927841]
 [459.70699374 599.37489479  67.85811439 582.78864639]
 [ 57.72852686 382.65503763 358.06257734 516.03006792]
 [ 27.10651193 604.45806207 659.652788   462.47520513]]","[0.14312144 0.51839216 0.68632743 0.48352317 0.21871862 0.3628467
 0.39567045 0.88492143 0.52201897 0.30243139]",260,2025-03-03T23:24:58.967626
30,0.8658355870294197,"[[419.76965904 295.86171358 532.33925809  20.98396864]
 [409.87793121 497.62653874 290.80116299 441.33377567]
 [ 72.42050294 472.45538    485.63070137 557.87691384]
 [330.2251799  133.03583526 543.77473761 123.25321362]
 [662.51894838 149.84112386 409.27128408 139.93078207]
 [541.45111401 169.69724506 231.51682757 304.71499966]
 [596.32819552 371.53467896 428.75732987   7.23222433]
 [689.48149024 272.53796872 511.40920381 199.18279569]
 [527.49233077 108.5762643  391.93901846 251.11043176]
 [ 22.91793115 619.36697727 548.16304746 432.85924386]]","[0.89282764 0.62459121 0.28557732 0.60833083 0.57617811 0.86101599
 0.49953852 0.57963052 0.69481105 0.52721096]",261,2025-03-03T23:24:58.973775
44,0.8572564561533118,"[[130.6757529  405.42940388  36.95165622 624.00543631]
 [ 17.73993144 713.45235622 526.23431808 143.90482464]
 [351.80594754 430.72736303  80.94799765 441.95505381]
 [762.59308266 338.58169948  27.50058223 177.71593792]
 [733.98910582 489.9600133  114.78233415  43.75038791]
 [450.09574762  46.74854917 295.7395224  249.32857265]
 [110.59486987 470.00534085 481.07835406 140.30257099]
 [685.35132442 716.58973478 326.8586753   57.58586048]
 [309.43131787 643.93965073  45.21560585 211.14781665]
 [633.90186036 372.11148906 750.98035384 692.66101753]]","[0.73769465 0.01664709 0.70048229 0.45418973 0.5322958  0.35474381
 0.6020662  0.29846817 0.40438499 0.6652303 ]",262,2025-03-03T23:24:58.980023
12,0.8778526288251335,"[[467.06064037 151.69058475 538.82192729 653.73424158]
 [443.94401659 736.60683988 797.88836104 300.93943868]
 [781.1131798  139.92944761 730.87750011 526.04251789]
 [582.04451841 266.37641621 486.84289151 693.24760709]
 [465.735951   407.01704624 255.18849867 529.79414285]
 [ 49.81232788 124.06525962 210.76900701 599.96552481]
 [668.98594708 308.06404959  47.17575804 333.78236785]
 [668.8109221   99.57598717 262.99578404 524.32812531]
 [767.1331036  397.9527204  215.89313945 260.57201501]
 [791.44561152 411.61772229 444.68016548 427.36092501]]","[0.99108391 0.66933115 0.63053283 0.04692733 0.43961379 0.28449172
 0.27726102 0.26301895 0.41597411 0.46145327]",263,2025-03-03T23:24:58.986794
26,0.8739015241356057,"[[ 52.51250129 308.90127045 313.52995492 379.26296587]
 [277.512535   676.89364408 452.1103305  549.5433636 ]
 [350.56757922 448.96340117 566.93374703 276.4382005 ]
 [179.70247915 105.98475721 449.38143353 743.68116914]
 [652.63579041 158.39361322 230.47658847 423.85731547]
 [ 61.73488646 771.8556405   34.04920101 205.49071319]
 [104.58873909  79.30660352 485.49112857 313.59751236]
 [527.30830468 287.98936557 730.42182191 584.29177748]
 [337.93898544 680.16954224 456.03767768 105.88486246]
 [ 65.435196     3.43782259 163.41143844 137.57164889]]","[0.37539704 0.06179391 0.41069708 0.27504498 0.52724203 0.87374802
 0.24380042 0.14974167 0.35736357 0.59879162]",264,2025-03-03T23:24:58.993287
46,0.821948279836315,"[[124.98872943 224.25651966 363.55622248 691.18565013]
 [544.67379691 561.16789657  58.42070738  16.41108888]
 [ 56.18954677  95.45795092 652.28242068 319.97728119]
 [567.84943886 744.50847001 249.53616481 193.81490937]
 [141.3418571  130.29130774 244.35815691 442.97038532]
 [ 84.18762239 362.59552161 238.8261264  788.68694459]
 [360.06623843 517.09080183 167.79742151 582.23596479]
 [607.35321965 529.8960197  238.72595109 214.16391712]
 [300.20181765 466.52781483 469.81923128  59.60078834]
 [ 31.49450543 321.06455667 574.76660685   3.88345675]]","[0.40907874 0.66211057 0.9739034  0.14317233 0.12784071 0.24312661
 0.70928646 0.29370923 0.45473186 0.95388058]",265,2025-03-03T23:24:58.999258
26,0.8752631967090474,"[[662.41659586 653.44874941 464.64517249 795.95826689]
 [419.5119294  700.37713235 208.63444503 254.63563623]
 [405.68527554 618.79770575 244.12378438 482.86970939]
 [271.57039336 543.0545993  328.91862134 462.35500186]
 [175.79266763 297.87812612 153.08902655 770.87033094]
 [276.11527429 460.48944175 687.00442885 348.51716632]
 [661.5876894   17.66821642  88.9935607  344.46612187]
 [211.63966122  97.88678565 411.49387826 712.96166747]
 [551.57592027 183.58944532 455.88006557 494.79242685]
 [712.54267484 223.06525373 137.39819904 464.05566196]]","[0.2283388  0.1192999  0.30891658 0.43742754 0.78073473 0.24723103
 0.57128814 0.457129   0.10045073 0.50162844]",266,2025-03-03T23:24:59.005842
18,0.8248068873375004,"[[194.14361069 318.41225373 254.85216858 764.8836241 ]
 [123.18551153 289.90642476 741.09041419  74.66369528]
 [107.30572502 611.52261802 429.9529265  479.06967233]
 [115.97885857 195.10851569 652.72040659 476.48863673]
 [417.37866111 657.06153202 707.045265   193.13647048]
 [476.94620892  23.88132335 187.87411112 796.35158526]
 [157.78905584 428.03184393 338.65432926 687.15855838]
 [118.23471875 750.60669496 383.3904438  734.97978164]
 [194.31232468 521.40135026 559.3811972  702.03725776]
 [775.79704356 711.70314266 566.20224621 200.12656444]]","[0.5561465  0.63819379 0.94162029 0.12079866 0.99860211 0.0550042
 0.65037394 0.07109132 0.72974383 0.90959049]",267,2025-03-03T23:24:59.012234
44,0.8235887500958314,"[[798.57579983 661.94327904 665.61797802 727.70719803]
 [398.71940764 581.34150549 737.89181305 237.78474877]
 [649.67482063 108.77216647 207.57825199 620.95580381]
 [746.88182915 791.43796376 488.12408875  12.57339432]
 [249.53375468 440.05586065 159.46799763 168.58991366]
 [454.33395065 721.25626307 222.28239039 584.7290407 ]
 [429.20762434 269.2502203  633.86541056  57.16582349]
 [459.66133986 247.99486738 527.1788468  629.19035791]
 [610.12198115 553.87120124 120.03161224  60.91028867]
 [ 99.93490227 178.59810972 121.56343519 335.59728885]]","[0.84313249 0.58189486 0.39113352 0.05377583 0.18538911 0.84633401
 0.42631414 0.91265718 0.94194173 0.40634692]",268,2025-03-03T23:24:59.017505
34,0.8885372021391329,"[[314.56399664 684.08138465 578.86110101 757.18737452]
 [781.24976668 607.96039641 579.76681327 544.60665441]
 [797.67311022 798.27973104 577.28522361 716.5510233 ]
 [667.32573518 546.63344829 527.5963409  567.79543707]
 [  7.94778112 180.45599635 591.39775968 766.95555438]
 [278.68457479 144.68400114 656.39252831 655.13479907]
 [236.74193077 423.76823898 528.19120911 484.64770971]
 [356.25176984 396.17613817 728.11095276 401.09354259]
 [411.68280202 229.72098714 708.6525102  614.32251791]
 [753.28526371 336.48282181 317.03922041 546.96186379]]","[0.58595333 0.44585538 0.57138653 0.78996554 0.49056336 0.15690383
 0.61334853 0.72684176 0.82886481 0.73152109]",269,2025-03-03T23:24:59.024912
25,0.8905588750183291,"[[190.96584095 439.1067475  674.69783686 333.045631  ]
 [152.89114348 121.59579975 268.93345018 592.96370606]
 [569.79142065 713.6066768  498.14347673 319.93103067]
 [796.55147219 265.59881349 238.5626161  361.11945338]
 [612.93862805 401.34921074 221.68097361 733.76716123]
 [170.24021384 118.30768805 153.68178399 124.95409188]
 [226.01620574 783.71562852 686.87669206 115.10349439]
 [561.41745105 110.11722203 379.06574813 522.32471369]
 [722.89979324 122.4449513  428.89174762 247.74512088]
 [147.83200912 144.78992077 426.18618382 325.77141219]]","[0.95917102 0.70032558 0.33570667 0.76806784 0.08143677 0.1762703
 0.31984566 0.06901131 0.6051194  0.12281972]",270,2025-03-03T23:24:59.030913
39,0.921492686019415,"[[643.95450027 480.86889052 716.43336728 206.24066276]
 [521.83127036   3.36153409 459.88824594 276.61928489]
 [609.94270295 116.61872724 269.32409762 336.34466689]
 [613.6996606  739.41194422 596.44976997  62.50895945]
 [231.65694811 584.29354674  31.06136797 654.10642818]
 [327.8971954  578.65437565  21.02617519 701.13476841]
 [560.68975673 346.58075605 114.4621434  657.94703618]
 [ 62.06917811 678.82456173 101.32538205 465.70663482]
 [209.69328651 415.70604055 525.73068526 315.94305764]
 [596.42755719 778.5293667   39.43229692 332.58151792]]","[0.70247273 0.71411844 0.9544628  0.80608844 0.09796517 0.47947322
 0.42322281 0.58420585 0.5902935  0.90319556]",271,2025-03-03T23:24:59.038482
29,0.8490828148393413,"[[796.39830401 595.45354384 416.33717268 464.03909631]
 [749.37137211 210.44337563 494.44648973 205.26182745]
 [284.39622548 218.14724102 190.89951284 695.75365685]
 [414.70703104 768.47458575 706.72829617 244.66127057]
 [285.13989843 523.4958787  258.95296812 523.26169361]
 [ 36.84509578 696.54640561 590.04004305 410.77585466]
 [349.73317711 485.09514638 497.41247165 407.00292757]
 [699.62672236  76.30854096 665.34627904 340.96263468]
 [193.27121366 139.87671217  38.06240847  62.42735797]
 [383.27796149 521.86411234 675.04641542 786.76236386]]","[0.09154753 0.05456364 0.14110728 0.06392092 0.35701855 0.69409631
 0.19181348 0.08077574 0.84390302 0.32507375]",272,2025-03-03T23:24:59.045055
33,0.8667480848278114,"[[ 76.65941662 311.36242961 299.6470082  399.97875917]
 [380.22785065 308.11470139 754.24835398 124.59132544]
 [691.84385167  42.32671063 741.97002008 445.98577971]
 [666.67609729 372.13509751  52.73252004 182.07883018]
 [643.73615302 622.30774938 636.05830294 719.40083412]
 [534.58548739  13.43862416 116.00645494 241.89163691]
 [218.73749196  30.87985667 585.72950366  81.15299757]
 [112.84711684 683.15175759 490.59801103  37.44679959]
 [395.70026122 658.56439416 128.72737076 159.5521232 ]
 [640.03603235 477.48263663 406.212673   466.57370833]]","[0.30300521 0.97650169 0.65593346 0.92924636 0.12866301 0.55173031
 0.82010224 0.65343816 0.87519689 0.4309788 ]",273,2025-03-03T23:24:59.051757
32,0.9419576813655761,"[[101.62715594 732.08323808 475.81831316 160.21297627]
 [475.17405426 708.55168588 539.36978575 761.59293647]
 [413.22903433 560.12374099 682.11887399 161.62430637]
 [268.60789057 248.5391894  763.57225017 100.69515424]
 [586.37338921 189.26380165 319.63728429 101.45123147]
 [480.29275768 706.19201214 554.12527287 225.60699065]
 [745.94978573 105.76596207 727.13946824  69.68256988]
 [639.42391512 627.51993339 201.13073024 694.97755465]
 [620.10207364 684.32282175 511.47642612 350.57417702]
 [291.78155779 202.67267548 210.12075794 213.84619482]]","[0.9352229  0.42595559 0.78757962 0.33606311 0.92164948 0.34432969
 0.13914022 0.22163222 0.76793435 0.59997724]",274,2025-03-03T23:24:59.058516
29,0.8745170501773705,"[[533.44977795 214.25606411 719.29551778  88.96910473]
 [568.65403483 122.59277886 425.84576203 150.26553763]
 [398.26959392 498.46760214 592.58257325 724.09440522]
 [262.45656551 316.01606733 384.65401539 116.41166173]
 [759.30705546 560.71171813 481.14416901 127.482523  ]
 [  7.13750967 332.00627375  56.67003021 777.22089492]
 [725.94415217 494.87099081 767.63962035 726.12895459]
 [579.56792506 647.447703   646.38609794 101.22351292]
 [574.32619911 350.22855581 569.20483879 537.53468341]
 [225.87042151 244.47439383 620.7010127  777.65958616]]","[0.08860753 0.53367545 0.74569642 0.10699725 0.70100957 0.61811276
 0.91344706 0.85066117 0.25684063 0.7296626 ]",275,2025-03-03T23:24:59.064818
24,0.8283910518834121,"[[327.28089718  61.41874201 228.66715788 598.34807817]
 [373.65130839 466.56969874 701.80114962 118.89235103]
 [436.92917388 564.62019561 495.2331615   29.95776415]
 [397.45196846  15.47872591 117.62466241 370.21392412]
 [586.83669048 438.61994213 759.60563806 130.9749153 ]
 [112.96257014 110.05763894 306.07908198 573.16706309]
 [536.04272985 527.9754182  102.35882277 576.89265032]
 [757.32547121 429.71670564 747.6185047  296.38321044]
 [405.34639595 336.03425254 692.41045528 387.45673062]
 [397.39143172 591.23908674 422.72286095 271.05476189]]","[0.11251004 0.88486232 0.88660091 0.30657547 0.5311677  0.76160904
 0.34309834 0.31705416 0.10695269 0.57973937]",276,2025-03-03T23:24:59.071788
48,0.9147127132702368,"[[692.79073948 394.10049603 154.00496844 431.99194075]
 [371.13393779 496.44534163 352.16018236 329.60097473]
 [433.63152966 250.81850735 505.42213184 142.56830447]
 [334.62111723 533.92669441 267.57228099 386.53743951]
 [471.72257764 725.19925159 430.31495426 736.6561678 ]
 [455.2268356  442.71733949 798.45972348  81.18226317]
 [596.37792567 720.50118058 609.64415234 676.51022472]
 [219.42045905 798.97787085 529.51018009 190.72400464]
 [487.54418121 697.6744933  387.81299526 435.88955381]
 [671.24459075 264.81960148 760.90559644 586.95351574]]","[0.11515084 0.67154039 0.9599084  0.03905656 0.04006884 0.5944193
 0.89795792 0.59219423 0.17481515 0.82786941]",277,2025-03-03T23:24:59.078066
44,0.8062948284349033,"[[598.76182069 472.21684101 190.9175812  634.07562945]
 [304.80802318 266.40937704 724.33967664 334.27438385]
 [249.15958078 250.90964132  39.83823397 100.62184982]
 [160.94391122 116.91889297   7.46806699 407.61146281]
 [377.00441321 589.20122358 404.2418946  207.01660798]
 [644.18586863 657.5676055  256.63084757 400.38624402]
 [ 77.69013849 758.63738631  75.04409762 258.75088435]
 [ 48.30141684 238.45777284 420.7692497  404.19870075]
 [595.34866332 179.14981341 498.16419599 626.24737901]
 [364.23254843 419.20095906 668.35235795 527.96416694]]","[0.01637301 0.38046872 0.46448586 0.6711142  0.8883864  0.96443748
 0.16490963 0.02541233 0.53967144 0.66022084]",278,2025-03-03T23:24:59.084546
37,0.8736053255812124,"[[ 79.73335726 497.46105205 561.61891338 713.53092492]
 [341.43734353 199.26326227  68.10806675  36.02715533]
 [313.09810044 389.90721196 484.18384832 594.93495244]
 [511.0771223  684.40600471 743.79913605 345.09368049]
 [521.86766687 129.72362989 188.63324202 787.47758659]
 [107.69515516 711.11083846 460.38698648 677.60139471]
 [399.63633214 731.69083132 372.59413638 311.27411208]
 [316.10465559 142.64052312 225.29387435 584.30778995]
 [457.0230979  126.63607253 252.62893183  80.55234574]
 [697.60711356 361.67397509 538.01541494 548.87960641]]","[0.72790873 0.39828242 0.6386399  0.56584026 0.23757744 0.32517027
 0.13009763 0.65838771 0.95280978 0.26540797]",279,2025-03-03T23:24:59.091542
23,0.91663874709575,"[[632.4061639  110.67521458 504.16234782 570.59412856]
 [379.43921811 322.18967623  25.20582343 792.30174244]
 [521.058698   344.21276114 544.73525886 570.23928122]
 [211.60209309 130.60880452 197.30111796 172.04754007]
 [714.5342015  749.28014537  65.2371131  233.90426557]
 [131.42639676  71.11180777  33.99863297 182.06011075]
 [658.94938412  62.18635564  35.04498824 575.8261706 ]
 [115.82242804 135.11211183  11.40181087 501.90683561]
 [494.5535297  145.87544203  91.23258612 356.92911569]
 [273.74454132 350.51175171 571.13155178 686.33452668]]","[0.32352968 0.66761817 0.42870811 0.81980401 0.30775998 0.27617038
 0.77158014 0.74198371 0.98407351 0.16895272]",280,2025-03-03T23:24:59.097010
46,0.9182638128873875,"[[342.11589086 574.88215122 128.06922232 705.05197561]
 [601.25779119  87.62667643 345.66065262 361.55931618]
 [780.02838042 309.63012887 459.12127325 753.82154955]
 [150.34383281 513.21817394 446.0087398  429.8482642 ]
 [466.31390298 116.56237403 215.25867809 220.46535414]
 [408.41577941 492.49700371 710.15747396 314.85373365]
 [781.12151303 107.94782341 123.28236693 776.30653887]
 [248.32971586 201.91083834 605.82643276 182.12900143]
 [589.21205703 795.52149593 275.85781068 155.00160977]
 [296.88457827 652.45128177 422.92955736 209.80411637]]","[0.29447195 0.19108228 0.42490943 0.61831269 0.07546325 0.08009704
 0.57584748 0.27363572 0.5276285  0.34665157]",281,2025-03-03T23:24:59.104263
31,0.9336458728309698,"[[317.65637225 698.53264856 752.97671853 423.21456577]
 [572.37563182 106.51486785 330.65236964 246.97797595]
 [209.32148962  61.87080507 257.82165043 454.53366385]
 [313.63092198 761.33843197 468.84590838 522.63177716]
 [566.16419056 516.69117441 485.54685768 163.66235557]
 [  9.18011646 347.27730435 138.94401292 237.11914999]
 [608.87624138 474.55856842 175.06502113 575.1366152 ]
 [574.38780425 483.13098878 661.4627993  403.01456517]
 [636.44720406 711.45390533 272.07302055  97.34752069]
 [157.57664807 274.63117179 673.10968942 436.66402273]]","[0.9188681  0.47356163 0.87083619 0.88439611 0.53939778 0.93690955
 0.98567089 0.77675089 0.44365571 0.27089097]",282,2025-03-03T23:24:59.110602
29,0.8134596557085118,"[[629.12223663 618.97912194 576.27491555 323.88018312]
 [521.71664847 296.60574453 514.19041026 754.77420529]
 [598.18327742  20.79531636 725.96170875 364.68809868]
 [328.71779427 408.4291645  332.15190142 537.19195141]
 [ 23.07318753 455.44048738 425.83055634 522.74628483]
 [360.38492102 291.33205062 545.9386896  517.740958  ]
 [145.17607114 407.51885838 707.67181673 485.09417324]
 [ 18.82526851 624.43569839 484.08540109 608.09651357]
 [548.26114737 117.77201508 505.6413515  396.21520161]
 [268.37194074 729.33994596 508.15277449 208.7688355 ]]","[0.24499405 0.60129829 0.18182153 0.90811393 0.13232654 0.12344366
 0.12225287 0.48129329 0.98877053 0.36958887]",283,2025-03-03T23:24:59.117590
45,0.9365442903143648,"[[387.06899328 642.24154428  26.59221542 242.54552428]
 [119.49646119 772.7321522  245.48842064  72.95146632]
 [244.30890003 217.74523587  30.06928338 113.99005217]
 [504.34841051 261.25240955 725.99971216 540.18954135]
 [591.44412392 561.07432114  70.10704729 721.16261507]
 [692.67363191 301.33925878 336.60129313 604.12732873]
 [592.09254533 751.3494453   25.1831458  429.72148115]
 [262.9482636  620.24106448 505.38784786 611.62936485]
 [184.0203699  512.04103332 605.41413086 423.24250874]
 [404.70682321 269.12027252 458.79757271 317.88460774]]","[0.28035436 0.79838658 0.59010558 0.31226512 0.5552065  0.97190997
 0.52658755 0.70807423 0.48871995 0.57114908]",284,2025-03-03T23:24:59.124187
22,0.9006040670332467,"[[  3.08152687 777.9284232  307.84040823 696.82964551]
 [274.3520937  102.78464074  30.94016075  93.18278292]
 [616.32652723  25.61500092 207.16580352 366.97648667]
 [604.3170389  701.83357379 746.40186768 374.19854532]
 [405.01479185 504.96565712 140.6218763  173.80604618]
 [400.26012113  27.40934179  21.47835044 307.16332468]
 [209.74287863 210.74548418 699.57066594 318.61735552]
 [479.99256641 118.7159434  244.03127218 650.40253906]
 [537.21984219 407.67163621 278.16716551 387.85187992]
 [429.28214866 338.19155029  38.25213453 297.38915892]]","[0.74121879 0.12088898 0.40334372 0.03944557 0.33757375 0.85028237
 0.83909763 0.45553483 0.81273156 0.36197064]",285,2025-03-03T23:24:59.130329
23,0.9157754688540444,"[[298.029053   616.74353025 558.34150393 606.23202319]
 [589.94032199 570.24097371 385.98555749  82.32583146]
 [491.30272947 341.14826774 625.271795   675.01858361]
 [306.08567783 722.20839874  38.08210692 601.17363635]
 [407.33377807 430.07097531 126.77636138 208.53985666]
 [420.83270799  52.88310172  60.15043989 574.09955333]
 [778.24475565 491.11012331 411.1467155  590.61364716]
 [ 37.397754   175.61585398 403.71735416 675.75982269]
 [117.59566825 175.94672018 228.02001245  18.59465973]
 [785.7460359  168.98247192 568.01294535 560.62264761]]","[0.15131999 0.1728601  0.47438358 0.37616254 0.75601977 0.96925044
 0.28516865 0.97694295 0.16971566 0.24468667]",286,2025-03-03T23:24:59.136293
12,0.9168128601495138,"[[549.39837824  62.4162629  645.38384686 320.14963088]
 [540.32390932 638.94608348 473.51290657 593.36991284]
 [760.72058247 400.2035451  188.59260535  47.34361481]
 [367.08584024 394.68490427 546.94998168 526.53904483]
 [241.33491807 379.45566014 411.77717105 328.43048984]
 [325.79788038 324.34790239 687.73923356 406.06344181]
 [ 60.35631889 305.25278361 428.59969154 785.1610812 ]
 [426.00083919  96.61994427 435.26758554 592.78283627]
 [717.05410232 604.17113435  69.11316185 440.71510969]
 [696.97455381 689.3790139   47.87233558  73.03602436]]","[0.42082348 0.00728912 0.75845121 0.90912099 0.58011763 0.28725643
 0.09482886 0.60479878 0.56040507 0.81829522]",287,2025-03-03T23:24:59.143128
45,0.8214925655051805,"[[159.27948805 354.18149188 423.2274179  536.3496065 ]
 [ 40.73555625 452.22328785  11.73174229 512.1499092 ]
 [689.28520741 349.18089672 352.08428561 571.63115317]
 [441.2674351  144.42650316 630.51433414   2.88566792]
 [209.8698922  308.90428596 397.3831995  443.58332075]
 [770.49671056   3.15514845 652.7057942  384.35696155]
 [387.83401917  57.01819456 704.63843628 518.70402515]
 [ 71.74827082 716.93381311 792.97840955 100.31037064]
 [474.48789756 735.68039185 294.20389795 332.792297  ]
 [762.68391823 168.94749402 657.56923039 302.22963095]]","[0.45161256 0.26508306 0.68131716 0.65306331 0.27577827 0.76314078
 0.22331829 0.66252086 0.08342817 0.12012741]",288,2025-03-03T23:24:59.148456
28,0.9002994584885345,"[[ 99.48340556 679.02701422 393.30665409 423.90459774]
 [725.82251783 374.75002196 396.84121668 658.41460804]
 [376.12377906 778.35190095 785.42110821 111.17734555]
 [773.04548132 784.18038284 426.06456443  28.72698501]
 [487.65061138  87.32163457 651.41284931  70.52397704]
 [286.91554426 325.53347184 676.23595244 214.15526577]
 [ 84.43704479 421.44084367 569.4669722   65.42332138]
 [477.12541685 391.48782693 145.82910195 297.58211798]
 [770.81573878 429.94594471 664.45223758 694.05695269]
 [551.10837317  31.62716017 742.59985622 292.50068052]]","[0.66628886 0.17761724 0.24753445 0.01250795 0.12873016 0.33329482
 0.7699168  0.9339082  0.66594995 0.94085992]",289,2025-03-03T23:24:59.155389
44,0.8381656240759767,"[[359.86853432 667.80367504 432.31683332  55.27948431]
 [505.58174349 156.38390259 553.37892756 254.52223242]
 [350.41642098 763.66675285 426.57396395 666.82842319]
 [131.31785928 243.59557162 642.62157596 345.76616361]
 [538.01668304 328.28210944 414.96335796 600.22005944]
 [597.57618636 387.59586713 296.23635493 260.77675283]
 [621.87237344 596.19788788 277.3603926  103.8139453 ]
 [ 67.46231417 205.3017694  685.91895222 145.1118215 ]
 [738.82470471 368.3563343  354.28612993 179.00160342]
 [599.86589924 663.34143665 453.36900316 227.98302483]]","[0.61658948 0.55628213 0.97242032 0.6696653  0.8409577  0.22927528
 0.16703382 0.11962713 0.52437097 0.15978173]",290,2025-03-03T23:24:59.162979
36,0.9069706808393048,"[[260.82418718  10.06855957 646.98386939 419.79569587]
 [659.82954135 692.27631373 765.21185825 275.39726834]
 [530.85263996 242.99979811 398.0609596   16.92123212]
 [554.43211465 108.22044766 313.47413307 618.61440587]
 [635.66265559 213.29614542 428.37523478 227.4580994 ]
 [561.86305127 604.8033351  153.68282572 338.82299435]
 [623.95214403  25.16260039 791.62805437 191.40268922]
 [209.07328051 615.55549045 622.23320114 189.83299329]
 [426.20407733 756.64614415 278.08226025  20.93599558]
 [165.83221494  86.83923614 746.75358375 514.4961437 ]]","[0.70074209 0.79718962 0.4709394  0.92920443 0.94922906 0.10963228
 0.04223798 0.72389499 0.13326801 0.74867851]",291,2025-03-03T23:24:59.168994
38,0.9033488591101836,"[[392.85158983  55.11325613 679.03683024 352.94334648]
 [251.73740449 557.20132734 443.32880654 471.29959253]
 [209.46453474 104.26730095 258.63378401   9.04002836]
 [542.00104906 427.54065018 412.87263488 274.87620207]
 [393.42597912 597.35423704 676.98067612 521.34843753]
 [103.8432712  302.96556528 241.11148624 432.15507332]
 [362.09209399  64.29120326 425.62096808 486.70334902]
 [240.13640316 772.40457165 568.78436132 577.99633763]
 [455.59471365 265.5269498  624.55859741 367.28953627]
 [772.60515122 342.64891936 510.79795281 282.95282189]]","[0.80191447 0.31835281 0.61716116 0.81619906 0.5652354  0.0281597
 0.82650149 0.20371222 0.8302119  0.50477023]",292,2025-03-03T23:24:59.175587
36,0.889176683537489,"[[274.44422317 519.79031062 373.90363196  41.11954742]
 [ 51.66466018 298.57046023 513.22548516 108.82078955]
 [323.59969251 791.82746642 318.8772813  605.5549732 ]
 [732.0049694  628.76740209 159.80116771 440.70602349]
 [570.9768574  476.33134297  75.4386782  439.99742344]
 [591.01885535 637.44557776 641.38447571 319.31720709]
 [566.25835349 398.3033319  792.52856711 286.27249973]
 [212.41269048 230.15174431 467.18015633 310.21887727]
 [465.91316907  19.6438248  744.04432217 203.01229566]
 [787.58832308 121.98852454 305.28827292 563.19548849]]","[0.26739689 0.99071615 0.76093025 0.87773985 0.16251986 0.93451242
 0.88344376 0.03915788 0.24457485 0.04677748]",293,2025-03-03T23:24:59.182346
24,0.9311050873784898,"[[143.45516378 109.57717577 413.97786488 570.62920406]
 [  7.74411152 231.13282954 203.28918931  43.4062041 ]
 [415.95716849 413.28510943 603.94926132 498.94370235]
 [ 25.70884451 665.88439794 422.50627856 604.39089034]
 [ 81.12216274 174.33142326 111.03905765 181.52271166]
 [177.41398212 298.92622594 144.19899483 347.09649026]
 [544.11170834 275.40546259 118.97844009 143.06203773]
 [633.45992688 704.18367073 212.03840865 731.52979755]
 [465.72891633 532.92806118 188.35690808 227.74861388]
 [517.98258548 656.14436174  94.70263876 637.37402606]]","[0.709258   0.51757295 0.03049378 0.94822882 0.07348454 0.60217031
 0.88062564 0.47534588 0.51355888 0.07280966]",294,2025-03-03T23:24:59.187590
46,0.9259087453760456,"[[431.184612   546.81915369  43.42545957  36.80809153]
 [ 52.3014037  504.12746431 211.12381995 321.64395451]
 [349.76385992 138.11062525 296.11400352 596.66124144]
 [ 34.12958506 430.97123251 232.88946779 366.38302901]
 [460.51645469 732.79315659 366.13117528 321.81457341]
 [670.22248995  81.39495906 333.1398129  612.71307633]
 [764.48971706 571.50125839 601.36127027 328.71330773]
 [432.937941    88.89802241 451.17989831 786.51585519]
 [434.91208699 471.50087964 298.26670206 622.10391461]
 [210.48242266 549.81540669 772.18255754 675.70833473]]","[0.05988441 0.58317835 0.61266283 0.8892795  0.82728852 0.15968028
 0.08755881 0.926811   0.17615428 0.42822604]",295,2025-03-03T23:24:59.193318
23,0.8727168197783484,"[[246.57053745 502.38259612 559.99273266 722.77135431]
 [ 26.75984648 760.39493876 407.58569378 565.68994637]
 [487.92243371 359.71778298 300.24269605 393.77278843]
 [401.36984209  85.52879464 699.36036375 258.41073919]
 [740.40883557 252.33347659 574.65881339 772.11473223]
 [582.31587947 147.81944539  82.7007015  621.08286243]
 [195.25875608 294.95639012 756.21227837 455.75068069]
 [606.22354768 529.01908609  61.98525419 376.92564553]
 [198.6570938  747.89285754 761.829294   734.12023535]
 [ 98.54633154 779.44126943 116.71512485 616.78319965]]","[0.69903927 0.75097461 0.50099738 0.79693155 0.98232848 0.28949639
 0.11496175 0.3636217  0.15153649 0.46979533]",296,2025-03-03T23:24:59.199845
24,0.9029548406076798,"[[794.59605003 348.53678694 464.27069584 109.9908093 ]
 [365.00222123 231.66846282  85.27355824 461.78451259]
 [576.11285739 500.82599339 546.26178315 397.0680765 ]
 [794.57362599   6.16972683 492.3488515  766.63042486]
 [ 53.88614969 189.85464204 723.87919057 360.32714092]
 [195.91684558 769.24308482 272.89151638 539.99033766]
 [738.04581878  96.13914056 121.34573484 230.93642124]
 [342.86312545 619.94526564 524.15488246 725.31916664]
 [121.00681976 273.26967412 101.98236764  19.14938579]
 [218.54706004 619.13184542 456.90976747  64.17562082]]","[2.81276209e-01 2.58115310e-01 1.49471731e-01 2.59519951e-04
 6.04618475e-01 1.95672980e-01 1.37448858e-01 3.10218016e-01
 5.75893665e-01 7.14845636e-01]",297,2025-03-03T23:24:59.206265
33,0.8963056383301825,"[[149.65701507 572.51588603 493.87171331 176.84052037]
 [776.40980229 352.84569332 259.7299685  606.4595541 ]
 [448.8611043    7.41326067 173.79775202 483.17242409]
 [ 11.16446657 271.13528976 528.44986467 450.07280136]
 [135.70356928  80.94608632 356.76847615 372.35057882]
 [353.62678455 432.34284181 397.91592398 569.2469734 ]
 [401.02678252 648.0657652  621.64052254 132.25022945]
 [417.37860827 552.52934175 147.38294396  73.04420531]
 [636.43140064 339.44695988 760.48114927 554.71544652]
 [583.25199141 286.18246442 364.01821565 594.12072935]]","[0.73005251 0.76242855 0.77589469 0.13294902 0.63090908 0.77412596
 0.39052633 0.47016489 0.38014813 0.55421042]",298,2025-03-03T23:24:59.211837
36,0.9436153185142508,"[[170.25017725 169.56749013 495.64879861 792.99215314]
 [746.67172769 795.04538556 160.29913737 334.55780314]
 [ 15.27722371 785.55068371  69.21155612 485.40315832]
 [745.90806254 640.01261966 379.25858542 359.53789965]
 [717.12011173 753.7877856  726.04193815 579.13745388]
 [599.54387286 596.92186388 588.2407357  731.49159883]
 [456.35630896 339.57522036 769.8228997  541.52205559]
 [667.68107215 764.40527608 151.72288627 794.09105334]
 [185.61112128 716.2795088  381.55222961 708.66572401]
 [730.59095259 362.16685163   5.60087942 151.07356449]]","[0.48581492 0.60705732 0.3918052  0.66152602 0.69263192 0.79486829
 0.80488298 0.53518566 0.61958769 0.15658808]",299,2025-03-03T23:24:59.218220
34,0.8461440423307565,"[[447.96649226 488.91694942 198.74324147 364.08947072]
 [394.29947527 370.41497973 393.68483945 794.33601212]
 [654.63104529 223.67588013  51.36234744  87.71570504]
 [447.66863    176.47605573 534.74236903 419.49833019]
 [784.87392208 761.88380188 440.58000803 520.00743751]
 [464.10281623 618.00846443 400.22082562 602.64265843]
 [366.40826088 269.98916645 163.45040572  33.20974645]
 [267.60392908 609.58681976 317.08218989 554.47838185]
 [341.28550559 661.58207203 208.12918733 264.40481798]
 [342.89385565 576.73003075 136.85662523 105.04315619]]","[0.06671317 0.18960318 0.50582877 0.70281616 0.93977019 0.77267734
 0.84140143 0.12966029 0.4394251  0.41325579]",300,2025-03-03T23:24:59.225911
42,0.9311303968640238,"[[290.11819638 240.6002656  408.28846343 603.52854646]
 [526.84327596 706.61383524  24.35185336 434.05992244]
 [686.07561996 724.4794752    1.07806923 381.17570541]
 [293.62147031 679.55004381 421.42385321 384.60238616]
 [254.05309136 544.66141805 165.53297652 597.73614484]
 [609.79688726 536.63331014 643.57478501 358.55551603]
 [103.61863225 224.92582614 342.35563129 321.23924972]
 [312.95525201 249.50430978 789.09140973  50.3478478 ]
 [719.30880381 174.02286704 142.20271694  63.17100614]
 [403.12110632 215.91394746 170.97267697 596.97538264]]","[0.7685298  0.79203429 0.70151918 0.38018971 0.18639094 0.73173851
 0.02498778 0.77122081 0.24742223 0.5316252 ]",301,2025-03-03T23:24:59.232634
27,0.805246195849998,"[[3.82492018e+02 3.44147911e+02 6.18023134e+02 7.79124266e+02]
 [3.18221734e+02 2.95105043e+02 3.62638102e+02 4.32818052e+02]
 [5.31981193e+02 6.68118275e+02 2.74192828e+02 4.59972744e+02]
 [3.15518355e-02 3.84485752e+02 2.85140557e+02 1.07472414e+02]
 [7.88922314e+02 6.20835284e+02 7.60016588e+02 1.65200261e+01]
 [4.26913937e+02 7.23187149e+02 1.49146102e+02 3.25494395e+02]
 [2.90364298e+02 2.77156888e+02 2.68426956e+01 4.07843972e+02]
 [3.80274710e+02 6.32763747e+02 7.22728480e+02 6.43532743e+02]
 [6.45379668e+02 7.50354943e+02 2.91151850e+02 6.71222407e+02]
 [7.54643657e+02 5.82194234e+02 2.27136607e+02 7.94810666e+02]]","[0.80929558 0.31642928 0.57878827 0.9658878  0.11520369 0.72207116
 0.40306979 0.60248228 0.53873708 0.73083756]",302,2025-03-03T23:24:59.241644
29,0.9115032772956415,"[[611.70207308 375.43740017 239.24252097 620.09277504]
 [767.01543987 593.01529064 169.43520646 566.02038033]
 [611.76567189 498.36625701 152.50876724 335.29784876]
 [ 48.43006041 355.02042157 273.85198967  20.86464622]
 [105.44297907 365.84559138 549.29461975 798.06084917]
 [496.6937498  130.35498149 224.48954978 580.55839174]
 [736.14096697 232.84146787 573.32212976 548.23123596]
 [ 57.07563626  36.37062303 632.58988113 727.67348364]
 [793.77052216 340.79245571 750.26553736 517.51283726]
 [ 84.23102844  29.32972733 265.64021003 580.67381665]]","[0.88224151 0.98268737 0.40347445 0.33603901 0.74567447 0.18177471
 0.29453715 0.5594437  0.10894249 0.603061  ]",303,2025-03-03T23:24:59.248643
22,0.917768169469849,"[[760.49783255  38.93777828  74.13337778 308.55811134]
 [613.82305734  97.87584376  91.32685916 186.32723296]
 [639.7447379  141.72211033  68.55470628 482.97941667]
 [515.86703696  83.91223401  10.27226616 765.56666662]
 [130.78172966 542.65517543 194.69320485 740.55355938]
 [286.06209727 110.57445312   9.6536048  583.90578053]
 [217.03679059  44.11755622 456.24124094 755.16589779]
 [758.16864363 782.67120908 355.47026504 218.24433727]
 [310.07118306 784.22025566 136.55191064 725.21148723]
 [655.76124693 705.63175874 477.62981718 331.56345693]]","[0.0621985  0.33415575 0.40961511 0.05989084 0.2319808  0.74491004
 0.40962849 0.7029493  0.82049432 0.4055523 ]",304,2025-03-03T23:24:59.254582
45,0.8591459827465346,"[[607.6671278  529.97610709 554.51514124 108.14124079]
 [110.58409876 734.63303635 551.08634753 640.24777096]
 [348.13194212 414.2741813  448.36891947 230.05710654]
 [731.01124841 222.34271998  31.43870863 190.23872674]
 [640.0158157   75.44596504 394.37689466 114.04929851]
 [238.68664269 648.092284   177.7001254  368.93205987]
 [161.40329121 434.34240445 303.83973301 161.46396301]
 [277.64349373  53.44010884 185.55398102 670.19979843]
 [239.76215202 572.51041193 376.97528452 657.60080687]
 [591.88715827 499.44162112  54.00225286 370.94588566]]","[0.19548465 0.78685722 0.90767533 0.09077966 0.30130301 0.73390202
 0.31039375 0.45203823 0.98694277 0.42695985]",305,2025-03-03T23:24:59.260892
27,0.8299116684222534,"[[766.39297563 112.91570197 523.02081604 463.56693347]
 [731.43950428 659.95564065 626.47126587 319.5617065 ]
 [262.76356063 139.15931212 764.67899187 771.48438149]
 [ 53.54118713 683.21806443 582.31442021 789.14728593]
 [665.72378475 401.70842774 723.1236865  448.74938596]
 [532.86116557 113.25077187 292.90450658 693.47246433]
 [566.69706005 648.0460893  223.41664134 313.60935802]
 [744.20758101  82.78909804 711.51031486 170.18359064]
 [754.17340568 220.87576355 688.04540895 140.04926702]
 [532.36972637 755.3763876  775.48351    424.27190507]]","[0.23136594 0.07464852 0.44667628 0.17875752 0.82585316 0.67171707
 0.71475824 0.41556969 0.00121066 0.4942762 ]",306,2025-03-03T23:24:59.266434
35,0.9289669877808545,"[[598.79298727 573.31691499 211.98528241 443.33562308]
 [400.77155803 439.00524441 326.32020275 311.5304932 ]
 [232.47524403 265.38632237 174.56332958 353.32907653]
 [179.89510147 623.62475371 381.77940146 498.84619932]
 [713.61033111 732.11769597   5.52973095 374.08340552]
 [595.75404641  68.44201799 517.72514726 421.89089606]
 [704.62974712 715.58504016 736.14687186 524.6043239 ]
 [751.96188565 462.88167847  60.88177159 123.89716075]
 [421.11860152 578.99078419 232.5782788  766.93937044]
 [192.40734775 402.39806488 563.72635908 109.0827299 ]]","[0.40852479 0.17145789 0.30583538 0.30384509 0.93216415 0.64423848
 0.94425517 0.88764297 0.14156958 0.83628301]",307,2025-03-03T23:24:59.271965
48,0.835896590413061,"[[2.76788262e+02 6.12132898e+02 7.32468644e+02 4.32201910e+02]
 [3.05516412e+02 4.66472978e+02 2.35287038e+02 5.52234986e+02]
 [2.12982284e+02 6.22552714e+02 1.89331884e+02 4.54337243e+02]
 [7.76672343e+02 7.91232144e+02 4.95875337e+02 3.36265948e+02]
 [4.28936483e+02 8.60897607e+01 5.09196066e+02 3.89335326e+02]
 [5.66288371e+02 2.76107265e+02 1.07303002e+01 7.36769883e+02]
 [1.42289275e+02 1.18362651e+02 3.32270745e+02 3.49359815e+02]
 [3.02187127e+02 6.33351474e+02 1.65602709e+01 3.30324724e+02]
 [2.80562117e-01 1.45001971e+02 4.48878842e+02 4.04826517e+02]
 [3.52884484e+02 5.46913077e+02 7.61212060e+02 2.02758526e+02]]","[0.68053398 0.02531534 0.13188929 0.28966779 0.08693585 0.75241483
 0.30515838 0.47840504 0.92478565 0.59401482]",308,2025-03-03T23:24:59.278270
22,0.8459772861046063,"[[3.58638310e+02 5.51399839e+02 1.69736983e+02 1.86737734e+02]
 [1.32195725e+02 7.46880424e+01 4.73769764e+02 6.07015230e+02]
 [4.95660097e+02 6.12314464e+02 3.78284250e+02 3.15137853e+02]
 [1.06309105e+02 3.90055462e+02 3.11473340e+01 5.31715737e-01]
 [5.44347497e+01 3.29289165e+02 6.50114388e+02 2.38951016e+02]
 [4.31915432e+01 7.41613706e+02 1.98063933e+02 1.50591105e+02]
 [9.40897311e+01 6.65297033e+02 5.14116474e+02 7.74011007e+02]
 [4.68541505e+02 5.91128937e+02 6.10812648e+02 5.78605966e+02]
 [6.17033201e+02 4.59464147e+02 5.49196399e+02 6.29197184e+02]
 [6.61651723e+02 1.50500968e+02 4.05302549e+02 4.46104654e+02]]","[0.08570848 0.17656642 0.53465023 0.35089151 0.58274683 0.5226965
 0.28079179 0.37519905 0.50726104 0.95778489]",309,2025-03-03T23:24:59.283978
19,0.8744857895914524,"[[616.46211325  80.56203203 572.05753407 696.38063035]
 [599.22811302  78.92381121 461.2700594  242.39040914]
 [406.60582395 144.81827344 283.75850484  62.08622935]
 [160.62744554  19.48094131 647.1821982  214.0103608 ]
 [466.99531783 762.12721915 306.29488607 241.57367247]
 [278.59531333 721.38314401  25.38973589  87.19246896]
 [266.19253174 406.08492456 630.83793885 690.56930593]
 [731.03013959 406.50759979 421.31638298 529.70481377]
 [587.35104805 551.85798034  13.74492978 324.85226089]
 [729.8402139  682.41168965 564.916253   250.67329465]]","[0.49372496 0.24223054 0.19045592 0.63766899 0.61176697 0.08826257
 0.45388799 0.29109611 0.28533893 0.32974244]",310,2025-03-03T23:24:59.290323
31,0.8153489841954543,"[[504.87838963 410.38403446 100.63008264 798.8135795 ]
 [ 18.99147863 107.74896863  65.04938837 434.77568834]
 [465.81532972 649.11378367 197.93853831 434.18160039]
 [244.30564306 329.0980321  321.46803192 143.09238936]
 [603.45620825 505.38006131 205.28233296 100.86446756]
 [266.06119826 263.25844889 229.21732905  31.53259242]
 [320.82690715 346.78881536 153.28506583  49.62335746]
 [406.36364734 643.20776856  28.58583304  52.22371236]
 [346.50813821 324.59429368 790.42226806 241.69879562]
 [546.69760088 506.79229801 315.30617148  74.09481342]]","[0.99531239 0.89118897 0.26229445 0.02944152 0.37560003 0.96365303
 0.75609096 0.19614347 0.8988099  0.64787981]",311,2025-03-03T23:24:59.296772
31,0.8618711250420581,"[[712.36339065  91.85710782 259.78238234 346.6284962 ]
 [359.52237973 467.79685003 236.61816307  73.16095591]
 [765.17272242 258.9752077  166.42019851 266.75973653]
 [181.03544399 395.38377475 601.21422912 548.19280579]
 [315.52015391 394.33058611 672.47041028 261.93648747]
 [351.4980654  708.9793029  173.75125302 395.4899767 ]
 [223.40659816 708.22151288  29.91131817 734.05562457]
 [476.75709203 213.86249039 570.8511521    1.75043999]
 [665.34800885 542.77332571 269.01334915 136.53908603]
 [ 21.58315005 393.06710439  40.5242593  665.68008441]]","[0.80627922 0.78483991 0.34265083 0.38368364 0.19185075 0.79010903
 0.24541877 0.95513603 0.90344548 0.7973984 ]",312,2025-03-03T23:24:59.302967
31,0.8354403171762382,"[[662.36310735 530.8986406   86.16106951 380.19765798]
 [604.34369134 744.52360135 342.69960693 163.03698347]
 [ 71.54138691 507.50032807 455.49958172 418.05669667]
 [440.30633002 610.17634912 441.65257996 317.80624365]
 [502.65050683 700.30885469 526.33261659 109.79881302]
 [157.58209593 707.35551942 405.61004601 662.55102542]
 [420.35368789 108.29244715 697.46488582 650.61683713]
 [642.9413659  161.60746898 361.61565156 242.66829151]
 [666.34959203  43.83378504 732.70102515 453.1881833 ]
 [417.08922364 540.2633806   42.13532433 533.57469147]]","[0.69120472 0.81870566 0.57610715 0.25065864 0.14986136 0.69548735
 0.37828743 0.75390571 0.57827873 0.2155384 ]",313,2025-03-03T23:24:59.308661
49,0.8985471387727189,"[[3.40487955e+02 5.87651405e+02 3.26847267e+02 1.01062286e+02]
 [6.92928289e+02 7.61297769e+02 1.43180089e+02 6.23930300e+02]
 [2.04164967e+02 7.46245561e+02 1.93216814e+02 4.18310423e+02]
 [6.64395330e+02 1.83282076e+02 2.93617382e+02 3.66808013e+02]
 [7.33416038e+02 2.81569931e+02 7.46103487e+02 1.89416869e+02]
 [4.97236416e+02 3.75867942e+01 1.20427118e+02 3.08515115e+02]
 [1.58568646e+01 1.68584997e+02 7.66422878e+02 5.25975678e+02]
 [6.45450448e+02 6.01539201e-01 3.13744903e+02 3.34213315e+02]
 [7.08038361e+02 3.91578841e+02 6.50323549e+01 6.54163751e+02]
 [6.43767784e+02 2.05390903e+02 3.18784660e+02 1.12447049e+02]]","[0.6976008  0.61576188 0.97417075 0.31209955 0.47126444 0.52518936
 0.8479138  0.25670592 0.40036989 0.58794379]",314,2025-03-03T23:24:59.314208
41,0.915307718079058,"[[474.50568909 468.35089747 360.85852943 309.98152208]
 [195.18519678 731.64409495 684.35416435 759.67689481]
 [639.56323882 613.59082685 294.00691536 797.24147911]
 [  8.20669896 216.24247676  86.18647157 180.83336072]
 [280.40350817 319.07924387 376.14651987 762.38894484]
 [186.02867199 259.12870115 565.74735867 463.11421073]
 [337.83443196 483.28428383 349.03636368 252.54079906]
 [232.393307   547.8659597  301.4918411  761.55188408]
 [ 63.20891184 324.29733621 479.53750842 118.82247921]
 [380.47320219 558.69002124 761.80878368 377.94090183]]","[0.51421449 0.51381466 0.65910068 0.53189772 0.78505829 0.76021319
 0.95979579 0.29107425 0.63896302 0.81685991]",315,2025-03-03T23:24:59.320710
30,0.860382251964491,"[[732.17493326 304.03280153 716.9597546  489.75545486]
 [300.53091228 255.28899412 566.26237984 152.05380987]
 [690.47756761 256.52398381 650.60539842 536.0713375 ]
 [ 96.58871663 510.15096982 219.05037131 372.62459962]
 [600.6358123   19.31801156  46.55933489 746.06821687]
 [729.18599164 298.70258823 189.118667   658.48096222]
 [206.09503867  36.06003973 366.12896939 109.69737776]
 [474.18806802 641.36244159 516.48645947  51.31166169]
 [636.31020463 112.62515821 678.88833603 111.85463664]
 [371.82817566  54.42911261 344.12094649 799.84713535]]","[0.09102019 0.49710261 0.88834734 0.61058496 0.94941931 0.87083662
 0.61254903 0.98166226 0.49611169 0.57259511]",316,2025-03-03T23:24:59.327540
32,0.9246966036601155,"[[ 13.73409842 373.9766855  526.74918849 552.32699634]
 [ 54.16304634 551.28681741 216.64871767  38.84035628]
 [539.16111538 135.4687942  585.80579697 213.54720829]
 [438.03225918 623.48317955 679.30864935 330.99064282]
 [375.29526103 204.69002264 681.8515089  162.53835428]
 [108.65207516  12.03727297 588.21741779 290.47334863]
 [132.49607015 198.91328843 346.78677312 570.38356179]
 [125.20802691 557.70572477  50.67553025 320.67713151]
 [ 10.17097348 200.77097205 383.9503855  197.32839031]
 [379.15185075  75.24335297 371.37776703 469.43561847]]","[0.36465273 0.75284898 0.07783942 0.55004383 0.21820224 0.87488879
 0.78635646 0.72338517 0.5327165  0.99871694]",317,2025-03-03T23:24:59.334285
13,0.9175335226574032,"[[756.98701023 398.80505852 566.85004517 146.62513641]
 [388.41286781 735.36146245 118.91645166 500.45821846]
 [129.07128476  56.27406155 272.11046953 721.95668   ]
 [591.51987647 282.01421113 347.84663415 158.59020273]
 [647.18248417 750.76929254 679.11893171 233.30750876]
 [ 10.53575947 214.4968948  637.60950117 790.89311494]
 [ 98.31949536  10.47454314 610.19276097 265.85630926]
 [607.69676733 673.85094406  18.42142349   1.20792824]
 [741.32988664 235.1946727  696.88780212 400.63615332]
 [366.3761464  680.1718375  653.57464482 560.50757284]]","[0.64770764 0.86093948 0.97693187 0.74617949 0.14054906 0.27436198
 0.99493324 0.92974738 0.2290526  0.65867306]",318,2025-03-03T23:24:59.341683
22,0.8741716229103094,"[[292.565891   777.33600795   4.21687978 238.04954891]
 [494.45979426 704.05475002 112.47667242  28.41577608]
 [197.78727774  17.61827612 210.95547798 209.32723521]
 [509.65028732 584.675319   745.31735754 431.69439916]
 [ 48.42473794 135.70371478 262.65071464 609.83311874]
 [297.92780959 338.37896662 237.72394581 158.12389243]
 [247.51852377 570.14988988 479.67104269 490.41158247]
 [ 10.52236948  41.30055095 331.16225614 776.00944619]
 [  6.13091428 437.18299768 115.31864218  73.16583953]
 [766.69393136 137.57780788 700.80969095 494.9955704 ]]","[0.79860987 0.62427343 0.48447415 0.98693866 0.18474978 0.64827458
 0.97965237 0.12745117 0.96714494 0.46973333]",319,2025-03-03T23:24:59.347683
48,0.9482271599249111,"[[766.50324924 530.92864908 774.08987723 678.4043135 ]
 [406.43221097 584.26345882 134.94499999 392.5945116 ]
 [692.0370123  765.31270474 335.14094552 784.11201479]
 [658.44209079 411.4523832  120.5491677  435.75419423]
 [705.26349144  13.22834496 774.50841783 383.70994415]
 [670.71336604 169.36084584  47.65999263 211.91781329]
 [634.17366758 286.63960851 669.75172427 622.42068502]
 [540.60950926 750.03305086 725.42853785 548.65291893]
 [209.99364007  72.68141041 447.50997425 703.08871318]
 [323.14479674 311.71427616 705.65587712  66.3679054 ]]","[0.15988053 0.42374131 0.04977297 0.97440823 0.01811485 0.36624754
 0.24464146 0.10120483 0.03627628 0.61602137]",320,2025-03-03T23:24:59.354200
33,0.9355007364667194,"[[619.1488938    0.93716458 634.08748444   7.17655433]
 [662.26836465 421.427177   516.72806692 557.42606256]
 [644.52635257 243.78546116 794.57359595 208.46237768]
 [498.28400007 187.42928556 355.18642558 536.10329811]
 [302.86181381 294.0647963   24.86314981 716.13501441]
 [775.6071819  529.72239639 643.05017884 737.91389679]
 [716.4344974  181.12233871 193.24793906 182.09625499]
 [266.5241407  779.42564363 395.81232912 205.84798725]
 [761.1098746  122.42245455 381.19045345 218.52544422]
 [506.89025023  83.17119849 520.55502207 152.58476532]]","[0.54950955 0.86776174 0.18262423 0.94056712 0.88473464 0.7615789
 0.12369421 0.13294135 0.12727876 0.78176612]",321,2025-03-03T23:24:59.362530
44,0.8705883532329213,"[[ 41.0514636   63.11800182 118.09990446 766.58964121]
 [653.4944216  607.05764107 280.99928329 681.87765582]
 [116.71603359 411.35163948 262.16294981 385.09447994]
 [699.77397018 405.93309044 433.31924132 212.71330506]
 [570.90753267  41.34361486 461.59645241 584.36890163]
 [ 40.21648691  78.64334445 746.50841381 572.94661991]
 [258.14275095 743.56599086 503.49454496 571.28316588]
 [537.09380329 735.77628847 497.38542601 771.48069231]
 [770.9981385  666.55726079 316.19805397  72.45153119]
 [765.42218411  14.38050011 566.05937137   5.69380292]]","[0.8246489  0.869436   0.47372146 0.09410061 0.08416097 0.59959975
 0.60850692 0.23788588 0.77062156 0.27285408]",322,2025-03-03T23:24:59.368769
16,0.8729254970942971,"[[715.28779781 388.81719958  43.50729277 529.92412181]
 [494.01911027 346.29281441 487.23784118 743.22565854]
 [773.00329699 518.72625605 315.60056084  62.57039969]
 [ 71.72466886 650.56277476 399.11696337 652.16960333]
 [644.84655743 679.39864979 462.07070314  20.23138196]
 [255.04077972 341.57323471 333.29480875  76.19810345]
 [551.14250864 708.6356184   84.05849573 360.24192407]
 [684.44097981 560.04573809 424.91844224 377.71792797]
 [432.32923848 116.57806306 210.20272084 658.83107856]
 [595.87159554 312.00350183 660.64671141 774.84211184]]","[0.18360661 0.93887807 0.69011807 0.7764347  0.95643586 0.45518183
 0.31359469 0.05247416 0.53787012 0.07663376]",323,2025-03-03T23:24:59.376384
49,0.8058197993886802,"[[295.86021652 372.78111505 230.66323156 649.15596086]
 [ 21.7155795  538.91213473 302.60843921 218.31381228]
 [ 53.24607567  54.48530624 407.55722849 480.62666118]
 [500.01094036  41.35575201 429.50268157  13.40174984]
 [785.57848569 391.93835815  70.65923918 562.37317736]
 [744.02283903 255.49970198 701.56979219 536.21528415]
 [683.50092673 496.51631956 759.1600743  758.12254903]
 [361.55941239 621.8174972  459.16946306 552.54253736]
 [ 14.6134033  326.81464603 529.3158501  445.09561841]
 [203.07289445 638.54458712 355.07969149 762.64477629]]","[0.46817229 0.08536217 0.89959137 0.05924207 0.0308091  0.47061439
 0.97897051 0.57033968 0.99688796 0.90609701]",324,2025-03-03T23:24:59.383726
10,0.8356826329922409,"[[706.39703609 202.22276741 557.08447339 341.37490334]
 [111.8447632  304.01373288 270.5098194  486.06567256]
 [ 18.2408758  643.10138538 760.47537507 389.79200152]
 [  1.50841217 770.77887553 584.76700256 699.99663886]
 [429.57660686 739.4421407  458.00596154 471.82508042]
 [581.43241962 632.50177671 548.07281373  20.16866959]
 [499.99009887 276.60202069 155.75256881 640.92833386]
 [310.35502117   9.3837067  582.49470432   1.68820754]
 [599.86630781 213.99603363 586.20995778 705.97391258]
 [338.46889076 605.73888884 354.73469434 579.85716585]]","[0.5858805  0.23144988 0.86944815 0.32606083 0.55928189 0.61839697
 0.3960759  0.80160418 0.2996211  0.45108861]",325,2025-03-03T23:24:59.390084
15,0.8004904079300472,"[[645.89303106 775.33472622 393.76997491 769.01332798]
 [485.69884444 150.00491895 377.41805103 658.23522173]
 [446.18486517 153.52479973 699.39854689 440.11902718]
 [363.4949922  443.6261943  667.75718451 652.93861524]
 [302.96501406  60.62135694 306.66019701 132.80906861]
 [123.20705972 111.69456444 391.2847942  209.55886007]
 [658.56711103 655.51618018 129.66300493 680.24169722]
 [727.98143168 705.34187668 187.09086866  61.96568494]
 [501.77913351  11.13244515 737.0832979   36.40958332]
 [637.91058908 675.66531042 461.61139306 668.48026033]]","[0.40896044 0.87283325 0.06086712 0.95943952 0.97888164 0.30791176
 0.37017918 0.13882286 0.26225129 0.51391427]",326,2025-03-03T23:24:59.398224
21,0.9016712068275898,"[[633.87988803 613.23802857 302.08482021 598.79095381]
 [212.82474991 134.5670204  322.86265785 209.62987346]
 [461.68473966 168.30535769  73.13907615  93.10445798]
 [501.42086805 489.99762906 241.17733804 760.43105017]
 [481.8010413   88.91513079 137.74865638 347.0632084 ]
 [262.18150477 356.21279743  59.92718294 454.97077631]
 [ 72.52341811 157.34464077 194.52720682 439.90821043]
 [ 88.94607529  78.64401009 584.51685567 676.49595511]
 [794.41524997 133.29417812 168.19993882 278.54015256]
 [391.95930606 357.38446885 562.7971827  586.76088065]]","[0.31589246 0.88264464 0.14504469 0.10014199 0.3982244  0.79295398
 0.15616628 0.22702366 0.85998481 0.33029977]",327,2025-03-03T23:24:59.404942
11,0.835663362744224,"[[330.24257535 411.71474979 120.63009506 327.58010038]
 [711.60502369 387.28471242 563.86092523 181.27869622]
 [697.69567988 206.93998961 297.77428555 149.23108395]
 [541.75438813 447.39004826 179.78321638 798.10797316]
 [690.0034799  402.21383092 741.82743131 605.71622921]
 [783.02146781 152.7653529  577.30210936 747.72867891]
 [618.10684879 356.07478297 424.57098228 392.03803879]
 [734.70293518   3.12751847  33.33304526 636.46454483]
 [744.03258566 792.36665311 547.99271604 491.34695083]
 [674.46182802 271.61365844 282.31516375 252.09986037]]","[0.74455679 0.45510334 0.65881365 0.57527739 0.85908132 0.68959716
 0.24825427 0.270739   0.34105362 0.26407866]",328,2025-03-03T23:24:59.411780
47,0.9208660112558424,"[[ 84.8018755  489.66943948 154.21963546 342.66205999]
 [421.06318742 351.85295674 157.06969522 638.09531963]
 [464.48109565 496.90034472 185.48936508 580.45758842]
 [331.1568596  705.68948271 316.65864597  73.42014387]
 [474.70850001  52.82492822 619.88691334 683.40281036]
 [343.16587804  59.22880857 146.74453299 467.66509183]
 [613.66112827 462.85458366 483.1002933  689.03954244]
 [561.09533261 118.54030262 542.17694216  61.63782009]
 [ 52.71213463 488.60827306 209.25502415  22.47309633]
 [287.69353797 351.54646525 579.3371027  324.38113347]]","[0.12520012 0.68124195 0.5244048  0.57906139 0.65297827 0.58137442
 0.73884341 0.15903589 0.3481223  0.73127697]",329,2025-03-03T23:24:59.417954
50,0.8491800514985955,"[[637.80734656 105.40858815 305.16351786 312.73572163]
 [690.70291878 633.74881952 231.96395393 118.92524318]
 [474.16971414 622.18373219 698.06236864 482.08019494]
 [381.98999224 627.37814257 540.36625402  59.15646375]
 [677.82640365 599.47006216  12.789458    55.59311176]
 [ 79.51739413  23.29677802 287.0248434  171.69471512]
 [278.9986325   26.26611697 644.36731911 309.79140016]
 [230.17237988 772.75902454 238.60783523 475.68750944]
 [486.66861706 757.39294964 565.49474947 462.55087987]
 [555.91141995 638.22666842 726.2992841  612.0084297 ]]","[0.39935565 0.67756625 0.36778638 0.05538768 0.16747179 0.1819027
 0.64673454 0.39860937 0.81222103 0.51812518]",330,2025-03-03T23:24:59.424131
31,0.8998517728019233,"[[387.76397949 191.48084336 164.52484593 652.35737689]
 [ 96.67038649 789.85303268  54.55621538 267.19272246]
 [305.7426778  370.46117275 285.79548673 740.51450808]
 [ 60.72221977 707.94006056 495.93496438 648.27428114]
 [139.94110485 152.2213216  194.4325876  659.35215518]
 [634.23112633 114.30080201 622.2144706  144.55474697]
 [227.91373341 128.12166643 726.43304516 118.86639801]
 [548.63764494 461.61385899 354.39637033  57.4916865 ]
 [135.18923836 203.42063071 194.24327284 753.93405704]
 [500.87095893 119.83657725 446.5229292  394.97228492]]","[0.55126024 0.00185625 0.93037335 0.83593234 0.42162651 0.53510514
 0.57570238 0.96110064 0.1398295  0.02841192]",331,2025-03-03T23:24:59.431546
34,0.8774567216769931,"[[ 31.82842311 715.61617447  74.55029224 260.4720522 ]
 [654.72300271  36.63514905 561.70843737 603.60630162]
 [465.75819104 609.62292494 525.26068533 313.80490267]
 [773.26514353 405.81416892 174.98122496 606.33696802]
 [263.29496497 564.17014772  54.81011075 195.02199651]
 [674.65414596  95.2111943  573.36132312 628.01357133]
 [151.38263276   1.63409326 558.27172893 713.91234417]
 [708.6584037  240.56630704 455.38012162 397.83581594]
 [219.92524102 695.34736237 476.0129465  345.00313899]
 [681.04504961 472.79150799 321.84933254 768.55573682]]","[0.23304187 0.77021216 0.69936325 0.366246   0.5346117  0.85469618
 0.30636504 0.95764847 0.58984442 0.65527386]",332,2025-03-03T23:24:59.437103
17,0.8069505929152938,"[[345.49169796 281.70197684 542.45834458 141.37425333]
 [247.01386634 590.82333614 242.45488574 640.81767856]
 [ 88.51116959 497.45663897 648.76776666 144.98523368]
 [189.30927158 236.91882125 380.11312345  72.0205037 ]
 [517.16734047 540.0881905  265.37461272 740.57864165]
 [326.80047255 692.29241879 311.07778394  27.38839124]
 [ 85.92320086 255.26865723 679.03917743 205.32181127]
 [285.7549786  353.65252999 621.91467423 565.0641669 ]
 [660.92564811 490.29578166 563.07700543 328.51252264]
 [ 40.11153755 142.75741693 545.10975922 404.59472085]]","[0.51835602 0.53338914 0.03405958 0.09930092 0.14059219 0.68270972
 0.89429682 0.65733087 0.10679625 0.5597202 ]",333,2025-03-03T23:24:59.444662
27,0.9126811085039799,"[[ 68.63393086 709.3165866  561.4831805  779.4453204 ]
 [177.32750684  95.31654722 728.70554605 421.3409096 ]
 [225.15257107 179.59782284 418.50349997 532.30869116]
 [613.33281312  44.9855545  266.77623839 742.52998165]
 [104.61153346  67.0589119    6.18362234  70.23378057]
 [642.41141711 430.52102145 589.19154446  88.08062769]
 [435.07738377  94.22584987 724.53525637 536.95618582]
 [315.89685256 747.54659512 354.98079709 307.06899457]
 [725.52621644 526.87170161 134.55357231 788.42675956]
 [178.3101601  500.74051103 325.91853659 383.67565315]]","[0.82695703 0.82153547 0.60693855 0.78420955 0.35038246 0.94017684
 0.70506597 0.54198705 0.82037688 0.03177451]",334,2025-03-03T23:24:59.453175
38,0.8718786997017223,"[[749.0325873  487.0674815  750.42280096 799.88365021]
 [713.12285681 273.59162381 270.86300792 728.52527287]
 [158.77346322 480.90803421 475.10045076 127.96356905]
 [ 42.82647231  90.96549827 627.61261972 287.34075916]
 [ 43.42623405 385.67005439   2.75063052 338.35628966]
 [704.38683621 607.5912394   24.72684824 445.98331839]
 [774.21323414 497.83832203  11.58445679 175.69126757]
 [456.33810583 556.34048421 624.20471774 667.22850099]
 [705.11787442 492.07697831  44.00474549 278.92772301]
 [390.99063533 363.96707822  75.59359416 279.68297272]]","[0.74022139 0.95904708 0.46059581 0.07558188 0.74979685 0.8682666
 0.47026464 0.7379627  0.07180119 0.54660877]",335,2025-03-03T23:24:59.459175
33,0.910331212722079,"[[195.2659514  448.1578251  396.51304053 762.15819978]
 [323.35723791 699.495855   426.10954033 409.07146615]
 [604.42845772 162.19496489  38.64711936 325.53977918]
 [708.5117631    2.28013285 154.70728245 196.82858672]
 [622.86686682 606.07995092  66.90443433 785.54838304]
 [399.34374735  94.96225686 288.56880997 719.18951592]
 [743.43768846 265.02978773 685.87106991 235.98041303]
 [240.49451419 240.45754955  40.66000703 254.37829803]
 [514.12469152  14.43560292 438.24896747 690.3569795 ]
 [133.33254328 335.53180452 491.39966008 337.45994768]]","[0.78084913 0.50075692 0.79742293 0.33862735 0.7260699  0.26893126
 0.09650926 0.18145385 0.33023532 0.5861568 ]",336,2025-03-03T23:24:59.466698
39,0.937428863835287,"[[766.73933917 193.26693508 160.23057007 385.0092102 ]
 [502.37342488 527.69504714 130.27063596 704.36238146]
 [765.04903996 770.48440605  47.0522892  610.83930292]
 [274.26484885 714.95516126 181.89659463 738.25343524]
 [289.99285688 338.69016112 782.08971771 501.78906506]
 [417.80702808 782.58103591 405.56609983 593.26582296]
 [584.75805972 582.16396197 480.10074526 417.60964707]
 [717.23720477 758.32752806 164.1662357  674.4935782 ]
 [555.62178443 304.22964533 425.98224456 416.84991909]
 [406.2587798  404.2397074  438.82355617 598.29002957]]","[0.41428961 0.3939995  0.58508652 0.78945482 0.90904882 0.46817981
 0.11262208 0.07732636 0.83637733 0.93116397]",337,2025-03-03T23:24:59.472725
42,0.814269113856207,"[[340.31144967 742.5902239   14.62555277  68.84027257]
 [ 34.11827278 168.98339176 432.31115369 634.50460058]
 [265.35306608 617.62128781 477.78734838 462.7409448 ]
 [693.38901024 497.18982909 663.38278116 789.97358311]
 [232.45528337 663.65004378 175.48616333 184.37997308]
 [658.89596473 501.80119678 334.19274593 777.38484215]
 [326.13452476 718.67621684 212.2469902  124.44635102]
 [217.72510149 432.58901942 436.80254674 659.13230801]
 [611.44768425 175.93180756 325.11255184 395.63401941]
 [176.51486907 637.10846437 101.63851704 384.08703482]]","[0.19623041 0.3131665  0.83201121 0.19797195 0.81246347 0.72834642
 0.67781709 0.38436552 0.27676535 0.30459315]",338,2025-03-03T23:24:59.480494
27,0.8614521189656049,"[[595.86396598 313.13659648 253.65426728 608.68504885]
 [ 66.59596139 283.93506392 407.85802709 376.83904568]
 [242.9591065  674.98403612 583.5075826   91.4875263 ]
 [502.53958842 476.50068873 574.57323089 610.50412084]
 [255.16076147 733.90582585 506.47833126 473.03006349]
 [109.84359494 410.72336514 148.03033549 289.24290158]
 [ 33.54866631 168.97532827 492.07825733 111.00426951]
 [617.18038748 487.69011062 183.89195015 458.55557482]
 [344.31787791 648.78986598 211.62702522 157.38712196]
 [ 27.9233313  745.38530513 647.42217057 121.12509759]]","[0.25407139 0.23596465 0.94898312 0.3339817  0.33175114 0.03750774
 0.04693496 0.61854359 0.59833121 0.09159716]",339,2025-03-03T23:24:59.487825
44,0.9374542050299992,"[[292.89064108 351.43724763  26.97400659 719.99994959]
 [535.150002   711.59830582  89.24885375  53.98910606]
 [407.98077635 211.60885717 766.3189056  152.72628528]
 [384.35210874 361.05922101 486.67487013 233.6922301 ]
 [719.67074034 624.42503935 634.62593574 282.15875769]
 [122.28490162 214.86780736 273.76098405  96.43376391]
 [671.71512048 145.78600062  91.38088961  86.75639141]
 [345.51629138 477.16534392 442.19001173 339.87983428]
 [235.14091529 649.09183044 505.36118665 741.12531979]
 [679.66302895 729.3686723  443.2230636  414.67722156]]","[0.49182939 0.3107331  0.33212989 0.25991699 0.75998306 0.04159027
 0.95138403 0.77917147 0.52790125 0.51128174]",340,2025-03-03T23:24:59.495289
28,0.8080805657703152,"[[632.58237874 110.67112281 511.7322912  290.06980092]
 [639.12537141 641.8384849  160.408885     2.75775405]
 [118.52061645  96.01569286 234.17610959 576.88307735]
 [125.40222594 148.25557829 456.97377977 652.70365624]
 [ 18.00224251 792.93907185 678.49732675 323.5991346 ]
 [158.44568035   9.08823419  60.87742098 190.93847272]
 [115.75866495 510.80453424 423.67481839  56.07797612]
 [726.62823119 784.84721601 218.86628911 242.04207048]
 [249.07127061  78.75179794 112.73348246  24.69380454]
 [199.778921   369.64574613 198.14306809 304.45300308]]","[0.15817699 0.44490326 0.402482   0.7875536  0.50272044 0.93241918
 0.47338005 0.59391787 0.284827   0.97338932]",341,2025-03-03T23:24:59.503828
40,0.8590836729750722,"[[5.09802854e+02 6.80598354e+02 6.68281406e+01 9.91691570e+01]
 [6.92309045e+01 1.24669714e+02 1.95574698e+02 5.01058965e+01]
 [3.47798050e+02 1.49911808e+02 2.97627136e+02 2.60505419e+02]
 [7.21759473e+01 4.03505510e+02 6.95983689e+02 6.16314444e+02]
 [5.51568203e+02 6.85063185e+02 3.98447628e+02 2.79771504e+02]
 [7.41301468e+01 1.60516264e+01 5.04015328e+02 5.96792107e+02]
 [7.42731184e+02 4.91692726e+02 6.60179893e+01 4.45498635e+02]
 [6.48926066e-01 1.53142405e+02 7.41955754e+02 7.69921829e+02]
 [7.46128845e+02 2.99173453e+02 7.43371806e+02 5.79702409e+02]
 [6.53249764e+02 2.38123555e+02 7.29009936e+02 6.15097938e+02]]","[0.64988586 0.57294797 0.38211557 0.3112752  0.06580107 0.80278668
 0.37007052 0.17349287 0.23008763 0.21305356]",342,2025-03-03T23:24:59.512911
33,0.8783222690644324,"[[703.23603984 660.33281213  22.03475138 741.30955635]
 [ 89.87277433 295.59567049 468.47934662 371.26702336]
 [225.30774835  24.97108564 277.48082269 307.8883859 ]
 [388.62826273 497.65913522 401.50788913 196.33394793]
 [703.51514872 467.20698842 411.24594643 568.40712267]
 [612.41112867 634.25207975 247.18527475 333.07656201]
 [ 33.24389777 281.59172978  76.04432661 164.72299632]
 [354.35829815 172.7697647  634.60989613 217.53274121]
 [670.96070299  47.96832766 651.89198557  78.7345607 ]
 [319.6756578  391.74780584 221.76321207 164.98436537]]","[0.0926887  0.4823663  0.05275823 0.48619584 0.94858383 0.04795423
 0.91882271 0.28203315 0.22513405 0.93411417]",343,2025-03-03T23:24:59.519925
12,0.9441754579306966,"[[357.13974981  93.82143474 537.56722327 797.65732754]
 [458.35228099  89.3663722  256.94774196 399.65746137]
 [138.26458589 115.73507397 397.27961151 328.53316109]
 [ 73.86685621 620.66151683 421.08236017 265.71984463]
 [347.25882188 144.20323522 532.81536892 588.76412389]
 [151.6624745  515.14187283 346.42099062 624.08166498]
 [ 14.39499232 137.59806898 577.04676933 183.45606839]
 [481.76401034 106.33838801 568.05612408 787.36691008]
 [469.43583951 387.73617664 710.49024287 630.63907754]
 [304.98299474 697.87095976 434.9546802   32.22667532]]","[0.45160844 0.0210356  0.78442751 0.18065236 0.07792646 0.1241659
 0.82459885 0.11238216 0.94208345 0.86942209]",344,2025-03-03T23:24:59.527322
14,0.9378792814039716,"[[322.19137583 676.50708302  20.13299697  67.25487141]
 [718.79676699 276.15537803 380.82526674  86.10744055]
 [138.66309688 107.094697   373.09236689 759.83092969]
 [700.45936785 220.25689572 518.65664151  74.51068233]
 [305.38789856 108.4791754   41.58625546 177.55438049]
 [600.63276845 150.47643    270.74502435 568.66461959]
 [ 65.0479696  564.04224471 630.19410784 499.28141738]
 [232.90305541 343.7268724  207.82469919 776.57609851]
 [198.46452307 556.07355726 329.0948614  310.53455559]
 [ 76.01372265 140.47077403 686.18684102 352.46847897]]","[0.08432506 0.63702946 0.63890318 0.86827509 0.62621126 0.74621273
 0.34293076 0.02878933 0.16985233 0.0070899 ]",345,2025-03-03T23:24:59.533486
10,0.912090184097866,"[[250.55545202 368.1606462  150.42285581 532.48586979]
 [671.21012746  46.1314211   40.71662122 658.91697885]
 [760.15152979 246.81779937 791.08091981 798.02877762]
 [761.10895505 584.81308217 225.27713607 779.69423287]
 [156.78666719 598.17518849  98.88879619 156.45333991]
 [380.99495941 172.48941996 797.10924444 351.09746161]
 [782.63871672 151.74928713 218.17271145 787.25217975]
 [  6.16997308 160.0823876  730.28331491 478.77226938]
 [481.02689469 736.63273604 538.30751899 126.33073881]
 [740.53818554 214.52999395 152.09978518 174.36602004]]","[0.04004361 0.17476109 0.3269562  0.24152112 0.23233887 0.22878254
 0.82356874 0.43281238 0.62864214 0.55393265]",346,2025-03-03T23:24:59.541225
33,0.8605120280377982,"[[270.29419737 658.20393976 124.57279361 137.954278  ]
 [462.50833211 177.69021993 626.70058106 170.40121222]
 [407.84423835 335.41104622 379.45533845 550.12608422]
 [315.6731188  439.38185312 588.09357247 205.37859892]
 [630.08650653 157.78051752 278.54155832 361.38660883]
 [305.67357375 125.47311865 128.29052358 678.16036397]
 [489.24710201 505.22551236 137.92645685  68.739552  ]
 [696.38180451  70.09964269 207.23076799 307.46796104]
 [354.48099372 402.39706477 313.6083084  573.11789054]
 [543.88026706 176.21377039  73.04766892 672.78443502]]","[0.08550432 0.9564909  0.76697728 0.02360308 0.217966   0.16710331
 0.95035187 0.98288424 0.1997861  0.38640702]",347,2025-03-03T23:24:59.549752
18,0.9033835588808645,"[[117.87520295 315.54093801 191.50244225 132.66871925]
 [591.40904176 614.44359769 282.23550125 288.86994332]
 [546.14696926 527.55943096 713.14881207 260.09798789]
 [305.24128367 328.28377445 307.38492696 261.43738037]
 [734.30785157 530.78511388 468.79074319  49.80612498]
 [575.92650538 524.21649658 500.62517388 265.16863517]
 [ 37.77170146 142.87074365 652.7700248  549.39714248]
 [749.78672469 308.47240788 435.20861752 447.86384195]
 [229.72952961 730.64518382 411.39571682 612.32945866]
 [514.22735111 696.08052449  58.68167696 410.73624152]]","[0.04563354 0.05279618 0.59273134 0.39787487 0.18080889 0.24414429
 0.80201364 0.01497508 0.46753116 0.90049003]",348,2025-03-03T23:24:59.557054
37,0.9028916129177808,"[[502.6609219  597.02837456 748.23471059 497.05907334]
 [ 45.97185159  27.7147354  179.89950721 538.14585448]
 [ 51.71724226  67.580424   243.05997475 348.84228254]
 [ 34.64515729 204.17813264 604.40368647 664.7840897 ]
 [651.2264918   55.61747865  60.25077599 417.35543546]
 [589.24117014 362.49889807 239.45392417 395.6735492 ]
 [374.77138205 345.0145502  218.59097526 327.71864578]
 [572.08380087 724.68636244 680.18147093 243.8756136 ]
 [ 91.42635925 361.09684697  51.37759006 599.91472632]
 [638.33927254 124.12203308 180.87600218 539.29693127]]","[0.29485548 0.54130495 0.3428502  0.42694984 0.26810505 0.011227
 0.38668861 0.18867309 0.36731539 0.16545881]",349,2025-03-03T23:24:59.563912
38,0.8811326644878685,"[[744.22560151 261.90136105 123.89523393 432.31017004]
 [382.8580053  397.5809971  402.93189389 695.27647686]
 [598.47865705 721.30002192 654.919543   485.94392671]
 [799.08340986 516.70596243 328.30001522 316.58717331]
 [679.27434029 179.13570475 434.34972621 256.71686852]
 [652.58959135 249.46460308 148.40815244 313.54142628]
 [255.24730307 247.47171714 560.87981095 474.22246265]
 [335.35123976 103.58694391 708.4294474  266.56600038]
 [ 18.28835905  82.49943595 211.24787025  89.12894474]
 [492.0415726  782.4870061  663.15232359 791.3022178 ]]","[0.91406464 0.5687469  0.87659247 0.86015232 0.70274568 0.55908004
 0.55218915 0.4375759  0.7759146  0.84618207]",350,2025-03-03T23:24:59.571944
45,0.859365483515809,"[[ 16.5022721  366.52732634 528.44972541 725.49049103]
 [793.88710208 770.29100411 313.8325805  474.85665875]
 [698.16067486 339.72598376 471.57744943 349.42112434]
 [137.34155183 140.77832916 708.77716076 390.1382666 ]
 [590.71573369 613.53772109 598.09866083 682.73629674]
 [103.40142168 530.83125977 510.2833681   95.96079014]
 [101.98158049  39.67027376 499.6748609  638.43436199]
 [301.75248199 489.91241439 271.21633043 678.48150619]
 [137.09254893 682.23196672 379.2497901  103.08076082]
 [ 32.66255303 457.57221054 274.27243554 283.83016465]]","[0.21938271 0.05475923 0.03716943 0.22200837 0.77631097 0.23023945
 0.60377982 0.8139441  0.68749224 0.87021569]",351,2025-03-03T23:24:59.580013
31,0.9183350272591912,"[[659.82626532 683.75673893  49.43313385 573.53662898]
 [146.14324712 591.20170736 119.56962087 160.0894987 ]
 [ 10.09233906 192.92055687 248.21923234 229.85173533]
 [184.48902474  10.0362749  243.71252525 282.61574774]
 [711.04059927  93.70926624 324.11476874 400.28964465]
 [161.78181487 669.23174646 677.92459007 453.19441979]
 [772.9028319  361.43340713 584.78014484  73.16296597]
 [422.70361635 786.39236676 336.3201412  485.29996868]
 [351.48484534 197.02258028 667.86319861 401.19144036]
 [536.05984034 701.52849207  14.7146785  675.11476883]]","[0.19414031 0.52919707 0.37716654 0.78959766 0.69788375 0.83448196
 0.17262912 0.58344014 0.54278176 0.62684716]",352,2025-03-03T23:24:59.588693
34,0.8790436431797367,"[[127.43578711 564.04754202  31.49637386 405.60262863]
 [199.21634106 408.85534076 753.83359461 431.52590029]
 [253.79971356 243.13181095 557.05066781 150.48314513]
 [420.54581021 798.16516706 403.26143551 184.97468477]
 [190.43110611 117.12340705 563.62449806 570.73486616]
 [761.13549664 757.70236116 566.78575617 201.73253594]
 [761.32947282 438.51294768  88.09926259 303.36619347]
 [607.68224705 337.46613478 141.82509492  84.13446148]
 [ 81.90041709 122.39274128 624.54519465 605.31545984]
 [382.58034698 255.45887863 592.34693902 658.69413313]]","[0.20758299 0.10681018 0.77602041 0.22762202 0.16596359 0.30792061
 0.91519917 0.37295772 0.50600435 0.96041867]",353,2025-03-03T23:24:59.596899
35,0.8442934824859765,"[[ 36.96459911 576.17355985 692.08096766 233.22497734]
 [412.60789085 665.58463619 736.3171693  376.12427481]
 [762.35381001 313.34026768 655.31832963 635.51437552]
 [782.91309024 432.77692345 780.75738155 701.24466702]
 [313.77359502 270.04611278 706.53846671 209.35446199]
 [355.39314638 455.93171413 738.14086478 762.63420691]
 [456.78380574 664.72392852  49.56595459 310.81951211]
 [403.37450851  56.09594399 761.01294346 207.58073778]
 [719.77043513 773.27101818 263.36466308   5.01533252]
 [392.66177347 602.93827708  67.42460351 682.86046371]]","[0.52662315 0.81858997 0.18157046 0.26669899 0.94749589 0.01074075
 0.03066569 0.36356931 0.31318506 0.74118653]",354,2025-03-03T23:24:59.604491
42,0.8118868798176737,"[[356.54992589 716.16441858 138.0457332  774.3170873 ]
 [ 90.78998918 483.06769152 307.13332156 206.74911554]
 [591.13332021 155.45927871  60.45231178 133.02544693]
 [413.49148297 490.42888295 648.23300702 479.1136829 ]
 [120.00006108 387.91899238   6.06200809 207.52576982]
 [385.63669236 765.98775263 121.08901936 591.413564  ]
 [ 70.87086824 587.06153052 335.98984541 776.38504943]
 [  1.26944488 657.93074982 238.5200193  240.33597763]
 [492.71621546 412.19614995  76.13403362 151.28029447]
 [574.3672991  496.01716356 110.46054571  86.12894958]]","[0.7069516  0.08127808 0.11200444 0.45975367 0.5567238  0.22714616
 0.45195572 0.1662126  0.4453574  0.56242519]",355,2025-03-03T23:24:59.611045
50,0.9322829666410486,"[[143.41483754  53.37975561 107.36225507 222.88400257]
 [701.08041086  12.1137189  435.57068896 718.89961456]
 [391.34515675 229.7197201  319.85650835 406.65182732]
 [791.3443505  612.58258573 340.03192315 101.73364152]
 [371.84295276 445.66748516 672.51277699 510.61378441]
 [293.6016382   48.81820176  41.14671117 689.47656123]
 [494.32820532 408.8077748  411.3371323  564.88033178]
 [777.39239518 180.31064442 188.7363329  567.28587996]
 [397.14365301  45.76370362 654.06131921 349.41181902]
 [177.15955057 149.26172265  57.39565992  66.48602224]]","[0.14667004 0.14730817 0.94100762 0.92300704 0.14195599 0.72301806
 0.12936232 0.22553858 0.89288673 0.79138856]",356,2025-03-03T23:24:59.618206
35,0.9154795181291735,"[[312.38911876 682.97389477 248.93325103 705.5168201 ]
 [137.65923766 528.08770084 301.17346218 644.60331343]
 [405.46465839 538.92606995  22.99134763  69.45376129]
 [285.11638637 319.22610312 485.26733574 564.33540303]
 [262.58636387 679.70148134 186.34649904 699.60622975]
 [493.37784164 143.07120077  38.24439145 741.41750386]
 [132.6006867  213.73005031  80.88192085  46.47748894]
 [677.42812827 187.55176116 525.63862624 638.34189654]
 [292.50613445 140.60453441 588.04332456 516.05370957]
 [242.6309971  154.50986922  87.75576654  26.16426139]]","[0.92554971 0.21971846 0.35608591 0.10934772 0.84605936 0.73299165
 0.73308978 0.7461636  0.41922471 0.35940303]",357,2025-03-03T23:24:59.625802
45,0.9233700917106582,"[[523.5480122  240.82248357  62.8860187  221.92329287]
 [701.68934411  69.1890838   64.3927555  453.28326666]
 [229.90899821 378.33080961 587.25396635 514.44280069]
 [477.59962385 199.61791186  82.69334194 795.56923906]
 [590.43445718 360.02193268 223.70990648 188.63184323]
 [365.13102062 541.16513064 256.37512239 308.16201178]
 [ 94.67549813 604.58347963 494.38945622 288.88612591]
 [600.35626519 131.98553503 515.10178161 325.78204502]
 [415.89608526 150.24021006 586.77112737 448.73410013]
 [375.44466705 229.01773474 217.03495644 278.46547915]]","[0.28421855 0.75805402 0.07450065 0.34371581 0.91419761 0.90528697
 0.44259988 0.27263099 0.25908082 0.4260618 ]",358,2025-03-03T23:24:59.633160
18,0.856271306611034,"[[3.79030299e+02 2.45663677e+02 5.44638865e+01 1.98919951e+01]
 [1.10859120e+02 3.82058062e+02 6.85820661e+02 6.43163736e+02]
 [1.75434844e+02 1.27698670e+02 1.21044852e+02 2.44322095e+02]
 [1.28321283e+02 6.02574559e+02 7.01979639e+02 6.30625283e+02]
 [3.13795195e+02 7.37025820e+02 6.00697302e+02 2.99571308e+02]
 [2.21741370e+02 7.21800883e+02 3.02988325e+02 2.55334816e+02]
 [4.83899491e-01 4.25413501e+02 4.68581646e+02 3.04220311e+02]
 [3.47296353e+02 4.38398360e+02 1.40034792e+02 4.30197889e+01]
 [3.80260904e+02 6.67133055e+02 4.54147642e+02 6.28927985e+01]
 [3.93920771e+02 7.97162054e+02 1.29602461e+02 6.48224951e+02]]","[0.64944286 0.89247013 0.04707266 0.64095171 0.49059571 0.95752053
 0.38838111 0.42253974 0.74930429 0.50799957]",359,2025-03-03T23:24:59.640771
37,0.841505307783992,"[[602.299273   313.69043554 398.66762604 788.44891719]
 [ 31.33739557 582.59003859 644.49416809 530.4938464 ]
 [ 65.30309298 610.99103269 269.90822934 200.19148845]
 [  5.21056492 565.29663164 723.25249374 270.98197652]
 [568.28480113 497.97230054 468.21309639 428.34414204]
 [684.976654   577.28744735  95.17763559 207.09884975]
 [773.514301   783.77866969 668.62294736 174.36880369]
 [ 11.15124275  72.50941944 258.42887797 664.85630466]
 [ 70.6419088  542.43659403 288.91780852 471.00658327]
 [744.52011467 218.85804232  32.78428235 658.87416805]]","[0.28137689 0.55910134 0.49398198 0.62957399 0.81667547 0.81080127
 0.00790627 0.68592424 0.00582169 0.07263206]",360,2025-03-03T23:24:59.651764
49,0.849908378654122,"[[470.05079761 795.17385102 651.72539449 513.72895833]
 [620.79144927  63.58429696 213.5601005  637.91854276]
 [520.48058571  71.01032922  31.7689012  778.05107035]
 [636.34995508  36.60042821 296.6014438  796.62974945]
 [ 50.72420711  79.75725428 774.2220896  541.6051682 ]
 [318.72594506 718.77520269 315.44722346 317.28872091]
 [195.78950715 599.21838225  51.69418168 456.99534551]
 [106.53419138 757.17454369 695.85701266  91.17997251]
 [141.7879649  164.97957116 668.4469916  254.18199346]
 [447.13809127 630.15092149 457.67526994 574.6465333 ]]","[0.18241271 0.58540685 0.74096255 0.15079402 0.68346208 0.61878953
 0.89872857 0.11113293 0.70678261 0.80057142]",361,2025-03-03T23:24:59.660139
40,0.8341684747994567,"[[776.03576201 149.98460216 365.51627225 563.08845253]
 [ 99.43471842  63.09992505 701.58497088 340.50307661]
 [579.92714194 331.59427529  30.46915195   7.11520351]
 [526.32769499 440.32075181 591.12225077 766.51364461]
 [  8.52487979 243.72087864 321.89167631 464.57662053]
 [783.30910489 231.85398241 522.76239619 359.0915685 ]
 [368.94658883 382.03848049 278.20678041 331.8309988 ]
 [797.05186928 435.28293984 367.62052649 339.56401633]
 [112.71671069 174.96430657 638.66304489 156.08280593]
 [631.34888717 394.04547242  53.20587238 263.69935368]]","[0.55607921 0.13980119 0.91534089 0.81245799 0.11728151 0.76035772
 0.5063448  0.6340753  0.54612523 0.72321911]",362,2025-03-03T23:24:59.665855
48,0.8619527402460364,"[[313.27725158 394.10880728 495.68882324 429.81306044]
 [549.1136773  123.77759425 283.45785911 690.68242546]
 [283.98872953  84.86738439 542.1492869  523.27359193]
 [577.92803046 442.4743673  610.83454331 395.66040903]
 [124.35136853 733.9807407  112.12820303 777.35090292]
 [247.9734441  196.1694831  342.86807025 285.04421592]
 [700.9846186  489.00232132 128.27923861 546.07989376]
 [564.78122755 132.83543294 675.19498996 342.35254608]
 [ 90.53903254 174.68538875 295.54955512 151.28814272]
 [393.76394966  49.81042218 284.23253725 385.34023938]]","[0.64871587 0.11742913 0.30479198 0.05140287 0.30816574 0.66479642
 0.08107573 0.69679637 0.79359564 0.57366118]",363,2025-03-03T23:24:59.671868
43,0.9382730695728672,"[[792.76799579 777.39414037 351.55763154 530.86236004]
 [566.70027029 342.14118785 658.0518789   47.14619366]
 [412.68733325 723.7975768  124.17907386 388.03559321]
 [171.18395258 105.2481653  584.33776469 112.94857077]
 [549.49604642  62.58644289 198.763328   445.70639373]
 [473.3460429   27.80447468 668.42185228 127.186413  ]
 [747.00553208 168.78845821  52.93758395 266.51852868]
 [594.14929999 347.84047106 233.49195958 440.68160639]
 [221.57153035  14.11465203 249.65474843 680.97931757]
 [ 67.33117578  95.89340649 686.58061463 415.83761762]]","[0.66744064 0.73227697 0.50038946 0.89227879 0.74308993 0.6021526
 0.74948178 0.87272431 0.95982097 0.81590317]",364,2025-03-03T23:24:59.678228
11,0.8590521389955862,"[[544.87687669 420.41006443 659.54573298 288.1702138 ]
 [581.07344644 145.26255763 359.53295749 497.82426956]
 [273.56293772  12.11528938 360.05033422 365.74980665]
 [640.64455079 171.04971431 573.95805297 630.60871928]
 [195.77477304 269.92386038 733.60787515 410.07676031]
 [766.53158527 410.8137069  743.02001486   5.27797493]
 [326.69572661 382.52284345 177.76724106 274.1920114 ]
 [454.43983654 664.29450297 679.88622635 662.12134621]
 [ 42.63971619 271.20560835 753.25174499 301.2967012 ]
 [300.44970332 404.55884024 180.55465053 556.69916917]]","[0.44264456 0.41050858 0.0383671  0.92466927 0.84300935 0.15694284
 0.00537299 0.3926857  0.72752633 0.73246814]",365,2025-03-03T23:24:59.684776
10,0.9458129385441273,"[[ 48.60530719 269.07371787 433.61811239 284.41521017]
 [407.25502164 443.84954018 385.6979145  480.4802712 ]
 [149.68503435 440.36266772 582.7340128  575.0970129 ]
 [604.998098   201.46959479 460.07764664 465.06386962]
 [498.2245116  208.05226406 391.4476671  688.96368293]
 [612.40656253 332.30738299 295.61098346 153.82539832]
 [668.35724509 199.14891251 257.89750918 666.49126385]
 [476.45154492 250.05260498 475.23795799 736.47575001]
 [476.14357841 120.43881612 221.14591087 522.50666994]
 [ 43.30071166 241.67362604 233.33740709  79.17048108]]","[0.65021524 0.51517235 0.96955595 0.47213986 0.95477841 0.55179408
 0.89728407 0.79214503 0.58702645 0.0908561 ]",366,2025-03-03T23:24:59.692811
19,0.8726073550301375,"[[ 64.37396091 611.15975267 567.43049266 620.02291966]
 [423.74249461 305.22657324 771.91968547 380.32265295]
 [594.30955907 344.75865441 327.52874074 465.3242968 ]
 [727.42739925 777.79499353  27.68508476 402.62905093]
 [154.74266322 418.6238944  632.32185912 153.62076801]
 [ 25.74155344 448.61353626 368.58398144 482.28064813]
 [666.11374123 474.34366271 614.97693316 409.71894023]
 [447.52437862 649.40273732 263.50828909 399.73930519]
 [438.52086899 364.88782513 263.79756886 229.34688953]
 [249.74853829 384.76462662 697.45762615   6.71378412]]","[0.43365008 0.93476772 0.46494895 0.49466446 0.12580305 0.50952211
 0.69256571 0.9439689  0.06938552 0.0528832 ]",367,2025-03-03T23:24:59.700925
44,0.8660561699952787,"[[411.60805484 408.92655072 319.65164038   3.82755004]
 [419.32451533 549.23887118 575.19259812 197.0481161 ]
 [284.18758081 787.14303225 771.09934077 488.4427755 ]
 [428.34533209 548.31839059 433.15051209 548.69622425]
 [256.3942601  778.66387983 790.95448069  99.92769273]
 [175.24564294 286.70767845 578.88333803 371.42040662]
 [ 28.10851733 310.95846857 286.07969222 392.11192637]
 [124.17980524 457.69138365  31.83727355 616.85411333]
 [177.97063458 506.30155818 595.64722035 699.66994946]
 [353.38979797 536.17357247 762.6446043  451.5381569 ]]","[0.73191566 0.752589   0.86152722 0.53952916 0.74833878 0.59234591
 0.97625628 0.93229004 0.68319681 0.58175204]",368,2025-03-03T23:24:59.707717
43,0.8942952211392079,"[[460.42573134 393.20242223 368.66419062 782.70988181]
 [658.93665646 485.78658187 266.01446511 510.68954534]
 [ 52.01277169 682.83561579  46.16888377 319.4064083 ]
 [778.91211556 350.74522465 336.63189241 345.44289117]
 [378.33064775 588.39309714 180.95450355 578.46255841]
 [176.70245322 676.6021201  198.20935005 239.18852892]
 [408.45789131 142.58504106 603.70383689 217.53780686]
 [414.68533597 440.38021244 499.81972793 297.5442596 ]
 [ 21.02384703 592.94879685 189.91410954 775.66300898]
 [734.48312328 730.91409995 367.39093358 388.45739846]]","[0.14098584 0.88159242 0.46314944 0.0858725  0.47122924 0.61938149
 0.81047949 0.21823161 0.47720773 0.67159347]",369,2025-03-03T23:24:59.715329
19,0.8847583026568165,"[[592.66854012 147.81554954 523.21676662 391.32373898]
 [735.71501171 286.29499697 488.65385404  39.17027349]
 [111.55437263 257.70628793 291.07931542  57.50934446]
 [661.03948656 548.09048961 427.6753045  675.79643101]
 [690.58922902 589.99388696 553.74041314  39.94560744]
 [572.55677407 214.33767097 285.94148617 122.62612344]
 [519.5513061  671.53441241 153.40604206 209.41943604]
 [395.40650937 344.33037709  14.39700122 726.65514905]
 [388.58336377  65.81275241 576.09172458 288.75221999]
 [509.08489987 452.84556998 741.33200749  13.76394508]]","[0.21311991 0.5159189  0.93054844 0.1906511  0.78310927 0.37874491
 0.79888156 0.05914792 0.09758102 0.39965767]",370,2025-03-03T23:24:59.723803
33,0.8428761169865031,"[[112.31750278 325.15776482 348.10297286 506.1073912 ]
 [646.51987199  13.3516551   69.4358444  221.8544367 ]
 [308.09281179 756.52394575 324.34744789 551.59139899]
 [475.0958469  660.19865341 384.35086749  79.82829618]
 [ 17.6300884   31.06157613 285.61471364 648.44371239]
 [ 72.72274372 336.54346476 327.59550701 344.76646003]
 [ 36.5093903  751.71977118 596.41859951 546.35708768]
 [189.79620859 624.51635033 123.04809342 227.98387761]
 [ 97.46076126 640.2966563  394.78318749 630.79844013]
 [454.04906396 101.61024885 678.05459207 130.44638139]]","[0.69646781 0.68102772 0.13524655 0.63143023 0.46550184 0.64634299
 0.1113146  0.63433752 0.6312122  0.56961138]",371,2025-03-03T23:24:59.731674
15,0.8000165730194599,"[[ 19.44225712 579.30583085 384.97900146  74.81644291]
 [527.04723358 682.16025308 144.66936793 655.75628811]
 [370.19870388 651.43251095 222.23139133 292.22765769]
 [337.50827657  27.704643   371.34483232 780.2194692 ]
 [262.4263166  476.44599817 352.39944504 277.34808015]
 [717.32528205 166.8540609  255.73623359 791.01110586]
 [349.34868092 367.0873775  102.03127489 785.95502198]
 [765.35825063 398.29000345 660.25315392  65.80581847]
 [650.27318058 727.37695562 622.10080613 563.06443654]
 [612.22538482 243.40374991  62.76128269 415.14821114]]","[0.67068564 0.23416287 0.27735511 0.32180157 0.43911074 0.85476477
 0.6367609  0.27139698 0.06279522 0.31709453]",372,2025-03-03T23:24:59.739642
45,0.8516854609696733,"[[126.02016405 450.42060385 782.30566573  35.70247385]
 [355.15153655 778.17217436 111.02496438 202.76285896]
 [792.04480466 720.58299955 391.26816575 352.52953201]
 [597.65974276 233.21178108 174.22672612 343.07096008]
 [197.58145841 248.32298716 152.06512248 415.82073431]
 [744.60387223  92.15625963 733.89793379  94.58544801]
 [356.28417495 254.52037395 705.82075998 648.08369252]
 [188.53249523 758.09868618 269.95182486  31.19917736]
 [120.81041526 453.7625432  444.93195258 159.80601957]
 [168.7299444  208.04766761 384.64823243 611.18018459]]","[0.62216189 0.78670134 0.21905067 0.69571616 0.69258454 0.07476991
 0.92336651 0.72632008 0.82689456 0.65074924]",373,2025-03-03T23:24:59.746725
48,0.8146230511656877,"[[260.922516    80.29370154 168.4993006    4.42193469]
 [694.97757171  97.95713219 429.8855013  660.70467403]
 [607.55628497 614.02371359  79.89845407 747.00073439]
 [100.3382274  549.13235822 557.02110975 220.71548886]
 [722.28471136 679.28803087 704.23828452 201.64697913]
 [ 20.22064793 282.33963909 593.82137817 273.03211296]
 [183.01319854 352.53390478  90.49065934 280.64147661]
 [239.46061973 551.0255122  322.23717544 217.22846565]
 [271.02372149  11.72455134 645.46250528 625.68143296]
 [670.1259578  230.71904285 123.35828376 745.1788339 ]]","[0.9069436  0.44090062 0.97952213 0.2596328  0.97864221 0.77890968
 0.70377368 0.3863812  0.08851224 0.67497807]",374,2025-03-03T23:24:59.753147
12,0.8960318222994215,"[[517.24586512 150.2389209  506.28172548  11.80148219]
 [794.63631511  78.51377101 168.54982864 203.03885163]
 [ 90.90484214 301.17375799 419.03704876 742.4690482 ]
 [344.29333605 711.49831117 582.88301021 523.80730544]
 [295.12672621 411.81895358 293.9315027  640.89065596]
 [465.04230771 380.83328959 664.50189479 357.98953514]
 [412.21536116 482.67650469 415.65967609 424.30063201]
 [516.95860659 642.75891666  28.90686399 712.30655559]
 [252.77748877 295.25583179  15.74015575 331.44554185]
 [480.89401591 170.78102876 167.4694888  145.55421061]]","[0.92633449 0.8687866  0.79245077 0.79531903 0.38899415 0.74488222
 0.40118812 0.61282626 0.31447143 0.85271217]",375,2025-03-03T23:24:59.759526
22,0.927173486965762,"[[ 54.93370784 690.12480214 794.25673168 330.03047567]
 [167.47531532 664.8757144  450.04489152 563.43607323]
 [288.8434888  463.01047769 442.24912701 298.64962125]
 [693.88881465  23.64543466 129.54768949 235.4513835 ]
 [483.54080141 615.70215424 401.44381718 199.28107041]
 [492.36118356 676.02958685   7.68873877 552.97002385]
 [440.31855483 781.45960828 145.14031345 744.4037861 ]
 [253.13454203 794.74178314 704.68217891 750.76593682]
 [292.01936202 295.93464771 455.0864441  393.31633979]
 [210.64848603 198.81722439  96.00500628 703.28908005]]","[0.43441399 0.34044971 0.60170822 0.29362624 0.92457698 0.83761049
 0.01714043 0.97133065 0.20002672 0.38816526]",376,2025-03-03T23:24:59.765199
11,0.8077285753493667,"[[306.36726695 149.43872204 435.11553233 170.38387352]
 [762.01911954 506.43555521 711.04888413 670.39852745]
 [  4.73484254 768.25377832  70.60820198 751.06828262]
 [531.93256454 789.16979554 287.83982426 714.68193979]
 [795.61723734 117.44242716 214.62285274 629.78340177]
 [105.64500465 119.53097211 442.13291016 598.49553365]
 [ 92.34495735 333.68806638 654.77436015   6.50923256]
 [750.64808257  69.06107922 654.66815455 596.03508756]
 [774.4665329   24.47492797 480.50173773 363.32143874]
 [629.18669521 586.00675675 145.98688463   4.03176186]]","[0.7984856  0.898903   0.91961533 0.23101968 0.51961964 0.20065589
 0.73789786 0.15900274 0.94806708 0.99046344]",377,2025-03-03T23:24:59.773038
18,0.8988849993066601,"[[714.312485   548.79177235 128.66565505  87.59718242]
 [747.67947638 693.64786979 296.23827112 655.06347734]
 [ 13.90113417 376.61302926 519.40462665 169.62475401]
 [606.1069421   60.21446107 564.86403524 539.81946176]
 [498.65624218 230.97431652 284.63918604 160.18670913]
 [ 11.10867463 365.86383308  93.78789082 489.12676665]
 [455.14202858 420.43077379 730.16505239 219.78851546]
 [198.35674075 673.74723136 241.65143097 488.10795653]
 [498.73022445 348.95914784 415.99197193 222.819784  ]
 [692.23171667 315.0350071  714.77497609 727.07376863]]","[0.9326023  0.7578758  0.26379717 0.74358054 0.76148503 0.97954757
 0.55964433 0.47322272 0.79074039 0.16957129]",378,2025-03-03T23:24:59.779784
35,0.9176024913859497,"[[ 22.09116668 743.60812545 150.81242807 621.10644825]
 [  9.86797186 479.31292526 718.1408949  150.35587458]
 [126.36650582 508.16236125 533.93207163 385.57661637]
 [614.59009158 181.46860205 405.0990421  161.08691664]
 [ 32.18042522 451.25661194 463.19744029 728.51447816]
 [600.72013613 727.04498692 261.3490279  195.12033551]
 [699.9603332  746.64497229 793.48515968 702.37099762]
 [638.25951138 780.93867129  32.03249957 348.38017908]
 [465.96487007 349.237243   333.74530541 633.66983605]
 [477.51043302 465.51469769  91.2433063  551.62975102]]","[0.03349975 0.32267162 0.31660641 0.53541213 0.69399123 0.78212732
 0.82049571 0.53814008 0.26627851 0.55450483]",379,2025-03-03T23:24:59.785868
17,0.8676370141656063,"[[168.42997375 205.57350778 738.47718348  31.88238935]
 [504.52926746 289.38751297 570.83112321 218.95889887]
 [ 66.30063294  93.61317738 555.06375479 470.89770739]
 [ 57.84285176 699.46815034 757.6742957  457.81262121]
 [748.96713167 104.37377135 588.46162414 240.66881785]
 [639.94919041   6.90361655 716.0296964  101.00564269]
 [315.05879278   0.99584978 364.02020657 371.29113985]
 [405.34354949 750.86836013 757.75709607 178.94573859]
 [129.81307578 290.28693485   4.29768365 435.60978074]
 [273.7388921   73.76228498 492.67693342 478.96008072]]","[0.44780382 0.67237247 0.07242059 0.169481   0.04136933 0.81559553
 0.58219561 0.18266583 0.18131037 0.51697259]",380,2025-03-03T23:24:59.793152
40,0.8048411583529277,"[[365.35125143  34.18195953 721.58419156 692.80443017]
 [142.47489865 772.12070956  32.55650989 123.53512306]
 [560.45869025 620.54666217 322.23500979 705.66487272]
 [776.77453838 236.45583476 152.37320909 429.11762723]
 [138.59812043 481.33732751   5.08737621 273.98400581]
 [690.8491803  398.94229661 170.02847197  60.27352976]
 [530.40634627 764.8881554  373.93164119 350.50735233]
 [263.07016264 586.98796667 733.61287491 513.91754425]
 [646.30168526 578.34604533 488.45150426 280.48601773]
 [347.53393422 780.37318773 116.14489611 752.95830264]]","[0.07143277 0.90790218 0.09285257 0.31059714 0.79056174 0.80875145
 0.83384105 0.86413792 0.19738096 0.6740801 ]",381,2025-03-03T23:24:59.801685
33,0.8543051525037335,"[[609.74892073 292.60790729 565.11086775 716.58123187]
 [636.7980913  318.69161955 589.04550118 601.70067181]
 [180.50862089 643.35796636 779.90510895 740.90673841]
 [758.51993639 718.6652238  249.04526071 771.79438553]
 [635.76428342 266.98597534 742.75671447 210.47867416]
 [320.4866016  788.0137533  263.67824534 527.18527511]
 [205.03160373 231.13161385 658.28953645 468.13465724]
 [571.91837578 118.6124699  346.4846435  682.40684616]
 [124.61940697 605.81211335 646.57706422 594.2900788 ]
 [186.91540478 445.79699729 372.68625155 285.60483622]]","[0.38717022 0.74374596 0.40345754 0.12216913 0.11642206 0.03660015
 0.6680746  0.10014239 0.56155268 0.66391659]",382,2025-03-03T23:24:59.811767
14,0.8585006580874969,"[[541.15870979 664.26443265 584.07650859  75.47568244]
 [453.1715277  661.96496779 430.57701645 422.90818524]
 [446.30329957 706.51528301 334.0964768  471.60236023]
 [110.34070332 766.56858275 499.84842186 516.46538361]
 [183.14367959  73.99905599 735.29351732 600.87751439]
 [150.90328849 211.18209021 359.87819543 709.5378326 ]
 [214.62070725 753.16893935  73.95944869 617.10404434]
 [ 69.26548285 495.5222539  622.73626801 390.39143836]
 [400.04972854 706.12359172 526.90760114   4.55681558]
 [419.89380907 285.32179475  46.63115285 208.20648414]]","[0.21728973 0.67022867 0.65339484 0.62580118 0.89784766 0.78083805
 0.09226    0.39289356 0.56321282 0.10945158]",383,2025-03-03T23:24:59.818789
11,0.8267206905732396,"[[332.8489033  385.63153103 238.07681794 323.60695955]
 [230.34113022  10.29271799 793.44149551 247.98762492]
 [491.01490285 279.86146489 360.62916299 671.76970337]
 [304.00504173 271.90844576 439.8325717  661.31513192]
 [107.63110787 416.29358644 469.60876738 680.84566216]
 [769.11898257 697.43225307 220.77436656 212.51269514]
 [507.10721975 510.39292841 442.45553934 210.40896339]
 [561.09740066 714.02393721  64.18761318 390.60700111]
 [582.00197816 176.55435474  44.95619953 372.45092502]
 [ 66.41487429 322.8317146  772.57791213 159.03018388]]","[0.73290467 0.9862061  0.82920223 0.40093406 0.06679462 0.00529248
 0.76631278 0.08459795 0.80497382 0.93274171]",384,2025-03-03T23:24:59.826972
20,0.9344115248741626,"[[431.10397705 668.89314497 154.8784932  535.23677182]
 [139.08423753 119.40423178 789.47849586 774.58693175]
 [153.52639865 366.29234655 284.5384003  380.00493238]
 [386.50368079 383.85854743 505.63230702 529.02207205]
 [610.85870706 267.86795367 639.86172009  30.22520609]
 [679.4151715  784.66243602 336.99822564 485.32321976]
 [478.93822909 504.30901341 291.10863615 313.62343051]
 [431.78262832 760.0755059  503.19363476 312.04007961]
 [329.27857616 339.31438335  77.74306345 723.95046912]
 [ 82.46144473 236.18810539 164.09573694 200.28835046]]","[0.48006067 0.49918963 0.9678936  0.77230745 0.08049098 0.8028811
 0.40952052 0.7059999  0.82010262 0.75389703]",385,2025-03-03T23:24:59.834174
11,0.9135894962469447,"[[349.99422421 203.78291599 563.90935077 559.89115045]
 [612.21015391 596.27307955 211.43769139 224.85403785]
 [249.20179313 122.21278863  35.00227764 527.58027942]
 [672.99671625 292.06110971  79.10893703 112.09627831]
 [ 41.37149375 439.52470722 772.23553379 164.01707927]
 [342.07583205 347.75278574 346.80499948 268.67077573]
 [663.75805861 729.69567677 130.78230565 548.47855455]
 [114.35082763 582.054536   745.20828475 628.61517456]
 [474.92867046 159.38894269 654.98069366 742.50841584]
 [622.57226053  55.38505789 199.84644666 589.42582132]]","[0.95359929 0.1966416  0.12573978 0.25059811 0.31369706 0.22107156
 0.92157567 0.64244416 0.20752123 0.87280734]",386,2025-03-03T23:24:59.842183
45,0.8787611284613623,"[[206.71285835 439.5471984  275.92221382 747.81358743]
 [363.85981116 389.69320477 374.07705162 174.48234775]
 [457.14984386 627.28615092 343.03813818 471.14170124]
 [305.58213099 527.47118885 335.8607955  530.09840589]
 [468.17031619 706.69125925 525.01840722 395.01392323]
 [264.98734229 748.57836897 712.35069894 758.74943654]
 [263.38563071 235.05210536 124.24550441 523.58135614]
 [356.08595228 550.9031408  559.26685804 190.95792758]
 [ 69.31868389 205.76222014 782.28068376 444.54972033]
 [406.78787657 214.12084336 499.38534556 327.96235844]]","[0.06689697 0.75392455 0.13138617 0.20611528 0.04610341 0.02614917
 0.50903475 0.01244016 0.80625673 0.90403952]",387,2025-03-03T23:24:59.849781
27,0.8754472526795443,"[[392.50926076 441.07768224 606.7281031  232.32538311]
 [500.43487763 352.4692664  575.27751648 799.56477973]
 [ 95.95449651 366.5388136  612.1883488  712.72297726]
 [201.60767915 250.79471124 741.17584171 274.89150583]
 [404.33261844 707.63769403 523.25093774 658.91285291]
 [553.08612432 654.90441511 136.95933229 564.00604377]
 [607.28489562 354.67478588 188.50200755 238.52035852]
 [762.38883369  42.62016878 164.42987807 270.82263382]
 [ 37.7822244  303.8463786  599.97284498 775.69766033]
 [ 99.27108237  16.39470399 129.39912814 663.74943226]]","[0.30108527 0.15858371 0.06792595 0.60498607 0.99131919 0.55066156
 0.07505868 0.36575511 0.5904379  0.7640927 ]",388,2025-03-03T23:24:59.859310
20,0.8822232210772816,"[[775.57461972 219.60406669 405.0932551   52.60581662]
 [686.23810729 110.17103177  21.05524083 748.32405277]
 [388.01907568 309.45310728 371.70819206 502.34209525]
 [517.45626027 746.54125071 101.97350759 306.07928933]
 [113.36689589  95.39492189  26.82810742 203.2032848 ]
 [774.52321216 539.32403446  47.93007861 155.28625244]
 [741.15678504  57.10256443 473.06224037 480.24526078]
 [380.66113924  74.88329107 258.45225674 718.67172013]
 [204.06194072 707.42028126 239.0038832  400.7404035 ]
 [384.36684086 324.19468941 106.15812893 570.06381514]]","[0.2718165  0.94449315 0.68616141 0.28846564 0.84091911 0.4161067
 0.83372209 0.04662318 0.47235119 0.28363658]",389,2025-03-03T23:24:59.868922
43,0.8216308850823697,"[[720.94628853 359.89031807 207.87476727 506.55732275]
 [220.74015494 631.85697381 582.18703941 760.71430997]
 [650.1372612  167.28501417 647.01423679  50.42889352]
 [147.63968515 335.67521733 606.24169792 549.3885107 ]
 [672.80146895 360.5332264  794.03397085  18.96759229]
 [126.12658733 520.70680896 118.90151123 304.23363703]
 [774.38961023 799.82782688 320.54345158 385.31354195]
 [130.49131152 218.62743955 638.55188062 449.49857241]
 [630.74495231 761.68675091 775.25949235 109.92202233]
 [ 16.33147271 650.26514771 538.40523856 115.98495928]]","[0.08603969 0.66695097 0.49064941 0.53784987 0.25073017 0.74678153
 0.93032712 0.88878173 0.28132305 0.53817612]",390,2025-03-03T23:24:59.880691
24,0.9168038075621742,"[[280.22230475 540.41176384 243.86406825 190.04112493]
 [361.57623688 648.08690363  15.7588648  485.46357409]
 [654.9285272  101.37857457 381.34779973 642.90222954]
 [441.57949895 640.07603254  56.52991367 273.58671645]
 [ 48.82983137  66.78486336 477.25334094 513.59455556]
 [ 89.47070011 559.4558952  427.91285991 168.28592139]
 [477.62428648 476.99040173 466.46148012 353.64579384]
 [149.80289589 140.61294627 533.90118316 297.06471478]
 [463.58629063 133.54561593 636.64770964 588.16722339]
 [693.44396896 204.12905225 530.95248233 322.79085819]]","[0.74916933 0.61357217 0.52980816 0.5523106  0.2616763  0.43993167
 0.63883104 0.68309924 0.69981895 0.57184653]",391,2025-03-03T23:24:59.890877
48,0.899693359136895,"[[ 78.1485401  744.85087085 299.62989867 499.52146295]
 [573.28622064 651.85619172 718.98864203  93.20149197]
 [288.55021968 682.29756637  59.29505676 241.7285487 ]
 [492.17699212  87.01096389 747.96202416 449.25816714]
 [145.31022771 714.40269281 123.58192873 614.58630302]
 [481.53960897 613.87907087 586.84770124 686.15904675]
 [642.13678769 398.79371321 187.01354402 409.61518749]
 [437.59008169 792.28500119 525.34945521 407.84285307]
 [514.92366982 799.72642104 267.18795379 363.86254493]
 [600.58287498 456.07987044  46.2216625   80.15134342]]","[0.25812696 0.39024144 0.28482021 0.60485544 0.66086371 0.74310206
 0.03305495 0.19295148 0.79107649 0.16217535]",392,2025-03-03T23:24:59.900270
21,0.8763215064356247,"[[425.31995385  97.41631551 256.74998815 220.12140873]
 [247.28813432  47.13477458 560.06218515 643.86251827]
 [194.05348546 355.56625387 746.2659921   92.8544982 ]
 [616.84171726 232.0255494  563.34350306 137.91098271]
 [ 50.31602946 545.93891891 332.28261906 558.37544987]
 [254.06655134 460.58408744 187.01294622 792.06571131]
 [452.64295015 300.330997   201.16079432 550.10659573]
 [ 62.49930081 428.75873393 253.27272428  43.02893297]
 [ 37.04794124 275.76966513 497.28008842 519.56361554]
 [130.7428573  194.01275334 586.08176593 133.1736385 ]]","[0.9392652  0.23221323 0.22119865 0.0550653  0.16399557 0.0306812
 0.91062385 0.31742474 0.15364438 0.03488893]",393,2025-03-03T23:24:59.909447
13,0.8751963267972288,"[[ 82.3537829   26.70411483 326.36172528 778.56348374]
 [ 50.562942   394.94752119 619.98994924 579.82782159]
 [763.1238217   24.92558547 327.93836454 364.32199156]
 [210.15684812 571.18518044 402.74325303 421.47324253]
 [ 10.73677596 677.00390711 408.24051485 213.10531009]
 [300.89359304   1.8948859  692.55969932 508.29992041]
 [563.97133009 141.22862092 155.71505691  79.41308864]
 [780.20769343 784.8756007  397.82227852 453.73139005]
 [108.29075201 496.75829197 282.07164414 521.32039181]
 [120.91313041  96.91971444 514.72854396 205.24693246]]","[0.98293921 0.89599901 0.75780373 0.42334034 0.26529603 0.61796789
 0.17519423 0.95999502 0.52059728 0.936822  ]",394,2025-03-03T23:24:59.917778
15,0.8828171381866924,"[[ 30.64137934 267.84863346 154.62801485 113.41741155]
 [156.61694288 655.58256963 179.69030393 342.52007481]
 [576.36594756 546.21217645 702.23809305 702.98185601]
 [711.50627542 218.9231733   88.53179296  45.28112793]
 [245.8236863  628.38630738 685.43866161 327.14006403]
 [410.29047958  15.33464755 631.09791529 374.31816263]
 [ 39.77350389 179.55264479  76.26226032 747.04381877]
 [739.61231747  29.80861818  64.63391693 796.22742508]
 [589.29293417 679.07219713 653.92545663 291.33723616]
 [504.74596429 283.98724992 259.26641684 773.45168668]]","[0.90868068 0.87553516 0.7125353  0.55940617 0.31933014 0.75661197
 0.01175061 0.25961323 0.56636139 0.81484807]",395,2025-03-03T23:24:59.925791
30,0.8904640739915568,"[[ 78.93029403 685.00900476 587.9164316   15.40898698]
 [648.44921871 489.24511586 135.70553639 610.43004293]
 [302.24673171 622.24529245 232.33630263 442.89845808]
 [352.00919355 467.20841329 299.16720287 682.3468636 ]
 [594.62381801 768.92438944 302.05859925 449.05521127]
 [410.58459017 308.18917447 644.25244433 600.63883009]
 [246.67693684 218.88053935  48.86255056 148.9572108 ]
 [125.97662854 609.82968514 553.14969346 604.28145626]
 [ 37.55345382 570.80311514 157.81863777 550.35599188]
 [640.12035694 365.93530461 766.93360563 152.69229585]]","[0.92769136 0.63969819 0.4244214  0.91038712 0.62417065 0.95481524
 0.77024742 0.52531791 0.96691875 0.8676894 ]",396,2025-03-03T23:24:59.934536
48,0.8232765274573931,"[[486.9729213  426.98820172 677.04037754 675.19972783]
 [253.67967372  79.19557859 359.4038271  769.2702668 ]
 [788.4274329  185.83463537 533.05409046 560.78300622]
 [ 46.53812662 191.14042047 176.51583632 397.43407718]
 [559.82830005  19.7541829  473.86598853 122.62753573]
 [584.69905359 560.87879857 264.0386265  538.21001762]
 [362.91418421 540.46757281  96.75490736 136.04045765]
 [111.73690696  38.01169121 740.54779181  52.52856172]
 [584.50093335 195.81884002 471.52703724 695.83391492]
 [578.60285034 286.97361484 471.71398842 385.15225059]]","[0.21583805 0.86413606 0.1792054  0.82171127 0.91363115 0.02867794
 0.75895206 0.27832856 0.5686487  0.76717549]",397,2025-03-03T23:24:59.944371
28,0.8263115317141695,"[[201.80948746 350.73923232  94.40711447 331.07504761]
 [627.0463742  671.93289793 605.40566558 516.07510463]
 [513.29434625  52.76972754 379.2661121   68.81561735]
 [267.61946917 203.12112356 463.88897113  52.79615184]
 [613.47067971 361.24325893  82.65858718 709.11032941]
 [125.04695465  32.36486547 120.24475857  30.10828372]
 [776.17182035  48.74533539 341.36015674  37.06922655]
 [594.08653009 342.19883439 707.72297995 107.19892253]
 [495.93233807 688.97407255 773.59521935 192.98791741]
 [ 52.57388947 622.36854053 732.62057291  93.63124292]]","[0.43700604 0.36739701 0.75252999 0.67289361 0.29387957 0.97179126
 0.38811841 0.76142153 0.33314304 0.39292344]",398,2025-03-03T23:24:59.951610
36,0.9218953351555716,"[[127.12442493 322.01046974 760.40906316 706.30028683]
 [174.53969726 193.84109048 682.72833751 131.40940728]
 [258.59741391   3.13374994 718.46793636 268.15498493]
 [547.92372421  91.28914805 323.51683109 698.69155326]
 [121.66494913 439.13827019 429.01882247 666.44799929]
 [284.63860201 599.66813562 652.45237843 528.01026272]
 [555.66103632 633.0712938  772.2102828  390.55361838]
 [664.23520509 622.41212845 102.22880986 340.23979261]
 [750.50806487 637.07778231 704.8727274  617.22020556]
 [348.71648748 519.19205362 286.2828292   74.34210221]]","[0.05578053 0.97474072 0.45694493 0.82069254 0.07015444 0.19770727
 0.75783643 0.93646771 0.51877733 0.81633533]",399,2025-03-03T23:24:59.961130
47,0.8338234528156298,"[[5.55705430e+02 7.24542009e+02 5.28689293e+02 6.90870393e+02]
 [6.64594910e+02 2.81382260e+02 1.44157430e+02 6.77492190e+02]
 [4.74967407e+02 5.36160185e+02 5.00734901e+02 1.34713366e+01]
 [7.23270394e+02 6.21749994e+01 7.24521709e+02 4.16204933e+02]
 [2.35705223e+02 3.70061178e+02 1.56402925e-01 1.38086248e+02]
 [1.59421925e+02 3.87804415e+01 4.25361591e+02 5.88438690e+02]
 [4.04959069e+02 5.93766312e+02 6.84767814e+02 4.84194073e+02]
 [5.99498257e-01 5.21098877e+02 4.45345691e+02 3.31786758e+02]
 [6.74783482e+02 2.35610083e+02 7.20127216e+01 3.83721514e+02]
 [2.15605242e+02 2.75917586e+02 7.56673890e+02 2.56051211e+02]]","[0.37984433 0.3245381  0.11174337 0.18754673 0.08468333 0.71978724
 0.63893208 0.43007321 0.0688858  0.52392957]",400,2025-03-03T23:24:59.970056
16,0.8977419003972765,"[[ 92.71555973 509.11597049 493.33319331 183.16747758]
 [511.60721978 348.32278975 679.46015307 599.00409714]
 [253.62694701 600.30894807 121.66253504  68.69545754]
 [479.71652917 447.071195   442.83998027 369.532914  ]
 [713.53999269   1.89864817 753.21061754 684.10105399]
 [398.56921336 541.85535325 452.35253268 156.55343666]
 [424.10411528 730.37912607 578.29453276  81.09750984]
 [179.98229484 788.46840969 639.48633289 362.10654056]
 [628.22995457 154.97159363 271.71359821 459.15774043]
 [510.44152493 458.83129239 426.89261247 604.33972628]]","[0.93214774 0.10153711 0.28282265 0.69615732 0.4719355  0.16781943
 0.05938694 0.98146292 0.62732407 0.85655963]",401,2025-03-03T23:24:59.979079
13,0.8164833945472131,"[[ 86.94005111 550.73224726  47.61271478 792.91478916]
 [527.31495636 602.44445631 249.0337575  757.13107958]
 [727.29989748  16.20638518 175.78007982 662.69734781]
 [182.2414112  713.87685032 624.54050033  65.31027046]
 [511.7511387  233.8091805  741.93414096  62.45426857]
 [765.83133749 568.85308468  77.52264887 380.94087755]
 [579.79977707 395.32484401 139.18047404 246.63281753]
 [ 40.78262724  32.06785345 767.90381188 663.15607212]
 [401.45389705 354.53460382 773.13003051 625.93653296]
 [408.53269002 652.82437997 561.13529677 565.38351652]]","[0.92718392 0.49898723 0.20557383 0.61971752 0.21957133 0.75515404
 0.27727173 0.56516063 0.96860911 0.83351397]",402,2025-03-03T23:24:59.988153
35,0.8457530155263018,"[[253.68981598 733.3106768  491.40551553 320.33620566]
 [494.75558706 488.55210248 522.7115696  612.30155017]
 [166.66902518 287.02489178 474.65717994 384.11695522]
 [244.52555234 175.80139524 184.07643869 290.31329799]
 [259.06265729 165.77798588 692.00238765   3.01043126]
 [307.86426832 231.45828761 716.68002475  69.90808519]
 [464.73970831 116.02309822 352.46842024 795.53178557]
 [147.93208456 390.72865006 457.20221039 438.33949573]
 [599.58766893  76.1897001  223.70579757 321.10992425]
 [529.22755758 485.43207314 421.09617212 376.1022696 ]]","[0.09757593 0.25750875 0.40521709 0.55054703 0.86520538 0.03372535
 0.49420916 0.03033789 0.43412602 0.73711538]",403,2025-03-03T23:24:59.997279
15,0.8256877139635652,"[[106.4576863  651.08190171  83.76194452 486.17501064]
 [649.90147271 537.08248895 196.14243964 256.46793133]
 [427.31869615 383.52094235 293.21102494 362.75006091]
 [382.84686348 639.91218417 401.97018064 195.96726978]
 [327.27067216 763.88646968 204.06116874 586.27485064]
 [ 16.84257172  42.08361677 568.21194518 440.62348008]
 [735.60212089 421.94367639 484.0715897  332.76332747]
 [665.15174036 728.85513773 791.36455688 736.14812643]
 [350.59100865 441.1872658  414.06220236 773.80749291]
 [ 33.86730823 682.7388703  535.41446332 331.88300286]]","[0.15036917 0.62759605 0.34104248 0.91463402 0.27848594 0.7099574
 0.49786143 0.4211688  0.98823639 0.05929014]",404,2025-03-03T23:25:00.007093
15,0.8498041279440179,"[[558.85033846  21.79634561 224.26243577 155.63017939]
 [ 64.15158852 164.52003659 296.51072123 791.85135675]
 [ 73.12350717 154.34323939 143.86823831 492.08594208]
 [517.92282028 341.80329676 327.15254628 368.84075185]
 [163.37660459 517.68923618 354.41599329 343.20850227]
 [677.78897978 496.09095894 344.48059691 299.01386686]
 [565.34597117 305.58599179 457.18076257 193.50202673]
 [779.1208499  231.80794022 572.84219282 455.5626909 ]
 [474.80913912 519.33245923 574.87004563 572.71193312]
 [260.14224012 664.66858275 131.21610744 473.36132521]]","[0.97224842 0.72577839 0.25040378 0.1226815  0.74271729 0.3298372
 0.86699807 0.34526691 0.41547591 0.28211233]",405,2025-03-03T23:25:00.015771
49,0.8042076545268133,"[[3.99526592e+02 2.37232641e+02 1.88606844e+02 7.57365626e+02]
 [6.75195584e+02 4.73715503e-01 6.77369492e+02 1.88465127e+02]
 [1.43739681e+02 4.79523590e+02 6.56881682e+01 4.83398784e+02]
 [2.65620864e+02 3.33970614e+02 4.80828026e+02 2.09252760e+02]
 [6.41310650e+02 6.03687885e+02 2.00532717e+02 3.51982190e+02]
 [6.78301808e+02 2.35318104e+02 6.99051070e+02 6.36285877e+02]
 [2.17504444e+02 2.88886266e+01 2.58770635e+02 8.23531945e+00]
 [2.76797884e+02 1.80000131e+02 1.52168527e+02 4.11227366e+02]
 [6.19193849e+02 2.40433540e+01 7.49681914e+02 6.37611604e+01]
 [6.23779845e+02 1.49826554e+02 7.84795265e+02 6.88241204e+02]]","[0.56324563 0.62271264 0.00832848 0.66025746 0.44007087 0.50140329
 0.41679318 0.40963207 0.63411192 0.98384604]",406,2025-03-03T23:25:00.023664
12,0.906532526325889,"[[528.28623807 139.69042452 439.76671383 444.34056385]
 [166.30931201 198.27848491 465.10141903 258.16399585]
 [416.05568234 310.173648   177.46677505  51.88134192]
 [688.41612796 499.90237966 424.15493124 236.0111835 ]
 [540.02242468 505.50832769  35.75742221 152.70410827]
 [542.79242823 376.17068777 477.2813468  179.07194553]
 [236.19067962 212.25203771 719.38634279 324.13414459]
 [ 52.16049685 550.7778778  642.62422989 636.02372637]
 [201.42744292 527.91485929 497.03234852 486.20953041]
 [152.45153805 502.44233105 547.27107618 183.90804093]]","[0.08718817 0.26261581 0.08802311 0.95802643 0.16449107 0.71114246
 0.95530634 0.3194796  0.26111541 0.19709939]",407,2025-03-03T23:25:00.030985
49,0.8776537490831184,"[[794.47410965 707.61343145 306.73164532 751.74254839]
 [ 15.92879232 200.73228335  42.6681182  126.82546724]
 [282.49462662  59.67043059 696.11887589 558.86931878]
 [645.06415257 386.90100451 233.60273329 219.81506102]
 [696.68488816 391.79120884 209.16508251  24.16468145]
 [463.68604425 761.08216947 394.55001368  86.78992337]
 [163.77346164 384.30169404  30.6782584  446.87600974]
 [ 83.63027228 745.2493345  152.42098093 665.15760207]
 [779.90124937 154.27297325 354.49225588 439.10868821]
 [209.42242802  81.20415651 189.91150182 500.85541204]]","[0.73658902 0.24273596 0.02931758 0.02003184 0.94791252 0.27002907
 0.63575663 0.7216631  0.17471105 0.32700933]",408,2025-03-03T23:25:00.039314
18,0.809235327109713,"[[746.49679194 702.90871543 737.00833169 354.04371098]
 [529.26258337 642.75094406 105.03838513 553.11576017]
 [289.48318618 448.53515519  81.48154599 362.60396806]
 [142.47253871 531.39680603  34.80959138 308.91911917]
 [295.70949491 639.50806249 642.70358721 270.382387  ]
 [ 16.25146405 334.55482652 148.20618789 486.26541184]
 [666.9647211  509.41921676 225.10258872 109.73065501]
 [119.45391714 796.24220939 228.19310957 116.65635598]
 [381.65293322  43.62578764 126.8863937  696.48094555]
 [  3.38450861 412.62513403 320.51991355 117.33238285]]","[0.94177244 0.75114739 0.21622615 0.59924786 0.34390569 0.19288658
 0.81212028 0.11907405 0.92246027 0.52112796]",409,2025-03-03T23:25:00.045747
20,0.9081272886697571,"[[389.68381097 604.63438152 235.14941494 497.00321928]
 [391.20400242 651.90498675 313.45372255 216.42910383]
 [471.22586221  42.04063806 698.80480094 333.70981859]
 [771.79189515  42.17577243 603.32600024 639.96654628]
 [202.25002053  93.99857815  35.17370306 274.55150017]
 [546.9760784   16.38340638 500.6913061  506.30312589]
 [ 17.66423101 355.17418582  64.34787403 263.32109173]
 [441.84597998 505.21834363 743.94669451 583.21062789]
 [507.82560442 605.16694702  15.18885003 439.29498556]
 [ 35.03539632  39.69559761 182.66245903 605.82240787]]","[0.94869472 0.15236402 0.98126664 0.98200678 0.99754834 0.20452779
 0.52602931 0.81741047 0.36937012 0.23748388]",410,2025-03-03T23:25:00.052901
21,0.8882959279575019,"[[ 55.61670084 791.00249285 393.84985727 149.28976055]
 [781.78300705 770.10899303 777.99417383 556.72302   ]
 [128.89599926 374.6586469  434.40053166 387.0797923 ]
 [474.72136751 388.23699744  83.01666665 244.24426482]
 [249.29497267 167.13593156 182.0237575   39.9137425 ]
 [226.97662456 286.6337358  698.78035921 265.05404124]
 [278.27072482  54.01291569 679.8218332  333.85107354]
 [700.6047999  535.80003342 521.06925223 377.53641316]
 [614.1050988  706.37083559 557.65059798 275.9681213 ]
 [468.78755775 537.4540348   95.81548729 526.50736023]]","[0.04877433 0.00418304 0.02235955 0.1041179  0.87672592 0.95091511
 0.91004601 0.12025583 0.85338369 0.54156779]",411,2025-03-03T23:25:00.061752
24,0.8734066490441011,"[[119.19934428 193.28210607 352.83068449 667.37138335]
 [329.88637305 431.5326462  296.64429153 757.86760451]
 [ 25.13480318  68.8234787  749.45423267 430.86114265]
 [742.89685008 430.45191096 792.68355313 312.95222569]
 [ 35.11714848 678.60064336 607.84123832 391.36142307]
 [464.65419401 410.59350176 488.13965196   2.24067348]
 [303.80404514 140.944352   574.57199553 732.4083974 ]
 [552.43631894 348.91019367 436.55687012  79.71144475]
 [632.66707001 196.08529768 583.18009196 657.55449931]
 [793.45534501 531.09017171  59.21974461 417.52416552]]","[0.01181739 0.10156806 0.66156833 0.68623534 0.23124905 0.764164
 0.77610806 0.46833546 0.85601819 0.9003904 ]",412,2025-03-03T23:25:00.069396
39,0.886466691241532,"[[426.73015906  73.13567468 465.21314759 728.81435955]
 [504.78819764 513.98743323 701.56893393 128.03783634]
 [546.0865965  596.82690212  98.49621248 630.30814125]
 [500.67646066 611.71643138 655.48284932 549.35502311]
 [461.18574199 417.65010952 171.12827186 340.33259777]
 [467.47738843 697.20355502 585.08374499 696.76410377]
 [ 61.9471696  190.18117481 575.27246372 187.69628017]
 [709.69223842 564.96740944 260.88265739  47.22397191]
 [636.07711283 622.30743173  32.61303919 319.50614967]
 [396.591899    76.40594389 468.32781928 363.98933484]]","[0.45926344 0.31313833 0.23553269 0.03081059 0.68141139 0.87588796
 0.23507445 0.52965724 0.69728774 0.39464123]",413,2025-03-03T23:25:00.077086
45,0.940159814741061,"[[262.21419217 569.73549305 263.20763216 647.77395057]
 [ 51.58511966 634.41075672 706.68837461 283.68214648]
 [562.40009175 489.31455854 375.70293022 649.48335302]
 [  1.28127556 174.2411567  619.57442307 756.14446343]
 [485.67449034 389.32994438 745.07599912 280.63902199]
 [572.05026822  58.26605017  83.95692031 656.07940452]
 [  4.56290321 417.05757414 471.02388746 450.2642438 ]
 [150.32054483 493.24609819 103.13909581 344.44204927]
 [410.75126227 329.85663995 732.62574528  65.09289945]
 [757.02071014 436.2102433  583.2088755   68.37451067]]","[0.63246662 0.32828183 0.92296384 0.31705032 0.53335153 0.22172603
 0.17069985 0.63972226 0.85491278 0.00117443]",414,2025-03-03T23:25:00.084267
35,0.8539274744723571,"[[ 95.54081384 218.404448   216.16370539  85.91457897]
 [ 47.89388967 206.57628058  47.05612701  54.62127291]
 [411.64740742 707.10608228 445.67689359 458.35456574]
 [764.66451222 526.27643997 202.963029   114.77937097]
 [456.49490011 473.49872969  41.32858321 454.44061609]
 [128.54868459 134.84602609 586.07511622 407.05028172]
 [401.54378754 672.65345317 326.91738508 474.70674217]
 [184.23833041 727.58390678  15.88651154 236.29054248]
 [740.54290905 581.62829107 557.36818435 209.09735015]
 [116.29558241 158.72871858 547.91794309 152.03006064]]","[0.9189691  0.75012022 0.21026028 0.07621585 0.17550061 0.91277707
 0.10994908 0.1867277  0.39483957 0.03138207]",415,2025-03-03T23:25:00.089563
32,0.9219775337946308,"[[720.35114021 312.18319382 588.4137839  358.41931173]
 [211.35454352 713.35247397 412.1764468  618.19901626]
 [544.90018254 496.15333479 129.90632773 201.93536019]
 [431.10603749 215.29678182 304.00408608 214.13488208]
 [655.15773954 519.31830626 579.09045712  37.32427663]
 [555.32303585 540.11722687 374.21722748 695.38964322]
 [784.4270986  429.60686129 204.57303546 502.13084815]
 [263.14485215 615.89353406  95.91151248 684.96849747]
 [305.05137211   3.00533521 791.52835791  58.67499434]
 [329.52770821 107.08554172 686.21922722 664.71357588]]","[0.39090368 0.52478186 0.42396087 0.97198608 0.33535059 0.56386022
 0.62100741 0.32686838 0.08503507 0.25147039]",416,2025-03-03T23:25:00.096931
35,0.8292412998691894,"[[500.84375163 136.44651173 716.76293272 242.16206629]
 [782.47369245 631.3487732  501.90850352 106.65501766]
 [114.13161657 173.90938977 121.24786552  80.88350102]
 [621.02242604 769.71102724 563.11603215 557.75779447]
 [457.16676646 786.20461487 271.28880154 280.25650367]
 [645.19302748 415.14950111 231.94920929 342.31448341]
 [699.48786411 305.77219676 692.81240522 139.18288838]
 [665.8220707  244.16353329 321.69273454 782.66239519]
 [747.47871314 282.20646818 487.31416921  26.69519798]
 [600.71322629  73.94859458  23.711377   481.17124802]]","[0.58219536 0.69409229 0.33601718 0.15928513 0.21487797 0.61829869
 0.85116934 0.81419643 0.02777463 0.73910169]",417,2025-03-03T23:25:00.104208
17,0.880310369396543,"[[563.58957344  56.33270252 696.41025512 387.50913477]
 [632.01913364 336.86901707 584.76950436  54.33456526]
 [214.69276685 705.06095283 482.26676551 346.76685486]
 [194.2478756  185.41365071 561.61118978 190.75073149]
 [710.01581141 628.35448242 589.28723149 756.92188665]
 [130.30584392  72.57234385  66.38733218 220.78343041]
 [548.09687507 139.85843647 217.03178535 481.97566523]
 [745.47575807 406.86678246 490.07522687  27.0422254 ]
 [ 13.62788166 602.83798863 171.68533144 760.02162358]
 [748.18744819 625.26179937 508.20941491 265.76828607]]","[0.45525124 0.4924476  0.89701467 0.54603901 0.3356534  0.82900221
 0.22123519 0.46970473 0.13784898 0.15439357]",418,2025-03-03T23:25:00.110452
39,0.9235075923685476,"[[ 70.54833202 505.04361836  56.39446344 161.73188687]
 [761.53874567  19.0655794  795.99077517 298.05070526]
 [ 69.33251353   2.71072597  19.59519488 697.30398306]
 [501.55204826 187.59989805 788.9315569   53.7922843 ]
 [165.95287161 530.87267201 696.08501103  28.87896549]
 [475.39613832 654.38202663 185.08023917 562.8818025 ]
 [610.77362503 136.61236617 338.61995525  64.67809074]
 [506.55788939  71.63062545 568.14092836 202.36108236]
 [439.28955092 791.23442509 248.58718016   5.04237531]
 [164.58523574 473.52190826 160.21456315 429.93126354]]","[0.27611135 0.68662269 0.216328   0.18355242 0.3896083  0.53031518
 0.4563684  0.78683327 0.90086416 0.41143361]",419,2025-03-03T23:25:00.118416
10,0.9135303222194456,"[[ 59.97800637 649.78030165 679.92837166  81.07791726]
 [176.8524353  426.81115143 600.36067766 241.89156299]
 [399.08735504 458.08695469 603.84687551 496.34746843]
 [382.58642011 554.17138872 592.12040552  18.07737922]
 [254.23949861 536.56014896 709.21283037 562.67152328]
 [104.42497443 327.00836781 668.78146116 405.86521095]
 [361.82053722 306.31870569 171.96497569 273.50098304]
 [746.70116645 650.21977606 357.84359282 776.93361919]
 [538.63253198  92.89342489  97.53864628  18.3863998 ]
 [702.10586467 696.72205347 601.13140698 371.93963977]]","[0.870698   0.58887667 0.47731426 0.1533344  0.29200055 0.01713232
 0.89218662 0.37939698 0.97569331 0.65679286]",420,2025-03-03T23:25:00.126138
22,0.9412910068543363,"[[ 34.91690991 198.50612542 496.59191864 561.80688822]
 [657.84494323 798.37952785 351.27396249 579.04355969]
 [198.35905729 317.15943167 467.08391907 321.96795383]
 [ 24.45028175 565.20437289 721.80072096 478.81305915]
 [ 47.33121615 348.39292946 171.45385913 717.71110819]
 [258.14339359 311.03091252 745.87433908   5.67008926]
 [238.00583903 413.18076405   6.8797828  458.18598221]
 [680.14272499 479.49671632  99.72818243 357.28509199]
 [625.94164911 394.24780003 102.55261673 366.25296153]
 [292.77003154 722.85126903 474.68208002 567.52097096]]","[0.08518881 0.04758142 0.11341148 0.1112354  0.82695906 0.22481872
 0.47233492 0.80985765 0.75746025 0.92283883]",421,2025-03-03T23:25:00.133748
16,0.9394382304973617,"[[ 93.33482497 724.21130606 746.83517725 416.17784722]
 [163.08027446 321.16493508 512.32520227 324.69990485]
 [402.82320541 273.22730394 135.20847587 694.29488983]
 [363.35367458 341.69585137 227.30863431   5.87198543]
 [ 81.88121789 523.9943293  543.3268185  453.27777376]
 [412.00439615 330.9926683  539.56489656 760.1909949 ]
 [694.91631585 256.86884568 697.53947897 460.65437131]
 [233.9089592   50.20177234 562.78256465 172.26573391]
 [622.07153503 448.62747055 254.98265127 231.5762908 ]
 [422.91695731 707.53252661 486.28244782 306.47406062]]","[0.28253991 0.70441298 0.42008348 0.28172063 0.21692095 0.25480096
 0.67372633 0.93744299 0.15299397 0.74435818]",422,2025-03-03T23:25:00.141367
13,0.8322846343136161,"[[526.14657752 129.81158549 793.28387956  43.69193374]
 [240.776898   471.95191695 152.3301443  620.32976257]
 [252.27445112 532.09250002 114.98305871 394.06220804]
 [398.84820565 735.36895361 608.92266283 127.34608374]
 [375.48358675 495.3883819  149.73352667 743.16895666]
 [508.53610672 265.74023061  93.21853917  71.85202526]
 [328.21508641 485.61893675 772.17115636 259.06265143]
 [273.83447092 169.82427515 403.83375391 335.00895042]
 [753.31641658  15.41421207 303.65829757 616.88547977]
 [751.2744414   39.03641146 700.38036128 617.02135114]]","[0.4458898  0.18363173 0.78722378 0.69034265 0.93272541 0.51321933
 0.33846326 0.39579601 0.25054845 0.20072983]",423,2025-03-03T23:25:00.149580
31,0.8388773541642813,"[[120.3333629  751.60111049 524.04283533 304.89216048]
 [307.06315211 679.30262211 730.60475446 311.22486373]
 [438.1879379  431.18993236 298.10853721 696.98355071]
 [387.79422097 612.23933729 142.53338413 483.45292264]
 [473.06183594 253.78635663 557.9204857  122.52080362]
 [238.93191923 504.28931589 617.76387373   5.94154782]
 [601.71910497 654.37536095 793.71766851 361.41286297]
 [395.0828382  540.51404789 132.60891409 536.55686853]
 [ 79.68724756 611.44424475 292.21232253 392.32762574]
 [113.91508519 187.84749354 732.43191054 715.46795526]]","[0.4786068  0.61552921 0.95400342 0.25027918 0.60055758 0.44810632
 0.46782859 0.52623197 0.01807159 0.82216138]",424,2025-03-03T23:25:00.158098
39,0.8096510412148864,"[[309.69702277 612.45522294 545.78462455  50.1148041 ]
 [ 35.80116798 100.47515283 710.71819188 134.01296483]
 [743.68720021  20.5420705  409.60493188 329.64564084]
 [326.08746237 614.95129571 617.33299813 791.33090767]
 [222.20784475 345.63521585 469.5325303  755.57248439]
 [118.31748282 137.1684813  115.13054243 418.76151279]
 [653.59606697 197.76773847 791.62052787 734.74734512]
 [118.03580994 447.07525034 361.69117996 250.25701688]
 [793.09840032 301.30788111 746.19467056 436.39697335]
 [634.41039231  84.56349371 437.15102324  12.36263614]]","[0.34638376 0.47203333 0.46185658 0.32269876 0.46198901 0.27837085
 0.60691474 0.66601977 0.80424404 0.49503163]",425,2025-03-03T23:25:00.166917
23,0.8919157646275838,"[[1.93569448e+02 3.21252996e+02 6.45547595e+02 4.23318716e+02]
 [9.89823921e-01 4.67025905e+02 1.06261243e+02 7.89494139e+01]
 [1.18846648e+02 5.47080206e+02 8.17603046e+01 2.50227223e+02]
 [3.55125437e+02 6.00807175e+02 3.58602140e+02 3.76628248e+02]
 [5.77847322e+01 1.22953431e+02 1.52417933e+02 3.15676445e+02]
 [5.83519407e+02 1.58372675e+02 2.62104832e-02 1.29877046e+02]
 [2.66345849e+02 4.58243084e+02 4.00910667e+02 3.08259337e+02]
 [6.55343690e+02 1.86864047e+02 3.94885115e+02 4.43104165e+02]
 [5.98564699e+01 6.26112016e+02 7.60689268e+02 5.93715958e+02]
 [2.71303197e+02 2.54113453e+02 4.64067888e+02 6.69581026e+02]]","[0.53236223 0.04942172 0.67505011 0.90882128 0.74065057 0.82477132
 0.27257102 0.8368959  0.98697454 0.66567918]",426,2025-03-03T23:25:00.175949
25,0.9077440627561464,"[[520.44348046 254.28128462 532.60087728 632.0950667 ]
 [627.7514595  487.87233006  95.99864805 469.23648232]
 [243.18566086 391.69809049 135.67668447 752.79880814]
 [ 28.85330272 507.92653701 659.46738947 198.48617081]
 [ 65.17961238 569.67514118 484.21802261 148.64669016]
 [573.66753216  81.21409454 683.70279902 747.49133306]
 [240.50711647 457.44311872 649.76925509 383.12127512]
 [663.49076246 202.92510671 776.49423328  34.10923052]
 [300.21629908 154.51795763 421.92576897   5.60685836]
 [565.37119949 252.05172427  90.81718531 474.95849075]]","[0.27658977 0.41316215 0.45538369 0.94973823 0.79924809 0.60086852
 0.30366502 0.70507524 0.37747703 0.57985383]",427,2025-03-03T23:25:00.182127
50,0.8558319036332241,"[[ 15.44470261 489.0101568  248.38521789 182.90097938]
 [125.22910874 206.60238957  41.31071291 397.54664222]
 [715.40331258 367.09257679 208.05238967 508.10373429]
 [237.90217415  53.48802985 413.77654925 640.07308578]
 [345.46812416 175.95486433 731.51113841 486.34109319]
 [471.67065918 472.30033858 470.05558207 788.05421929]
 [474.6283889  743.44113385 190.69439517 464.64247146]
 [506.5037022  787.16541662 681.81538477  49.7540973 ]
 [159.36785197 265.75213041 618.69033851  90.50761573]
 [410.30897718 128.79466744 378.15421214  32.2967441 ]]","[0.59523149 0.50281138 0.96247932 0.21759905 0.61989986 0.58440345
 0.02027396 0.95063246 0.60562061 0.45189863]",428,2025-03-03T23:25:00.189228
42,0.9211404127144546,"[[207.39807643 752.80638468  84.22796432 754.31234215]
 [ 28.3390074  469.56089407 530.6786783  413.28984059]
 [ 74.71293824 437.12119643 406.51350111 543.88936326]
 [153.73106479 398.72383867 409.50082055 235.05390162]
 [414.52531201 794.67052754 404.85347727 417.04450717]
 [229.39638415 676.38070124 187.26207074 395.43502317]
 [569.24234203 506.62403552 475.45859998  68.43133059]
 [358.1713999  550.03316802 560.74564752 489.96684611]
 [750.68907512 601.86042436 219.5190387  427.53950419]
 [418.41860354 369.9913207  694.31224819 166.41915576]]","[0.82643818 0.83995221 0.97260277 0.59623566 0.37954941 0.60622919
 0.24720056 0.65726309 0.2440141  0.11881255]",429,2025-03-03T23:25:00.195852
12,0.93592589384407,"[[ 43.85266952 304.75663292  85.31191674   1.53181211]
 [279.35618848 660.11808423  44.81218356 704.60419032]
 [618.5704757  399.63269241 678.03532233 275.49364108]
 [120.9030174  405.07329711 295.21173963 665.46480718]
 [563.34154877 737.72549332 242.3867054  400.25465893]
 [385.69279827 683.52181475 519.84316262 625.50456269]
 [538.01239878 453.40930866 106.63858022 477.64943927]
 [521.35294627 621.38153123 255.6778306  116.62478515]
 [142.05106243  30.43774993 597.92947215 552.26922824]
 [378.24632605 557.85738801  21.87509066 434.8914645 ]]","[0.17706069 0.94821203 0.29146547 0.40196317 0.26002289 0.67767941
 0.44890021 0.44711456 0.82515338 0.18812835]",430,2025-03-03T23:25:00.202093
30,0.8355550349861173,"[[185.17891166 585.4731128  685.10323898 406.79481021]
 [507.10095584 599.29620014 300.75634252 347.78379432]
 [519.71350483 226.25776328 207.04229625 445.36459142]
 [713.8402514  244.07528926 643.58641698 547.39136158]
 [785.8285461  730.88653746 614.39593823 254.90805266]
 [788.15903554 263.21876685 270.68605034  43.19947555]
 [761.45708244 276.69794723  50.97424956 149.78106904]
 [314.79258883 144.50044019 772.54265185 184.38988927]
 [376.93413638 317.6990895   92.47006079 510.38382232]
 [542.29446484 470.88677851 182.35929107 385.25215609]]","[0.61679533 0.02403224 0.2848529  0.05930061 0.24010552 0.71182407
 0.28066192 0.99774495 0.39741907 0.00699595]",431,2025-03-03T23:25:00.210905
30,0.8451966888908309,"[[545.15965503 324.500754   573.85308423 389.70859557]
 [708.67817003 175.42717197 248.96834939 139.76778502]
 [509.57765985 767.32996076 638.3243595  373.37946528]
 [299.1789312  331.55555407 104.67113234 606.83359525]
 [439.05346211 459.61174531 688.3966782  123.59844096]
 [ 83.4024056  172.46967874 165.90405678 616.94734127]
 [531.29415561 603.27900093 541.1545335   68.77448073]
 [116.07804279 436.5568671  219.84684831 791.48719428]
 [400.63026026 661.83310758 593.71759818 174.03725561]
 [309.94873756 752.41918595 298.52738878 584.43736607]]","[0.47651562 0.91962672 0.97657176 0.66635627 0.70706862 0.31466228
 0.36246866 0.28226017 0.87830653 0.41565495]",432,2025-03-03T23:25:00.217825
18,0.8788570658806856,"[[ 56.13194523 404.57127998  64.75287028 541.75374779]
 [735.62649289 246.71687662  47.81941041 116.32598819]
 [ 45.04507031 502.01664619 498.72460126 585.23434062]
 [118.71191362 636.64354032  40.54135335 695.53014313]
 [408.97518434 154.21817961 282.54649005 464.03650377]
 [414.58727424 541.44915505 443.16763173 721.72621665]
 [ 65.42215882 488.83100046 548.54784401 398.17388218]
 [ 89.47152945   8.48552559  68.68192054 273.71743614]
 [633.65624025  84.70674845 416.29126015 721.98086585]
 [549.09174466 727.69945021 430.09237774 562.08284224]]","[5.12971484e-01 1.49258727e-01 2.04988567e-01 8.76200158e-01
 7.54499419e-01 6.09074354e-01 9.11264732e-04 5.59124800e-01
 4.27009757e-01 9.73237469e-01]",433,2025-03-03T23:25:00.223665
33,0.9164614523752482,"[[367.49564802 109.37961818 587.91427848 640.35939925]
 [346.62880763 655.05409523 318.57878092 600.47394713]
 [221.11377536 417.07199911 212.57234368 717.42816721]
 [ 71.48379954  26.13539637  22.31342003 267.38963971]
 [ 24.24238109 798.97903525 508.83770235 488.28779491]
 [ 99.35512115 121.54309886 739.22439303 743.03685524]
 [178.73051813 594.64942944 345.44848299  59.38829103]
 [102.56739202 545.18446891 532.24016756 641.91471626]
 [303.32685437 266.60904213 333.33640926 522.40562895]
 [112.95298421 782.80487069 117.12871195 109.27490518]]","[0.82722784 0.30980283 0.09588208 0.97345334 0.43018709 0.51001331
 0.73240888 0.14593673 0.20379694 0.26636395]",434,2025-03-03T23:25:00.230396
31,0.8365908127514887,"[[179.69400148 293.08082417  60.91052077 398.26451458]
 [542.59364301 132.95621209 384.9011884  567.44096432]
 [182.60519146 264.53093658 379.82344045 678.76835678]
 [752.4006445  485.25255882 738.3690479  199.75438773]
 [ 38.85879602 767.03068933 208.47249909 295.3660849 ]
 [564.82748982 653.9314325  371.0304858   73.25688767]
 [ 59.79950263 715.75167302 318.92249006 681.30415662]
 [571.49913576 620.18867498 481.62472267 440.17292148]
 [409.12531146 790.93718736 755.90668301 164.66979464]
 [507.1313536  473.06118099  49.45551047 159.59500099]]","[0.19499577 0.52045136 0.67369933 0.35011253 0.1173068  0.2837975
 0.59365444 0.19612608 0.46720904 0.40576357]",435,2025-03-03T23:25:00.237287
50,0.9007963562348016,"[[ 49.48025418 768.1077311  438.89623811 263.43498624]
 [122.78974551 159.46851695 307.51798205 687.46073138]
 [325.95997644  94.65540574 312.53088706 166.38177845]
 [747.36541337 436.32114346  56.15492984 471.28502206]
 [223.95635654 703.69029031 313.41753384 148.92838886]
 [272.82658274 696.80603642 422.3949283  252.39000338]
 [145.17041605 495.26411559 694.19552631  38.38988503]
 [745.10676534 637.12804962  66.01395583 208.26757367]
 [513.58399676 593.11855562 442.88134402 164.61696452]
 [ 91.27717313 193.62959142 607.70709342 773.92936841]]","[0.24934116 0.91248176 0.20586079 0.38387634 0.10738904 0.59639733
 0.6431493  0.42085538 0.40823183 0.90243383]",436,2025-03-03T23:25:00.245940
20,0.9037510633619189,"[[301.4863351  610.64287099 493.78926147 624.28806785]
 [676.33799008  50.07231848  11.02842374  24.20966729]
 [647.15497674 778.50394976 685.69453229 726.69953067]
 [269.62176053 341.84125381 248.32811134 309.1574297 ]
 [365.99613982 340.83143439 796.42504783 110.3460335 ]
 [133.04313646 384.74858227 731.07691282 303.21505058]
 [679.39576968  90.0895339  769.41695777 669.47966495]
 [762.68945553 415.76526597 354.18408073 406.30790493]
 [ 33.83367213 347.02975194 500.19475309  20.05721574]
 [208.21517503 549.45050511 617.36524978  36.80903297]]","[0.39044543 0.08316686 0.04106818 0.87856697 0.47404084 0.76195304
 0.42448562 0.91006177 0.80463595 0.75438211]",437,2025-03-03T23:25:00.253543
28,0.9276523070294032,"[[ 64.1396247  136.38905011 120.9701962  502.09515338]
 [156.88771939 459.88824226 759.78145019 544.43194852]
 [517.9254261  305.29916546 588.17873221 709.2470409 ]
 [553.13832621 130.00200723 523.40907309 773.50035538]
 [565.84579853  54.03859727 418.34081738 776.99217577]
 [577.50543791 151.99921017 306.32260799 321.57554839]
 [145.52882117 536.29000474 678.61370307 787.20514652]
 [792.06796616  45.15270529 180.87717229 511.46690567]
 [500.83224581   8.1699673  658.69697142  84.83664967]
 [193.77110294  13.89203287 707.13095101 611.92010342]]","[0.95303204 0.82029423 0.80695626 0.95894523 0.61517632 0.39354804
 0.27890581 0.91358675 0.11068804 0.32992335]",438,2025-03-03T23:25:00.263843
49,0.8083361558244354,"[[251.62664931  17.72023774 601.6213579  687.75184582]
 [385.39847176 522.99160695 102.48101147 587.89864377]
 [473.46348704 261.20076755  53.40858003 409.58999447]
 [494.06009318 116.18330443 194.43655587 678.4743182 ]
 [ 65.36515522 358.01238525 195.48807331 672.53213338]
 [ 57.14875956 183.12259859 268.8680825   76.25716608]
 [185.62885169  72.54007563 770.90273279 637.66132959]
 [693.07233149 476.27148463 671.23834536 329.39584176]
 [313.783504    85.39907585 299.88954477 361.31773762]
 [ 89.16412407 757.64955424 708.87174817 158.72774513]]","[0.4580755  0.24723115 0.95573881 0.87106109 0.61181865 0.22334874
 0.41437896 0.69324317 0.76242437 0.53565202]",439,2025-03-03T23:25:00.270844
14,0.8939333951872446,"[[109.02365096 786.57483106 202.48646576 562.32430692]
 [739.56508852 690.00582725 314.84601341 763.44175322]
 [747.87505823  71.30066917 512.69257634  42.44989814]
 [360.76473571 711.44538085 729.32832076 221.31222627]
 [759.96060402 241.36426633  17.16449405 351.31036185]
 [421.95689914 263.68245856 582.54785179 646.0990924 ]
 [600.75222202 194.64571102 526.36086811 416.79269728]
 [112.93234564  19.66695821   4.14215057 447.43939987]
 [112.7123754  462.52552466 296.55892543 417.52832441]
 [590.72795313 375.76560314 581.67028918 364.94003944]]","[0.14245326 0.26866483 0.46004123 0.42129617 0.79443303 0.3759769
 0.96541605 0.69194318 0.93895975 0.49091123]",440,2025-03-03T23:25:00.277894
49,0.8678541445945125,"[[474.39115419 633.38971899 353.43332515 740.74940077]
 [152.9732034  454.01886707 255.03428252 723.3509617 ]
 [668.50811965 308.83180093 507.47229234 481.30299612]
 [222.40972654 509.06741903 584.6540601  459.5400604 ]
 [712.85027978 282.26254574 410.63437459 105.69689594]
 [725.95506849 324.26751975 402.34447683   2.78424835]
 [298.9146315  572.64582929 542.21074525 732.85026028]
 [132.784481   523.09745831 650.47113471 684.55894678]
 [ 44.41254637 176.15711632  20.70945878 634.88542668]
 [213.11948736  84.76801738 789.24094557 305.20446291]]","[0.30515142 0.97550387 0.34008353 0.15426869 0.10834046 0.54266409
 0.51904259 0.43029308 0.17823349 0.3603481 ]",441,2025-03-03T23:25:00.284925
44,0.9430941572091922,"[[757.06676266 174.66110847 275.47400809 144.01553715]
 [214.77913686  23.80263698 616.42056047 174.17542132]
 [467.3602213  759.45921721 471.12085097  86.15210383]
 [ 13.97707427 735.04069234 300.07370022 574.06422399]
 [698.47935676 405.19829101 542.43657834 632.27493578]
 [164.0037605  194.62043666 271.53836998 510.48462383]
 [370.58493173 240.56213153 662.81711083  12.28513164]
 [278.63779946 564.41741437 197.02164236 124.44660725]
 [725.04505169 706.01188991 192.92770028  93.23776318]
 [351.76081068 613.40582457 315.22882928  87.92779104]]","[0.34227392 0.28957521 0.46582296 0.8695973  0.82684146 0.10488015
 0.10595804 0.66580283 0.96204647 0.23164015]",442,2025-03-03T23:25:00.295073
16,0.8986870133174394,"[[469.18707773 124.1357277   89.3633326  415.23266178]
 [672.45360628 743.76010464 688.24825476 688.52263089]
 [293.02766601 444.69626297 360.98854537  73.4774109 ]
 [596.51093083 449.83994066 496.80642311 196.05138925]
 [543.29444665 259.1978838  208.33046259 717.10147072]
 [742.38568531 134.32431856 234.20138873 557.36505127]
 [598.43623172 635.81886621 175.80418869 135.73567791]
 [665.82956492  71.39113995  13.50418335  42.99869969]
 [529.82161091 222.35473478 630.65953379 658.93043736]
 [270.90935721  71.30875111 610.69652116 273.72570097]]","[0.14198609 0.38053372 0.83553048 0.47718111 0.98586438 0.32792754
 0.976203   0.39891903 0.55892746 0.14328472]",443,2025-03-03T23:25:00.301854
38,0.824277167013867,"[[104.69329437 298.00206351 314.57473171  88.86726165]
 [666.88136295 440.9386906  788.483416   247.60657897]
 [  5.55647815 633.31824658  87.87514289 100.71828382]
 [358.39049823 614.82164606 115.89015241 296.99272893]
 [208.69928989 162.71208237 629.24656615 214.5530223 ]
 [624.86054596  86.60366164 158.58695422 716.71903366]
 [136.6378763  640.71211946 409.44623542 104.20940861]
 [ 85.63712241 458.39674669 511.87658376 382.7562885 ]
 [ 29.2827073  694.44531735 373.64873707 256.00463935]
 [581.63295736 782.85484607 742.41187915  43.85100433]]","[0.88095537 0.91618512 0.04912052 0.74393058 0.50564607 0.69389024
 0.87199398 0.43170437 0.42574122 0.82878513]",444,2025-03-03T23:25:00.307865
32,0.8997555070470771,"[[619.05446835 146.69449744 390.01786643 228.60587421]
 [ 31.56338618 245.25833874 588.15491705 100.56488857]
 [652.89767024 545.17308174 664.43305335 346.5493463 ]
 [596.84995513 750.8912421  342.20702862 174.27303474]
 [632.19331828 268.80291572 414.5347361  557.21557327]
 [ 58.77425397 310.37842894 368.98882981 542.02398224]
 [626.78786858 306.98810753 734.68207819 505.36178638]
 [490.70851046 486.10787172 396.06731552 781.41464108]
 [130.49706474 483.22944016 534.21207066 238.76340716]
 [ 71.83211352 461.00751554 742.58604557 598.32741354]]","[0.94800459 0.09660329 0.8282725  0.85265391 0.6059759  0.64850427
 0.79761862 0.37866628 0.83946307 0.14926796]",445,2025-03-03T23:25:00.314864
19,0.8622316456500526,"[[174.47352313 367.00430169  59.71414485   8.01195683]
 [474.49813317 398.67732696 318.52163637 274.39984541]
 [144.77927666 240.38035547 715.06213278 381.15058634]
 [580.41280676  39.85861398 217.6029404  183.56623832]
 [436.77141081 639.69008147 140.10313738 184.2966473 ]
 [432.93125372 621.69778634  81.56373873 798.36648038]
 [ 10.93953191  21.13119205 483.58979738  45.02502943]
 [731.53781798 135.75059295 116.58578678 676.7565503 ]
 [232.95309217 715.81730413 770.40315691 713.73340927]
 [356.70796895 184.70963786 669.26060306  39.90030418]]","[0.33228141 0.56828775 0.05328467 0.10460679 0.50231415 0.61233721
 0.59367177 0.87382325 0.06397243 0.38427549]",446,2025-03-03T23:25:00.322802
47,0.8464185278991154,"[[ 10.44093072 183.03038029  43.4769874   42.45318363]
 [229.55974015 218.80968497 321.75330117  76.78780252]
 [340.10893642 272.8373551  511.96194535 300.7286686 ]
 [698.54475048 436.75038137 668.45963706 520.60947945]
 [461.74194881 579.55983049 682.91581061 210.07363333]
 [663.59447779 785.73197777 770.80112837 431.47293562]
 [345.95928396 195.58264502 606.4305     730.21294789]
 [222.73318278 190.6357786   81.19605772 124.04277024]
 [589.20113942 585.62436    507.11275516  76.7718187 ]
 [304.21510868 700.65045619 689.23095139 282.55112006]]","[0.61432472 0.1018265  0.7406728  0.14730657 0.80973107 0.44080846
 0.19967371 0.66685986 0.18516678 0.48306682]",447,2025-03-03T23:25:00.329800
37,0.9105468714731804,"[[450.27916387 167.85390846 340.5274712  461.53418841]
 [419.04187629 374.92161784 283.02609192 247.21301922]
 [146.82662832 466.44500354  28.40974334 379.31286178]
 [ 30.34531631 519.25451983 760.7747857  338.44704185]
 [219.74128901 241.52603268 657.94058486 453.98189717]
 [ 96.78729113 311.384691   495.51376672 177.01434126]
 [183.12170687 510.16879091 678.06135043 347.04922592]
 [196.60638614 267.42940585 157.21896921 171.48010703]
 [722.79205706 480.62364961 661.22718747 150.67988147]
 [251.07189546 490.53967047 613.58756371 548.03518968]]","[0.45380788 0.10440774 0.93635227 0.03649686 0.52380217 0.51374874
 0.65302604 0.62860607 0.48042301 0.28194427]",448,2025-03-03T23:25:00.338798
46,0.9456499674591803,"[[ 64.05405993 353.01010299 523.29511356 427.32513992]
 [ 51.40147875 673.5366916  242.98943824  98.66935584]
 [367.4707338   69.5376405  473.72075168  44.28440364]
 [634.94962823 622.57003482 647.65590531  67.95463715]
 [419.56275946   5.53304177 433.29887984 240.39203482]
 [392.38087914 424.66292109 556.0992723  247.40449799]
 [499.67578087 681.06411307 457.53034754 335.55901964]
 [174.6223993  437.93306777 481.44343865  62.63178741]
 [ 23.36793927 792.42796317 726.25092601  64.87219334]
 [ 44.6516961  274.58123038 528.76244824 414.79344309]]","[0.34920965 0.71291334 0.41475333 0.77464525 0.51685843 0.68378555
 0.31682878 0.0584346  0.95581552 0.92027688]",449,2025-03-03T23:25:00.348782
24,0.8483153640366007,"[[543.60582354 798.13541543 152.15121332  84.11419839]
 [610.92947066 594.55225145 711.90568133 279.4024428 ]
 [235.9995535  508.57388382 306.25876396 169.16453034]
 [167.39417814  40.53897818 435.44592557 366.61113012]
 [558.92057226 454.7887701  657.18088304 320.91704933]
 [481.20601684  22.96383759 360.60319475 319.96516448]
 [401.71569466 425.1664434  711.3309883  569.93582583]
 [573.32200828  17.20906826 428.0776328  542.54002111]
 [771.30514501  57.63774886 785.25723025 674.44624318]
 [608.72425338 574.40564175 556.92609081 675.06604536]]","[0.9117275  0.34798187 0.15085165 0.0671183  0.50776355 0.60856094
 0.52860473 0.07527405 0.71063777 0.75645924]",450,2025-03-03T23:25:00.356300
13,0.9287960064552123,"[[682.10530144 630.64941429 246.35482849 221.75337274]
 [205.57187278 399.79805605 519.23630054  41.27722336]
 [225.44831697 618.01814471 353.9879645  508.15723312]
 [145.14101679 725.00377668 333.57302793 577.26321674]
 [213.06704398 561.1339227  426.14431838 302.62574085]
 [539.75321594  74.15781779 730.07942277 407.37975746]
 [553.6085682  496.83422966 753.49987833 773.14175168]
 [727.00669519 636.59414846 220.9923202  758.68733089]
 [469.92662657 149.7594901  653.9263785  186.2632794 ]
 [283.21384827 570.34291647 177.12809221 635.29224252]]","[0.44451857 0.70047282 0.6564286  0.40350219 0.48798718 0.40359447
 0.17153994 0.37334821 0.8890953  0.50091941]",451,2025-03-03T23:25:00.363805
33,0.8196688153877054,"[[376.0210553  247.15472244 688.11047895 690.55041817]
 [746.01521608 769.43274332 574.95633533 384.32282341]
 [199.92716686 444.5903792  190.17354296 212.38388891]
 [ 68.7114846  579.21016729 535.84453539 642.47500655]
 [387.52033336 607.01852459 534.04462242 239.11992052]
 [ 11.8271738  226.24387211 734.84653797 126.4594405 ]
 [ 58.01581732 684.78716884 604.3471759  563.38640052]
 [595.33313327 239.06884589 336.2867083  657.57537758]
 [654.93178821 496.16659579 406.41199214 730.5608032 ]
 [134.82659841 581.72411932 291.51258107 521.76736424]]","[0.08518719 0.56775569 0.90288838 0.28669921 0.05195523 0.10658431
 0.40397679 0.92966876 0.72374087 0.57811191]",452,2025-03-03T23:25:00.371399
33,0.9302092240677908,"[[1.31005174e+02 3.68621828e+01 2.74346918e+02 5.23496711e+02]
 [1.33990818e+02 4.78110871e+02 5.23142403e+01 1.64861762e+02]
 [4.80545001e+02 7.72963060e+02 7.71170724e+02 1.68091759e+02]
 [3.12616130e+02 2.89806230e+02 6.09436813e+02 4.98788641e+02]
 [3.31315803e+02 1.50792025e+02 3.70937476e+02 6.78231666e+02]
 [2.98106263e+02 2.41317143e+02 7.14362744e+02 8.65728729e+01]
 [4.68854954e-01 7.04585802e+02 1.66561415e+02 7.99967199e+02]
 [1.15128989e+02 3.30262834e+02 3.21819546e+02 7.61726601e+01]
 [1.58504578e+02 4.32385916e+02 5.94082923e+02 7.60133844e+02]
 [7.22909552e+02 1.14466387e+01 2.67443393e+02 2.40464024e+02]]","[0.32844905 0.22391239 0.35438908 0.38027901 0.12133345 0.25830038
 0.58686524 0.73738741 0.85257554 0.50414029]",453,2025-03-03T23:25:00.378988
44,0.8175336106589572,"[[565.66565134  11.84659938  42.62281581 426.07435979]
 [168.99636498 222.44603898 792.88426936 455.41336713]
 [795.30986679 441.18071168 472.40279112 423.18164393]
 [225.40641877 371.32095501 382.37390284 775.6167345 ]
 [148.75915017 566.25952483 138.93819733 739.87785852]
 [555.319617   781.08754062 219.52968797 752.43147032]
 [ 37.19929712 112.80342593 580.6208244  423.88390142]
 [351.77311155 224.48640566 242.89170298 789.15806844]
 [398.77608781  10.6012601  220.55707473 363.87644174]
 [155.0811982  107.31784505 698.90774917 469.49509831]]","[0.19943313 0.37182038 0.41799465 0.12650614 0.31732011 0.77561351
 0.14866498 0.97960183 0.84018992 0.62393967]",454,2025-03-03T23:25:00.386081
35,0.93031427113295,"[[432.72899145 528.8031277  125.23591377 300.37260056]
 [293.78323351 431.88074069 305.74747128 304.12363867]
 [488.12475658 437.37567928 430.96028472  96.46974477]
 [254.62052339 469.62767504 386.98176391 716.8086811 ]
 [459.97018702 143.11815781 605.15377375 717.11540337]
 [384.46560293  43.72322966 340.5694887  263.11805035]
 [310.13091508 659.0941491  284.29948649 658.80756558]
 [207.81350943 748.00208292 703.36076446 530.07764881]
 [553.89006868 119.79655762 473.8902792  767.60569661]
 [703.96619447 758.35669778 646.35765505 102.59856821]]","[0.44774497 0.39854919 0.8397224  0.98602474 0.04198163 0.71731298
 0.5810655  0.17162004 0.61533276 0.45465188]",455,2025-03-03T23:25:00.393080
44,0.8311556793946848,"[[ 18.91363303 120.85408402 633.4074478  498.8512063 ]
 [206.36561317 766.10255462 134.68620611 440.71225122]
 [174.24796605 657.19728462 536.75366163 217.34464777]
 [352.75276804 511.02316172 328.21280471 736.12316819]
 [ 15.66107269 518.20276422 415.9208374   21.13745768]
 [307.0283554  780.19892974 180.84901167 249.54328804]
 [418.05836057  46.36414115 298.17061693 419.94488684]
 [619.56387544 549.38349517 300.08127232 565.34737713]
 [121.37149208 191.82083838 179.69192972 778.23773561]
 [480.10280054 284.1420299  253.73948101 551.08068569]]","[0.89724645 0.18540467 0.19064699 0.81428901 0.43833829 0.90908005
 0.02656297 0.31385707 0.27273511 0.17113808]",456,2025-03-03T23:25:00.401055
33,0.9406193728500462,"[[ 80.23962986 521.05441974  13.20940995 770.16811689]
 [509.60471433 251.03967053 137.56025683 718.33419499]
 [246.79001233 198.69315755 724.68523419 408.92378934]
 [661.9727798   36.28134989 716.44342253 603.05790836]
 [301.56310176 347.19070445 323.53398069 550.46100051]
 [ 44.38295838 523.45633494 346.19160605 562.30272016]
 [240.78830983 302.35562356 127.84180474 449.62764749]
 [504.62674497  40.24080039 223.03711657 345.83755232]
 [151.87156098 358.97617601 710.44043709 661.83873511]
 [445.62575752 216.22443154  80.56051634 282.00458694]]","[0.54714315 0.18440312 0.43089586 0.3552173  0.49326136 0.41288895
 0.18596862 0.14736738 0.05493137 0.94740004]",457,2025-03-03T23:25:00.407450
35,0.9068875779081768,"[[661.17506715  62.15903487 190.41436021 743.46815689]
 [ 15.10607173 750.41439911 550.60433475 597.10368801]
 [465.44985106 719.4128396  622.78726592 150.34804436]
 [164.24728751 110.99782183  91.62414709 126.22481079]
 [478.00625417 529.71548194 530.496174   157.51672057]
 [317.2601703    2.6081194  406.28809617 781.86895704]
 [648.39853718 181.30971223 442.11527288 139.33176073]
 [498.11608532 645.53953517 151.20390692 318.53186143]
 [ 10.70220069  76.69172398 644.13181747 748.15824223]
 [217.89771397 190.61915239 241.19987604 694.61913485]]","[0.78393045 0.23642505 0.5082732  0.61991296 0.14146575 0.16307825
 0.67852202 0.4776062  0.32390281 0.35215581]",458,2025-03-03T23:25:00.416060
16,0.9086106523704203,"[[528.05991628  25.60277548 708.37144427 728.77601819]
 [759.17623956 534.03983452  38.08961552  39.49839724]
 [209.43767702 203.89411202 100.33774742 596.21030173]
 [444.69676737 380.4485395  260.76864059 191.11608246]
 [708.79479938  11.01035651 130.56954635 693.9200318 ]
 [589.41214069 240.03289631 584.05376128 784.34293935]
 [333.58152982 799.02166172 171.60457888 546.39616539]
 [442.78540208  49.26475319 575.88144948  64.1154163 ]
 [302.39828157 564.14823542 183.86161116 409.95858838]
 [ 92.7807419  789.92311117 206.51641747 175.43537706]]","[0.70927486 0.52946331 0.1838469  0.36834481 0.43013634 0.85161867
 0.488337   0.39068266 0.2207342  0.29273276]",459,2025-03-03T23:25:00.424141
36,0.8486495001128543,"[[637.03050004 572.88610523 791.45582546 416.56253618]
 [565.71020481  75.87726504 470.26490515 541.34689403]
 [496.43233076 129.51715185 372.78011944 608.29702802]
 [537.82634573 394.38322091 736.96416874 677.05577284]
 [617.97570486 451.36909132 175.86270538 569.24965878]
 [745.95076226 608.13241625 666.66092    478.38897206]
 [361.03117038 585.52751964 450.87071019 108.75335504]
 [574.0764301  129.63342483 156.23093019 728.70825342]
 [183.19560171  68.75798556 132.80047092 508.36466175]
 [766.73708226 279.92694539  18.56250482 184.31211724]]","[0.5970036  0.35649704 0.88756817 0.01416109 0.30511382 0.14825208
 0.23341889 0.14559237 0.87945799 0.69298384]",460,2025-03-03T23:25:00.431068
27,0.8418896263504543,"[[645.33027378 370.61229588 720.39775207 404.05095982]
 [ 90.30710271  54.94746555 604.21868214 534.36246766]
 [132.9319911  224.80629402 506.58628392 566.01528978]
 [140.96385596 356.80562868 156.88992157  63.00020609]
 [ 55.00005213 551.77123495 154.86104664 489.96486124]
 [778.3928767  454.74338692 193.27821666 732.00625043]
 [311.51134976 679.93280906 388.31025267 462.04735117]
 [502.60379201 338.38654909 563.57481474 194.02665294]
 [247.8363417  677.09658378 396.52067349   7.52406477]
 [175.28418441 758.66516172 232.83206448 496.87704507]]","[0.19838658 0.33418735 0.57900601 0.50715367 0.86470747 0.31444618
 0.35279843 0.22835234 0.97012655 0.17932008]",461,2025-03-03T23:25:00.439850
11,0.837234451873522,"[[165.83976251  49.44921547 637.87627325 718.3025044 ]
 [225.55428156  80.25735343 661.85942444 261.39162783]
 [556.07246322  44.54281701 743.45103236 543.97058841]
 [260.33071271 189.80917552 636.25348917 154.38295152]
 [771.53912019 357.12062917 244.92994866 415.21890351]
 [143.05651896 547.47447     39.12101695 153.76798467]
 [ 24.6647882  134.21223436 675.2070181  675.47258929]
 [520.24906289 568.44815408  82.91904567  13.24047523]
 [569.84129109 730.06583635 755.43213805 135.9154188 ]
 [580.92248944 601.3616092   33.48978977  92.60090995]]","[0.94212072 0.70176519 0.6858759  0.13637063 0.82414247 0.31300563
 0.83774963 0.82434834 0.62642554 0.49135873]",462,2025-03-03T23:25:00.447611
12,0.8136883681039976,"[[248.97285944 321.01259147 234.40020348 721.14066868]
 [207.29602839 764.09241108 742.90626385 372.20248493]
 [549.11142155 415.77060816 500.97515717 313.9770257 ]
 [459.58685772 227.16457546 711.80025881 688.96669984]
 [533.23198784 564.78893751  97.3747727  778.65714693]
 [132.00969185 150.00628629  27.32760233 460.69757465]
 [ 56.89199847 240.45141565 324.56966389 374.61604966]
 [699.30487827 320.97873799 379.91568329 462.12514   ]
 [346.09634958  31.64570281 607.98165379 727.51746602]
 [265.64700032 343.96324352 160.64444932 470.6704424 ]]","[0.99415098 0.05775986 0.49007269 0.67119387 0.28301459 0.21686256
 0.89627569 0.93934273 0.93364154 0.15768677]",463,2025-03-03T23:25:00.454043
49,0.8491251948178791,"[[582.46967195 766.73988986 264.655756   763.77696673]
 [715.21475211 396.06031535 283.19498067 365.20662334]
 [248.95608694 725.9844655  638.02863321 732.17806281]
 [557.42272729 129.83650408 334.99332817  23.47619214]
 [265.6500079  242.08148487 615.5121862  690.7403606 ]
 [ 63.91211945 194.18996609  38.79717465 174.79971375]
 [ 80.31493632 332.51074864 203.66107036  85.28543717]
 [701.7023708  473.86926184  13.95908365  53.05841088]
 [ 16.77439749 657.94111233  92.44691613 387.05629249]
 [703.87051145 206.12142622 557.60201373 338.31715334]]","[0.37193537 0.05587414 0.49234688 0.75800312 0.13363591 0.71635744
 0.55523065 0.61703481 0.20495868 0.89578792]",464,2025-03-03T23:25:00.459717
41,0.8812873738177822,"[[ 26.9874285   41.87422603 459.05536081 648.88821513]
 [ 62.20042976  15.12973636 388.18234366 143.0964718 ]
 [412.50912085  99.80282653 532.15001098 456.73309707]
 [196.4975238  350.34595544 466.13660984 713.78328793]
 [526.84015552 527.93411799 478.70277731 726.42992399]
 [704.60844155 305.27906605 770.94644618 417.74933084]
 [575.9861975  639.4528097  210.00888712 652.43613394]
 [123.27260883 763.7005877  691.49870561 141.80490116]
 [597.92965443 792.84745405 457.62225759 378.01425474]
 [529.46673135 283.62596095 434.88584388 188.41014794]]","[0.47924648 0.19581088 0.47694558 0.05435763 0.41962499 0.71335209
 0.21663796 0.56180781 0.52371538 0.10070264]",465,2025-03-03T23:25:00.465420
40,0.8409259273926959,"[[474.58453372 179.48923203 663.49923885 571.49745785]
 [276.34004725 503.96367263 131.68900091 108.36664154]
 [571.06646966 663.32094874 600.72260792 389.52042928]
 [464.14817694 460.96374375 782.55712916 306.55338117]
 [429.1147586  583.47090021 252.01382109 625.46535211]
 [586.3196883  260.25819097 176.99680654 636.36006116]
 [482.39302495 401.59403742  30.51391253 649.41989499]
 [165.71103542  51.09506793 386.00026876 418.81908739]
 [582.97686549  75.63777868 191.24093026 225.01613151]
 [659.93543298 128.4080884  185.59397073 624.81351247]]","[0.50732409 0.74828449 0.26114541 0.26363368 0.95983168 0.87529292
 0.38334391 0.90374447 0.69135533 0.29380934]",466,2025-03-03T23:25:00.472585
36,0.8248773661539007,"[[565.57583575 585.28435606 590.87723301 379.92463309]
 [326.94356354 768.39580548  24.7482843  354.64356553]
 [229.60824932 662.92390753  90.28973289  90.32723697]
 [726.7644521  433.85209367 725.98790919 599.75214796]
 [297.57648335 361.81408987 445.57832984 754.207624  ]
 [106.93847009 232.53282913 204.39830206 796.28652812]
 [182.56179117 192.42699496 539.67227352 178.16081347]
 [780.92399034 768.77874144 125.5714864  770.29745268]
 [720.46347771  30.01200959 439.23731815 663.70033899]
 [400.1661866  396.49219553  30.42710397 648.20108228]]","[0.87067232 0.72049978 0.76742786 0.49216358 0.87887191 0.78264729
 0.35604575 0.35454646 0.12137532 0.36068821]",467,2025-03-03T23:25:00.478697
16,0.9140291437158943,"[[796.39437822 643.92057071 225.09304865 510.57746284]
 [295.71173699 672.77189956 449.07295647 287.30753832]
 [347.33168062  13.40736174  71.12462218 289.65153665]
 [440.62320771  74.44154075 360.48534644 386.58392335]
 [ 37.35856912 149.72002384 229.93140457 737.43783776]
 [319.12429154 220.80007465 298.46251312 316.32011306]
 [425.58984956 602.71024791 728.36480016 234.092215  ]
 [274.0220829  744.3927457  214.06407648  85.12632012]
 [420.0908507  462.86329965 639.62276741 209.37647573]
 [475.16725527  11.46183889 266.47873243  68.82665405]]","[0.95139318 0.50998777 0.99789347 0.15380329 0.64056046 0.34911285
 0.13623008 0.30100611 0.96727228 0.12168952]",468,2025-03-03T23:25:00.486729
24,0.908969991958995,"[[ 18.53621519 456.79542834 162.25935422 629.37489672]
 [622.82692237 339.96826493 593.53220311 640.83517692]
 [551.29316451 790.37250054  17.33213579 189.80822905]
 [145.08124349 181.45521508  25.63883185  84.13880148]
 [685.70392798 343.77217047 222.30670808 593.44759553]
 [651.68898837 354.290876    11.64119008 456.63778068]
 [506.12813906 125.48190957 149.84662659 251.18611989]
 [591.5645808  516.64717744 132.69298691 616.92585636]
 [643.6386799  230.16564534 644.61822145 677.53920462]
 [428.19188267 142.38716774 716.51766943 513.46307781]]","[0.80157194 0.99583961 0.98106444 0.60624754 0.08228083 0.63347035
 0.78580227 0.91553259 0.8548307  0.74014422]",469,2025-03-03T23:25:00.493153
48,0.8055350633243805,"[[ 27.22661075  22.19145464 297.08242234 234.78897461]
 [543.13189365 470.73099256 497.76650333 499.13961187]
 [180.95804895 659.0945091  141.21330957 509.25386187]
 [724.61496673  96.53924922  12.2610715  431.14401511]
 [401.53892405 564.07215789 145.34206877 371.38909837]
 [672.74941226 264.06107817 568.92408795 320.95982423]
 [ 46.75431202 110.68414018 248.67701948 238.68132545]
 [ 78.88643509 557.43335471 163.53876253 231.75628065]
 [356.23832263 688.68707981 541.11938185 536.92735546]
 [286.12724548 668.34725582 799.16642644 346.68499145]]","[0.74379936 0.6382342  0.93589457 0.00146224 0.18599221 0.94104049
 0.28500162 0.65530667 0.00484748 0.8157039 ]",470,2025-03-03T23:25:00.499633
35,0.9089133211398387,"[[134.19364541 728.89233793 393.16522066 203.96562728]
 [435.66772563 268.42318661 629.43349687 576.65429511]
 [433.63558182 674.17219884 690.37702558 114.88938012]
 [785.71465797 200.0938475  788.4065874    1.38911679]
 [508.79592341 132.31867557 730.40227915 101.95996292]
 [109.79520912 514.35278828 564.78079856 640.01259055]
 [441.46852905 123.21164891 218.60973069 763.7918384 ]
 [  3.23150066 622.70444693  99.60761072 268.13270806]
 [372.37367573  41.07409754 347.50762347 713.69996766]
 [406.93285128 475.95118603 547.618204    87.50208283]]","[0.75006933 0.90422292 0.01147695 0.49142957 0.02005068 0.68991005
 0.37998325 0.78994966 0.00351947 0.83382068]",471,2025-03-03T23:25:00.508767
48,0.8678462018344149,"[[ 88.60013427 508.09616198 424.25056566 502.32218219]
 [697.82166739 303.69834814  13.62777532 466.44303419]
 [121.03052836 421.20944559 234.10890731 725.53664766]
 [606.87111126  93.79204064 691.20077333 476.28887998]
 [224.19310964 685.80611565 260.6557031  149.861672  ]
 [731.37406525 266.84894643 355.49934433 260.10000511]
 [532.40373002 683.99380678 741.75755292 416.31311344]
 [760.04711006 221.30517554 745.78594583 175.97492587]
 [544.96943784 196.12068559 558.3096992   84.68377962]
 [169.4274469  125.52894073 672.74125793 310.19119743]]","[0.99918694 0.72931873 0.9243344  0.69372635 0.31567503 0.27203107
 0.40536863 0.82037982 0.91702007 0.07710288]",472,2025-03-03T23:25:00.516134
18,0.8573837665448428,"[[661.89950701  82.21641595  42.56980458 694.17973699]
 [707.05014787 692.60327605  56.36797264 754.13571493]
 [160.03237998 497.28146917 122.20169472 353.09055364]
 [117.01040717 718.33691189  70.8738005  596.26720738]
 [769.31937446 546.86849797 682.91909384 747.67709789]
 [735.04558475 341.24945449 115.48632679 753.84658115]
 [718.1486735  552.0978946  253.85950921  50.41885425]
 [419.53643596 276.84610138 754.07744032 609.72319102]
 [179.4707439  543.95482644 465.10933919 221.03534799]
 [190.58066701 608.58965715 319.64612572 684.02108792]]","[0.05764409 0.08673528 0.48653172 0.68965877 0.17107721 0.77031701
 0.75299155 0.65406087 0.25862235 0.99890198]",473,2025-03-03T23:25:00.522651
16,0.8488271369023941,"[[602.57430876  21.16044918 685.13725477  88.74758745]
 [ 27.03662445 209.99679772 485.98707373 154.67920346]
 [166.09363379 380.89438048 473.48255464 565.91339285]
 [747.11102076 433.1139813  727.1807635   31.50315597]
 [422.69337414 621.90654804 596.13811404 648.2134581 ]
 [137.96053922  56.3697272  372.19677698 699.9534477 ]
 [544.57638971 283.59283884 304.14067545 383.40132359]
 [627.50165661 152.78345092 400.29020159 229.23771018]
 [722.30100202 590.61200724 732.59652042  15.94639818]
 [428.23864261 590.43444818 172.00223283 798.44941984]]","[0.97157814 0.36757428 0.20900432 0.04469134 0.48733415 0.32648926
 0.42611862 0.63676244 0.6703131  0.97585197]",474,2025-03-03T23:25:00.529819
26,0.815204342622536,"[[572.21516097 723.00806731  15.4567769  103.64587454]
 [576.58415633 691.45570879 455.37146822 695.23868811]
 [650.44270639 794.37500456 415.08936856  71.34214558]
 [616.98766206 704.41984516 437.40466801  34.95172254]
 [131.35642863  20.292097   319.61929135 621.96584939]
 [309.68367779 593.84558905 548.90729792 131.15093805]
 [760.89969364 428.97954952 702.08841283 416.87301156]
 [516.73729742 541.95374669 531.43106974 513.34107207]
 [660.19592256  51.69328788 698.41907555 140.37601753]
 [128.60818931  47.88444518 386.22907604 624.35464014]]","[0.76949964 0.25566121 0.84191219 0.48414558 0.04358116 0.03046918
 0.37252808 0.25055377 0.81481444 0.68246664]",475,2025-03-03T23:25:00.538157
40,0.8386471475889393,"[[211.42921195 102.94396665 586.36691646 474.72579089]
 [242.44069924 741.87963669 140.50950333 629.96334841]
 [411.91537774 157.91624216 571.12664807 437.91322531]
 [410.30617534 623.20295244  92.75597292 714.37662697]
 [696.3448998  213.02221052 108.70205342 761.46909021]
 [379.89962779 182.92865029 688.98289901 613.51328309]
 [786.77666852 141.65476661 223.06970884  48.21878517]
 [200.12038192 383.47433351 680.72625795 380.11458375]
 [288.34674097  19.11310101 621.86600259 161.84211706]
 [362.72361501 202.37174129  33.71638276 310.09628005]]","[0.89142324 0.83731921 0.19526113 0.41136348 0.99516111 0.33071104
 0.1922014  0.51934284 0.84123487 0.30548332]",476,2025-03-03T23:25:00.545824
32,0.91824064310558,"[[ 67.91729523 229.77173328 416.32086099 527.54188047]
 [525.50811866 699.71622508 162.81997643 453.88842864]
 [761.72900565 610.61683272 130.21444373 741.09307464]
 [483.75385625 717.4717696  322.08472897 552.66026956]
 [314.5111649  600.86501451 115.45789046 412.08191468]
 [759.2131821  592.1624379  639.1313302  137.42452177]
 [737.78879041 108.53291749 123.6598871  505.96747748]
 [441.56598659 369.90343847 431.93856195 469.64058738]
 [509.7246701  484.42854747 307.27931967 182.3709256 ]
 [737.08604873 569.52305499 747.52623675 597.98478153]]","[0.24206944 0.1328697  0.59138699 0.943204   0.74376516 0.69018306
 0.79513114 0.87228792 0.26126551 0.34205405]",477,2025-03-03T23:25:00.553160
22,0.8954539016567927,"[[ 22.17846002 306.4789545  554.90444446  80.1029123 ]
 [741.06798963 179.79154544 416.62626588 528.02488367]
 [132.65511719  54.84090366 496.0225747  198.05059881]
 [ 35.74605908 160.06739597 307.89387221  96.16012528]
 [ 72.92782789 432.40411869 150.00152003 452.10101671]
 [137.315822   334.83529015 473.72759226 708.70298681]
 [662.55672812 616.70881586 758.94507114 510.79773507]
 [427.38523742 115.4774999  123.97660058 707.205856  ]
 [391.41451899 426.73416833 435.10559437 390.48924839]
 [682.47957208  42.32807441  42.96203721 155.23047024]]","[0.95163765 0.91487234 0.40653557 0.86439948 0.95755953 0.9396071
 0.40631088 0.3052873  0.02998329 0.07252739]",478,2025-03-03T23:25:00.559887
24,0.9270475586513547,"[[662.96288037  30.04523955  54.02873651 790.12507228]
 [517.67256047 430.77996788 514.46187665 649.52719091]
 [518.51316892 486.62479729 621.02290037 326.50882741]
 [ 30.09506654  12.80616882 708.17070807 409.38200171]
 [521.79541257 593.01348794 513.65646483 629.70102538]
 [363.49325807 691.01486431  80.11218115  42.3797495 ]
 [698.54137156  86.38257723 196.95504659 146.3673785 ]
 [280.40787662 436.02978758 487.18083647 670.2204704 ]
 [ 68.55501789 676.59892205 449.46651269 307.27583964]
 [627.97173074 590.0907904  374.00758122  11.02442556]]","[0.05195023 0.12568942 0.32732434 0.54967667 0.02674492 0.1854354
 0.12082568 0.53646786 0.70567161 0.8315888 ]",479,2025-03-03T23:25:00.567536
48,0.9358858195055433,"[[779.40533117 213.8067392  215.35852036 674.60582738]
 [199.78292093 268.04778529 324.85179566 261.28398162]
 [597.90295042 638.64141049 500.38006264 726.42950266]
 [276.57992126 407.26525145 482.55537637 300.12057421]
 [395.31650245 143.98459352 796.22591841  24.40222102]
 [112.54104888 526.24029672 336.27104078 113.58243369]
 [454.09360243  12.31849337 693.51626063 618.47904822]
 [437.17184671 626.34193071  62.62422826 693.83679809]
 [592.20304182 560.25823496 153.60916927 100.38155286]
 [664.61856447 515.88843149  80.36031308 753.22090029]]","[0.70001771 0.73643884 0.97552939 0.53107287 0.7749448  0.68394748
 0.56116862 0.53029391 0.80569457 0.47613041]",480,2025-03-03T23:25:00.574571
39,0.9443859061073894,"[[6.62846155e+01 6.51759181e+02 3.57394337e+02 7.99904897e+01]
 [1.61135517e+02 3.76479155e+02 2.64961156e+02 2.10290928e+02]
 [5.25430741e+02 4.38702474e+02 5.35631352e+02 2.04264417e+02]
 [2.26484339e+02 4.39730861e+02 7.78473499e+02 5.29178055e+02]
 [5.92917712e+02 9.63785996e+01 1.59981887e+02 7.84362908e+01]
 [7.07628367e-01 4.39387695e+02 4.18393013e+02 2.48868362e+02]
 [1.10830497e+02 4.94057233e+02 6.45212098e+02 1.46168609e+02]
 [3.47131303e+02 7.10955994e+02 3.32755945e+02 5.82659919e+02]
 [7.86570622e+02 4.63637274e+02 1.26466473e+02 6.57654741e+02]
 [6.31788054e+02 7.96929865e+01 6.79396896e+02 7.17901404e+02]]","[0.51730625 0.70242808 0.04732187 0.82726482 0.39006097 0.86718896
 0.01545795 0.99251002 0.79988321 0.52894814]",481,2025-03-03T23:25:00.582822
37,0.9377717382074398,"[[183.82381535 335.16414917 343.18138464 473.13023225]
 [562.56976228  51.15508324 417.9602039  365.39036175]
 [662.18164991 774.94141133 408.60787817  47.25415177]
 [445.31625027 468.06938028  59.03832321 412.41163305]
 [345.1666188  685.50679755  67.4217592  484.61860761]
 [ 47.56427388 668.62708474 148.83630989  36.04581775]
 [179.08645808 708.27762964 201.5591822  462.53840786]
 [765.23023232 508.8109831  202.33924663 347.1644236 ]
 [415.61459322 687.32994036 667.4630847  108.17910461]
 [486.22659659  94.1227872  669.03279444 523.14127694]]","[0.99119793 0.97951525 0.26325463 0.10205222 0.41839376 0.92204916
 0.92631251 0.88345505 0.70519787 0.31114651]",482,2025-03-03T23:25:00.589822
12,0.8806640053011068,"[[ 80.27617928 153.99815512 344.00347568 487.05200258]
 [742.74013743 701.74200487  22.10964271  99.39867775]
 [540.25101081 426.31378526 368.69734873 109.75431715]
 [764.32023792 333.12650252 349.50368733 590.70594382]
 [449.82879238 408.65259298 473.69506499 243.17738349]
 [260.67186475 329.10301302 247.60825317 790.94012892]
 [381.09951734 258.13223417 355.45780259 581.2140712 ]
 [562.99647938 684.2025943  621.69722043 375.19600527]
 [147.52291067 627.58507919 125.44277542 709.20955778]
 [183.88137491 559.87229783 453.66824364  15.8144055 ]]","[0.10344694 0.72848714 0.2331165  0.14959109 0.6450897  0.01385804
 0.93606816 0.30775248 0.13714008 0.78526047]",483,2025-03-03T23:25:00.597831
20,0.8056554942180651,"[[412.95963095   1.85339291 279.80170635 502.71349274]
 [738.66017263 254.98860959 674.94489355 113.84939563]
 [421.62170034 245.44559237 483.35884854 652.26722286]
 [157.02332558 479.24844024  77.90856757  48.72322334]
 [561.14723094 544.27958886 472.21022257 187.22418856]
 [763.46580288 788.67202384 724.76278943 560.88877026]
 [560.76232993 644.73893241 326.66504599 503.01013099]
 [547.35731638 364.19910065 582.88262888 641.23534478]
 [668.04301204 719.45369879 621.18205081 639.77809495]
 [753.30349721 356.06222045 566.96735066 526.35169011]]","[0.25040566 0.1016069  0.59272581 0.91728584 0.73874348 0.16147746
 0.49152553 0.04850754 0.88909049 0.43327649]",484,2025-03-03T23:25:00.605822
14,0.8822228764187955,"[[398.9366684   43.01942555 773.26177844 742.8587742 ]
 [736.90085608 466.0271527  745.90049969 602.94058125]
 [168.56662058 705.27158707 350.21545437 268.89141667]
 [216.48153299  65.17375783 779.24964018 500.67002096]
 [379.095301   321.79144425 792.30924995 557.36833939]
 [433.68468807 616.38374491 574.00193899 169.90574719]
 [565.25927699 357.37640232 328.68633644 720.31930587]
 [ 25.02642642 251.0384497  504.57824221 787.41352432]
 [776.91161251 175.1267417  210.5320725  797.62580174]
 [226.78806358 791.95666196 139.29477597  47.03341573]]","[0.09718618 0.53219969 0.76549906 0.69762709 0.45594158 0.96960013
 0.5657981  0.69116114 0.00724021 0.33552498]",485,2025-03-03T23:25:00.614191
38,0.8092699510649888,"[[353.35225938 113.10300726 519.32594062 705.69522613]
 [601.41516133 756.5613813  194.97176754 760.18748504]
 [733.95166589 785.58401241 534.55201089 344.20323449]
 [ 71.48108739  37.90671276 321.48320646 512.92003338]
 [407.45089212 481.39683069 576.72132252 521.19720479]
 [223.63450163 130.1698498  432.6581015  356.62132649]
 [643.19456211 373.00214539 304.05322849 573.97162177]
 [383.70130599 531.63236711 354.27828702 147.72177826]
 [775.65925961 347.79689217 204.91204042 735.25982768]
 [373.40615535 488.0525887  688.23866856 341.50279949]]","[0.30946246 0.69999968 0.21857482 0.01738694 0.54035638 0.40912501
 0.92852742 0.1616609  0.1302178  0.59894633]",486,2025-03-03T23:25:00.622375
49,0.9371497541536892,"[[718.85946974 216.72664358 588.73418586 555.82512784]
 [388.5872865  792.86521243 736.92551062 473.04741682]
 [693.19565473  71.68704026 420.67669896 286.54784926]
 [491.72439055 642.35184351 119.5319465  428.50800259]
 [241.35959866 102.31795777 130.18202968 545.46644116]
 [698.63997568 658.92093952 691.28360375 658.35548278]
 [ 10.4680969   14.97406412 733.97597659 371.08586066]
 [565.29102375 487.07738739 364.62457115 108.0187789 ]
 [633.67859463  15.58757728 162.37135202 112.88270723]
 [556.04743904 138.73781028 287.15627619 506.04478335]]","[0.6013957  0.76538739 0.8948706  0.95191047 0.34312897 0.54188964
 0.73144565 0.91134098 0.42672371 0.55129474]",487,2025-03-03T23:25:00.629384
34,0.9359084402703022,"[[557.46233302 120.1930595  142.42640707 331.15763939]
 [636.00423921 221.25664147 760.55432726 185.34982758]
 [454.13042103 283.75128316 431.85379802 147.47829624]
 [265.49437531 760.98475041 411.83439883 167.18775932]
 [431.29670012 650.56477448 673.91452935 596.60613674]
 [613.00933981 531.84696802 178.67355904 204.99396727]
 [669.18822921 639.349189   138.33652727 487.83000019]
 [236.95954052 545.51753883 280.13138456 275.26531502]
 [780.00323676 671.90978029 685.04725889 123.11780738]
 [744.31661413 652.73384018 721.15544114 697.35464575]]","[0.93734256 0.35768787 0.50480903 0.20273257 0.69403631 0.15638536
 0.805237   0.63863997 0.93592258 0.62485502]",488,2025-03-03T23:25:00.637446
44,0.8405433259488745,"[[ 36.52342791 313.89689605 759.60108323 217.39064653]
 [339.43218342 332.17418036 256.80299985 107.74591813]
 [100.27292813 111.54632621  18.62319763 642.0425744 ]
 [615.60450373 400.63844642 758.86897892 162.42856207]
 [288.24550233 623.62689768 209.27916184  77.97569218]
 [ 21.62714445 747.90359686 612.22143341 290.20897727]
 [382.53196886 300.30055585 246.42795946 714.52312429]
 [708.43774132 670.06921613 200.56048431 780.3479084 ]
 [495.12970632 692.26933215 445.26928846 314.37947787]
 [690.23581573  59.10533983 560.41961239 276.62979459]]","[0.43334775 0.07938421 0.11693396 0.76194634 0.59715467 0.19037077
 0.6648815  0.40912442 0.96097548 0.95144968]",489,2025-03-03T23:25:00.644518
12,0.8226535068911552,"[[519.68027052 359.02928416 357.45319869 399.64290944]
 [631.50530877 152.86651736 327.78641761  82.2529905 ]
 [202.30582433 779.77642637 652.83251802 139.04874517]
 [167.16714308 492.38004308 468.03249426 640.49365848]
 [620.45461431 732.23897177 714.44093887 350.64625551]
 [208.54217158 172.97210652 283.11111072  81.77733769]
 [ 62.82524285 261.85959291 397.93878457 185.76131576]
 [ 42.42267431 508.62969417 201.6249874  720.43067576]
 [108.83266116 412.41625997 660.49623373 404.06892514]
 [417.61743519 495.65401478 744.24497262  35.66891658]]","[0.77039073 0.96533613 0.94602436 0.17780662 0.67026419 0.99707668
 0.67727468 0.95493168 0.39879171 0.69666519]",490,2025-03-03T23:25:00.652673
44,0.9051381981165001,"[[114.47515608 557.55823101 270.79087213  90.30595477]
 [439.9843991  219.65004481 388.61017526 664.29670782]
 [683.84113336 424.74242692 788.08290913 232.92762768]
 [705.21193883 196.37776045 382.32585854 595.8067074 ]
 [644.22026163  80.48543011 735.38402925 771.51008471]
 [  3.49709151 570.4464862  651.99893895 374.38956536]
 [280.5090006   85.6317548  164.40941137  82.54318153]
 [767.89688399 109.54966369 486.82137444 211.3005322 ]
 [ 10.67150723 252.87507774 740.65101977 204.76552784]
 [474.97765434 284.20363747 249.8851523  595.00822279]]","[0.39330161 0.19612841 0.41015276 0.70989729 0.93223137 0.68506678
 0.89636191 0.81701869 0.06055363 0.78236793]",491,2025-03-03T23:25:00.662285
17,0.8122861299881214,"[[517.07968435 726.95784971 403.15138997 199.03006915]
 [258.57643733 239.3595425  352.7886994  761.79075171]
 [569.968461   198.11543538 226.89376019 392.90469298]
 [735.70113417 701.24935384 272.83515104 701.38941297]
 [349.18383278 194.4527449  557.81591033 690.64628346]
 [484.43377161 702.43676154  86.15029706 512.26158253]
 [194.94759759 771.50455509 740.26236585 398.97006114]
 [253.37704384  96.22723452 507.22362401  45.56585611]
 [168.15061508 278.96673587 779.49788311 590.68628755]
 [670.63689892 303.16453449  31.27562551 485.02147733]]","[0.3782917  0.69529806 0.34201497 0.75167245 0.16816836 0.11971995
 0.26227778 0.27446055 0.61897556 0.04940531]",492,2025-03-03T23:25:00.669869
36,0.812502419010043,"[[646.6649225  197.95062779 209.0320992  260.36408432]
 [325.32540317 721.68911911  46.11507992 480.38967548]
 [ 36.74896184  99.0603105  243.78071389 659.78772184]
 [ 13.26183667  61.81364747 588.96764942 301.08816539]
 [412.43414338  15.00545823 590.33025348 532.11702379]
 [ 87.87630931  13.46546084  27.65120218 526.68167806]
 [371.79381255 304.55724154 614.14232773 731.51688101]
 [653.55020204 298.52096864  55.84638431 371.42136211]
 [624.58972667 648.43809361  25.16828025 398.54585144]
 [ 94.28514053 197.21004779 261.29837589 399.19238446]]","[0.65271931 0.95606074 0.0257575  0.05954191 0.56269041 0.32851487
 0.00642406 0.79072342 0.63331332 0.32247448]",493,2025-03-03T23:25:00.676917
37,0.8413600869679467,"[[251.43073417 403.66012089 738.58386259 248.11299852]
 [191.90053318 748.66336674 357.0642817  505.46700059]
 [ 30.67782549 790.50672744 701.83946554 471.15665965]
 [788.60243208 142.75781733 656.18919424 425.91566972]
 [585.159721   466.93428084 429.7076717  213.98281825]
 [370.61585613 470.37223936 236.12562293 162.8225302 ]
 [595.42214962 357.22666163 657.36203787 502.58315677]
 [248.41360846 479.97667512 552.03511804 110.56998668]
 [396.53626147 575.0936756  239.68405372 179.81477025]
 [253.90313879 332.74741636 475.74494637 246.01152229]]","[0.25285446 0.00685686 0.46953189 0.68961642 0.60201463 0.16832747
 0.52728236 0.76879242 0.44978377 0.43868343]",494,2025-03-03T23:25:00.685255
24,0.9245008845112953,"[[ 97.42944654 312.25608903   4.58554861 748.82058461]
 [570.98999646 301.7157479  216.16584142 559.44308097]
 [ 48.05614489 621.68052897 130.17872115 448.87422092]
 [646.91973512 115.87887877 228.55201539 727.45610568]
 [499.31719138 696.69088214 113.48746134 589.50562481]
 [123.22665325 616.2673319  501.8121253  225.39878205]
 [432.40165069 250.83133402 131.35813655 276.58086573]
 [734.51675948 605.53299591 195.71084425 509.07677463]
 [290.06984261 720.60218432 701.95853063 565.22319665]
 [393.47518086 221.49865895 224.31158147 474.68309808]]","[0.10921018 0.42564316 0.28627849 0.93984745 0.83800849 0.54921185
 0.77417278 0.91885954 0.6727743  0.39576928]",495,2025-03-03T23:25:00.696292
17,0.9208789977275066,"[[ 67.18608445 369.59167135 745.43948759 484.09183338]
 [348.73563594 588.16916207 464.15483761 369.9687957 ]
 [256.34938109 442.99174387 767.43816619 651.81602709]
 [297.51034735 636.87109671 256.92707921 231.254706  ]
 [161.46952188 422.87528721 701.38958296 311.21531359]
 [344.70602766 467.61579828 472.8753729  234.87228936]
 [669.55013479 622.88344755  12.57503157 659.50262573]
 [ 72.97593476 740.85000658  27.92871693 650.77083331]
 [739.01472183 312.23208075 646.72999469 772.99020268]
 [657.03044171 376.43371838 751.32908668 287.88855428]]","[0.32168942 0.90670573 0.3994966  0.4538837  0.96429265 0.30688145
 0.42368073 0.39272059 0.2937305  0.90619438]",496,2025-03-03T23:25:00.704707
37,0.8059604940961349,"[[367.78117666 636.94161919 512.4374795  779.26816469]
 [ 57.75833699 624.08291834  31.51563601 663.81931242]
 [614.17348135 656.9352902  574.33084007 369.39619228]
 [224.80197031 330.93412793 539.31749357 395.40380571]
 [501.90991642 447.47383239 581.52955248  68.74911664]
 [442.57790745 706.30177264 553.28134508 604.6019765 ]
 [786.30336156 660.14105262 687.87945613 585.07638028]
 [321.97554598 724.07671226 641.06236141 214.74077315]
 [746.72119012 286.96342439 391.78917851 166.32918104]
 [ 91.76967835 144.87924578 790.26396888 494.91076359]]","[0.95789217 0.86196543 0.31139518 0.00536622 0.09749463 0.91153406
 0.59508332 0.22187901 0.75270444 0.36636811]",497,2025-03-03T23:25:00.713040
13,0.8147498605462096,"[[299.86419031 244.25087892 591.14029314 549.26462924]
 [ 57.28221529 224.88460945 556.32898562  65.57082299]
 [174.28520591 110.14108486 398.31411965 355.97289141]
 [754.25597656 512.38682981 445.58120843 131.44084085]
 [378.26730097 269.22988558 662.71778882 248.59117919]
 [143.02131546 720.49409961 374.52927602 558.51853844]
 [426.09329847 274.11723094 293.54985235 283.73110504]
 [422.86650783 142.97416696 627.62994342 555.95726523]
 [512.44257618   3.83110619 470.75810205 236.53285502]
 [594.45578284  96.7458103  222.20285601  66.08576854]]","[0.33733254 0.40241972 0.27454637 0.56120104 0.22216833 0.17649175
 0.11409366 0.54692047 0.85218301 0.50635257]",498,2025-03-03T23:25:00.719910
50,0.8430180532882546,"[[634.2270372  390.88120506 696.73114174 182.22880041]
 [516.41678328 232.93187599 242.98612783  99.83647384]
 [380.92516333 710.31752473 609.31626399 441.77777092]
 [188.55923783 728.26446255  32.86433055 343.78069262]
 [250.43151199 156.63926492 694.23082907 693.9351748 ]
 [396.20045239 657.33957103 738.56274392 752.5281202 ]
 [102.81875638  30.58845971 499.32140538 502.02419275]
 [679.86540684 623.51315336 751.96996148 329.37063721]
 [474.29307985  76.03037428  41.01003107 731.4197963 ]
 [310.38192787 422.80586829 367.88202201 774.10208591]]","[0.97842425 0.05262924 0.74696098 0.54888783 0.43963861 0.33834884
 0.22903312 0.54731613 0.31479694 0.56759607]",499,2025-03-03T23:25:00.726831
12,0.9058876361570117,"[[143.59961387 396.88152092 367.63919865 621.12425488]
 [307.18331035 527.9102176  246.86408544 794.36774455]
 [218.31951355 133.62461508 478.09315045  47.17678062]
 [414.07621358 208.86731017 219.17613564 687.98398808]
 [425.55356304 105.62635031 226.10642266  12.63861774]
 [662.23120421 325.13038987 199.87068706 436.56579494]
 [ 16.67242832 743.82092456 562.51266209 280.20237599]
 [518.78736635 109.16924431 206.387487   333.51006781]
 [240.59778459 651.61803476 621.69342172 787.39382477]
 [451.30644178 755.00828296 642.00136839 633.13725018]]","[0.85900088 0.7069822  0.66051381 0.24794666 0.21920226 0.64660966
 0.54365442 0.80131923 0.25258121 0.64408138]",500,2025-03-03T23:25:00.733268
30,0.866499199960076,"[[2.56981719e+02 1.16077297e+02 7.54042421e+02 3.33202565e+02]
 [1.40978057e+02 7.00547936e+02 1.56606960e+01 6.43750350e+02]
 [3.85521491e+02 7.77014587e+02 6.51630138e+02 3.45882854e+02]
 [2.54207545e+02 3.68864460e+02 8.82715918e+01 5.29219165e+02]
 [4.00209541e+02 1.04066952e+02 7.05302626e+02 4.80012280e+02]
 [7.77278444e+02 2.23140470e+01 7.70656329e+02 2.83498956e+02]
 [5.57676931e+02 2.90811486e+02 2.99317460e+02 1.33668825e-01]
 [6.47037099e+01 4.53743666e+02 5.83243941e+02 7.98366551e+02]
 [5.83431118e+02 2.78826206e+02 6.47654547e+02 1.05616884e+02]
 [4.94631946e+02 2.64814820e+02 6.53199336e+02 3.07102584e+02]]","[0.15035179 0.45967574 0.47668519 0.20582957 0.16175739 0.64079212
 0.09155688 0.99625734 0.59728263 0.70082891]",501,2025-03-03T23:25:00.740816
12,0.8423270191102593,"[[367.70252492 110.520687   244.65903966  89.40751557]
 [543.85844982 316.18628382 293.82473882 702.61321887]
 [674.73521656 432.42166696 458.38435374 230.60799563]
 [161.6891625  517.86513416  14.10152985 571.40680954]
 [ 28.04300752  17.79896505 581.94081693 528.61392634]
 [ 95.22862481 727.88121107 277.45867062  34.15285526]
 [624.66835631 116.56478324 723.5267924  659.8637949 ]
 [587.35053647 444.02423509 536.43879816 737.61083275]
 [387.35098138 104.76825358 127.29758924 445.09607717]
 [ 71.02819902 786.55815812 150.0827664  291.08176331]]","[0.00586754 0.06282712 0.65845828 0.86675605 0.62583709 0.98684343
 0.31393995 0.89922844 0.91601206 0.16881058]",502,2025-03-03T23:25:00.749819
37,0.8971693191917153,"[[712.67897331 131.46356961 221.90577015 275.44380697]
 [197.91440824 461.40247818 589.08518135 429.66410337]
 [215.37968303  78.24345423 476.21240217 596.60233067]
 [ 27.59934623 303.58267272 470.62176481 530.81719418]
 [556.21551275 127.27888555 298.47022872 112.10341525]
 [212.26715462 442.14729144 260.64663919 313.66970192]
 [791.30847584 608.4472091   33.8241114  771.59805683]
 [393.66558597 366.75662516  63.29812027 600.96148437]
 [118.23997638  40.84572689 234.73649262  98.7624075 ]
 [649.74888643 212.6748619   44.30558883 724.62913874]]","[0.54453104 0.69503367 0.38780317 0.36661647 0.75261668 0.40515827
 0.71701909 0.41661666 0.73404173 0.84164954]",503,2025-03-03T23:25:00.757157
32,0.8387831446393396,"[[585.0209196  730.5281694  314.49729837 173.40112608]
 [ 44.74576326 217.05287521 725.60822212 208.86311054]
 [161.18870126 702.46049211 743.2151683  691.22450821]
 [ 11.88705188 206.73758058 473.37407618 166.42169001]
 [ 73.91626935 428.14626404  38.35718395 590.31666077]
 [160.42542899 567.24884628 266.64543944 185.41441711]
 [537.63594018 687.2710537  646.20984751 197.07081649]
 [483.34814296 704.57454744 221.80065808 480.2151102 ]
 [715.33348977 197.87636644 297.30551943 494.80244533]
 [ 59.76923738 666.02000295 526.59842557 537.93641702]]","[0.72976944 0.03974344 0.81126418 0.623058   0.24194136 0.61359878
 0.98488904 0.90570428 0.95710269 0.51152938]",504,2025-03-03T23:25:00.763620
19,0.8709895028873289,"[[597.02209557 681.42769196  29.84415819 628.9912479 ]
 [236.3383835   44.56808034 559.39896922 609.70356883]
 [704.24863304 761.35691926 278.2640733  620.24742652]
 [716.04860563 400.71296264 295.67867145  17.34500338]
 [630.67201627  53.94964833 702.56569777 648.6613346 ]
 [  9.47132374 185.7504718  479.1790746  541.03524478]
 [273.47928433 178.44633182 683.85459294 704.46659636]
 [338.08195686 226.90976139 574.80362719 189.42722368]
 [780.05657894 204.74052223 539.15048974 301.68685329]
 [580.65427634 641.16866192 489.71650149 298.89543802]]","[0.29193461 0.50919995 0.29205003 0.47093787 0.58999715 0.10802629
 0.3643282  0.90778954 0.08143064 0.71759498]",505,2025-03-03T23:25:00.769688
23,0.925974908768216,"[[539.89474042 375.79013779 569.76382659 574.43859591]
 [724.55101047 695.77922123 764.40073282 708.92632106]
 [279.32917738 691.7492489  556.45868378 233.81441456]
 [ 32.49625234 255.96776183 693.21694793 550.87893058]
 [367.60366161 731.36644266 535.91145954 330.62441206]
 [552.15952087 609.07577122  14.19281388 504.91795809]
 [ 68.61777151 529.99818413 122.02683503 317.13557731]
 [448.76542556 552.48976345 522.56863798 593.80106567]
 [ 71.80131194 115.32759448 154.26216008 533.59783873]
 [ 67.43095094 351.56811526 650.31780614 366.8195521 ]]","[0.87356253 0.59288292 0.95894952 0.69567238 0.9152728  0.50395228
 0.68999905 0.29155437 0.34151346 0.00270437]",506,2025-03-03T23:25:00.776678
15,0.8422133679649269,"[[795.92023775  63.33856734 486.13757332 638.45728879]
 [  8.95117394 415.19476519 511.65521382 724.8626472 ]
 [379.98346056 763.69749448 708.53378638  13.78078624]
 [344.18842097 159.19063139 329.20217906 531.71560522]
 [769.60647827 261.01574498 285.06277056 215.7650242 ]
 [222.50939271 785.92660312 253.14682517 630.26081348]
 [621.26287906 270.88733124 624.99104134 173.33335377]
 [351.12731169  10.2123461   64.96879443 410.28385361]
 [693.28383963 297.93307847 205.1583138  317.25186729]
 [557.55232063 253.81575868 291.00379946 654.0359443 ]]","[0.19597678 0.13926075 0.5902752  0.22407343 0.80314501 0.58160887
 0.32897112 0.13247905 0.58406697 0.63707263]",507,2025-03-03T23:25:00.784829
23,0.8040390260814119,"[[176.64394632 138.31133909  98.83187876 513.10258453]
 [720.61440309  25.69221142 776.92739294 672.09878674]
 [617.52748462 584.21359807 486.5684686  379.18080641]
 [202.82045975 670.91244275 655.310702   786.8811715 ]
 [781.34406414 659.35476671 159.02476654 733.79669758]
 [697.06353995 746.10946357 125.30470646 710.60115697]
 [476.09153001  78.02808767  72.46129516 552.20501616]
 [267.58219721 454.79194898 226.86138577 529.97594432]
 [286.90550228 345.88759894 375.81150536 787.15686526]
 [666.98729397 579.66231007 567.28015804 429.30722322]]","[0.2382775  0.96836065 0.47082386 0.82497867 0.44561019 0.24921566
 0.38261355 0.15133666 0.93817764 0.36002032]",508,2025-03-03T23:25:00.790693
24,0.934500856093508,"[[455.92122262 615.8718811  318.13136103 424.45245474]
 [337.38209802 494.41764787 290.50403611 311.99854583]
 [275.210824   518.42877332 295.47768101 430.68898121]
 [724.32064102 373.53007221 703.35954443 658.20603875]
 [399.56079264 155.38022857  13.9320359  401.63341328]
 [176.42316264 464.04192281 668.27791799 771.23449946]
 [216.74939922 558.8328641  200.02498695 226.21875855]
 [200.35751004 478.24519812 719.50652355 236.81971749]
 [139.54510908 269.40984835 740.56416674 747.6858726 ]
 [ 30.27211167  78.08264615 293.32985392 108.58870325]]","[0.1143238  0.84625436 0.55845106 0.29872378 0.97464255 0.31299037
 0.37507327 0.60222489 0.60820707 0.37240118]",509,2025-03-03T23:25:00.798099
16,0.8902763711560753,"[[776.92886571 394.30768279 282.52344539 770.40990609]
 [289.69292176  45.26280186 110.28716454 283.74458334]
 [655.70672099 157.53074333  39.59235682 673.8452315 ]
 [788.96023677 133.92961108  34.9472032   54.6884437 ]
 [714.83598465 259.85283315 365.25388095 438.03590225]
 [334.20374863  82.68413266 558.40705255 796.24994074]
 [712.05715687  51.70190038  72.27859556 464.73793084]
 [497.33563188  59.01072062 233.21623035  25.38493707]
 [ 44.38705899 298.37860796 252.82037976 600.86260602]
 [698.52775977 746.51514435 211.61101053 185.14373742]]","[0.47740083 0.87947786 0.65708407 0.9235376  0.067487   0.43425328
 0.61654797 0.82063348 0.10679915 0.3626417 ]",510,2025-03-03T23:25:00.804347
23,0.8744118275872405,"[[353.34877006 738.40669907 560.05748004 670.11559515]
 [779.63923327 427.82626901  19.71689731 125.81275199]
 [657.26628952 320.74354978 156.44427717 439.96803316]
 [403.39343162 681.81791065  29.06849982 377.75685842]
 [701.59099352 742.03325854 393.16003109  76.66644474]
 [379.32212125 784.44086737 488.98151342  59.38820721]
 [121.19707681 138.54554309 595.12977674 327.45397534]
 [305.47283584   3.23183515 351.77162616 688.25904275]
 [621.53048859 396.95363199 567.18670753 694.23414955]
 [692.74636105 547.71864261 455.02790582 532.51992136]]","[0.67997675 0.76725513 0.81685236 0.64722574 0.11180337 0.68795325
 0.53125003 0.64665535 0.54674345 0.37892921]",511,2025-03-03T23:25:00.812082
40,0.8342971734299791,"[[113.32284368 590.16364447  23.60359731  16.86626898]
 [ 28.00289212 407.66790218 207.89873645 112.26026735]
 [225.13316268 465.9584379  641.6812144  599.28674902]
 [290.73903382  82.11421902 239.16083531 105.84009158]
 [583.57464711 712.04111627 316.85912555 132.68271861]
 [ 50.93693824 503.9288439  355.89436222  14.89629113]
 [213.8925887  316.62942068 151.91096365 226.90020162]
 [175.31991296  97.04701248 305.09059194 241.07829214]
 [430.11635738 516.44442619  71.86334993  20.6567217 ]
 [ 54.82716257 434.26907919 225.74469033 272.80638615]]","[0.22546674 0.40784965 0.13110933 0.63805499 0.5128422  0.02342365
 0.46442088 0.80765647 0.94697415 0.07258982]",512,2025-03-03T23:25:00.820296
24,0.9049313921505555,"[[178.05830966 167.16350654 774.20845467 681.82845473]
 [604.74482685 461.08240144  25.31570999  17.28094249]
 [ 65.84830495 661.9323277  668.48366499 471.74275164]
 [368.32881314 510.62085069 493.84915178  46.61248885]
 [623.60979572 387.62371777 575.45030655 785.66856869]
 [ 58.8922887  709.26709892 548.76812419 398.50235509]
 [453.21685227 676.59591517 473.96038214 206.93133997]
 [593.33236094 671.26808293 311.67448663 718.62930063]
 [192.7074414  170.82778655 631.58745123 304.40264271]
 [715.87504856 397.31206413 389.19744774  87.03503413]]","[0.03585191 0.29049783 0.97258834 0.86386674 0.7969397  0.76908757
 0.67315813 0.18326773 0.85901778 0.48946283]",513,2025-03-03T23:25:00.828428
35,0.9344205529994809,"[[573.12812996 480.18020237 213.66312544 651.85221539]
 [500.09679441 134.60258613 187.61187623 115.07862639]
 [169.67212103 681.00161963 481.75689556 733.96304309]
 [414.55133103 185.46352944 346.26166189  50.26344406]
 [790.97850838 221.88094518 462.22001208 795.64383733]
 [670.17463903 153.01675307 155.07559826 563.96374607]
 [358.25395938 115.64140828 421.64962018   6.12918709]
 [764.08670035 486.82469238 600.23177363 592.88458751]
 [220.81344918 412.14516087 754.57408595 754.43444341]
 [ 21.08592784 603.09467165  79.38180515 683.58846193]]","[0.00851985 0.8306471  0.13308407 0.60158714 0.27194922 0.85446438
 0.49565793 0.53090261 0.82462244 0.58510508]",514,2025-03-03T23:25:00.836868
12,0.9162047004693881,"[[632.58136708 442.47227714  75.29593802 728.6361773 ]
 [499.95870484 464.61933688 589.85804441  53.62377636]
 [646.31818524 300.039749   348.86782313 365.44692539]
 [ 26.42599369 270.1343365  429.40194173 721.63060286]
 [594.83903988 385.71299768 684.47408956  42.49402069]
 [  7.85175696   7.02781859  72.84506071 767.40315073]
 [  3.1363667  174.36047902 216.19970338 455.15920713]
 [186.03104147 155.16004785 151.32634343 582.62571957]
 [ 15.47571325 163.71144994 165.28614467 399.307835  ]
 [197.67165933 183.07352697 689.27088167 214.49902761]]","[0.43393863 0.5306209  0.2370935  0.02743703 0.58740878 0.82160335
 0.45569454 0.85139198 0.45197638 0.66288601]",515,2025-03-03T23:25:00.845424
38,0.8797931532134311,"[[ 53.39058208 467.04197525 690.34116294 599.46671767]
 [708.18273705 610.87244667 376.91970227 329.31365801]
 [623.62186125 262.2513101  352.56916282 190.02043285]
 [741.36662223 271.36077997 635.92190831 467.60832578]
 [582.48246946 422.3841855  443.85519892 602.50661491]
 [704.30713447 532.48335456 126.27096794 784.3472135 ]
 [640.390076   519.02822131 766.65537956 269.31601325]
 [ 49.96195557 115.4864495  652.78728085 565.98053682]
 [330.72480963 431.320061   564.93219444 637.13895935]
 [ 43.49169856 528.44477577 638.17482913 311.58761706]]","[0.4341964  0.42541687 0.43858098 0.9840499  0.4714747  0.10331571
 0.22091321 0.2197742  0.70512825 0.49978498]",516,2025-03-03T23:25:00.853777
32,0.9212077008524265,"[[787.62404881 212.83493914 443.18997393  14.74837229]
 [359.5596447   86.73559645  92.53356614 307.87094639]
 [528.95230233 575.40156973 793.3310517   28.41341097]
 [360.71900183 145.37244321 750.83605171  59.15834331]
 [401.35225913  49.30475573  80.60813976 485.40877154]
 [792.93057454  71.06785525 747.76732556 428.31107754]
 [383.29604581 485.39762404 746.56966695 742.46845045]
 [719.50363881 149.84667093 792.58567523 728.5519431 ]
 [350.70421208 542.88017053 723.19499814 247.47546548]
 [543.03172047 531.14360388 759.26293489 302.63389014]]","[0.39616501 0.41649886 0.32369484 0.52259399 0.75985958 0.67203101
 0.47783852 0.29264448 0.27354526 0.4435223 ]",517,2025-03-03T23:25:00.861302
35,0.8616404664353419,"[[335.02169757 476.32619709 453.47807066 460.37285265]
 [573.6186567  455.01228459 334.27348662 280.0573949 ]
 [265.76719195 181.08242421 250.48228937 564.46957578]
 [ 59.47920484  27.91179274 449.34801181  49.36408377]
 [634.43406552  39.52772302 594.86532369 349.14028455]
 [134.9890469  645.34982219 214.28237518 204.51325355]
 [173.06339066 744.04944228 516.88370378 229.84112782]
 [185.26559725 701.2060264  529.24739442  83.91987743]
 [660.9505873  114.11040194 424.59117505 559.8385443 ]
 [535.67597939 157.33599259 323.72641539 604.97858081]]","[0.76845771 0.94008396 0.38483275 0.71527957 0.68745114 0.31362576
 0.12824066 0.21040767 0.07974091 0.64174902]",518,2025-03-03T23:25:00.868437
28,0.8364526704248196,"[[4.38986244e+02 7.05132959e+02 1.83093897e+01 6.28932402e+02]
 [6.01265330e+02 2.50947657e+02 6.20703904e+02 1.13723893e+02]
 [6.84150694e+02 1.72292977e+02 5.72610102e+02 3.54239996e+02]
 [3.91077252e+02 7.51308785e+01 7.42710216e+02 9.37154155e-01]
 [2.68632493e+02 7.26980355e+02 4.46775624e+02 2.68864182e-02]
 [1.12118917e+01 6.49803022e+02 2.50912517e+02 4.52839725e+02]
 [2.37356501e+02 5.60418536e+02 3.10623324e+02 7.87188853e+02]
 [7.08629517e+02 2.09280868e+02 7.85370160e+02 1.06212994e+02]
 [4.85188098e+02 1.58001085e+01 2.20606135e+01 5.19880037e+02]
 [6.61646123e+02 3.85794712e+02 5.70881446e+02 7.87968940e+02]]","[0.17494503 0.67589588 0.93952053 0.74982079 0.30206035 0.10074691
 0.8069248  0.33511858 0.16760544 0.39519437]",519,2025-03-03T23:25:00.875945
45,0.9005401383495678,"[[759.85372758 688.79232944 778.82101013 673.85145923]
 [155.56037918  63.10504807 211.05701956 277.93102701]
 [301.54748039 701.68599363 359.08879558 267.33683827]
 [463.66055294 176.06112505 379.69066175 344.77833316]
 [646.204673   294.79947223  30.24814545 518.90053216]
 [456.11565595 333.88200679 299.81624478 115.10378895]
 [783.34068562 451.04723271  75.92170301 476.89279756]
 [771.87147806 596.7806788  396.84393742 219.78226712]
 [515.32127207 665.28727282 218.13417575 115.37111189]
 [ 44.48126152 288.79886602 170.83126005 275.08965961]]","[0.17590547 0.98598353 0.94609891 0.46284263 0.38274106 0.46099276
 0.64876991 0.26180848 0.04153265 0.81870921]",520,2025-03-03T23:25:00.883264
28,0.8893125189347258,"[[288.3660474  162.09691933 191.91058084 364.78044742]
 [334.8468911  130.00363958 214.53481483 446.24342428]
 [274.78255517 286.18554552 122.78921516 619.82858268]
 [306.07461742 130.67580611 231.04370272 232.55070337]
 [777.4812481  642.18335786 618.09223134 277.52279947]
 [336.16823085 274.08868772 332.77745744 456.08680752]
 [453.90295036 202.67624406 528.46106559 794.89364296]
 [754.88857607 313.35744662 690.14480994  43.63287669]
 [ 99.83950332 342.96518385  71.87519201 491.26636656]
 [630.81674985 546.26935308  62.69103436 797.42615448]]","[0.51383548 0.0913443  0.52658645 0.42239398 0.43028808 0.00274618
 0.29497095 0.21310705 0.96019247 0.1069676 ]",521,2025-03-03T23:25:00.890609
45,0.8247393798932339,"[[226.33595311 132.13588886 795.96197379  39.79715995]
 [183.89133633 670.4513011  497.62064083 327.2665547 ]
 [160.94062139 225.006601   788.21455729 275.60581882]
 [372.15373578 323.7310967  136.60528521 207.37034408]
 [512.45339928 492.34609892 271.62399636 553.17273365]
 [216.41921343 236.54316831 230.47141726 420.30685642]
 [143.32024746 765.25476963 277.34747608 175.98373696]
 [184.43461716 380.69934566 301.13005357 368.38288224]
 [292.91767231 268.08929547 640.4967205   65.49514231]
 [372.92022823 539.04145498 611.48789612 510.44511838]]","[0.15162053 0.72975127 0.86935368 0.27148592 0.79313643 0.68923155
 0.35060703 0.65457177 0.80864048 0.8865033 ]",522,2025-03-03T23:25:00.897442
32,0.8583181697779778,"[[551.80114134 193.26046989 729.57583944 211.78267255]
 [765.11554398 424.87281616 771.64998284  21.19221546]
 [325.60738415 295.27213794 398.48084527 184.91438636]
 [215.13897209 788.95772552 530.45720515 365.63730303]
 [631.55098392  88.32693956 621.75638324 176.91853297]
 [321.3486912  564.06633459 758.37256414 243.71832266]
 [502.76988668  51.90439548 378.09753126 696.23776916]
 [500.49793368 517.83454611  30.37716725 576.92762099]
 [490.03627244 637.61898021 533.16310996 778.25597421]
 [386.66457801 243.75315456 597.52001358 130.75995425]]","[0.46743677 0.74849607 0.24990379 0.54971156 0.81259812 0.06849616
 0.62249556 0.73483074 0.22106589 0.29707415]",523,2025-03-03T23:25:00.904756
47,0.8212282313753178,"[[152.94511439 773.00539673  24.51937804 754.558613  ]
 [ 94.32855038 661.02747911 363.70382042 327.40833848]
 [735.70523934 389.49723157 283.00182147 562.16910772]
 [462.26009162 286.30495419 758.25003762 758.23388157]
 [383.96491472 224.09885886 441.69467062 757.17638782]
 [240.42012219 541.71312104 712.94628856 315.51374646]
 [120.22411585 478.57583287 221.96350206  46.41974204]
 [ 80.47451036  90.9106121  467.48017004 395.94989934]
 [ 66.71144218 785.04995173 721.47978981 556.50193907]
 [751.29999551 605.63963154 499.23180109 363.44584708]]","[0.00484278 0.17313098 0.13652776 0.53052418 0.54689632 0.0225491
 0.07136447 0.07220124 0.79994935 0.08715913]",524,2025-03-03T23:25:00.912763
34,0.9257163766686433,"[[151.45562847 219.57569487  97.33834739 384.32364842]
 [504.69172489 506.52115768  77.45521687 115.38250587]
 [ 17.12136197 388.9032576   30.42894314 197.65452163]
 [ 28.85091122 769.38552026  76.43472871 231.32586411]
 [191.33571648 110.0747577  334.17709971  83.48376345]
 [196.27030283 536.94462359 480.00420757 128.4071228 ]
 [522.54101136 381.09909908 695.8572891  726.31224757]
 [772.48442237 101.77780951 588.72722434 159.18544792]
 [398.77292933 333.80374719 394.61605682 453.37353196]
 [589.53201839 427.23810181 130.14711769 630.98574059]]","[0.30979885 0.06788161 0.36760594 0.09429096 0.1612435  0.22427313
 0.58359707 0.75316114 0.07558434 0.69505539]",525,2025-03-03T23:25:00.920760
11,0.8089901259020809,"[[526.18486551 344.85097767 233.60244922 325.12135966]
 [185.70071743  74.02217101 386.07333481 591.33407179]
 [760.75601009 470.64387751 380.98498183 372.15079556]
 [744.5157263  746.79514756  28.31257045 338.31887125]
 [163.13285678 355.63993222 595.25194364 608.55537745]
 [ 68.75214079 246.11433242 602.11005085 776.87026847]
 [171.60206314  26.08414132 565.51706081 774.01700034]
 [656.30525357 503.46918487 725.87072488 260.377281  ]
 [475.59395363 716.8332791  158.52249001 755.24812318]
 [483.16630936 212.30851392 620.40874197  74.4108208 ]]","[0.34524237 0.13037393 0.60529647 0.63704066 0.44748815 0.32452154
 0.73393632 0.12163172 0.59125736 0.96272275]",526,2025-03-03T23:25:00.927277
39,0.8656046862244443,"[[408.84529686 181.01368645 233.42170272 574.57298597]
 [192.9841281  687.24401265 378.50997702 785.5261673 ]
 [754.50527999 752.40333738 630.83984821 178.51157205]
 [578.20873571 355.43990378  84.98688202 755.00994346]
 [462.45142361 277.3848636  168.39985853 284.2237021 ]
 [177.58794561 280.07889788 376.71348946 608.4173541 ]
 [609.60530548 236.86380088 158.65438789   9.25416882]
 [345.57549681 340.42279052 140.48304289 569.04379734]
 [ 93.65770625 237.97238401  73.04215399 495.62215078]
 [414.47755518 655.82051606 382.63967847 255.95953556]]","[0.93262617 0.42371946 0.33507293 0.13726595 0.76024237 0.45794235
 0.97960497 0.03684689 0.3231713  0.96353359]",527,2025-03-03T23:25:00.933331
18,0.8728102788500063,"[[774.29492266 405.39587393 222.72605222 511.6903535 ]
 [647.21895238 251.32833104  27.61111011 667.54485994]
 [319.48587438 171.1321896  111.09665101 401.59247288]
 [368.74000243 735.28792963 628.95823036 183.68408783]
 [ 75.29030859 496.08800056 464.23733411 294.15509266]
 [ 13.37462623 372.49699207 396.54928781 747.19732337]
 [778.01609117 363.76802708 482.72599754  38.64458813]
 [469.90863021 703.58711276 203.53813873 522.54149558]
 [648.69031147 689.94300426 195.23017456 393.97748007]
 [583.3684371  343.86236439  77.68006449  96.6260353 ]]","[0.32522964 0.63336772 0.59399909 0.67064157 0.14013917 0.94134833
 0.37403408 0.28631019 0.7621094  0.5558397 ]",528,2025-03-03T23:25:00.939914
45,0.91392513176857,"[[ 70.24398088  69.82940716 462.57380218 226.46580348]
 [665.86609387 752.09205988 361.48682342 777.61534691]
 [476.45572696 715.53174356 226.33010785 322.58880191]
 [169.30855185 184.94055254 798.94306993  81.24803238]
 [ 61.94476601 165.62876582 184.68305556 712.51070275]
 [749.8900023   38.17591121 412.86026846 461.54290601]
 [431.78633479 633.28722822  42.24676565 215.7737667 ]
 [518.00683885 189.12043872  28.57618109 362.7930377 ]
 [485.53493946 680.30345636 534.99638984 398.71976069]
 [396.97633563 370.17803872 654.49208816 221.22896579]]","[0.9123013  0.19738153 0.1139387  0.87129486 0.08346398 0.19346373
 0.0950315  0.6029956  0.27753849 0.24581058]",529,2025-03-03T23:25:00.947037
50,0.9417145624448856,"[[573.36095462 119.14191496 465.198132   752.05387282]
 [495.65828635 478.72037503 120.84694297 345.18680667]
 [774.55871306 364.03167214 670.60872815 177.93892325]
 [ 52.14566937 384.32362377 437.94159182 302.69573912]
 [367.02348639 708.45132175 117.45564011 372.20856542]
 [172.25692527 123.72181966 549.59657868 451.9529618 ]
 [182.39078949   5.67060576 775.37559469 159.89401451]
 [681.06279293 775.39034603 412.47956931 762.46484155]
 [797.84647245 782.22653985 778.63778196 400.24151992]
 [267.0770701  511.2218436  210.49140267 229.2350966 ]]","[0.44786477 0.94448458 0.17521652 0.72942591 0.86265071 0.34548073
 0.58034118 0.07014021 0.90295715 0.88903158]",530,2025-03-03T23:25:00.953838
48,0.9035650331164345,"[[130.27555183 519.39027153 727.90288069 514.13699738]
 [ 80.03703965 402.08541976 650.46496916 294.15339484]
 [268.90165105 113.94528603 142.76902798 419.60135143]
 [290.10562752 654.36159886 728.02655937 410.39082115]
 [741.92437919 186.65126237  21.62809246  75.5286451 ]
 [326.16431489 298.37942407  47.26539147 312.7687263 ]
 [152.13987466 566.99593603 669.45984299 628.13697378]
 [225.17471225 443.2198972  544.75138843 574.54006702]
 [ 39.34263493 746.54127349  24.80987767 314.10826125]
 [364.08669306 792.3068661  576.95163643 203.09017568]]","[0.18400074 0.34099721 0.6562983  0.21755591 0.18129944 0.04628981
 0.27654866 0.08215872 0.8769911  0.55649765]",531,2025-03-03T23:25:00.962818
33,0.8762064073772723,"[[752.84080304 104.0235746  468.74508522 217.80181619]
 [188.27403127 799.91565703 575.04954545 421.14523539]
 [362.5864961  185.47325029 556.67216574 317.75796579]
 [465.21691665 607.67542772 644.48231499 483.73694832]
 [ 58.95283342 144.93816876  50.82746203 416.55672844]
 [469.96620881 632.22958281  69.56033823  61.35589556]
 [328.6342775  344.45512607 667.58163356 548.53906574]
 [ 35.34977898 159.90928102 748.13714543 207.67133116]
 [303.73945349 258.88678384   7.75058067 363.26918833]
 [330.87002541 161.69504009 668.61194108 319.40889699]]","[0.95988297 0.92785622 0.64995365 0.3553266  0.17581345 0.93399628
 0.67898336 0.43032043 0.17930996 0.85066621]",532,2025-03-03T23:25:00.969487
42,0.8218244214074913,"[[672.40269159 761.53473015 496.96757652 231.33564718]
 [499.98508903 572.4052246   57.09130856 777.9365714 ]
 [403.18994106 786.27753718 693.51732622 645.80053841]
 [130.7311069  605.50384521 587.40353422 122.57330295]
 [460.72110392 594.25967701 192.32102272 457.72338174]
 [226.35157501 642.89148273 139.87086925 215.45167939]
 [535.85642634 423.99685225 102.43956869 444.80157029]
 [311.82635233  86.19140688 624.74592894 120.99486088]
 [182.72507483 201.89680923 393.29306016 160.82304023]
 [384.97057963 595.8474099  123.36439068 261.66119861]]","[0.21377047 0.25757608 0.8312891  0.44191267 0.20523551 0.44958697
 0.07483143 0.45612325 0.56654341 0.47687553]",533,2025-03-03T23:25:00.976310
33,0.9170504044911647,"[[372.65659765 260.26758421 556.82028987 210.50874122]
 [667.36794048 264.07875318 384.64126945 332.11937556]
 [249.33664381 380.46591112 414.696014   449.58630878]
 [533.25352062 281.70019407  59.27980612 189.37075383]
 [203.46436074 325.75033949  83.89746602 293.52430326]
 [626.53119598 787.37553174 515.76732238 367.2816578 ]
 [681.2717539  361.55771877 430.97552606 307.51413054]
 [328.35118484 412.31822541  92.97582401 318.31861843]
 [612.56690243 366.70827455  91.2816443  120.85053654]
 [461.34168484 359.07306251 445.66655735 110.43141743]]","[0.2863832  0.63817091 0.44889342 0.36784462 0.15019405 0.58633529
 0.03472368 0.78699591 0.51682011 0.74705439]",534,2025-03-03T23:25:00.982416
48,0.9409575869465427,"[[200.48477212 742.2787116  159.52374982 341.58426532]
 [203.86561858 448.26064655 136.55581166  20.61732239]
 [265.51785367 196.7227913  207.95975724  79.39688119]
 [383.08176269 535.93351708 319.62683483 784.95167482]
 [401.35498545 528.74589724 101.41961193 396.85306676]
 [216.33322584 244.83781074 640.78562791 740.22365173]
 [421.49650704 521.85480539 236.08640829 319.08116955]
 [ 91.07246935 763.02967025 359.43601168  73.2526655 ]
 [761.90107023 507.78103203 485.49678858 589.30987066]
 [726.91465849 457.58415349  68.18277242 749.53531235]]","[0.76762646 0.25063405 0.80453309 0.20824765 0.34215015 0.36285642
 0.65615713 0.98017697 0.91159547 0.72170926]",535,2025-03-03T23:25:00.988803
50,0.8362663980815738,"[[776.22437503 261.62082652  19.56413513 671.00792774]
 [662.91273045 393.5359338  747.10024343 479.70191264]
 [ 35.02885103 514.73682228 595.43143193 546.00983281]
 [560.41761188 326.98183215 681.21160012 175.79257404]
 [425.05783355 397.47272792 499.92792345 318.3368428 ]
 [600.42927762 389.02974878 508.60625709 627.35048297]
 [233.6607608  798.29155754 440.27346157 201.3586423 ]
 [294.09247858 291.77933757 552.00100439 276.23967737]
 [691.14864195 320.19678752 709.30012147 361.09946139]
 [325.6892857  400.66450175 401.86416739 599.89375191]]","[0.14392769 0.31243493 0.45910456 0.11437043 0.97494454 0.8595327
 0.93838869 0.86344914 0.56646882 0.6087888 ]",536,2025-03-03T23:25:00.995467
34,0.94032743040248,"[[ 44.3411312  382.21288155  81.16504702 782.7081806 ]
 [ 64.257505   253.41260423 631.28838467   9.56388203]
 [671.66310488 424.62665215 343.14512587 108.40142605]
 [127.18922287 233.99754911 695.92765204 759.15219063]
 [ 71.02831169 181.66014419 595.41995127 212.25600619]
 [562.99001124 579.33524652 370.04742687 719.47361228]
 [413.26572668 572.245492   132.4190471  591.57603678]
 [410.26281535 777.13043656 287.78825685 777.25687752]
 [ 24.1105873  775.37129961 797.35303564 568.53147777]
 [487.22844285 194.57074957 788.42957475 307.6959805 ]]","[0.20793344 0.01311627 0.60316317 0.31925828 0.37947962 0.85358737
 0.80125756 0.85684473 0.09266662 0.32661212]",537,2025-03-03T23:25:01.001975
19,0.8678520256280978,"[[537.37666668 436.76034034 277.44204299 535.73701303]
 [424.4471467   29.37952109 267.18146616  67.8830468 ]
 [697.37325312  75.12301149 255.81026191 395.03633225]
 [107.75825081 137.78556515 175.05578201 163.92276914]
 [442.30013449 393.97760096 183.97385424 490.06327059]
 [241.74470548 782.6353678  724.69629514 754.98124097]
 [174.88902199 512.11055393 214.73304487 141.06961113]
 [ 97.23161813 176.30443209 314.92821515 473.43474312]
 [736.16304807 676.58953937  96.86623789 100.85898695]
 [648.13137154 282.18828658 515.15299361 678.76064168]]","[0.97291185 0.5656064  0.45267793 0.93844484 0.3380783  0.90242377
 0.18967059 0.29267376 0.84761665 0.88600355]",538,2025-03-03T23:25:01.008978
30,0.9247915724156848,"[[150.75907791   1.0928826  521.56273425 204.00692121]
 [284.23837695 207.22619414 623.8430183  742.86716124]
 [ 73.5021598  249.4808573  262.45596345 562.96141419]
 [669.24566444 487.47848343  31.69312062 759.05619587]
 [ 68.92420668 160.44623676 164.44683381 728.21709281]
 [307.40477811 682.60878982 745.99536738 202.93041027]
 [744.68007974 195.92385944 110.10546773 331.3742505 ]
 [661.19251047 280.64602179 768.80044826 194.8698858 ]
 [324.54636841 477.72260927 233.8349751  466.95725302]
 [543.77867754 552.09244473 272.76570071 312.1405835 ]]","[0.75153581 0.83771445 0.64198485 0.00466356 0.04521877 0.19151744
 0.21827115 0.30293903 0.12398742 0.09448587]",539,2025-03-03T23:25:01.015182
45,0.8306838877215232,"[[ 77.57191662 260.93363936  14.25733916 220.05291224]
 [797.11747602 550.24754852 249.60805745 607.82327274]
 [409.67382642 461.84987294 639.12458595 553.80639029]
 [480.35281952 645.83288522 643.76072308  75.48234312]
 [627.42445875 453.19416498 790.65688219 322.62407917]
 [266.54703175 455.80464249  93.60846253 747.54486943]
 [ 49.7895423  198.31969686 794.41954836 399.66121074]
 [333.61851356 678.85364327 514.83629907 769.50118785]
 [155.91381341 621.33037361 717.8880853  208.416854  ]
 [343.2481996   97.01677031  12.04070911 622.1633126 ]]","[0.86885512 0.06856434 0.51171207 0.6283586  0.07562646 0.0547849
 0.72298082 0.62637149 0.83930649 0.21053356]",540,2025-03-03T23:25:01.022185
36,0.8721658164636807,"[[622.5210037  730.18375876 688.80830343  58.91658394]
 [473.33774788 646.44852442 496.75161692  64.78940312]
 [115.00242859 171.10813525 200.79183513 498.95305039]
 [ 59.79832    586.17397064 754.07572622 431.70761017]
 [725.41943484 542.14783754 228.98859976 300.04692409]
 [248.08117256 228.72189525  70.89942676 542.26982952]
 [521.44307116 590.1836604  320.10122118 178.45181036]
 [768.53040848 321.38805738 775.07902308  32.29880683]
 [779.63807852 103.76571725 324.13899931 168.6204562 ]
 [  1.90467465 640.51640187 680.58756927 125.65168711]]","[0.48437221 0.74471909 0.53971945 0.04386978 0.63523786 0.78490033
 0.71690164 0.84089024 0.47871374 0.53589253]",541,2025-03-03T23:25:01.029496
21,0.8536098250492818,"[[305.67197295 626.8695671  722.74390926 215.32458583]
 [579.57005626  14.96303587 716.64786481 724.85460878]
 [775.47760485 736.23059559 788.67514329 648.86275795]
 [776.37074457  88.24203298 643.63604273 336.36932009]
 [769.13573871  45.09349217 576.12006812 516.37878607]
 [754.1280509  229.1225042  703.27924963  31.69841673]
 [582.8698139  300.22823154 761.03157077 105.97327252]
 [212.08167717 760.334513   338.23986952 363.74711071]
 [502.39730707  67.84187852 359.10067521 710.00631866]
 [ 72.43250835 453.50071757 266.51621152 347.98479285]]","[0.39355281 0.28296268 0.97401381 0.49015435 0.43079373 0.88214392
 0.591935   0.98263212 0.77073354 0.40217603]",542,2025-03-03T23:25:01.036136
29,0.9207254820068962,"[[657.8909663  173.24592612 236.87837992 455.33221738]
 [ 36.18111505 446.553631   333.80922685 323.80064538]
 [368.20813318 433.46016393 105.52821187 617.58103729]
 [ 68.90559978 257.5656138  637.74514922 497.58850572]
 [120.13374929 416.48416659 594.42847915 715.32976878]
 [353.04197142 723.30912016 692.32913901 543.04759095]
 [558.3719772  439.55092165 755.10737785 456.23114835]
 [698.59330695 578.44787665 261.05839994 474.33943303]
 [356.932104   485.9532825  161.40644822 329.89334766]
 [280.77656132 404.87603423 124.67878368  25.92640195]]","[0.86335591 0.22468547 0.68199082 0.8382136  0.21466563 0.33733875
 0.85426103 0.8578856  0.50300233 0.86904476]",543,2025-03-03T23:25:01.043025
46,0.8406706180919957,"[[227.0959268  700.6670839  266.48784527 756.69800938]
 [660.23909515  31.40453327 607.05100298 421.23951045]
 [731.36154141 795.23399234 390.76668593 135.70498663]
 [179.23056829 355.2285728   79.94243034 388.85496085]
 [755.46708003 137.97269918 641.83411057 769.83304285]
 [791.04397981 758.83598529 395.61378426 402.96666231]
 [624.68235025 242.81023824 700.0000491  658.46661863]
 [401.36435202 104.24469391 517.23427879  54.26841573]
 [137.10677987 752.1935807  241.82433166 783.5970455 ]
 [304.4889467  672.4696686   80.55157353  20.02557416]]","[0.71839738 0.02386294 0.63561858 0.55470107 0.18142043 0.2848878
 0.74338487 0.87269988 0.51143095 0.80845653]",544,2025-03-03T23:25:01.049685
30,0.8522688372409177,"[[735.28331645 246.57796205 488.8433985  703.72400007]
 [212.00840855 133.85089578 450.49365744 392.67121158]
 [161.90081193 159.75478468 411.7582809  524.58564672]
 [648.67044329 300.24853884 647.07753601 159.50378077]
 [607.67114686 198.3304001  582.06208557  57.49881   ]
 [355.48884227 727.95056246 673.73189941 435.07407047]
 [ 85.91576141 259.28423733 146.38401437 689.93230581]
 [582.67129545 145.33072546 408.61072613 343.85899542]
 [632.49398513 136.52861556  38.02755349 254.61602854]
 [ 43.21360208  48.53573611 739.03085928 352.02191958]]","[0.03956254 0.6676228  0.57759148 0.56297143 0.31510308 0.10984344
 0.99547265 0.14666773 0.80987834 0.2406614 ]",545,2025-03-03T23:25:01.056783
24,0.8514325145135428,"[[437.98744856 139.33114115 475.70361585 533.51781511]
 [634.88167553 386.82383428 473.36361103 270.06413773]
 [ 62.43743029 408.04862588 233.92945907 335.03694117]
 [155.34637681 523.20398269 232.25744114 174.9426063 ]
 [644.6870916  761.52832239 664.49460189 472.19855143]
 [403.71859086 121.40791344 167.36913938 566.23325846]
 [532.27625585 637.82334697  46.37483318 705.32995728]
 [ 53.59194302 277.09828628 385.23133028  17.7238222 ]
 [792.72263889 368.5585374   76.27194029 292.09010432]
 [164.20986228 542.19143819 333.10455958 140.86450048]]","[0.59630888 0.61556048 0.42692901 0.55387541 0.94141933 0.76545261
 0.97795734 0.88277843 0.04843937 0.46447637]",546,2025-03-03T23:25:01.063285
17,0.8407332577523782,"[[343.9547705  412.15643119 135.19232302 358.27321843]
 [160.76540024 262.06008719 206.44885832 496.69212076]
 [ 84.11842792 578.50539458 181.53157917  32.30950968]
 [131.56642096 678.32695339 254.70751922 236.36647694]
 [ 56.41640519 583.57625424 332.31366549  98.69583044]
 [545.98743629 496.11842292 741.38302047  25.3882279 ]
 [370.47087462 708.90835368 706.05165823  41.4058483 ]
 [379.31496055 279.1771744  208.53095268  24.80368134]
 [ 32.79634801 692.86634702 688.70695249 419.56078006]
 [539.63827309  32.20457825 335.70968875 518.05216679]]","[0.14647925 0.64186206 0.34771386 0.71569394 0.33207412 0.93404839
 0.35277513 0.22677757 0.4266323  0.14249386]",547,2025-03-03T23:25:01.069924
23,0.8623206972530012,"[[299.93003696 248.26722491  75.24964699 642.36849199]
 [267.1281943  395.90177331 558.05030714 217.97215119]
 [307.23401928 597.90270797 332.56791021 372.44064468]
 [241.16681272 196.83514318 478.72659323 281.54128141]
 [463.32046106 542.35393093 467.11229512 342.69005711]
 [484.20845343 323.92729709 134.65478537 711.60912258]
 [213.04490949 219.24822964  44.76615705  14.38739165]
 [418.15693207 143.05578075 596.00788251 246.69230284]
 [692.53660296 763.90327879 478.15820264 552.76170965]
 [668.61045972 730.17904662 260.95582562  90.95361562]]","[0.16617128 0.28089074 0.12656644 0.03470229 0.76128957 0.06187023
 0.600286   0.43521054 0.80846029 0.95071063]",548,2025-03-03T23:25:01.076215
42,0.9330163752103975,"[[233.26947204 237.33548277 334.33411078 226.20252564]
 [400.20749476 448.6653891  552.8743416  479.7142022 ]
 [  9.17617728 421.32122158 167.95804921  44.15060832]
 [250.48794837 396.67955372 158.51423324 563.41877758]
 [473.52095335 282.58323026 221.32560382 504.32416648]
 [682.10969235 560.68278622 378.22620967 135.16077892]
 [695.12879534 286.67396764  41.94241221 207.71658346]
 [388.79403552 131.34327316 780.22201836 223.39496655]
 [468.1320779   49.71981148 211.43469329 205.04972564]
 [131.35738953 729.22235271 564.14054747 573.06159791]]","[0.61303779 0.59367273 0.34615737 0.89608655 0.66856121 0.86403697
 0.24914253 0.84187615 0.10125362 0.09812663]",549,2025-03-03T23:25:01.082978
40,0.8926525544378598,"[[697.32008707 209.14969186 543.29545357 366.43369361]
 [599.54687914 527.63334957 403.31838452 268.28062946]
 [383.15730372 411.98528274  34.94863822 287.89003262]
 [ 67.70607629 325.56840836 423.24981269 327.66060661]
 [729.16818527 356.42548061  56.56819753 209.36261988]
 [455.33607372 338.15490985 689.05210204 635.20425705]
 [128.45773426 454.72105521 561.97435912 422.8824829 ]
 [707.0356055   25.22833566 753.18862251 615.94701376]
 [104.14509646 227.04758898 779.81007506 538.25732622]
 [440.95280814  27.36429643  32.94130003 239.89814568]]","[0.27626086 0.72090137 0.17786326 0.69516969 0.01863133 0.52327541
 0.77982396 0.53253694 0.21457608 0.54861046]",550,2025-03-03T23:25:01.088859
34,0.8711143119784903,"[[736.68216465 686.98129915 278.23041542 187.18525634]
 [591.56804493 248.09014879 254.25915351 483.59474687]
 [202.23281901 464.77926723 411.61533069  45.23211104]
 [638.12457222  10.0852317  340.24454069 319.36482432]
 [613.25829895 460.811713   508.07210604 244.05729018]
 [761.17469051 495.1600317   94.81569983 314.42712699]
 [134.52529112  31.94398987  14.11663641 171.92062317]
 [107.98394712 239.59328281 380.49732248 115.94726878]
 [267.77621658 181.27464788 582.89709777 567.85850351]
 [184.98659919 419.70790877 760.83490991 311.33959198]]","[0.33767325 0.10646391 0.58254997 0.96771518 0.30693429 0.7419387
 0.23237871 0.20539026 0.33512483 0.31332917]",551,2025-03-03T23:25:01.097171
25,0.9380302499688115,"[[424.16846771 737.33088278 581.78081055 211.65736194]
 [ 92.77061632 695.25910923 644.36387926 381.38088201]
 [247.6518473  260.90635328 211.22431488 207.24859398]
 [105.81248208 361.60501946  61.19887571 409.09064496]
 [667.33958291 174.92356748 718.80835302  87.46630056]
 [708.14135604 562.67543175 257.52454772 276.24322803]
 [238.80861618 723.0571048  644.97857409 295.49851637]
 [649.75563342 421.63083218  25.42177657 139.86983567]
 [607.12076605 215.46392044 578.24183869 467.55402547]
 [617.34092101 524.91744399 147.16704769 316.70338696]]","[0.20667747 0.44233829 0.67872486 0.05077636 0.1389681  0.97659311
 0.3645489  0.7012738  0.93620177 0.04319531]",552,2025-03-03T23:25:01.104282
21,0.8706851838697499,"[[773.54881844 503.42193024 348.7972399  309.28922895]
 [751.59015478 442.64144554 494.96274937 603.09925374]
 [336.64789507 121.77837955 345.09497274 730.20011089]
 [251.99859584 635.95327139 335.56724202  28.36479811]
 [351.04610795 710.5422949  580.06364265 119.76310649]
 [793.23727256 687.03816127 656.1142382  399.7449793 ]
 [516.48526611 136.52890708 482.01355036 227.84807964]
 [296.34444265 213.39471085 318.55656435 560.2021957 ]
 [417.96184017 283.03731977 767.80264394 676.5460587 ]
 [721.50150083 254.85768714 374.83630505 236.79794033]]","[0.74650136 0.17009537 0.73607577 0.56700488 0.75970398 0.8589984
 0.19803601 0.73902279 0.25829529 0.83207754]",553,2025-03-03T23:25:01.112237
42,0.9307264269771507,"[[ 50.84444368  88.36077264 603.49315845 306.37379614]
 [721.83184768 296.36795619 340.94747799 157.16214971]
 [466.45740605 285.78241183 397.75511766 781.94242796]
 [404.85379834 608.75073217 574.09674042 221.96129753]
 [272.82173424 772.51876681 222.60498568  65.49877644]
 [386.99558904 314.22741832 664.50343903 363.03303672]
 [652.40759673 448.00939974 222.79733544 436.29998496]
 [476.77625541 753.01193211 622.92002555 313.62050836]
 [501.14958836 155.38874421  82.51342442  22.62456818]
 [305.85064614 289.92925535 622.90796137  83.99397183]]","[0.33385906 0.94052835 0.90459712 0.15023047 0.08012423 0.08843889
 0.51645626 0.43687255 0.99172592 0.60896304]",554,2025-03-03T23:25:01.119710
24,0.8864346459314092,"[[ 60.25771392 754.47427906 375.40548957 347.93685636]
 [705.61579216 624.16506641  53.27764686 717.92355761]
 [798.2462249  148.15290058  68.55607583 565.98965332]
 [666.64321048 491.48785163 574.83046837 232.68682563]
 [374.71924117 709.46912159 666.89671999 264.41532298]
 [273.5581826  143.67260076 614.06724403 729.99699108]
 [ 29.02121868 172.28673877 120.50375783 154.07438581]
 [441.64961468 571.57868687 218.04940763 195.13557928]
 [526.6078354  187.33879145 293.80474959 709.69401661]
 [652.55217567 330.07976567 310.60663881 109.96539701]]","[0.50718365 0.60536677 0.95471266 0.18345538 0.49499633 0.7340811
 0.40165326 0.15048979 0.91881584 0.49044541]",555,2025-03-03T23:25:01.127827
36,0.930954991977708,"[[674.1502866  608.41507502  74.96112846 138.47658253]
 [653.669925   670.99441938  82.1096435  505.5771075 ]
 [767.72321577 472.59588356 269.8891856  586.13313716]
 [356.2371651  583.44736127 195.34487635  56.66876755]
 [433.04560611 503.66456967 324.20724403 152.39524592]
 [782.53644361 765.28914682 247.74452302 586.55045228]
 [609.82881632 788.27980239  86.29075973 125.53685503]
 [722.836365   396.64271379 300.61385779  87.36887605]
 [605.35591404 387.30206556 489.72774593 644.21691355]
 [ 36.28462708 675.95136623 140.10842205 669.29281933]]","[0.32738912 0.43880077 0.84058504 0.71325201 0.42474854 0.51259864
 0.56052953 0.49025971 0.86553194 0.76686994]",556,2025-03-03T23:25:01.134896
34,0.819748742249701,"[[104.91600163 318.97069717 743.54521432 607.84624959]
 [144.14398095 496.4033579  135.29325485  96.64005716]
 [238.19772747 277.87244896 351.79667427 706.1814653 ]
 [129.71403867 576.61731191 768.18939159 743.49624876]
 [674.92752617 484.47006603  84.55892127 199.14683339]
 [555.89344931  65.22418384 439.88371992 544.54311478]
 [222.66774512 395.87488092 559.46851545 239.65759614]
 [166.89339896 188.17096873 431.08166032 421.73703097]
 [678.86291953 384.9272682  667.20448311 792.07193474]
 [212.30219413 211.67051584 432.3368715  402.76602901]]","[0.3341893  0.22343568 0.38545573 0.18848168 0.91729573 0.09947569
 0.34921166 0.26287527 0.39412161 0.09790768]",557,2025-03-03T23:25:01.142077
30,0.8835534514654881,"[[636.43174819 405.82733359  60.378625    49.88072423]
 [778.45825972 776.84396236 721.35581345 446.14337006]
 [322.45401111 415.61794542 452.03253774 666.14357508]
 [230.90438738 269.55483281 461.30099866 450.69267749]
 [129.41995957  53.2647961  199.66647375 509.95452706]
 [293.11913713  17.56967028 680.39102774 519.86256401]
 [559.25088547 262.80610524 369.91070407 675.328386  ]
 [716.05310474 624.4887646  675.70425864 780.13024628]
 [389.76911865 723.52259558 717.1456998  510.44739871]
 [403.90083448 291.86562667 647.84475535 238.87659704]]","[0.87887973 0.48353181 0.28091379 0.57669185 0.32291349 0.69455511
 0.12006891 0.4121963  0.42176625 0.13920111]",558,2025-03-03T23:25:01.149000
34,0.8064151153728587,"[[593.78851395 506.78691132 576.92090873 467.14384637]
 [667.70717675 381.40997011 248.77746399  87.23360481]
 [721.34674041 342.57321516 742.77711311 312.28170554]
 [406.7094571  434.13147779 640.65525319 514.18226989]
 [451.09032882 469.6971044  402.786599   235.02856763]
 [144.84489483 110.22838448 185.57436491  54.40600884]
 [ 10.73137917 331.89275416 238.58087417 202.63645112]
 [423.91268701 107.71134447 710.94115824 628.11203677]
 [395.51307885 598.90598686 571.35305114 528.62759579]
 [597.41197424 224.98063267 316.68031333 665.50729329]]","[0.82385425 0.25837255 0.64650021 0.0484397  0.18190024 0.04023783
 0.86195273 0.85073417 0.69468914 0.43622161]",559,2025-03-03T23:25:01.156564
28,0.8794516207084894,"[[456.03616028 262.91096816 761.90810631 259.83938926]
 [470.86493925 225.7594209  172.00862738 221.26318277]
 [617.36909303 354.36504706 467.98039768 116.16148862]
 [  7.08297592 552.06248623 703.98254652 438.87258894]
 [692.9275188  297.81341034 641.43279466 668.44257974]
 [ 57.36588217 577.42448667 660.61045821 796.52210681]
 [138.49700288 414.15186788 792.36770155 590.6971076 ]
 [431.49540158 666.43932769 201.74656514 296.53792999]
 [  9.78048228   9.91545163   6.19018661   5.18245839]
 [350.45845276 430.14724163 402.40727627 258.52864788]]","[0.74808439 0.7251302  0.6536352  0.57928968 0.28321125 0.93857606
 0.13077469 0.09255912 0.50691704 0.52077971]",560,2025-03-03T23:25:01.162577
38,0.9201430816131343,"[[406.40309407 436.53521744 151.79245546 516.32383619]
 [756.08309914 762.20001339 105.16380361 541.17790351]
 [113.90223008 759.32300168 352.83277979 215.03243012]
 [361.24207662 462.47916976  96.60076477 467.40927506]
 [333.5786133  685.1118144   82.88106337 520.518208  ]
 [191.24099989 554.39013217  69.27729004 247.89310558]
 [668.31855317 316.68818045 489.12285758 679.40543053]
 [331.74697787 542.10393275 570.42889375  31.78881951]
 [730.66867855 623.19379791 418.64718162 223.9352561 ]
 [406.67436206 790.1399914  563.70146863 532.1764415 ]]","[0.57466495 0.07652011 0.4241796  0.18994117 0.41354722 0.19990943
 0.39871735 0.04531263 0.55615665 0.404633  ]",561,2025-03-03T23:25:01.170519
45,0.8140957539305482,"[[308.45390661 489.87739041 540.87279805 547.04124621]
 [300.55703233 140.1996517  798.81611024   7.14624585]
 [450.21365902 365.16600385 666.11585491 750.22269369]
 [172.60951607 217.6337541  258.42848427 159.4094087 ]
 [659.27400027 413.89095178 197.18279451  82.52576785]
 [435.42706665 680.67638819 345.2160859  630.9885306 ]
 [184.64596941 386.04197045 198.84289203 480.81729065]
 [148.75960135 183.74648703 625.98477234 572.63010465]
 [624.28163657 624.95490039 675.81418658 727.23533994]
 [ 65.01346683 362.59271001  41.03349985 437.82766264]]","[0.40415807 0.46806287 0.86101693 0.40408124 0.30184614 0.81155156
 0.05354291 0.05465025 0.9057391  0.87415442]",562,2025-03-03T23:25:01.178509
11,0.8633136065999455,"[[496.24099109  99.84113253 529.4141032  532.41853086]
 [546.35832128 283.36797867 787.19092034 486.48025912]
 [697.49195456 765.6677136  213.43347802 283.26861765]
 [748.99738245 596.19178243 431.86201098 114.12757507]
 [668.74769907 553.42476506  77.7491208  616.4664842 ]
 [747.93474991 346.62774182 512.27960068 258.45998104]
 [790.7254404  417.61216762 441.08939077 376.16378707]
 [157.53742566   1.18111904 550.33255801 684.61568255]
 [ 52.32124252 450.05018463 332.58568765 308.09769259]
 [546.80140764 785.57901065 289.20707881 529.55605439]]","[0.60942346 0.99607411 0.09153183 0.15962596 0.48428142 0.72729996
 0.42346451 0.66918653 0.25202658 0.44509167]",563,2025-03-03T23:25:01.185653
32,0.8173511768711486,"[[108.39864375 151.02080596 425.67783349 384.95558966]
 [787.08908891 332.7427214   70.06132325 201.16651111]
 [647.33427511 184.89540818 211.63727837 353.54190751]
 [175.34109909 579.77961237 307.79087882 472.65579339]
 [247.92024828 792.06017627 740.42945752 343.75479205]
 [735.46091855 303.95464751 229.39475204 615.58906072]
 [102.77202897 468.44125325 175.04376926 768.15209266]
 [414.55046756 190.95117161 209.76161604 370.06905666]
 [327.73380018 668.04892373 703.17864223 682.57963782]
 [465.9342503  394.75164618 227.26551956 192.88284587]]","[0.6452718  0.92293155 0.57385574 0.71888937 0.59195246 0.07412448
 0.14573729 0.37372444 0.70277318 0.18699458]",564,2025-03-03T23:25:01.192315
40,0.8826264520357369,"[[734.43703717 704.81536636 718.50152749 113.99850018]
 [534.58235154 750.47078541 722.84650431 386.8674329 ]
 [632.47497556 339.36849271 498.83326791 361.05891633]
 [359.69667398  28.59685231   9.83928195 550.30241717]
 [627.40059559 336.24366331  18.01870764 438.68090273]
 [ 39.8659831  494.80676795 684.59337925 322.01829615]
 [472.31168871 335.96174124 452.40759661 160.13045189]
 [ 47.57701739 174.43924534 103.0210852  255.89185694]
 [486.02783751 548.98914848 773.51933844 726.24050385]
 [755.75531597 251.00281177 411.73568594 352.11001164]]","[0.22844118 0.70074504 0.99461871 0.50380506 0.9067078  0.04854849
 0.35624181 0.88463985 0.45205693 0.61365824]",565,2025-03-03T23:25:01.201584
22,0.895631392974859,"[[643.72634317 181.70088586  10.40764044 304.73387746]
 [711.41689523 222.10249906 159.51283283 513.27214076]
 [157.76140585 701.55243779 580.45517554 284.33981933]
 [768.85867647 651.39465177 224.20833943 206.57790302]
 [684.91080051 657.34918239 758.45511027 370.60597534]
 [733.15319323 704.86300075 701.62604434 118.34845487]
 [323.14067521 755.0695004  274.37158109 225.37615003]
 [113.57065142 228.551291   321.20793558 763.82877358]
 [485.13883982 382.10070661  25.00326251 573.03664504]
 [582.85074834 688.79318508 605.75464097 523.69016909]]","[0.73264041 0.50236411 0.75703601 0.19826066 0.6244511  0.87485549
 0.33501342 0.20820374 0.65089391 0.92803673]",566,2025-03-03T23:25:01.208779
41,0.9077958255976832,"[[208.01113919  60.95354662 416.48300387 344.57850914]
 [620.18693515 596.95828994  83.58274073 171.10051131]
 [164.77637626 456.85620571 270.6223639  593.51598174]
 [787.34943735 398.74969687 601.81458794 486.71514604]
 [ 38.07691403  84.79281609 367.0576024  545.72803403]
 [ 16.09453135  70.37038851 210.92151855 148.69022188]
 [525.94377667 512.96714859 464.60475804 292.50057562]
 [ 35.02331001 372.88326662 763.91796212 156.1739034 ]
 [137.70973674 481.4013034  496.08183753 404.73984948]
 [255.60168019 320.95219542 599.77833553 538.52989546]]","[0.90206398 0.85725692 0.67675585 0.43413278 0.94878219 0.84775644
 0.96853584 0.43493262 0.51047774 0.86979858]",567,2025-03-03T23:25:01.217010
45,0.8377732320724643,"[[207.95880129 361.69726954 513.51916782  91.43135282]
 [560.44672403 267.02021063 293.1425103  105.31716113]
 [662.4053233  446.15218851 496.65608141 370.40190829]
 [121.66203897 607.06583849 202.97991675 354.08057136]
 [690.74429442 239.26201515 405.66823971  29.02280741]
 [167.09164708 720.56341733 710.38381691 671.46962544]
 [658.86669322 600.5315115  118.46366051 217.81272238]
 [538.01984537 632.30084971 782.40507088  13.6025484 ]
 [268.47904635 364.8955807  223.16375689  43.96372586]
 [453.69934501 293.60340086 511.47258278 540.98633522]]","[0.19884072 0.22194933 0.75063295 0.76108334 0.02331141 0.64743709
 0.92621303 0.65255166 0.51656294 0.12131845]",568,2025-03-03T23:25:01.224301
39,0.8555309086357742,"[[470.04996144 774.51261966  43.43555616 615.78910173]
 [ 12.60279111 555.91269608  71.03296574 339.23924737]
 [112.52154723 657.53839869 211.75244277 511.16426886]
 [464.81599435 108.84720796  92.63328776  84.66090398]
 [704.53755885 112.68284656 130.21203996 324.63333137]
 [489.35630945  28.87494388 702.97571174 344.15849711]
 [ 11.48363924 652.60242556  35.87094867   7.48488589]
 [640.07515063 284.5413072   85.21609928 268.39006915]
 [623.9601322   97.35922497 246.30710328 609.04687584]
 [675.41372121 392.81936035 183.36138833 415.212129  ]]","[0.81732176 0.21912917 0.55012273 0.6180621  0.89603804 0.33352362
 0.91785501 0.28808941 0.82940447 0.62307858]",569,2025-03-03T23:25:01.231309
44,0.882892381849278,"[[180.3017079  757.2601285  628.76150015 747.59132796]
 [428.60925674 654.85467877 609.49638887 663.51121934]
 [296.21063477 674.49167343 213.12975776 420.88585086]
 [ 24.03097693  98.5086094  533.16435313  78.63772154]
 [227.79978116 246.56316162 632.72191535 218.42491015]
 [667.44877001 357.22960428  29.37545827 504.85064202]
 [ 76.20160353 729.40002559 736.62913092  90.41733562]
 [103.70117568 704.74172585 634.31636771 537.19527585]
 [774.11247109 779.64309829 352.19294843 333.29341606]
 [122.99420825 690.60422592 338.95817603 315.04653234]]","[0.70308576 0.82234938 0.62060547 0.09722692 0.8889747  0.61382754
 0.42422559 0.45648443 0.17511176 0.08970309]",570,2025-03-03T23:25:01.236987
45,0.9285681165462899,"[[ 58.88316342 551.42537448 234.8139558  789.28948822]
 [470.29880843  94.77898467 499.42787044  98.48605044]
 [ 72.52034469 443.26161756  24.13745194 494.27424952]
 [481.41591835 169.22089005 617.24934865 566.74256828]
 [176.67920993 588.69954692 504.45412672 690.52083415]
 [325.48911629 328.13565736 436.87913039  13.56104191]
 [506.51328243 282.92855978 484.69570223 190.02255604]
 [740.30672851 249.99113925 428.58537887 544.13584611]
 [575.65910816 474.45563409 195.46922037 747.84100673]
 [570.96434495 351.81438634 422.4359598   59.47884318]]","[0.99314537 0.05394066 0.82091307 0.98657718 0.8154854  0.83697476
 0.77028244 0.43434896 0.31821578 0.76309091]",571,2025-03-03T23:25:01.245214
34,0.8015959896745242,"[[755.47175057 282.18161297 228.96763517  22.58441667]
 [616.10956953 715.85337142  20.41336105 190.13449033]
 [494.85079213 597.29915335 463.49345922 381.66746332]
 [ 77.15607912 692.5576437  265.60476538 766.11760389]
 [268.85685546  98.9635078  431.94787113 785.8203603 ]
 [121.69143151 608.83149481 167.5985678  497.27763701]
 [127.70184433  64.40374048 733.62182425 202.06504976]
 [489.97806338 318.05320702 573.69760025 662.344221  ]
 [462.14661604 397.84047775 715.76242156 385.98040062]
 [ 26.0015022  749.05169887   5.21964831 161.84552243]]","[0.4120992  0.02389574 0.05889842 0.84729865 0.99609919 0.86827221
 0.9731396  0.72651935 0.10079387 0.59694466]",572,2025-03-03T23:25:01.253555
16,0.8622319837087212,"[[507.47875312 618.74815989 214.97274883   5.11794577]
 [619.48642118  23.6937206  779.95142043 508.77396548]
 [486.74432157 689.62787194 310.24795529 696.84998561]
 [211.08634315 621.00326437 789.99636816  12.76084553]
 [253.18456033 185.51685176 526.25582291 658.59344072]
 [489.12861552 431.75144718 625.06246422 191.29993334]
 [404.73063451  11.07694004 611.7800648  225.11042263]
 [241.68987912  12.23341723 355.78054712 333.34078604]
 [ 27.06444671 149.9701481  523.82643339 590.38179595]
 [334.69470323  23.91238737 231.02955889 742.05677229]]","[0.26599623 0.18838733 0.94753987 0.15305089 0.17600018 0.82907932
 0.42903129 0.67128188 0.25867831 0.0441825 ]",573,2025-03-03T23:25:01.260414
22,0.8588996590762455,"[[337.91212898 115.84196178 155.96368696 374.49913781]
 [563.85900393 499.36490214 143.7781316  587.6908455 ]
 [751.19776912 609.45937944 421.88157837 237.60242746]
 [650.98159667 244.95271403 739.32826728 751.18178853]
 [262.57553428 796.32810424 715.88434352 599.22836533]
 [ 66.42773719  25.61735005 426.62549621 372.48374164]
 [612.37960056 216.9481502  110.32142591 626.95317097]
 [352.04595861  21.7386686  539.3941787   43.36772926]
 [ 24.05707656 281.99835669 749.20971247 636.96188323]
 [701.16142269  68.25620154 334.51490514  40.32160087]]","[0.95886659 0.4686119  0.88910334 0.02419322 0.39918818 0.22280488
 0.83695316 0.52551529 0.05448569 0.15899101]",574,2025-03-03T23:25:01.266488
37,0.9291790436336682,"[[693.5967122  164.54144161  26.17066771 790.59889777]
 [224.21983446 591.22979101 330.43529866 139.37926754]
 [190.51456326 701.40854092 286.47777445 435.60522864]
 [461.65956634 729.15498702 646.99030553 600.51737694]
 [682.69162986 267.83720353  27.68791543 389.71209887]
 [272.58459058 618.44351625 312.47262851 730.82788318]
 [715.83497257 501.81720253  40.13857509  54.44641799]
 [785.62820544 164.57622276 307.56435361 544.15109149]
 [550.74339257 761.42438651  18.58135725 271.66902456]
 [481.78949578 291.59298968 601.67721894 537.68494647]]","[0.75184288 0.2927549  0.51360658 0.28640657 0.74251835 0.29212542
 0.60244187 0.36306116 0.52049808 0.94232873]",575,2025-03-03T23:25:01.273374
40,0.8044566114472806,"[[254.7053361  382.34218212 382.88423147 652.1858657 ]
 [303.04003969 680.26116042 151.34890774 278.87019554]
 [781.80023795 273.76886197 403.64101773 408.02029881]
 [282.72477723 325.80002075 722.27060114 227.93553641]
 [425.89900888 105.03956033 785.43364091  72.86582024]
 [669.53088888 596.31350682 744.63649335 469.65246367]
 [703.75028544 636.45689147  21.20277371 632.98209753]
 [436.53461116 612.31308758 365.2097924  718.75080262]
 [650.49460649 423.17685235 535.74128222 161.1417211 ]
 [543.19552685 288.64201152 556.12129874 443.17556392]]","[0.44179965 0.27450907 0.28380821 0.45877723 0.17674521 0.72589451
 0.75591499 0.94456593 0.06679759 0.15881511]",576,2025-03-03T23:25:01.279936
10,0.9081017681549182,"[[575.27962611 427.554796   677.9529855  607.25384984]
 [198.22071432 334.57384108 490.10188807 377.56023868]
 [ 90.81888038 455.16406475 327.63497974 586.6074734 ]
 [720.7765263  511.9332057  444.70654388  26.52988041]
 [123.32696216 697.46905665 586.04452857 196.16369625]
 [697.76980889 723.45782636 522.36834004 305.39309844]
 [272.2020846   56.38810121  22.11654707 138.76855462]
 [ 23.94785889 185.16732013 746.62085655 437.65995771]
 [351.62613019 349.53549925 573.25927852 566.09204413]
 [285.623302   476.03647941 514.75025705 476.48478035]]","[0.58451213 0.46754763 0.14533592 0.20906084 0.75196197 0.53018621
 0.83954687 0.05575375 0.47003614 0.98835881]",577,2025-03-03T23:25:01.285974
50,0.8641988797109474,"[[106.89605772 526.14606081 262.05941483  90.77064012]
 [206.11859994 215.2878667  774.11633208  46.73747963]
 [175.33435724 642.38476425 548.32097148 591.4706871 ]
 [705.15054229 767.95384569 179.85756956 440.04832379]
 [668.83244424 134.26579009 799.65820045  75.45128886]
 [751.46024166 609.84977271 111.56765924 162.11778039]
 [715.2259971  233.59472544 714.62455513  52.1405908 ]
 [ 52.70021781 393.49755317 697.65047829 233.26134909]
 [496.39224949  61.83104506 424.48697019 355.07584202]
 [415.40802679  15.65434823 455.41609817 138.71113609]]","[9.97290757e-01 4.06300486e-01 5.52591476e-02 2.86862916e-01
 3.48555111e-04 8.68102828e-01 4.46886538e-02 9.69925686e-01
 6.61303580e-01 6.39420661e-01]",578,2025-03-03T23:25:01.293471
30,0.8361507855514934,"[[740.79922139 736.15800203 783.42815493 669.76254288]
 [319.63224392 394.12507435 199.57458665 435.38440007]
 [287.78601583  66.93148577 502.10277672 510.2639593 ]
 [554.55366538 471.87790417 722.4988861  655.00521315]
 [461.02731408 204.52843386 221.05463276 387.23734098]
 [656.2667163  345.66988506 223.45687975 295.22913821]
 [759.94835697 670.78240982 710.44165283  88.16474035]
 [201.06850511 306.05131    323.74034679 691.90895895]
 [457.99217897 674.66940861 385.67814712   5.02335164]
 [131.46648445 286.01015635 124.13980818 672.13941564]]","[0.6013717  0.42183864 0.15161944 0.89020647 0.32213223 0.46950961
 0.54317001 0.43546272 0.30926251 0.35565755]",579,2025-03-03T23:25:01.299102
18,0.846180417953085,"[[566.04056059 559.32576543 157.97130266 680.18810864]
 [358.49808639 293.7148204  552.03746651 351.28372478]
 [293.05970231 744.65646248 645.34184392 346.45783076]
 [377.37888648 556.64397432 213.98357677 792.96943343]
 [403.14270873 751.67683183 587.06848289 580.8364583 ]
 [277.44283282 108.99899637 493.53664171 491.25122103]
 [679.4546137  408.6735463  554.63454266 630.59066369]
 [459.84921136 503.37054189 370.31896438 312.07938767]
 [742.25303068 700.52099772 777.77939547 202.13409771]
 [278.19606671 617.64538883 447.87953795  37.0108573 ]]","[0.64972297 0.62946917 0.4645662  0.98465567 0.11354658 0.70989348
 0.649886   0.06718119 0.28592329 0.42997005]",580,2025-03-03T23:25:01.305820
36,0.9118994697376134,"[[377.54360094 126.90011896  93.04987197 426.67126844]
 [349.75344104 196.41002584 683.85807816 666.23481223]
 [ 63.85510495 119.94926994 170.7146716  605.08142842]
 [119.6142187  443.10066421 414.40783548 234.41258147]
 [374.75040695  90.74343587 751.41334055 196.02854066]
 [255.57385461 783.17984818  48.34752811 164.95467685]
 [208.51046404 779.33685044 591.07622596  66.06140518]
 [508.40814375 577.64272973 665.26162602 148.38031977]
 [658.31392315  83.81939815 607.74104673 369.47964462]
 [546.25156504 229.24377521 733.46168886  79.30128212]]","[0.09459817 0.50003403 0.89771386 0.13115947 0.30884247 0.38530134
 0.7938014  0.51550174 0.39573734 0.78251438]",581,2025-03-03T23:25:01.313114
16,0.8475573368442597,"[[436.38195695 571.44794319 382.77152816 601.55960315]
 [275.91634488  32.27452877 508.0101674  513.63146683]
 [398.46170862 727.65395153 341.42848927 605.94814751]
 [ 32.77243185 514.01128495 645.8693382  603.12389073]
 [ 32.74028766 380.47900995 173.27954766 783.87337163]
 [716.50011218 391.99931468 645.37365321 608.07618807]
 [724.64811355 240.43701631 171.90000746 127.85401705]
 [594.38868721   7.38899195 152.69247307 340.41153951]
 [566.89508619 159.67113319 741.27050114 777.32523388]
 [193.61493355  81.01702371 229.31167455 725.24918433]]","[0.02438178 0.1512765  0.30839486 0.81983264 0.96418232 0.16561517
 0.80756928 0.20886969 0.62987469 0.35785132]",582,2025-03-03T23:25:01.319255
30,0.9477049345773967,"[[512.51467299 321.1079781  726.94067208  13.73229759]
 [287.27243189  74.36136706 314.09096329 568.23058772]
 [765.80462875 695.47752376 154.42705202 709.86484296]
 [  1.22840919 322.57132383 619.16287529 706.55558746]
 [430.95581116 695.22765633 113.63111669 473.4625721 ]
 [ 24.65349636 480.35839007 429.54536246 479.18390135]
 [433.06784777 514.84090023 335.80067045 123.77155795]
 [747.51404036 479.18681513 141.41139812 366.94258518]
 [497.56393131 604.83471795 199.49222819 100.40978871]
 [  4.18084111 115.00781389 267.40253302 111.04186301]]","[0.22771078 0.05759485 0.61678493 0.16996353 0.19678202 0.3682457
 0.28133899 0.31976044 0.07521366 0.84094163]",583,2025-03-03T23:25:01.326778
31,0.9248874125609186,"[[545.31450974  95.3183386  410.58537452 587.57669278]
 [581.77488053 111.9069233  418.0251133  793.20205984]
 [314.13017186 447.02301657 228.31287079 571.06355951]
 [415.53346243   3.71236635 564.0233099  580.87011887]
 [135.14206827 370.86447875 482.62721835 258.19404814]
 [424.98860927 651.39780835 553.68167759 380.7952916 ]
 [473.22537073 701.79631905 476.58580074 184.6804712 ]
 [776.08776927 131.60472996 681.14886684 372.64605471]
 [255.04110589 368.12161955 337.13867615 219.73355205]
 [394.32866381 641.80556323 235.64772468 430.58705826]]","[0.57051114 0.01544268 0.07864954 0.12882098 0.08225972 0.66857582
 0.55697849 0.83205721 0.6924159  0.13185706]",584,2025-03-03T23:25:01.333805
38,0.9437205719417505,"[[171.62047688  16.75131927 170.60256101 294.43143461]
 [501.79949455 770.00203937 140.58724672 787.97208624]
 [ 30.31882701  31.27038418 308.10374539 602.3377533 ]
 [254.65809885 712.15989905 382.7571323  441.68976138]
 [ 35.81930249 655.20494681 708.99947604  64.79985389]
 [ 28.2910891  299.09373705   9.28843632 629.17487433]
 [168.5690405  137.49326454 134.25009655 550.97521855]
 [792.78217865 572.4416478  349.84915843 279.32542366]
 [596.85509443 624.53640894 795.08791495  40.48828494]
 [173.60986467 623.04597167  58.67918722 427.57041961]]","[0.95324581 0.0221686  0.45111442 0.63870225 0.03383526 0.48264242
 0.65517232 0.01239289 0.0975452  0.17771389]",585,2025-03-03T23:25:01.340870
20,0.872287111887527,"[[184.6382538  646.64647753 593.09716002 176.10462126]
 [681.32010578 292.21080311 122.86892374 234.7835572 ]
 [362.73847136 663.55690972 568.93564978 659.23260864]
 [773.62218327 459.71370678 168.59433269 359.25548903]
 [664.13733624 542.21055406 413.7940558  471.95290384]
 [530.71072961 107.10688955 297.1371375  110.44399795]
 [441.76361642 777.00303018 206.4516158  387.40885999]
 [367.47158576 245.44639313 353.66021895 720.70480055]
 [ 18.42719234 669.40448999 412.08174112 492.75915217]
 [ 25.74627038 109.49592604 576.73211164 263.44295408]]","[0.07872727 0.53495121 0.7225152  0.04626065 0.519361   0.18720288
 0.16262369 0.41346002 0.82963917 0.93729325]",586,2025-03-03T23:25:01.348000
44,0.8661548687726381,"[[725.80905167 225.85337719 537.74239725 710.06330128]
 [310.07901172 149.44849237 317.90885392   1.34587417]
 [164.00620234 354.28361387 672.1446313  302.67406647]
 [280.75370078 288.31658585  10.95982662 211.91002226]
 [233.18341601 285.93647855 294.37455421 684.74708779]
 [617.70401993  65.48621345 550.54748262 611.75343855]
 [ 21.24853328 456.10172504 327.0967773  111.02637729]
 [314.35300774 196.53419985 273.25809307 360.20725419]
 [463.88559658  33.13916651 216.38956965 421.25136353]
 [365.27659137 605.49973961  57.43151089  86.94433571]]","[0.8688619  0.90599567 0.5422456  0.28470698 0.76969829 0.65046156
 0.9215893  0.11576478 0.02809039 0.78705218]",587,2025-03-03T23:25:01.356100
23,0.8490648183222353,"[[646.37057068 177.02805913 344.01130432 216.66419578]
 [435.10461292 644.65850973 186.8248297  527.00902467]
 [399.93207662 566.90223042  55.99223346 222.28914331]
 [556.46886013 565.13638756 736.68472479 253.45416901]
 [711.75373861 241.25299419 528.51339777 355.42325052]
 [140.71107617 759.87191735 142.79850438  61.65265857]
 [486.58354183  82.1392753  609.93284066 769.9396251 ]
 [699.3251585   81.27412374 763.87047455 222.33109169]
 [143.61567788 692.78341684 784.20826718 283.45306097]
 [734.75082509 258.78891131 639.09101821 607.3231113 ]]","[0.37715512 0.78702441 0.12273173 0.66536768 0.67733948 0.30535657
 0.67882311 0.32672024 0.69432416 0.49343294]",588,2025-03-03T23:25:01.362639
42,0.8555788489982131,"[[149.49803362 283.19835881 438.39802889 794.11409753]
 [325.1413383  144.79761106 540.82463029 738.43403313]
 [311.48753369 191.33613369 664.08781887 434.71092028]
 [362.82220632 449.93441153 751.41536611 294.6745228 ]
 [281.22326039 789.58856324 781.98452583 664.10770963]
 [627.66728824  86.53613313 312.54450367 658.85935424]
 [346.69880686 785.52066375 658.24620187 137.14871122]
 [230.27359492 777.84116865 463.6171825  583.5975164 ]
 [475.75784926  86.51859529 593.5861983  129.35994814]
 [565.31880448 168.21637685 751.76408668 612.26882225]]","[0.86815371 0.33576371 0.73119511 0.16843515 0.69375017 0.92350961
 0.74391748 0.96986804 0.9270315  0.81395222]",589,2025-03-03T23:25:01.368779
35,0.8008713822421746,"[[ 58.86647489 180.90661462 635.63420352 648.18673349]
 [146.44208535 754.65697236 439.64015636 768.20116443]
 [557.44905781 516.59653409  71.68091741 484.67753605]
 [ 66.07901539 207.21655446 739.26908022 210.0839509 ]
 [569.1049265  604.76781714 633.03404087 479.86447779]
 [531.16899537 603.1865118  617.60955275 681.12454349]
 [400.20345182 450.45707817 464.13807093 147.91310045]
 [254.29272702 195.59119483 546.39862668 333.42064221]
 [  5.81947715 205.19657883 642.95165525 696.37772788]
 [450.12460904 251.05537227 546.94719399 506.71735927]]","[0.78314205 0.59795641 0.35698838 0.11474928 0.69814868 0.30389808
 0.22712174 0.48163835 0.13239199 0.28129564]",590,2025-03-03T23:25:01.375402
10,0.8689437151017982,"[[124.54359934 634.26940771  42.47083016 159.7467966 ]
 [ 68.46809101 525.87881816 730.26871772 655.87204675]
 [619.42203032  65.01219009 259.23643233 176.35743433]
 [517.99026597  21.47753812 126.72103184 748.09820386]
 [649.07464208 584.30170361 609.10915718 422.29521816]
 [554.56084389 328.76573994 150.04681293 397.12086197]
 [171.32339927 400.35257469 135.13472063 321.95313148]
 [ 86.31294602  86.37278666 784.15843913 210.15283057]
 [304.39223266 181.07621821  64.78551044 521.87906457]
 [583.31342636 258.99253637 535.31091738 606.39196886]]","[0.82076624 0.58554483 0.20603497 0.75596358 0.51257427 0.92523115
 0.84861588 0.26995235 0.75630367 0.73359054]",591,2025-03-03T23:25:01.385085
22,0.8077062403928712,"[[413.45628737 159.93128776 147.50142793   5.13800923]
 [486.65009423 426.21232991 528.57144368 456.03693179]
 [203.12615338 703.17925393  70.42161869 541.32952572]
 [726.09930641 602.10334304 218.55812305 158.96519595]
 [ 22.17171631 443.51355311  48.16906058 268.78841253]
 [ 96.38163139 523.51388806  57.54762189 786.14851868]
 [ 19.59765363 368.8924486  790.07943729 655.31297055]
 [312.8870546  244.61093554 243.72816459 698.02583339]
 [310.63029882  32.08486162 450.03298202 703.79559811]
 [ 65.45189187 790.05368382 634.78794267 491.03685837]]","[0.87665876 0.8609556  0.66823682 0.70703576 0.02831606 0.44353493
 0.41116737 0.76213838 0.6535236  0.19077516]",592,2025-03-03T23:25:01.392523
38,0.9422013262601763,"[[584.04972049 253.16068734 202.01127813 604.22075738]
 [319.50647096 482.62838724 558.3579315    7.96518769]
 [707.06628195 453.61545934 145.29179983 787.81561848]
 [675.66449313 620.24624112 265.08608836 152.89036673]
 [488.19579857 341.21892878 570.63440796 329.14346626]
 [ 29.49297772 236.44904175 583.40569683 511.83615951]
 [686.87912448 103.01184859 356.67279189 234.91220519]
 [734.95529278 327.05137074 704.39443583 478.62169546]
 [ 83.7102377  611.27817924 407.35581347  42.32991555]
 [411.8934497  371.61843031 451.35195315 394.37318387]]","[0.58218051 0.31938424 0.33174278 0.52261508 0.76822455 0.19492543
 0.80769323 0.07149703 0.30180362 0.11051957]",593,2025-03-03T23:25:01.399512
16,0.863099131110967,"[[371.03889179 431.7110666  455.81475712 286.94337405]
 [186.68714267 188.11398298 673.76393018 213.24315843]
 [551.98637575 614.4488109  229.03397776 180.08050222]
 [375.54617827  12.50169952 607.28326384 206.73859744]
 [285.32781573 600.13530212 161.82939322 107.01971397]
 [243.71202205 219.7166515  227.91995554 441.38664786]
 [ 51.60381665  42.73838286 346.16081635 419.89626813]
 [632.47450679 528.73499501 798.33759419 547.34334459]
 [498.38853974 799.13314772   4.66209832 605.97553335]
 [200.75086034 186.78844786 758.7152274  162.2490245 ]]","[0.22675837 0.84531352 0.8825266  0.22359272 0.88121395 0.30901758
 0.01978681 0.43564978 0.69064234 0.56674221]",594,2025-03-03T23:25:01.406042
38,0.8838958588748912,"[[343.82819727 764.53452    470.080343   720.60599615]
 [ 88.44268851  23.51237765 510.90316664 306.98122865]
 [685.17104908 400.01201006 732.67818081 727.66186226]
 [586.84488267 281.59468106 227.59578059 403.76357707]
 [346.36290164  37.97484691 440.00902365 741.87117066]
 [427.64898048 683.12832261 274.05838583 516.49873975]
 [720.06283708  65.92775034  53.3641483  309.32358548]
 [374.38798194 187.97846015 118.10779955 424.59327079]
 [766.64167635 309.09730032 271.40354216 187.65639103]
 [495.32361939 192.23373075 109.84971469 444.09160293]]","[0.4539822  0.38102833 0.85473175 0.05508038 0.59890058 0.49490835
 0.09194508 0.09016088 0.78235592 0.13804925]",595,2025-03-03T23:25:01.413631
33,0.8910097244449405,"[[796.6139262  245.53935888 717.56701228  94.6123411 ]
 [645.09508016  96.3724076   64.04055391 777.16781567]
 [209.40589879 189.03586199 364.32259177 750.60381448]
 [352.62214463 277.21228033  86.27142187 732.2093979 ]
 [625.44016133 503.20013281 147.25013694 391.48979222]
 [783.11048269 681.76010017 170.49843605 396.55810776]
 [444.69549315 254.19291429 704.82189342 146.99185308]
 [737.17025269 141.24947527 607.00470665 277.38313521]
 [138.71417928 108.55022125 444.31455093 494.83373383]
 [302.3540637  433.68993173 197.05163916 153.01318052]]","[0.92301679 0.9147077  0.36963599 0.56621162 0.13765563 0.46251931
 0.89887475 0.28988583 0.81483841 0.97632261]",596,2025-03-03T23:25:01.420467
19,0.926279245885572,"[[ 95.35717356  38.47614242 493.44022098 646.41341436]
 [226.06025906 363.5023858  743.62318829 487.91288767]
 [713.46971019 764.65414145 568.26105478 148.70960186]
 [698.59644091 531.28215201 581.53230421 218.34381672]
 [503.21539308 554.00732927 681.63717058 155.20293212]
 [ 79.568632   225.2409355  106.08930638 184.64751832]
 [654.6459122  301.9020477  498.13476532 101.17403378]
 [680.21233177 466.70030852  97.4618378  317.85408999]
 [267.20164504 491.8616506   51.32384263 723.51266751]
 [114.77680532 695.77570516 324.29457113 358.6123206 ]]","[0.99331763 0.05895398 0.26223921 0.72739125 0.27153176 0.48894239
 0.12758561 0.98409504 0.50493282 0.00670351]",597,2025-03-03T23:25:01.428643
24,0.8737423472151462,"[[247.44026289 123.0711621  197.13291899 373.03224122]
 [522.61340537 349.54143119 481.02958932 183.35430518]
 [171.33354507  41.23565231 616.22448903 505.71856069]
 [ 11.58486984  59.96726077 769.20109458 656.1743998 ]
 [ 77.36462283  28.47258322 169.47226858 389.84686283]
 [430.35937741 397.63883706 363.62736446 230.0714112 ]
 [508.28397563 368.80057307 705.47466051 375.50935082]
 [494.22226834 768.03052331 714.60345989 153.02539813]
 [643.31459971 772.70700794 682.20549201 335.18090469]
 [ 53.33100895 715.32430523 155.17181558 488.39112448]]","[0.17060486 0.52027371 0.72010659 0.30302257 0.20014439 0.95376482
 0.04284568 0.0956792  0.37545266 0.39873532]",598,2025-03-03T23:25:01.436407
22,0.9438277764075614,"[[ 22.52728191 369.37213818  98.11738492 711.49207267]
 [580.33122834 738.82036351 448.29110971  93.64392524]
 [406.55707866 599.15952034 745.71658396 694.13053617]
 [521.28005211 733.35419681 337.16522098 536.39248888]
 [305.23523812 290.28859399 330.35838232 123.26185001]
 [244.64012425 632.14384301 122.52567962 409.86029592]
 [230.13351455 669.0004776  254.77861107 730.84033743]
 [774.5644055  463.10703179 385.31373969 687.04887528]
 [578.67057814 103.8496681  250.58547801 431.74059047]
 [345.67869946 108.61978023 126.77046149 213.12411   ]]","[0.21599215 0.85148332 0.28433495 0.24884184 0.34834812 0.82139852
 0.83963343 0.38593335 0.29636114 0.26579222]",599,2025-03-03T23:25:01.443251
47,0.8114823142461037,"[[161.98313124 743.08750686  73.15758329 233.99466231]
 [706.43184203 392.02482849 521.09266391 426.89123492]
 [188.75002482 333.5842301  178.46327086 424.94496691]
 [596.55018824 636.78989287 446.00462293 405.95635763]
 [ 44.51182874 160.89486612  64.3118482  709.0415309 ]
 [233.11502064 643.5907827  490.59906945 610.97403435]
 [ 80.72821929 636.69670381 368.21219052 627.09035777]
 [ 17.99355842 108.65566135 566.06616651 232.36762872]
 [667.49374158 293.4022349  755.14468323 573.40727786]
 [495.3532221  244.79786678 675.92241688 754.41954371]]","[0.23434396 0.32553429 0.50790788 0.90501192 0.44514763 0.22917931
 0.31479463 0.71297552 0.11688355 0.15659058]",600,2025-03-03T23:25:01.449535
43,0.8349024680713889,"[[474.22154393 345.87069346 473.04023053 355.0136391 ]
 [645.79316872 265.62773976 681.08168896 501.3369017 ]
 [627.49362227 767.72643579 395.32599239 722.20392216]
 [752.7699552  600.70961371 473.2808897  784.86710252]
 [219.28672569 170.47067206 482.20450841 216.14902101]
 [357.70471074 592.04122273 179.87768499 165.36253543]
 [458.32069574 245.84089045 364.37827216 649.9623041 ]
 [124.23433425 125.21587837 712.36110098 610.01183744]
 [345.27927147 451.32499825 170.52638761 103.09532883]
 [661.6613369   58.72743186 562.93180025 757.6474723 ]]","[0.43908877 0.0847588  0.10404363 0.53852084 0.70219517 0.46767728
 0.47195959 0.27922016 0.48407169 0.79838338]",601,2025-03-03T23:25:01.460402
37,0.8974932005088845,"[[758.89871565  14.79062981 455.09354577 595.06372663]
 [472.65026544 374.48489883 395.48383099 406.46375227]
 [647.5143993  172.60205178  53.64931855 570.91015423]
 [199.47859735 625.58156982 662.69875227 155.34742105]
 [347.77100957  65.42807028 525.80817654 194.7089933 ]
 [334.1361858  259.99132337 592.31831654 577.64955432]
 [735.79722948 177.23247636 157.78001064 578.45173334]
 [543.44549373 690.82488983 484.69488103  65.26195822]
 [507.37241092 207.77099149 646.14849161 670.22795287]
 [580.34959981 229.2946421  708.91094984 394.4284963 ]]","[0.74182574 0.64814629 0.46331662 0.26381213 0.8798836  0.00957234
 0.28533057 0.46359761 0.25792808 0.15029173]",602,2025-03-03T23:25:01.469925
19,0.943137607868608,"[[  6.49671383 476.02418376 162.79095188 297.31706002]
 [ 52.34761298 105.70887852 304.87382265 367.70972934]
 [454.50298608 679.23952553 384.99902842 292.07226212]
 [183.82658739 330.98554322 170.3464275  308.62744558]
 [758.52117365 319.14532539  76.64253411 623.38297951]
 [ 67.89052861 425.64160374 166.19159588 712.43464219]
 [395.68146131 589.19772919 634.97195018  23.01130189]
 [615.64849826 466.40996818 161.35924614 720.0223445 ]
 [354.27852247 419.9326301  651.08631871  91.68619656]
 [734.22090674 127.59505611 750.76480545 621.53132511]]","[0.93581102 0.23549    0.36872018 0.06924404 0.18015868 0.29885206
 0.13449545 0.91774337 0.0272516  0.5955768 ]",603,2025-03-03T23:25:01.478976
26,0.8801952399514626,"[[264.79067511 187.95658253 644.58294204  98.46663303]
 [320.39966439 664.20877158 531.17201739  46.56224791]
 [ 97.76492806 484.61541021   3.7259886  342.29503117]
 [ 38.80772426 542.44346455 551.63017604 707.40733594]
 [354.13011703 357.57182607 449.77301555 234.07351417]
 [694.48347616 202.2497756  336.52316805 593.38064036]
 [173.2967373  666.69217431 408.3855433  767.0606646 ]
 [508.04968799 617.94482273 286.04297256  38.61124289]
 [707.65183655 394.64691056 570.57574682  62.27986351]
 [ 33.55894876 380.46870121 382.40458105 374.57355382]]","[0.99970484 0.40299256 0.31183011 0.69147773 0.94160819 0.7438508
 0.82305763 0.41346035 0.04691178 0.25129369]",604,2025-03-03T23:25:01.490279
40,0.8003518856869262,"[[167.30156098 458.15206869 441.27536488 330.23552707]
 [201.49042111 336.49548625 484.62466756 575.61486577]
 [763.99326579 671.4799748   95.13387468 594.08701539]
 [395.76561209 763.72655557 464.59137274 252.34816879]
 [268.64925244  81.20207167 601.18574598  40.8164221 ]
 [156.69605919 702.44844651 220.506267   749.83565192]
 [773.51361013 262.7307901  384.29114509 718.60373453]
 [239.91457068  95.66257132 224.91225942 752.08145329]
 [742.38958049 124.93663496 733.2638003   39.5126532 ]
 [424.014711   732.91948638 170.84872792 359.55431241]]","[0.61763517 0.88829023 0.60152967 0.89998789 0.7895047  0.49948492
 0.96332761 0.50438415 0.43513657 0.0578862 ]",605,2025-03-03T23:25:01.499695
23,0.8724275720087472,"[[264.94365814 731.05243276 212.5495472  343.17527288]
 [510.32539729 572.26927206 417.61463259 475.91512768]
 [475.91666373 192.57543524 127.81712503 390.29100889]
 [135.02932651 738.05133099 697.07700905 629.24516533]
 [401.84211564 147.23242401 136.70240201  86.46415182]
 [426.09765483 568.50350956 417.47841298  75.89957024]
 [241.1378213  282.89634081 794.32402932 340.09443692]
 [492.13922358 523.1013856  423.68012331  52.07603054]
 [558.83853805 660.39638698  87.37057351 114.0099481 ]
 [313.22056833 108.0059171  724.57574487 250.85217971]]","[0.03330647 0.71592335 0.83841211 0.27281372 0.19260447 0.12030468
 0.25875111 0.35462022 0.86688308 0.22494898]",606,2025-03-03T23:25:01.509774
23,0.8167019962086929,"[[437.79486407 601.56659734 325.50478267  93.25461658]
 [739.23152245  90.30514274 252.63730731 750.90439068]
 [639.26089295 725.00445738 233.44997804 744.06577201]
 [623.9019212  263.60473296 631.59457967 529.92552365]
 [208.9305249  405.57905296 355.15027634 539.85223127]
 [ 39.20338381 179.40729932 197.7095423  140.44682618]
 [129.07922814 130.43765974  17.66784063 415.57430558]
 [134.23525111 122.82503073  62.9395054   19.14160619]
 [360.1545731  609.67822712 295.0389482  784.26687084]
 [595.24615977 461.49025261 408.72956607 467.39700108]]","[0.18557735 0.07242079 0.39344087 0.1202544  0.29638395 0.75526608
 0.77123505 0.42623895 0.85490341 0.42519512]",607,2025-03-03T23:25:01.519005
42,0.8929793887329432,"[[683.90236564 278.92552319 393.30103804 244.55399341]
 [435.64890317 527.81066152 210.87202543 474.24238   ]
 [ 47.82396139 194.27330386 494.61486651  66.42363693]
 [ 71.66816683 246.99752686 768.97230588 540.33035959]
 [287.37527061  59.08624262 438.20455804 789.16779663]
 [158.03226925 437.43385232 221.98820833 215.21156937]
 [700.97426583 564.85993275 771.19798397 329.30779276]
 [747.31036666  42.29432545 788.50285792 228.79770129]
 [  1.03015357 695.46306691  10.16424104 526.118733  ]
 [762.28600037 648.92632625 611.06935339 473.76193786]]","[0.34880936 0.12274558 0.91988998 0.14307485 0.89082015 0.74608082
 0.70965521 0.32735331 0.09380033 0.77898591]",608,2025-03-03T23:25:01.528276
42,0.9043671410836477,"[[225.22484932 696.30329289 227.25044397 788.54137503]
 [688.77344359 497.0940997  675.36444969 666.74830415]
 [349.06488584 268.84820867 440.74322848  84.58154356]
 [108.44126851  80.50351932  91.57366135 456.76238551]
 [413.61588161 609.91444784 400.19979384 701.87475173]
 [338.57892924 743.70320764 547.09779575 513.21764858]
 [338.92062698  93.40620656 441.97679523 669.56006084]
 [271.53243799  97.0014603  388.71505503 513.35949373]
 [ 27.32727349  71.82550475 793.54398448  81.64520539]
 [ 83.94965145 796.20544822 527.66946859 336.30156663]]","[5.93234053e-01 3.73986633e-01 5.09142880e-01 3.43246138e-01
 3.19357600e-01 5.98634089e-01 6.10139746e-01 4.97545684e-01
 7.14690077e-01 6.58545282e-05]",609,2025-03-03T23:25:01.536894
25,0.8353151093081701,"[[394.20464405 530.07508576 576.24863044 334.35950264]
 [ 94.88353563 762.71928103 401.70985558 678.5232882 ]
 [702.71728854 541.85410426 773.25466932 470.33035311]
 [398.6609299   69.39596327 704.51904285  72.71600238]
 [641.44998117  92.07615612 126.62076682 149.71198362]
 [341.40762672 350.54443034  27.33367732 275.53852039]
 [608.68766321 642.5255243  418.32535865 161.30537458]
 [581.97121219 459.56520953 799.40855037 464.67575816]
 [620.43229528  18.79953556 223.53273377 792.59963429]
 [545.65430903 509.55522998 131.67159848 389.75801252]]","[0.27779056 0.652112   0.41797109 0.43923242 0.84370571 0.85423714
 0.68526131 0.68843558 0.1149245  0.73806486]",610,2025-03-03T23:25:01.545898
26,0.8802036213001977,"[[663.73472363 377.0709779  602.85014929  37.38862696]
 [413.58991793 670.46871246  50.76689793 464.72025216]
 [102.62217899 486.09507132 399.53141511 398.85657717]
 [182.86311229 152.44084065 187.47750461  63.44902786]
 [205.56865428 208.3770281  768.30079828 179.12883729]
 [798.13111317 398.60998292 714.16718067 361.22440124]
 [122.72426684 442.6605076  208.42305661 123.66024787]
 [ 22.51441396 505.8407342  317.25335174 314.28442814]
 [700.95416749 179.11166775 422.35116023 731.40592473]
 [152.80960386 713.14626167 596.11036749 373.38938159]]","[0.89205205 0.1380955  0.60960412 0.12819977 0.6383721  0.51703365
 0.88033062 0.84669573 0.7074139  0.04902451]",611,2025-03-03T23:25:01.557764
12,0.949371525254507,"[[583.68244976 103.58563885 449.10276178 522.88923573]
 [351.80566422 338.44271135 476.28721141 363.42323249]
 [126.46000857 255.65047099 678.04966273  39.65834681]
 [334.69548156 248.48207455 529.22003042 502.03739742]
 [ 87.37301157 602.32006956 208.29126068 780.18956537]
 [374.01243931 279.94430746 398.06857938 256.16384747]
 [224.98277437 629.13815719 624.29880659 376.26665505]
 [316.46938545 717.14635693 668.669055   366.506791  ]
 [229.50807522 394.79072246 641.75015418 214.96452499]
 [567.44723308 262.71782485 183.94916895 107.044779  ]]","[0.91384908 0.89087602 0.6152181  0.38970479 0.69784949 0.45380995
 0.2561363  0.77244917 0.27151746 0.81868908]",612,2025-03-03T23:25:01.568535
24,0.8979234779956397,"[[203.76531947 271.65444656 737.54290786 759.66540433]
 [428.17663596 375.57518661 445.46337889 540.70411288]
 [488.77951163 250.35577645 517.07983183 269.53529834]
 [448.14071354 649.79942329 729.74601119 348.78841427]
 [640.45948443 192.77452644 405.20909137 506.28549963]
 [655.00329084 445.31019624 233.67981749 122.05630329]
 [535.23811698 106.97996315 698.47710466 374.26345911]
 [546.68762745 414.53484708 115.50383782 409.73832451]
 [ 87.6648305  420.29184349 704.05793686 586.83650837]
 [324.01833111 677.11094787 672.97775307 422.21464222]]","[0.35039068 0.29163199 0.11851492 0.0811894  0.16225184 0.29483523
 0.65237556 0.86610305 0.0235271  0.87677976]",613,2025-03-03T23:25:01.577348
36,0.8232489189977874,"[[134.4426241  374.19395699 631.96553258   6.28270207]
 [223.86364743 346.27332189 568.94866482 171.2235816 ]
 [497.78269161 517.65881787 352.66546655 176.07972465]
 [748.25449897 312.79545069 681.7482253  611.8474002 ]
 [491.23016824  48.75525412 750.29709446 590.61257031]
 [769.79852757 253.04135188 488.69295921 501.86677557]
 [244.4251873  169.44031192 307.81244732 236.06070056]
 [387.1319842  594.80355951 290.15650215 723.04887368]
 [ 90.19945173 674.22741814 357.11047033 676.38082052]
 [448.23631976 736.34429224 552.71602366 276.1872665 ]]","[0.68067074 0.70471142 0.36816801 0.22937288 0.65962992 0.85093797
 0.79272542 0.75069066 0.52377388 0.69119792]",614,2025-03-03T23:25:01.582869
23,0.8190116000580002,"[[199.9867251  516.76301178  53.9992761  156.5403751 ]
 [ 85.71338579  61.58178406 639.79049925 241.93919927]
 [699.75465934 764.31638544   5.12930693 607.68827902]
 [221.66461697 706.18072401  42.66159444 415.33528473]
 [385.40525471 319.18408361 343.75786809 650.36382085]
 [363.43808473 536.78283163 678.7129725  277.13482301]
 [398.13366356 651.61901214 101.35123309 323.87737173]
 [275.69026329 788.72961596 104.62125656 418.58475068]
 [602.09783777 741.27762873 579.08743388 149.9544783 ]
 [386.25293357 141.92415888 367.76028748 599.96371086]]","[0.48889885 0.86176597 0.45368995 0.9576974  0.15186433 0.04821092
 0.69822916 0.65799656 0.7850281  0.14259859]",615,2025-03-03T23:25:01.590993
37,0.8806584552566856,"[[478.20303894 104.37827581 326.27705483 636.15136352]
 [609.42522572 394.08500726 188.02450219 228.82734532]
 [113.17783739 772.46358661 410.52665305 180.17961194]
 [ 88.80412381 510.35298229 702.10419342 224.06530402]
 [135.99447681 664.49168022 323.00864233  99.2052864 ]
 [484.25679715 767.19593244 548.45518457 150.72117705]
 [541.75753579 359.64638504 450.69500218  41.74743852]
 [192.42640116 610.07690964 145.48803961 519.89613094]
 [570.67552233 192.35667047 634.06334554 782.64030929]
 [765.48140179 795.80964365 428.23510391 350.26353458]]","[0.39567072 0.5889918  0.53595289 0.94601746 0.17194651 0.19459953
 0.57396123 0.54200673 0.33700735 0.06119438]",616,2025-03-03T23:25:01.597996
21,0.9266070001687214,"[[224.74816497 649.8191846  616.09483028 183.43593865]
 [202.99741491 511.26585933 528.02917946 555.602995  ]
 [ 16.4613897  744.81980395 637.13141374 468.62911489]
 [373.25951926 783.54073079 552.42328789 797.50281941]
 [432.57529614 354.20705434 618.9107244  700.55903809]
 [ 48.63044828 133.87682846 205.585785   361.38198571]
 [518.63189982 397.5637429  778.84498852  16.35681171]
 [791.59153164 406.61323641 526.41370052 453.2215685 ]
 [478.29360511  78.31891929 266.89048354  35.36023244]
 [378.04860484 236.82588042 360.63602649 748.0931874 ]]","[0.37221441 0.14888685 0.82570207 0.69041153 0.03977434 0.93405706
 0.25726996 0.85639691 0.88446261 0.96731469]",617,2025-03-03T23:25:01.607136
24,0.9234017817717356,"[[107.71912278 452.95206764 309.34053471 595.37495765]
 [416.2348909  418.61020839  35.95441298 428.50793132]
 [148.5996133   19.4158124  273.22481549 327.34944636]
 [382.36374097 458.30025214 516.5223036  565.22521367]
 [ 66.84311168 177.94024753 773.44490012 474.05624051]
 [247.5404888  178.0501887  435.43778364 752.00937311]
 [411.55094684 343.26892709 247.19700782 511.03920804]
 [110.71389475 792.44319257 604.80592549 431.53502613]
 [236.26168046  94.3673389   38.32825253 731.54869676]
 [435.57208752 659.58945731 473.45827239  35.38243516]]","[0.96248752 0.45429035 0.81893332 0.66529293 0.70018882 0.31728123
 0.71452071 0.5247795  0.93283805 0.89654396]",618,2025-03-03T23:25:01.614351
38,0.8420685386325022,"[[637.39658085 562.90800121  99.81465879 779.88168216]
 [577.01271428 119.55922733 589.02174234 248.79209127]
 [610.44734308 324.10559179 358.54731836 417.93524374]
 [ 30.76503313 453.76523205  34.97980367 307.26939101]
 [ 44.3275113  769.26409058 763.72350261 417.96626081]
 [596.47668177 700.96178608 390.62699632 110.94585119]
 [791.3493788  707.95664158 273.66903365 409.22182104]
 [297.82020404 682.79610468 789.71539237 111.5502406 ]
 [578.07842602 462.23987217 279.20600529 781.68606158]
 [578.19905093 276.03448686 306.29805075 487.84242801]]","[0.42842696 0.85926933 0.81385617 0.85684037 0.15570551 0.44650471
 0.73320011 0.81525308 0.08458866 0.95226626]",619,2025-03-03T23:25:01.625860
31,0.8726923845910661,"[[334.1710788  189.30828813 697.29614766 786.96336807]
 [770.89162048 472.51066326 187.93333455 680.49443288]
 [761.00320373 781.74382317 349.50564156 458.86283777]
 [550.56307362  22.1635542  685.26419376 415.5838489 ]
 [541.75299769 556.07164504 720.37568434 378.73205378]
 [275.8908432   23.55305125 470.28958493 456.62135945]
 [110.68038905 631.37226675  16.12403267 180.21577529]
 [454.16641106 609.30613659 675.25211314 550.9700201 ]
 [422.152286   310.03259982 524.35790374 599.36481266]
 [717.01920793 186.318432   480.70163644 738.05999417]]","[0.83680466 0.8465014  0.04783786 0.9207466  0.65595385 0.31116641
 0.84512862 0.51258717 0.63125183 0.74487845]",620,2025-03-03T23:25:01.636519
48,0.8021810805952173,"[[599.86931474 281.44370942 403.32894339 686.25751182]
 [698.02024649 747.23694571 203.90180545 711.29918951]
 [247.60924879 216.7971933   71.0585686  519.76955554]
 [293.27547576 122.60029618 679.36866815 442.90698116]
 [451.30985509 191.42589813 547.42121955 179.69573264]
 [207.19301384 163.52188689 730.09344649 659.05803955]
 [598.14139062 576.55913827 795.29532334 659.767746  ]
 [365.24042061 345.67423403 395.18853139  97.90695184]
 [661.19072809   1.58352888  33.42579539 221.08678171]
 [464.17899392 126.23728296 634.38975992 731.27796641]]","[0.45220239 0.4193873  0.49716812 0.88965728 0.71734804 0.30337566
 0.33299755 0.11651395 0.3312302  0.27054832]",621,2025-03-03T23:25:01.645480
13,0.8299524517312107,"[[627.25303485 791.21065056 294.12079102 459.69879479]
 [410.30981658 520.12349331 551.78122941 775.86197036]
 [496.30667066 463.51461841 309.44675731 693.05310797]
 [734.01173839  19.67024174 365.93202756 762.64244452]
 [ 84.40262901 179.85818179 720.58422625 506.82363742]
 [760.98350936 328.86730967  21.22423318 354.464451  ]
 [ 26.32197304 691.13358056 619.73005096 213.17598807]
 [279.5532486  130.99350548 151.07855243 563.75141792]
 [724.39193747 589.74306136 103.99144671 209.54378555]
 [296.56569026  52.28091516 220.17876619 545.15944143]]","[0.78545848 0.34028713 0.26279455 0.87263686 0.40972435 0.79003174
 0.13707098 0.59448429 0.57916784 0.42430812]",622,2025-03-03T23:25:01.652357
21,0.8214751087386307,"[[448.15464065 649.07558399 479.91785816 286.46390176]
 [573.62984519 737.35041927 726.12519388 421.19446568]
 [334.37549099 351.52010942 140.67020149 381.19136341]
 [784.79032342 617.87526469 243.94851241 668.69723058]
 [291.14295377 327.60286724 336.67933002 303.89281327]
 [385.98053686 672.86615086 211.05815846 582.70039526]
 [518.11288329 117.49377192 498.36530543 114.08876939]
 [311.00971345  76.4984121  547.69701614 433.09960935]
 [213.02645631 413.95590625 563.57575798 503.5897303 ]
 [377.98564308 366.10668125 294.94991951 635.0917099 ]]","[0.33960527 0.01888389 0.25062678 0.90194015 0.56054835 0.7881526
 0.60493004 0.84173559 0.96050626 0.90791886]",623,2025-03-03T23:25:01.659377
34,0.8982681135407475,"[[364.32112131  74.78599182 213.10023485 495.30954758]
 [175.32702549 663.7302276  729.49048031 209.00674843]
 [489.29906864 136.88723995 724.88144852 270.92672822]
 [  8.69237239 227.21666494 166.79265266 259.91509746]
 [645.77895803  43.32884795 766.56944247  31.51663366]
 [496.81601711 182.39844638  38.87113475 116.79555801]
 [ 26.0524389  614.5798635  757.26181665 541.650597  ]
 [385.58215349 720.24635942 227.87921604 451.78952184]
 [689.16219679  85.33941621 455.02473914  53.80871204]
 [407.78550563 304.58612037 353.58041181 280.81544209]]","[0.06171775 0.82663153 0.02251536 0.53770758 0.20092824 0.94857505
 0.1959736  0.80228725 0.14214872 0.727222  ]",624,2025-03-03T23:25:01.666453
35,0.8995445910238138,"[[740.47679286 579.41371231 673.86979539 313.05763271]
 [580.82794506 710.42866613 462.17044782 354.33095521]
 [547.94320548 513.31772779 233.6904222  489.19844532]
 [463.71415383 247.98736345 517.03926979 423.92198531]
 [ 71.58539344 183.11374635 477.47366728 437.01426713]
 [148.38799623 591.75454077 318.2950685  133.54664092]
 [235.2435277  122.0449935  408.08398446  52.5389404 ]
 [770.88775951 445.71155459 355.80194963 185.36698314]
 [331.09530128  42.06726486 635.61370248 234.65666843]
 [399.46267513 611.37702093 242.40855111 743.59472509]]","[0.86060904 0.56587352 0.00971539 0.06847918 0.47912042 0.39198783
 0.7749245  0.81221074 0.48714458 0.39443856]",625,2025-03-03T23:25:01.673019
36,0.8144236354213559,"[[110.77697309 736.94856661  52.41643342 361.15300137]
 [221.26151354 114.9141568  465.76990822 395.7712982 ]
 [740.78135532 304.32620318 351.72155915 728.40412849]
 [701.52867999 149.94367703 354.28195949 455.77482872]
 [458.17123491 457.37233565 381.86006247  60.21727847]
 [595.26617969 346.31194523 513.83155762 177.64886964]
 [104.28325066 115.01386488 416.93105492 128.03749626]
 [547.15299585 739.22489243   8.39615408 762.20208201]
 [202.74389097 215.40317491 338.20069162 670.59545996]
 [299.91638879 506.04477564 432.22069481 182.17353817]]","[0.82228549 0.84900303 0.68559671 0.1825092  0.30536902 0.09219061
 0.11677764 0.86517037 0.13327007 0.37405878]",626,2025-03-03T23:25:01.681224
20,0.8360879201629835,"[[107.18331742  70.70605075 373.8565904   21.82733162]
 [664.9549356  443.30016596 154.56854005 188.09511972]
 [446.31408725  62.28229625 234.89056626 787.64416067]
 [334.21152465 313.7654781  230.06260597 614.79060194]
 [296.97883122 651.55183063 699.40360233 601.68426604]
 [798.85201144 410.85823668 133.75193976 675.26085662]
 [728.65040588 486.6442619  675.40154822 401.54408112]
 [710.22586591 471.61505909 273.43320226 109.15554227]
 [113.62192166  69.71485971 240.55533694 438.02272726]
 [420.0119194  205.82327181  34.27599594 210.17366083]]","[0.50209252 0.84112738 0.8352565  0.77895258 0.91612286 0.20284775
 0.70103779 0.04046716 0.07259982 0.72265995]",627,2025-03-03T23:25:01.690314
30,0.899102839842112,"[[290.72732603 408.72113929 605.64274845 301.85958322]
 [453.30863847 704.49204122 191.92074668 187.37911389]
 [330.13892202 202.71395571 409.48510813 192.43771512]
 [585.61784539  44.23610327 661.13180666 129.96958328]
 [743.10398425  10.58868267 795.50590603 455.29375217]
 [606.92232123  28.58428804 136.68512688 268.49410254]
 [539.29569843 155.80108838  94.60886804  11.28499601]
 [667.77736125 127.3144519  363.85241589  91.85431063]
 [565.99206232 430.20422218   6.55860868 424.63123864]
 [410.27410953 748.37670852 660.4245918   58.91670195]]","[0.93588902 0.95806361 0.17752976 0.05633327 0.05033524 0.14771197
 0.27284769 0.45109105 0.25903797 0.33119031]",628,2025-03-03T23:25:01.697707
21,0.8826961841489429,"[[493.04717466 265.09540929 345.70190611 614.85212074]
 [488.39941315  89.34364164 584.19044279 563.93421792]
 [644.79924746  81.21750346 483.06947766 420.29984491]
 [626.90133846 412.11422309 130.59977415 585.03973219]
 [487.53432994  76.15461405 703.183012   115.34216502]
 [665.88759251 488.4268388  241.12111444 465.71332004]
 [680.49877866 135.90846336 137.43715049 440.90472099]
 [ 18.51517354 610.76617711 345.46912425 134.98222125]
 [ 47.96253434 397.90083967 531.09915778 667.09297916]
 [152.64570109  33.06925308  81.05846501 643.70745362]]","[0.95253059 0.72709364 0.15682126 0.28395419 0.68375805 0.99284458
 0.84222783 0.21929474 0.62368882 0.49012834]",629,2025-03-03T23:25:01.704758
48,0.9414195387799659,"[[475.75602346  51.72332787 317.21829874 487.74218362]
 [454.37568045 675.61725809 163.50891346 724.86686466]
 [442.89357278 695.4742829  271.49192736 563.73775417]
 [517.54833925 301.28351051  24.57733423 513.31042326]
 [260.02892808 367.3039726   93.98165671 467.87775538]
 [597.22321548 177.9373398  137.41733815 236.07571458]
 [434.05655462 778.56914844 498.74603208 686.73843857]
 [732.42101249 309.91113185 315.56910313 689.24297862]
 [415.23746017 275.67543074 326.76786004 776.3825391 ]
 [497.14508508 469.42459537 540.4146664  763.09010502]]","[0.2707901  0.62399693 0.83913763 0.18943358 0.00844392 0.89758711
 0.59256268 0.84186749 0.52145119 0.37611354]",630,2025-03-03T23:25:01.712301
11,0.8440844004164659,"[[583.77141694 649.97425196 159.61972539 329.93045326]
 [245.94148693 387.47062352 625.40454429 235.81506894]
 [622.25782095 649.2177918  305.65173074 259.07721453]
 [439.62768065 566.3497991   36.03541982 568.24569193]
 [557.56410048 645.87904696 730.72865017 442.81903924]
 [602.03400463 695.98479052 223.58915409 322.22615411]
 [497.66852731 376.17534353 497.49260718 146.23796953]
 [621.69816014 177.40988976 283.21926299 616.93360938]
 [520.29560774 273.13593632 363.83499245 534.31157683]
 [611.00799904 335.15694647  38.49913049 398.82319047]]","[0.67969697 0.88225238 0.81071882 0.25698597 0.55739012 0.83849948
 0.19123772 0.09560178 0.25746303 0.13696683]",631,2025-03-03T23:25:01.719602
41,0.8620681607879419,"[[427.62850932 251.03712122 504.36824162 503.19726542]
 [561.88649635 391.43372845   5.26708541 495.77268067]
 [771.05854372 224.71189182 239.70311451 555.39295915]
 [226.5863006  305.79372682 767.1347911  641.26150254]
 [312.68038018 675.40804168 461.84196691 642.4935375 ]
 [749.0527483  715.4749438  311.54634237 472.03666482]
 [547.34752798 356.48940624 653.13348402 590.9581076 ]
 [366.17582679 578.70275882 188.82900287 440.42173157]
 [427.76348547 609.5662954  321.57988717 572.72658379]
 [497.77323884  79.59112167 536.98389558 574.32073307]]","[0.39170617 0.90625699 0.46865376 0.84831898 0.1054339  0.5272907
 0.1381429  0.73708298 0.05339474 0.74980365]",632,2025-03-03T23:25:01.726348
20,0.810620574759028,"[[589.51374456 705.9278767  767.5418438   33.61980583]
 [654.86565194 537.26097471 321.84921543 375.83436795]
 [639.29726876 713.02576551 165.70645196 324.80854933]
 [506.1875269  347.87799841  76.00970777 392.68307035]
 [703.22009102 309.31558174 199.51757336 684.20713532]
 [571.02405008 523.5206676  229.10727327  76.9420555 ]
 [391.94157258 102.58688187 227.29476911 768.58578001]
 [ 69.64093329 787.08649359 476.65187833 150.24197475]
 [511.44378201 450.02669611 320.03445479 703.92761011]
 [ 91.20911891 272.35437048 102.60798516 679.89339593]]","[0.35559046 0.99891577 0.64877402 0.94755638 0.78321622 0.01783238
 0.03807128 0.77167827 0.22250325 0.4227261 ]",633,2025-03-03T23:25:01.733079
45,0.8991065297543893,"[[270.06246133 215.67122724 468.64401559 538.41879104]
 [350.4294473  156.35595478 162.47547094 152.647094  ]
 [458.76171969 547.9747082  497.35300571  33.45406574]
 [677.93926612 306.42090028 128.21601336 596.24910771]
 [263.54126178 177.67607502 495.50542561 662.32031005]
 [537.7157362  536.10510394 302.59497307  97.03854587]
 [204.05315689  27.88575171 622.41258947 712.66193653]
 [487.30337019 718.63405532 658.59018035 186.20625671]
 [720.10591624 190.13994609 611.64126013 104.12217048]
 [678.58373117 446.651498   122.55140549 618.31409946]]","[0.14736602 0.25786566 0.06213303 0.43449986 0.46672691 0.94453012
 0.56239564 0.7985884  0.17805998 0.65332846]",634,2025-03-03T23:25:01.741074
31,0.9238776541257819,"[[242.57910449 284.83289066  62.17335283 253.04850535]
 [701.22285149 639.98643632 185.56048059 621.63599717]
 [356.56470519 161.35073405 585.03420094 583.92918105]
 [395.41285141  59.03622117 246.11797922 203.77929976]
 [722.1019304  446.6901396  292.80754707 201.2818472 ]
 [200.6250205  521.1371498  155.03777399 448.62381697]
 [239.78036519 442.33009161 415.00915565 259.14412086]
 [ 19.74129904  27.25296507 728.03077115 606.5420355 ]
 [ 69.10386481   1.18028508 553.0011581  740.0880596 ]
 [427.21225701 508.24686166  71.49332389 651.39825325]]","[0.93061689 0.79528066 0.86948446 0.9250192  0.08528326 0.17026638
 0.9751377  0.25814713 0.84396122 0.66789266]",635,2025-03-03T23:25:01.749081
13,0.9446823001620093,"[[692.11038614 636.94957593 177.0834943  358.12919475]
 [160.5334252  553.40415305 245.83683635  40.04548571]
 [625.04146702 323.15431268 322.61992452 543.6394648 ]
 [420.04889724 590.58931951 687.26237374  96.68358549]
 [299.74665148 756.55290125 735.23920986  68.9463277 ]
 [745.99058533   4.10848668 341.83406465 627.29264805]
 [387.42763712 795.20727601 777.36023915 351.54133498]
 [131.71213403 690.30689768 614.10943788  90.1254646 ]
 [ 24.62992748 119.75321897 447.77772681 723.73198855]
 [299.45503194 482.1673685  300.28303262 638.85330483]]","[0.5620835  0.06505669 0.53558498 0.31031058 0.23612331 0.85052542
 0.58154174 0.91053767 0.67249167 0.76319422]",636,2025-03-03T23:25:01.757070
35,0.8896496850325957,"[[393.07563992 710.67302094  84.68480717  59.10882057]
 [539.67236732 654.73325141 734.05777869 693.78201948]
 [465.05523888 307.3056863   92.5803629  658.14106597]
 [539.75899222 648.54892775 334.28720619 180.38595695]
 [115.70103396  46.96979242 683.47602908 423.22820106]
 [578.28371794 107.64882457 342.14643228 795.53961942]
 [ 44.64392456 225.05915411 587.63734813 318.55257583]
 [456.95612376 429.03219019 692.08282039 300.58741118]
 [293.32227147 395.83242267 140.7715069  418.92902523]
 [  9.16324323 324.48267605 581.72731978 272.59038912]]","[0.07409704 0.3675251  0.26212496 0.93517115 0.84841791 0.82554864
 0.16507388 0.26928921 0.84366931 0.3476369 ]",637,2025-03-03T23:25:01.765881
13,0.8892153292184207,"[[402.1369729  169.9983425  769.74762268 142.62694748]
 [427.56780701 567.87194565 588.6011229  386.50983373]
 [676.58886715 101.02452572  28.79176513 667.64958701]
 [370.57267895  87.65536763  38.94793262 476.73237371]
 [696.41593894  98.81685544  34.89120986 218.6058952 ]
 [433.74684523 392.51486369 166.59641415  33.62415437]
 [ 84.83527045  63.00426468 749.64079108 230.68218991]
 [308.8256525  408.81843069  57.47163464 799.69719709]
 [769.03195802 207.45533948 613.8441311  170.58900329]
 [550.74302519 641.76076872 308.33194205 161.87596109]]","[0.98235117 0.06003294 0.78137713 0.72729724 0.46433334 0.77559797
 0.2536593  0.495773   0.59757627 0.55920916]",638,2025-03-03T23:25:01.773389
41,0.8238853765653862,"[[539.42490433   7.00298348 235.77170238  50.47438307]
 [407.27090559 298.17664731 346.18070346 130.27347544]
 [583.85229112 285.85092607 774.565179   188.84789552]
 [293.57952444 296.17908448 519.51901247 482.41923727]
 [655.50791355 509.97975432 281.9245075  279.74797654]
 [559.09928661 571.22731756 657.10722989 372.86417045]
 [346.75154954 532.11598464 400.4775794  161.22508086]
 [473.38767643 798.04808144 567.58311582 270.10326603]
 [292.65883437 482.5825655  538.08401929 469.29657413]
 [164.33384703 276.45096982 529.17912595 565.05644449]]","[0.92615929 0.41467903 0.703058   0.53607926 0.99646191 0.38897537
 0.84959638 0.78750673 0.92619536 0.36495659]",639,2025-03-03T23:25:01.777887
17,0.9311396476704918,"[[509.19232731 278.59091869 251.40860107 551.18081731]
 [440.24312781 597.15840393 167.32808677 515.39732029]
 [306.06049884  23.70496309  88.9239111  529.72602355]
 [659.54005674 337.10087385 289.01224276 381.8415059 ]
 [372.98128496 391.41846863 291.81352914 767.44833135]
 [243.54855637 561.32581962  94.64482877 424.54252665]
 [631.27283566 681.35523884 313.90664967 471.15141511]
 [393.1363049   62.12989671 678.37606716 209.461495  ]
 [692.23636587 237.99636679 445.49816306 443.33213671]
 [442.39921909 673.7032157  774.56013773 343.89344873]]","[0.33077111 0.63674886 0.63927525 0.59376312 0.63906408 0.41160125
 0.73164708 0.2097356  0.18768499 0.73742515]",640,2025-03-03T23:25:01.786058
44,0.8890904965690332,"[[435.77420327 541.40000484 136.80972668 672.72850825]
 [440.67096042 774.24542325 537.24877479 538.64478599]
 [ 84.65143869 749.81031087 414.97839636 256.2186332 ]
 [521.71959834 632.53108613  36.97388201 367.67373794]
 [560.53409838 206.09043404 751.43309825 301.5653739 ]
 [389.20472418  71.18905326 614.92549417 325.86450511]
 [682.23000413  42.01536482 742.82916044  58.14782091]
 [386.53184341 448.90661784 519.85624371 706.25419769]
 [669.96327577 424.96681462 332.16290904 708.19702038]
 [432.17245154 793.22466885 168.77465678 674.40126959]]","[0.71516965 0.93429295 0.14838827 0.86949019 0.1898178  0.58604733
 0.34237551 0.3198089  0.43433966 0.98491961]",641,2025-03-03T23:25:01.792484
20,0.8513433157991295,"[[  2.7344106  624.43699589 793.81131868 468.92366608]
 [744.55004034 743.08276048 353.12698172 645.331064  ]
 [469.80465024 200.72984456 468.62452928 300.29008183]
 [460.63857537 643.87577744 182.3424481  744.76346898]
 [297.79108445 553.92861525 491.90654969 210.12666192]
 [303.18552825 226.02614858 222.0381573  657.25545695]
 [209.58435518  75.71327582 664.45799255  14.91868219]
 [596.47297104 368.01659269 266.98284704 557.60993886]
 [793.43645892 377.17266086 441.79202783 256.40720496]
 [700.78823944 563.77433401  80.26090326 303.09354223]]","[0.27512165 0.64406704 0.83930644 0.17291627 0.14686556 0.58748065
 0.98653419 0.30957071 0.3453866  0.52395951]",642,2025-03-03T23:25:01.800222
17,0.8252088449773618,"[[265.98219139  33.45675575 615.17782724  94.9157011 ]
 [180.38407795 693.41151244 398.60324791 388.76608074]
 [561.79679711 354.6621495  528.49271837 213.08679334]
 [ 61.86376029 634.93944189 354.44029821 335.93713374]
 [615.23066107 577.58305435 259.31097444 315.59654136]
 [202.83104971  74.04155992 180.56371607 642.30451533]
 [601.43658777   1.0945178    9.15614127 461.80220649]
 [722.27091276 683.83199388 367.31250047 628.27955631]
 [453.75306394 352.08649282 368.13872419 463.43065675]
 [785.17592069 531.79588734 241.33119951 257.71361213]]","[0.56812815 0.20769608 0.31800138 0.52295329 0.46120784 0.47148519
 0.57910906 0.18957925 0.46666111 0.37750127]",643,2025-03-03T23:25:01.807739
50,0.9440975016863845,"[[512.93389225  23.20564087 374.26841433  35.79937625]
 [177.38346503 383.52857176 775.01956516 591.80879258]
 [623.8080179  297.31092412 270.82270052 544.14588765]
 [313.96587552 794.04900722 172.90047181 397.8961994 ]
 [393.43174297 285.08849891 235.72405868 519.22522174]
 [309.39470339 399.80594371 282.79040287 275.59213652]
 [376.84975744  53.79184302 406.39972537 740.17847347]
 [599.05546656 272.09112277 679.59327918 388.13275707]
 [560.30824679 157.92597102 176.2002386  407.75621861]
 [ 86.61510613 220.99403327 137.93346129 211.65264435]]","[0.71695662 0.80369298 0.70773714 0.21059657 0.81196669 0.43952415
 0.6735396  0.91336437 0.7769302  0.11642663]",644,2025-03-03T23:25:01.818532
22,0.9171851143470474,"[[508.98546349 314.91066812 665.77576304 358.78071102]
 [ 40.83252812 622.85917616 607.51031728  17.82909261]
 [584.43043959 647.71056316 674.03102986 746.03967017]
 [ 60.86354719 427.89231237 709.03990415 473.15424814]
 [154.92378545   4.87138538 335.0729144  724.8546608 ]
 [733.12205935  36.83287454 588.28148148  33.03755591]
 [ 39.70480493 498.84805862 336.38133675 786.95266198]
 [121.29003398 663.06053566 788.04256741  29.05439949]
 [599.69693676 721.91253012 501.4354793    1.48363614]
 [378.66915218 641.39073777 762.25459216  33.03315451]]","[0.09910272 0.32892427 0.20275234 0.18238111 0.79420465 0.92986563
 0.79715418 0.47600191 0.02765877 0.36020607]",645,2025-03-03T23:25:01.826368
50,0.9232041207198688,"[[451.20601664 702.53864584  84.89268045 496.74469796]
 [498.64060145 339.64459018 627.53197816 112.14214572]
 [617.42436014 638.49902583 314.74496666 723.07545115]
 [433.33162616  22.95984582  96.98732482 387.67535719]
 [ 37.67484885  11.27442281 383.21920844 231.2661481 ]
 [628.790313   296.02148075 705.40528736 189.43299219]
 [266.99271537 162.61522702 248.02703157 280.25826   ]
 [269.99472832  69.156972   240.70109074 519.01095576]
 [708.2984564   92.38772924 743.94491253  91.82045796]
 [331.83975548 140.0619089  702.4025177  552.10097903]]","[0.6896908  0.84658286 0.79098543 0.78163314 0.35846399 0.63336629
 0.12977658 0.70862768 0.13245939 0.68503496]",646,2025-03-03T23:25:01.835329
38,0.946366899548376,"[[ 98.68092011 196.9648612  205.7568924  102.34899614]
 [264.78523528 553.03414316 573.30473531 475.2275645 ]
 [184.14799489 395.42669637 588.21288464 764.65189353]
 [781.62242213 624.41910594 751.68107665 298.85366053]
 [507.85928646  40.26880466 372.50142254 122.8664187 ]
 [618.24042385   1.95794379  61.54103505 708.1667609 ]
 [539.54283941  33.72875201 797.88923757 655.61515315]
 [100.48787599  97.64670163 573.12027488   7.65277334]
 [707.90947503 701.64379296  18.13846815 160.53292572]
 [454.89518087 768.42218226 417.86292254 546.90188593]]","[0.42975112 0.85679556 0.94879915 0.7901149  0.50281134 0.8791442
 0.23206167 0.70167092 0.24777006 0.42824529]",647,2025-03-03T23:25:01.842911
46,0.9490272093780795,"[[157.72577124 624.89902795 501.0710182  104.97179716]
 [176.37681477 321.99698697 719.63683827 795.32623748]
 [205.55570958 513.96455962 395.87767415 512.15065849]
 [563.4715564  321.91569853 511.53630705 330.70559961]
 [356.72250187 592.37498747 727.75587655 261.22713081]
 [567.61758224 556.52058196 652.97815222 297.26548619]
 [458.62814864 175.993517   331.72361319 588.42937607]
 [724.86650663 576.95134038 401.29970068 271.42404293]
 [ 73.00865811 383.9568627  147.09767049 149.65721127]
 [192.04044996 462.13512385 260.49526718 584.54786305]]","[0.52908452 0.10830132 0.4444531  0.63337672 0.20804291 0.68442067
 0.83652559 0.31679715 0.64975712 0.26785182]",648,2025-03-03T23:25:01.852691
38,0.904833121198611,"[[549.33410499  62.07454881 542.26576021 181.15550094]
 [389.68283521  87.04566485 408.78433658 211.45331068]
 [229.00716977 329.99880155 588.22518157 799.10802797]
 [362.73994034 539.34719617 507.32534314 718.34279836]
 [465.07610674 150.3286208  681.53761468 400.00846638]
 [460.53035356 158.8344151  234.24402179 268.82764553]
 [186.48098756   2.03975387 364.74529015 224.42941579]
 [681.63731424 247.80199202 524.41229742 657.98546939]
 [657.17833063 539.66274474 641.07700133 587.39017514]
 [ 91.42883244 792.44946737 248.06733242 510.15719178]]","[0.51896408 0.64814862 0.50069405 0.46846398 0.44281615 0.30000106
 0.32637972 0.04198665 0.49778332 0.35982427]",649,2025-03-03T23:25:01.864168
37,0.857368284499228,"[[442.70558792 240.48756106 798.04889182 335.96911352]
 [660.43355943 128.95677091 145.83645317 290.44905507]
 [512.76490731 251.77540394 595.41516855 118.79223325]
 [738.81666093 635.26909553  20.43800308 539.35328795]
 [101.51466358 607.8859583   96.2821061  592.70484638]
 [403.70753781 770.75638472 521.70778288 384.65129266]
 [211.57308921 797.16132115   3.73883701 704.41692138]
 [ 69.52852537 749.59184888 584.16032772 453.16160248]
 [576.37588112  57.35426833 663.00229195 559.04431238]
 [246.76341117  88.40690623 673.50333994  61.92839871]]","[0.65677622 0.66079413 0.5067825  0.22510742 0.1185907  0.89615665
 0.47810447 0.64763471 0.63246849 0.88350532]",650,2025-03-03T23:25:01.872169
22,0.8888522316261581,"[[450.95712758 394.50660415 613.6971026   61.00562923]
 [201.65753039 501.12000782 233.89791191 395.02451251]
 [  7.47288861 177.85974179 311.48039125  45.1928176 ]
 [ 92.81675256  49.29553554 700.49606939 502.75976492]
 [487.90386735 329.84714791 576.8259685  300.8980938 ]
 [363.94057583  74.80628964 552.0085165   22.81725564]
 [399.5711862  790.50835141 526.47151555 462.54808729]
 [756.06810225  76.94821075 150.75881547 640.49777623]
 [265.98604437 480.36312117 616.37457321  62.8161257 ]
 [694.18478674 752.24107053 759.27119171 677.29033552]]","[0.73520456 0.85100044 0.15983826 0.65273851 0.37242733 0.57545342
 0.03592131 0.97018719 0.29444664 0.06126749]",651,2025-03-03T23:25:01.882974
23,0.9040553304579642,"[[355.14538134 684.87161664 632.4142918  104.14002456]
 [197.19201111 662.56904223 695.99390846 513.11804696]
 [ 45.3775251   12.81465731 779.16291504 258.82228012]
 [291.38576986   5.21059092  18.35723267  40.07321684]
 [601.52176531 389.73991506 243.87364884 742.42310157]
 [680.94052854  33.81102147 247.89578013 667.27099874]
 [668.00395979 726.28984359 300.14793246 750.61546973]
 [775.35896031  19.31616251 635.10294734 321.81431017]
 [673.62967092 139.7546218  793.62953389 176.00934843]
 [352.08449707 391.13332403 198.87530368 537.11241078]]","[0.25764472 0.36146358 0.80371244 0.60983362 0.40444263 0.22372725
 0.35407822 0.05252289 0.46761941 0.5787191 ]",652,2025-03-03T23:25:01.892403
34,0.8412225931959258,"[[  5.95530955 660.87208647 780.81948586 604.24009303]
 [509.29456051 421.41153796 529.51644814 242.10029661]
 [575.82104189  43.07290385  46.03314842 653.79535599]
 [578.86326169 529.93230336 569.83628494 790.9550899 ]
 [642.19108669 114.14801212 450.71585257 364.44694323]
 [293.0611001  504.14375138 730.90292783 571.52882701]
 [623.85221758 617.36024645 584.93595081 732.05675411]
 [  0.89609471 390.84477225 305.69062871 367.98061678]
 [481.34679121 758.68889322 558.3308136  144.0047335 ]
 [454.02346771 334.58802939 310.51798864 232.69685165]]","[0.69247425 0.58155904 0.92272068 0.2883394  0.84109379 0.71700604
 0.38232361 0.86302796 0.60894001 0.6904263 ]",653,2025-03-03T23:25:01.901657
42,0.9316955223745911,"[[230.78033994 753.68124588 653.60621999 623.18336822]
 [360.2213272  395.57522592 659.74138488 722.48432375]
 [469.09056012 148.66071983 422.51398428 274.61499769]
 [624.70344131 325.64754679   9.74054382 516.95858338]
 [776.43730628 163.75801025 234.99113676  33.98355356]
 [709.09770335 102.09103666 318.87423965 775.29579533]
 [203.23513609 218.51661274 797.97453039 161.51361033]
 [371.8438944  216.16840879 267.40379048  91.01938998]
 [139.57948948 320.17936402 780.10100652 298.83627915]
 [ 23.27744547 468.90138578 639.09373408 359.74110351]]","[0.30991565 0.05118818 0.32139285 0.24071001 0.90395795 0.19325463
 0.82691148 0.85875914 0.422221   0.78136139]",654,2025-03-03T23:25:01.909137
41,0.947352243156772,"[[192.18355177 407.45807763  63.20183219 159.22369584]
 [650.31823399 473.18311099 659.73390881 771.7845314 ]
 [233.98295116 248.59236358 632.33688972 110.29645194]
 [363.21132086 681.47538774 268.14531239 615.66184673]
 [109.80394588 175.66430601 483.62524066 103.53619124]
 [238.67447214 291.76878887 197.1889802  244.24760111]
 [  7.87872033 317.23671504 517.33272634 256.88261032]
 [ 67.66536954 684.83223347 408.02112118 534.01437484]
 [590.49902119 714.29452481 683.29267737 672.05977038]
 [626.32100346 385.58456972 687.67907244 258.33313805]]","[0.75893158 0.23823484 0.16028346 0.33423388 0.71945824 0.59579292
 0.7494858  0.55490896 0.8057396  0.11913939]",655,2025-03-03T23:25:01.919296
31,0.9079561151502914,"[[321.19825347 327.3896962  340.46898331 105.07662782]
 [608.72630617  78.64551053 242.35431624 123.95155567]
 [181.60280455 361.00060524 468.27944605 268.6181529 ]
 [128.97762279 325.44310796 502.77091431 287.96380021]
 [350.17349002 440.73095349 211.54892501 525.4865731 ]
 [479.94804253 634.80910531 347.6372516  437.22100311]
 [647.92716255 344.04076116 432.0458334   51.80998523]
 [781.90347218 398.95266466 283.03589136 713.67858899]
 [470.47443703 335.09258876 628.43619271 746.68155438]
 [372.3891766  398.45152197  54.42543469 311.26686509]]","[0.5532132  0.12316759 0.32558298 0.5826091  0.60406982 0.40972022
 0.46407088 0.88100193 0.93007337 0.37157221]",656,2025-03-03T23:25:01.930695
33,0.8330603231915238,"[[  8.0094654  776.17517041 137.62808614 279.14188416]
 [545.18136484 142.37816552  66.76497938 204.25178784]
 [ 19.49900168 405.1974334   45.51429984 673.38916704]
 [496.29094017 552.58772685 267.88430939 468.03256866]
 [418.14322843 506.5171405  476.7669356  351.26554732]
 [429.73067136 196.37712634 706.22566104 664.48051103]
 [560.5176572  365.22759146 253.00356527 151.63033748]
 [310.45747841  97.87963854 675.11831718 280.83363151]
 [753.80079307 339.77253985 664.4171829  204.12702638]
 [493.54308314 283.69065109  59.58175158 127.11511924]]","[0.99211533 0.48860627 0.22141259 0.68581435 0.74018715 0.58509793
 0.04204082 0.05342436 0.14484752 0.16193613]",657,2025-03-03T23:25:01.940198
11,0.9471772778158553,"[[332.04454988 173.39880196 705.12821444 645.25987153]
 [156.51839718 754.93895858 670.96504682  29.25833286]
 [654.80646469 631.11387721 534.2955188  584.53998287]
 [392.18445834 745.16453573 554.01125535 668.7585091 ]
 [354.15640216 190.58181484 446.12065242 353.54105296]
 [599.38519923 243.46276531 190.93135736 575.01806569]
 [518.80027171 424.99332659 498.05324372 605.862739  ]
 [244.22090308 366.8102827  315.49345063 368.48879626]
 [ 60.21114686 121.19512866 387.43690578 262.82841177]
 [196.39541316 206.23164205 415.61668908 309.47106395]]","[0.49267476 0.08208827 0.55256521 0.29686983 0.82080271 0.35414261
 0.47814777 0.73805015 0.59834648 0.37962647]",658,2025-03-03T23:25:01.949625
33,0.922448073402069,"[[774.63797277 274.27326019  35.14331338 414.51562669]
 [ 61.58126856 326.47115316 253.56458983 612.61201555]
 [517.06299574 592.43727523 688.98439743 459.84439642]
 [767.66357714 703.9108905  385.40811847 758.05673577]
 [602.65562388 563.08377279 421.72581554 101.1513683 ]
 [599.36150047 395.78362364 237.37165914  79.82333161]
 [113.47697531  97.09552327 310.17380423 381.13073195]
 [227.08997558 327.54801152 389.62086399 494.07963074]
 [330.1984895  744.02323801 238.88732344 245.38941692]
 [681.44308779 182.45004483 286.54729234 197.61840149]]","[0.64708363 0.11182612 0.97184049 0.91208022 0.52396447 0.17003512
 0.34106807 0.46732551 0.74456898 0.80274344]",659,2025-03-03T23:25:01.956623
26,0.8942286246445064,"[[357.3962759  678.6946848  783.18401968 273.813145  ]
 [594.94352602   9.25734096 765.2994911  632.53661833]
 [205.25058553 683.51934467 694.09628011 634.51359155]
 [ 79.33413987 112.89172844 182.98862008 317.63496762]
 [253.64794591 133.19578322 567.04587427 533.8034795 ]
 [408.2564659  655.5397688  705.63281084 450.36503803]
 [443.05078572 654.86198505 794.97794902  67.08020464]
 [521.20202157 137.17968893  42.81288077 357.99474438]
 [685.82942962 541.23578462 277.40203224 734.12472812]
 [531.30607039 217.21811381 114.23587617 677.2863795 ]]","[0.60428894 0.98148802 0.75280376 0.53489823 0.15529282 0.01461612
 0.00322811 0.53394247 0.67221468 0.71821974]",660,2025-03-03T23:25:01.962355
43,0.8841647118053622,"[[593.74313534 467.8275839  455.33894674 765.55122938]
 [251.81419348 147.25182518  60.96504527 343.08594846]
 [566.39966695 227.74061248 480.0746018  240.47721289]
 [388.40037628 264.16946019 501.1679952  577.08534204]
 [657.84456872 451.15273258 696.02389881 477.11709628]
 [557.11630647 478.77528814  25.82729302 525.07604942]
 [665.72720605 444.14478179 448.19928974 795.22615395]
 [716.2743196  304.6612125  417.25077202 567.23978017]
 [ 51.56809771 227.20629858 424.79691604 504.3032179 ]
 [ 96.92576217 689.21716669 449.84647374 122.76071468]]","[0.839104   0.4985793  0.86405642 0.43628031 0.11516382 0.66103582
 0.50888191 0.94831791 0.76328023 0.7700865 ]",661,2025-03-03T23:25:01.969846
31,0.8508475499419622,"[[500.84194158 543.37671108 688.81134916 717.60273764]
 [738.93011536 312.81384089 225.96231773 249.2371288 ]
 [ 72.13632556 510.47961643 160.00035338 174.94013091]
 [247.63861263 778.1512469  632.61722799 330.51657363]
 [402.1360061  163.48148906 603.94624626 564.03993969]
 [542.14763025 607.01646152 418.55344258 292.20540461]
 [111.24946032 763.44030933 625.89002923 656.23602421]
 [342.84135522 341.02586665 524.73843478 118.14304049]
 [715.09797507 786.26687161 614.37235617 392.34897775]
 [674.78051455 296.68023111 791.62462324  70.56003169]]","[0.95364237 0.16194826 0.87840215 0.44566103 0.14244712 0.58059171
 0.70451462 0.39775595 0.73372422 0.43903444]",662,2025-03-03T23:25:01.975789
43,0.8978324112317763,"[[385.92218695 715.70431417 433.50050706 278.44529831]
 [470.09482487 301.58933267 225.27180995 721.00916655]
 [237.20894416 434.30381509 760.97698443 568.0498294 ]
 [744.65955587 724.15590386 776.40990628 253.37818429]
 [451.86815789 191.99942407 477.51397456 463.19561897]
 [794.98403833 150.20763726 740.09255739 659.72933257]
 [575.47881002   4.63333208  85.47082585 353.6051506 ]
 [212.85185897 130.78395462 547.01279859 547.42133139]
 [136.87575884 483.71162057 333.13929663 263.14447515]
 [  3.19962687 195.45674489 107.70928563   5.27029571]]","[0.30976161 0.34681765 0.78417931 0.17431108 0.43903185 0.91209617
 0.26406582 0.2609123  0.96635729 0.36681915]",663,2025-03-03T23:25:01.982162
42,0.838744046937461,"[[580.87949772 625.30476283 657.03765738 446.23473104]
 [540.93003601  12.38247826 733.03302534 689.96994398]
 [200.45534795  60.40588291 175.07615612 446.15018563]
 [690.65919418 204.80034289 761.23206099 419.78285386]
 [447.45945059 607.47743561 765.06843028   1.86339797]
 [211.7085756  472.65862648 490.01510333 266.94746382]
 [565.24281161 590.91536397 192.06823748 271.10680661]
 [ 68.31663152 226.8915212  641.29465124 271.07841909]
 [343.51151127 270.70195077  65.45883322 730.46571221]
 [604.48424163 764.94307663 773.27868625  46.94739767]]","[0.38375196 0.49571601 0.43214003 0.34139941 0.34697511 0.91847038
 0.89461575 0.43002001 0.58005394 0.02532235]",664,2025-03-03T23:25:01.988820
46,0.9495816768422544,"[[382.02858685 671.09597297 276.14676312 660.80486271]
 [297.62743932 550.00258794 794.08270676 397.81452587]
 [215.1949662  630.26140147 759.20643828 717.20318048]
 [157.16560898 663.91353866 645.97801025  64.1751764 ]
 [756.30928395 564.30120716 393.71922452 274.15706735]
 [740.3261201  577.35125048 629.72938892  35.95529454]
 [362.89345267 457.41846506 580.23069511 327.7662101 ]
 [425.16704275 538.14686673 619.44718403 439.71434624]
 [ 51.97960958 237.45802786  54.23145333 476.39663902]
 [670.45140303 110.75703444 715.87654673 705.33668073]]","[0.15682249 0.60812918 0.9867446  0.9168678  0.26586539 0.11299542
 0.13001457 0.81945094 0.6199544  0.860696  ]",665,2025-03-03T23:25:01.995166
23,0.9395790892900392,"[[783.53560898 606.66308258 651.6639784  424.38352649]
 [359.24322099 479.02910004  59.41985243 257.25532221]
 [454.63514341 430.67814984 213.89027519 425.57581544]
 [ 62.1471784   61.72327046 258.86021981 723.78808281]
 [216.50048977 505.99929274 316.0470174  525.15856871]
 [550.89046663 238.15518764 429.8097253  642.40361983]
 [363.98850599 752.86984602 796.30926947 365.43425992]
 [634.73029221 614.68403646 774.91719483 218.90750639]
 [731.96496802 629.32120506 707.28969343 317.8255031 ]
 [184.25739285 727.49266089 340.13821202  65.85907623]]","[0.66239081 0.86163019 0.37033149 0.63025217 0.78686635 0.69130412
 0.25833653 0.6049155  0.95160249 0.73163934]",666,2025-03-03T23:25:02.001401
24,0.8998996507649389,"[[152.76338392 295.94755565 694.09980224 462.07381238]
 [354.11338227 488.68318423 418.44029028 497.06047251]
 [597.08354191 568.95739845 455.18066547 460.86244054]
 [609.3832745  203.19230614 346.84673651 339.39411507]
 [406.77423459 645.89666827  93.13216199 178.57692905]
 [ 94.215777    65.75373271 634.2709262  299.52465061]
 [584.16138076 373.19311739 671.81108872  51.6989924 ]
 [ 81.51927271 175.21537503 415.87789955 507.20534001]
 [ 40.97039256 501.67773874  47.91523835 365.27643072]
 [300.96187744 410.99829667 419.60070741 257.88455464]]","[0.94647629 0.50451681 0.90532568 0.64305889 0.29866236 0.56050994
 0.87411898 0.94276058 0.20084449 0.92633118]",667,2025-03-03T23:25:02.007963
33,0.8556638576423409,"[[232.08158758 401.1278434  243.54086622 355.53643799]
 [701.81776765 368.53628544 744.28049576 317.01639025]
 [333.3918482  182.56906998 560.21576005 329.16735156]
 [197.75288295 502.4771954  101.22983117 771.92566752]
 [174.7910712  405.15685383 638.69410446 563.87510184]
 [205.56338908 360.62421174 390.97898489 168.79807205]
 [258.79639414 308.8911793   12.91690332 756.24465156]
 [  7.82720463 531.49994474 380.30359941 655.35286928]
 [427.3070781  508.9916699  150.23089205 596.66893955]
 [713.7604104  390.8234715  465.17188113  86.17111843]]","[0.84893356 0.20840887 0.63626465 0.86338403 0.43633076 0.21500551
 0.10996561 0.58716242 0.52147774 0.65180987]",668,2025-03-03T23:25:02.015618
23,0.9324843810537222,"[[5.20011979e+02 6.55630894e+01 7.37571462e+02 1.18892532e+01]
 [2.36857708e+02 3.19036420e+02 1.77095024e+00 6.19718749e+02]
 [2.12663819e+02 5.92542689e+02 2.18114716e+02 2.82515321e+01]
 [5.35201354e+02 5.54453648e+02 3.06044840e+02 4.75190759e+02]
 [3.19449769e+02 7.86039988e+02 1.65276415e+02 7.75721373e+02]
 [5.87968314e+02 7.83258011e+02 7.36351914e+01 5.30854776e+02]
 [5.41948255e+02 7.45195880e+02 1.24842633e+02 1.96623329e-01]
 [1.51079427e+01 1.62294917e+02 7.59740472e+02 5.90467277e+02]
 [3.66874555e+01 5.93190340e+02 3.79017821e+02 5.44634271e+02]
 [1.91604902e+02 3.46922060e+02 1.59523974e+02 4.49148052e+02]]","[0.40536215 0.75209312 0.17986422 0.64697881 0.46048648 0.98593163
 0.5090998  0.97249947 0.96212142 0.17485089]",669,2025-03-03T23:25:02.021065
41,0.8932571984010662,"[[4.64167985e+02 4.46660677e+02 3.46635032e+02 2.65114342e+02]
 [6.79654289e+01 6.41676804e+02 1.90299546e+02 3.67483431e+02]
 [5.40232950e+02 6.74609839e+02 7.10583879e+02 2.37601051e+02]
 [1.26182358e+02 1.27378381e+02 3.90541132e+02 2.53106891e+01]
 [3.00158537e+02 6.49055218e+02 7.22570108e+02 1.30703534e+02]
 [3.74651959e+02 7.47317844e+02 6.76446853e+02 2.56547905e+02]
 [1.94691335e+02 1.27816601e+02 1.57191401e+02 4.17399429e+02]
 [5.58199263e+02 4.19574643e+02 7.90506099e+02 4.31414038e+02]
 [3.35980389e+02 6.82522975e+02 7.24292538e+02 2.03267577e+02]
 [5.20694695e+02 3.46323886e+01 7.68674319e+02 2.57790955e-01]]","[0.94767337 0.08397827 0.3089643  0.82702617 0.7285144  0.06480516
 0.4585348  0.00621093 0.43773851 0.91228322]",670,2025-03-03T23:25:02.026979
37,0.9099621844470589,"[[260.18384801 457.37244707 603.12271038   6.51586348]
 [454.48639157 294.00607493 627.69940691 775.30290062]
 [793.9958555  256.96500078 240.71395266  37.24980958]
 [161.80356295 277.0560304  616.61180858 124.39476674]
 [335.97488445 645.19208993 423.86008657  64.49768226]
 [109.15097053 264.15883673 307.85815943 689.5891671 ]
 [715.77717036 606.61365783 757.72299288 227.99210383]
 [199.8014336  211.72819396 322.86639061 118.44277992]
 [354.32128944   6.77485885 666.67148854 607.6296488 ]
 [558.32725065 324.53576989 228.49696889 787.74182045]]","[0.76929127 0.46689773 0.66083682 0.74707161 0.30019006 0.73995642
 0.76392998 0.73418126 0.24657884 0.32215289]",671,2025-03-03T23:25:02.033139
33,0.8341569997173872,"[[637.69438187 481.68399051 504.89100111 485.43037748]
 [116.47543079 401.07536549 619.3860061  722.58671911]
 [ 26.08819499 638.50200776 719.79909985 157.42923792]
 [367.53286496 648.94334608  93.58443926 759.18030398]
 [650.30030622 543.98170031 237.17578555 140.06103464]
 [163.73033519 185.55779667 740.82936258 205.19726737]
 [ 93.52459149  90.29553162 785.21083644 304.39719929]
 [296.5822303  602.05571631 689.41323366  72.10493711]
 [154.71011959 676.27163896 613.88585463  23.75964253]
 [142.8021376  623.32045226 181.77293509 170.13261384]]","[0.81115156 0.08473905 0.04514078 0.97509164 0.80464558 0.35726474
 0.42683678 0.0011427  0.88336828 0.26606837]",672,2025-03-03T23:25:02.040358
24,0.8439169460706477,"[[650.86204259 581.07082675 281.99063045 546.0459118 ]
 [590.50158269 634.21756086 609.26751372 777.63036   ]
 [746.33008909  79.01476489 588.5492815  213.72354277]
 [569.74004772 637.7186578  728.60217176  38.41744525]
 [768.49163357 784.90451393  19.88100019 705.09701633]
 [728.98545612  14.71644994 285.98099382  81.17345409]
 [461.15236179 651.78284498 726.81850815  47.55129798]
 [592.5134522  260.45472531 319.46119704 141.63777715]
 [ 34.56756032 581.26279862 779.6872276  271.77136662]
 [229.25771003 705.42802079 654.04170639 194.98227367]]","[0.67700671 0.07103324 0.24091085 0.49211386 0.2615819  0.92672928
 0.73161073 0.05181038 0.83492141 0.23065391]",673,2025-03-03T23:25:02.047276
28,0.8764870806561426,"[[199.71008985 259.47385161 197.6944196  236.09624592]
 [774.64234111 184.85077578 627.58682715 576.1772695 ]
 [191.86428639 118.88711304  11.79754525 606.95245371]
 [ 47.20926275  25.76902514 587.03648873 773.23457199]
 [ 28.5553098  413.68397563 356.0562736  143.12243033]
 [521.35020884 547.18983354 757.75464649 716.49964097]
 [223.31578303 264.22326823 535.00848803 639.922282  ]
 [541.29077531 346.50783184 387.65651714 550.33597031]
 [330.54314727 656.68303046 782.27850766 236.18393986]
 [771.35049354 283.05592873 370.75106978 378.66494108]]","[0.20365557 0.91297925 0.42354572 0.46978551 0.34806452 0.02421904
 0.56515122 0.30535154 0.07489284 0.72314444]",674,2025-03-03T23:25:02.052784
36,0.8635689755875744,"[[599.65439476 628.78219345 285.91361897 393.46228276]
 [136.61433247 495.59712714 224.16481459 268.46854217]
 [ 44.12040116 367.94279104 495.77359493 231.69355867]
 [ 98.37847245 691.23164382 705.82146579 752.14469974]
 [756.42437861 299.20992379 771.72005529 181.37012013]
 [444.74431816 382.58506236 559.13438827  68.71611701]
 [510.73902786 185.02480223  25.11963436 470.41855537]
 [757.11326655 351.48884537 566.20949223  70.34812265]
 [605.60959272 430.13192373 726.58029312  74.11668574]
 [ 32.65891925 218.4175437  364.74529946 218.11392309]]","[0.37490258 0.53530488 0.89615527 0.72460441 0.62409796 0.18923436
 0.86568546 0.1518009  0.17172037 0.60086661]",675,2025-03-03T23:25:02.059416
28,0.8229186629460568,"[[451.63258046 576.86488684 524.28770234 375.98971983]
 [194.67621948 181.09546586 419.31768661 576.38818031]
 [353.14908807 381.94323443 195.7680625  398.04616127]
 [ 90.23781333 162.92334524 714.6974783  414.20152397]
 [ 28.92154403  48.63465061 668.1670731  321.73473689]
 [482.43463195 236.5184305   38.34849944 494.41918023]
 [236.59482243 316.88217021 761.7135355  366.99135279]
 [577.85120501 157.51436937 301.63360997 113.83849159]
 [373.719967   420.08415762 430.57534403  66.89841202]
 [473.44816566  63.05628234 276.48875159 271.36477524]]","[0.89428874 0.16372656 0.20788278 0.20310524 0.0995998  0.75974785
 0.24752547 0.55283118 0.86548534 0.0465106 ]",676,2025-03-03T23:25:02.065426
29,0.8612367783946678,"[[727.9591064   63.13899318 142.33347464 227.52968613]
 [555.25205056 386.26230528 316.57100052 779.58673952]
 [250.00834649 610.69871012 207.93887792  51.2552796 ]
 [674.94669738 700.71862585 535.50631566 354.79382759]
 [585.17572469 475.89917655 465.74060641 754.42950397]
 [700.377333   768.92836682 424.33371325 160.93765953]
 [ 92.12617883 795.30728457  38.37383489 231.47408094]
 [149.76678248 434.17188852 397.31516421 133.1566568 ]
 [235.5118388  608.39117817 140.30541829 417.07507883]
 [680.20798384 624.39052626 131.20688538 389.77384397]]","[0.54809372 0.93405686 0.61344725 0.84271486 0.53704553 0.99374023
 0.8356333  0.41529465 0.92431664 0.027367  ]",677,2025-03-03T23:25:02.071955
31,0.848743738979363,"[[ 42.2799239  133.36616908 286.57027029 559.4236808 ]
 [234.62089143 409.08165099  87.19328846 308.14702059]
 [422.45914752 519.10367222 604.31249958 657.6458019 ]
 [178.73076717 205.85211053 441.45782108 193.38857473]
 [783.17238613 538.53923323 132.30231801 599.18265774]
 [163.82500924 707.79300726 279.19497841 757.22076951]
 [169.04353487 149.23529742  10.512925   744.04839861]
 [322.04656059 734.9517042  374.09404145  41.30485248]
 [ 29.44611782 773.17828982 278.12521533 395.41157874]
 [  5.55322356 664.53453717  81.46759854 169.18774838]]","[0.61351148 0.97033883 0.10109657 0.15059964 0.06410153 0.90779639
 0.92308233 0.04144695 0.89641984 0.59902495]",678,2025-03-03T23:25:02.078084
27,0.9047111203105366,"[[243.83874947 349.32703913 705.49490293 200.99514279]
 [ 84.5605256  549.73056375 404.89049752 596.79564967]
 [ 41.30747262 537.81736788 407.41553531 515.49685513]
 [345.57072288 738.25171359 624.39162362 749.47020516]
 [ 56.83463562   4.06016519 283.21782984 356.50010485]
 [603.43087455 439.5005999  137.87640732  18.26764899]
 [258.40481781 228.84257303 766.9607797  201.74518363]
 [525.6885921  331.92630287 784.4852497  249.77108808]
 [226.19378352 731.04717396 584.71585808 100.12471885]
 [438.0496141  609.10019487 342.57235095 312.60184081]]","[0.75400305 0.11589556 0.73657119 0.54919478 0.72150092 0.61575747
 0.10215782 0.35903531 0.16538486 0.65953744]",679,2025-03-03T23:25:02.084171
16,0.8415703323329978,"[[415.58025013 205.97280935 264.35381566  28.93664555]
 [561.71842685 371.59509053 796.08876784 746.8288387 ]
 [200.71312123 785.56512524 638.82237648  17.54356003]
 [  2.63127481 111.95664409 423.54049645 202.05602428]
 [  6.93700556 413.75972264 469.88844859 322.41563223]
 [280.88260958 737.84564802 204.80254997  61.3616073 ]
 [704.54209447 297.58780474 747.80350889 495.03262404]
 [761.27757967 566.75619027 629.04408508 194.393087  ]
 [584.84762401 401.43311613 636.37913313 641.03554777]
 [241.90339151 787.48277163 338.46434318 114.56903382]]","[0.57982749 0.60469009 0.75336115 0.51018531 0.19076476 0.80561145
 0.25998204 0.79055652 0.34420542 0.29990535]",680,2025-03-03T23:25:02.090340
15,0.916019199818196,"[[746.89594647 541.77094485 512.31786    127.26986101]
 [494.72819329 547.27698645 642.20686777 506.24490226]
 [593.119454   205.12387988 748.50193711 589.84730743]
 [220.00744282 208.25280121 652.18185356 648.48453872]
 [713.64323346 515.03298491 135.93177921 797.8280119 ]
 [360.0183087  299.89784403 187.08749894 400.22759545]
 [151.53924008 352.26654886 537.95803991 553.59749748]
 [614.53710674 111.95582314  25.84467973  38.27316249]
 [396.94888644 676.93368335 792.05196438  40.27497318]
 [552.69800516 240.4117489  449.49419019 615.28227354]]","[0.04961629 0.04932922 0.34164242 0.93155075 0.71018055 0.73806258
 0.58724973 0.39700022 0.11824692 0.31681978]",681,2025-03-03T23:25:02.097000
34,0.832424280048959,"[[697.54237127 663.46995618 440.37534664 745.64857306]
 [663.66565801 134.80103299 696.80865562 437.33720165]
 [410.05370983  96.26154242 591.46813004 474.00084828]
 [ 19.37730386 235.35327778 751.74936542 278.16484098]
 [485.19262802  61.81557833  65.08680698 665.93481026]
 [594.4614644  320.21582715 157.03725475 483.01307621]
 [279.22976876  46.4345623  562.93930346 294.24020431]
 [286.49299659 565.59001823  26.26663356 384.4025246 ]
 [165.0122568   23.99349892  45.43147691 241.86121694]
 [ 14.17228808 181.71857239 249.62311813 411.93566276]]","[0.21874039 0.68005386 0.31986874 0.7867719  0.00619139 0.8098967
 0.4921417  0.00180127 0.62618029 0.59687472]",682,2025-03-03T23:25:02.102600
44,0.8274487290454335,"[[355.53444788 215.70038909 265.47405838 526.09376161]
 [483.56533917 498.86483595 389.97650145 604.42381723]
 [570.79764907 113.68095213 222.42332585  69.6069223 ]
 [220.51515196  14.04255417 390.98756303 718.43786605]
 [496.0670679  647.14232047 554.2476858  409.16906722]
 [149.50123362 629.85186319  46.05975791 152.70982283]
 [ 30.73665781 207.2945235  117.71094814 358.49474536]
 [157.23472256 697.12498851  27.23946392  23.54969283]
 [230.0806319  137.93686284 439.7252726  469.82605203]
 [448.70241578 254.88809375 111.51377725 656.49865076]]","[0.01911074 0.47691595 0.76665448 0.76074041 0.3562264  0.58703507
 0.56477369 0.51180051 0.36136225 0.7959945 ]",683,2025-03-03T23:25:02.109654
18,0.887696565673449,"[[515.06755651 264.06496621 506.34235058 661.62629816]
 [282.58446766 375.91867918 718.93896982 615.60654275]
 [557.02338733 170.74896219 392.78190228 389.65499419]
 [272.6410916  251.13803284 488.28452017  38.37155198]
 [708.44284158 528.02496546 543.65956468 776.32285184]
 [762.00937423 790.69753641 540.33742295 161.70249187]
 [531.42880948 589.98017431 515.703197   770.43373495]
 [251.70970969 402.9627745  740.43371734  56.19869785]
 [ 11.07926018 347.30589181 126.69903053 326.86129866]
 [597.02950662 391.03373214 293.26771281 205.45199677]]","[0.92903029 0.5383371  0.98543836 0.64516516 0.31295256 0.4231727
 0.77112589 0.06486526 0.44155475 0.45150667]",684,2025-03-03T23:25:02.115424
48,0.8059027792221906,"[[597.78899546 569.50104946 554.70611856 116.77923262]
 [431.26164041 487.01116871 147.05861921 780.15729334]
 [172.3141105  152.3844037  556.54787392  66.98818805]
 [368.46713989 767.91365853 130.71774982 584.41801624]
 [338.01104991  83.58321972 289.50406038 446.8232825 ]
 [447.39655006 613.6781901  183.16922718  47.47686304]
 [702.0191872  553.95886085 416.46602002 621.11888626]
 [271.5619729  778.25636487 618.67800128 419.47931483]
 [629.4017537  293.27542667 235.62252297 267.27871021]
 [170.38882895  86.17427235 177.90140299 703.04104673]]","[0.61349032 0.37112372 0.83651994 0.85104318 0.05213944 0.56348214
 0.49808289 0.60805773 0.94397532 0.67113068]",685,2025-03-03T23:25:02.123340
23,0.9461139821967093,"[[267.54499326  33.9160407  758.89685312 107.43610514]
 [515.0706455  600.09485708   5.86446656 259.94584698]
 [ 91.68866204  82.5985454   17.05274484  61.01076022]
 [150.18870079 321.15782161   2.72960211 155.40673037]
 [106.9347037  454.48684893 452.00446653 289.33859323]
 [465.62840017 632.24736438 127.74124771 222.37647069]
 [373.89551317 603.70229641 446.5351473  789.20388111]
 [115.13943999 230.9394899   76.25945191 652.10616343]
 [268.46895923 644.78806182 212.2604601  591.97082576]
 [142.62519815 753.26280005 117.4722213   16.71379862]]","[0.24733042 0.97580847 0.98706062 0.56706534 0.14152661 0.51181084
 0.04736237 0.17359032 0.93838745 0.09107616]",686,2025-03-03T23:25:02.127976
18,0.9469588053911333,"[[637.80744352  50.38620862 190.73923136  65.07495724]
 [519.98484108 109.4182187   89.57338875 286.2502235 ]
 [629.7046925  565.49644079 547.21526443 100.87427098]
 [320.88757575 707.8000734  559.41872777 260.25318729]
 [ 71.6220518  637.22905398 737.07318909  66.48988948]
 [499.72612456 107.26696729 429.39844239 523.73875529]
 [582.14490937 381.89690396  36.58034801 114.03738276]
 [278.0753211  458.0895078  151.5729918  505.14081215]
 [328.83070835 382.98520865 601.30158577  80.41436792]
 [251.31836474 688.41518826 425.79019508 212.61062802]]","[0.91962044 0.31431493 0.84539422 0.44397229 0.43132837 0.78151162
 0.84695262 0.56117926 0.61465731 0.5639913 ]",687,2025-03-03T23:25:02.134627
17,0.8947260520565121,"[[441.57673087 314.298011   345.62633615 551.41215813]
 [699.77319381 137.63501151 761.07710384 737.96170801]
 [516.79888463 591.59594307 607.32806927 542.60157731]
 [638.02317862  60.6802842  403.44735688 331.67315156]
 [165.68948835 330.81167363  64.69745604 223.93443816]
 [  1.58163209 534.56343106 588.49762454  37.5257349 ]
 [139.85736945 400.95764431 788.58425078 633.88933124]
 [235.63181599 283.47917845 710.34573089 177.59383362]
 [412.17987317   7.78936201 659.14670993 208.07773744]
 [ 98.55822376 420.92896548 304.45706474 246.54971546]]","[0.21087191 0.19948507 0.63876205 0.88699958 0.2459266  0.02509862
 0.66213883 0.64149854 0.00609098 0.65753687]",688,2025-03-03T23:25:02.139675
17,0.8165132422128196,"[[489.30290798 758.7254324  779.89008653  62.39538167]
 [758.05390664 397.3244999  787.29540085 372.29419919]
 [ 80.99485552  87.87423276 732.94754437 644.14837687]
 [792.10523496 176.8505918  521.51393804 537.53530164]
 [352.87229517 135.80964499 469.64495454 668.08226701]
 [177.61526987 396.53609895 185.02323055 758.05128354]
 [666.70417953 785.95149117  56.8873195  156.32297311]
 [218.54311739 183.21119579 758.70157707 783.61959546]
 [ 45.12152261  12.33918057 366.31411858 434.24376265]
 [470.24061445 383.51998886 755.36797034 551.86883363]]","[0.7461713  0.60971253 0.80642517 0.08761874 0.6541289  0.68228608
 0.29410041 0.61636478 0.78924383 0.28458952]",689,2025-03-03T23:25:02.146232
15,0.9195397502198518,"[[  9.11289359  33.6690664  292.45908928  66.75470724]
 [589.91136676 657.86354221 160.92152127 355.12809118]
 [628.6017474  153.37227025 725.76156428 608.68632844]
 [347.79273645 732.75176692 689.5630204  272.9525547 ]
 [564.02906599 660.1047988  400.05795097 534.25591138]
 [645.45380339 333.22546063  80.32264316 162.0104298 ]
 [292.96374071 529.64458335 460.20028895 403.47831563]
 [167.61558979 471.43166066 466.6425369  471.41053611]
 [157.63354542 404.31624012   5.55524376 710.39338702]
 [261.31447687  89.22393626  53.0916091  514.38412388]]","[0.0489722  0.12698921 0.89426554 0.71298272 0.01643253 0.16186844
 0.61474627 0.27038171 0.07008834 0.58239979]",690,2025-03-03T23:25:02.151882
23,0.8783072736335449,"[[183.28062419 634.91425667 773.78570593 285.80500616]
 [613.2715874  443.41181743 259.38904536 180.51981389]
 [382.10608279 412.52052184 584.73713554 450.91163268]
 [393.31206013 762.48640736 122.86357364 443.40404108]
 [211.00163735 772.40932124  44.41470101 688.30678229]
 [425.31001118 319.65613574 630.7611459  638.95885788]
 [ 45.31289859  50.5103225  216.21305829 233.06402974]
 [272.78451991 667.7984951  304.87636183 620.36211269]
 [571.82746843 650.38082217 385.23801024 328.03455176]
 [ 14.1347795  655.99747552 280.21125996 469.61479549]]","[0.52574954 0.72558254 0.06724889 0.21644676 0.64785371 0.62456467
 0.35728914 0.63472635 0.41913853 0.36304733]",691,2025-03-03T23:25:02.158379
11,0.8051110924098686,"[[1.01427987e+01 4.95688971e+02 2.95885127e+02 7.24503072e+02]
 [5.19848634e+02 1.21612925e+02 3.68025045e+02 5.95023890e+02]
 [3.48233913e+02 4.18501520e-01 4.29455833e+02 9.58892091e+01]
 [4.33852773e+01 1.86252515e+02 7.72952232e+02 2.51213962e+02]
 [4.76302908e+01 1.15318030e+02 3.80025461e+01 6.45016698e+02]
 [1.55176008e+02 2.09142454e+02 6.75088086e+02 4.44447735e+02]
 [4.50105826e+01 6.61675066e+01 4.32328923e+02 6.94529233e+02]
 [5.00939714e+02 4.40343173e+02 5.66018177e+02 2.77783939e+02]
 [6.18380140e+02 9.20142623e+01 9.93253791e+01 2.61855593e+02]
 [3.90463031e+01 2.28527307e+02 1.66666142e+02 7.16321505e+02]]","[0.91438381 0.01697193 0.96293657 0.51862472 0.28572884 0.47321347
 0.18631136 0.97958208 0.66513324 0.92384963]",692,2025-03-03T23:25:02.164380
23,0.8528333049000425,"[[ 60.39505405  11.82810598 633.22768519  67.33973312]
 [478.65134079 486.28479259 288.94145504  35.87288072]
 [ 74.64084239 487.0959012  428.43653405 423.66245296]
 [588.51120787 696.51067892 594.61583459 693.57764305]
 [ 36.11393483 148.42012513 205.38981237  89.43205183]
 [619.8280021   60.57631999 583.17411011 537.34811541]
 [793.96153758 796.88248682 105.35357243 361.85033435]
 [464.81792027 383.54573805 283.56778275 749.08225783]
 [760.93461993 776.46040894 122.99908974 219.73608587]
 [659.76663277 746.99696323 217.498496   382.8188755 ]]","[0.00380706 0.26883165 0.52841169 0.61579241 0.82388433 0.23351617
 0.17212469 0.49822478 0.90706945 0.91269491]",693,2025-03-03T23:25:02.170704
22,0.8284148625583402,"[[6.19713100e+02 4.95413321e+02 4.20830800e+02 3.79814162e+02]
 [6.79548278e+02 4.85729813e+02 8.41575237e+01 2.83695022e+02]
 [1.81313197e+02 3.31046462e+02 1.62749983e+02 3.27809760e-01]
 [3.74077335e+01 6.94926946e+01 7.91027966e+01 6.35654434e+02]
 [4.92385969e+02 7.04812988e+02 5.20266667e+02 6.81137732e+01]
 [2.02240017e+02 7.67409177e+02 4.03116040e+02 4.33302530e+02]
 [3.98180139e+02 7.54200695e+02 5.44232319e+02 1.50040940e+02]
 [6.61260786e+01 2.32792576e+02 7.43058365e+02 5.13595110e+02]
 [1.68786169e+02 5.24802626e+02 6.24227334e+02 3.67476652e+02]
 [1.24594398e+02 7.41313468e+01 7.26465735e+02 5.65862219e+02]]","[0.65289954 0.90940053 0.13031904 0.22926659 0.56598297 0.93555017
 0.0541202  0.69221351 0.79461706 0.48746796]",694,2025-03-03T23:25:02.176783
11,0.8566609355927574,"[[7.78222773e+02 1.54972564e-01 6.71245932e+01 6.06652077e+02]
 [9.76600462e+00 4.10102625e+02 5.64746960e+02 7.00700650e+02]
 [1.58819592e+02 5.09723922e+02 4.38043691e+01 1.41232513e+02]
 [3.41045354e+02 6.63352065e+02 6.26547471e+02 1.00673333e+02]
 [5.52151374e+02 6.35609941e+02 2.11450423e+02 2.07651189e+02]
 [7.19595880e+02 3.05495204e+02 7.88533646e+02 6.18430485e+02]
 [1.33386124e+02 2.28126699e+02 1.90475239e+02 6.94389714e+01]
 [7.07371629e+02 3.72797821e+02 4.10346943e+02 5.67362113e+02]
 [1.72059623e+02 9.76174313e+01 5.95728661e+02 7.27361876e+02]
 [7.24737234e+02 1.39635521e+02 7.96941574e+02 3.16835325e+02]]","[0.95694752 0.4449326  0.40723537 0.05667885 0.02941728 0.53159438
 0.29145566 0.3694645  0.18629494 0.03766988]",695,2025-03-03T23:25:02.184469
32,0.8457358178899765,"[[4.92211897e+02 3.83031471e+02 1.31625585e+02 4.81036749e+02]
 [3.50080470e+02 1.23864884e+02 4.08205506e+02 2.66090996e+02]
 [2.45122000e+02 3.60001292e+02 5.81383496e+02 6.95664191e+02]
 [1.86319140e+02 4.09464768e+02 1.88722444e+02 1.69496862e+02]
 [7.73457466e+02 9.50389005e+01 3.90211378e+02 8.01990406e+01]
 [2.77967704e+02 2.42243727e+02 6.47157656e-01 1.05823503e+02]
 [1.43796042e+02 1.68933584e+02 2.92159072e+02 7.41797567e+02]
 [3.57284145e+02 7.58643044e+02 7.48053995e+02 4.31886023e+02]
 [3.88295646e+02 8.64652098e+01 4.55662554e+02 4.43817650e+02]
 [6.86959406e+02 4.03013016e+02 7.19086396e+02 1.36141268e+02]]","[0.75465806 0.16152049 0.47219407 0.236018   0.9209     0.99987564
 0.52444004 0.89548681 0.16523976 0.61325736]",696,2025-03-03T23:25:02.191082
19,0.9324007721107013,"[[256.14501002  83.67153887 579.54306679  26.9817014 ]
 [644.0024485  486.14524522 344.75245646 497.76564953]
 [156.03441826 189.49434404 649.36982876 103.0516238 ]
 [ 38.88612627 452.59083646 642.29855079 675.30853915]
 [109.48493852 197.14180342 620.31858901 169.5570852 ]
 [614.86908164  31.95386752 477.30491777 710.77273776]
 [264.48362427 787.71670033  37.03809382 771.30177906]
 [  7.43533548 335.54261834 315.47403669 746.72750533]
 [378.25358822  28.66540668 681.1979982  654.54861385]
 [137.91321901   3.77680124 463.29463038 773.821126  ]]","[0.17385907 0.65825495 0.11258994 0.26265043 0.78168603 0.521602
 0.65550184 0.26874871 0.2378304  0.63836575]",697,2025-03-03T23:25:02.197702
29,0.9184307938917161,"[[364.25340831 318.08074692 611.33582612 596.67651716]
 [544.79080869 655.43927884 374.79631272 270.07142209]
 [557.22487473 394.85985821 165.78113891  60.96675584]
 [ 31.86993767 641.64379378 189.56493033  52.96555207]
 [ 68.9997753  546.20797727  47.36621193 766.34118846]
 [364.00474706 477.44532717 516.5292832  654.87213798]
 [619.7664426  284.81407336 401.60285705 254.24727145]
 [153.35099972 340.0849239  329.81917152 142.90385361]
 [528.9542286  358.44565838 619.44799085 509.46156969]
 [740.56980296 688.79633301 182.65019344 509.28431358]]","[0.31964475 0.50202378 0.07844302 0.27997421 0.87767633 0.88202349
 0.18398243 0.41694614 0.69997327 0.56635795]",698,2025-03-03T23:25:02.203561
49,0.8146616932357152,"[[430.45765433 770.50560934 263.92828238 169.00912009]
 [666.07777798   9.79482886  70.46535227 125.93850342]
 [228.77515811 723.68028862 510.74264647 191.88570178]
 [125.10643835 279.16054555 524.24756413   1.76564333]
 [ 37.59192464 733.38533732 374.04300119  29.68918355]
 [234.42622059 193.39573593 173.25321949 637.05039582]
 [ 69.86371491 540.59840235 467.44233507 117.30304636]
 [745.05903071 492.24370343 618.52138943  71.96473068]
 [509.06452319 674.75258729 587.76965702 692.13174123]
 [ 11.46668966 454.77809844 299.17814489 107.63212738]]","[0.00693561 0.5397389  0.67732844 0.86639204 0.18092041 0.07334156
 0.57340684 0.31923898 0.54842296 0.87300882]",699,2025-03-03T23:25:02.210131
50,0.8901289644738312,"[[360.87465952 327.85372809 558.19673695 251.7984567 ]
 [523.1245119  728.84646994 129.33165129 651.67201135]
 [559.1763075   65.2754108  157.88860716 224.91760644]
 [237.65671078 265.85756461  12.8459484  794.15922291]
 [410.10161849 698.29962975 546.35810498 193.92999795]
 [179.77719693 738.51394666 139.78004158 365.70074557]
 [263.11289413 161.61084999 346.46421112 743.09558712]
 [334.88922555 327.83607077 747.16161979  81.6999303 ]
 [497.79716599 624.79476022 137.96800315 717.61422786]
 [  3.75233225 375.11354271  20.93629541 290.63855059]]","[0.35361747 0.52573447 0.38745941 0.61130972 0.10683874 0.39138777
 0.66217055 0.09784342 0.68276933 0.79095875]",700,2025-03-03T23:25:02.215770
39,0.8800723855329705,"[[172.20795986 222.99083269 604.05285038 669.8597324 ]
 [164.0704789  226.35250986 410.94991182 747.77314997]
 [753.65205901  84.47628645 415.83475153 348.43799636]
 [606.95937365 767.05665886  88.52228273 268.43709331]
 [201.80848506 352.42547032 495.52302408 727.30963826]
 [481.99592391 191.95793653 582.85274672 447.64775601]
 [186.30794661 398.63286242  38.24295611 647.22475827]
 [482.76798111  75.95619756 123.09085439 485.03317484]
 [385.43156059 672.53672985 631.01528832 218.9525966 ]
 [456.44508813 502.39141804 153.94439453 439.11294935]]","[0.9822742  0.43880719 0.96551557 0.42646089 0.78133675 0.59628632
 0.09789849 0.81052825 0.26311367 0.32004745]",701,2025-03-03T23:25:02.222806
28,0.8723683060520525,"[[773.98842794 509.08905432 248.60266271 793.46477587]
 [621.24948694  97.48018351 277.17005704 140.49062723]
 [509.06860199  64.68552853 538.65459156 190.41685576]
 [464.93290315 454.71097416 524.46393253 435.13482671]
 [406.63009948  83.43073546 719.72265214 553.28383198]
 [376.3590206  688.98578508 613.76102582 440.59230281]
 [506.34788472 566.25082795 466.13293189 379.04687921]
 [658.62776145  68.65206053 667.59281024 679.22107887]
 [777.34085723 795.00115063 685.88947255 177.35830748]
 [323.74848363  34.28999211 762.13108219 255.82718307]]","[0.56658656 0.8832501  0.72834886 0.32615685 0.11656618 0.59487292
 0.28367528 0.23656402 0.74937439 0.28404399]",702,2025-03-03T23:25:02.229421
16,0.871152135217439,"[[287.04143276 741.77693786 714.33969163 545.63606066]
 [542.67171308 348.38991422 263.28709493 570.21697029]
 [520.24662661 555.44552017  72.5356017  386.46993329]
 [487.13434336 305.53932834  35.5085881  301.09896611]
 [129.50993837 374.92733312  10.1177779  590.27268923]
 [754.3383822  746.36783988 322.38088906 156.95671482]
 [785.50180018 245.2021724  254.19248394 416.81346358]
 [387.49069548 786.75767961 262.13360752 683.76280583]
 [591.64007059 347.72496826 264.77378524 501.10438537]
 [365.66664484 766.45480925 268.64551296 151.08273926]]","[0.45483593 0.2584477  0.8717577  0.65524592 0.57422843 0.3246671
 0.54074689 0.49519979 0.16381198 0.91558188]",703,2025-03-03T23:25:02.235451
47,0.8702728150679083,"[[683.93972555 780.53511743 668.12239007 733.20244583]
 [720.84670907 353.3153165  744.27207804 522.99422233]
 [457.6507605  264.17047935 500.44445986  53.23850734]
 [619.6137651  114.56872082 453.06445697 157.48820931]
 [784.64771464 666.2761081  428.28074553 427.11449381]
 [692.11438885 779.34983099 577.62495182 147.59874458]
 [ 10.36204558 345.48258514 437.93418164 258.00229613]
 [125.24674795 513.34879923 587.02023916  69.01772838]
 [214.96552649 281.293855   700.53923141 156.80316444]
 [167.1130619  772.22106788 728.59490468 522.60202746]]","[0.12946314 0.61437171 0.60308776 0.28835127 0.76775391 0.96202688
 0.66525806 0.68267704 0.09085319 0.37510093]",704,2025-03-03T23:25:02.241746
21,0.8570936039080647,"[[753.91803726 150.54938246 754.24385523 152.70227572]
 [156.48886016 473.39161313 772.6175475  519.30288108]
 [422.6493043  256.50684557 571.9577301  496.00415042]
 [522.87228473 391.69879061  87.26635696  87.44857772]
 [ 73.67802497 421.8404286  218.02810762 400.01999253]
 [693.07108607 738.69276214 327.9375248  184.8970411 ]
 [770.58510045 156.08872348 288.99426562 754.24961337]
 [543.83872582 465.7206422  132.51203062 578.04732046]
 [410.10862793 292.49335998 275.82348373  89.1285452 ]
 [648.18316722 125.77789739 472.86390831 589.61826829]]","[0.35687703 0.35005372 0.66891703 0.17547874 0.07137678 0.11541731
 0.7853936  0.23261168 0.37952575 0.23662677]",705,2025-03-03T23:25:02.247328
44,0.8635723748818804,"[[566.00614046 243.62442528 566.34511338 202.37415577]
 [641.06195408  74.41756386 534.98885156 218.22653974]
 [550.39770687 743.34630303 624.37546708 782.42547482]
 [238.60157138 631.88661918 757.52735763 285.8934981 ]
 [599.32863212 448.30350986 454.47596248  16.6031737 ]
 [410.56551861   0.94180205 444.90033417 656.17965762]
 [216.59729515 669.09801028 598.45605287 585.89289067]
 [336.17062652 458.47721813   6.55599194 668.68385177]
 [713.22197157 545.46695812 557.95236137 676.89403244]
 [348.89385849 124.74250286  89.87812827 462.94012329]]","[0.01738811 0.68807351 0.88881727 0.23606402 0.46332864 0.72487451
 0.13872135 0.06418593 0.36578421 0.18653899]",706,2025-03-03T23:25:02.254325
18,0.8287466593117961,"[[738.35597019 639.40784303 296.52381725  57.42182747]
 [503.55050156  83.22785579 612.91088972 133.79677905]
 [636.44984157 496.56920658  66.2769356  390.34292363]
 [ 32.40576595 701.59939711 124.19455778  28.93098788]
 [249.08448656 481.98681516 116.44018117 511.33275837]
 [367.2665423  647.10075739 753.18201734 762.05838233]
 [ 73.42974253 178.89814102   2.8927012  648.34956446]
 [479.61895607 431.50493987  27.45663583 778.04653467]
 [572.19038986  52.06452589 516.184232   122.6643719 ]
 [520.30256922 660.54118658  78.46127785 524.22548846]]","[0.37560034 0.45323236 0.65837187 0.80922127 0.87506021 0.5107425
 0.25727449 0.33379602 0.49391611 0.76366755]",707,2025-03-03T23:25:02.260838
34,0.8354191460130063,"[[315.92928896  31.69036542 699.34590155  53.88592936]
 [665.47313955 138.72223869 343.90108788 370.69921761]
 [591.99885576 146.93439826 202.91239854 538.58527767]
 [383.066873    24.58194268 163.09587674 533.96526519]
 [318.65630597  70.9174626  755.66060741 424.95411872]
 [177.89360685 213.6272649  560.83955609 485.34377328]
 [733.17519656 646.38748752 409.20362314 535.24417452]
 [ 35.35604694 564.51495928 612.15467132 452.86626083]
 [423.6987964  497.2350849  482.84947058 493.99191818]
 [362.96763084 495.00381694 745.87567191  32.10813043]]","[0.72117173 0.1388885  0.15712405 0.8655787  0.15119652 0.53584763
 0.60093568 0.9003014  0.33907612 0.74151603]",708,2025-03-03T23:25:02.266743
27,0.9010340902197489,"[[587.26715065 353.18857641 217.25149435  92.92959375]
 [204.31867186 270.6481649   37.78652554 571.97884086]
 [546.58076653 677.25401757  43.51980311  17.05843653]
 [223.7637013  140.26692304  43.69711036 209.87734977]
 [270.04157187 367.89777458 227.20202977 179.03044411]
 [ 66.69056319 686.43281454 136.70352263 306.13625991]
 [ 69.0124541  277.80925449 119.21997907 326.04593468]
 [318.4462824  342.39559683 460.76060999 431.92643318]
 [175.31192678 416.36195964 256.08599477 784.50092554]
 [ 65.43604511 361.43695792 793.17600365 485.88138758]]","[0.29799023 0.50175696 0.12231203 0.76789891 0.18234128 0.2788418
 0.0248097  0.2038958  0.38537199 0.53173539]",709,2025-03-03T23:25:02.271998
43,0.8635119745272744,"[[ 71.22579657 341.08443085 162.97285414 395.46873502]
 [146.370643   729.91580197 511.36821281 591.07256606]
 [323.58388612  46.35143182 347.18755368  56.93855139]
 [182.25663717 646.75166741 352.97474276 360.53836704]
 [471.68632447 368.00405627 790.86694529 353.35937151]
 [353.84267194  64.29919363 614.12847309 623.23826298]
 [611.74739887 186.31468358 284.12425872  20.0726767 ]
 [787.7337402  643.27328978 416.18164576 381.17996765]
 [216.14300653 111.24084059 403.89626031 219.31263846]
 [106.77923179 193.91697104 150.37559413  74.01998619]]","[0.99032872 0.98665929 0.1522719  0.5594075  0.458998   0.25269367
 0.49857658 0.75746972 0.55605936 0.75641218]",710,2025-03-03T23:25:02.278628
16,0.8463799492721821,"[[120.94105852 409.29525225  66.84005533 732.30533206]
 [270.17307103 291.17300675 281.9688218  252.59825031]
 [517.23174862 651.31389815 181.43682069 746.97641877]
 [239.62051848  69.0964526  459.42928175 107.65309548]
 [749.55559856 307.16965898 792.61783833 594.27590916]
 [123.50769952 319.23462321 335.49394441 107.84496434]
 [656.53345303   7.35604567 477.26727245 107.00624763]
 [ 81.5942139   81.3083695    9.88272933  77.71768684]
 [394.79859756 362.03076816  45.75448303 444.76070031]
 [301.54615667 611.05114253 398.46266299 749.95589577]]","[0.10060269 0.26727893 0.68872395 0.18488491 0.77339505 0.26734792
 0.67804632 0.90236386 0.85614057 0.61170321]",711,2025-03-03T23:25:02.285417
31,0.8340294783810539,"[[732.26367426 311.7377321  276.8332699  516.07117855]
 [565.80911585   8.42771191  98.37629276 502.50670284]
 [608.62756472 543.09441545 318.78028972  59.43307997]
 [492.26114867 735.99080172  22.2162949   41.05894812]
 [157.04187835 485.27843856   1.26559159 369.12301566]
 [ 59.23816182 681.59994563 751.23455089 752.75797087]
 [ 28.0918731  327.37125617 281.75771126  24.62763343]
 [239.66398344 277.67202437 630.1517501  370.45402439]
 [274.93458071 294.09753616 705.37255562 553.58839197]
 [507.41526128 277.57918416 382.13801975 401.25130016]]","[0.35509432 0.80660407 0.87594341 0.41452063 0.42613735 0.45405798
 0.08457737 0.06391572 0.86181609 0.35769757]",712,2025-03-03T23:25:02.291935
12,0.9156940882741339,"[[235.38137288  80.65830451 282.82676034 766.09097009]
 [ 27.02552811 593.69633974 178.4171093  332.08149405]
 [130.1243495  395.02677514 446.22156535 374.21525336]
 [410.27834824 378.00516489 559.30182523 658.24414498]
 [ 62.07505388 712.63468888  73.78892321 541.47591959]
 [282.2617876  446.03580613  97.04448555 175.79980219]
 [743.0375297  550.80344103 176.51962146 761.48756309]
 [213.41676054 676.42877911  15.96301288  43.09418813]
 [191.85089761 158.37318691 285.6834599  224.99099995]
 [399.01211635 729.36019947 287.1386712  229.80571951]]","[0.39264357 0.31248732 0.88310761 0.20577321 0.983377   0.00337827
 0.11332923 0.05076001 0.75266448 0.02897874]",713,2025-03-03T23:25:02.298177
35,0.8731859449878643,"[[355.35684753 530.63538763 681.79737694 463.49214395]
 [522.73715681 251.77250849 525.637099   548.8665463 ]
 [478.36067453 235.11239275  23.52109185 259.06691525]
 [600.7216727  430.68102788 378.66962678 374.08565668]
 [717.57048936 413.12324687 271.00287219 558.95744244]
 [161.22209476 768.65051031  65.31085734 366.01842076]
 [642.42594542 235.88896529 254.15087369 441.01102047]
 [791.07023436 267.67321023 338.94816222 721.01356168]
 [774.02251817 696.57862082 180.83166438 660.55069501]
 [467.99742129 719.12820251 343.00158647 713.42777621]]","[0.54914196 0.8088788  0.2873652  0.33951403 0.61259316 0.94581756
 0.35119095 0.65139365 0.7249798  0.74693844]",714,2025-03-03T23:25:02.304510
33,0.8414239048359307,"[[166.27158654  76.88017276 386.65311911 461.66106828]
 [447.18045522 355.74508889  36.35636767 576.85874443]
 [782.13421704  67.13810892 709.20600911 537.88872211]
 [702.84947729 611.09338721 716.51787483 711.90112626]
 [621.54623935  25.08252153 157.95803127 490.73572939]
 [590.66607508 691.46569764  64.33864659 665.21363112]
 [310.52201658  36.11951728 169.91241375 252.7357016 ]
 [745.67184282 548.36975432 209.70560757 652.91468953]
 [552.76014357 306.27309782 794.46497992 664.4717433 ]
 [ 17.47712958 203.73781439 247.48444426 727.61845522]]","[0.34333373 0.36061366 0.36415373 0.12639927 0.47769549 0.20119084
 0.12200606 0.42204051 0.21684064 0.14016671]",715,2025-03-03T23:25:02.310151
32,0.813634402940998,"[[709.00289211  40.14373809 772.69224834 472.27571174]
 [717.81779676 640.7139258  548.42675235 579.29033347]
 [774.83626018 287.68905048 479.99354914 488.45271248]
 [ 31.73565686 737.3640138  590.602675   165.99940519]
 [126.72180637 300.38323181 312.97594694 320.14553544]
 [574.94096587 766.1442428  709.17605132 167.60364133]
 [521.35752565 729.31771437 556.1423519  784.86215637]
 [714.81030801 675.92154333 128.22079439 122.33964439]
 [510.50902162 282.17348802 414.55089783 374.69280054]
 [301.64478962 387.88100005 348.87219028 622.0463691 ]]","[0.60604999 0.56434175 0.60261846 0.59288229 0.85933332 0.12316824
 0.76240798 0.98455091 0.92162797 0.84655823]",716,2025-03-03T23:25:02.318226
29,0.8745944964726157,"[[ 59.03497536 369.01957182 102.848886   305.18727583]
 [585.00354008  10.29526927 365.32305338 311.40078625]
 [587.18493053 593.62060034 185.26217114 456.28402391]
 [596.23746515 713.84493447  36.25840256 747.81770594]
 [763.30570351 548.92150188 548.0784279  332.3145688 ]
 [448.93317109 200.17798607 372.34853718 394.97346957]
 [ 30.40886837 599.63099465 386.8054207  129.44441264]
 [628.19077333 772.03939154 170.69748306 258.54988221]
 [222.7495073  749.62410661 616.60770454 552.53016731]
 [418.45548306 558.1244225  546.65117207 421.22040574]]","[0.21834416 0.4675295  0.66005649 0.03672369 0.21616549 0.71967094
 0.38832408 0.37170345 0.78970658 0.59525404]",717,2025-03-03T23:25:02.325794
34,0.9124862846505939,"[[192.53331167 530.06590889 229.56634408 403.79667461]
 [206.05871138 316.87052877 456.67499502 221.85527773]
 [382.48406377 605.05190325 437.61146267 485.20846372]
 [243.18162137 701.07366721 505.37572122 164.59888765]
 [593.68383054 171.28167255 171.11846353 101.11166503]
 [707.68730403 310.83712315  93.72891272 442.81094289]
 [369.14533425 469.39983965 241.7100381  795.07523733]
 [514.73863743  55.54405392 631.38472303 442.99704707]
 [329.52951939 684.19818839 781.64041594 328.85905186]
 [283.46458889 453.40647513 740.16899319 655.55140615]]","[0.52396613 0.59538066 0.9176619  0.15368339 0.11251411 0.88652409
 0.44183177 0.15552107 0.08495729 0.94815563]",718,2025-03-03T23:25:02.332317
16,0.9251309624174405,"[[675.39745616 210.00974851  55.60629449 635.56137712]
 [565.33765379 316.03460542  74.83384238  57.01786732]
 [632.91603129 541.52404998 613.77920426 547.95730117]
 [380.73611761 516.88197684 787.86963749 225.21733921]
 [343.16216787 791.97896996 242.24282354  91.0158863 ]
 [ 35.46362353  24.65969172 337.28872597 743.26268544]
 [128.06441878 483.05990236 490.89913698 409.05038558]
 [646.38573313 191.23836106 511.73974785 524.73987756]
 [169.47059405  23.8071297  500.74095086 463.17536809]
 [484.22041675  72.00754283 349.17235899  23.48048738]]","[0.55905966 0.78011425 0.40622491 0.51404341 0.35415    0.02532231
 0.58155657 0.1211086  0.84150358 0.3865152 ]",719,2025-03-03T23:25:02.340070
20,0.8217914609780217,"[[220.20386942 190.41743227 173.30703049  76.3487499 ]
 [486.41759458 174.0377325  605.90766355  29.52766709]
 [792.32978064 142.29049005 556.35623377 755.51930394]
 [676.19589127 309.53659096 211.76916411 182.20132363]
 [515.31751219  83.78733818 610.65125795 204.36810407]
 [280.57315857 721.09571665 597.24620208 755.44492137]
 [543.15963278 661.48674906 378.78327524 406.66378649]
 [ 82.04987148 379.3646104  645.03047874  23.53498596]
 [470.78486863 190.15910746 200.76762684 267.28028474]
 [219.91350874 660.09771966 767.37684528 161.78289988]]","[0.27452099 0.57939924 0.83484666 0.81891856 0.8076291  0.48450486
 0.7828636  0.65155151 0.35431278 0.21956501]",720,2025-03-03T23:25:02.348113
37,0.9020838771276518,"[[406.99456468 776.62725491 262.11368274 289.50722648]
 [232.93326316 470.62785174 589.96176168  91.83087146]
 [ 16.20997391 679.11853694 591.0550277  115.92874212]
 [454.0850834  353.07648307 742.2061562  776.10770232]
 [253.6778494  114.8998203  512.48969463 354.96419859]
 [474.46226633 533.19899888 719.63686363 114.73360038]
 [655.13138582   5.04344454 583.79737073 163.42879769]
 [722.20148777 575.22599114 323.73758515 343.85639111]
 [471.48900475 705.16217218 638.62925551 112.35864984]
 [408.97637283 435.68616314 397.23186709  64.66785346]]","[0.50827374 0.09230109 0.77170151 0.70953083 0.77240494 0.59754785
 0.91771206 0.6227709  0.44406144 0.96381861]",721,2025-03-03T23:25:02.354335
19,0.8412992335280821,"[[639.26309555 768.29093918 719.97442518 570.68547608]
 [776.98605092 759.05780638 634.33436725 213.5824667 ]
 [239.34235176 457.89768504 214.11995724 502.36100183]
 [399.9286819  708.71424453 647.34213277 423.37466252]
 [ 37.70506791 433.63937875 220.95342723 262.19994202]
 [796.04980772 426.02649627 679.96993298 323.2190152 ]
 [530.03216041 307.81787368 702.82197977 242.58401809]
 [327.0899835  334.10747186 464.89217092 290.8715057 ]
 [708.23340741 744.65281152 244.64019653 598.03684367]
 [ 89.18275553 756.74194634 479.59953197 532.2324568 ]]","[0.75059282 0.89360118 0.63129913 0.35895302 0.28496509 0.35887197
 0.9244847  0.79027078 0.47302908 0.8474676 ]",722,2025-03-03T23:25:02.360577
22,0.811192651930845,"[[351.64156392 180.59247823 339.6258204  346.35966843]
 [768.44267224 553.10645573 643.87409986 581.43441303]
 [ 51.79093799 513.53045321 601.00936167 143.14572079]
 [141.74830524 537.9372475   83.84220162 364.03829058]
 [181.97554863 219.40196388 463.10679256 101.22648317]
 [251.06159817 387.2805057  636.07734789 163.77734029]
 [239.18073006 294.98899654  73.52580092  74.94035036]
 [611.95621576 147.47904142 698.1667612  332.46119505]
 [343.23924167 673.06937345 419.5926816  456.91924437]
 [734.04499374 342.04664781  95.75109163 232.49012575]]","[0.71081488 0.06433042 0.69068831 0.65137985 0.98678971 0.27593473
 0.45769022 0.83268521 0.24607427 0.91474083]",723,2025-03-03T23:25:02.368691
43,0.8696250415578983,"[[675.91483594 643.20560078 783.05638426 178.41457197]
 [744.83773024 616.71465234 142.18805035 588.58241638]
 [713.46853395   5.09322501 305.30188223 767.24814973]
 [ 21.55677529 266.42613452 316.05282759 384.822364  ]
 [730.50599001 458.23683369 514.6816039  237.79077557]
 [543.56535702 546.54764325 204.62859619 228.12638437]
 [323.88131079 139.7457619   15.27777539 453.17337112]
 [502.6495054   71.07089176 720.38630479 217.12698199]
 [396.70315913 544.285751    65.70769977 526.34534141]
 [356.37073282 226.38794812 286.66031936 539.66513396]]","[0.02302871 0.19501657 0.37599982 0.7200689  0.62025243 0.71760651
 0.22365801 0.16821    0.19706534 0.25106741]",724,2025-03-03T23:25:02.374435
35,0.8890781195282458,"[[ 77.44335496 488.70826534 633.52812187 283.08297754]
 [101.41261882 292.28492367 263.21129594  26.0054395 ]
 [797.66446348  40.63530582 182.63352954  85.48736451]
 [547.59646924 681.67892478 346.92588344 291.48594628]
 [780.1815214  645.70819953 130.42829843 140.02167013]
 [729.1358017  319.52045251 115.48826798 339.59768494]
 [507.88234305  85.90310165  32.99818118 618.59547757]
 [217.2587364  669.88035106 499.81104996 647.4686826 ]
 [436.71249052 294.31301483 470.81113792 758.22183039]
 [534.76748627 240.08803281  25.93019304 488.99719915]]","[0.5448285  0.68326794 0.9603857  0.02953619 0.0036586  0.42193917
 0.45238164 0.68915345 0.18120478 0.70984841]",725,2025-03-03T23:25:02.381009
30,0.8273616135139539,"[[323.47348856 381.59948731 698.9241582  746.46612341]
 [160.2359248   87.71062382 319.12046083 749.74574372]
 [ 25.93961233 660.42973257 556.99988571 364.60134824]
 [717.04929909 103.97878897 344.61396252 107.26813964]
 [464.8474161  469.32181678 333.96430775 216.86842735]
 [734.7218075  120.51476136 115.68422983  83.46821207]
 [566.15602355 749.5710609  682.59075134 427.45701481]
 [658.45636212 420.67300582 672.40732326 718.97861279]
 [762.58322608  89.37069148   8.17591909 325.61622743]
 [769.652362   773.67416226 313.55391217 620.26724429]]","[0.41491661 0.8793404  0.13343072 0.89186412 0.93871072 0.78125599
 0.3430768  0.16295534 0.88631089 0.61026355]",726,2025-03-03T23:25:02.385933
15,0.8525600360110269,"[[457.1384618  757.74096159 280.39692872  63.19449464]
 [195.25048226 185.79840943 774.92511597 724.56744971]
 [540.98919179   4.79777335 138.22553524 681.50889212]
 [658.1619389  193.0193418  651.18015498 171.20981547]
 [199.03084141 287.00687336  85.66831859 601.95254598]
 [414.86547645 388.84235012 529.44638477   0.86424144]
 [301.9047387  767.00995473 609.49284103 166.07222173]
 [416.98525859 771.72009585 213.6362191  215.8568753 ]
 [184.39013205 198.03602324 130.82685792  72.77434766]
 [737.60092255  73.90527431 291.7545676  529.56803212]]","[0.4274678  0.51835688 0.46991    0.19528827 0.93838338 0.4113422
 0.78358959 0.46486853 0.12528152 0.53705855]",727,2025-03-03T23:25:02.393683
25,0.8510261234977661,"[[695.13010364  13.40533752  72.82271999 776.15983422]
 [103.72893971  29.9716535  754.63254811 554.31119274]
 [546.51487824 209.4122936  492.85380257 641.01487309]
 [145.91724865 251.77593425  33.87089751 792.58528225]
 [598.79810438 548.79756522 113.38406443 796.49074305]
 [337.13396588 237.55621384 693.75541196 426.19309361]
 [612.30109616 734.15704867 714.28552528 771.19169408]
 [ 76.51672524  64.30488444 155.4495767  685.19485461]
 [653.87362819 593.04669299 103.2815889  527.63346125]
 [719.38721716 710.27995915  12.03470209 336.74903277]]","[0.51050239 0.21525467 0.9381531  0.10382367 0.39789007 0.47942247
 0.5672934  0.04206099 0.60086984 0.03399141]",728,2025-03-03T23:25:02.400586
47,0.8036823293211454,"[[ 62.89561229  33.67054986 629.29406889  29.0030728 ]
 [305.06705863 100.04328891 120.60345911 708.3752528 ]
 [250.44122952 515.06645142 490.8863383  331.01115073]
 [ 79.3406797  304.0032237  491.30460389 688.18703229]
 [240.17509621 369.61032597 545.15809758 572.05058694]
 [728.70184381 124.64411476 429.01738796 220.23007922]
 [479.10627411 327.71331678 543.54781944 342.02855694]
 [426.59908136 523.25526627 570.67496389 171.98150566]
 [580.01764171 714.92712471 158.71151767 793.2352098 ]
 [589.80606288 214.53321655 757.24380439 590.6803057 ]]","[0.16305002 0.74150384 0.7740119  0.18419848 0.36150565 0.44477173
 0.84701786 0.84856972 0.17657404 0.46548094]",729,2025-03-03T23:25:02.406201
35,0.868489527411619,"[[ 65.75318791 104.36509965 291.87484393 218.13687437]
 [634.83668343 326.37568421 105.19595586 627.95587103]
 [236.90605323 251.18258225 238.1978636   43.93692752]
 [257.8694769   60.73077201 749.64201599 476.01625987]
 [ 70.04638131 652.15850673 563.43016117 218.10500687]
 [443.18465498 277.3268933  747.36612734 481.27617885]
 [495.08318175 223.03428378 437.89870141 557.16974165]
 [627.49362223  45.0602771  208.76930193 239.24576834]
 [ 34.23036731 627.44030233 120.19416381 566.36727646]
 [751.20079968 407.55177026 581.67296374 333.94680369]]","[0.59922216 0.22164336 0.31260283 0.39676091 0.18985426 0.47994735
 0.67608504 0.46937224 0.3988658  0.41450071]",730,2025-03-03T23:25:02.414114
16,0.8260055299702725,"[[382.10234614 321.75479516 475.74791279 266.74663664]
 [470.61803939 362.64072002 636.04339298 464.40684936]
 [500.03288411 261.90073433 339.32056944 352.76726142]
 [382.76174234  70.39992131 566.72160809 377.31261484]
 [175.66371133 405.93480261  50.94115546 176.2938243 ]
 [587.70414962 435.08564853  41.36659123 704.93754117]
 [295.69760134 662.29988932 352.37830491 745.34128181]
 [432.25725645  55.21664418 382.95630822 204.33224944]
 [478.2170789   90.30857661 525.29563258  56.56488922]
 [361.28158498 512.01623975 678.47691623 755.63362371]]","[0.65384985 0.08662371 0.6649539  0.74312472 0.82928012 0.83110715
 0.06593083 0.96367738 0.97916816 0.46666015]",731,2025-03-03T23:25:02.419889
50,0.8078439662018551,"[[167.6029573  267.00038901 108.31108725 633.78615963]
 [ 18.67421232 349.3662214  301.54879327 173.86420558]
 [387.90861467 332.52792188 652.73884047 542.26264697]
 [457.10973299 372.5996501  526.52692884 728.91824595]
 [389.0386081  212.38653966 101.50522923 298.15300132]
 [ 68.72599171 254.51284838 194.33603714 170.48590214]
 [670.98728532 121.59882187 671.67934109   5.15630885]
 [594.23025083 223.06059787 416.41715294  41.78291311]
 [798.89686956 691.76113541 444.33184031 321.81289706]
 [697.67116854 126.04902926 214.33286598 387.63962647]]","[0.95945624 0.64657963 0.07804922 0.48810623 0.3623664  0.40478329
 0.33222773 0.33942    0.00860492 0.40588719]",732,2025-03-03T23:25:02.427129
12,0.8332079866297126,"[[159.24336013 678.40663173  16.87777654 767.45460271]
 [464.20514354 118.42549988 177.23071493 172.09511176]
 [724.05239713 681.43432798 745.7941695  415.86984836]
 [413.10900805 316.38922756 362.18114179 429.73235343]
 [508.07414266 489.54051545 198.01658971 675.74998082]
 [162.49608275 238.72212769 164.73008694 493.43582303]
 [718.55156107 219.945204   230.68745337 390.91500636]
 [781.81482455  39.48366198 448.5797045  278.69417639]
 [397.21523405 422.44512508 653.74670318  70.87407663]
 [ 32.77980298 379.87260497  70.70347492 243.14371164]]","[0.32413194 0.26642748 0.68177367 0.8262967  0.90360094 0.77194503
 0.31380834 0.74564744 0.65392541 0.39084787]",733,2025-03-03T23:25:02.435634
31,0.8345985202742129,"[[4.26762280e+02 1.21785589e+02 7.87132245e+02 6.00523098e+02]
 [7.52654813e+02 3.11320127e+02 6.58281100e+02 6.82735587e+01]
 [2.44533179e+02 6.68018907e+02 7.62135015e+02 4.30873686e+01]
 [6.14620367e+02 3.72781666e+02 1.06659123e+02 7.52330273e+02]
 [1.75638187e+02 5.38611688e+02 6.81885799e+02 7.22085484e+02]
 [3.31723780e+02 3.07574426e+02 7.92840577e+02 7.04375100e+02]
 [3.90276671e+02 7.56580358e-01 5.76594245e+02 4.23014748e+02]
 [3.36347960e+02 2.46491616e+02 3.39412560e+02 2.79344134e+02]
 [5.85393050e+02 4.26384217e+02 1.99275155e+02 4.08394829e+01]
 [6.99346412e+02 3.78035937e+02 5.68958208e+02 7.15306228e+02]]","[0.27856341 0.56617448 0.95077627 0.48740675 0.0333543  0.98025807
 0.28432769 0.19334438 0.58581816 0.35886878]",734,2025-03-03T23:25:02.443743
17,0.8942133616341622,"[[2.55716949e+02 7.54708711e+02 4.54086335e+02 3.86885671e+02]
 [2.52775948e+02 5.11124911e+02 3.98662436e+02 2.90139916e+02]
 [7.62179249e+02 5.71478514e-01 4.95858369e+01 4.67462861e+02]
 [5.01236218e+02 5.40953906e+02 4.34816499e+02 2.26159529e+02]
 [3.26544148e+02 6.23713595e+02 5.65417289e+02 3.95467888e+02]
 [5.93154696e+02 8.11568230e+01 4.40207142e+01 3.18229469e+02]
 [6.09142782e+02 1.61136056e+01 2.44581567e+02 2.30327289e+02]
 [6.82651164e+02 3.95534947e+02 4.18885466e+02 2.08173548e+02]
 [5.20289681e+02 6.06518914e+02 7.88997163e+02 6.84870977e+02]
 [5.17397336e+02 7.58347295e+00 4.40696612e+02 1.06497245e+02]]","[0.58549209 0.28071355 0.66281133 0.23803963 0.51343835 0.9609442
 0.97948748 0.43868942 0.06177295 0.52889217]",735,2025-03-03T23:25:02.451371
25,0.9071309368422056,"[[656.49038708 576.44031009 695.39514132 410.71820199]
 [706.64998394 441.17446304 192.48849691  63.96300897]
 [337.08279773 156.77224749 312.16264129 445.29867792]
 [316.01200573 426.53077898 258.16996892 128.23573141]
 [738.46099717 518.32456426 770.50688686   2.70816133]
 [739.76229223 187.51520868 551.12223362 106.43518485]
 [717.14225327 218.90279467 708.78304324 360.89014186]
 [206.92039958 265.48606934 174.01450693 407.06051379]
 [370.27316976 181.21239195 623.01908662 273.38890413]
 [223.31925746 189.08959447 540.08521025 412.37081023]]","[0.17503954 0.93721727 0.39001836 0.69315513 0.35919937 0.59012497
 0.15017149 0.20759654 0.5152768  0.01127554]",736,2025-03-03T23:25:02.458019
42,0.892320492067358,"[[390.19618426 403.9368296  704.08026751 704.49773365]
 [275.20120149 272.76078018  89.58295642 217.31865846]
 [728.91123141 310.32870553 195.21242895 232.16304118]
 [367.66345876 731.73987803  88.0233097  396.0674595 ]
 [225.73458243 251.48881389 359.25730466 739.28677661]
 [186.45802384  83.5929399  750.25876854 792.40786028]
 [742.8422633  724.98161989 435.79503502 670.76949993]
 [664.53127512 654.70994038 298.53903207 746.49458449]
 [711.11068107 391.56761593 746.23080188 739.81039563]
 [433.2216895  709.15131759 135.17167465 736.67237437]]","[0.02339953 0.71940886 0.54325204 0.71899425 0.09909228 0.27223503
 0.06071748 0.35202458 0.49470274 0.20440584]",737,2025-03-03T23:25:02.465604
11,0.9026550043492705,"[[158.18369595   6.41451212 286.17595652 537.76714873]
 [686.27336754 544.71890046 740.75277712 210.06661529]
 [343.72559802 371.41503078 561.79389439   6.61414656]
 [456.28983139 237.01062649 500.88432375 455.00013163]
 [ 93.90860614 450.75696729 511.78151724 155.93282471]
 [170.69136311 114.86911913 204.01485003  75.72996304]
 [634.37396157 266.50978125 479.04139019 775.90804259]
 [480.49654872 559.531506   421.81156497 698.16958061]
 [398.12773866 736.89474318 239.70306635 602.76737891]
 [334.49246467 294.16542462 684.69361752 595.13706656]]","[0.47545186 0.1208208  0.47771038 0.02426624 0.48839278 0.82164582
 0.36929558 0.36419661 0.5687518  0.23766745]",738,2025-03-03T23:25:02.472563
34,0.8485520645415949,"[[349.4516222  332.19071023 700.68542053  19.08656058]
 [643.97126187 520.45356441 483.73676114 172.76998183]
 [750.09074514 717.8872258   46.91522406 218.91936362]
 [175.24781783 618.89390412 205.30276322  81.22907642]
 [455.71523909 560.77626563 477.86008533 672.74667987]
 [459.04049592 244.84764291 584.22109872 109.57666817]
 [642.90089935 673.6779317  149.41979071 641.29108534]
 [224.47780365 311.96623662 579.91587264 418.62740168]
 [100.87813445 681.36012559 735.42139041 568.87948187]
 [746.11794489 383.4218644  159.55864269 596.90793839]]","[0.52749332 0.19325456 0.84504916 0.07729846 0.51723038 0.11346458
 0.59438303 0.1334154  0.96807384 0.95082743]",739,2025-03-03T23:25:02.483728
45,0.9003426955923872,"[[385.86581823  37.75734362 631.77989268 113.13319575]
 [626.84815845 274.81619847 679.4903569  660.44124305]
 [334.1755457  628.48688392 330.21756224 356.69469943]
 [737.77638127 168.45684544 635.82538526 590.43580172]
 [405.5688628   42.3772506  241.99509196 537.25689447]
 [252.97294186 321.99104069 401.27696424 460.59747396]
 [542.95728352  94.00854447 389.62844724  13.0524298 ]
 [792.91570353 732.65477644 192.69923774 655.45369584]
 [252.59331482 511.03424032 701.92636049 697.45320101]
 [463.29508468 589.3837085  698.24163105 749.46825468]]","[0.59789176 0.01227216 0.24362002 0.99692737 0.22906305 0.28410007
 0.78536231 0.19502681 0.34858221 0.49842995]",740,2025-03-03T23:25:02.492306
18,0.9199809364885765,"[[704.1412745  274.07394706 715.23750148   4.13982652]
 [188.77610517 443.44188913 502.47496313 174.57515389]
 [  6.20987194 112.90674758 315.84030358 321.87497519]
 [442.85173761 163.89219336 403.12967307 356.09812001]
 [715.49913791 222.77410805 555.5297661  519.88831021]
 [641.46076153 720.05607285 121.69092526 513.91715552]
 [565.77972101 213.71409752 253.68046941 553.85097804]
 [412.8434542  131.3906466  623.13083927 176.5098465 ]
 [ 51.05610438 718.22312765  47.78946878  15.44649039]
 [201.4693122  415.36361228 255.81199252 201.57151945]]","[0.86274931 0.4887025  0.06528653 0.26415894 0.12600732 0.67049673
 0.41239888 0.36926601 0.85860123 0.30500498]",741,2025-03-03T23:25:02.500147
49,0.8884819294500248,"[[201.08654761 500.08897773 211.43255291 458.08680632]
 [154.53716873 434.04491732 449.38564732 335.4209873 ]
 [763.07854468   8.51316819 187.14415353 128.46206037]
 [216.68435482 260.21250713 579.83898423 702.20152147]
 [755.44154727 621.05747744 496.47333446 386.2507889 ]
 [260.99045727 611.58272564 750.88436623 532.57327527]
 [492.9909025    2.58558584  83.66208725   6.48580352]
 [678.5511668   92.24849521 734.73057453 210.61375412]
 [332.14508907 793.07439221 480.58250175 511.85957073]
 [106.18085894 455.38713139 609.33209232 757.57809742]]","[0.58707338 0.60021932 0.06010791 0.37181215 0.99768381 0.65613435
 0.18539971 0.21655278 0.31414027 0.19727104]",742,2025-03-03T23:25:02.506994
46,0.8793526458787077,"[[ 50.30299746 448.64089554 765.36615963 702.95466291]
 [ 86.06714675 284.1388832  394.43475667 180.05612465]
 [ 24.78090513 411.81490711 418.21008668 218.29029858]
 [192.60769482 237.66341808 641.78501874 653.21028743]
 [606.92376948 505.36525705 488.23370111 482.39369352]
 [220.44234627 522.71387875 341.72293795  19.31870666]
 [457.25099095 677.394425   579.52681612 292.03244882]
 [108.63334406 670.96965893 392.59690276 663.25171277]
 [659.0201078  608.66647172 184.87094392 604.145151  ]
 [590.41205352 348.82064649 403.33533109 300.28489044]]","[0.52345816 0.59834429 0.12130622 0.42654331 0.57998328 0.22517854
 0.73299688 0.49830653 0.44239436 0.86587907]",743,2025-03-03T23:25:02.514996
36,0.8026760227438663,"[[472.06414938   4.06390606 266.3303918  314.05481061]
 [376.54548397 798.97080912 638.38387719 758.93475806]
 [719.85493484 496.26830474 142.5047902  436.9763291 ]
 [397.4123239  407.90853015 517.36100418 176.7558295 ]
 [526.82398371 124.66163068 772.08362355 371.56942459]
 [672.91713013 254.56126858 769.63489603 212.16880923]
 [ 98.75099799 628.48938792 736.2336675  229.88423641]
 [418.67641353 518.36921349 621.92178793 139.64311864]
 [ 86.54191855 473.291211   187.09026383 439.53316078]
 [381.42096382 642.41991951 762.08082643 715.45564857]]","[0.44242193 0.75578083 0.07568374 0.86270832 0.32412232 0.65566751
 0.88882178 0.12217126 0.16554317 0.7826191 ]",744,2025-03-03T23:25:02.525007
32,0.8300500898513677,"[[699.9137324  118.95996578 792.84673817 379.69574863]
 [478.41233306  23.04560487 609.79421112 240.39004196]
 [491.75705985 403.80611333 754.91130325 453.87318579]
 [254.30792274 461.22238983 149.312085   205.28339818]
 [143.48987049 356.45805861 357.6893813  346.79011142]
 [391.24898145 370.17542189 597.3716751  192.86377525]
 [712.56683939 722.79354684 470.29853656 617.07080425]
 [217.34816451 580.53139471 427.9947787  305.96669453]
 [363.21571544  79.42275568 129.87241727 101.50156276]
 [264.2959703  470.72709978 772.10951592 368.72602742]]","[0.23208747 0.50091316 0.13073467 0.04868982 0.55907824 0.41820367
 0.2767553  0.19601424 0.03100407 0.32356366]",745,2025-03-03T23:25:02.532667
30,0.8076869039785952,"[[614.61346798 228.13729234  27.71949837 249.03851278]
 [469.51439786 582.63903206 278.70985563 605.23485158]
 [118.00430955 668.1851631  262.27373912  39.14662209]
 [ 54.11843721 200.24451699 611.9110047  488.99862637]
 [ 38.10008264 139.88068908 724.38958044 197.77203307]
 [378.74170359  33.23647397 309.01482803 201.29653945]
 [573.5100744  206.44053474 655.13142259  31.18697587]
 [791.89148704 503.5579271  739.98233232 340.7700453 ]
 [264.33563102 603.21209607 731.15809892 287.32275041]
 [749.1677898  440.96200885 122.48156272 264.4667315 ]]","[0.11969037 0.11637222 0.01421555 0.95663446 0.31709223 0.80385487
 0.43422531 0.81338815 0.22277608 0.99095265]",746,2025-03-03T23:25:02.539424
42,0.829943857188393,"[[510.85738071 440.90845104 683.37531404 119.599978  ]
 [391.17314513 445.65395748 517.56290275  92.73237986]
 [793.58092055 458.56531605 638.53279934 544.43117981]
 [ 44.31560487 220.11892222 111.59697044 743.17870086]
 [254.27965566 750.58336445 587.05744629 311.25512041]
 [ 90.580583   430.94109548 416.71171578 749.05624365]
 [607.42948622 404.06082541  15.9390266  401.83039971]
 [  5.81072846 763.21472352 325.14647326 226.43114102]
 [  9.59858507 498.82801382 208.38162658 442.63156446]
 [762.38183738 491.10473167 124.93440495 106.67400548]]","[0.52469595 0.60617359 0.74680451 0.72597426 0.01748617 0.419302
 0.18987333 0.46349886 0.37709452 0.62342911]",747,2025-03-03T23:25:02.546429
42,0.8545697009831176,"[[738.86902544 717.14689737 423.10698215 329.23233659]
 [ 98.69061304 160.37199412 435.72390852 250.50836376]
 [ 51.877794   446.88000796 635.02780931 785.71932702]
 [425.37673208 435.16445467 167.77072046 569.69481901]
 [498.81235759 163.42866731 624.68701483 717.61959674]
 [478.29199559 432.19718816  60.80966964 102.66353449]
 [298.06672675 644.09533554 332.55546679 140.23593002]
 [609.88239251 131.13693389  40.2464419  437.91299959]
 [353.70133839  47.97815643 661.23050045 278.86778189]
 [ 16.75672063 750.84877079 616.00440081  68.07426099]]","[0.34963084 0.07116671 0.55189292 0.91214191 0.67047494 0.46436028
 0.95542642 0.52011567 0.34211123 0.19622253]",748,2025-03-03T23:25:02.554664
49,0.9455045591934521,"[[449.27832088 614.22102436 622.31308588  75.84076426]
 [432.79314577 245.26046065 349.65600451 414.1020798 ]
 [624.55672233  18.93009347 389.3026317  456.50326204]
 [125.15832206 107.98045257 117.42469152  20.01704236]
 [177.33109468 100.94136429 795.43186418 786.88681615]
 [606.55496067 622.95013061 679.84606359 138.71791583]
 [ 73.02771168  35.86141199 305.38398552 439.66898366]
 [574.14504769  77.30128717 331.28159849 246.5905368 ]
 [157.95460367 515.49623839 573.80729075 356.46301987]
 [193.29483046   1.87467427  77.66843856 145.97135733]]","[0.1813711  0.49157149 0.05205308 0.43951953 0.54613617 0.9808024
 0.99029492 0.8753322  0.62891732 0.3754056 ]",749,2025-03-03T23:25:02.562286
40,0.9060348720257567,"[[223.98347356 388.92596597 103.27005818 791.06181694]
 [464.98804529 611.29267099 484.97897626 772.98939756]
 [245.08448309 151.56049261 465.73221886 227.1622398 ]
 [553.5907339  401.17048679 315.85465597 180.26602388]
 [383.53342492  98.57497009 345.78137218 265.60707942]
 [ 67.70307751 494.56648939 697.97827329 290.54189314]
 [ 97.64034635 770.72415412 641.2845817  296.32550189]
 [690.98775316 301.00814365 785.80224063 490.19872711]
 [490.29290106 423.45665318 669.98586373 307.49731367]
 [437.28974411 463.59281811 645.71701507 701.91871611]]","[0.81871017 0.25662713 0.70007337 0.00632711 0.82334376 0.28592283
 0.305821   0.42366728 0.2853506  0.57149285]",750,2025-03-03T23:25:02.569041
26,0.8357152397533272,"[[520.68603203 486.5687619  538.40382962 516.83902778]
 [317.65234678 197.14099712 309.5925577  418.73906413]
 [335.56619501 420.79558331 235.39567592 240.11960413]
 [  4.67042446 147.31637809  91.68310399 422.00035771]
 [434.60077934 117.35677424 114.82870222 116.54238545]
 [546.7634504  253.25643282 789.3284338  665.26619701]
 [651.59770271 792.93367246  26.74292186 647.7349807 ]
 [575.41951987 143.08785123 763.17241674 144.1303681 ]
 [336.43565416 110.02432631 791.89694815 696.8801041 ]
 [361.5717417  305.1408515  207.96495774  17.82918551]]","[0.58558531 0.23739394 0.30418102 0.51220333 0.30501251 0.77762147
 0.25118188 0.88532997 0.98745489 0.03607387]",751,2025-03-03T23:25:02.576645
24,0.9188134400460619,"[[ 25.59748999 689.72824226 468.31925053 589.2998712 ]
 [358.15584602 368.75536819 639.50626597 495.3029463 ]
 [ 76.63112896 192.11070562 399.29352932 661.59944122]
 [221.21830414 144.62727018   6.6758255  201.82702408]
 [647.08755759 680.63541046 367.88065633 146.12660782]
 [585.66611727 459.89653217 406.4459341  697.85670272]
 [665.74083081 358.28967606 514.34547061 798.04347966]
 [460.15410301  33.98412248 227.2027823  765.84108918]
 [607.25669472 684.96234369 703.73339407 470.02893593]
 [118.41624133 307.8973482   34.642629   539.32268362]]","[0.03771903 0.16793862 0.04513267 0.91747286 0.97511713 0.98529736
 0.42174976 0.17507239 0.78771215 0.39468489]",752,2025-03-03T23:25:02.585070
41,0.9270529759714929,"[[194.1460926  464.61647849 727.09790719 359.49722568]
 [597.36493366 251.73299709 795.75725888  82.2829231 ]
 [302.72688741  38.98811634 790.71559389 101.11449371]
 [196.26616865 574.89109019 250.53605256 166.95327878]
 [778.96090686 512.63402318 610.47648065 601.41195128]
 [351.5727546  176.26817161 267.04504838 448.42303475]
 [335.7467738  100.86466942  11.62918193 733.01458242]
 [686.98138084   4.88870441 229.26898555 799.58560977]
 [ 60.46013075 796.29894869  81.42557671 506.94255914]
 [263.21516764 112.15072428 258.77983782  53.24830372]]","[0.55854461 0.02785292 0.15269216 0.72636531 0.27666819 0.00899978
 0.4546652  0.50890451 0.75584209 0.71186527]",753,2025-03-03T23:25:02.591839
10,0.8371965594746106,"[[733.91266505 740.76593311 715.43723623 193.13269364]
 [218.71904264  27.13297314 473.01662042 134.04786783]
 [194.59387094  49.49911314 222.9603872  507.66428456]
 [458.12230204 747.97442915 241.31325436  16.59195081]
 [640.2190332  468.05064446 400.32242413 200.99717921]
 [327.31338836 456.50766926 122.44714711 251.40148523]
 [765.68424638 393.20912067 426.71453619 315.06968048]
 [192.81784967 457.16198922 227.59797487 546.91008655]
 [190.3154844    3.76778761 310.56871756  68.68487879]
 [462.10368177 512.02146672 569.91721861 426.23102783]]","[0.66472621 0.25388089 0.46596669 0.51769189 0.54660902 0.82234655
 0.06399583 0.60000925 0.9658144  0.69781946]",754,2025-03-03T23:25:02.597897
26,0.9094523566120754,"[[ 79.66167799 540.98401548  52.90400964 350.34039351]
 [587.84578196 742.26366643 760.68518644 119.21759884]
 [ 17.06354117 465.69870863 264.61657248 433.95907964]
 [635.33185275 242.6016278  509.59052992 360.43502836]
 [393.50306645 259.38744077 538.63445782 520.42938153]
 [771.8873225  484.74290489 467.08714213 219.48790984]
 [672.38414712 137.47019123 741.11109226 401.11922181]
 [469.65084939 569.18156856 268.56230587 648.25376251]
 [757.5876212  725.15913943 268.64550546 618.02046341]
 [ 33.54961663 426.82096445   3.92128591 208.09414703]]","[0.23469197 0.74593143 0.87794824 0.07150155 0.86768837 0.89758007
 0.38005501 0.58752918 0.32527692 0.44628669]",755,2025-03-03T23:25:02.604420
24,0.9423708274307909,"[[676.94803784 362.35092311 634.32104735 185.10084366]
 [234.48696478  10.47725256 630.56416773 231.5403642 ]
 [696.83424085 309.94196178  90.57563889 729.042309  ]
 [774.02228697 190.01105837 129.93396103 184.64725318]
 [ 58.66061142  61.46793195 140.19165586 417.80136685]
 [370.48815215 642.64279113 636.46713073 364.64179577]
 [ 15.77081101  97.40709587 310.83575957  20.97302064]
 [194.55342011 312.70221205 239.46455548 357.16555357]
 [511.38700038 767.32070348  71.52722257 104.79257065]
 [371.28059262 403.60827142 380.84395418 122.61654077]]","[0.7545834  0.4326347  0.95418018 0.51467798 0.75091703 0.48080949
 0.35356947 0.56721752 0.3345284  0.46343562]",756,2025-03-03T23:25:02.610416
26,0.8967365457580736,"[[479.9429335  324.28574604 723.39222541 728.53718911]
 [218.6151301  108.19539348 476.82555313 486.49942263]
 [575.87736911  98.8041349  255.15743389 165.7419111 ]
 [182.84792136 317.94259634 772.73234224 633.85769366]
 [230.68398513 385.66925425 494.18656356 449.57978827]
 [654.38470404 744.77348649 140.53523481 222.00529256]
 [ 66.26738395 403.25157613 569.46467942 772.15198407]
 [624.69582465 483.61875365 650.40314833 419.34253913]
 [416.19828264 406.04443506 232.67241027  33.75592751]
 [ 97.6037628  557.85921036 385.56711633 300.79219836]]","[0.9208081  0.49530219 0.68529356 0.40747876 0.33475478 0.86805048
 0.72974737 0.22770471 0.39663254 0.46944362]",757,2025-03-03T23:25:02.617416
13,0.8362791299402479,"[[473.92618217 232.38218111 146.90621688 533.78125074]
 [639.5860911  106.46704882 171.42943504 235.19772207]
 [706.49447099 683.27401762 667.37965819 707.57524535]
 [312.5127195  719.3132728  735.47031672 608.17528283]
 [286.15299    791.35093605  12.87362045 469.81142814]
 [512.37469558 444.22511145  66.93766315 359.90870844]
 [727.59168314 773.80330863 164.28148454 174.63287669]
 [351.31945515 757.29354759 401.78695347 256.67150353]
 [ 52.31713665 705.27406065 177.13379192 569.11079743]
 [483.10359712 262.70769404 348.13889457 331.36400248]]","[0.89450169 0.82465175 0.47908668 0.83202163 0.20376187 0.73422865
 0.9711923  0.87257468 0.86135475 0.02266315]",758,2025-03-03T23:25:02.623421
32,0.904288321924503,"[[619.85529454 709.59940629 403.41611722 716.44572842]
 [777.33220671 572.75774348 355.47519865  97.40302244]
 [308.83434537 640.86892541 588.74438265 374.1023588 ]
 [336.05615915 262.00208797 303.78238748 665.82185372]
 [709.1082473  691.46525692 773.29964081 529.36081902]
 [116.92287196 266.94392846 314.66871859 579.69607215]
 [470.85249101 459.96227143 763.97092894 760.41856243]
 [407.21858594 311.54192932 751.07715324 738.83485901]
 [ 87.23002098 703.31065671 156.56975621 491.42329511]
 [741.01048696  79.39438392 729.39007238 229.39431001]]","[0.22694944 0.65579004 0.40530169 0.86595879 0.39318414 0.21443717
 0.26853716 0.45866945 0.35636817 0.07935509]",759,2025-03-03T23:25:02.629809
20,0.8531862031220954,"[[199.26869597  44.39494185 524.09124903 495.6381545 ]
 [ 71.85121494 150.83545219 328.42213306 512.41859956]
 [ 96.32389956 794.56210823 471.82726635 368.15625781]
 [145.05485981 372.04163627  40.50130428 647.29181059]
 [415.76400595 307.53700691 689.5335328  756.57396714]
 [ 94.99343518 469.93818453 515.27200101 742.33352232]
 [670.27840996 183.91007465 594.4854804  605.57846747]
 [728.73377711 554.80919792 750.89602645 241.17433356]
 [269.43972376 734.80681641 412.05038103   6.77951226]
 [252.45698472 467.1679062  255.1209676  285.53363759]]","[0.57864784 0.99120738 0.52240345 0.73372637 0.39941862 0.0561433
 0.65668649 0.7526241  0.10668097 0.36014031]",760,2025-03-03T23:25:02.637889
44,0.8301086664572788,"[[396.66743161 397.87654639 725.71760051  59.29285139]
 [535.99694099 462.98086962 589.15300525 456.07125715]
 [620.36164195 255.58590094 232.18866271 507.91212386]
 [336.16599161 244.38263377 262.60160249 499.57430562]
 [748.71556262 212.77254235  15.40082271  35.73167225]
 [681.5304908  133.64389672 248.22382535 678.9618884 ]
 [163.66773548 378.35821864 229.2157695  323.6002019 ]
 [600.81689052 154.87472862 643.10655249 382.2144615 ]
 [422.90788416 471.72763867 354.89908011 122.66266928]
 [785.94981875 396.5387796  429.6148926   83.55183291]]","[0.23582568 0.73203804 0.73504482 0.66253136 0.54806398 0.64053974
 0.32023368 0.27706284 0.60581483 0.72568954]",761,2025-03-03T23:25:02.645065
32,0.901407275188442,"[[314.60050029  77.99262118 763.71727702 691.77745865]
 [631.26538657 512.41639986 195.65608857 109.64216902]
 [495.64334006 432.96926726 137.02999236 542.49070381]
 [252.8311522  202.33965955 378.27890915 615.06063151]
 [642.97817506 613.41752757 510.93841945 176.91855145]
 [770.12358202 745.26336126 491.59424008 154.40244075]
 [220.79414417 120.30070611  64.9000858  244.86708552]
 [595.13569905 711.2970077  260.61335742 237.28428634]
 [674.25364197 694.67641217 713.93532302 600.48946547]
 [738.78380663 434.0435212  234.47795028 170.65192497]]","[0.12572663 0.93791779 0.05231407 0.76780479 0.04247492 0.28917754
 0.394849   0.4431559  0.25548817 0.20821073]",762,2025-03-03T23:25:02.651631
39,0.8890622403476636,"[[573.49742    639.68680345  66.91229059 741.63402025]
 [585.14832594 683.82588808 727.38038092 611.66861986]
 [133.27121991 217.50081907  47.3768877  330.63736509]
 [179.56790632 319.32189369  95.83130099 671.9406597 ]
 [479.32243351 431.2801822  469.04153377 741.90215431]
 [601.19756474 385.07111306 560.16183274 268.76576688]
 [317.11511842 519.32275153  45.81110751 759.12318886]
 [690.5952983  549.14704032 290.13785531 792.64183675]
 [123.99723983 797.87383145 490.6931502   14.71912659]
 [ 13.98108614 145.46399966 420.29170486 134.5245113 ]]","[0.58659617 0.38095329 0.53394915 0.70300373 0.11156571 0.41644614
 0.44430127 0.94015171 0.83722261 0.88073624]",763,2025-03-03T23:25:02.658808
31,0.8677941578345614,"[[268.558808   595.44672904 609.56358472 678.78663485]
 [147.55363771 481.82256039 534.35252734 499.81557113]
 [ 57.34750742  93.74089656 510.44494959 244.72602362]
 [103.06984423 581.62536107 103.5988385  557.73733537]
 [ 53.77198627 583.17175459 190.86488849 742.41866347]
 [470.06940057 391.11348022 789.83066215 548.82857299]
 [128.03022559 230.30178932  77.5735838  208.61251869]
 [190.79702491 734.07685617  73.16032067 203.83169335]
 [640.68873894 272.48296094 143.86880055 368.37185273]
 [573.55563585 350.34610236 771.93349798 381.64966483]]","[0.50988299 0.42113356 0.60690367 0.21223734 0.68148249 0.27677123
 0.06778625 0.53959562 0.27469074 0.1666706 ]",764,2025-03-03T23:25:02.664620
47,0.8367348179794489,"[[490.10672503 614.334686   161.40514627 681.15648321]
 [689.46592141 591.2150629  219.95055486 461.24413376]
 [ 78.63990816 644.10501278 233.95798685 273.04370997]
 [731.28997211 471.10341481 595.30803403 174.36483718]
 [120.68298044 143.44352919 576.22523104 752.85730153]
 [ 85.15886491 319.64362717 305.4411457   71.42562925]
 [219.27943218 786.92499632 312.49543914 593.9832662 ]
 [357.91828908 648.53309648  85.97272107 184.19092973]
 [ 76.9428104  664.87935063 405.65919984  36.84374825]
 [675.16028606 471.8348382   88.4002274  609.99452188]]","[0.69019071 0.01768551 0.61110341 0.63843145 0.63533077 0.97405392
 0.85016851 0.63653393 0.30654077 0.36645185]",765,2025-03-03T23:25:02.668824
22,0.865442138859506,"[[451.28992141 711.64740978 771.11077051 436.30178332]
 [ 21.03891059 694.88629231 258.79202467 377.11731016]
 [456.34805823 250.6870337  101.9663953  180.52733873]
 [204.48971944 637.58216326 144.65240886 214.43808503]
 [341.48354616 703.21060606 114.28851189 241.66425455]
 [452.40626391 394.25869382  37.09665525 421.26701127]
 [194.24036193 623.29860926   4.79983404 370.50541931]
 [291.26355991  49.85919808 400.38449085   1.25392482]
 [263.5308408  238.49011144 102.77124214 237.38295486]
 [555.20968384 469.21787642 265.33188066 223.50800102]]","[0.65928591 0.27470957 0.93627004 0.01576301 0.94541804 0.4569515
 0.90146937 0.20476537 0.00812791 0.67053218]",766,2025-03-03T23:25:02.675433
32,0.9317427619584876,"[[772.94813827 633.26105628 148.90086238 576.91984536]
 [346.26319664 284.13393608 452.65233828 505.73036117]
 [455.68631395 192.06942905 333.48560814 636.62357272]
 [ 74.62847842 302.01460324 258.44356283 733.08087262]
 [104.24281978 284.33441935 495.89771998 278.62512044]
 [679.63687168 233.71038424 580.70036843 510.92901276]
 [221.12590972 222.39495108 138.68273586 473.71815304]
 [ 77.7419855  381.34321832 424.06871621 149.04927685]
 [630.00030314 798.97870471 502.9602603   44.15117731]
 [447.77819206 103.61271686 322.45754673  37.1159916 ]]","[0.44846489 0.93309158 0.71180813 0.77738279 0.87310357 0.6996592
 0.46330979 0.00441088 0.47814017 0.28722303]",767,2025-03-03T23:25:02.683531
26,0.9311164919156409,"[[165.27906016 101.05141834 318.70813508 519.37096912]
 [ 56.03156439 157.70669892   3.42252618  45.17636767]
 [472.24651666 216.01980604 633.5727243  405.75703945]
 [412.41951902 454.04484639 437.40985831 425.30975222]
 [530.15983425 589.29761747  69.46196504  48.52025887]
 [583.6432205  621.85646627 538.69583548  63.17830503]
 [172.08323136 667.87253923 385.02626989  63.10759719]
 [601.07013179 330.3452328    2.35482359 305.56613837]
 [436.64835633 197.23740364 477.52962082 768.1359998 ]
 [ 90.25736376 361.04145749 442.89563954 736.38006719]]","[0.10726603 0.18122317 0.33728998 0.76337277 0.57477467 0.90255909
 0.02671069 0.8322285  0.74572853 0.82204934]",768,2025-03-03T23:25:02.689913
17,0.8134609826143787,"[[600.19589606 345.88437937  95.81589542  90.49356143]
 [272.93473329 444.00689293 425.27053626 731.52868808]
 [789.28475924 432.78087899 662.84899083 358.66528659]
 [ 89.23335058 344.00997213 140.46694733 589.07862418]
 [123.0053926  616.9483944  262.19391163 549.42231217]
 [277.49860133 718.04886464  16.20242463   7.32772279]
 [176.77966675 283.05614992 317.19984995 744.35948993]
 [264.19610404 712.95811258 179.22902164 268.83899439]
 [123.51362007 441.67780137 422.84425545 440.5913664 ]
 [ 21.01254464 201.08355402 330.50942268 134.11081054]]","[0.82355553 0.7293371  0.39717111 0.64887582 0.56788165 0.47198524
 0.08893301 0.87259191 0.26381119 0.12400103]",769,2025-03-03T23:25:02.696217
34,0.8106654594709846,"[[642.802654   712.59042297 739.36084683 295.86450094]
 [649.20316712 694.06961127 514.71574428 605.74819352]
 [211.05880814 187.01853552 460.3887112  165.12243336]
 [557.85787892 181.20196609 255.17714369 102.80713253]
 [560.63703889  60.8702029  393.74964536 796.53229503]
 [273.97745434 471.68491642 242.22080141 732.09450974]
 [403.39158955 395.74690563 578.77049074 713.71254936]
 [ 61.72354565 784.78349273 782.72827148 776.55267233]
 [774.75500468 735.32654179 367.60680548 240.80730631]
 [219.61811034 558.91760005 788.28476512 169.28955312]]","[0.47066535 0.76307901 0.86821113 0.65345404 0.40705679 0.12377762
 0.25328941 0.09369923 0.12056023 0.70337281]",770,2025-03-03T23:25:02.703181
34,0.8093983756855319,"[[ 59.32235508 676.49254205 735.47445023 108.34274844]
 [180.77031782 293.28840537 744.30643735 708.34152273]
 [224.60748155 352.27799601 629.6377531  491.96793939]
 [444.60284586 309.73982064 215.37426346 786.026829  ]
 [533.51379993 461.746257   359.53502074 254.47417914]
 [295.56315149   9.43876122 146.13755527 327.57246262]
 [575.95185897 298.99655094  60.18766289 581.21811997]
 [ 30.03559901 363.71240872  72.72213175 329.62385411]
 [301.85139119  99.50349511 507.93670417  10.68455048]
 [204.77952233  99.76226391 242.15459067 575.52386917]]","[0.33254109 0.10928433 0.11089496 0.08565203 0.56454983 0.00591868
 0.4415832  0.16528964 0.72170104 0.13749824]",771,2025-03-03T23:25:02.712754
24,0.8699533360290794,"[[257.99167205 549.99414094 638.33766277 675.73944206]
 [453.69866596 694.17529182 606.00595434 178.04336327]
 [716.59226039 132.59584496 242.96912918 722.28908882]
 [ 45.89779352 225.64503195  43.15912382 256.52300189]
 [101.01677384 268.26393111 547.78188389 739.85182199]
 [490.00688652 453.03088643 369.82262415 342.83111981]
 [180.44948384 360.29482763 798.60780104 778.75471011]
 [371.55341821 474.63304681 555.97564319 230.66561701]
 [721.1731718  264.35329232 385.61162507 466.51376995]
 [ 21.02651445 368.04289212 103.36180698 478.1361229 ]]","[0.17540612 0.53687992 0.16818772 0.7383126  0.44788952 0.36161434
 0.49256349 0.78860954 0.42956393 0.4891358 ]",772,2025-03-03T23:25:02.720274
50,0.8639291144460359,"[[516.63266476 471.9210719  376.55349448 113.96852856]
 [272.60828947 326.75679657 278.66061177 696.05436008]
 [604.76468751  44.05921511 365.42559483 569.46846516]
 [545.1609188  254.15879457  18.16906092 171.14766436]
 [733.57921414  41.02282795   1.55192638 395.90176216]
 [607.45907179 630.36983054 400.47324032  99.88328812]
 [302.64306086 487.70988704 352.18745581 268.47849028]
 [271.40334382 633.86301933 338.49092638 707.30827514]
 [301.70013938 583.90813096 564.70102974 755.74179397]
 [579.62458451 189.08271659 602.75755254 557.51324449]]","[0.05809521 0.98813309 0.69072795 0.31283401 0.97087366 0.72100141
 0.40670311 0.69193515 0.83000745 0.21438244]",773,2025-03-03T23:25:02.725904
13,0.9252260581771001,"[[ 71.12450033 186.28481774 110.89971822 792.38797181]
 [247.73969547   6.79095337 655.08329572 792.97326835]
 [740.02116914   3.46349513 714.31170116   3.25627486]
 [562.27848282 769.21851574 715.27837664 786.18894211]
 [695.96081859 595.00992877 608.40524851 488.48576566]
 [674.86714612 660.9900529  384.84480529 387.93061276]
 [700.69765    139.95435676 515.76719926 613.35661484]
 [674.51654119  46.10959998 402.13230369 310.17300689]
 [ 58.60846144 738.98415636 662.58389134 790.45370946]
 [360.63837904 300.53808867 701.93879635 300.95998784]]","[0.70072523 0.81910249 0.57853753 0.41082193 0.39168958 0.59942284
 0.82579559 0.59904522 0.89080683 0.4811596 ]",774,2025-03-03T23:25:02.731332
46,0.8453841072492531,"[[169.82721433  72.84921632 442.79951249 640.49987764]
 [290.89039378 355.61566471 470.28867244 702.25483811]
 [686.53738422  15.89763535 527.90065449 215.69053544]
 [699.81047475  37.57510748 209.1690709  308.57167134]
 [783.97980667 748.28321997 742.62432307  72.84053339]
 [113.09304579 284.75237717 233.18172453 121.65476151]
 [243.81401775 788.65330722 460.97855295 434.62598462]
 [207.10002664 661.64689339 235.14753382 415.85276657]
 [361.5116492  493.91601736 348.96630766 583.17811633]
 [ 53.99688066 625.59626015  20.21968993 715.56780712]]","[0.25290914 0.34231333 0.20768458 0.11744762 0.79301888 0.2073565
 0.16595996 0.26067513 0.92260355 0.09765898]",775,2025-03-03T23:25:02.738321
12,0.832775128300047,"[[547.80706945 412.81877903 381.57188364 456.76816482]
 [790.40824856 631.41849475 109.59365942  85.79542366]
 [486.14523025 425.79128409 572.51241198 441.24014285]
 [767.11346352 744.38993216 352.81392104 630.03980874]
 [437.78856864 290.05564156 456.50508611 580.78397985]
 [571.39362415 698.32186097 793.06820806 435.90913357]
 [764.68144167  41.5832712  207.64271959 573.40898499]
 [ 13.04036708 275.22137126 529.66301846 123.12245117]
 [575.48262588 697.68857127 421.61992008 291.05655218]
 [710.62377523 782.80387963  83.37688042 640.02094068]]","[0.47433901 0.91285424 0.09660612 0.55139094 0.60331121 0.64648736
 0.77313225 0.08651968 0.38617244 0.89888477]",776,2025-03-03T23:25:02.743779
34,0.8253181708070161,"[[518.36496227 217.79959466 621.82060565 382.47993577]
 [216.49263658 689.32897158 650.90750443 223.78029192]
 [287.29465339 321.86714941 666.82039327   7.12811872]
 [232.61197824  14.70745581 469.49678937 420.98781204]
 [214.51429351 642.51292341 337.80028804 338.33118812]
 [124.12443443  40.22418615  72.52086151 734.26711398]
 [513.26913039 530.96953112 392.04410974 340.72261458]
 [722.2457699  439.00371732 661.54155991 433.65335106]
 [565.58948367 696.61436534 132.74370582 670.53311209]
 [570.87834389 121.68324628 772.44208318 345.47002081]]","[0.93396988 0.3176072  0.41507291 0.1416727  0.92477251 0.93094925
 0.88967102 0.75942021 0.49577962 0.24779929]",777,2025-03-03T23:25:02.750324
31,0.8157495237502723,"[[560.11722858 690.87353574 302.07982222 539.90063926]
 [102.64572739 781.68634375 744.77782502  12.63855654]
 [583.21713354 323.95140079  68.43032244  46.90013416]
 [ 95.09897416 135.61989764 493.85195516 518.06526178]
 [210.76748688 209.60173876 633.98914227 166.22460807]
 [532.78116976 643.92008937 347.48949911  61.41368545]
 [651.85515325 201.36069223 781.24716537 148.31728961]
 [491.78606331 715.05884241 609.19163341 778.57359891]
 [155.57639925 370.21891729 358.28932082 313.10560726]
 [424.8094346  793.64133215 432.00451465 695.4513153 ]]","[0.60157283 0.65073269 0.1408534  0.67331094 0.16240921 0.71319907
 0.02306577 0.76046781 0.06993579 0.30394987]",778,2025-03-03T23:25:02.756948
17,0.8244080206443886,"[[ 97.55549737 680.26121205 124.47952813 129.65847602]
 [551.75317484 388.81946766 710.92739443 602.96817803]
 [ 43.61684377 471.3222009   46.02958792 664.20592848]
 [588.89512886 453.80443021 701.63506934 302.87414542]
 [302.83994219 515.14918396 458.29570074 222.65674887]
 [312.94556882 309.0293773  152.22578952 687.56565926]
 [136.9545638  791.04766229 380.35627719 182.2732944 ]
 [692.11010762 166.18159008 387.28339885 685.14672648]
 [276.36474162 161.7210995  549.30622416 180.7944681 ]
 [407.55798038  72.57210538 266.27441395 672.56553045]]","[0.18365192 0.45852665 0.49615495 0.07182885 0.87058458 0.3618056
 0.75966472 0.74370624 0.74156561 0.81118261]",779,2025-03-03T23:25:02.763193
37,0.8700738653316139,"[[697.18519993 611.54428125 656.92897717 445.6594412 ]
 [473.63390819 563.38773947 490.58898521 424.57718   ]
 [200.71272593  86.17181834 392.00782911 173.14975737]
 [144.39549384 627.8836207  779.4833979  488.53841867]
 [363.53270248 696.67529092 112.39573816 108.83854452]
 [615.71587986 720.04449373 316.65692256 266.66113178]
 [122.69131852 547.11099594 671.64170957 377.48411114]
 [118.38898334 583.40058091 679.28898195 542.77257016]
 [729.01919116 512.78392367 162.14854823 238.53003993]
 [127.00980913 466.36073345 147.94149698 720.34414134]]","[0.21081622 0.90203754 0.94443023 0.02573835 0.2705652  0.33261078
 0.33026893 0.95075684 0.21593819 0.21538652]",780,2025-03-03T23:25:02.769755
48,0.8280376475228158,"[[362.13935097 418.65851615 271.90120409 567.50525457]
 [524.23466233 682.30863448 290.74467542 636.92173392]
 [725.95735222 406.59163244 162.92030583 149.9965936 ]
 [ 44.73012458 106.28766457 132.06499349  99.38059368]
 [185.98813375 593.44385198 197.0181682  609.10610036]
 [469.01290891 611.61916335 741.67545001 742.93134978]
 [605.29154925   1.84012354 628.99320055 226.53134819]
 [572.52032882 215.4924692   69.15436495  28.20557638]
 [635.93547142 645.5887854  283.57207384 118.22883794]
 [588.09120545 601.76016092 269.77742099 218.04456043]]","[0.06527738 0.58006092 0.540034   0.56182132 0.40795442 0.07178137
 0.63068968 0.06261756 0.46544422 0.01235107]",781,2025-03-03T23:25:02.775518
10,0.8383728272773361,"[[720.90478776 610.10649458 498.42122199 426.68921246]
 [618.3502627  275.98763706 624.24849487 150.29719102]
 [154.13841037 654.4988718  530.47853392 499.78279624]
 [232.35423681 669.61030858 702.50933688 661.66956915]
 [ 50.04724457 623.62145958 233.39401285 647.6811869 ]
 [347.12701903  51.66427761 661.50845483 313.3832768 ]
 [ 31.74708536 235.00935143 500.76230437 268.18852383]
 [477.63151909 421.76132978 274.50529278 323.29838847]
 [205.15134813 789.66244307  58.52587787 621.57921342]
 [213.17256328 212.18976026 542.14232471 100.15923045]]","[0.25535817 0.53157674 0.47516938 0.73704405 0.86151118 0.19802677
 0.97095863 0.68857705 0.55166416 0.86974777]",782,2025-03-03T23:25:02.783371
40,0.8472659723385959,"[[107.32213083 530.1542318  116.76234659 191.5240063 ]
 [507.37439544 263.23676103  86.28923014 662.90438961]
 [502.60438949 630.02273277 618.52194478 761.25487638]
 [394.36049228 520.75910667 716.13226449  65.27383495]
 [335.52287915 732.80334947 104.9645969  437.38402707]
 [482.80821219  91.28356463 220.75812689 398.79255774]
 [441.23367263 119.07495178 389.83307196 199.24128828]
 [687.9657819  302.13201627 156.48864464 741.76283166]
 [238.16448276 291.87286307 545.70882382 583.83812053]
 [511.4663299  762.95541047 390.2600937   11.63939878]]","[0.28374268 0.46237194 0.21205227 0.64323712 0.53112872 0.87631873
 0.46134498 0.68186759 0.34034883 0.28481177]",783,2025-03-03T23:25:02.789435
38,0.8756427957737848,"[[223.9502964   65.28517361 608.20420491 632.41471548]
 [367.87282487 176.60768068 642.03723258 219.19651692]
 [336.92761696 748.23649463 203.60518701 586.78756734]
 [378.94414583  96.43084311 535.61013179 139.59497329]
 [273.77174359 701.82410361 118.83408648 216.09160475]
 [387.2696812   43.06362367  10.88876546 411.29793239]
 [456.77393645 562.17409279 716.39435788 690.83610253]
 [558.82101027 122.61257687 176.71640447 605.87832969]
 [206.10472455  16.02341926 759.48747123 118.71387357]
 [ 35.14434972 376.01603498 107.05480503 680.21921694]]","[0.69724528 0.81809016 0.29076016 0.7955504  0.74476133 0.58159121
 0.30012806 0.99317838 0.99521804 0.17613593]",784,2025-03-03T23:25:02.795082
40,0.8189523925039947,"[[302.34708112 369.50061094 216.95316163 226.25713252]
 [491.95295583 348.07890893 393.65182689 712.83677219]
 [228.99995938 516.37096098 520.70387325 119.50558966]
 [345.23748993 646.45115037 227.92073162 544.25953854]
 [718.2205115  454.79447456 102.04645244 103.39264763]
 [281.68731416 460.37023621 274.19026028 670.92337275]
 [718.39179187 427.39669171 151.43140834 411.07016632]
 [ 58.73734857 190.95283942 218.56099419 152.05872953]
 [166.83481819 708.68851433 480.21331967 552.91855704]
 [738.33991053 473.98213285 167.01896444 143.8109857 ]]","[0.58448063 0.87873415 0.03653899 0.18176969 0.81281317 0.6537803
 0.10155908 0.32968184 0.08145067 0.14941306]",785,2025-03-03T23:25:02.801176
46,0.9001778574464672,"[[294.35701975 481.81641852 430.65537119 275.7319712 ]
 [ 83.39374585  26.02436295 110.16620895 464.83589599]
 [ 67.58514001 271.3907918  641.04690975 491.30756845]
 [128.06825738 704.79988656 344.82806901 355.24375795]
 [402.39177043 668.07133652 391.38562874 705.05473966]
 [523.29330378 109.62384799 679.06295244 676.33811147]
 [519.36998689 532.89798828 294.3353189  256.4921465 ]
 [ 80.96744644 614.50371292 527.99065989 652.35276815]
 [620.71077118 277.06933507 232.87939778 692.40733827]
 [414.21316308 397.50400624 304.86975883 740.83376695]]","[0.75581567 0.82044091 0.91471186 0.36850764 0.3127311  0.44442651
 0.16300583 0.6561054  0.41909461 0.39297142]",786,2025-03-03T23:25:02.807728
23,0.9013875720199955,"[[299.87522367 237.68911549 137.89044744 320.60151059]
 [ 76.89214976 582.73143384 219.9577955  258.54315803]
 [714.5613305   34.43154264 540.38021623  47.55374485]
 [780.62952288  66.82330647 295.92462005 549.53938018]
 [254.16212977 107.84138912 120.87932018 292.19333774]
 [481.83592979 461.51226384 672.28703791 162.69907652]
 [120.85328467 704.02661202 266.26427307 353.08825531]
 [123.22767031 673.65449669  43.32423366 731.77881458]
 [494.26266872 341.8015267   51.28175131 681.37935362]
 [148.40832875 744.41034063 278.03174235 777.10650114]]","[0.27525269 0.02922926 0.44837068 0.58591143 0.72246169 0.51501116
 0.26303728 0.72103107 0.31572628 0.16385387]",787,2025-03-03T23:25:02.814246
39,0.8864843396083639,"[[302.40116864 125.60443386 787.92088249 655.20775977]
 [646.66227571  53.64825253 526.37889836 120.41995028]
 [235.21597134 228.49991046   8.4504902  113.94720368]
 [118.27852807 614.92908549 553.24619183 112.5015516 ]
 [213.47815713 189.24958093 506.00564821 196.51190954]
 [532.40438945  44.90370673  82.09844435 198.36956247]
 [130.27233772 619.90925278 374.93445922 633.34605205]
 [308.2249738  525.88107669 168.15295093 256.59688177]
 [418.9774078  552.60796222 328.86675452 160.11855803]
 [155.91303904 733.74090015 234.89864525 782.55377911]]","[0.47694519 0.53530641 0.23092143 0.52313045 0.52684911 0.15777042
 0.6029303  0.30663464 0.47519196 0.10659524]",788,2025-03-03T23:25:02.822385
27,0.8330874791462732,"[[563.28982416 580.0554913  481.1995967  409.08073297]
 [530.27164093 481.24567022 569.0567253  345.11521621]
 [176.93086538 653.93035431 773.24942875 349.84223654]
 [741.52236283 124.9243588  570.19532577 663.38000589]
 [257.66414497 621.87312494  79.02471637 133.61715753]
 [409.27635041 407.85202999  35.55044826 224.08374414]
 [381.69040156 528.63152963 584.91734663  47.07727727]
 [629.00992195  85.91687591 299.35791809  19.40896706]
 [515.77640333 231.51071597  13.09268526 420.16286104]
 [ 51.41974556 426.91979825 740.74147995 238.96909592]]","[0.27406462 0.87349396 0.77450438 0.90100981 0.65097145 0.8646768
 0.40103815 0.860285   0.37238954 0.642186  ]",789,2025-03-03T23:25:02.828490
43,0.9499730099871608,"[[280.67704247 618.17592783 694.68757889 213.49188889]
 [  9.82682291 184.12210923 118.02593951 319.97178963]
 [106.40792852 291.2093873  502.24733048 344.47256151]
 [707.24177632 379.66371004 728.1156727  142.40001095]
 [782.68394938 423.63743331 546.29357612 730.57203506]
 [426.69121237 573.9087895  660.6600135  242.59526609]
 [750.96084984 273.1347825  305.14863181 147.32688841]
 [ 32.68042372  49.19608288 751.75521422 631.91102963]
 [159.57222962 610.98448692 499.40502185 768.7962821 ]
 [688.64496696 571.69228887 431.65933932 739.31766382]]","[0.37330076 0.83496715 0.01364964 0.63271651 0.10875661 0.08428602
 0.38895236 0.11774429 0.48933747 0.6407579 ]",790,2025-03-03T23:25:02.835006
28,0.8144108262430093,"[[736.95775792 345.76627912 414.4913076  204.62782862]
 [286.66855499 483.92955863  85.32222561 544.93667177]
 [  8.18075297 722.70721664 590.19386216 508.47641249]
 [769.15642098 566.95783016 763.1799782  550.29167912]
 [672.90414662 359.09662948 111.28867165  75.84638215]
 [  5.14873945  47.18244742  29.94465343 544.3724494 ]
 [ 74.5188762  743.56071376 185.75717944 185.71414676]
 [586.99345526 338.06134209 318.97457616 669.62435798]
 [382.79534824 300.80686542 237.11547369 742.26832981]
 [366.38629296 174.30956357  99.28005883 162.548281  ]]","[0.13848012 0.2628143  0.3166458  0.09349196 0.46943586 0.8987978
 0.40893456 0.19695829 0.70789666 0.85467037]",791,2025-03-03T23:25:02.841878
14,0.8537848218470135,"[[ 69.97250214 243.57473239 417.019449   124.68671626]
 [458.02397751 715.4275498  283.5868847  692.98581904]
 [423.06493488   6.10154598 577.77246702 176.95105854]
 [267.55763734 144.21548647 307.34243607 461.53799872]
 [407.74967982 559.64566227 384.92441847 637.07915313]
 [114.98430776 675.18465757  63.94496192 687.22661612]
 [672.74624975 346.92187729 510.65582189   7.42776517]
 [420.67890004 222.49541611 185.38786605 563.59596904]
 [173.54223032  42.37755881 279.34910044 508.67906256]
 [381.91698549 728.49111215 739.50401709 390.61100435]]","[0.85926102 0.74563522 0.72227927 0.73937362 0.65699965 0.87873091
 0.29301343 0.32809468 0.31818961 0.88648657]",792,2025-03-03T23:25:02.848585
13,0.8582793497962529,"[[496.13687603  16.85455818 717.61061666 737.13399757]
 [260.6594015  407.65838761 637.74987108 536.78530273]
 [607.29752103 484.96225984 357.75254174 653.12464837]
 [631.48181301  19.49693833 451.6742737  126.48236081]
 [421.46555939  66.57328699 152.98586086 731.86931441]
 [615.05538062 173.96951691 462.21891091   3.48289863]
 [601.64275522  59.71942558 570.10378495 196.15316903]
 [669.92240634 656.73381801 502.12423283 232.41215994]
 [647.8824494  145.55990004  97.63177944   3.23986173]
 [426.58894596 447.61614901 527.58420828 310.6255836 ]]","[0.65848728 0.16979181 0.16207889 0.87672077 0.60713157 0.10888184
 0.72753863 0.35129289 0.39161228 0.73341566]",793,2025-03-03T23:25:02.854719
16,0.8294088186966542,"[[356.62417301 181.91111847 495.79348523 611.92175761]
 [301.32661619 707.2766431   59.16944856 408.96421621]
 [583.03003359  24.50033547 690.58717231 552.62418744]
 [723.80283047  65.12271347 241.29363918 586.39147676]
 [603.26285445 351.76267889  78.07901191 787.26507368]
 [672.39906807 780.10577972 676.77554413  65.93458293]
 [615.33354996 742.15942695 522.65658247 337.43604769]
 [ 27.85567244  74.96545805 780.7699335  241.02226326]
 [632.53550999 371.02783447 240.13077508  65.71553477]
 [715.49539804 311.481735   475.63469434 715.59588214]]","[0.22348154 0.99218153 0.88731142 0.99861281 0.92439228 0.81265122
 0.43597516 0.25029013 0.91892181 0.18320812]",794,2025-03-03T23:25:02.860466
37,0.8239663748727466,"[[205.85549004 548.01458237 203.17119219  78.83099764]
 [688.20496501 680.01663405 267.84528626 176.55882747]
 [220.44956928 280.97735606 165.34477818 710.2004273 ]
 [ 46.15733383 173.50767675 336.85866421 314.87734069]
 [412.46709762  42.49915063  63.17393585  73.22951121]
 [560.57525139  58.60007613 286.41258378 692.12310211]
 [284.36152899 129.64112643 516.61466486 618.20773604]
 [183.66073453  27.99296341 741.46924151 558.18224686]
 [705.90525332 462.09878022 784.31845538 565.79350244]
 [730.86924914 384.09413055 242.35356252 775.48032483]]","[0.69672629 0.6916163  0.47087488 0.09378169 0.27455909 0.249697
 0.04960732 0.65702989 0.73208905 0.66652891]",795,2025-03-03T23:25:02.866004
49,0.8968769681097795,"[[520.56713744  48.49664778 731.03411518 714.33027137]
 [701.19410378  44.87245786   4.19165528 590.54595057]
 [477.82201316 756.07845105 215.8666909  742.15458082]
 [544.55317667 128.5376345  314.05612779  49.15292316]
 [209.69708992 665.16839228  10.09238319 418.96617833]
 [276.73003521 356.45314366 705.46686542 254.17156538]
 [148.7315493  254.55777013 372.08341567 126.19506633]
 [684.92690794 532.15470329 704.02313598 194.08843973]
 [371.44782909 266.10627011 191.30758353 110.08143873]
 [ 97.80540667 103.15779891  55.02272784  40.62877346]]","[0.7303164  0.44538138 0.38658566 0.79294652 0.04606086 0.35275062
 0.57683117 0.14471698 0.58363967 0.71444674]",796,2025-03-03T23:25:02.871365
31,0.9284259781594746,"[[246.14414292 600.76503796 222.38555195 466.7433639 ]
 [680.37932601 477.05840837 461.71024634 418.95210506]
 [340.20616927  83.17893915   5.89611066 306.29263264]
 [109.84487335 538.77518741 613.00274871 698.6107185 ]
 [205.88087992  47.37079148 621.69095043 748.97777781]
 [306.31457557 676.35510634  68.00746409 129.61043986]
 [714.24215242 453.04077524 334.56458362 215.61730614]
 [223.42582093 736.06719495 423.99153555 126.83239685]
 [598.67814669 447.06640171 365.79155882 525.20359753]
 [213.847543   520.17375849 464.86947215  66.27669541]]","[0.42831826 0.28334693 0.76936924 0.53010624 0.00362856 0.07659508
 0.63577138 0.50844904 0.57617886 0.73541082]",797,2025-03-03T23:25:02.878281
34,0.8171690122185125,"[[ 71.73756193 446.43239775 168.03726123 790.4427617 ]
 [717.23394232 517.91834673 317.51894983 412.11367397]
 [427.12435453 180.08139077 744.10102859 235.62557945]
 [332.86240727 185.64429926 668.2159684  411.45403422]
 [547.02193057 334.22062855 594.92239683 228.87157093]
 [248.06206312 292.98931815 627.92827538 480.4481083 ]
 [ 98.86266584 690.50075568 229.70466868  18.58062397]
 [180.71313331 235.86919386 364.67641768 400.52086763]
 [583.62521519  94.12641487 619.77197555 133.39519448]
 [292.1756903  423.71482842 346.34858803 712.73270273]]","[0.11055124 0.11089362 0.65672146 0.27625576 0.98329953 0.42427941
 0.18310654 0.70797086 0.77401761 0.66340793]",798,2025-03-03T23:25:02.885322
47,0.8687967645375615,"[[194.54025946  47.24240925 150.91364401 252.7160958 ]
 [790.44280636 401.02168959 455.70291804 699.53608428]
 [623.34226018  70.65308865 760.59299471 736.50213645]
 [310.1250124  125.16483201 683.86794611  82.50055411]
 [134.43136644 720.32027866  63.61534538 670.22348843]
 [721.99009115 247.86256117 604.97236773 404.83749386]
 [710.90898254 687.56753695 603.57920439 201.77558747]
 [417.09603054 702.43344045 672.72132294 386.08425239]
 [303.29575938 355.64936741 153.5228642  590.31073991]
 [ 85.32286082 311.75267005 467.18553006 301.88400125]]","[0.73407467 0.01575052 0.95232003 0.50291016 0.54862463 0.5942832
 0.24671766 0.47275399 0.07755125 0.31210633]",799,2025-03-03T23:25:02.891204
40,0.910094816750828,"[[494.18124161 631.3436127  637.48382378 378.67703769]
 [257.21396808  98.05716503 371.78563799 293.88481984]
 [534.86216019 471.03497279 738.18524596 560.73322347]
 [520.9305574  688.32048256 304.95444712 619.23113316]
 [ 82.9208631   15.37303655 235.78810477  87.109569  ]
 [399.92755934 258.31077149 159.17604113 608.9491113 ]
 [758.82740873 318.85082414 457.81096712 657.64040359]
 [533.76295781 118.12841263 595.3108975  277.96125217]
 [ 33.59085561 778.16290671 304.53015181 457.5919996 ]
 [682.13343328 118.51787752 178.25549886 754.93245426]]","[0.94985856 0.63729387 0.79024775 0.06655624 0.11545294 0.61725311
 0.95313873 0.10538535 0.93660967 0.29918727]",800,2025-03-03T23:25:02.896620
37,0.8954776021764816,"[[602.63014799 716.69944968 548.03624845 212.58646697]
 [600.30286188 600.68748419 515.3703891  349.27721112]
 [367.45652841 529.95578446 219.89436415 534.37086286]
 [461.09631402 432.40076251 708.76318888 460.16473994]
 [ 21.72436454  88.56636573 503.73377435 649.65887609]
 [493.64250827 602.74773406 679.32215889 751.88941841]
 [638.35531808 562.52466143 186.15054516 205.19126684]
 [476.33681916 651.9155644   88.96485642 433.6913691 ]
 [773.70266586 150.80977039 349.1355819  434.15708471]
 [ 79.34784197 556.90486787 284.63405999 672.66114575]]","[0.38502106 0.89798767 0.492065   0.96147192 0.13991272 0.70163619
 0.34259435 0.71265275 0.37523925 0.43927694]",801,2025-03-03T23:25:02.904146
37,0.8347237023013621,"[[481.4995832  584.22750619 217.03974052 766.29024517]
 [769.08639535 648.73200711  66.31467987 189.70256309]
 [ 56.82637719 365.63527777 332.12998834 522.90030368]
 [ 45.28318306 388.5274513  228.55280649 347.58335686]
 [644.11555103 318.01236867 736.46242935 229.26478729]
 [422.88726939 669.27575549 157.19206164 247.92559129]
 [  6.00151457 698.72849173 318.95881553 735.94784635]
 [765.53545539 134.90169179 112.04468772 350.65371989]
 [411.9372965  418.84845142 759.23252296 220.79113107]
 [411.46409839 751.38903311  36.63485923 174.39625663]]","[0.23599504 0.93441944 0.75289587 0.65034765 0.73499758 0.36237301
 0.05941237 0.06195574 0.89690508 0.2749464 ]",802,2025-03-03T23:25:02.912383
41,0.8794742744790234,"[[475.88811232 787.222221   592.8193515  371.56128108]
 [565.16324986 581.30106425   7.82840408 274.4672026 ]
 [ 78.68585247 396.22221295 663.95783809  93.44054148]
 [340.99466459 118.55014169 486.81209899 566.97311023]
 [ 58.63123093  19.36769934 424.51560907 530.22405117]
 [362.32853587  31.34754686 777.75930718 528.85197944]
 [488.54402433 637.00898284 104.69620653  40.66180787]
 [534.21033253 646.80179006  63.68834225 636.98842178]
 [601.21326555 302.88597105 276.66086252 459.11119428]
 [274.79201661 674.46760773 677.96499198 558.06951578]]","[0.01683434 0.18882597 0.29935755 0.90406077 0.63916351 0.9477495
 0.29141594 0.31363139 0.50095043 0.67359938]",803,2025-03-03T23:25:02.918385
49,0.8504690962679822,"[[691.80586241  81.15164391  23.50494711 494.60322773]
 [224.14383327 172.32178962 199.68228537 657.86861532]
 [499.11212151 406.06821622 393.00905757 653.90786953]
 [723.62233894 321.21197362 720.06927287 420.98643019]
 [761.13867646 508.72668178   1.77955554 678.31506447]
 [716.84678825 762.03958523 699.62298177 539.56432252]
 [744.59087529 565.57390743 715.63227867 154.25600098]
 [297.19185591 593.55762239 598.5904122   44.4418417 ]
 [120.9409402  742.03511223 713.83203823  24.55273063]
 [781.06685415 274.47318854 122.42015978 312.33792756]]","[0.52204795 0.57767707 0.53563466 0.0764084  0.37507737 0.64476705
 0.1278135  0.55653286 0.68797445 0.15228693]",804,2025-03-03T23:25:02.925804
17,0.8514153454858976,"[[101.42432787 686.02802181 730.03621583 601.25399363]
 [253.92945327 383.07866616 231.92386291 546.36055848]
 [401.76154762 541.84314312 627.60182737  34.72598371]
 [443.12847932 160.44367756 348.16416008 583.42944756]
 [405.22979894  64.70958601 653.41505432 490.38426637]
 [610.6902042  736.36310195  27.27457043 280.71190705]
 [265.41306713 561.35061446 508.58747538 743.39520233]
 [492.3129712  649.20239128 588.01767139 475.1730824 ]
 [ 31.81309363 473.82398257 607.70707022 262.33095081]
 [259.43044332 173.27554894 395.76441244 704.08710303]]","[0.19546667 0.37464129 0.18564443 0.38371126 0.02489356 0.30920073
 0.54107312 0.38689293 0.25653041 0.73673973]",805,2025-03-03T23:25:02.931674
18,0.8589224821184891,"[[ 36.16696732 124.08645923 309.04852213 108.85798235]
 [465.40083428 246.55522986 345.24991641 380.3760174 ]
 [390.36315915 271.06956439 258.63637612  11.57316491]
 [386.65772098 181.4944675  787.73986863 530.13049546]
 [428.63228129 537.99100032  96.84480298 516.63491234]
 [362.58498289 733.93597959 222.35447291 723.5571553 ]
 [113.29081105 281.06267467 474.17504845 653.51267285]
 [418.57522489 618.35699882 425.92089852  38.93449875]
 [720.01512514 354.58454332 466.68083922 530.56896413]
 [764.93937704 395.06401567  93.59507314 166.90517668]]","[0.41017528 0.53827932 0.36882994 0.49896483 0.4509478  0.66087043
 0.6081757  0.98792153 0.65968149 0.11524783]",806,2025-03-03T23:25:02.937292
14,0.8123246066708341,"[[103.45389824 174.68929247  95.56847033 769.28232027]
 [126.6730365  570.23801713 544.07580126 296.13685995]
 [ 61.63154691 768.01413547   9.73899719 554.62628848]
 [766.64927164 533.34569642 328.49867758 298.44738829]
 [230.22291492 515.41338129 500.91819738  13.74363074]
 [326.26159881 344.06733771 377.96105211 206.7846655 ]
 [201.06273407  37.61008831 549.09584939 540.79826234]
 [632.48101192 326.08790769 663.91334129 705.06492162]
 [784.43946777 225.1530571  501.34393896 732.89305854]
 [729.63576043   2.86061198 607.06077107 110.99363614]]","[0.69888211 0.86289552 0.57813038 0.06157782 0.6884324  0.59028617
 0.24579086 0.92600459 0.47780932 0.90092478]",807,2025-03-03T23:25:02.944164
46,0.8073632653691449,"[[397.23259035 149.25177557 594.43407948 260.01499169]
 [183.96665248 603.47177301 182.2407069  290.73228351]
 [603.42880793 111.57696418  90.30578236 640.75952789]
 [520.59911734 722.22504254 454.69383309  67.89318508]
 [140.7008382  496.77532235  58.36180327  86.455482  ]
 [650.78205786  38.4437539  570.78934451   8.16365286]
 [555.49923687 449.43027458 785.30864063 276.53791593]
 [583.4309208   89.35979889 534.64487251 799.31204033]
 [694.66703206 605.40713723 753.864708   730.47969213]
 [291.39137732 614.58083988 636.17930134 350.91701657]]","[0.82103966 0.66433702 0.43985646 0.6817442  0.48301251 0.97832642
 0.08718228 0.82544438 0.50817213 0.18854884]",808,2025-03-03T23:25:02.949984
38,0.8851455743106549,"[[683.79809619  54.59435909 450.79345907 366.39479109]
 [160.56044619 721.84829931 654.76547187 684.30171601]
 [ 71.41201677 549.32573172 162.06737019 456.657401  ]
 [ 14.7471503   85.96003013  51.68377673 706.53195393]
 [504.59490648 567.6455519  484.99146752 316.09669887]
 [374.17345204 233.17092208  70.13100504 517.80825707]
 [369.27044673 107.33044296 646.54680127 693.14215242]
 [ 16.29845904 744.04379607 649.4851225   45.41736277]
 [650.86261327  56.83161522  83.60553538 480.30806878]
 [229.61938599 175.70633278 521.55035082 289.86622033]]","[0.24773609 0.30378721 0.17895372 0.06340074 0.26397851 0.3949646
 0.43435321 0.07272977 0.28581063 0.67205947]",809,2025-03-03T23:25:02.956379
10,0.9102897600105337,"[[ 44.73827485  88.60939017 480.25462603  22.17434771]
 [263.36401606 201.67001376 791.70865633 139.03961952]
 [789.71348896 524.04852907 577.68978645 398.9977276 ]
 [156.17351961 260.3551429  492.7039937  493.48953617]
 [319.23804021 747.61182984 764.43042662 605.15108651]
 [753.5084322  133.00112624 756.35180216 714.73321972]
 [555.9382901  507.3907843  226.68247365 283.70232884]
 [651.72928375  58.48105566 769.85279058 263.29415178]
 [562.96354382  80.08616531 576.43858762 330.02462255]
 [ 20.4636165  296.36792262 158.07502646 590.80671177]]","[0.50227237 0.94137159 0.18127319 0.03055938 0.33636393 0.64356648
 0.98256134 0.68336007 0.36361796 0.99886147]",810,2025-03-03T23:25:02.962486
34,0.8452607558517848,"[[445.61295901 702.63035054  63.79939818 701.24066883]
 [152.99203525 760.70386451 163.92359876 402.94033847]
 [370.14053132 246.72915644 328.28846356 611.05974329]
 [709.0753966  332.68949865 748.86120023 575.52254907]
 [356.31401805  68.41235183 544.50126525  62.1396987 ]
 [352.30126745 226.73374668 780.69825948 218.99303494]
 [ 44.6057067  166.89088744 648.55850883 605.545107  ]
 [459.39727858 542.93277571 605.88883005 180.98907154]
 [385.30860913 125.44723886 658.27910581 525.37145506]
 [677.02066631 723.38226477 561.93809604 792.55504081]]","[0.97799858 0.83808736 0.4733389  0.0666407  0.74156667 0.86456915
 0.78648866 0.25587036 0.15577019 0.53001744]",811,2025-03-03T23:25:02.969594
20,0.9481217995787885,"[[ 29.96661767 672.59955481 682.69522624 593.74261558]
 [729.96149592 626.43688774 212.81899939  51.31882815]
 [325.69616962 340.81509488 584.62627102 511.38178825]
 [381.93949309 108.85258014 739.37957383 720.97755968]
 [399.17279443  79.26582161 170.21407344 691.09190365]
 [773.17988234 420.57867815  67.93613509 379.42445056]
 [456.90619998  89.36793864  38.06094596 493.63247109]
 [656.19077365 339.87811582 469.87679949 170.21387349]
 [785.28935522 182.57049873  33.81698678 147.22748952]
 [182.51274925 211.43788633 206.20018627 302.32180589]]","[0.30098001 0.77896792 0.59490173 0.76420984 0.10926477 0.36380077
 0.48938976 0.86825683 0.5315191  0.38302364]",812,2025-03-03T23:25:02.976099
33,0.8308566878123004,"[[ 26.27192144 738.05055664 562.84898626 270.50384766]
 [378.45835729 709.1564052  366.25208691 480.58237458]
 [629.38339803 217.15667822 544.46717014 588.58850711]
 [439.67861512 123.33291068 408.86023532 418.76430673]
 [403.21105306 209.50447179 309.17373888  42.17254325]
 [107.00423405 491.73477916 250.94423932 420.29322434]
 [310.22026091  35.38406081  13.07919327 227.28452896]
 [206.12632101 653.44900005   2.84361746 355.433077  ]
 [168.41461905 574.65296894 377.45829358 487.91142452]
 [213.97966181 785.05913994 791.38445406  85.98912919]]","[0.57366115 0.9889068  0.93661126 0.43522705 0.60047574 0.35630686
 0.48848064 0.04939821 0.86058261 0.52219902]",813,2025-03-03T23:25:02.981589
22,0.8215321380477589,"[[274.10469052 409.80381831 366.36216088 240.72768106]
 [249.38352221 432.26818613  35.66462325 479.39171807]
 [799.79115058 473.89735581 480.63345418 351.1312331 ]
 [350.9121335  251.88041533 229.47951978 631.70621658]
 [581.10314786 521.93627253  79.26858295   8.41934185]
 [715.42042146  61.07339    342.96811968 592.84898387]
 [243.32707795 711.3184998  473.61801127  36.38713855]
 [ 95.90046016 459.24267796 795.1585549  185.86569492]
 [682.97790292 736.39348044 608.45243339 670.73930258]
 [137.85006425 572.81028655 634.74221651 338.73115542]]","[0.7426345  0.70263741 0.31279869 0.09048232 0.35536014 0.23971191
 0.02070295 0.33333451 0.58243048 0.87469919]",814,2025-03-03T23:25:02.987784
29,0.8975625453942933,"[[196.82487727 674.2039008   89.33218428 138.1674973 ]
 [714.9131207  620.78079082 690.35291533 275.3661347 ]
 [150.50679614 733.97798783 383.96377535 438.26741012]
 [423.67634144 470.6158808  228.14886096 669.73666275]
 [545.94412208 395.5891137  350.9773046  375.85267404]
 [668.29583174 678.12157141 598.82712355  37.17585925]
 [330.65512954 641.52019651 336.1240943  671.07262403]
 [535.5275406  350.78397935 571.18525905 700.99329777]
 [608.5160346  155.68071302 204.18452184 413.46242434]
 [562.48176858 269.91357477 353.39550404 340.19310453]]","[0.74363952 0.55570064 0.78415968 0.08933318 0.03900115 0.74629331
 0.96476611 0.31881314 0.31211407 0.59585387]",815,2025-03-03T23:25:02.992991
42,0.8352055598054615,"[[470.66128153 336.64131324 241.99993354 592.26292224]
 [452.05415209 633.89027998  21.73375729 650.44124   ]
 [655.80963346 681.25508361 540.36873924 735.8349506 ]
 [385.33414413 750.26328309 633.52503919 764.44404391]
 [634.06338286 132.46977084 618.64128497 235.31110169]
 [134.9828719  676.77443494 340.71975608  43.180049  ]
 [689.34904398 696.68012871 752.8509449  445.95099114]
 [550.53036261 266.63676121  74.69368361 692.4150967 ]
 [433.10140741 392.49793999 655.11961478 279.07779723]
 [544.50699831   7.28989979 520.11057259 265.53308107]]","[0.80404534 0.28700199 0.15126364 0.41321779 0.179431   0.54461475
 0.69044711 0.82712684 0.90196223 0.0036488 ]",816,2025-03-03T23:25:02.998867
14,0.8994665686301886,"[[423.45574479  12.37627198 598.52468936 737.7036623 ]
 [578.10541826  18.79679027 391.63179954 799.54052997]
 [365.50863232 384.3436113    2.58259133 609.97713681]
 [194.18652274 515.21236945 665.39567504 186.51611417]
 [139.58438657 154.690737   397.04683794  33.59097595]
 [  1.22481112 366.66036597 100.53204551 352.44255965]
 [151.43585758 686.76812801 652.10365665 227.48869222]
 [483.83975873 446.50715077 114.4178024  431.52407149]
 [503.50837224  90.2527896   25.56466188  14.04095464]
 [679.91575104 142.9993128  719.09297541 544.74745089]]","[0.24280003 0.8222604  0.65487535 0.26025871 0.05134831 0.85963379
 0.50735872 0.39536241 0.26939603 0.76541424]",817,2025-03-03T23:25:03.004467
11,0.8139024968235429,"[[348.34485682  52.79214429 434.68839646 304.24110061]
 [ 74.7517082  419.0733415  296.59212968 486.68622472]
 [181.29652659 732.38035774 601.79417411   4.34529418]
 [368.12355939 312.97580157 352.41026886 627.79484913]
 [249.46314104 740.81651206 740.02818117 341.19880482]
 [199.11018385 428.49279747 705.68701126 135.32390186]
 [630.31236997 603.23408414 314.42039036 209.6984982 ]
 [588.9263964  553.28948987 565.71698699  86.32012111]
 [311.8501001  560.91050141 531.41547705 198.76458125]
 [686.72037476 685.91033576 433.52718596 680.74603235]]","[0.49798372 0.45884347 0.26287585 0.12307724 0.12548438 0.50205258
 0.92817284 0.42943516 0.82032769 0.98371171]",818,2025-03-03T23:25:03.010883
40,0.8798498300328887,"[[713.01370715 496.68644529 627.04483166 167.73327213]
 [ 99.26083919 184.05605468 189.41810185  38.26990182]
 [147.76694612 263.78001817 390.08223306 775.54006884]
 [209.33404508 206.93848084 308.38774913 600.09013124]
 [653.95667179 656.60780909 562.86852995 679.72997336]
 [ 40.38440605 147.7307292  470.88089209 431.75765925]
 [336.53036681 228.57951401 669.55732056 500.66239251]
 [414.58695455 634.78779508 454.79977224 401.20303914]
 [698.99864541 496.5950127  366.71558778  34.46227101]
 [767.95497232 415.97322584  30.7265681  463.62173589]]","[0.09898067 0.43728582 0.65676854 0.5032423  0.37591565 0.77886283
 0.53115888 0.64529205 0.36175295 0.72130675]",819,2025-03-03T23:25:03.017251
23,0.8608640435217045,"[[769.22143756 146.8986295  470.78002571 658.17367036]
 [ 10.26362318 214.65248248 766.02062558 157.38616565]
 [418.77053446 432.76170986 575.95719048  98.12163173]
 [152.96970319 305.47249939 191.93349531 281.78298727]
 [503.63911204 484.37777028 156.98142242 610.04298988]
 [115.74381346  84.04669464  58.20811106 191.39419033]
 [791.99483415 795.24888187 493.93801989 717.33553516]
 [623.96857475 530.99113568 125.96026196 392.10851434]
 [751.15392029 616.61616923 275.24855861 585.11202942]
 [183.58620113 201.81974675 443.32469565 687.44977641]]","[0.76450233 0.26715219 0.96930008 0.27222087 0.69870461 0.39180369
 0.37368101 0.18776836 0.24896943 0.19013711]",820,2025-03-03T23:25:03.022881
33,0.8294049679957722,"[[405.14634949  62.33090563 739.7341195  369.3655418 ]
 [384.91630844 737.06886298  15.44838483 731.3530398 ]
 [501.41922196 385.43670749 556.64981838 185.38732938]
 [187.80012819  81.49501698 653.22446926 702.5936787 ]
 [513.86658636 648.93307554  90.3629721  111.55541937]
 [538.06473653 733.0043733  271.18677454 252.50852503]
 [ 67.78806195 649.42313724 341.93361606 492.3393591 ]
 [658.7680064  548.93400551 530.8513622  668.93161646]
 [583.76846091 477.87380573 363.39981376  60.4425177 ]
 [ 68.1378858  650.23225731 682.239684   307.14152729]]","[0.98620303 0.57036609 0.11711973 0.38157005 0.29092414 0.67051279
 0.06874693 0.01304128 0.90139135 0.73477506]",821,2025-03-03T23:25:03.030452
23,0.8775356888913152,"[[690.90456392 638.764677    64.16510096 252.03353739]
 [619.34943782 630.74656442 280.99476744 572.18025333]
 [ 64.61473735 298.55091791 441.28456638 490.60923983]
 [717.09747405 134.53970959 617.38350043 382.27011359]
 [264.85335681 420.13569782  91.76046244 254.64384883]
 [529.18597722 590.73735273 353.42237451 624.01397605]
 [ 66.68429065   7.36994152 554.18197624 250.87737184]
 [756.77146976 308.5380706  363.7131611  662.84903038]
 [716.5457197  592.79752948 132.59024388 120.44305426]
 [525.27498551  97.66615009 391.99850223 737.63657368]]","[0.00633972 0.07421006 0.23836715 0.39843007 0.23474246 0.5409673
 0.61512907 0.47121167 0.49666326 0.42194968]",822,2025-03-03T23:25:03.037691
23,0.8635280226253076,"[[338.3402737  685.40377489 575.63890045 685.40825723]
 [379.46510081  83.98492604 699.98820424 443.80399607]
 [196.93184142 582.29623455 296.12932331 353.1799911 ]
 [ 87.51412354 623.68601061 529.03607578 791.88461823]
 [  3.5549373  404.32862125 307.56152494 488.3940958 ]
 [185.75551347 546.52186083 220.60151    516.08599198]
 [751.6882973  266.92918124 629.3392452  363.88517723]
 [374.90600739 199.56376889 355.65905399 780.74249089]
 [  5.71609547 577.82952327 324.75368517 643.95719221]
 [708.92484817 312.00208085 454.39806051 481.94591694]]","[0.87775165 0.96321594 0.07230169 0.64139306 0.39773395 0.568964
 0.58343897 0.18469416 0.07333194 0.24782327]",823,2025-03-03T23:25:03.043698
47,0.8304197157786755,"[[727.48251767 207.11656458 611.05186648 123.19123371]
 [581.52734272 753.03337146 194.74876519 730.0345878 ]
 [163.27097713 471.87288615 273.2360821  416.19352847]
 [148.82797069 424.66468687 596.28487405 640.79340459]
 [505.42780358  93.49755864 756.66221667 735.18243106]
 [166.24111774 610.66425413  99.55014314 404.60378275]
 [783.67387445 300.397731   441.70570554 195.72019944]
 [705.43753113  73.13487756 411.68839135  24.14652622]
 [528.01036367 621.47047652  41.60275259 151.10888071]
 [466.75743279 430.85118773 188.5745301  283.8056537 ]]","[0.35194126 0.95726662 0.6217622  0.17540412 0.50385708 0.58375259
 0.62300831 0.76429192 0.99089384 0.59182558]",824,2025-03-03T23:25:03.050702
29,0.929843967031528,"[[105.20939406 134.32144021 147.33710299 715.15773469]
 [742.36858691 287.52535846 465.67083437 281.72497393]
 [224.97235872 123.23873985 506.15891227 656.29392424]
 [740.32882009 445.6088298  753.07865789 263.84118147]
 [754.31794488  56.17544796 677.23051597  71.63519736]
 [707.81233595 144.23561901   2.57932529 448.45250347]
 [396.79372215  23.69095547 553.25762953 474.5488463 ]
 [290.89890649 664.76194465 315.48097049 560.4457599 ]
 [779.60452203 102.48684411 421.23642879 341.47030576]
 [641.12354221 390.05239562 578.08838304 556.027097  ]]","[0.3626049  0.1545859  0.92679713 0.22471498 0.37677514 0.26696087
 0.94663941 0.05951193 0.4709161  0.43188561]",825,2025-03-03T23:25:03.055079
24,0.8752534766959278,"[[ 47.24665348 233.65846669 705.58292292 226.18549214]
 [564.48284762 149.22923968 140.53268368 536.84122305]
 [665.0028082  408.39879578 207.60624335 452.5676685 ]
 [400.26866339 266.93508713  79.26680134 513.48806112]
 [ 69.39236031 270.36529709 368.1035799  579.70523771]
 [489.6754379  716.91198441 212.01157246 419.07914479]
 [279.39069375 491.57815188 249.80532363 457.842163  ]
 [694.71557056 361.39895283 717.32847398 373.98786128]
 [459.54749131  93.05562906 560.30430009 179.30431418]
 [672.99165876  11.81690077 281.5219114  698.27649329]]","[0.41208907 0.94234707 0.92031187 0.77715131 0.40414715 0.11443555
 0.9011166  0.52642819 0.60384729 0.57985109]",826,2025-03-03T23:25:03.061200
42,0.9220727553183725,"[[555.60345696 580.0963134  295.89838274 614.61620367]
 [411.29728632 715.28716174 531.19018216 600.56264222]
 [233.35034097  24.94751726 335.57357712 324.51258973]
 [486.7642782   58.17255906   1.31603422  66.48493625]
 [637.28764852 641.13072813 230.39397861 469.89048369]
 [605.83357814 625.21345785 528.75799133 161.18612811]
 [298.9122553  579.47276855 781.9274182  104.46640895]
 [744.86168702 554.00666092 499.92441557  17.23002858]
 [656.27061601 568.6715675  669.41061305 129.00214785]
 [483.91211655 509.31362336 517.58128333 527.63345269]]","[0.9464399  0.73811653 0.27357036 0.89210053 0.60039124 0.5232881
 0.80489297 0.32013865 0.50876702 0.43962749]",827,2025-03-03T23:25:03.067126
48,0.8976307954137658,"[[ 29.22336524 651.5296936  554.16139657 353.24215564]
 [735.36706579 256.89045898 279.04770551 293.74691856]
 [562.15574314  69.54267336 488.45239848 164.02933931]
 [150.23429965 138.13640889 138.39377119 781.58445572]
 [535.50378781 618.30102992 396.78896239  42.7634709 ]
 [400.2256109  430.48974607  79.55019517 767.44547168]
 [316.0361917  733.44658439  28.15358641 252.60550386]
 [465.75433879 776.53253421 380.38998004 661.77079174]
 [388.35181719 318.57706134  37.11786748 269.60505381]
 [159.48330118 654.02267496  79.01484048 305.26107772]]","[0.21992229 0.50028939 0.64791032 0.66387689 0.30519539 0.13962615
 0.78530364 0.55575991 0.90306484 0.47616374]",828,2025-03-03T23:25:03.072571
21,0.8449600527936962,"[[673.79632244 715.29637474  96.82529145 390.11302626]
 [651.87298559 497.38276427 731.43723287 120.15369549]
 [506.23034665 143.50516907  99.76127941 782.61601358]
 [ 33.60290709 778.54822039 182.25511757 271.40236158]
 [428.26358393 443.8830473  237.73701512 549.47625687]
 [456.21455151 407.58636081 317.01638306 215.25981705]
 [ 33.1535722  603.95109357 402.56142812 300.70501897]
 [542.95370892 367.34025957 223.8283166   11.46195944]
 [540.62438501  62.28468413 577.39950927 729.57337384]
 [760.90479556 751.54750558 116.63503048 600.53187069]]","[0.41862048 0.68812093 0.12618561 0.51421961 0.17212418 0.76396319
 0.20106557 0.30889384 0.08375232 0.29980651]",829,2025-03-03T23:25:03.078081
49,0.9165224557538304,"[[572.58083959 481.60361849 369.0577029  348.49764615]
 [424.94334388 466.31299342 352.31378274 681.72096164]
 [170.20326718 198.30545395 515.56342326  42.22423725]
 [ 14.48801416 642.56952638 486.67956839 387.59894099]
 [746.31872163 542.91143979 251.5358471  579.02869448]
 [317.67210132 366.69395908 322.64135725 667.60468962]
 [597.46624487 385.59570425 610.52199776 671.91112875]
 [780.51063185 300.08576647 729.86045998 418.61896689]
 [370.0885496  237.74796237 210.14515848   8.1363937 ]
 [686.54102613 662.08681111 255.35890388 796.18949124]]","[0.53914442 0.78829015 0.94584084 0.61611443 0.89994042 0.677267
 0.87186622 0.11125705 0.65584218 0.85297191]",830,2025-03-03T23:25:03.084335
31,0.8359369856141858,"[[425.01602963 401.7515422  430.05697295 259.29845582]
 [634.36848621  36.54902001 734.07312084 240.00862459]
 [673.68850232 551.62007588 324.8219497  203.98843177]
 [752.30470268 176.10037202 659.59313992 242.80266355]
 [634.22703566 603.49085457 179.78450717 622.08437998]
 [135.40450255 111.17962384 324.70515228 215.4650775 ]
 [244.09466011 477.95794983 666.52686531 400.04375072]
 [ 11.8151945  548.41347151 664.53086692 358.21947453]
 [ 96.8479285  619.3413981  395.36590779  59.61588907]
 [280.1296368  159.5058998  272.95008433 340.36351218]]","[0.42096573 0.1980914  0.24410916 0.72674323 0.58066436 0.55886916
 0.5361384  0.14081923 0.5112379  0.85574465]",831,2025-03-03T23:25:03.091115
21,0.9075425671348509,"[[670.0124195  289.09133903 585.32189232 107.1420736 ]
 [394.04953259 783.19895472 426.56169898 674.1486533 ]
 [467.22538384 171.45077708 317.50606114 679.72509292]
 [465.21078435 208.27989154 221.17278639 589.4641148 ]
 [596.06213717 643.81897165 161.39741862 664.18467659]
 [249.31012722 560.18416062 214.49442046 659.113828  ]
 [431.60193625 789.13900707 532.35718218 796.02522887]
 [ 52.3251455  435.87547618 536.40061967 555.20324548]
 [348.56296558 307.82562921 540.83608407  45.01034363]
 [416.3853046  482.4196317  522.94127368 485.07386947]]","[0.36109805 0.20478469 0.15581875 0.00731187 0.37317806 0.08027501
 0.35245446 0.6132224  0.78799529 0.33602919]",832,2025-03-03T23:25:03.097870
30,0.89845899642488,"[[396.40898619 407.9097338  619.80049602 716.91022551]
 [711.84645414 590.65175892 462.25969881 682.7988173 ]
 [315.85584319 346.30228163 336.06338467 736.72231559]
 [152.73947086 753.55804455 212.22207926 646.78682932]
 [ 73.21735365 322.68705959 344.84303615 704.27332487]
 [259.30889531 568.88329014 618.0729828    4.20796265]
 [594.23222158 259.60851861 169.57484971  18.10307714]
 [677.51460131 615.64293979  87.61377162  92.11510142]
 [732.32112758 172.03797819 694.81369736 759.17801798]
 [215.10868636 651.42905722 226.10484439 683.15550416]]","[0.88131004 0.45092647 0.36603429 0.9034096  0.60348254 0.64329818
 0.75541379 0.10159628 0.8902971  0.89225177]",833,2025-03-03T23:25:03.104871
18,0.8389981028862803,"[[447.58852568 435.11724811 369.77698383 173.55232783]
 [136.45226549 543.89380758 148.752192   326.24742512]
 [346.80668668 283.8099722  674.40136278  19.34480686]
 [622.16780034 662.12751642 219.11379228 641.08877641]
 [630.52866065 234.39616333 733.29177232 639.77186415]
 [ 48.35786632 133.00669357 679.57884892 434.0062426 ]
 [535.42096953 642.64215405 575.57078017 769.03215058]
 [607.46602362  26.64432409 400.94929965 456.94358824]
 [676.57528514 617.05268851 171.43899412 114.56856729]
 [220.59001724 360.45029089 247.07819398 209.10275694]]","[0.81054268 0.77365524 0.0809833  0.73059151 0.94770473 0.45372178
 0.23940897 0.97602006 0.29397067 0.91502167]",834,2025-03-03T23:25:03.110790
16,0.8022007307854827,"[[616.59866042 295.36657016 377.24422715 581.86297441]
 [377.71567182 636.69396632 459.33232436 316.42101507]
 [643.7425088  124.49354699 226.08282471 725.2479146 ]
 [125.69094211 302.14551391 205.68055321 347.64092519]
 [ 57.92675138 301.60735273 574.20755088 503.61284347]
 [ 31.6833848  527.89288119 794.83898028 364.35081217]
 [303.13788394 522.99819351  74.79943878  74.71138748]
 [545.96159961 452.40884803 441.45349493 460.79432006]
 [ 77.82201025 658.98108231 132.64971862 603.11394145]
 [768.82818612  77.32037408 424.52440343 165.89590892]]","[0.22205847 0.73755746 0.37299949 0.96183262 0.81544108 0.37723206
 0.55460884 0.51158737 0.78825857 0.6919541 ]",835,2025-03-03T23:25:03.117223
24,0.8046942017197224,"[[141.28312749 190.3861542  728.25163948 170.68387735]
 [269.10367627 169.57608889 521.42201952 576.21366825]
 [ 85.38397638 641.86928447 154.76714014 674.57369989]
 [199.69758585 181.53345623 511.52695084 481.38065652]
 [264.52423774 143.18371052 565.98236557 275.67075229]
 [393.25772853 271.66052331 505.72226213 568.08619256]
 [450.58506961  44.42463502 210.52392673  19.83812164]
 [718.12046271 354.4343723  588.84520395 556.92426777]
 [365.00500291  44.80606993 386.75862377 338.37890772]
 [795.84235412 383.10729639 162.49174043 435.9092249 ]]","[0.41447979 0.04205778 0.28248649 0.42388551 0.21421737 0.06564914
 0.37042572 0.95608734 0.29563266 0.67769494]",836,2025-03-03T23:25:03.122823
31,0.8628080472319527,"[[ 33.30956372  46.93489106 633.35354435 634.98938603]
 [105.97271926 659.43202099 294.40536877 302.28013204]
 [667.01684202 241.9733517  214.99725556 563.65771637]
 [628.26283222  28.3082224  386.42139505 105.67019954]
 [ 47.68237584  90.55560059 663.40073997 789.40776999]
 [333.74023688 488.65562356 350.15017685 785.63790804]
 [387.97269083 795.41892954 689.1492029  739.86005983]
 [522.41458157 270.5479438  379.96960375 701.30451012]
 [540.86610944 225.13526936 107.92758696 733.81595554]
 [  9.42187699 629.65871373 315.04591021 557.75443662]]","[0.9648987  0.60977752 0.02703286 0.66806008 0.87071736 0.3317232
 0.76014741 0.24248167 0.85977337 0.96123456]",837,2025-03-03T23:25:03.128327
44,0.9441086316129029,"[[ 48.07415365 714.37496389 386.3724813  353.84564775]
 [544.55028522 765.69462843 757.00484703 225.02719233]
 [455.30954265 471.51906756 617.52853455 132.46212417]
 [ 76.5666184  315.48847134 764.58361698 408.09144477]
 [257.67586948 346.4250329  672.38706504 255.02663859]
 [468.83347402 555.79710411 768.34381571 492.06685621]
 [640.76301718  24.90706543 177.93564882 629.44627715]
 [ 37.53790541 244.3475844  441.10785028 256.14238285]
 [270.98682952  17.75335283 255.78214724 661.81407136]
 [594.87444749 495.97930499  34.23578172 208.0497693 ]]","[0.7505248  0.58169859 0.56856794 0.5920819  0.45917837 0.68576287
 0.16636772 0.22011957 0.89635557 0.26420545]",838,2025-03-03T23:25:03.133501
38,0.8762794111556752,"[[530.12229947 222.66013793 257.48152327 733.97429128]
 [513.38638212 299.03107602 304.1409623   94.19461935]
 [ 98.41614812 513.25757441 549.75440145 753.33537548]
 [694.09762045 260.70336728 308.64532144 560.0272932 ]
 [685.87742817 391.56505222 448.69934598  28.3618123 ]
 [ 98.10561591 196.27772761 304.42324103 489.38733067]
 [342.73180873 460.01826894 118.48107103 266.09363648]
 [397.9450122  433.73398307 486.9746043  677.72893488]
 [326.93045341 532.2611855  405.2826813  393.67049614]
 [643.88048134  85.07828593 146.73710691 473.11425458]]","[0.37009056 0.42736629 0.87304008 0.84804921 0.610344   0.51275855
 0.05050699 0.50185573 0.88494342 0.03917696]",839,2025-03-03T23:25:03.140173
18,0.825383187291564,"[[645.6740547  632.09394841 604.32184923 234.75334703]
 [544.75952778 719.25079409 171.71368559 524.97389733]
 [753.95433404 718.65563151 737.01543887  21.00796414]
 [108.20662803 530.60342186 187.5378243  570.95861923]
 [448.64092592 790.07859016  50.88731401 304.72992306]
 [ 76.57972278 651.75179418 421.97174979  49.55532711]
 [185.16683031 459.45079296 151.8602878  501.02003266]
 [128.55821824  44.31782534 332.2182868  497.15806616]
 [ 31.94900076 272.12857445 480.40925259 274.49258656]
 [752.91382244 684.89916596  76.7757766  339.0190069 ]]","[0.63240225 0.34186248 0.07944913 0.97390708 0.24118347 0.88167919
 0.98796576 0.56384482 0.61967029 0.12024151]",840,2025-03-03T23:25:03.147170
29,0.8005066244140601,"[[732.26979458 645.21611446 271.43132782  99.82556284]
 [529.04371812 648.51736578 487.95011189 702.63813466]
 [744.95773045  48.56954753 704.76076748 652.23484338]
 [311.04680912 736.59488198 793.22097503  84.96823985]
 [ 37.27346641 661.04374978 143.20068254 188.17020329]
 [ 85.5837764  655.48822323 686.44265784 750.01554203]
 [117.03329075 308.04123996 639.88300103 206.984729  ]
 [458.54096949 566.55980448 280.47594086 664.28113003]
 [ 77.81674654 600.08588618 617.30157628 429.39368104]
 [399.96976126 517.01233567 191.1952662  447.3940442 ]]","[0.59966806 0.21411425 0.84291073 0.78062889 0.12762123 0.96629908
 0.61304974 0.81335638 0.68901486 0.43012132]",841,2025-03-03T23:25:03.154422
33,0.9479593226034433,"[[205.65744016  41.63548845 334.28913701 487.26207227]
 [638.69188481 119.02448091  89.94758262 633.26439592]
 [759.67034144 729.4448726  641.63838666 108.14318521]
 [446.07555634 701.43881841  16.28618127 197.91721925]
 [475.1808541  263.23483275  91.39555822 558.49917523]
 [282.17694623 777.12958694 606.34097648 360.72518027]
 [794.49778104 672.24513138 799.07362048 762.74435783]
 [659.72993729 488.66562939 373.0434829  616.45264874]
 [  4.19627547 359.8917538   65.08348811 408.09416992]
 [699.2048259  558.817695   769.32629381 521.13203485]]","[0.32426555 0.70906629 0.34602719 0.44874899 0.99574583 0.09735051
 0.31291335 0.80238895 0.68440246 0.16226503]",842,2025-03-03T23:25:03.163336
45,0.8197473776248398,"[[390.95531286 435.10523267 326.14631689 310.43345752]
 [612.41436934  13.01524139 136.70526291 208.84590034]
 [673.77537452 728.92514555 448.64186708 257.75391168]
 [397.2847774  454.48354082 637.31731185 654.28801279]
 [784.3992089  694.67037771 651.11313216  49.11690868]
 [425.01462109 500.26973105 291.8009722   28.12229244]
 [213.32748037 554.10478445 309.39149595 312.40163218]
 [270.84128192 170.56504613 689.65598973 638.96480592]
 [709.61538334 698.79545213 291.48559623 649.00345912]
 [183.94082939 542.74308721 438.08139402 312.26473976]]","[0.51079565 0.32712588 0.16162242 0.57615377 0.2628118  0.3283725
 0.11360984 0.297932   0.29065059 0.78887366]",843,2025-03-03T23:25:03.169342
35,0.9363099720852454,"[[754.04553986 397.43650575 647.17324727 254.45542304]
 [288.3170225  735.50929052 674.42283509 170.94486323]
 [587.44354467 149.53790701 337.13727778  75.08173095]
 [401.38804126 453.666761   656.87430574 508.09565355]
 [385.62388444 145.99710139 508.89648648 759.76978645]
 [790.75922039 618.40951688 738.13137363 105.67640743]
 [601.49275552 304.26844942 778.11201767 476.26504355]
 [674.65952877 526.92529555  42.11049426  67.74936264]
 [207.39046396 296.3972638   15.9288644  150.18007997]
 [ 55.80402838  87.70010346 692.54940036 140.72068321]]","[0.54754889 0.16042989 0.2364549  0.99166439 0.01938788 0.0186722
 0.73659132 0.34170966 0.31865568 0.05865386]",844,2025-03-03T23:25:03.175909
12,0.9488877882427117,"[[749.40983893 143.87901232  62.27298071 440.82539557]
 [296.29676933 564.45622351 596.06872707 694.05695132]
 [622.4242253  464.87111037 236.8548687  769.12727326]
 [694.31567949 728.02201618  71.57484929  39.9663007 ]
 [ 97.13310442 792.12034683 130.29775117 601.46114605]
 [207.9530154  371.1411114  229.05692084 679.59523501]
 [661.56392171 509.67267788 133.05889101 610.00444359]
 [584.03431851 733.75308506 466.19792126 624.71616777]
 [  6.39314939 411.50279664 578.81782796 427.72802032]
 [149.14940258 277.20828184 319.03740709 127.30480591]]","[0.59168586 0.95005047 0.95290356 0.37878469 0.88848986 0.89038015
 0.1765557  0.93697909 0.49939726 0.94682004]",845,2025-03-03T23:25:03.182352
12,0.839938159126719,"[[128.38991199 352.27605657 478.64518693 577.06499063]
 [608.56737607  49.4530674  690.63117941 358.01800272]
 [585.08631564 742.38276848 512.2773404  758.75434505]
 [368.69635159 625.55881562 603.53522279 156.50214656]
 [734.7430755   23.39545982  14.90123505 397.95434363]
 [305.45305152 247.44501947 533.48232565 224.67825016]
 [270.23698281  54.59848258 746.60745513 690.76910669]
 [340.27330451 675.40886918 662.1131212  212.90609483]
 [303.72977964 793.88764032 685.30856369 669.05663712]
 [357.67193497 206.81847269 346.53287321 436.29016801]]","[0.05190668 0.08700468 0.19297642 0.81127643 0.64718057 0.80707064
 0.51541337 0.3961763  0.52876527 0.76056698]",846,2025-03-03T23:25:03.189212
45,0.8378514434874624,"[[499.38345562 187.74210348 437.98158161 122.43707924]
 [739.48877698  53.07269629 543.99543834 691.22438251]
 [ 93.40814606  61.2483753   74.03692929 287.69369268]
 [197.05919524 170.40110741 466.72176259 753.53050455]
 [579.02486332 629.77375897 191.8444891  789.11287768]
 [610.45624358 258.44584914 522.78363285 791.89763935]
 [145.84518693 500.23203984   8.59611997  83.38327786]
 [473.60221283 514.91880815 583.11237685 228.22407296]
 [425.18893147 476.1710592  452.82413766  31.99329842]
 [ 20.03548934  76.92039989 649.02518652 477.47430466]]","[0.3910485  0.65273394 0.62658595 0.41277692 0.22212895 0.37899054
 0.47826535 0.42083887 0.80886131 0.06069827]",847,2025-03-03T23:25:03.194939
17,0.8910056759515539,"[[309.40390105  57.38922617  23.68768736 614.93293296]
 [349.38960723 168.01459152 526.61081659 495.42743135]
 [576.81448589  85.06790457 172.45125637 799.38019077]
 [218.14477324 325.93698447  33.91762348 159.64047294]
 [526.28087372 554.7237697  117.28319272  43.81927715]
 [320.11962456  41.64015579 180.42960445 460.42616323]
 [ 16.09323747 140.622515   367.47618183 695.94421511]
 [627.68209654 237.2247342  537.67725816 267.39349002]
 [793.71356526 582.70632023 580.26308973 372.51933815]
 [ 75.50597452 714.17428947 710.08236909 436.10585688]]","[0.25037672 0.53600935 0.08000434 0.35240855 0.50149858 0.0472949
 0.67003909 0.06627542 0.88347387 0.17815808]",848,2025-03-03T23:25:03.201066
18,0.8416719055277474,"[[565.53927707 457.45884786 639.30456109 691.59492282]
 [616.11309776 494.18347739 279.27418116 609.27841116]
 [574.13570987 741.6909054  202.30416362 358.2545194 ]
 [544.38213419 640.47944612 234.71035733 525.26725105]
 [ 37.41656603 589.65557903 127.24519674  27.75358439]
 [264.30681466 551.53208582 554.53293992 569.97774779]
 [507.28884476 669.48627535 497.34292836 767.73861897]
 [383.30246565 366.41659579 445.47258466 616.20576877]
 [ 60.69527684 507.09646642 342.72992796 676.55926902]
 [560.26224753 376.81006977 688.61802287 645.46302025]]","[0.96831263 0.03344772 0.65145367 0.55872791 0.98222038 0.47910231
 0.43648966 0.9063341  0.82411559 0.36925897]",849,2025-03-03T23:25:03.206748
24,0.824335839734724,"[[663.54967707 503.21371621 585.30753408  22.9297542 ]
 [181.492105   458.71564322 654.64177211 188.29799144]
 [130.98235523 132.77116191 550.96059959 109.69851107]
 [220.93260346  19.82969356 592.07834814 271.72151075]
 [595.387188   335.16007768 289.09073617 325.12003968]
 [613.8599547    2.25166555 621.74240409 283.51187283]
 [672.56687053 370.68508162 591.94454208 361.24991215]
 [ 41.33035263 502.05260519 768.55959232 156.17200742]
 [208.62154253 281.79092512 378.88817425 739.02432178]
 [124.69959736 790.74669801 497.49819656 612.78760434]]","[0.90942924 0.43490685 0.88082885 0.20574906 0.1460751  0.48196472
 0.23087257 0.48735258 0.59579655 0.80722968]",850,2025-03-03T23:25:03.213203
40,0.8840713264218868,"[[357.18982753 340.03306921 759.2587287  740.34408516]
 [288.46660698 749.78158739 163.48918341 241.7556731 ]
 [115.66018606 628.75893388 186.4392178  695.41654927]
 [399.7374266  431.3788849  479.92163762 116.28754155]
 [673.88313046  29.19198954 429.05332982 444.15894705]
 [119.1622405  591.05859532  48.3945895  340.61228252]
 [192.13916714 234.15814603 476.14264053 162.24948655]
 [744.0015447  616.89024451 224.39418568 509.98097366]
 [202.81356623 614.81823022 599.39385926  51.07340059]
 [654.52433115 376.15084471 789.70544088 444.53320444]]","[0.56427705 0.42305681 0.80660446 0.51312686 0.77594122 0.46387734
 0.95102322 0.51781659 0.5342699  0.65884052]",851,2025-03-03T23:25:03.221064
21,0.9104557229072464,"[[387.5883688  531.48719873 304.241308   197.08596432]
 [197.67335058 138.79739425 676.56894257 712.97797893]
 [232.37953743 438.79760165 142.46516068 141.51930922]
 [117.67322236 135.39206837 692.29786106 594.04980261]
 [354.65646318 134.819755   174.91107361 693.74258741]
 [667.94641267 414.66832235 783.03965087 374.99584503]
 [ 46.00579276 735.84667311 163.27903881 199.01680918]
 [126.83431186 337.32119319 427.36123619 455.47781617]
 [449.26998895 100.16267728 260.47912119  93.00988268]
 [260.91679112 475.1386037  329.10684683 223.86203393]]","[0.06091049 0.42959901 0.63879561 0.93517662 0.51045319 0.99703387
 0.65677967 0.14318934 0.58561011 0.03770502]",852,2025-03-03T23:25:03.229057
47,0.8462720821075913,"[[192.04138694 783.32493438 376.44579724 466.91400452]
 [ 88.87191512 254.0010265  559.75298772 690.35035015]
 [ 43.79996241 710.48178993 108.72912725 601.11989626]
 [152.35026443 780.77416673 549.57244715 122.93380353]
 [430.02851077 124.62404928 674.45714119 652.80222438]
 [446.39026638  16.45505747 661.37676186 554.31596621]
 [591.53195379 512.14902232 104.78706666 394.00424765]
 [750.56698679 361.78004742 712.25790017   8.05516997]
 [450.29862757 312.07466344 482.97452334  79.16213749]
 [711.16935584 120.72689528 213.37336888 769.6422327 ]]","[0.04046765 0.8623455  0.5687648  0.42018117 0.62101949 0.74994707
 0.45179392 0.76911764 0.53211881 0.64725148]",853,2025-03-03T23:25:03.235690
30,0.9469978314653155,"[[371.22984141 689.16922271 656.28345225 427.43472473]
 [ 23.51330418   2.62194991 133.1278876  512.80533884]
 [781.58480104 420.92493787  59.65024897 441.37186385]
 [281.07459766 311.80344531  97.40031165 170.82561408]
 [513.50186396 273.41685543  19.75180485 310.19284924]
 [698.18727645 144.96645916 614.58505136 639.75484071]
 [431.78276035 700.41651194 208.5690972  559.21038962]
 [628.19277605 210.89998623 195.81507175 351.5353041 ]
 [276.66771267 491.90511373 223.52010461 665.91642518]
 [662.33007027 414.61757375 462.29156154   6.49932502]]","[0.19809159 0.32001741 0.78399333 0.03292205 0.83947341 0.90467796
 0.0840521  0.8574446  0.69517218 0.71595658]",854,2025-03-03T23:25:03.242280
39,0.85667681902674,"[[319.85306256  54.13575627 386.06613015 663.67486402]
 [596.98491841 740.85181833 586.35542311 741.96615609]
 [105.46379775 131.09371322 414.13853693 415.04486592]
 [728.56464624  54.86928422  47.10197087 757.96234234]
 [783.94312594 696.65637085 738.59943177  93.86303442]
 [769.7209285  576.24506354 679.65911609 592.99153403]
 [398.23045093 479.25688744 532.01472052 297.93144547]
 [130.09375822 519.68758342 691.20535962 668.31356044]
 [540.83440793 167.85199635  32.34581346 352.19438056]
 [639.69948941  70.14304081  82.52252364  86.95495982]]","[0.83587728 0.01097978 0.96899188 0.61700909 0.70457253 0.39394301
 0.34364498 0.88939827 0.23821164 0.22377665]",855,2025-03-03T23:25:03.249048
23,0.9012130105166087,"[[592.59594974 749.47053464 207.06323994 209.89741453]
 [505.58755776 289.93633195 344.49887417 676.91673286]
 [558.59329179 467.10254075 680.84755831 568.17894385]
 [ 70.38623669 477.88821815 368.77594645 283.29190828]
 [412.05143871 634.43428252 333.29746056 118.82188182]
 [132.05539985 673.92119577  71.93316158  29.95484776]
 [ 54.90346212 569.76007774 769.80460025 776.201829  ]
 [202.25166937 683.63824799 168.23389594 312.26481321]
 [550.12702289 388.24421577 757.57519659   4.75142237]
 [252.54725689 312.67276274 481.4565374   62.79926621]]","[0.01601133 0.5049349  0.36767845 0.27415951 0.04543634 0.47056684
 0.99024794 0.73394725 0.89601534 0.28432984]",856,2025-03-03T23:25:03.255484
42,0.8296762432385991,"[[450.67385891 380.72854912  24.83604482 528.95327924]
 [332.84460292 351.63384894 683.54016368 734.91583414]
 [313.10322912 497.38459747 736.91964937 264.68329353]
 [101.24712447 692.74824401 426.76693413 265.57604947]
 [113.90879865 211.07444477 518.00794879 774.91231932]
 [ 17.82884899 644.89245322 762.55465885 640.45858899]
 [187.16959937  65.71902881 248.08981173 583.42313977]
 [416.10314235 379.76828151 325.32208633 796.75788405]
 [415.62706395 180.13003629 770.75801373 664.04893571]
 [271.14181123  29.27030007 552.24213693 185.14476682]]","[0.64240804 0.27179642 0.69770384 0.40257865 0.64394575 0.20439459
 0.86366078 0.79570897 0.33004713 0.07462474]",857,2025-03-03T23:25:03.261743
12,0.8847598850184231,"[[299.98903969  25.26208862 692.67224492 148.04450706]
 [288.9213438  169.97533559 705.61750986 708.04841146]
 [627.51245128  27.62593982 524.51349715 123.14578558]
 [582.04619946 254.95866775 792.72694671 477.82751918]
 [223.04308862 665.49008105 615.80332548 529.50399944]
 [145.7286647  404.68064611 461.32088279 361.60174609]
 [147.00045639  34.18763824 491.74038523 194.81019581]
 [498.14986838 607.1778468  323.89986901 261.91876307]
 [199.94417801 692.31902204 662.50311928 447.40017569]
 [446.67056889 481.33694058 581.0182859  311.30662565]]","[0.74314027 0.62728685 0.33237079 0.44651159 0.03817671 0.66338454
 0.88625256 0.94866133 0.3702166  0.29548253]",858,2025-03-03T23:25:03.267257
26,0.8923526118004881,"[[595.61835561 589.32956011 615.66867229 455.04798601]
 [769.79510565 373.48972015 357.49712666 127.88373192]
 [458.13504236 388.88868779 772.24971851 724.9737978 ]
 [618.17530911 799.61397227  93.97797554  71.38925628]
 [548.09514584 263.39788354 159.38689489 287.8891771 ]
 [541.71183675 349.12539083 576.23298219 558.99728265]
 [178.41481332 527.35652178 303.76385305 452.91854227]
 [233.34293552 394.48076469 741.34991723 574.53249883]
 [444.42537503 406.63002645 496.17501675 414.84659049]
 [226.30768714 309.0961272  777.69462486 324.66129687]]","[0.23074958 0.86776473 0.54854613 0.33642635 0.02230258 0.23304326
 0.6790648  0.55577723 0.426187   0.54043928]",859,2025-03-03T23:25:03.273261
30,0.9478246608166797,"[[172.07144022 674.8984738  223.36438425 190.03882666]
 [549.91311316 333.6610399  160.3333494  581.70295111]
 [626.23415245 432.36278856 191.53717111 205.63391009]
 [377.7580657   91.50665646 664.17673258 741.67468332]
 [778.19902953 137.04804154 553.3702784   22.74508797]
 [135.34200975 102.2650461  278.1839355  322.42433232]
 [546.72294107  98.33865703 184.87722198 320.04671402]
 [146.98030613 689.23752032 571.55648621 695.74969553]
 [766.63920764 462.44392783 583.99997407  98.22517726]
 [448.42700267 406.27993424 756.79163426 480.89115526]]","[0.72395541 0.11340335 0.11480331 0.98669175 0.48988977 0.70264812
 0.99462217 0.11492422 0.75533896 0.59584179]",860,2025-03-03T23:25:03.280779
30,0.9471811892509092,"[[  1.66940381  50.2538111  606.15507675 529.90235644]
 [421.34829473 171.54465475 588.60093075 791.3087901 ]
 [690.64498628 621.9744326  403.37583162 591.12495199]
 [590.61162285 361.25836915 377.33857813  14.89582241]
 [437.53527503 371.82636414 726.79230335 647.98161729]
 [329.6369097  412.12232789 360.09434861 455.5005638 ]
 [467.95204544 297.52626875 465.12025449  12.78984221]
 [116.99187778 704.94581315  68.20303304 686.70195855]
 [530.6631738  537.07254641 462.14114918 470.87366782]
 [698.55518661 494.77125216 785.76107921 444.34351224]]","[0.52514431 0.70399145 0.07421164 0.79346556 0.67158808 0.28913937
 0.52737769 0.06244069 0.40863405 0.60872634]",861,2025-03-03T23:25:03.289724
15,0.896111763439109,"[[274.97762006 773.20589534 356.977039   256.07368725]
 [470.09579788 693.97545415 757.06431365 466.34925168]
 [456.78131896 135.29916492 271.26477219 193.68218957]
 [ 24.87252563 547.8280348  294.83721089 477.19138721]
 [409.53426759 708.37687468 762.50665527 508.60006435]
 [401.14330085  39.50032777 189.09100545 261.46916635]
 [731.39979762 661.08242286 687.62741709 118.31049094]
 [157.43772643 770.238901   137.56119775 601.47832459]
 [499.79807944 193.78898581 720.79452815 432.85470038]
 [143.65983317 613.42928834 496.87492344 707.91576739]]","[0.9365055  0.45645613 0.38341409 0.33003519 0.06153651 0.61269553
 0.91002959 0.83782732 0.8950845  0.5918338 ]",862,2025-03-03T23:25:03.296108
13,0.8781325182681096,"[[580.79200786 153.72609815 162.49621322 677.84826324]
 [680.58200899 762.35621962 790.08009147 719.00007996]
 [439.32457878 139.87310258 719.18191089 690.15284306]
 [787.16095175 709.8980582  626.92875895 120.04172916]
 [514.51291869  27.47512036 397.23433568 309.84342932]
 [ 44.64508188  34.00762274 168.04254188 425.4897001 ]
 [164.88323145 360.16920459  82.71250485 597.12584815]
 [401.42145044 797.84079283 263.87697517 380.43556824]
 [702.13944975 310.51316209 420.97134164  92.55140185]
 [544.84584911 289.19133649 244.51214731 766.01034212]]","[0.78724499 0.91450203 0.6405294  0.50414441 0.33294984 0.89912909
 0.69914191 0.50821779 0.8428561  0.55092823]",863,2025-03-03T23:25:03.303685
50,0.8405893687522031,"[[752.53978221 487.9869636  635.17320182 385.34659929]
 [109.98545904 264.45297558 149.98720486 112.38168837]
 [283.70959966 505.98750104 205.18540558 775.20573097]
 [485.10430923 689.98857344 492.32799008 688.22412044]
 [414.17507878 557.06581739 672.32336217 532.32513575]
 [664.60605264 429.3549612  573.55297277 258.93699673]
 [252.43843016 558.15891208 799.71541973 513.35945908]
 [ 97.47021351 381.3773244   57.90980737 468.00562228]
 [520.5675313  606.46758085 112.23010711 348.38936704]
 [742.36687156  45.44233126  34.41979279 415.74837962]]","[0.31151129 0.2447174  0.11359872 0.42676912 0.94604321 0.23583405
 0.50367043 0.49171104 0.23814391 0.93866748]",864,2025-03-03T23:25:03.310088
50,0.8515279786125903,"[[3.29829361e+02 5.43519208e+02 7.41415749e+02 2.60772375e+02]
 [6.42405233e+01 7.04181889e+02 4.38666805e+02 1.66083270e+02]
 [5.78163056e+02 2.98103746e+02 1.19449340e+01 3.77218574e+02]
 [4.89164468e+02 3.43605099e+02 6.87905504e+02 1.01118955e+02]
 [1.75285267e+02 7.52409668e+02 1.00570667e+02 6.11812958e+02]
 [8.58332877e+00 2.65872669e+02 1.64869618e+02 5.74604762e+02]
 [1.20474658e+02 3.76459257e+02 5.13794786e+01 2.42951311e+02]
 [7.17774610e+02 4.84646631e+02 8.03382139e+01 3.56889040e-01]
 [6.39858024e+02 6.62853488e+02 5.50511279e+02 6.64991504e+02]
 [4.42629075e+02 5.04308506e+02 7.18518067e+02 3.84694800e+02]]","[0.84604597 0.94437134 0.33030311 0.07467717 0.96878906 0.67671894
 0.87360843 0.61724843 0.92105969 0.07816948]",865,2025-03-03T23:25:03.317131
12,0.8994697177348796,"[[677.85504042 596.30085523 748.55882679 635.07250202]
 [115.10942051 252.00992453 368.1345622  662.0270154 ]
 [708.78860797 201.24440035 283.77236171 656.70721521]
 [555.85854597 105.04512594 479.10833987 301.64324129]
 [197.40072837 487.77827054  52.10343628 110.30810134]
 [249.63800462 501.10830358 120.37387988 618.71878705]
 [468.85167982 191.79463405 219.62665072 211.64819726]
 [ 12.2622426  274.2238337  598.71202911 470.54377823]
 [ 25.22077073 762.11665635 759.21456255 326.91042971]
 [259.40598873 517.67756603 753.32757587 791.72047722]]","[0.1332084  0.86072491 0.57064317 0.68245167 0.86788619 0.25783251
 0.03257759 0.45143785 0.86602605 0.41566295]",866,2025-03-03T23:25:03.324062
41,0.8480968004166676,"[[600.66532573 120.52368845  12.56476317 375.98912445]
 [582.2592015  383.80933965 115.05319527 794.25106754]
 [135.7392843  421.05357767 141.08540584 563.81339621]
 [773.35504326 431.37685191  59.82310904 400.96828386]
 [411.85340258 523.57949599 792.86537463  24.72420377]
 [467.51534207 647.85796676  48.24051938 733.60443674]
 [407.28353304 635.63760422  41.70234389 599.61786816]
 [687.39787202 685.04656243 534.70960656 162.11854967]
 [292.40191909 651.67940112 234.01293351  26.17922662]
 [273.41414656 343.67610846 492.71086986  54.83695316]]","[0.36897199 0.10175621 0.56809498 0.73150417 0.46290883 0.49264257
 0.34208874 0.65391789 0.22176508 0.43363114]",867,2025-03-03T23:25:03.330143
12,0.8923700498322553,"[[ 74.8600691   41.08513329 128.95423195 723.92969898]
 [ 51.25608088 586.70275937 299.16962494 157.24106778]
 [630.46911152 675.22049022 132.07573541 440.75545641]
 [666.82941871 274.39849179 290.77049044 503.72574224]
 [ 62.76183862  99.09597807  32.93925983 525.90813766]
 [489.92873512 664.527327   436.85149843 600.1055768 ]
 [649.45039863 786.66813541 319.11484727 669.5487422 ]
 [144.65578792 284.35475763  59.67108881  85.46402247]
 [663.63527382  87.78373523 203.2356272  537.58953091]
 [348.01499087 198.92691259 565.30197911 314.59176252]]","[0.73897037 0.31148947 0.4292888  0.51750664 0.38644514 0.98512011
 0.97504672 0.23516255 0.58117997 0.70689214]",868,2025-03-03T23:25:03.337305
28,0.882499737073902,"[[216.40673048 495.67197711 350.66168886 197.86252844]
 [  5.04358429 647.40894729 257.90239405 436.08287937]
 [228.00173423 297.81048477 500.45526925 747.63767227]
 [ 69.68864527 176.66460898 596.25990513 639.09366598]
 [775.68460316 551.61923252 785.45097244 465.83962048]
 [184.31835737 404.17999478 360.57121738 418.64134321]
 [488.24351781 260.98027828 577.11755546 364.46801008]
 [147.18068899 748.0484745  705.90251639 574.58960511]
 [283.63368907 536.90003158 693.95572853 721.13142422]
 [ 93.92411013 770.22436421 619.98789038 720.46349461]]","[0.72391688 0.13779571 0.12756773 0.78954709 0.32228379 0.44572716
 0.89752502 0.1323442  0.05089817 0.22264421]",869,2025-03-03T23:25:03.345189
24,0.869346807323409,"[[  9.9147971  522.66171731 608.94801066 495.22286339]
 [572.51536745 681.32444892 426.58143326   8.94839243]
 [680.12331818  67.82204143  14.77605074 444.2209408 ]
 [182.1680553  320.79103508 509.10889047 599.26951732]
 [442.63153028  10.80234948 321.04357076 452.36471518]
 [514.05755758 383.35668858 375.21315696  31.37490548]
 [698.98624172 364.6675018  692.25050523 443.5292176 ]
 [773.77009973 162.1198305  709.32906334 221.42001284]
 [744.74916499 355.83314226 646.83544371 247.71798307]
 [263.68031215  49.52061833  61.08335079 665.08536137]]","[0.34384067 0.6712608  0.90745264 0.50703024 0.42263744 0.0457081
 0.23112096 0.94882496 0.84275676 0.69339665]",870,2025-03-03T23:25:03.351779
21,0.8315600506885905,"[[735.40959091 678.76955921 473.93773083 368.72207951]
 [229.03325122  15.47594053 737.35915996 550.79912874]
 [567.42152508 706.30099004  71.13194771 230.43199362]
 [ 94.27860923 168.58605762 306.09608444 704.96252307]
 [715.82342805 483.37309481 203.48384636 668.84351945]
 [279.35580865 215.43053344 611.44192934 140.75739752]
 [722.29593967 545.16729358 736.35736426 763.68004662]
 [120.85997027 319.81574807 747.8296647  612.50577097]
 [119.47420093 670.43980602  49.47342627 710.43175806]
 [ 80.74480407  59.19036554 420.07816189 188.96154323]]","[0.43665528 0.78582685 0.03317356 0.14097521 0.21664133 0.77775322
 0.46517786 0.41940865 0.37672281 0.70273863]",871,2025-03-03T23:25:03.359021
23,0.8555204072004433,"[[138.77036754 341.2026526  133.87633945 330.24998267]
 [776.01459874 318.05758467  59.15716969 688.97475784]
 [  7.48073387 388.99856493 614.30366574 600.02752073]
 [612.16634809 421.23690507 271.13784442 181.67566203]
 [769.71534849  78.72032307 671.09657979 689.52185733]
 [781.81867576  16.39414886 737.73675083 509.88868015]
 [543.57710944  41.91309729 157.89243118 139.67865651]
 [311.46953133 236.61312834 743.89126855 654.46854508]
 [631.1356654  495.38162574 469.83209047 672.29783492]
 [701.2923291   10.80231003 526.80739191 388.06599872]]","[0.40359936 0.81238559 0.88163639 0.6490903  0.74473904 0.66477098
 0.42625541 0.5590028  0.85203898 0.71787398]",872,2025-03-03T23:25:03.365789
16,0.8502222118850619,"[[329.09071418  57.78445025 538.15413348 686.16812995]
 [354.70768112 375.23765077 561.02221709 491.70687159]
 [173.60286855 312.30744979 160.16158325 175.82501545]
 [479.80315325 264.00724722 713.56666309 619.67126881]
 [302.56207507 283.96097076 241.06092888 221.25800713]
 [393.10648916 284.65260173  51.65020985 600.11695418]
 [289.26372098 545.57157625 702.76194696 730.7926989 ]
 [319.79607173 798.813148   374.93258323 207.22687736]
 [330.26768505 100.90845373  43.56373185 474.04702386]
 [442.85405432 799.22373281 192.00791204 473.1228355 ]]","[0.47536897 0.69647055 0.79844208 0.09110362 0.24162052 0.85419504
 0.92833315 0.16923786 0.58820999 0.632567  ]",873,2025-03-03T23:25:03.373621
33,0.8472737622955532,"[[222.99941826 694.54433163  27.02720803  77.80204713]
 [255.15861702 691.1685803  400.00613407 399.97311248]
 [512.39090295 634.03711659  96.20131604 359.99901553]
 [323.50473313 232.12518866 165.62567654 769.31544048]
 [478.75576467 707.73123524 499.08371149 359.44023232]
 [279.64084429 387.64228808 426.30395105 398.81713328]
 [481.32185426 701.20509706 724.30098392 477.54314677]
 [547.25311108 197.22612072 404.03034278 722.9954231 ]
 [336.1486755  749.77863526 414.89853623 619.3732325 ]
 [  7.07630835 115.11111339 422.61946329 759.64463669]]","[0.49867571 0.09481805 0.28751294 0.00569643 0.71333289 0.06367753
 0.43802893 0.26242666 0.96756501 0.74401214]",874,2025-03-03T23:25:03.380565
19,0.9036381167527343,"[[ 31.9862743  573.62941919 512.23194187 572.71628915]
 [517.80571073 214.39850241 592.29070689 617.63194786]
 [ 41.16511763 735.24356587 434.44431242 214.47259186]
 [126.45924242 114.34121015 239.92801019 157.79401279]
 [523.81903794 599.32437239 176.16425799 568.47836225]
 [346.81063286 275.97347761  58.38678059 599.94864987]
 [101.55681308 753.6628245  697.52401073 554.30040625]
 [697.76367007 479.0248197  294.8325048  573.39593317]
 [512.52048419 362.06386001 257.93884538  76.05700641]
 [358.09216246 588.12618181 478.9976628  718.07046869]]","[0.06479879 0.6122341  0.71648166 0.27421932 0.89383384 0.86124059
 0.84104401 0.47790689 0.27066892 0.89467986]",875,2025-03-03T23:25:03.387694
11,0.917716469792566,"[[1.71032426e-03 4.68099332e+02 5.86759679e+02 2.15944019e+02]
 [6.77108239e+02 4.59984592e+02 5.48714952e+02 4.07660515e+02]
 [5.25229747e+02 5.56436829e+02 3.58248338e+02 5.26369079e+02]
 [5.71949787e+02 2.83843795e+02 6.58722408e+02 5.73781365e+02]
 [5.64946690e+02 5.76756273e+02 2.12973520e+02 3.62819823e+02]
 [3.92227246e+02 1.55387474e+02 2.90354290e+02 1.68112193e+01]
 [2.41615589e+02 5.64652393e+02 2.94714137e+02 2.68081799e+02]
 [7.92268146e+02 4.42544658e+01 1.81927994e+02 7.57466435e+01]
 [1.08151865e+02 3.27891113e+00 6.36080819e+02 1.68932747e+02]
 [3.22825944e+02 3.71701353e+02 5.92423967e+02 3.46061623e+02]]","[0.69564874 0.1485248  0.72634506 0.26191406 0.90057908 0.18940898
 0.2692953  0.86930327 0.26966598 0.35863048]",876,2025-03-03T23:25:03.393746
19,0.9410223502566923,"[[369.39889494 728.03263177 312.53116434 260.18567456]
 [732.68544379 467.82953566 433.42930054 105.18254763]
 [552.58546758 600.72090468 337.69527722 424.97275147]
 [242.44108096 493.55552181 419.60640071  69.64857776]
 [639.42064589 461.11772057 590.42265553 262.37079827]
 [106.11412552 439.28915077 699.03898529 291.86907748]
 [734.5038675  306.96293797 663.78285345 527.77448085]
 [418.79197465 276.42046727 182.06768343 393.8500457 ]
 [392.54554907 784.67822891 327.45314007  50.79782457]
 [  9.78038522 747.52295749 433.18219679 650.48198837]]","[0.33215262 0.23129927 0.18351577 0.43793693 0.48044238 0.58798269
 0.40920738 0.56796467 0.19609838 0.6135651 ]",877,2025-03-03T23:25:03.400030
38,0.8233031258697338,"[[712.67394591 245.76324856 745.53154258 548.27979494]
 [ 92.83369929 240.27899871 780.3916794  468.01325567]
 [538.36214619 744.3132524  141.96606465 724.19771659]
 [647.51528271 125.6345113  590.15148774 332.71039236]
 [739.82542885 791.43828665 227.47511174 659.23240213]
 [  7.76589972 429.68773977 383.34725296 106.14546223]
 [689.55323965 647.23544367 687.04831088 261.51609057]
 [404.28157309 676.13665207 459.59087536  28.95986798]
 [112.02189394 554.82747174 410.97880374 656.34700312]
 [228.76248164 220.29319531 101.2755046  413.87932898]]","[0.71473198 0.24364224 0.40925444 0.68053353 0.36131673 0.83393808
 0.48711509 0.51714124 0.28704627 0.3187455 ]",878,2025-03-03T23:25:03.406454
10,0.8062233176664658,"[[267.69527504 623.33441239 311.48776034 425.95207602]
 [680.70857463 638.95200842 450.26321039 567.82623438]
 [738.88525092 303.59178193 773.88321293 434.14076193]
 [133.0424658  136.40834711  64.37040178  81.29228214]
 [422.35195004 312.38098789 491.15383818 151.32708211]
 [781.21817895 328.68557431 665.93524187 214.06575494]
 [160.83257091 475.43384034 703.89193144  41.10903401]
 [  4.24752325 494.59953931 737.23752422 666.09644452]
 [289.22328888 676.88367935 379.3054474  532.31577545]
 [ 99.2660426  668.31187806 426.40912507  87.00989933]]","[0.69930693 0.49830696 0.67649158 0.3807266  0.06477625 0.19356681
 0.16606409 0.19048451 0.76448898 0.5330302 ]",879,2025-03-03T23:25:03.413929
45,0.9237912898726307,"[[194.58626463 667.03280466 444.73356611 649.62760397]
 [278.51695256 774.50551729 352.27537856 734.59011103]
 [126.68473574 289.02913028 737.80004182 721.90277039]
 [125.64495551 546.89632466 495.55885823 512.87929001]
 [256.18943526  46.32552404 617.82510611 417.7618856 ]
 [310.97364374 149.96375338 631.78862397 250.48421857]
 [ 84.61467059 771.30136026 351.45998739 504.78711712]
 [ 22.86362361 736.88921799 553.23318573 331.26287025]
 [392.65248622 777.37264967 320.91073751 664.21432831]
 [211.49718658 531.56330542 491.56776055 666.4763789 ]]","[0.33752243 0.34288776 0.10490967 0.69494    0.41118446 0.27160614
 0.06713987 0.48984385 0.5350077  0.24585999]",880,2025-03-03T23:25:03.420938
24,0.8585106036476086,"[[759.5127626  651.53522086 403.48301898 681.26562726]
 [765.81416131  29.7026385  504.60674879 535.39947471]
 [703.87908586 496.78645572 486.07332865 123.57090158]
 [281.82259538 740.34446953 794.2967833  440.24612439]
 [606.43195665 524.6439906  426.33054694 721.81223381]
 [392.73877842 327.15645443 792.89620743 274.18551062]
 [313.98644484 143.10994288 733.12238828 723.6580613 ]
 [ 35.42431424 412.23985483 745.19626892 117.2801568 ]
 [ 68.70248802 112.72243368  97.28534311 721.35536069]
 [463.29356357 515.24619285 108.81453287 384.10132311]]","[0.71710897 0.1569334  0.47099164 0.16573276 0.93156442 0.07820881
 0.29902997 0.92201799 0.26721992 0.1173695 ]",881,2025-03-03T23:25:03.429497
15,0.8739472999905151,"[[117.7509105  639.43879236 654.34628346 671.68191564]
 [542.51470692 390.96987928 237.22721512 590.65753186]
 [307.92413701 738.57678873 375.42503489 429.75278229]
 [142.9693761  233.25890309 272.87623816   6.47248174]
 [419.69303164 767.6000932  796.89357386 352.2732319 ]
 [ 49.84718553   3.13953722 779.79484105 403.41676638]
 [696.90799317 696.20222183 676.15282178 609.18558554]
 [484.77010623 276.79052774 426.89953154 674.30401324]
 [335.19636962 299.07042812 381.93909966  42.11771866]
 [108.62761089 596.80367784 594.89273536 655.97162099]]","[0.09667208 0.22434854 0.2687736  0.68233115 0.04002402 0.56196825
 0.15795091 0.43835985 0.86856016 0.34572377]",882,2025-03-03T23:25:03.436267
43,0.8715193901297693,"[[292.38041484 583.1535504  141.4321531  691.12853651]
 [235.84438649 578.77596612 739.5471718  328.62717174]
 [377.8619213   71.07168872 739.44775726 623.23414525]
 [254.76024947 595.61033347 104.80356188 264.73768556]
 [666.65153193 530.82296811 296.7768933   97.15070232]
 [156.54671366 431.19004535 793.23972629 710.53800581]
 [ 63.07818853 212.16727488  56.72250588 705.92523382]
 [584.09987201 637.13922841  18.15878498 734.09966984]
 [439.07659748 787.27806479 267.07849416 647.14210893]
 [733.21381065 643.88259584 341.76346847 434.45995761]]","[0.33965545 0.35620006 0.78571606 0.68863183 0.11886334 0.84433892
 0.28863244 0.51991563 0.90051411 0.28037032]",883,2025-03-03T23:25:03.444835
37,0.8374185406236336,"[[616.69619611 339.01100932 442.03870967 676.45657915]
 [479.39852663  32.66145818 398.24177208 259.74718512]
 [575.58142709 496.2880097  689.44001506 203.38268689]
 [690.01052055 239.40114075 785.34815858 209.46086551]
 [369.12733429 392.28545074 323.44226017 554.86917514]
 [342.18475204 562.98439719 698.55759215 714.45330529]
 [  3.78443545 295.95508013 424.84361174 528.35668579]
 [226.4859479  111.36678325 263.49993675 142.27502562]
 [272.35984994 655.76476666 644.43093169 565.97715901]
 [273.14055735 117.6454781  688.71643429 240.81566096]]","[0.20301344 0.99306436 0.08738478 0.18304825 0.52347237 0.97216245
 0.95164607 0.82111215 0.08067998 0.07965117]",884,2025-03-03T23:25:03.451757
48,0.9020268966836099,"[[518.31408168  59.3323403  561.20915984 444.4250473 ]
 [479.10685813  82.04366167 158.91372116 790.05106957]
 [679.87140967 292.01346097 489.86097861 775.31297374]
 [389.9336272   36.38344281 747.46470721 724.64073328]
 [463.53218115 640.65430584 551.41977202 691.12219158]
 [554.03056897 157.26170471 552.72103996 706.68881439]
 [570.67780187 216.40466493 348.74944648 614.41824812]
 [451.74948725 271.87929294 743.14761781 198.2419268 ]
 [699.17718603 332.22808781 285.18535087 587.55878001]
 [ 81.91889129 101.67548673 720.10909769  95.13949926]]","[0.36532132 0.0916451  0.96036818 0.51309489 0.21349344 0.78783034
 0.58142819 0.30862296 0.49136646 0.86439282]",885,2025-03-03T23:25:03.458094
14,0.8967601776309249,"[[794.41544498 391.36838078 567.34406651  36.47537119]
 [680.5859918  617.80855404  81.31474638 152.73956229]
 [673.10311539 530.13119595  99.18184749 340.21327996]
 [ 19.00727326 652.68543778 363.62237346 638.72182025]
 [141.98171124 604.82559786 415.47256683 496.57953686]
 [ 18.9234683  248.76816376 114.04125688   8.8432526 ]
 [345.44929749 263.44047005 199.30157049 666.57074071]
 [ 77.99405564 430.80343478 117.37002487 761.17050891]
 [613.74976809 383.34758337 179.55469617 217.87139349]
 [654.35513437 194.05015664 559.78517759 321.01645871]]","[0.82143985 0.42012772 0.28303045 0.11029034 0.5332056  0.13999574
 0.46014602 0.616115   0.0932045  0.65198047]",886,2025-03-03T23:25:03.464968
36,0.869296271437602,"[[103.38831762  19.16703976 676.79477877 753.6271775 ]
 [535.01634447  70.80884109  56.22603825  57.87942999]
 [577.3216718  274.84637796 708.53395077  21.49451694]
 [227.05712435 355.83498309 143.26708748 770.78666047]
 [786.60230718  57.67120013 638.28786035 145.85243231]
 [  5.80718338 529.31409403 280.87098526  41.18529841]
 [442.96693845 377.11182807 112.58501504 735.14527051]
 [722.36745956 111.32892155 715.11837123 142.07210426]
 [756.9155327  633.32973568 540.75251707  81.98274541]
 [704.68913126 157.14565299 271.81364621 609.68061355]]","[0.80775205 0.6183278  0.80554741 0.47253497 0.67479521 0.86802748
 0.58933346 0.19749272 0.11440896 0.13582368]",887,2025-03-03T23:25:03.472189
26,0.8515641502008447,"[[591.22954735 454.78622961 267.24699097 705.98083111]
 [252.19614752 251.9700117  749.19090697  67.20004798]
 [708.04250605  39.81551706 786.93593732 448.93115031]
 [550.34985143 793.46995662 673.66666262 658.81956032]
 [758.144615   435.09290272 391.86628778 328.70159547]
 [292.31629998 455.78320063 154.69981205 663.92696757]
 [107.66227178 109.37153953 200.08605001 500.64311375]
 [528.12202075 144.25460898 307.86853333 383.8941345 ]
 [731.26229949 535.54309272 354.87032558 270.33462248]
 [289.48434458 140.60361416 230.32579323 632.67148615]]","[0.87372823 0.66804514 0.38958011 0.3306301  0.98030394 0.75650365
 0.64219599 0.87249614 0.08886497 0.01022813]",888,2025-03-03T23:25:03.478835
47,0.8583261279845963,"[[568.09093472 613.32441589 546.77149667 502.82697844]
 [474.34019113 715.9267325  768.03806214 757.78052079]
 [560.15925131  22.9832217  316.96712035 562.43640456]
 [ 99.21212081 796.60949801 360.50653461 783.03370064]
 [125.8386191  113.37251547 661.25446527 225.92406863]
 [472.40581092 725.98783048 552.80669966 752.01448689]
 [716.5089338  254.99710489  44.44358715 379.97853431]
 [397.28241271 236.36849092  84.80886609 446.98234493]
 [729.30246341 276.44152279 475.99888017 500.70467923]
 [404.69702133 331.0069694  151.5986404  115.18899702]]","[0.78778959 0.48298194 0.77014962 0.64703565 0.19920926 0.55184727
 0.71976193 0.99967625 0.83076517 0.41214462]",889,2025-03-03T23:25:03.485451
13,0.8538788313166369,"[[404.96452333 152.71980734 261.23489881 267.56281199]
 [180.04895323 505.36574548 510.44949246 304.35077014]
 [333.00032222 546.40596289 191.86159962 462.08851458]
 [742.27963558 555.61931528 422.12215575 122.96281221]
 [366.22794193 674.32344589 662.48120766 465.65626356]
 [641.54284942 561.22229928 740.64457788 285.52996099]
 [359.98647791  17.73105959 756.42434563 157.11099159]
 [544.44561767 636.50803349 509.59010985 360.33668913]
 [475.29471528 307.85452572 347.81480318  24.37918741]
 [780.32423124 318.95419076 738.06818147 223.20032904]]","[0.37432041 0.10077001 0.96816034 0.3830704  0.02944805 0.0196815
 0.81370931 0.20131999 0.98677229 0.37641489]",890,2025-03-03T23:25:03.492140
19,0.865178007706177,"[[470.13592966 281.400425   509.13929661 236.8516175 ]
 [117.7437117  620.66792954 782.94293627 476.82261704]
 [518.27688559 719.65857743 629.45747061  38.46496418]
 [479.75544275 379.84009209 310.5387997  216.66681882]
 [143.3213777  359.50146142 785.96494041 448.83616414]
 [784.29631984 752.31769567 786.37008251 780.36362314]
 [651.71539595 731.96408797 711.84698254 472.96556561]
 [ 60.24917683 157.0903011  235.22111185 720.96919898]
 [494.26701908 201.25634539  26.46330116 664.64862924]
 [363.07827357  34.06346332 483.10523025 535.22323037]]","[0.99554345 0.44939383 0.91705558 0.8412964  0.73870044 0.20929661
 0.64332358 0.6249445  0.10902728 0.30511185]",891,2025-03-03T23:25:03.501665
38,0.8062555761171494,"[[510.36068551 121.90347114 715.5288574  698.61276141]
 [ 41.67311764  58.34887689 514.93075464 499.53391359]
 [361.66729596 475.93934484 239.09869894 455.81890805]
 [579.98426933 494.61448036 197.41524261 359.93714327]
 [752.82077627 741.59921891 172.67104437 656.90425476]
 [798.05624795 681.4641774  131.87348972 506.02684695]
 [381.59060748 144.32154604 265.70130718 274.63261082]
 [ 40.2670566  584.82644894 755.73761654 587.33301861]
 [290.95675428  69.04204156  36.88439654  11.86542498]
 [398.58509242 783.17916961 354.48926861 110.12313053]]","[0.01933382 0.38959861 0.53959991 0.63010485 0.35167123 0.35906915
 0.14546356 0.75270465 0.94547018 0.40891478]",892,2025-03-03T23:25:03.507961
25,0.8647286780095526,"[[509.81666874 140.66834386 664.0701862  549.30249293]
 [347.21392813 378.56728302 460.34199027 325.50699076]
 [745.25094728 178.19871236 394.54036567 798.40839292]
 [781.16814585 585.23597761 602.01556847 676.48892471]
 [466.39240891 494.85466413 476.95784299 582.10722647]
 [756.48020632 203.30863031 278.13018097 483.99593054]
 [227.28781611 750.36008049 397.44278095 242.22675077]
 [ 91.21583542 684.53816693 367.5393061  389.64794716]
 [718.71737955 307.89541322 418.42385362 589.31583042]
 [291.79132291 112.81480875 357.02943813 350.15318706]]","[0.62660832 0.33104418 0.95059834 0.76477464 0.89989712 0.61069475
 0.3969136  0.79110425 0.06071009 0.88909725]",893,2025-03-03T23:25:03.515330
41,0.8345637057632077,"[[794.9716857  170.82442889 534.53731034 676.60379611]
 [251.37798778 129.84548471 108.24685592 572.86759502]
 [564.57291469 236.86346448 348.92731028 393.04683169]
 [774.29306551 308.95881797 553.2747702  674.02534179]
 [648.02811039 218.9352618  350.70176373 137.79463277]
 [596.6662881  263.51068799 538.46600744 329.92202366]
 [ 52.24332975 343.59306714 474.98383128 320.80977383]
 [334.70477627 255.46798874 400.09338465 430.53472149]
 [ 24.69423091 332.66383511   7.95208732 106.28051382]
 [626.10983653 235.58158462 798.51472163 464.37735695]]","[0.44265003 0.42658854 0.27554866 0.47950679 0.37753511 0.40542842
 0.69392218 0.18881963 0.48737449 0.45450493]",894,2025-03-03T23:25:03.522582
46,0.9004617585732664,"[[287.07408395 115.05577745 666.55408492 630.81351605]
 [640.14682734 317.48056301 138.06013669  88.9860538 ]
 [420.86060978 253.07488778 663.18142837 135.79837046]
 [360.58014863 176.79611165 673.09849172 780.87299306]
 [347.30939245 236.62013338 445.03635775  90.60360729]
 [297.12483165 618.81949123 290.94589642 136.15768734]
 [ 71.06405216  14.32450421 403.40948697  27.44949952]
 [531.89277887 660.12592213 598.39924135 254.95618718]
 [322.56683243 480.4332364  471.18662096 469.01570301]
 [506.60011143 375.73480986 609.63944064 365.48379278]]","[0.54774739 0.55774    0.81724571 0.98599293 0.22056272 0.96959212
 0.82047934 0.6174966  0.36833631 0.67406852]",895,2025-03-03T23:25:03.530052
31,0.9179155891491542,"[[561.61399259 453.72693947  61.08434445  45.52756877]
 [797.18106272 741.77094908 651.55125401 409.75250679]
 [622.86334426 743.23668    341.69991287 522.94569732]
 [473.66800776 596.73888394 553.47219913 407.09576741]
 [676.04933199 596.3503259  563.0520235  289.92589709]
 [474.83108486 450.72293767 752.70146886 525.95727163]
 [ 34.49210929 644.57975585 200.86175358 450.3290763 ]
 [260.3237336  232.72198754 446.95247351 479.33463756]
 [224.64004688  67.30516862 568.79991208 370.96225901]
 [215.98432266 745.60731757 294.2419456  785.35003874]]","[0.14180348 0.32493012 0.89243442 0.87782494 0.78638679 0.07818782
 0.34046451 0.07118518 0.20529286 0.2980965 ]",896,2025-03-03T23:25:03.538092
33,0.8860568812425709,"[[348.60163774 797.10653079 572.38158725 233.91997594]
 [216.71682478 135.26317828 642.65622553 358.50926264]
 [393.76005357 681.84120297 131.50764614 131.7253725 ]
 [754.09999613 450.89531286  66.76244051 311.00057198]
 [261.35271234 469.41410875 106.29311297 167.353739  ]
 [  9.86559164 744.56567899 543.83586344 792.17080341]
 [727.92350443 549.71422879 590.29609782 713.00517928]
 [553.4198675  144.61712161 570.41561971 114.61193418]
 [385.63879758 339.76459151 593.69017462 764.28682325]
 [569.42804712 731.9563851  265.07306912 671.93494077]]","[0.42104578 0.41669367 0.61124449 0.77109626 0.91171661 0.00297746
 0.07532093 0.83612323 0.25309264 0.37999369]",897,2025-03-03T23:25:03.547216
49,0.9210002330000031,"[[187.22013589 674.39299314 189.58576392 172.29889461]
 [331.86771803  51.61857549 102.77653254 775.52338553]
 [399.16779014 217.56332163 723.34569721 328.2922288 ]
 [705.63021125 125.68568409 132.03776161 444.02817589]
 [648.64785437 425.54383702 651.82464558 690.41048428]
 [  3.60457388 305.48223845  70.73355367 184.97115181]
 [451.97646317  10.99039512 797.35915505  56.90387742]
 [ 51.72166654 208.1263145  299.52489952 445.43694365]
 [295.57093144 315.33721614 382.4118249  794.8488274 ]
 [256.61164746  13.43693241 120.11883256 594.28423244]]","[0.77781454 0.23240024 0.15602443 0.93049121 0.82235066 0.72211138
 0.25349722 0.89750259 0.6755057  0.85738505]",898,2025-03-03T23:25:03.554900
41,0.850123457270867,"[[209.4254246   54.50803114 488.88900372 330.67300605]
 [340.36815788  14.54776269 483.17504708 260.47787723]
 [617.52810863 343.64742955 208.57419156 361.55536503]
 [566.37184129 666.54795548  48.00769926 589.21982904]
 [389.87187802 494.68956399 252.18021317 688.71639173]
 [455.40152579  76.46470945 386.09256276 454.28588527]
 [531.34766991 260.00385039 622.67237066 561.70998726]
 [161.66253733 516.07430224 226.15175783 292.75141306]
 [ 70.51821636 673.94483591 581.529939   694.84681167]
 [125.68591682 619.19701666  28.94894163 259.20983962]]","[0.33644839 0.50245053 0.78980283 0.29074462 0.86386297 0.49533327
 0.11863496 0.81403724 0.84321057 0.26255271]",899,2025-03-03T23:25:03.563125
48,0.9088170722887637,"[[588.7197061  763.6736103  776.05087452 491.62708222]
 [446.33781133 124.9104782  757.3195626  614.00207798]
 [ 31.75791318 462.59465155 294.96023077 684.36455142]
 [221.29412397 127.7609994  251.2729784  392.18844874]
 [299.17253654 674.95292299 451.79835843 368.5679643 ]
 [507.20143985 565.30580512 147.32192781 695.41346621]
 [ 23.09766568 180.54724751 260.24487022 642.21279607]
 [546.21674443  60.82942208  82.69963907 133.66748315]
 [699.05745003 205.26501714 718.34275936 232.38692558]
 [254.62491304  83.42816731 289.97306902 178.73012032]]","[0.8966429  0.35825949 0.61389192 0.30890922 0.38721494 0.83787487
 0.38264539 0.26416252 0.70768458 0.34079673]",900,2025-03-03T23:25:03.570500
10,0.8542713905559209,"[[3.88546096e+02 6.25647528e+02 1.22312573e+02 7.82609258e+02]
 [5.55911632e+02 1.89238714e+02 3.01759994e+02 3.73495855e+02]
 [5.99741226e+01 3.58635214e+02 2.85390251e+01 4.64286518e+01]
 [3.13284264e+01 6.99597094e-01 6.51254529e+01 3.65249292e+02]
 [5.75169894e+02 4.76249259e+02 8.00111066e+01 2.61106629e+02]
 [2.36443086e+02 3.83425809e+02 3.78402102e+01 3.75243232e+01]
 [7.83221431e+02 2.22472019e+02 4.70249652e+02 3.60855244e+02]
 [6.78650209e+02 4.53329796e+01 6.95022897e+02 5.04401605e+02]
 [8.01990039e+01 6.79679539e+02 8.86378384e+01 7.00692690e+02]
 [1.15894635e+02 3.82927745e+02 3.78086873e+02 5.60372552e+02]]","[0.86347668 0.24766293 0.34510512 0.71751355 0.28159576 0.41849813
 0.70925432 0.82274681 0.0200153  0.98099051]",901,2025-03-03T23:25:03.580974
20,0.8456511637591135,"[[331.66780311 351.73078377 741.86179524 444.93065907]
 [604.38863157  60.58790759 718.67621256 753.31808831]
 [517.91425706 792.28912435   4.54466554 370.90166588]
 [141.70318651  82.42515108 178.56565745 369.8716575 ]
 [230.24303134 789.79511128 459.3593689  546.59191691]
 [365.88210608 635.1997564  181.69110466 342.38594037]
 [251.93356819 779.65735593 564.46338401 428.07677993]
 [182.51971508 135.90740425 408.96695305 501.89128947]
 [247.82687645 675.53501319  89.9913248  653.08592586]
 [625.67665079 160.08144471 279.10712814 424.17174556]]","[0.91490534 0.93461602 0.53200802 0.71551771 0.57389197 0.22643507
 0.2133732  0.91905881 0.37057835 0.65309222]",902,2025-03-03T23:25:03.588143
32,0.8626040385830296,"[[ 75.79275675  49.76768029 555.65198118 508.34377134]
 [486.30811261 393.35404616 572.75438085 232.83375837]
 [522.11814157 675.80082989 439.98914504 410.77818506]
 [ 50.08325401  93.47532266   1.58734147 560.17236723]
 [168.38822226 785.31445757 270.7882444  640.78395299]
 [315.54463855 359.9813057  719.05430125 657.54575029]
 [662.14593021  38.54976329 642.5041082  438.82601605]
 [529.72902238 281.25021745 569.57209191 750.90027606]
 [527.51757121 721.53801145 298.59688886 164.34175992]
 [469.46542024 453.28067296 333.69465194 754.79461116]]","[0.87223602 0.22141814 0.41761677 0.14899277 0.3843295  0.29182532
 0.26719744 0.99241436 0.43475955 0.53454913]",903,2025-03-03T23:25:03.594658
12,0.8657867514042863,"[[337.22686833 172.96580262 455.13999613 444.88670561]
 [259.82183649 404.96930254 624.01602056 428.72041802]
 [436.47507693 634.34446567 640.60428494 714.97623345]
 [ 21.37107042 166.36976129 391.51800168 313.75645545]
 [714.25893166  78.6762723  454.65196682 523.25398831]
 [522.59949949 766.69717543 758.04023101 754.96643238]
 [350.59521299 507.96798128 673.69155102 412.38739019]
 [751.96343746 636.90892737  89.28274869 165.06523402]
 [529.03734652  97.38503736 395.01345529  48.63397008]
 [219.59279953 648.34322316 419.73791582 213.76896343]]","[0.79831532 0.32256756 0.48197517 0.071557   0.26447581 0.58903891
 0.16494291 0.08626004 0.45104645 0.81731758]",904,2025-03-03T23:25:03.600784
15,0.8564395942482402,"[[633.00475066 659.43765444 138.15347072 488.05531312]
 [668.50940992 601.87730003 631.7411425  604.37363461]
 [780.57142448 712.02484149 220.21890263 271.12690655]
 [580.54875024 408.45227572  26.98794229 469.35024641]
 [ 80.1931277  712.91466888  18.3782052  739.35892262]
 [127.69976912 519.07866623 665.74720705 294.8981118 ]
 [395.70757215 516.87525584 526.87910283 243.90898267]
 [222.1543861  270.03799127 732.39352205 721.85921224]
 [646.32625244 154.39893635 240.23690132 309.54084167]
 [227.03983578 267.17753721 660.97001975  45.47142566]]","[0.30764939 0.18563221 0.43885662 0.34938026 0.9908606  0.38933345
 0.56516815 0.84874135 0.81121575 0.5663615 ]",905,2025-03-03T23:25:03.608786
49,0.8870570821477181,"[[763.88275673 709.29233573 703.84645685 596.45956569]
 [101.59551959  29.12175261 258.31985286 374.53573891]
 [547.42405057 610.49966227 359.32932502 600.35687274]
 [397.08492925 344.81210427 654.25784695 298.60533576]
 [693.11116433 378.04633185   6.21457087 527.065011  ]
 [606.0465074  530.71482321 635.49972465 742.01633142]
 [585.41765738 213.46625012 506.52758852  82.03228729]
 [652.29274061 607.9152913  355.19831288 287.96719197]
 [642.87534856  73.94437249 474.49401539 449.41444374]
 [622.70363227 694.39349962 435.9518593  773.09740045]]","[0.51463248 0.07683246 0.01384622 0.99636117 0.75400874 0.46214377
 0.1131895  0.41065919 0.42466945 0.99811149]",906,2025-03-03T23:25:03.615789
15,0.8769923593051028,"[[700.68447239 423.21595419 564.47119692 417.60107107]
 [147.90912964 261.29326965 422.18403064 136.3784798 ]
 [180.72883829 466.27155762 423.42416755 414.52316009]
 [143.49499623 497.27317928 566.96843821 264.64411882]
 [763.4705668  719.10935867 371.2686966  704.51198837]
 [ 72.11659308  82.96522184 136.81516076 163.28086333]
 [504.74765471 229.24166505 752.54883242 440.30682382]
 [356.76737696 670.94692019 409.85880849 354.06501283]
 [740.5928758  438.93008942 469.98248193 156.69423296]
 [762.59781023 226.26160862 387.7780802  598.86902536]]","[0.8634864  0.4949549  0.93725634 0.9478245  0.82369652 0.91919858
 0.99987057 0.79640421 0.13503217 0.60793675]",907,2025-03-03T23:25:03.622491
37,0.8479168576792542,"[[ 85.5218307   78.53664819 198.78979024 206.50199934]
 [106.95606861 360.61397361 597.74371806 202.75293477]
 [785.49478835 497.11395109 701.9060107  271.34694071]
 [736.59450635  75.8783605  338.87904866  14.78632023]
 [569.1102282  367.60914426 384.99764377 326.71880415]
 [793.32585841 518.86114002  95.04893468 120.5598984 ]
 [204.98238079 665.54295136 464.48466056 680.35968417]
 [191.28265793  36.62600031  81.10139231 332.80260365]
 [ 37.82788224 333.24983468  90.6956921   36.07590332]
 [120.26839104 625.01900513 131.8480536  347.76036141]]","[0.0821535  0.17376991 0.13840624 0.64596233 0.95698561 0.79192773
 0.94502129 0.47963741 0.42351274 0.60695299]",908,2025-03-03T23:25:03.629490
36,0.8918321917566587,"[[143.53707956 451.7617056  695.69829022  15.1579459 ]
 [452.25586051 387.32083701 378.12834861 686.01042588]
 [678.10980289 738.34219872 609.83863847 411.53128443]
 [684.54701876 232.06018198 348.43203872 497.19958729]
 [477.89386671 449.43080284 120.19431481 250.63866917]
 [469.07912073   6.44381636 747.26372025 708.9239576 ]
 [718.0020237   86.61588847 252.61425715  56.15011094]
 [338.03286127 320.42600615 481.48682743 343.7694521 ]
 [223.79348082 396.7478472  520.6381228  526.15693631]
 [354.14905845 581.38381402 101.56154229 241.50950249]]","[0.15928327 0.40050059 0.20321977 0.83287936 0.27274694 0.49972342
 0.6037047  0.08284727 0.08071069 0.46759612]",909,2025-03-03T23:25:03.638109
12,0.8067611186515493,"[[570.54302201  25.61773286 357.35198237 186.83518419]
 [381.05603605  46.83039249 610.10743939 285.97172141]
 [388.11064366 331.34788352 460.05060464 769.10010919]
 [555.65491335 248.29325742 433.01536721 170.34766724]
 [305.40023011 624.78256152 365.82059272 397.83834769]
 [ 45.69072285  89.4576682  341.16226902 612.48229774]
 [427.42712211  70.373695   574.24590156 763.4581721 ]
 [185.17084613 765.70252445 644.98675789 732.17028206]
 [425.69757743 636.86733287 537.70333073 446.46799055]
 [427.63318306 216.0513597  347.29775525  72.31371397]]","[0.53358146 0.08038146 0.2040817  0.96376404 0.16553589 0.94813821
 0.27604977 0.43819533 0.10589249 0.67925436]",910,2025-03-03T23:25:03.646674
39,0.9338862372089142,"[[602.76010924 737.88390908 131.9406745  125.45815863]
 [670.21432207  47.01113805 400.65807815 275.15591898]
 [554.82711885 307.51361915 437.78410648 725.35706978]
 [468.29073778  18.75494024 330.52264801 791.31645326]
 [785.98172529 560.12961941 553.75936716 238.66539188]
 [ 42.3651444  412.10110975 143.31343339 152.07076961]
 [176.28460599 723.44885436  71.1935105  513.81185027]
 [395.56994221 159.48372172 391.60576293  88.16641661]
 [ 15.26510304  63.9856115  712.65756627 719.89404173]
 [651.56041469 320.30614365 337.19699708 308.36803932]]","[0.61298279 0.24054106 0.92753048 0.15499324 0.29412698 0.60014525
 0.40694261 0.0603606  0.32212023 0.68874834]",911,2025-03-03T23:25:03.654410
13,0.834910399891157,"[[409.56239649 621.29769242 357.22964757 369.3597684 ]
 [197.38216378 569.97316412 678.64693718 498.88711179]
 [519.64739321 342.68735124 107.4330233   28.33959052]
 [449.94353228  60.98237026 592.7433874  380.03736669]
 [588.71809406 293.12498882 734.04824614 652.85328607]
 [341.29878401 172.85874985 608.78835737 274.16764468]
 [634.61761686  74.34017906 243.37242941 350.43688094]
 [145.27419895  64.77954001 498.1423056  103.3925601 ]
 [797.22894208 610.92487263 429.57696732 169.18462316]
 [357.6411764  477.06848294  62.63373135 400.03115202]]","[0.72432829 0.74446161 0.53895423 0.76906811 0.52672619 0.30486274
 0.36687526 0.86277022 0.54167727 0.01015057]",912,2025-03-03T23:25:03.660492
18,0.8126381464103033,"[[ 44.15630041 685.83387059 607.4075355  136.52371963]
 [376.68073421 103.21176752 496.02735387 106.84375108]
 [664.85434567 228.46298829  79.32755329 741.01995583]
 [474.22254001 191.28413614 124.90690767 740.1106802 ]
 [781.36697884 590.25066154 692.02837368 287.26620885]
 [667.54877427  40.07380907 395.94713641  99.78546741]
 [260.13615963 794.4406108  181.20366227 300.11738928]
 [632.6276802  361.53808039 511.40399128 571.38063016]
 [ 31.28140101  21.00682145 545.00002783 582.28280734]
 [ 37.95892188 767.21086092 483.14112226 742.50731691]]","[0.07503291 0.5969662  0.04051989 0.02242654 0.08327843 0.16812113
 0.16024384 0.17326451 0.34960611 0.29476551]",913,2025-03-03T23:25:03.671015
34,0.9069451845154938,"[[449.91566734 637.70986512 544.09301474 199.2610741 ]
 [794.81865675 384.53490389 563.04243087   9.818524  ]
 [629.55648545 753.54920451 755.46179337 469.23668329]
 [630.20542779  53.11085305 478.87314937 607.74424937]
 [ 13.02874982 499.34220153 521.4066753   22.62714882]
 [722.49404621 537.13609977 251.58484537 253.61767031]
 [787.82003142 209.99618479 234.10969332 203.37811582]
 [418.50530649 692.18591086 193.28191267 342.2698413 ]
 [412.79764555 204.54348885  44.82130533 375.18972837]
 [705.81915664 760.33715893 413.84695955 480.40331391]]","[0.66706993 0.92913022 0.84485584 0.04909376 0.89754574 0.60188616
 0.24551707 0.45668226 0.85926572 0.26616182]",914,2025-03-03T23:25:03.678113
35,0.8274384653516955,"[[340.36116998  16.47318706 387.50557147 511.82385804]
 [564.2980083  661.6209982  474.38512582 260.84784571]
 [591.54146317   6.78240747 430.41155538 493.62364683]
 [300.19302447  24.1913212  638.80857384  51.85638935]
 [ 74.0777859  350.8587429  751.1800234  210.9682197 ]
 [761.0897558  766.64307054 350.1405807  357.5446529 ]
 [187.06962744 523.6862457  666.48752029 224.23341329]
 [443.40865616 567.51666985 132.21903446  15.29745484]
 [430.9042318  237.19985648 491.81283217 390.53898182]
 [646.45689329 535.81674544 782.44085391 376.43544077]]","[0.68419125 0.16603548 0.08324081 0.74342146 0.60536387 0.10575407
 0.13088589 0.43655657 0.62788684 0.91450018]",915,2025-03-03T23:25:03.685750
37,0.9473450029887696,"[[739.72756198 149.82804931 651.63137029  78.66817344]
 [686.83780698 406.51824226 776.31230391 432.24770503]
 [155.70885528 599.52229744 330.17077187 467.07405938]
 [799.19145215 724.41575147 574.28803673 311.10877399]
 [356.11313063 646.35870448 152.76490253 666.56075621]
 [355.29270188  42.16508978 606.0983855  531.08733403]
 [762.10891884 617.1798564   18.25778979 277.58612266]
 [560.50921802 767.16773468 745.31804199 708.12654322]
 [546.46487137 792.62150272 397.62987456 539.28486752]
 [418.04527343 409.75779523 504.54524496 613.56237129]]","[0.23423961 0.89107539 0.50856743 0.96494714 0.39506817 0.72788263
 0.95013136 0.66956642 0.99836876 0.16734284]",916,2025-03-03T23:25:03.693359
31,0.8626226274511821,"[[632.20332662 338.7927326  485.03673399 501.81809094]
 [718.59971988 241.57886145 316.63968373 656.28554032]
 [743.09830261 273.5450901  154.90726064 551.26957546]
 [150.02660096 241.04770192 718.2531512  144.99297138]
 [479.50321563  95.74967608 243.31514633 645.88427147]
 [466.14940672 646.0502014  151.82503994 582.44363062]
 [711.01224558 307.44044716 725.51370583 771.03167888]
 [250.17223511 509.7244241  336.94208858 462.97063116]
 [  3.7481381  738.50220748 769.11303555 547.73155332]
 [775.68362003 184.11442113 240.03282917 275.27452263]]","[0.85364117 0.92503905 0.41762061 0.83012414 0.82782601 0.06702542
 0.64938551 0.04956316 0.49905017 0.81966695]",917,2025-03-03T23:25:03.702352
11,0.8134053128775882,"[[1.53733827e+02 3.11317709e+02 7.18420309e+02 7.02256991e+02]
 [2.78224446e+02 3.06789928e+02 3.28811110e+02 7.53532856e+02]
 [6.26113815e+01 3.02464739e+01 6.07242204e+02 6.86184517e+01]
 [6.19556230e+02 5.02600061e+02 1.96942065e+02 5.90310995e+02]
 [1.14500428e+02 1.29212693e+02 4.40250493e+02 6.65309058e+02]
 [1.29857408e+02 1.23270605e+02 7.01050992e+02 7.20356048e+02]
 [6.89248321e+02 2.89551464e+02 3.54906830e+02 6.88424489e+02]
 [4.47926162e-02 7.48821487e+02 7.30458176e+02 7.10884720e+02]
 [6.43890325e+02 5.97802440e+02 6.47493404e+02 2.86042987e+02]
 [1.15987432e+02 2.89201989e+02 3.94514134e+02 6.45093717e+02]]","[0.47979953 0.45806463 0.9724297  0.90853754 0.64022179 0.40565565
 0.96495498 0.66437097 0.72675662 0.58631669]",918,2025-03-03T23:25:03.708539
47,0.8724767929982024,"[[736.99904908 435.05897858  42.25063052 497.87114707]
 [606.21061356 518.53318548 577.60305855 693.56363922]
 [165.23406139 628.91987515 674.45955249 416.08737884]
 [140.87034358 455.79305051 320.80063611 257.47326254]
 [629.83718251 470.28768747 321.06065019 125.09621622]
 [414.79669332 474.91550246 327.49368579 681.78767043]
 [674.63658595 193.78944446  87.4098187   64.49361089]
 [198.66184636  66.69805204  37.13272327 515.74543398]
 [205.3031862  748.41132663 531.27741705 495.9762439 ]
 [427.93934255 495.75238932 457.99276641 253.51198062]]","[0.4833123  0.98902403 0.38592757 0.43708476 0.34088392 0.61489135
 0.43844554 0.39869203 0.82508288 0.79363375]",919,2025-03-03T23:25:03.715539
29,0.8298959057734968,"[[4.09940617e+02 6.45090078e+02 9.97365297e+01 1.56740110e+02]
 [7.19880663e+02 2.09816639e+02 6.88283765e+02 2.56888033e-01]
 [2.82592164e+02 7.68098820e+02 7.31043426e+02 4.12242530e+02]
 [5.11276560e+02 7.34978583e+02 1.33275390e+02 2.07472987e+02]
 [5.40726004e+02 4.87564230e+02 7.61844317e+02 4.65873008e+02]
 [2.40216013e+02 4.31817162e+02 6.33901546e+02 7.06405571e+02]
 [6.54134521e+02 5.51585161e+02 4.29902313e+02 1.55016588e+02]
 [7.21838391e+02 4.44167007e+02 7.43785944e+02 1.55204375e+02]
 [5.85162494e+02 5.68481629e+02 3.46327584e+02 6.94824069e+02]
 [6.27999813e+02 2.64231934e+02 4.32842706e+02 7.64781747e+02]]","[0.40537862 0.02094758 0.01636034 0.43536036 0.96717024 0.20579269
 0.34370042 0.71314108 0.88636853 0.50476757]",920,2025-03-03T23:25:03.723287
30,0.9494691442503418,"[[700.93295766 203.29849615 753.37270406 589.93136461]
 [697.69583266 659.73350495  95.55263257 184.55998864]
 [549.39465087 293.15606132 159.20765447 334.45692356]
 [ 91.52718965 195.20755683 107.53037576 570.08305516]
 [112.89758096 627.06958366 532.13803895 673.96867788]
 [640.34982713 651.12442698 161.37930009 260.69718029]
 [417.81480781 317.29255534  94.85237483 693.81608986]
 [540.96522604  96.271339   632.20828574 259.7158763 ]
 [117.19084497 607.71841264  52.05349751 576.73718911]
 [760.7166273    8.67792396 456.66137659 681.05872208]]","[0.40262959 0.29184969 0.60312481 0.21639459 0.95592298 0.84392153
 0.32676958 0.57071687 0.94495506 0.96571328]",921,2025-03-03T23:25:03.730578
17,0.9331136777809332,"[[114.83774863 436.10823871 561.54163391 769.3793415 ]
 [380.71802668  14.47794799  85.53850541 352.97188237]
 [543.13213495 606.67234349 301.08154945  10.65327091]
 [237.21948377 112.41176635 521.60424862 765.37321346]
 [ 77.19782667 452.60016543 696.87182942 353.77057191]
 [156.00170294 486.19287472  42.19501846 255.66058899]
 [736.32791223 604.32893661  21.56251084 154.76539387]
 [ 56.15393389 696.31833803 580.98237102  51.71095297]
 [ 89.07751362 222.43312574 408.54838982 786.90072967]
 [475.52652104 454.58548713 620.42711363 477.88822047]]","[0.67724966 0.0918792  0.81262152 0.62427745 0.50052182 0.44583753
 0.44387573 0.90028611 0.35205913 0.52704347]",922,2025-03-03T23:25:03.738362
25,0.8308297259462354,"[[688.74017429 129.59732117 659.89236292 287.12764031]
 [795.23916124 644.47119486 261.49945569 213.92751539]
 [538.45293884  84.76774193 402.30739185 684.07399137]
 [729.4461426  248.98819769 494.66132969 409.59920404]
 [287.02369589 666.27106351 166.7740364  539.43757135]
 [289.22901579 255.10303122 783.19792138 792.09059858]
 [ 43.39721939 237.32264931  29.62784317 769.5471091 ]
 [181.5578483   39.49660164 583.95278671 111.44094118]
 [274.21160051 640.91773979 314.38338056 727.38691952]
 [358.43693431 155.49342874 143.92970537  68.29466096]]","[0.2700247  0.00290415 0.01824078 0.6681196  0.2182129  0.30938431
 0.82868893 0.51339261 0.94776144 0.199482  ]",923,2025-03-03T23:25:03.745404
31,0.9178258013994669,"[[114.14435603  49.38114985 767.69405759 101.55712529]
 [173.23191879 578.08140764  89.89586198 470.82993802]
 [616.69552446 156.14043772  60.07898499 220.37380642]
 [519.0940357  333.86215253  92.83609251 261.56063032]
 [562.96657159 598.69508935 706.33849913 524.12254839]
 [387.95373453  30.74224346 474.35181076 386.47449654]
 [673.80940442 586.31749313 215.3574628  588.71325735]
 [252.47997396 585.22238752 293.71456948 528.7439213 ]
 [718.26652669 307.07625299 767.10288814 176.97919673]
 [448.26501866 366.49569984 264.8364135  149.50960795]]","[0.32481746 0.81808556 0.25980452 0.74634352 0.24897461 0.2884347
 0.76941874 0.85687829 0.15780531 0.30216734]",924,2025-03-03T23:25:03.753755
43,0.8740417667809702,"[[262.84690289 351.30537143 270.73433854 783.58424075]
 [199.5337574   84.32111107 111.26888223  51.47929128]
 [606.50038761  97.24752659 627.2708071  477.63564903]
 [516.8746557   16.38402329   1.83100061 314.03804996]
 [799.00322013 611.84286445 156.09184853  84.11036158]
 [476.39475632 682.99504863 637.40416037 483.9868942 ]
 [714.676147    45.57013174 137.87236126 287.60239218]
 [252.64233833 750.68520435  58.7305477   25.7891324 ]
 [728.70083736 167.25289895 308.99639205 185.56925543]
 [702.89055847 685.40272959 659.15799543 333.8240301 ]]","[0.47967375 0.15757035 0.33415441 0.27596241 0.86230674 0.24306445
 0.02755564 0.27076789 0.06188705 0.02767488]",925,2025-03-03T23:25:03.760743
23,0.9121181266376348,"[[3.09292511e+02 2.14711537e+02 6.60150023e+02 3.81824125e+02]
 [3.06050809e+02 2.83445605e+02 6.30140352e+02 1.24685514e+02]
 [5.71894841e+02 4.20486834e+02 2.62156426e+02 2.96338872e+02]
 [6.45250470e+01 5.40106020e+02 2.20038477e+02 4.95906093e+01]
 [6.08651624e+02 2.61603847e+02 3.63900885e+02 7.68415357e+02]
 [5.80124711e+02 6.58833975e+02 4.80703332e+01 1.20445416e+02]
 [5.06577657e+02 7.07028915e+02 3.99817960e+02 3.74706617e+02]
 [2.29160202e+02 5.60226053e+02 4.64682687e+02 4.68991460e-01]
 [7.48980156e+01 7.49403983e+02 2.07318552e+02 4.42760468e+02]
 [1.80304728e+02 1.78910352e+02 5.20404417e+02 1.58493767e+02]]","[0.5711548  0.19220442 0.22350349 0.31919044 0.56228275 0.22543157
 0.64149522 0.47971282 0.85339459 0.06972906]",926,2025-03-03T23:25:03.767662
29,0.9336962308593784,"[[637.74930206 629.66390119 246.79777915 476.17475185]
 [170.16991979 788.84002669 522.39857534 632.84241014]
 [274.57915572 712.29419886 369.90722081 187.65812853]
 [ 93.49351735 706.29172883  86.28240396 454.07595078]
 [343.83136107 694.04137902 285.43299575  51.45658509]
 [108.02442923 278.87754657 559.46421463 726.34134551]
 [793.06846945 324.25293632 634.17915547 505.88772267]
 [633.18578144 159.04811236 112.73260659 654.52122445]
 [  8.30081822 736.24125991  87.93776292 398.64925148]
 [628.69808294 178.23062428 376.68017898 200.71721274]]","[0.1948261  0.69639261 0.23007325 0.79063927 0.67951127 0.01468695
 0.15163485 0.82972205 0.13179132 0.14016365]",927,2025-03-03T23:25:03.776452
21,0.9081314526993702,"[[467.57961572 194.98019602 717.84964967  23.02267096]
 [358.76759164 581.1417436  540.81951127 461.04649392]
 [307.29749247 547.79877488  20.23100211 334.30060903]
 [ 89.78651845 282.65056473 359.60221892 124.07741186]
 [107.98110494 646.4139001  253.42642041  14.74306726]
 [ 73.07542263 608.59643444 197.74432683 521.71588482]
 [211.27786115 790.92517053 203.8514343  685.48226028]
 [500.67804436 322.13654084 497.06460431 404.17084008]
 [475.5402834  147.59758937 467.76876784 520.00245765]
 [  3.67142762 282.31816619 286.50664174 468.76238755]]","[0.43451097 0.61090042 0.67106728 0.94409732 0.09695363 0.36276582
 0.43386531 0.52844602 0.10920683 0.4320397 ]",928,2025-03-03T23:25:03.783657
25,0.9327912450733065,"[[168.17096089 171.639255   729.03297846 638.76585097]
 [361.85543309  52.33084074 668.86942804  14.82533487]
 [735.32649372 497.39597071 664.10963541 112.55752879]
 [234.52694849 705.38762318 354.63495811 121.30985543]
 [327.0283615  587.51671535  72.99317013  63.94940101]
 [697.27085023 337.11599457 432.11984626 599.31559515]
 [194.32885945 410.88320443  87.90143053 230.3510384 ]
 [190.05117926 183.64269662 307.08817432 550.3267831 ]
 [557.48656972 765.8178231  322.66500846 340.08390446]
 [695.16967207 783.2708553   14.78225272 362.12265312]]","[0.64195854 0.24128231 0.40324829 0.28022385 0.21797202 0.63734176
 0.62598068 0.39234483 0.99010977 0.62889749]",929,2025-03-03T23:25:03.789931
36,0.8247473708711118,"[[506.42398511 452.54535657 194.19475857 476.61408028]
 [213.16321911 758.48838998  25.27221038 756.09650857]
 [689.29472045 293.74464196 144.26789086 628.82444433]
 [398.18760964 751.67050498 655.3795497  641.79879988]
 [110.98950445 511.71714946 512.65377093  66.73856287]
 [505.88409959 595.68290088 219.68784209 106.50477987]
 [684.649434   274.56553405 535.50882985 469.12358768]
 [714.93580457 592.95922206 641.72360021 157.19498215]
 [ 44.82682617 599.31161601 511.81780226 464.85224619]
 [746.13283583 101.00115539 144.17860069 640.67274677]]","[0.74825593 0.54882386 0.82194632 0.63896669 0.29279064 0.94064565
 0.14838476 0.22173542 0.22816653 0.92509716]",930,2025-03-03T23:25:03.796479
39,0.8064798911761537,"[[103.69570541 324.90340058 181.54801827 230.9696984 ]
 [141.59380522 367.62228444 781.66529522 706.08736146]
 [283.09103443  32.00804624  69.42142473 291.69284053]
 [727.91386595 351.00168573 488.58412029 368.99018854]
 [762.9806428  248.8026024  348.42868984  75.80009121]
 [684.67442686 167.56672532 145.28926992 511.51402309]
 [560.1481752  217.29910354 523.34971066 672.28800606]
 [175.80148826 114.00333654 771.68323778 262.98477003]
 [615.54979205 723.16896582 175.469266   400.53080113]
 [ 12.15082365 217.60164544 753.86715527 431.77220822]]","[0.88841693 0.31577724 0.67923162 0.97032623 0.12338204 0.64970873
 0.53475893 0.48396404 0.99913411 0.86767065]",931,2025-03-03T23:25:03.805427
40,0.9444649657745867,"[[391.47394119 251.23911115 735.38636993 735.57786375]
 [436.77004233 734.57739919 700.76883537 349.48253516]
 [513.5392467  249.89863674 333.14233933  34.06890497]
 [296.47135748 396.43978431 119.67849995 647.47427884]
 [181.86273227 502.01975265 235.36127298 618.021128  ]
 [276.87829652 285.48181968 117.7478359  370.52741757]
 [ 30.05314167 331.67242297 620.12567992 339.14509876]
 [ 96.11817725  87.54375024 566.77446608 685.88720149]
 [ 12.70949231 661.40421831 157.44274353 227.64275542]
 [499.05943406 455.93665837 519.15296794 409.27929285]]","[0.22889257 0.66684615 0.37643813 0.33710161 0.26910527 0.48985885
 0.32083708 0.69544269 0.62269699 0.17931089]",932,2025-03-03T23:25:03.812559
48,0.8972980365763595,"[[581.16820678 223.93159362 569.53460683  65.76134345]
 [205.67101887 756.31317185 684.65364974 584.68691145]
 [792.66791281 369.37018832 485.4367303  414.51854312]
 [649.770859   798.90851217 736.24673362 488.34509607]
 [319.06488184 217.45025412 703.65378841 541.02171624]
 [645.57206417 553.72355563 327.98063408 509.72536266]
 [360.71244955 527.04514833 189.46726521 657.2438739 ]
 [537.79964653 726.34363548 701.17983449 648.14768467]
 [465.09198273 713.99024491 588.23454687 198.62270071]
 [756.81095689 324.99531588 390.72148562 713.7597557 ]]","[0.57463747 0.07634448 0.21139334 0.7350136  0.91614152 0.83695063
 0.11884659 0.74661561 0.16404279 0.6258401 ]",933,2025-03-03T23:25:03.819680
33,0.9345761674722266,"[[ 54.19388761  20.76122627  53.71437314 139.91163179]
 [466.84417174 765.51533635 515.14255588 501.59734493]
 [697.50811737 589.08635811 601.74244818 453.61191944]
 [360.31177834 263.98342601 658.79136351 671.05461993]
 [273.33939155 616.01800156 570.66723211 442.74289141]
 [579.75837163 474.09790627 754.63458814 699.30882108]
 [387.63469943 758.17264394  41.27498088 215.61169296]
 [512.36881442 396.67296743  72.68997744 379.92080698]
 [235.19098567 658.88379499 766.34941159 562.516226  ]
 [452.18929684 332.62638802 404.17008495 337.91000947]]","[0.85242628 0.96140049 0.20610279 0.95898166 0.09363944 0.58357474
 0.7607071  0.80288964 0.44651805 0.70804045]",934,2025-03-03T23:25:03.826282
19,0.8542996626425702,"[[693.59383792 245.69397058 596.57322824 359.33635548]
 [658.09945959 544.3979435  469.20532701 517.98643389]
 [328.555767   736.63332967 627.91006073 177.56320333]
 [ 81.5325894  714.59268611 180.11495733 478.69637897]
 [ 96.15709982 758.1500296  245.89545758  93.54272021]
 [428.44683224 796.36940672 145.68305477 484.51030352]
 [612.97174954  85.70370607 496.41060378 715.06354013]
 [ 91.87732    124.6636454  388.79288253 140.95592907]
 [117.27963354 347.31324965  25.04393941  61.59117914]
 [680.28219763 128.20090706 466.08591394 758.42727003]]","[0.1922758  0.97860134 0.90796997 0.30118615 0.58354262 0.2984421
 0.26761742 0.42428857 0.36102747 0.8130482 ]",935,2025-03-03T23:25:03.834784
39,0.864850578533256,"[[209.28495607 430.29594826 463.39294552 376.83099069]
 [195.00696866 287.62665264 218.27144835 309.83236337]
 [462.35893285 426.005521   455.68938818 129.12964732]
 [557.56038454 536.24405395 534.61432002  28.70994767]
 [753.30087746 248.83459254 692.97229128 656.52450857]
 [715.44144736 702.98534341 642.53376129 622.41973267]
 [ 96.89426533 557.159534   321.03780192 161.47607794]
 [775.44216536 373.20716649 172.20976274 411.69275554]
 [279.77579673 479.82795878 644.76273148 103.55640812]
 [596.28817494 328.10686562 606.58326797 754.64271944]]","[0.99817545 0.94279023 0.74526667 0.46332887 0.49305813 0.62288407
 0.83037904 0.58606567 0.87376078 0.53505067]",936,2025-03-03T23:25:03.841563
12,0.8763996822277137,"[[4.92442856e+02 7.70877616e+02 4.67253855e+02 1.40776030e+02]
 [7.42096003e+02 8.73456865e+01 3.69219130e+02 5.27632317e+01]
 [6.27831466e+02 6.38687076e+02 3.36509587e+02 1.97253346e+02]
 [3.74915113e+02 6.49212075e+02 1.38961327e+02 3.82783885e+01]
 [4.13799792e+02 7.24077382e+02 2.21657022e+02 1.36032502e+02]
 [3.09939987e+02 2.63210955e+02 5.25579745e+02 2.03542879e+02]
 [2.55832045e+02 2.15464293e+02 7.16485400e+02 4.04561290e+02]
 [5.15636537e+02 3.91192476e+02 6.40226419e+02 2.98144271e+02]
 [3.82030346e+02 9.95628186e-02 6.45277494e+02 2.22454772e+02]
 [4.78273367e+02 4.83450500e+01 6.89562789e+02 7.76525054e+02]]","[0.04751398 0.58688526 0.06812452 0.33487039 0.00380997 0.99637262
 0.5732183  0.50188904 0.70506045 0.58724823]",937,2025-03-03T23:25:03.849184
31,0.8181918495961336,"[[568.20564619 116.81659904 467.21609374 485.58478738]
 [678.3155401  725.79751076 776.43745203 280.12897717]
 [117.71613595 750.10915183 396.64604638 768.79815112]
 [537.71861695 158.79782054 135.82408132 281.29498412]
 [764.08303704 573.7142558   35.9416501   27.39556396]
 [376.32303591 103.7728984  301.60214763 435.85517324]
 [423.36605471 788.9955549  557.07466444  30.7034815 ]
 [749.05777043 524.60242642 440.47165803 751.06492463]
 [389.60873002 691.20236699 275.38633461 150.56244948]
 [706.67883158 298.31435588 752.86438344 197.87048999]]","[6.79925599e-01 6.72279536e-01 2.84035708e-01 4.59134656e-01
 7.07527582e-01 1.98667215e-01 4.66974980e-01 8.97608407e-01
 6.90674364e-04 4.86039852e-02]",938,2025-03-03T23:25:03.856245
20,0.9341908662896691,"[[792.78089584 369.7746291  542.39075709 598.79701181]
 [267.50737594 205.80800319 425.61419354 181.88022389]
 [745.90549656 478.89552431 355.64262781 179.648001  ]
 [ 93.50703833 751.92306916 654.1929679  606.82953545]
 [775.52368883 500.8478138  304.74997164  69.40799286]
 [608.24011563 543.54452847 578.51303846 690.35247   ]
 [496.16391093 781.98008905 414.55268817 398.49321125]
 [110.04227282  85.3865343  760.7721271  250.71142695]
 [123.00319013 500.65230727 253.00165305 707.40154186]
 [144.15775157 712.81010485 570.48821074 439.53159657]]","[0.43859734 0.10274825 0.73207154 0.59148838 0.07642227 0.02750072
 0.72896724 0.06224792 0.00614995 0.43347872]",939,2025-03-03T23:25:03.862342
23,0.8133711876228932,"[[363.03894869  20.71771479  46.01224377 682.1344061 ]
 [172.13609482  71.70536422 226.59342307 727.92268537]
 [663.86959589 692.78028622 781.45750713 452.11207357]
 [685.24015087 434.08440423 599.82297142 775.79081221]
 [322.55813708  94.03024838 293.93383712 214.66045443]
 [544.34825629 601.8894345  493.35285394 746.38026231]
 [356.49541399 292.48995762 612.14528588 727.59331843]
 [701.4508943  249.33744815 562.12694854 425.73403981]
 [505.62643095 204.95370284 189.89303011 149.79623318]
 [352.12145629 480.70362822 361.58451327 348.08371412]]","[0.88233964 0.28033471 0.53528102 0.71550717 0.20652081 0.17322097
 0.02999368 0.50958697 0.44989518 0.91839077]",940,2025-03-03T23:25:03.868863
34,0.802004563081639,"[[433.13254653  90.07869653 512.03380741 625.09389621]
 [281.89893601 358.56944709 583.6500337  775.87570001]
 [625.27072642 792.61028489 261.66202404 468.9128699 ]
 [ 16.55982769 395.19493695 507.20959258 534.33323419]
 [139.32708735 360.42115889  56.87016629  55.62442175]
 [ 39.07119214 729.89513725 302.32438437 350.94458353]
 [744.99272639 336.27810022 185.41569411 533.28723679]
 [200.88517085 686.20396525 559.62506404 623.8156134 ]
 [661.49426341 185.12108822 377.49227723 481.79896137]
 [668.48409081 639.39656483 285.23896708 605.86140405]]","[0.61694329 0.46748152 0.09896449 0.78456786 0.56787175 0.74148704
 0.63528152 0.40631595 0.04795146 0.61240178]",941,2025-03-03T23:25:03.875080
26,0.8601449511242582,"[[563.28198891 496.42454197 413.28367489 449.70214274]
 [365.30002331 696.14222986 711.50400047  27.48721267]
 [698.76042763 638.90155973 641.04874793 592.12650466]
 [136.02289553 317.74731146  28.95231519 778.78306079]
 [638.94961903 187.70091394 610.95797079 481.53934981]
 [582.23385641 717.38219601 205.67288491  94.12002058]
 [162.40897145 271.95355433 675.04206163 604.21957768]
 [319.47131052 523.56704559  61.86790864 360.05150761]
 [180.1284623  576.27290605 740.00370993 250.32202939]
 [609.96451563 290.35452174 324.25689382 335.18091526]]","[0.80984325 0.31767761 0.17061861 0.84026929 0.83516907 0.90075862
 0.70563418 0.94123141 0.51832873 0.61495076]",942,2025-03-03T23:25:03.882450
26,0.8625595176670188,"[[437.77686818 766.5956272  451.03877858  83.05118223]
 [575.83378363  42.3974388  703.51605776 200.99905607]
 [ 71.04719903  15.24295895 522.78518949 353.42086612]
 [359.88678082 315.12737839 656.73126804  63.77976824]
 [526.62304549 427.37537028  20.2745044  449.28899048]
 [680.96677244 345.36963707 251.9752709  308.53580085]
 [498.10087922 377.90058792  97.24500454 384.49914113]
 [316.98609961 733.2608523  190.30065456 677.12994209]
 [709.27981397 615.27503412 243.5845956  789.19310805]
 [621.86047431  84.59518076   2.98367983 542.06804288]]","[0.7916669  0.70068957 0.57631683 0.99630524 0.98549152 0.45441475
 0.93446915 0.21433552 0.03069087 0.731086  ]",943,2025-03-03T23:25:03.890268
22,0.9074277702798615,"[[144.65323755 556.25998584 312.40150669 215.61724216]
 [ 65.47469457 386.51165604  62.0000288   73.15485634]
 [438.05114137 622.22988309 565.56505484 704.69336199]
 [703.85661587 187.06345557 641.57820363 241.9077987 ]
 [ 29.19956248 708.30371259 121.18437304 736.468415  ]
 [ 61.68704178 204.70850626 521.15017867 133.33509725]
 [211.58245297 644.44686374 508.97810768 186.98019077]
 [736.42130408 288.30222128 534.36987569 743.24440925]
 [741.15607636 693.65430519 408.9148112  703.90439543]
 [760.11980394 209.63818484  13.75973267 576.80087662]]","[0.11596757 0.26381631 0.72911122 0.14332986 0.39850024 0.67951229
 0.46403955 0.95854183 0.94204972 0.29100241]",944,2025-03-03T23:25:03.896858
33,0.8918351020836673,"[[700.71821545 632.06949598 775.20788051 751.12595786]
 [221.9601423  624.44580381 495.41692438 139.17806239]
 [641.74698091 346.84909633  55.44769835 482.63729466]
 [345.86269793 444.28819359 668.64508517 108.23454599]
 [289.51502956 542.05677081 508.55665612 106.56193087]
 [691.87453048 194.22003012 137.6551367  795.32582159]
 [409.25042361 148.45100968 255.4841909  671.58876116]
 [381.37431436 370.53041257 158.34860089  69.88473652]
 [402.09125593 465.94500338 604.88801233 340.97948321]
 [190.87747217  88.16059964  99.58686205 235.59192761]]","[0.77561201 0.19462143 0.79711547 0.49830921 0.07867249 0.55346925
 0.99416776 0.00119875 0.49232612 0.26367812]",945,2025-03-03T23:25:03.902479
49,0.839448456860852,"[[458.62189027 211.79878579 722.63199325 141.19183502]
 [441.51565863 268.78667025 754.58177635  76.09079848]
 [319.61730489 560.15243382 638.7819006  770.01897104]
 [170.07233038 573.45256739 373.9650093  483.8783156 ]
 [544.98658992 695.17723846  35.44991816 460.67745612]
 [337.25012442 781.38053732 629.72418324 707.07013304]
 [462.7211876  366.34592752 143.74532335 295.13383905]
 [342.25704253 708.97810923  35.82592309 689.37011216]
 [400.01541314 354.69522735 670.26111232 552.6707374 ]
 [654.32425221 255.44572548   6.37901557  35.19708035]]","[0.23910577 0.62617788 0.93858626 0.89871096 0.18504943 0.37921861
 0.73082955 0.11088081 0.25773583 0.72912768]",946,2025-03-03T23:25:03.909493
29,0.9350772332975155,"[[219.17305767 799.58111918 507.0040526  139.13252688]
 [182.02338831 406.08060613 507.54011125 607.33644889]
 [765.31990686  19.73370219 423.89116087 291.53208519]
 [422.40514815 638.45772163 323.16607855 725.09020673]
 [251.67777337 374.33717774  93.16218919 616.36867393]
 [226.96969528  31.66336627 553.19971433 624.37290971]
 [426.61148611 512.91453658 299.96848745  44.00612241]
 [398.85107775 283.2427775  442.63509522 784.36970851]
 [515.854942    54.38753098 583.53084087 383.25672372]
 [632.21460324 180.11082936 450.29797107 211.38165275]]","[0.12492554 0.25217289 0.43011208 0.02875228 0.78198564 0.3360653
 0.22619966 0.35061375 0.07938811 0.41013243]",947,2025-03-03T23:25:03.916270
47,0.9362050119623422,"[[501.61419532 518.1715423  337.36357645 636.39604414]
 [320.80007192 178.5757957  349.41597069 199.68308318]
 [ 13.23534334  31.36527512 638.28185348  40.62017078]
 [ 40.20517018 453.70968422 438.8533843   14.51177362]
 [459.0337209  384.05202636 154.72061487 578.32206335]
 [241.73215948  36.38449763 785.24501488 497.96664876]
 [757.2570697   93.78189905 433.56956824 630.84276218]
 [633.95519742 440.81689712 571.9233409  785.30400252]
 [191.88282496 280.95152091 415.8249001  126.13313052]
 [ 98.29641129 127.27379997 321.60923588 211.13119749]]","[0.07493243 0.32165424 0.52343192 0.85031213 0.75335323 0.30896697
 0.96039753 0.13325514 0.7202181  0.61144018]",948,2025-03-03T23:25:03.921513
20,0.8029966892504884,"[[372.30260801 535.06447658 213.97653867 533.04069292]
 [520.34480394 766.33558354 377.40000446 369.94061537]
 [ 36.07401205 519.16361002 235.96379753 571.32006094]
 [499.59127318 253.57539321 653.68996364 407.01490335]
 [227.87918239 732.05837264 500.14988821 211.57954986]
 [375.85172667 579.5542614  176.12259461 243.27676961]
 [133.72809846 740.20265156 213.48492834 415.63987837]
 [476.66838116  10.78113645 320.2363663  177.15821707]
 [218.72109041 748.73920669  40.15317358 344.62918442]
 [628.00093226 549.17678922 293.35256154 198.11439592]]","[0.03171734 0.82554081 0.10271274 0.00150019 0.55259502 0.28305444
 0.29459567 0.80584658 0.71564291 0.54385004]",949,2025-03-03T23:25:03.929040
29,0.8856937258492219,"[[552.9693258   27.24655155 371.9647988  306.6937058 ]
 [143.17705524 334.62317522 631.30987895 455.24035235]
 [271.08026465 242.8487952  145.37771947 481.64414204]
 [715.54596828 481.94458058 532.64031148  78.76285227]
 [647.3025682  286.62447325 609.11570273  87.9200026 ]
 [361.41190604 775.11497753 536.5243645  477.16129559]
 [124.82863244 176.31601153 747.61968289 726.41464195]
 [784.77740412 712.60622994 235.64606017 101.27319926]
 [265.13053291 146.29103454 552.2278134  122.48181933]
 [797.25793267  98.7036757  527.66820662 559.29014441]]","[0.7197304  0.65478531 0.46303119 0.39897849 0.77190695 0.32543997
 0.23866353 0.8925651  0.70947802 0.69053539]",950,2025-03-03T23:25:03.935203
10,0.9031741328054663,"[[159.49817541 755.24468345 697.9670778  302.85051081]
 [389.57009046 657.0456197  203.34527744 663.3187059 ]
 [ 85.28192309 206.1637354  652.90168556 124.3875349 ]
 [750.47161266 698.07219028 166.56100229 362.16346197]
 [227.15707653 118.26474168 775.88536402  43.75826114]
 [191.35654489 368.83100755 195.4430052  727.00908491]
 [777.5773339  666.82419571 689.73719301 365.2580165 ]
 [ 69.99116251  54.14707597 665.00787652 404.14212063]
 [766.24821896 280.51216648 436.3096039  458.76179366]
 [302.45025338 165.80611641 724.91453327 305.75834961]]","[0.8312896  0.58329317 0.07216876 0.49845468 0.0939322  0.36270828
 0.34779718 0.91518491 0.23290581 0.79718171]",951,2025-03-03T23:25:03.943308
11,0.8422668203544122,"[[394.64079103 522.81776361 182.36319596 675.0043428 ]
 [700.95586008  80.29038443 542.43508855 608.46703761]
 [610.07745909 720.72286569 631.32993546 259.63026972]
 [184.03511893 544.7292454  559.66769913  98.78663963]
 [277.573564   551.25638063 339.70513143 691.08107264]
 [369.35541129  44.86415154 447.00070205 691.73947624]
 [643.12403487 163.59567625 650.1752543  134.02128444]
 [321.71568925 647.10427032 623.23656582 517.67396517]
 [303.87335868 342.63980684 317.47147213 301.11748512]
 [401.79553669 668.4421155  692.25601121 400.72387868]]","[0.82774161 0.84354541 0.02638899 0.8904475  0.46279117 0.41396997
 0.53183705 0.03371701 0.76560368 0.60706646]",952,2025-03-03T23:25:03.950313
44,0.8268512823799455,"[[691.08134781 597.52513153 462.46455167 494.56859736]
 [651.18285296 311.31120829 559.97436837 601.05211642]
 [522.34857795 582.30673171 607.66157174 145.54214139]
 [ 51.89575127 456.95033015 306.28801952 747.54436109]
 [243.48177767 504.1390723  718.54249654 624.07334113]
 [757.35807257 507.86276666  48.5424497  765.59464476]
 [614.45173156 407.2235481  363.66082445 687.35214814]
 [758.48260018 266.84661668 594.23834524 534.3308226 ]
 [214.08927637 471.78246082  60.29729027 648.11065577]
 [122.86773827 572.70152403 603.5758088  365.61599768]]","[0.09389606 0.42664491 0.97432001 0.10648714 0.61276996 0.28715456
 0.46919679 0.4941097  0.85401752 0.02568669]",953,2025-03-03T23:25:03.956311
26,0.9389806077817313,"[[330.15195425 269.72820201 446.71679157  79.2081555 ]
 [530.28980918 404.54845018  51.30913424 774.65078968]
 [133.85195684 725.47391573 307.98110291 176.8061394 ]
 [362.88797082  18.0392904  154.23931984 337.793407  ]
 [293.8367451  549.10687338  57.49516441 548.29665772]
 [381.6481419  108.38999715 543.57805564 433.17256102]
 [184.04385126 208.19278972 772.05803775 142.84508729]
 [623.16668033 739.87609625 184.29159695 563.45094796]
 [ 99.94746889 233.68111808 740.4067385  506.2706613 ]
 [218.7136085  635.16621623 794.48225814 536.50990425]]","[0.16069414 0.50977383 0.5195619  0.7498736  0.13914023 0.7824775
 0.47218138 0.33147755 0.74969349 0.26232462]",954,2025-03-03T23:25:03.963311
46,0.9220639539882218,"[[315.29053162 657.15356869 585.53237254 115.62699761]
 [454.53758218 293.68724414 767.51074538 266.5945966 ]
 [ 12.27128555 617.13955956 277.30556582 564.61196068]
 [ 56.73761323 104.4041754  121.88435021 486.81843338]
 [210.15358089 471.03122598 738.06460425 554.2280199 ]
 [111.66411168 362.02516713 746.9571915  191.39923964]
 [273.44604878 531.10792588 418.05229264 574.58660523]
 [489.83660498 360.0014622  142.11989786 150.6501638 ]
 [135.80816801 129.64462061 792.683287   270.41622223]
 [373.20179519 203.26254793 108.64256665 389.88925194]]","[0.26609436 0.59906254 0.66488199 0.33984466 0.63586729 0.16326529
 0.12331255 0.8446776  0.88897954 0.12874483]",955,2025-03-03T23:25:03.969730
40,0.8589231672833726,"[[549.58238738 474.18911847 145.82184704 489.86828297]
 [260.6772583  199.66068182 283.7431619    8.75643985]
 [ 94.80360209 510.53337025 458.48889073 751.73518967]
 [566.61100665 358.67323651 323.27100354 248.60708509]
 [329.99672031 740.77733932 290.44430325 102.43819539]
 [256.14158663 132.14920996 706.4583843   56.68998046]
 [533.15698657 312.77004534 610.16583591 309.98351414]
 [473.2817758  183.92823117 136.86357498 474.75937453]
 [670.77147612 309.57565055   6.69435606 607.14653711]
 [328.18474441 781.73673091 277.51063907 209.23683731]]","[0.25772937 0.84141881 0.27780978 0.46783985 0.53854482 0.86822436
 0.09999951 0.81525043 0.52415019 0.97154422]",956,2025-03-03T23:25:03.975729
39,0.9490309625814113,"[[574.48861998 515.35389196 657.27288936  63.49815361]
 [111.91054931 240.07974414 789.753249   701.31662264]
 [313.97736451 149.54889964 638.44669404 147.43135038]
 [190.11148463  26.57117014 140.92868879 265.65109209]
 [229.64441555 415.06490828 731.95734751  19.4536025 ]
 [509.80827557 656.33962674  22.03275194 122.01169622]
 [696.99242049 707.60342589 578.41176246 723.69810439]
 [318.48475231 368.17973675  27.58134428 648.31366117]
 [578.32158853 272.14529282  62.4105423  650.21462848]
 [438.657153   581.76566025 609.61350931 609.70924786]]","[0.97197835 0.87219305 0.12593866 0.53972561 0.33810121 0.10760186
 0.87621764 0.35401543 0.41425313 0.7461735 ]",957,2025-03-03T23:25:03.981723
31,0.8705212690835105,"[[185.23306134 475.74986943 419.75591271 293.61802992]
 [540.54888147 136.41115508 768.05613516 641.2083148 ]
 [ 22.85873778 213.89288484 386.40855306 550.01686512]
 [406.17500994 753.86986544  73.74450124 540.53785005]
 [150.4682382  441.51725463 223.23448403 735.88185089]
 [515.88117951 476.24110035 727.05094437  70.88101371]
 [735.40310447 371.49766131 243.1906208  523.38029288]
 [463.5693287  246.54756737 262.2124709  262.4692865 ]
 [167.66368744 363.00221199 264.80004091  20.25306572]
 [654.78823585 297.44006872 147.92048219 313.69336598]]","[0.50557773 0.02725276 0.59992718 0.61034858 0.79212905 0.47687545
 0.76120681 0.25660357 0.49876459 0.87727005]",958,2025-03-03T23:25:03.988022
22,0.9266473020108765,"[[582.722649   653.24167078 613.75188965 309.88105702]
 [237.85243663 457.96237384 247.58559788 340.17460215]
 [210.37141758 120.11097187 619.3697887  462.03243672]
 [ 95.56300635  26.46289571 571.23466657 155.72334526]
 [418.03093645 366.04686025 252.70563245 495.75393933]
 [496.3665268  201.10855619 627.76998947 105.72015019]
 [726.87979957 567.30998285 568.18121127 536.36057187]
 [ 54.78787423 613.53944398 170.03946895 489.70310708]
 [719.70872605 282.87383329 643.27788804 282.65104473]
 [ 89.08845721 191.55200812 743.44584787 406.66301178]]","[0.54494125 0.68581959 0.31620736 0.2810645  0.24820199 0.28739927
 0.3594705  0.76701625 0.19154663 0.19328866]",959,2025-03-03T23:25:03.993533
23,0.8238371513897437,"[[798.8028482  797.67382278  85.54051886 195.66444018]
 [ 97.92758464 728.14168758 745.73592859 384.01878481]
 [329.15178543 428.85455192 613.11917702 128.99131264]
 [772.01614655 601.74937746 254.35507402 621.48047648]
 [486.45671494 251.54262822 132.24585351 633.26024377]
 [205.51122848 109.53633305 474.76960759 491.18164936]
 [191.09854571 661.83238152 696.62770328 101.08678827]
 [267.2376043   31.12991516 235.51864135 350.17320888]
 [485.65456181 492.3077932   59.07533475 299.0921515 ]
 [ 46.92380734 263.58513933 288.98918899 658.91246306]]","[0.35371355 0.93855676 0.67080725 0.8440938  0.01317207 0.39550331
 0.67849043 0.96442399 0.57270709 0.28869862]",960,2025-03-03T23:25:04.000021
33,0.8697222657855915,"[[325.35688872 617.98245856 624.5033386  496.18461637]
 [364.21272376 660.18532759 383.44257341 281.04343049]
 [727.86787665  73.98936937 464.56067155 125.94195336]
 [605.12149249 760.11540322 435.2864705  176.31552114]
 [ 98.56117742 391.44799459 589.74218461 773.05914972]
 [465.83220997 680.92714334 281.30917288 518.62772857]
 [403.25330203 740.92782947 399.30832471 770.78447258]
 [354.61051464 220.02269838  23.94644276 248.2534341 ]
 [428.98362387 579.97458492 586.10216508 335.31957276]
 [ 16.13655092 320.65645575 782.87443406 654.02152214]]","[0.60378366 0.93036447 0.49149362 0.41849703 0.61169569 0.42940731
 0.73699667 0.34208428 0.4437354  0.40961225]",961,2025-03-03T23:25:04.006415
32,0.8175627169438272,"[[125.71079874 288.72213705 358.6778247  740.76923483]
 [515.78276108 131.23990237 702.92433965  64.19244732]
 [719.86216046 383.13619371 677.96501743  15.2310381 ]
 [683.47385016 649.98158018 247.31979822 691.50498347]
 [182.07475403 445.12820286 125.80173462 427.44260812]
 [321.0407774  121.04200874 286.82720523 578.9925427 ]
 [327.04293696 783.420271    94.49477164 486.55276973]
 [596.9784271  134.37762323 456.77258553 273.84155438]
 [782.07617159 432.21894548 197.6981409  172.45654971]
 [320.61079811 466.19963746   8.31680315 224.80643091]]","[0.688843   0.094449   0.60589667 0.42104641 0.59899258 0.14934226
 0.36549776 0.23182291 0.36407311 0.98811829]",962,2025-03-03T23:25:04.013458
14,0.8193762560065504,"[[675.44260717 689.58766193 457.7307808  595.95977176]
 [766.17744711 446.17461156 272.01709175 153.3905293 ]
 [559.38695223 188.74628263 430.02515662 231.84585338]
 [692.47763469  29.32594619 474.72155356 695.70712221]
 [196.65647151  95.13308463 119.84001021  75.18824739]
 [452.59850582 281.90622609 255.6754934  341.27847396]
 [749.88234417 328.92854208 541.22255215 523.35260278]
 [ 51.62329667 465.36637589 741.76369793 360.26427488]
 [783.8828615  697.99707676 160.12833457 435.81448011]
 [139.29693321 526.01898911  85.01953822 287.08801093]]","[0.76702498 0.39694276 0.20897282 0.45838585 0.7848524  0.17030842
 0.11113953 0.2819237  0.62742523 0.28290685]",963,2025-03-03T23:25:04.019770
32,0.9264920903311398,"[[378.89596956 276.79303118 565.32827169 332.95998835]
 [339.13607863 490.7146763  670.22237569 159.07236663]
 [207.87018048  65.54039597 243.74853344 196.5194424 ]
 [ 88.34533368 767.88749151 312.06063603 470.6405656 ]
 [112.77781483 134.94587424 190.9933291  606.91537718]
 [  4.74140129 153.29943692 450.58420736 659.13714803]
 [ 29.93485265 527.05084874 743.08646779 660.12853254]
 [696.99059019 229.8081164   71.18989363  28.81211822]
 [168.50090528 516.00081645 694.97730458 440.40202332]
 [153.49932783 238.11808009 641.81414942 461.81914204]]","[0.05970928 0.6931239  0.30131238 0.82035005 0.83427331 0.07866692
 0.98838344 0.73511767 0.24046475 0.3404934 ]",964,2025-03-03T23:25:04.026962
45,0.8740830294701591,"[[180.67619557 309.149091   667.59830602 355.42209492]
 [ 17.27542677 355.04511842 355.70667558 506.18101036]
 [191.19607678 593.55234512 302.71609392 387.82051928]
 [437.36280077  11.19415469 356.11346039 202.8396928 ]
 [786.98881042 484.37225468 723.71480001 291.37523483]
 [622.38341019 365.52485521 777.84998248 650.06765492]
 [511.17455768 537.67615136 451.7584801  181.53725199]
 [ 80.14858562  11.43344005 184.7819482  438.44350883]
 [617.80242478 565.72002569 563.70850905 125.93084569]
 [137.32188356 167.91865569 685.04189347  40.54179772]]","[0.13986257 0.37289928 0.68562231 0.71490433 0.83650371 0.44287394
 0.35367257 0.48116617 0.23348002 0.40491262]",965,2025-03-03T23:25:04.032700
31,0.8552386820611102,"[[ 82.86391328 112.08631539 366.12790388 278.35495927]
 [671.09309138 307.0030298  148.27304508 648.27429004]
 [647.08395349  93.20271403 103.46829493 215.11094551]
 [157.12836621 772.31332235 692.11347815 791.25385778]
 [285.07672365 340.6214093  178.66872543 678.97915747]
 [591.38324495 309.05288818 242.34296513 428.75471569]
 [566.99688805 550.70336272 499.1652476  695.4138299 ]
 [ 87.25566459 339.42755229 691.37008704 434.41742375]
 [732.59763372 227.90264089 774.43449878 575.69134939]
 [742.91828308 558.57803986 719.14714053 282.66911925]]","[0.86090156 0.84772636 0.87664507 0.14179515 0.67482303 0.63916268
 0.72755143 0.24117331 0.61632365 0.09662003]",966,2025-03-03T23:25:04.039785
36,0.8073614475639054,"[[230.83200698 587.66545784 208.50023808  32.21235308]
 [ 27.41988354 656.08642335  31.04138339 238.76283269]
 [428.18326544 470.62372027 412.43956136 208.32028212]
 [534.8020453  139.6720835  784.2066218  442.05282724]
 [665.41991829 462.59391378 717.41613594 392.67682914]
 [398.62751558 215.10932076 790.29357258  15.5359526 ]
 [384.7104218  180.57271927 477.80156327  86.75903968]
 [ 38.85615054 703.60428081 534.75170919 778.8792887 ]
 [559.59877056 459.06039444 561.33294424 760.69713576]
 [230.36454652  60.42725567 663.72927072 630.38191402]]","[0.26588912 0.41421535 0.00939832 0.63820336 0.58002754 0.53891903
 0.84280143 0.67303681 0.44230431 0.17529437]",967,2025-03-03T23:25:04.046196
34,0.8865961611039544,"[[593.44987722 651.267081    93.58599846 793.00212292]
 [ 14.6077175  385.28352128 788.0198889  330.88487824]
 [295.93852342 145.71162494 622.41176167 324.72264893]
 [ 40.809962   659.56304597 775.74682678 475.08682056]
 [678.05276274 649.49284493 728.41906926 530.4760636 ]
 [691.80348558  72.35298145 695.06110489 701.38541945]
 [198.22151119 368.16388255 180.17373547 212.26635456]
 [553.40091784 722.30439541 175.79769233 794.53620709]
 [745.55612978 516.74541263  93.52639844  16.75464215]
 [602.13146046 707.80041173 347.2837131    7.05869464]]","[0.94585983 0.28486003 0.85881212 0.43267173 0.69837219 0.29407713
 0.9967284  0.05816998 0.32900807 0.10392493]",968,2025-03-03T23:25:04.053119
23,0.8498234621754208,"[[705.34650774 118.02796669 790.86102589 672.04009245]
 [ 46.62852299 378.95727143  91.25657683 529.56665374]
 [403.6282787  156.60078829 774.67633831 107.30049267]
 [269.84724877 618.21465706 192.0641681  687.30253568]
 [135.22360853 202.60061137 486.42812535 218.98191839]
 [621.58791675 366.35288968 374.50580724 348.29827567]
 [171.82613487 124.18482808 368.37351877  62.75141308]
 [655.51217706 179.77206815 173.16062912 448.53614148]
 [599.93853468 343.11345603  83.04523332 494.03441595]
 [793.1304325  403.57375352 728.35278527 437.75745975]]","[0.17638164 0.56903091 0.46247663 0.51991035 0.75591701 0.80727048
 0.5004819  0.27640353 0.57080877 0.05220861]",969,2025-03-03T23:25:04.059854
27,0.9202516221536219,"[[ 73.65890302 322.74587738 240.54966939 218.61256116]
 [623.99086377 577.56019718 228.89889404 799.76620145]
 [101.93009102 519.43246574 358.92940498 319.27621966]
 [755.69407215 728.26230851 789.10620858 305.44074125]
 [639.38018139 508.29618727 740.57426439  90.10848674]
 [390.90261525 517.9212823   18.67032005 390.60408591]
 [622.14131258 763.97873347 105.9302107  261.36511187]
 [131.56707435 561.53912492 723.17944349 552.59462624]
 [113.19545311 653.07928011 201.09090978 247.22048539]
 [156.19487221 154.17009069  52.11259527 679.03233749]]","[0.06451973 0.40246751 0.57364053 0.56484572 0.06662787 0.90146124
 0.40823658 0.82805746 0.08879243 0.47185891]",970,2025-03-03T23:25:04.065305
33,0.9198061633331547,"[[660.42194638  65.57509637 673.27012207 600.86698106]
 [296.65086625 542.88454348 217.41502293 501.61876868]
 [284.91911015 206.93412614 609.35249204 133.83982611]
 [405.28083427  79.96875038 642.36957232 114.5576528 ]
 [723.89583906 647.66226864 687.78978617 140.14138105]
 [189.807898   553.55209538 442.60400376 285.77687612]
 [463.4711933  597.41605648 503.43782793 726.08453459]
 [365.13858132 448.48546554 300.00626638 736.04977595]
 [248.30534522 453.35675809 249.72633395 799.77638887]
 [ 98.51588735 336.65295807  67.48519437 777.43474058]]","[0.47857007 0.95328677 0.6428019  0.96957242 0.85443943 0.84077081
 0.89600536 0.59808428 0.62250778 0.61362261]",971,2025-03-03T23:25:04.071927
49,0.8233194278132585,"[[219.58335408 794.41908371 694.54009334 562.55160201]
 [460.02061168 474.00236158 355.86201305 175.30157987]
 [610.55476212 151.82480428 176.62604546 733.72446757]
 [402.40026023 182.38716205 471.96562149  87.35025526]
 [339.7178333  221.54984694 424.18053698 394.46908456]
 [721.18570858 472.33229672 226.71140421 745.02518689]
 [245.93902984 520.28192119  63.02097554 328.30894242]
 [458.55431093 720.6670029  704.35803462 181.38356298]
 [374.08517485 515.2181786  411.11236138 163.23772297]
 [797.381735   478.89171982 487.40929476 446.17263676]]","[0.15198323 0.66176647 0.98207051 0.23824636 0.1283774  0.80400113
 0.42259711 0.2540137  0.5264606  0.27195325]",972,2025-03-03T23:25:04.078167
48,0.8619066026922889,"[[ 95.24241036 610.87572761 651.58528054 285.58915619]
 [382.61233839 624.49621852 721.65367852 768.63042254]
 [ 23.3999683  409.89710587 354.63020351 171.77783863]
 [515.46813867 640.2094861  210.71126455 497.913236  ]
 [621.2051433  624.72019182 472.66933424 788.04822224]
 [747.07310252 752.41393709  52.31794527 423.85067422]
 [593.05804818 620.50942111 101.18502957 221.9856071 ]
 [143.69276475 268.57753936 416.97481936 118.04100871]
 [359.99669729 489.37868633 147.74704217 405.21913037]
 [716.07878908 161.03076254 734.33358787 584.86353905]]","[0.40946    0.49974608 0.51133843 0.04404723 0.42012722 0.96924355
 0.82291607 0.24638697 0.6251741  0.4832803 ]",973,2025-03-03T23:25:04.082886
38,0.8288482386455036,"[[341.19507491 597.59985284 477.78392479 489.28404115]
 [224.91760248 538.62131351 521.96912049 248.54198516]
 [102.45527008  81.89262827 463.40810403 752.54671079]
 [ 28.03597248 690.38399249 782.88410606   6.18513556]
 [595.09866248 683.23651031 488.40196645 725.03987301]
 [539.60829016 439.92252443 599.91197266 681.45876687]
 [760.61534149 301.14487413 204.18646993 295.99304957]
 [470.54602502 417.11203763 301.88126466 433.61941848]
 [229.01583447  76.88324303  85.96923106  64.68886503]
 [632.45515993 387.50608516 316.95913161 746.75398181]]","[0.86493834 0.95175012 0.21079987 0.2567676  0.5085513  0.12445194
 0.97130327 0.73976958 0.04767328 0.19272514]",974,2025-03-03T23:25:04.090031
11,0.8121000257639663,"[[244.73076106 716.13880094 280.35320485 774.7962236 ]
 [728.83893936 101.00440803 448.10003975 431.36384996]
 [729.25306759 566.96538551 732.93249359 609.34634865]
 [247.13551834  64.62969386 771.04818613 369.65135497]
 [347.58660227 733.53290433 205.82116125 334.43798123]
 [185.4420686  349.892543   161.96433097 495.34997062]
 [531.35436743 749.40387503 489.06019132 209.93333587]
 [783.35147919 461.25752454 674.07761806 190.98212473]
 [285.25244299 668.1852697  544.92060017 368.95930065]
 [167.84157485 264.37455781 137.70350826 102.8683858 ]]","[0.99212472 0.00791269 0.6028936  0.64218859 0.59629873 0.75201142
 0.55737126 0.17797216 0.65515579 0.85094299]",975,2025-03-03T23:25:04.096668
23,0.9327723976233535,"[[312.45872648 506.83484596 379.77984113 583.56890633]
 [551.7657665  578.46278061 688.35771639 783.75028358]
 [695.83508113 275.88743869 269.19054606 197.01707675]
 [ 21.77856554 791.88174209 545.0743133  623.89529504]
 [267.29298652 745.36365731 644.55642687 655.18332764]
 [208.63488202 211.13343003 760.76526838 591.58939833]
 [403.66773909 303.84505216 454.11428077  26.34363464]
 [187.32244835 653.7113392  308.13657387 660.08110327]
 [785.53879388 556.77100614 757.00613098 186.68955639]
 [440.93458219 331.49291791 752.16485788 255.37967182]]","[0.44917703 0.2109315  0.3234722  0.8622017  0.16954928 0.55719955
 0.5340183  0.36033981 0.23978938 0.48474638]",976,2025-03-03T23:25:04.103063
25,0.8888864039548607,"[[243.54124611 505.14805142 461.60591203 298.32509153]
 [455.36786723 490.16362694  88.51698836 269.19674075]
 [209.34789817 531.15313654 135.68375873 527.55201035]
 [ 62.78041593 137.26194838 501.16234343 694.41505874]
 [240.30584983 524.40632821  33.25819685 486.70715898]
 [ 27.80268732 783.40452283 184.2569486  472.32816794]
 [539.95258512 427.20602808 628.39967543 787.81402226]
 [ 49.49661443 533.26546274 723.8380755  466.41007965]
 [707.55151485 508.90492669 494.73521822 734.02654922]
 [410.54771383 332.41852512  77.86409043 731.86845646]]","[0.07381375 0.55491178 0.85002964 0.37338463 0.36352314 0.05541099
 0.70892806 0.45000219 0.80686157 0.11056126]",977,2025-03-03T23:25:04.109226
10,0.8178608661544435,"[[474.91634837 775.8209039  607.76408046 309.63545562]
 [532.67989357 524.37384158  55.21190148 254.61042503]
 [440.39638694 111.80079967 674.05203857 682.56433242]
 [ 12.19409999 252.32973995 635.38584037   2.72315688]
 [687.30669271 445.2237455  673.45262164 611.78714864]
 [  5.23099665 120.37833404 368.93795288 557.07554144]
 [216.25585068 116.39230502 173.98534283 187.52458479]
 [289.17472923 785.75900125 322.27105478 233.31865215]
 [541.3673725  675.96073448 144.28898793 744.72210765]
 [ 68.16557677  36.26371425 129.2752232   35.07238309]]","[0.93391727 0.32679137 0.86486671 0.49979439 0.1904704  0.12720394
 0.84571825 0.08812006 0.12245409 0.61939953]",978,2025-03-03T23:25:04.114769
11,0.8609760760785428,"[[464.20960373 573.56424168 733.16054676  76.34493287]
 [373.17251719  37.45148373 242.34129431 410.23071439]
 [486.20601559 178.8179589  125.85608607 606.33366424]
 [449.37952258 531.28522004 786.05913196 207.78697202]
 [425.54251285 606.28974103 680.90990977 298.69503507]
 [537.354344   682.10124219 115.69875258 285.3213741 ]
 [337.49761475 363.73691148 378.61656805 590.617857  ]
 [375.20850529 202.06277916  81.94740991 709.39670553]
 [588.8260495  764.29542764 217.41733993 678.68367936]
 [556.1366456  468.55308915 439.11200103 509.15171641]]","[0.66298136 0.31038854 0.56569237 0.86935524 0.4163337  0.19777655
 0.13369145 0.16803264 0.82713237 0.78537856]",979,2025-03-03T23:25:04.121190
49,0.910767352748652,"[[582.18527915 190.02899494 410.63190739 156.48598848]
 [719.46347839 568.36441935 590.80461288 558.35838734]
 [133.27704403 737.52459477 110.06531406 652.07318337]
 [651.88543498 512.08977031 424.40643955 583.42554867]
 [155.80425669 320.81789654 302.45914242 776.1510846 ]
 [252.58527319 194.85208592 427.74442    132.41062563]
 [437.96997722 338.73941311 520.20080512 158.9443733 ]
 [270.2669367  745.1308264  463.27088385  86.87245787]
 [268.73708305 158.54214827 412.93130166 313.13684909]
 [210.89699126 346.49372369 751.83735287  86.50913899]]","[0.82744825 0.48531811 0.93366497 0.86271887 0.07890801 0.43622064
 0.7811291  0.09381506 0.77950372 0.21593808]",980,2025-03-03T23:25:04.126628
45,0.8817876145662059,"[[ 27.45996815 104.5368126  651.19081037 687.04020795]
 [784.19469333 331.67513455 198.65195467 354.12264924]
 [ 22.99011328 257.99050743 774.96023994 187.39122626]
 [479.20727484 705.38634106  51.31959797 468.27780476]
 [654.71494176 134.70325396 347.36291433 188.06617043]
 [495.65449788 438.41016837 630.60966595 343.12341539]
 [733.34264512 441.23512156 417.77180288 753.75883169]
 [133.6283823  124.08570832 588.03030098 492.2665576 ]
 [ 22.96432106 212.78473885 722.24405452 219.08821749]
 [178.72005282 156.73006626 429.90616174 608.72455867]]","[0.69904382 0.81154848 0.38343386 0.05142223 0.06441924 0.72878455
 0.72035083 0.40583795 0.91666372 0.52717101]",981,2025-03-03T23:25:04.132991
28,0.916592523853589,"[[623.86027709 678.18119936 104.22572591 625.41609315]
 [403.16153956 516.74239779 103.97991001 529.28214106]
 [317.19916246 508.10669307 590.79038955 711.30165971]
 [546.9471456  452.27358993 194.05197514 300.94969869]
 [526.56082294 636.68503516 605.66693397 720.83330706]
 [ 26.54414715 302.65502225 359.2078176  547.4500152 ]
 [ 11.39585527 210.47290076 633.62094995 611.98324985]
 [627.30216174 245.73323423 705.5670469   76.17279749]
 [387.1123009  647.32379595 427.16372782  99.42212053]
 [599.6438704  168.37913852 471.19898797 174.69112941]]","[0.2830987  0.07792051 0.12831811 0.3647488  0.83822914 0.93059495
 0.3835663  0.91209518 0.93577367 0.94029428]",982,2025-03-03T23:25:04.138786
41,0.9451713631523866,"[[ 89.7352218  274.62777433  96.29934534 547.3894885 ]
 [350.0479062  195.62142095 686.96257296 523.20708451]
 [426.56704909   8.53559523 483.04147004 181.68217847]
 [253.00356387 680.13474369 767.1669743  747.92512572]
 [698.29291206 283.80418668  59.30584777 191.67904396]
 [483.19511782   9.78055001  99.54328428  82.8388999 ]
 [522.06780494  87.38055741 498.36883977 633.54704493]
 [303.48312887 734.71543424 732.78433433 249.45260685]
 [283.57061023 270.53954511 474.42693394  73.08647308]
 [370.77350265 132.90198449 482.16748171 563.70068862]]","[0.21567939 0.74580795 0.64069545 0.75452025 0.08639147 0.9282794
 0.06891527 0.58802346 0.24310749 0.64838588]",983,2025-03-03T23:25:04.144914
31,0.9077490889497057,"[[501.35874793 330.99175554 440.57656327 203.23696419]
 [641.48540491 163.04410127 527.70052916 755.14695376]
 [299.6380884  267.08434742 295.16352227 462.02258017]
 [518.00257778 370.70914075 226.17912796 265.30165772]
 [573.27298891 679.58448951 312.69457842  62.60364641]
 [ 62.78249727 243.71938801 640.47603769 463.59509801]
 [406.40223119 448.11480485 566.90718572 436.76357627]
 [545.84493893 173.30706644 720.44752165 260.08149502]
 [777.38843239 364.86345724 791.0588363   74.55724947]
 [799.1436366  483.28175034 257.12959735 543.59893642]]","[0.60079849 0.415515   0.56475595 0.20425468 0.855276   0.17169828
 0.64776243 0.72085762 0.92782077 0.8097862 ]",984,2025-03-03T23:25:04.150631
39,0.9440754188558546,"[[739.11620537 144.29666471 118.38509342 793.95451684]
 [154.48627956 743.7007712  276.75514626 624.91421646]
 [566.19255837 772.33797838 738.74533471 409.52719343]
 [ 88.40552875 499.59482809  37.73113081 152.45711209]
 [692.38727956 745.58034441 262.1339914   27.17102305]
 [205.92686037 514.02482645 325.96837273 273.75058393]
 [172.48090058 736.91897379 726.85259261 175.20626961]
 [152.26236178 231.8098506   74.56295291 367.2868352 ]
 [122.21044258 328.63852808 501.32155719 484.64902971]
 [ 87.05367446 758.43074831  96.44566092 259.41851556]]","[0.20298509 0.25558098 0.98319462 0.1110542  0.59490396 0.37361293
 0.40874588 0.062083   0.91709578 0.68492514]",985,2025-03-03T23:25:04.156554
36,0.8348205376277763,"[[622.52582571 758.68077779 140.97510553 764.97443193]
 [734.99470191 533.46401821 500.74180858 380.35940311]
 [643.39935879  79.15535731 123.55270091 606.25121989]
 [249.92877161 554.90480458 745.75671802 241.69987173]
 [459.47300826 714.85931039 632.01533561 541.72330692]
 [657.16464323 752.10530425 204.22638117 774.69872033]
 [780.15157579 386.45634722 524.14731572 230.84490396]
 [302.92100054  92.03800296 726.30270612 412.38674711]
 [ 66.62349871 287.70590696 798.97731324 404.06764972]
 [100.22270325 162.16235523 532.11946634 372.0381475 ]]","[0.70751555 0.30106406 0.98253149 0.41088674 0.39217782 0.99752841
 0.6276014  0.53056684 0.62085616 0.05827711]",986,2025-03-03T23:25:04.162604
10,0.8114264793689828,"[[189.92154954 607.86370005 178.24448626 629.13977482]
 [645.07073682 306.30033619 405.76186148 294.10435747]
 [477.1296799  178.24507371 723.6007359  686.40541175]
 [290.39916956 567.87988695  54.99115429 453.11742541]
 [ 18.76587733 134.59437773 778.53282391 520.48108674]
 [395.61863899 244.29162379 509.30171923  87.52425692]
 [736.75939299 625.92145064 459.76761074 317.94234353]
 [461.96857922 617.20771347 777.84033789 267.49477154]
 [491.59635611 774.59853489 403.63366347 752.15852177]
 [531.31486307 274.18672869  33.96922813 705.1935217 ]]","[0.25302555 0.86193316 0.333876   0.07323207 0.72089394 0.94797742
 0.16842389 0.75416788 0.34768539 0.45724463]",987,2025-03-03T23:25:04.169072
21,0.804083734283655,"[[381.00378653 356.09595727 545.64895704 185.08983229]
 [209.97951584 460.15087072 774.30460838 669.38891747]
 [190.70897251 439.14238538 353.80786907 309.77182549]
 [761.70211631 213.20450457 297.04817773  84.45839881]
 [757.8074566  658.12070512 259.74755826 484.26971912]
 [752.94817397 632.01757204 616.35021989 668.70967876]
 [656.97995282 126.29608396 629.89998418 123.36844164]
 [557.91321584 217.59581904 625.42582067 626.74909759]
 [369.68015923 138.47656836 267.47694294   1.38025777]
 [604.71592056 142.31274918 442.75356701 283.45162386]]","[0.67335179 0.07169505 0.89125999 0.62574416 0.85628992 0.30537874
 0.68983508 0.80523747 0.93325697 0.08515785]",988,2025-03-03T23:25:04.174483
41,0.9274603749599408,"[[ 94.97731541 613.87915867 691.89811396  24.55143046]
 [698.96352152 403.6346672  711.13114032 633.31277351]
 [650.0939614  739.53743825 245.33540908 125.69809887]
 [611.22065807 532.17564636 787.82454508  84.26533615]
 [406.74768918 652.45157677 183.13044412 297.41775121]
 [476.92773521 612.03892012  51.823607   444.59785501]
 [433.98267589 299.75149301 540.69541132 563.61708737]
 [680.88246034 303.13546433 232.02879128 486.99471054]
 [746.52053467 396.70178962 754.36023136 597.61164799]
 [545.08291009 266.60121174 686.650535   113.65802335]]","[0.2901787  0.70909779 0.60438    0.2493975  0.90869787 0.78913824
 0.2026418  0.96188902 0.63504801 0.17298375]",989,2025-03-03T23:25:04.180974
19,0.9068807720354937,"[[429.52445495  71.29950381 160.93486782 384.87018345]
 [113.04005126 350.50567128 273.17811819  32.2060461 ]
 [606.12875156  96.98334317 524.23132583 747.97952094]
 [680.51811423 300.10237383 451.03890402 206.72249111]
 [707.46656848 585.19951993 402.40968791 391.06590808]
 [ 64.8442859  333.39029809 466.63659135 129.48102454]
 [114.57993122 244.97544165 275.17345552 782.25741447]
 [589.46053038 279.2579407  291.33599651 580.30748831]
 [168.30768226 524.19759794 590.1284369  699.33068703]
 [250.96160243 368.52459864 162.66027317 746.44500697]]","[0.8448854  0.09979728 0.86701362 0.66923762 0.79705124 0.30042662
 0.10997328 0.77996936 0.21887585 0.51586026]",990,2025-03-03T23:25:04.186004
31,0.9410165923061101,"[[149.25132065  59.21587968 631.9717987  783.04063429]
 [537.45011321 304.59821711 328.49964659 455.51983948]
 [450.86381628 506.84391718 700.84070118 307.1296805 ]
 [ 10.2297719  177.58949631 404.06595641 470.96969429]
 [383.62084727 417.34132702 742.98030283 136.41225746]
 [ 49.65607991 218.84830567 196.70418596 127.27462384]
 [484.64609798 282.86029631  65.44695408 577.28769373]
 [483.50713293 736.45461882 534.58228282 228.17007108]
 [381.27036205  56.71309631 384.74385968 608.59227426]
 [ 93.34380036  21.4570229  665.91994237 350.28330402]]","[0.09982061 0.74138034 0.37069892 0.83154123 0.45807347 0.08692216
 0.83703959 0.64157505 0.33950531 0.44397922]",991,2025-03-03T23:25:04.193764
26,0.9366278206281363,"[[ 80.07452467 482.803801   585.62725121  78.41255524]
 [748.82239556 199.49844205  28.21121828 300.23764447]
 [160.85280524 229.60915924 232.16351546 690.48624648]
 [169.31190902 611.1062558  182.53487911 713.07659599]
 [627.1684063  745.72782638 150.46204685 509.13882551]
 [373.86516622 212.02187413 343.28197934 364.26898026]
 [ 67.64602505 121.414827   512.47872382 528.45325998]
 [ 74.23704213 338.33751752 195.75122206 646.8342062 ]
 [415.75466686 339.55486368 214.30505421 498.19762791]
 [ 94.75885373  66.79662133 395.83564884 682.2904576 ]]","[0.48576954 0.15048895 0.17366899 0.52424538 0.32820894 0.455382
 0.32116011 0.6758066  0.49143129 0.42563122]",992,2025-03-03T23:25:04.198910
46,0.927080952161926,"[[544.49787027 233.9928603  402.05753431 472.82697949]
 [262.69788144 269.93214815 300.20286    373.66970353]
 [394.00839987 644.74363683 479.82554081 536.71759339]
 [749.40030266 127.58625488 611.87873931 127.29639298]
 [652.73983672 674.4336612  510.22895537  45.27233482]
 [ 94.20947918 142.91443866 794.84923296 753.01731156]
 [ 86.57546273 329.72325603  17.33372169 697.94468895]
 [305.27265329 677.28795887 498.67872917 166.31622398]
 [128.00637779 269.90075954 783.17154273 684.65297325]
 [514.12275707 600.24757683 643.27206569  38.02861235]]","[0.22411752 0.91708239 0.31484358 0.0414727  0.90151512 0.68140923
 0.24555345 0.11240887 0.55082425 0.52472961]",993,2025-03-03T23:25:04.206452
35,0.8869301331492063,"[[694.47634774 597.00821052 682.65177101 377.56247312]
 [244.18526723 478.15193451 142.85047345 337.15900531]
 [661.80988605 424.36534438 124.83583638 642.14575713]
 [395.2580475  431.9215777  127.28378195 239.20794605]
 [437.22449484 427.52876074 137.92910358 288.69005874]
 [  3.87546498 497.09752364 701.88620768 612.68014442]
 [323.27284511 479.98182578 101.543341   792.87791873]
 [668.83909306  96.69497234 796.83320055 303.46137377]
 [697.39113527 612.43719724 155.50415438  58.6771233 ]
 [184.07779423 751.0491867  520.61190312  99.11285672]]","[0.24986226 0.74729207 0.59475565 0.74847618 0.50013778 0.4263195
 0.23966291 0.7783858  0.9996113  0.71468487]",994,2025-03-03T23:25:04.211922
27,0.8430091444379063,"[[ 43.54467437  59.94342153 614.7279337  771.16423518]
 [514.17298639 123.20515442  96.35174637 216.9784606 ]
 [294.73980547 200.46948442 570.81284994 124.36020537]
 [136.30650664 729.98640235 311.37595869 351.44208405]
 [ 46.85056177  37.53766575 591.73486163 619.37371557]
 [688.68640396 787.86231562 176.86261934 387.13679266]
 [ 98.02373278 753.7990676  251.38946687 547.94845522]
 [287.05692649 145.61366206 396.63848326 242.53344415]
 [ 84.12763374 378.43685916 307.00160261 764.13010254]
 [403.38216251 586.8569439  311.92354019   0.90429693]]","[0.80459721 0.08172487 0.05565639 0.98643989 0.46901196 0.89793862
 0.5770276  0.39505379 0.52547752 0.81993719]",995,2025-03-03T23:25:04.218370
49,0.8339294745269348,"[[ 72.65664634 528.91176757 149.94638748 360.73643638]
 [642.91549827 205.1161245  565.17225022 435.5033058 ]
 [712.38225866 424.79524757 460.08679434 545.145704  ]
 [238.87712138 191.48658348 779.24685946 202.10542045]
 [150.71898676 338.70803373 465.77017305 431.26761029]
 [317.77887937 528.30743688 210.78700042 610.80615091]
 [341.35810417 783.81251545 114.59193027 433.95703555]
 [798.49805967 132.29590561 263.27480113 723.92082684]
 [638.13075437 595.367779   582.54892787 127.67827436]
 [307.35223562  94.93636071 695.62723964 399.01600945]]","[0.32772068 0.55659989 0.44644596 0.89559826 0.82809519 0.47149556
 0.81741135 0.32337269 0.03391564 0.7843829 ]",996,2025-03-03T23:25:04.223862
23,0.8219341038762216,"[[672.92038521 677.39890419 267.34657055 531.50138412]
 [520.85385084 663.6528146  109.48466026 203.93804641]
 [255.49476026 339.48197055 718.58123877 446.92976827]
 [362.17711277 447.93573079 104.42792064 563.65120146]
 [ 92.68027189 606.31431318 365.1447319  702.73192933]
 [419.5788433  249.31198192 563.1904649  273.11468277]
 [253.62786162 430.03018452 328.24468467 713.94038108]
 [459.1731528  157.50844562 309.8570665  405.23478737]
 [370.16838412  49.54923167 187.64710599 382.3020817 ]
 [559.89207368 157.80428352 133.68323325 124.96899616]]","[0.75869144 0.36422234 0.79686543 0.26369702 0.92961111 0.41475696
 0.11619361 0.58373522 0.29948572 0.99269026]",997,2025-03-03T23:25:04.231303
16,0.8656680878636037,"[[163.85796286 650.22146733 650.22580876 792.8195523 ]
 [159.67476216  94.30449787 574.90458741 756.14738335]
 [766.63350118 395.98136064 223.91856749 163.35719361]
 [701.98956702 419.41304507 290.67197653 653.38900875]
 [637.56910961 406.6807462  289.24092844 340.46551669]
 [583.40936351 682.42261669 319.13749785 623.85853964]
 [ 14.58833414 493.96597893 549.17444835 713.13042503]
 [694.10355067 541.14006601 789.1700215  108.43357773]
 [167.94264962 749.67888756 163.24781221 593.20324731]
 [420.56836017 556.82315788 522.74809352 380.80851543]]","[0.75661502 0.37183749 0.73483994 0.50679532 0.2941982  0.56118575
 0.88446609 0.18598547 0.73490234 0.02304337]",998,2025-03-03T23:25:04.237302
43,0.9308200280626346,"[[ 44.01313395 194.08277869 281.22588806 313.30300094]
 [672.74034433   9.91548926 267.97735481 618.28940585]
 [785.56187549 454.0382346  652.77861197 615.09178096]
 [592.6816412  718.36152728 725.40063777 548.74031449]
 [439.94278998 629.48591925 233.01675406 695.25722415]
 [131.58017896 588.17563305 769.7993921  589.56209992]
 [159.1695909  709.90472173 613.97531023 339.24839118]
 [701.4237977  127.08420755 250.90504223 483.42698202]
 [475.11809612  95.10044596 676.37412148 723.07035829]
 [600.32038804 147.86630763 526.07415957 705.86041216]]","[0.04614192 0.4327266  0.09761066 0.10267608 0.41652091 0.38467278
 0.33634264 0.17408529 0.15150951 0.32324222]",999,2025-03-03T23:25:04.243121
27,0.8912403844265215,"[[655.25494973 421.28288602 559.73218421 520.41071539]
 [799.55917089 576.16427159 678.95238801 317.88852672]
 [775.83118523 521.17121817 419.64981437 375.43220842]
 [288.45146743 662.08644618 567.03447411 186.75511814]
 [186.2737662  373.01066857 221.29009665 710.81778759]
 [701.81909734 142.05123242 597.91486577 427.33929394]
 [ 42.26297836 569.87652027 244.16119074 499.03272237]
 [389.17209672  15.84826372 572.69746906 530.60369502]
 [576.85073637 274.66015168  68.17908749 184.72626416]
 [391.72934155 486.79871184 208.70457802 489.14312038]]","[0.04601683 0.27601139 0.18547284 0.0185977  0.95448146 0.24932645
 0.62411121 0.56729105 0.09498228 0.9748096 ]",1000,2025-03-03T23:25:04.249251
