count,confidence,boxes,scores,run_id,timestamp
24,0.8349441240734108,"[[202.414895   480.87294993 450.25138513 655.6565155 ]
 [362.68369863  98.00486749  50.54177141 258.87340321]
 [670.49762171  14.25854276 284.81092209 672.57543668]
 [  5.06278965 521.60979344 513.47629773 287.67670426]
 [748.82027211 376.71377706 527.85142783 637.56343258]
 [238.05894342 184.62347531 333.81830718 660.5258591 ]
 [206.35623992 404.03215756 293.30367592 758.97854978]
 [737.22008433 389.57900381 733.89474794 407.50459614]
 [574.5690773  271.05539553 554.84529388 286.77517413]
 [ 99.1810941   51.64800344 179.71017467 600.0778524 ]]","[0.25989981 0.18695212 0.2087243  0.06503518 0.14012818 0.46892455
 0.42772051 0.62343286 0.7598509  0.89377711]",1,2025-03-03T23:21:50.172628
11,0.8720282765119515,"[[744.22739697 224.52162612 570.95967313 657.43623343]
 [303.43490372  48.3900515  105.48768744 523.73426786]
 [  7.88194985 289.00097222 436.68772373 624.83331242]
 [366.97005502 350.02925446 381.99801695  23.26762916]
 [499.03991237 261.80220552 719.06680006  78.09576516]
 [503.35066489 641.90534465 479.66701539 329.13788799]
 [154.72457088 640.82179449   1.48959726 179.53816062]
 [692.30612636 145.18876155 228.73314493 340.79255128]
 [669.75512767  75.55058831 794.91250352 727.37962529]
 [352.07603748 462.25839009 521.86974223 346.94602233]]","[0.08196937 0.89693573 0.16910887 0.97383766 0.54192271 0.59709194
 0.04010388 0.32433138 0.11386182 0.91295718]",2,2025-03-03T23:21:50.180279
38,0.8429551087854594,"[[311.07092778 445.1301525  585.59329233 721.48235626]
 [612.50332448 433.79761304 206.65175537 751.91460336]
 [390.37569961 514.45326827   8.04571694 188.28962831]
 [ 65.76420284  46.61830135 212.02819241 471.61030517]
 [157.70536266 646.76634974 325.1080993  644.10913794]
 [ 95.5114243  374.14300359 411.43296653 582.55165365]
 [114.9170278   22.75955271   1.41182793 122.17296503]
 [443.58080566 283.95452344 498.16139948 222.67079304]
 [298.76050565 726.40048873  80.13754784 245.02598201]
 [407.84871541 235.80286969 288.66755857 168.60463018]]","[0.4750944  0.51486369 0.40272895 0.29281629 0.13929096 0.46843782
 0.82539689 0.57339835 0.17768559 0.97495619]",3,2025-03-03T23:21:50.188832
45,0.8168973003541238,"[[693.73409345 188.43238167 463.67207469 558.21750676]
 [640.71561184 421.66296371 253.04469082 634.64638824]
 [303.39296578 444.32767691 617.56983781 505.4618728 ]
 [750.55944525 772.60172781 763.95008028 603.8011504 ]
 [208.70867995 318.47642619 260.84326847 555.79584636]
 [468.97544155  71.22050496 560.24986015 385.02915529]
 [282.97929182 483.7000189  362.37807438 410.12417977]
 [454.50629969 706.36447884 534.89940206 544.99008264]
 [526.37298789 643.62488227 238.67919455 335.89067688]
 [210.07114953 309.08668497 504.73793187 164.59398455]]","[0.22308595 0.22461524 0.59020264 0.48391271 0.94409554 0.46341452
 0.10894391 0.06172076 0.39518561 0.32347347]",4,2025-03-03T23:21:50.195687
44,0.8894796510691972,"[[1.41982071e+02 9.03476425e+00 1.74391444e+02 4.73254059e+02]
 [6.38818697e+01 4.58116145e+02 2.66348855e+02 5.77038653e+01]
 [2.31455794e+02 6.01224082e+02 6.01237720e+01 9.88070187e+01]
 [5.61978753e+02 2.76025117e+02 1.38775485e+02 4.90982296e+02]
 [3.44657662e+01 6.83082210e+02 3.13820944e+02 1.71520261e+02]
 [7.33651884e+02 2.38963796e+02 5.58384073e+02 8.35467444e+01]
 [2.70333560e+02 3.85339584e+02 2.17717562e+02 5.79145709e+02]
 [4.83874214e+02 4.35624277e+02 4.01128533e+02 2.34367387e+02]
 [6.42647482e+02 7.34625845e+01 2.42463695e+02 7.20414359e-01]
 [5.90882132e+02 6.74604615e+02 3.71100888e+02 6.40007752e+02]]","[0.98964786 0.05944379 0.97131273 0.95756716 0.76338145 0.1281612
 0.7113222  0.31852865 0.77697127 0.43561338]",5,2025-03-03T23:21:50.203573
18,0.9302101789097426,"[[384.95293095 160.72310628 663.14868292 541.83469402]
 [ 17.24882796 323.18287932   1.94144961 413.31961297]
 [597.60766563 749.33072364 165.03818025 227.72682582]
 [362.27954241 524.85934406 762.70502514 356.21555267]
 [288.39268493 314.45395203 711.31812827 487.69030394]
 [221.1188275  782.48732134 407.05718099   4.72304768]
 [423.19594761  51.48640161  39.34480387 491.61311439]
 [210.55084521 311.54089644  75.98063042 513.72243541]
 [174.51221116 243.92090282 639.18597045 523.17139852]
 [555.94656624 374.62521795 313.73315246 419.85547155]]","[0.34914564 0.74648091 0.56856683 0.52190388 0.17415024 0.42426873
 0.24135999 0.43122118 0.86848186 0.94517257]",6,2025-03-03T23:21:50.210514
45,0.9054941374150265,"[[592.70775508 597.85631614 466.70460745 540.8443121 ]
 [777.51828949 219.768118   444.3234109  702.8306133 ]
 [474.61199393 713.723646   593.96290881 281.94088628]
 [448.56451235 354.22663443  78.74864599 585.6959185 ]
 [713.80816202 682.56688273 591.79627911 186.13500902]
 [ 60.15151951  33.33414374  97.91299473 191.99476903]
 [199.48699213 137.98224515 499.65967108 397.7755915 ]
 [238.05556644 459.03379383 501.08450541  69.76311768]
 [302.29933129 628.48550278   7.44834315  51.97400565]
 [287.27310951   6.8883336  326.87460605 515.25777137]]","[0.38468169 0.74988491 0.13883949 0.39065531 0.30791805 0.91729598
 0.75354081 0.63645573 0.74556626 0.68283103]",7,2025-03-03T23:21:50.217456
10,0.9068898722592798,"[[600.66450261 581.01911994 338.09496194 200.32499929]
 [269.82881221 285.43930245 762.02907351 513.49871072]
 [358.10679199 462.48393147 145.53923199 742.90096326]
 [417.37327896 124.42044532  16.31082599 423.88253251]
 [435.44864283 532.7207243  166.06088059 507.16031531]
 [105.94698165 129.51518366 368.1928378  254.69266923]
 [649.09992891 108.81157869 777.33774471 243.76722025]
 [612.32482359 282.2869998  127.80304763 348.66529704]
 [719.1143703  715.60291359  49.10448604 254.6163679 ]
 [649.04176208   9.15164772  89.13808466 777.8556702 ]]","[0.28676717 0.01088359 0.54270347 0.64801244 0.5998816  0.72028205
 0.99397186 0.86311088 0.78061482 0.51751076]",8,2025-03-03T23:21:50.225036
41,0.9453345568121884,"[[549.73911489 675.31834853 104.93189177 554.422884  ]
 [575.95081536 479.84716501  20.49005701 133.17538847]
 [241.97223061 366.08524816 340.51087723 234.60246572]
 [582.9043187  151.84326387 532.33768188 402.80016498]
 [239.23313759 189.35350928  35.21673321  66.08398872]
 [118.37227942 238.00958932 463.43567103 431.98467899]
 [659.50447293 699.52761299 258.04607493 514.78207952]
 [501.64861746 646.37106139 423.14018207 624.34287287]
 [100.94593314 349.57678659 393.89820459 493.63717926]
 [325.1431616  562.14460649 167.59438814 381.97558178]]","[0.72757864 0.86949481 0.03953485 0.95130413 0.48179887 0.03685354
 0.26980082 0.39015541 0.54219894 0.09648384]",9,2025-03-03T23:21:50.232785
25,0.9114158847257745,"[[107.8620406  219.51862503 425.35747551 755.27208775]
 [ 86.64148667  54.66569219 664.36180984 189.57605258]
 [476.46853393 144.15527991 202.55612141 413.35714694]
 [232.88586907 506.22218132 630.63537483 623.6332969 ]
 [589.01044392 121.11214125 667.60351083 719.41094175]
 [724.04104063 212.4133163  776.43412418   6.4044208 ]
 [417.24656404 701.94588392 211.1458696  415.39597789]
 [457.86992517 361.87479045 257.00890883  82.890319  ]
 [296.41586586 131.49012286 553.26827985 790.57557141]
 [152.53510003 436.69876394 251.38721883 275.51849523]]","[0.05194288 0.36954455 0.9592216  0.9821239  0.55355541 0.02968283
 0.97220805 0.30883425 0.44139337 0.28094974]",10,2025-03-03T23:21:50.239339
32,0.8997675601900996,"[[262.35809929 350.05869651 219.33197659  36.34940291]
 [251.54877766 157.41118878  85.248248   266.34851184]
 [553.12816866 682.93656235 165.17961459 728.04675623]
 [701.5662932  332.72160814 603.12420752 559.02670726]
 [669.3092722  611.97412819 610.29790842 314.30159005]
 [666.05080132 584.74385988 251.92084477 420.20646361]
 [321.41763353 496.18686066 227.17798164 256.46618688]
 [ 31.38639363 200.80302369  78.17502949  38.28014741]
 [ 13.87558952 324.74474691 734.27775444 499.13386585]
 [338.02964912 519.90038752 515.66176966 186.30984758]]","[0.20430811 0.0681192  0.59196269 0.61782849 0.08508036 0.03446757
 0.03258594 0.83279189 0.68776308 0.33215148]",11,2025-03-03T23:21:50.249057
47,0.9494652020461193,"[[ 69.09652592 401.11906689 134.47308453 509.26269522]
 [650.43449639 519.78270031 244.08674832  79.34119803]
 [393.37970122 437.77798619 450.73581154  27.49559146]
 [204.13931645 655.97779343 124.7374208  584.16748259]
 [457.53870091 505.73547315 620.57684773 643.26065402]
 [348.99108669 796.74284445 226.41522264   5.10629878]
 [522.49515317 519.78861099 120.6562893  170.0127482 ]
 [101.69173176 276.99427377 280.27447371 405.1567455 ]
 [ 37.81965469 627.24977545 518.05461949 747.69461827]
 [649.04474042 521.08097303 492.95693508  66.97215991]]","[0.1140748  0.53142774 0.79569278 0.60114183 0.35105779 0.97889667
 0.87392898 0.84434178 0.00451481 0.86814814]",12,2025-03-03T23:21:50.256845
22,0.9415110813117359,"[[138.89440478 325.1393833   79.50956044 662.20142301]
 [428.11127673  51.79474187 568.22817596 793.34756532]
 [644.44839487 314.96282417 634.65247761 767.39355257]
 [394.78796015 549.39086546 687.96934308 559.94337045]
 [360.99020105 665.59003825 397.03940266 487.48605913]
 [160.9889247   34.5317323  536.91256788 189.36755754]
 [248.75049805 756.86233501 232.48284628 324.26515967]
 [243.65591904 610.40535616 336.65174866 713.18931554]
 [546.51613805 364.07770808 733.86620682 663.65064781]
 [475.96494195 474.21840971 365.39529712 403.526258  ]]","[0.34196643 0.99828288 0.9920488  0.74142063 0.55524652 0.03402167
 0.71396921 0.94942281 0.14820835 0.30648431]",13,2025-03-03T23:21:50.264447
44,0.8739768672259843,"[[369.11522153 416.26307835 188.45793921 736.18403899]
 [692.29200233 438.4729688  781.22295196 697.41833472]
 [613.31537455 578.37379354 468.15065363 571.28829379]
 [101.72278506 194.32781861 212.73299497 677.42996248]
 [799.99821808  42.83371741 382.09268051 117.47669363]
 [489.03082011 545.95549268 737.43473923  15.76213853]
 [511.90688036 374.68475086 518.78425413  28.23304983]
 [384.92619437  80.59497213 447.01421607 256.69974147]
 [249.70468976 308.45536934 564.65448864 102.17804795]
 [255.17560701 501.18800443 536.97173333 400.62714803]]","[0.43073544 0.52887759 0.4021434  0.75241822 0.43092212 0.39997404
 0.3820788  0.56245731 0.67492076 0.7754319 ]",14,2025-03-03T23:21:50.271437
35,0.9007890663754419,"[[541.93312717 684.61160843 278.37115342  13.65850871]
 [389.19667284 714.20528767 109.01247679 237.3988135 ]
 [156.43214462  31.31046376 168.02360502 129.33322427]
 [614.70037732 261.3411344  414.03105487 364.59149701]
 [118.8683783  652.68562114  88.51575304 551.19039674]
 [397.69116707 300.03521183 589.70177387 757.08670775]
 [ 92.23722423 497.64895045 754.20069781 464.77473636]
 [283.57456783 283.48143059  46.36917716 562.64293923]
 [ 34.72608606 356.95320078 745.65559507 246.70335073]
 [181.3473415  221.83896778 204.31976628 782.91346839]]","[0.56798058 0.39663507 0.0995411  0.01138956 0.04389021 0.24012551
 0.22004601 0.26501136 0.56903783 0.18072453]",15,2025-03-03T23:21:50.277507
27,0.9378238136570076,"[[723.52925268 474.49254925 630.20653323 391.68258136]
 [386.07443584 731.82143841 682.04776246 393.904739  ]
 [652.04070335 123.42960629 249.54827601 491.75627689]
 [626.6308093  499.58486088   8.52372088 636.37136172]
 [397.62982069 721.44273684 249.88400062 487.09256995]
 [766.31852596  84.09330443 778.64397161  14.2568659 ]
 [668.77269495 342.26503479 275.56920603 434.86776573]
 [200.26123456 619.38448979 751.10542129 576.26250549]
 [552.67957253 224.02162026 500.41892668 334.75039575]
 [737.98513478 177.30552318 490.2746238  284.412886  ]]","[0.15264096 0.46534252 0.3825043  0.56184461 0.74227642 0.19008965
 0.77125989 0.2995322  0.06692367 0.42587944]",16,2025-03-03T23:21:50.284980
23,0.8628320445821492,"[[ 81.52828598 733.22493417 698.71553524  38.92920203]
 [723.35205066  93.07052492 631.43701117  82.72279525]
 [720.97713773 380.74804702 421.78142745 798.19719838]
 [340.95661619 772.92443168 421.10840701 122.7789195 ]
 [562.8276653  301.79795368   0.91929536 355.64596567]
 [778.57185927 603.06648267 598.6803815  233.74283205]
 [ 83.31896877 234.48096181 747.46719828 345.67741515]
 [784.53608167 404.05367407 471.97044033 109.03874952]
 [684.49394402 174.46195265 613.3125017  522.13414236]
 [ 59.10892166 451.80249115 355.38457131 126.37413206]]","[0.22284663 0.2765966  0.84541317 0.88997449 0.96176168 0.6756808
 0.28095606 0.51231638 0.23626129 0.77099102]",17,2025-03-03T23:21:50.291293
36,0.8233551248265892,"[[163.66664267 131.13740844 202.19428743 155.30006455]
 [106.76399668 190.55768583 748.50329902 347.9853543 ]
 [707.77505212 272.69531726 741.76937792 699.63987064]
 [799.72267106 646.07708625 653.8427114  441.49115628]
 [206.47825651 407.57265738 746.37108157 550.33802452]
 [ 23.04102026 623.65538412 693.39661668 612.71645101]
 [219.11548979 517.52664133 157.26950434 561.93252642]
 [474.01546636 100.75878165 585.44788883 580.83339425]
 [325.73695299 610.39356565 244.57055241 752.98024712]
 [560.45174559 772.57200182 530.64267637 488.99293961]]","[0.57348249 0.27643319 0.19755202 0.28417951 0.64137729 0.01314181
 0.58300008 0.57379808 0.30707079 0.08019663]",18,2025-03-03T23:21:50.298210
13,0.8806749279948135,"[[727.25768157 406.31609749 750.70890579 100.17350532]
 [609.17954733 363.38184196 359.69021964 138.7514539 ]
 [395.327838   468.83088593 318.45020148 204.76096365]
 [ 30.86359273  77.66126777 181.81945512 424.34222043]
 [723.34555862 211.11125464 750.71954797 706.3977296 ]
 [240.07802947 775.25494563  36.49125635 773.36700504]
 [548.05805823 676.35335529 214.01616607 453.29811625]
 [358.65899863 479.55789759 735.81721209 552.18586459]
 [719.05997467 580.10485995 467.65082141 585.78251694]
 [ 47.08155197 507.84684302 798.01368819 518.54085635]]","[0.62704487 0.13871236 0.77098773 0.20724551 0.86108216 0.54823024
 0.39140159 0.91390299 0.99319819 0.28851134]",19,2025-03-03T23:21:50.305829
35,0.8946220640856284,"[[217.45379789 396.602541   645.17681251 799.53897861]
 [600.75668314 565.99446714 483.97001505 398.26071553]
 [640.04359323 566.20118775 733.00028894 178.67257162]
 [259.6194677  523.45316166 412.90158908 393.92421531]
 [290.89053015 242.40307814 644.17962911  78.44589008]
 [795.72342714 589.08435165  32.17293318 158.76021145]
 [465.68233778 277.10177176 633.99934637 312.59615097]
 [110.88606859  95.67145134 400.3169199  605.94178703]
 [324.92790808 623.57155636 306.41147713 133.51267869]
 [283.18721534 351.97422672 783.09545084 197.70848042]]","[0.52526748 0.49941171 0.24349991 0.48003432 0.96401125 0.3246421
 0.87598907 0.20214715 0.04674216 0.52015231]",20,2025-03-03T23:21:50.312827
28,0.8069507447095631,"[[284.34019597 281.96496068 508.01840613  15.35081556]
 [398.76163655 489.02884172 478.36868635 235.60627704]
 [591.58232153 721.85882131 616.41549654 372.37778194]
 [705.79903245 547.42838137 627.69983634  66.00409468]
 [225.99837049 438.44773063 139.15670714 548.95953757]
 [196.80597869 776.99107795 275.63546565  74.73896987]
 [ 91.59709462 313.90536137 381.63315255 341.48524257]
 [591.99004922 795.57747647 472.50104065 687.50893917]
 [585.8075633  307.22459392 671.60920689 619.27018798]
 [623.31033328 252.04318104 602.19731624 408.77624347]]","[0.84753519 0.81551518 0.89309013 0.13679112 0.10791622 0.79971121
 0.3398859  0.50279552 0.23344946 0.32963617]",21,2025-03-03T23:21:50.320352
37,0.8392331542785231,"[[424.26640995 709.43986205 371.30554405 592.84214013]
 [147.63423138  24.7532206  335.22283918 263.89687715]
 [506.37735378 649.02677741 358.73204883 689.84510736]
 [201.74366545 660.01245687 225.52016322  97.71047024]
 [746.25024066 611.02740896 646.30360549 220.61371126]
 [261.72650366  89.62489535 276.08661759  17.85440048]
 [570.71275976 436.9201036  605.11308599 294.72270696]
 [ 55.16434904 348.17081628  10.16723694 401.71797248]
 [615.04951136 608.56797965 654.81913676 204.2542162 ]
 [511.71755048 142.07344005 198.88754575 600.91097043]]","[0.18474395 0.24371986 0.86164725 0.60775393 0.33164287 0.88813645
 0.33918694 0.12456346 0.66103447 0.6831481 ]",22,2025-03-03T23:21:50.326424
26,0.8142217864151177,"[[218.98243483 752.17500179  19.27202968 691.49066899]
 [635.16994519  39.7300554  359.54107516  48.51941779]
 [631.01405898 300.38056288 461.54152391 399.66502803]
 [486.13164089 493.79858251  78.66125414 612.55266326]
 [767.84442115 350.02989569 575.38435298 316.92150237]
 [284.32384366 786.60042857 642.61092112 558.18674655]
 [ 40.37976683 396.45769944 681.59602724 275.34401624]
 [768.61157239 230.25251279 526.82256785  48.52057551]
 [ 78.34732396  24.23988739  29.22234299 252.09476524]
 [378.31349159 135.77024603 518.73371089 324.98693258]]","[0.4508508  0.71874549 0.09113812 0.70537726 0.39385955 0.63507011
 0.18358581 0.88566423 0.25894494 0.70107915]",23,2025-03-03T23:21:50.334814
38,0.9399383388827416,"[[100.99176692 514.83421441 478.2406665   39.64753519]
 [276.94583061 118.75226763 443.02859193 148.98382328]
 [786.39356329 452.82765433 726.53149353  20.98195494]
 [542.77221453 384.06176107 382.72987044 612.93857752]
 [283.95588261 705.60792716 257.10828439 371.73700558]
 [238.27493361 468.11799425 325.21433424 751.44726028]
 [597.99482432 455.22747741 649.29053291 604.50571515]
 [ 83.05462464 338.61566339 590.09402089 119.72247205]
 [556.51437296  57.54992908 599.82169246 254.3635888 ]
 [110.35021047 628.36277036 521.26678265 393.09603241]]","[0.36682192 0.21097888 0.5643391  0.21719412 0.70347275 0.84362482
 0.63039328 0.63153112 0.94830394 0.66884889]",24,2025-03-03T23:21:50.343977
33,0.8346376683862272,"[[771.42134417 590.69548085 473.27650034 642.59866365]
 [324.30696852 766.24305464 267.19954967 561.44903058]
 [122.19113985   6.99747993 254.22876388 308.98984615]
 [365.77259044 316.57912331 512.9666924  313.71660638]
 [ 86.37128715  85.31752269 508.18701052  92.47589184]
 [792.59467427   4.09412237 424.48886392 321.77025122]
 [719.61125452  21.49397539 446.415009   331.23273601]
 [360.72756317 638.59577556 649.22955542 370.79574602]
 [670.56980492  12.67287758  50.53281558 541.25887874]
 [331.46159606 643.95807608 187.23536529 147.91536642]]","[0.00825023 0.04760116 0.55376192 0.59863529 0.74479313 0.68681186
 0.67172466 0.78450582 0.82767956 0.40955281]",25,2025-03-03T23:21:50.353480
39,0.8633115705453948,"[[563.08995706 327.09892625  72.90880682 522.96643221]
 [ 84.25817889  80.79957489 149.23180327 576.87795877]
 [314.79949666 663.83445351 645.66981725 450.98819159]
 [306.03161812 359.59135908  39.16221703 227.21962665]
 [729.73390924  96.85496792 306.80942306 515.92706832]
 [365.08051953 755.54359526 473.17734081  52.29412448]
 [ 77.05212989 179.57915287  65.44814005 523.9757509 ]
 [ 94.00475998 548.01718707 267.65103488 635.46974601]
 [ 41.95353612 194.58703157 247.09874752 634.79294187]
 [182.47529585 749.13936936 360.11834033 615.93430142]]","[0.7605363  0.84049822 0.40754482 0.30727267 0.8816792  0.65427911
 0.55049316 0.75290307 0.69981966 0.60066726]",26,2025-03-03T23:21:50.362513
46,0.8730198671515326,"[[266.00143893  68.28567642 597.19174626 420.07465832]
 [764.65917008  95.56759316 782.33188162 396.95720263]
 [325.47655413 748.51367571 209.15855449 629.07306361]
 [519.83582415 405.55540286  20.0508741  393.35200853]
 [466.55464446 278.34584108 555.52911129  86.05581276]
 [723.12937855 627.45434424 792.31689689 351.21453324]
 [111.18769675 122.02067794 107.7395691  246.08037135]
 [790.57422585 545.37207445 255.07781257  20.03282089]
 [ 28.82104405 140.3975159  209.8094189  154.49253792]
 [294.66205546 186.02969781 787.10821869 657.85955693]]","[0.40841359 0.50807668 0.1878566  0.93207023 0.02922237 0.26115857
 0.9692825  0.20624221 0.08407854 0.04627745]",27,2025-03-03T23:21:50.370389
14,0.8399547059142082,"[[289.182207   180.17853105   6.67996907 535.48131075]
 [530.15393051  99.71576502 705.87576196 626.72142004]
 [565.62258487 714.3021871  431.56217969 416.06120405]
 [489.17823234 522.1806008  224.47405753 654.16672106]
 [178.24614318 506.81781652 164.91306296  56.36553535]
 [335.27342222 522.22977282 256.67079666 348.48961279]
 [  8.97642628 175.37069278 340.95741847  99.59261875]
 [317.65115795 354.57829946 132.27634345 450.53767197]
 [777.35971792 601.06576943 736.42621839 499.77396636]
 [407.46461229  24.32886398  55.84289218 403.97786003]]","[0.25833353 0.24741653 0.38679342 0.39392121 0.13728219 0.37590292
 0.51050089 0.07682576 0.93525587 0.49931694]",28,2025-03-03T23:21:50.378554
11,0.8443857606710711,"[[695.50487654  26.47162116 754.43423574 356.26172512]
 [233.07699848 145.01950913 777.6817426  725.12603044]
 [ 51.12935828 342.84545105  14.01068568  66.56608012]
 [389.36353029 764.01454827 707.29786217 187.66725078]
 [291.46678363 221.23348153 135.61237258 520.54251002]
 [616.36214321 156.59014596 672.67877682 323.96714436]
 [ 89.61921318 326.91047656 583.10504304 148.35035436]
 [426.2856811  249.62716737 449.22916939 436.89902975]
 [467.22558712 336.66902142 445.71531378  47.47888723]
 [322.28120222 102.25727803 658.46276328 777.44291711]]","[0.28147089 0.59760516 0.19070579 0.60919272 0.46880995 0.82869808
 0.23127178 0.71674815 0.56949596 0.02644252]",29,2025-03-03T23:21:50.386283
45,0.8673892656319422,"[[336.91820961 644.59878933  30.40819128 101.33446071]
 [753.88436523 475.64465881 530.19034244   8.02299212]
 [258.07901052 497.84896407 347.13222843 359.33522447]
 [105.70571718 202.99196824 727.94275813 196.24898083]
 [605.67436785 563.85608388 183.87281592 571.46489819]
 [ 88.30339053 728.08706886 678.85471919 630.5664609 ]
 [702.28455549 322.38289244 239.91966832  85.46657758]
 [230.34539347 411.80218579  78.41394567 175.94350793]
 [373.56897806 250.41170716 726.00240922 719.57371792]
 [648.41186003 490.89301558 639.52667256 407.05984135]]","[0.46334676 0.47947078 0.22722958 0.47954658 0.37670878 0.53595589
 0.01354169 0.97628325 0.19026171 0.60841783]",30,2025-03-03T23:21:50.394049
37,0.819556610810323,"[[633.53780975 522.07300769 586.34903048 129.96808029]
 [438.68331581 272.96478173 555.92379141 570.89281661]
 [256.90424326 262.67450567  68.81543805  15.8418526 ]
 [ 19.42239662  91.91292863 237.00895263 580.32215625]
 [311.24047436 429.89244627 203.12850601 198.38874372]
 [785.98743206 351.53917703 657.02375276 702.883522  ]
 [ 27.90494414 786.80670813 580.07296615 468.19214031]
 [737.81743776  62.73732394 773.75102003 205.22530811]
 [141.6476064  391.11706632 559.36043764 559.70040832]
 [384.41168369  50.25193871 191.95686582 154.46920218]]","[0.91487924 0.5510118  0.21235524 0.97164744 0.99031116 0.76578455
 0.71405113 0.27186352 0.02322105 0.53681342]",31,2025-03-03T23:21:50.402863
10,0.9475190161994874,"[[590.48528769  47.55233852 532.2848632  250.89152018]
 [ 75.15435906 274.92272925 422.44853184 229.78596344]
 [ 30.52988767 607.14728432  28.11826443 168.23852953]
 [481.13759089  61.48931777 350.81037445 558.60484597]
 [ 87.69103019 591.98754276 286.06090199 623.1794383 ]
 [522.97379258 303.28085389 649.01220391 330.57121031]
 [ 81.35634398 313.4716992  467.42241432 358.97441269]
 [790.19197381 435.04927924 686.52039725   4.23316525]
 [ 99.98070532 109.59362675 118.79362662 690.72400121]
 [293.9893666  769.31034325 486.39721274   3.02973058]]","[0.20059212 0.08289314 0.16037192 0.09895076 0.11628844 0.04879811
 0.1976827  0.4394368  0.7078707  0.58613003]",32,2025-03-03T23:21:50.412791
15,0.930170588236869,"[[ 42.44023934 237.88426496 772.37218466 686.99625635]
 [210.18463493 781.31131115 126.26580534 686.85897856]
 [791.12691944 117.11515106 134.97400742 538.56555467]
 [236.91493264 778.47197307 199.01519096 215.77663382]
 [337.19183065 648.47473574 592.84641516 200.99609655]
 [  9.53861199 576.45677936 480.08688     24.47319097]
 [112.27337454 569.66940185 781.46660305 379.16577014]
 [249.19189344 516.59706403 759.06306932 678.28398488]
 [472.71996248 707.55329984 142.0952793   99.1890348 ]
 [548.11491794  51.78542619 511.45183527 414.98269406]]","[0.1803264  0.87488529 0.92369336 0.61501373 0.43325266 0.32788494
 0.29504503 0.91612013 0.40403055 0.44768026]",33,2025-03-03T23:21:50.420749
15,0.8897820076015333,"[[258.79681311 667.30356377 717.55184691 552.46221702]
 [137.73681515 568.12264836 336.28915222 591.2049975 ]
 [ 75.46114757 769.60710214 676.88385717 381.04305513]
 [294.77243484  21.20153613 180.23401672 118.44599363]
 [ 29.93533239 445.10843384 287.00412295 788.34059454]
 [590.82947349 177.99252292 630.44234176 429.24133294]
 [392.89758686 125.09878855  69.79154772 182.90195567]
 [ 59.66594955 561.53126381 307.90542453  80.76817821]
 [713.07440766 404.35683187 580.12712068  37.58726242]
 [783.71303145 712.99175407 346.27274929 443.29484047]]","[0.41954447 0.55793549 0.97476821 0.76217989 0.08997938 0.52453131
 0.74144868 0.44890199 0.05955923 0.15111664]",34,2025-03-03T23:21:50.429133
45,0.8421840318354069,"[[251.03172243 350.31277713 209.32662318 393.55273884]
 [ 95.59100261 529.93706993 318.41857774 797.92941208]
 [291.19423193 706.52493673  58.96373052 398.99093951]
 [ 63.03022513 404.6778463  335.94713953 137.66269426]
 [278.04363506 793.38328947 383.98591249  34.80638416]
 [577.47053265 424.59391469 776.67044063 401.04107918]
 [581.14256329 499.77969255 618.60235346 473.45544486]
 [567.14179119 740.9739505  151.5943259  132.08589398]
 [294.46255834 198.79701539 341.51119282 159.23145212]
 [571.87829471  18.08129923 217.94170533 795.92432466]]","[0.16240022 0.84432428 0.00616475 0.76556483 0.0018877  0.86745552
 0.56633095 0.18266753 0.82923979 0.97269805]",35,2025-03-03T23:21:50.437548
47,0.8752743422698264,"[[6.07469373e+02 1.06826552e+01 7.41404043e+01 1.82202026e+02]
 [2.33341252e+02 1.59154801e+02 4.69396618e+01 8.84294111e+01]
 [4.68403248e+02 5.04512475e+02 4.67272813e+02 4.85085360e+02]
 [5.64223864e-01 1.24638950e+02 3.64459736e+02 9.76793590e+01]
 [6.24842419e+02 9.97138807e+01 2.53293539e+02 1.29640544e+02]
 [1.47424031e+02 5.75824504e+02 1.99345483e+02 3.93410656e+02]
 [3.19678453e+01 5.83214315e+02 2.52966411e+02 3.26550277e+02]
 [9.96347880e+00 4.09511271e+02 2.59538005e+01 6.16483958e+02]
 [7.06231042e+02 7.36522777e+02 3.08086751e+02 7.72290704e+02]
 [3.05021684e+02 4.98465755e+02 1.09697229e+02 1.57153362e+02]]","[0.49367497 0.61013115 0.97139044 0.73118982 0.82549407 0.39426276
 0.18035157 0.32830132 0.54422696 0.51510222]",36,2025-03-03T23:21:50.445673
36,0.897297994448633,"[[436.07592257 166.29783849 734.04776908 756.72303378]
 [686.62059291 667.88305619  18.09487594 482.77107773]
 [760.90917737 217.94215742  59.20360848 479.31751283]
 [117.27830108 461.37558611 460.02847529 632.45367333]
 [636.2194678  608.25279887 564.06243316  26.43427904]
 [301.80479332  65.27219697 624.90330295 276.54947775]
 [601.65056552 744.28629078 779.24477329  67.92267221]
 [163.87387509 618.4125532  211.94112316 310.43009286]
 [525.44286097 166.68391499  17.35064327 296.07396462]
 [544.86321435 210.87410671 678.24687913  31.56653503]]","[0.89711307 0.02932225 0.06594982 0.2685553  0.48398023 0.21395493
 0.93115124 0.7258026  0.4000529  0.46425663]",37,2025-03-03T23:21:50.453646
33,0.9368666460725295,"[[551.36226132 616.72624658 245.12984373 732.76369738]
 [488.04741897 264.2518674  658.23645467 405.15520602]
 [ 14.96696979 559.71545377  74.01345416 428.30632604]
 [706.62203136 743.55089588  81.76566165 180.33274833]
 [395.89980231 438.10837189  50.73163053 126.6510863 ]
 [460.66127201 625.83799679 625.64045973 535.86593751]
 [ 71.14034771 260.70428236 685.81370864 123.30207273]
 [ 66.86958911 656.32417622 517.84731468 332.90389301]
 [782.27983153 276.16937734 794.16187023 220.0697834 ]
 [498.15726885 645.69126356 216.01154468 347.70488865]]","[0.3685731  0.2333242  0.72218463 0.04106639 0.28303784 0.86808996
 0.44040775 0.56448384 0.27289803 0.87656696]",38,2025-03-03T23:21:50.459826
42,0.9348994440967512,"[[749.74610643 291.66068362 150.06894742 610.0008674 ]
 [482.03444082 261.59661724  97.63483396 155.18248472]
 [236.94235134 735.65165629 616.30451605 173.52938291]
 [206.54212708 778.70116024   9.9278383  304.85638524]
 [567.61055933 166.06993771 685.18958377  94.62312367]
 [465.09638943 144.27969614 192.86840588 247.28526614]
 [140.8946868  678.57743675 121.66934762 164.12221269]
 [565.83931285 587.75771931 140.13552655 504.56811973]
 [291.84089606 674.61150695 148.00410677 779.64980502]
 [ 64.40404103 211.18156394 442.86051521 538.18174194]]","[0.22971037 0.08598525 0.41378361 0.51939051 0.98449218 0.59041967
 0.21248787 0.74503174 0.96150006 0.26669212]",39,2025-03-03T23:21:50.467147
27,0.9443598122239771,"[[175.09159232 527.49430854 593.26834487 580.16731007]
 [ 36.97021865 284.38676517 586.43554954 792.07513339]
 [477.93991637 276.43994417 487.18181052  70.83006546]
 [  8.8143782  276.66399127 353.21297638 291.74266867]
 [461.24284761 594.02683943 490.66708101 160.58312616]
 [120.84532654 675.91904925 169.19396181 626.3182852 ]
 [230.33768718 370.36426842 364.19865237 203.43746734]
 [282.32653765 734.97508862 354.11225387 460.70917844]
 [652.27297141 784.00723704 699.31916677 581.20205189]
 [ 95.92050888 630.39371934 383.00813915 271.35107908]]","[0.56819004 0.99077992 0.25561874 0.3597304  0.78656672 0.22802116
 0.46123121 0.41215503 0.9468742  0.84944577]",40,2025-03-03T23:21:50.474656
10,0.9358676835251031,"[[184.78838885 701.38063987 762.99116424   5.08474783]
 [ 31.96875261 742.49315417 148.71606261 105.54744177]
 [615.38426194 153.04206987 194.62736636 128.13529763]
 [ 43.59861885 570.22775178 556.77128934 652.47422032]
 [267.05465934 507.61359005 476.95382529 315.52098033]
 [657.41497963 537.38633873 677.43852401 781.43740739]
 [372.05141407 627.78844528 115.73348125 716.68964121]
 [189.05551748 199.03133823 692.26773599 501.74027765]
 [292.53414295 405.15529793 514.09030241 450.07090791]
 [722.30129241 270.8836634  137.33718525 536.65394001]]","[0.59502679 0.99945134 0.85821417 0.7651787  0.9800605  0.76895155
 0.67792231 0.02917858 0.31118008 0.04871554]",41,2025-03-03T23:21:50.482969
17,0.920826456631555,"[[631.75282706 190.51827124 626.23280949 776.09329316]
 [ 13.27266159 693.04474296 398.19669126  15.45488693]
 [297.36508659 396.45894315 674.70694529 504.32417228]
 [602.98532995 200.53485588  77.4192349  655.96512521]
 [191.27081334 772.19331041 182.69122217 525.12255004]
 [791.08319218 635.33458675 515.69609269  63.8895645 ]
 [155.41308998  49.42962938 547.12097819 714.05650453]
 [199.01310526 298.91993736  47.51135011 728.96282117]
 [547.18475083 762.32842332 291.13290473 235.73992405]
 [324.05209108 526.6695442   88.59393168 107.75929723]]","[0.46846532 0.09196543 0.41474178 0.56405364 0.55919163 0.74464308
 0.29902651 0.6856286  0.07135001 0.57240592]",42,2025-03-03T23:21:50.489929
20,0.8192275238367693,"[[146.77138603 257.55905325  44.84967907  58.98446442]
 [256.39332788 682.14894613  26.45392371  48.26028622]
 [535.44751287 353.54643298 332.74823759 542.28196034]
 [216.15364013  49.90076781 172.21999215 533.58021673]
 [146.36658153 715.86413249 290.09993966 589.54611809]
 [234.32222336  96.49667811 520.32728796 349.66539058]
 [265.10889978  92.8265372  456.4851984  220.31246671]
 [482.65887131 759.98230708 228.36730447 634.0927919 ]
 [664.80848956 490.60497339 155.5470636  517.97128248]
 [323.81900068 256.85676472 408.92966737 525.28265144]]","[0.76020917 0.81641384 0.25671414 0.8619947  0.20693056 0.45156152
 0.63335345 0.19316786 0.20266671 0.32744068]",43,2025-03-03T23:21:50.497647
40,0.8372531141532992,"[[ 29.40455453 436.48367943 784.83114325 270.6882831 ]
 [390.95665765 728.09960976  24.05695516  68.25401959]
 [327.20629054 116.10219529 111.81240729 173.25641593]
 [498.21744441 277.5649242  172.17578832 412.8000677 ]
 [ 99.76559803 794.51484026 104.38736768 717.22756205]
 [633.39716534 348.19323237 214.90470903 575.5679734 ]
 [437.36829527 711.58305458 652.80210383  18.60276296]
 [541.86048581 257.85307135 738.67898994 764.25649516]
 [244.21106638  48.85244145 122.60608495 608.60211099]
 [799.90875159 579.21699112 642.77264232   5.7523003 ]]","[0.17513605 0.64032143 0.53691116 0.10042866 0.42406818 0.4712843
 0.46889826 0.64897909 0.8238166  0.02545184]",44,2025-03-03T23:21:50.505533
42,0.8431992997096793,"[[172.74848771 303.3232579  357.83556774 465.8014761 ]
 [310.90858352 134.21276177 566.24600974  78.39812515]
 [ 44.89986098 744.15973131  94.49821369 479.37709024]
 [776.41297225 513.21081666 595.2332117  432.05135323]
 [155.78838233 512.83240878 394.19471852  87.86833521]
 [395.50169004 368.61707914 743.69008278 680.63568351]
 [695.43600236  36.40591826 635.81798901 713.47871417]
 [767.22860574   3.09423396 163.83072645 417.93575198]
 [674.46716319 255.78636291  49.75500982 118.11199974]
 [686.62780559 338.11678016 747.44831437 378.31111917]]","[0.00487067 0.29022202 0.76334455 0.07609577 0.68179945 0.01207869
 0.30147666 0.76971422 0.90177518 0.27507499]",45,2025-03-03T23:21:50.512557
24,0.8950286493986832,"[[410.19633941  37.87947138  50.87560726 171.76371531]
 [143.54688325 570.0454289  457.00625406 468.45120884]
 [734.1850444  201.15779905 507.61148085 752.98241045]
 [499.83598222 534.51360159 615.69717497  12.08478211]
 [675.74244687 292.63908709 236.32500913 343.96780338]
 [493.86751228 799.85171787 606.72103177  42.67282028]
 [624.92334561 770.46189608 369.86589529 527.26924499]
 [623.40538142 167.33348804 788.74113144 316.26797488]
 [421.13805727 536.73636701 193.27493147 246.51893581]
 [336.57542934 557.64784396 669.0666954  500.99324958]]","[0.44893294 0.69412245 0.314247   0.9389295  0.73138492 0.69064377
 0.17990373 0.15040436 0.1329027  0.62251345]",46,2025-03-03T23:21:50.520251
24,0.9227204476144464,"[[581.21942813  58.46629933 671.0634863  630.09737292]
 [388.73616106 731.20466578 170.69623172 357.35752666]
 [703.78297352 560.51229107  62.20161272 645.12992751]
 [683.30767195 121.89994396 291.92045004 494.96347417]
 [ 51.92504245 352.47055061 192.78210224 237.37098536]
 [603.46751081 247.04037417 375.3195444  152.590136  ]
 [449.4556248  194.44271347   2.26729007 313.70173444]
 [374.47479186 274.81626197 139.64343761 289.39594882]
 [295.12021426 166.58372537 479.8468739  175.97884105]
 [622.35636702 288.29674059 535.86618815 444.40783526]]","[0.29640074 0.61213901 0.4277131  0.31163963 0.06108527 0.14542521
 0.51203259 0.28423925 0.21026451 0.3089054 ]",47,2025-03-03T23:21:50.527529
35,0.9459068459932083,"[[289.92730822  60.9582087  704.88967737 751.59513183]
 [752.47259269 312.1340935   36.19665764 761.94829897]
 [226.43801985 749.50585275 533.07845999  84.75705655]
 [620.9858435  209.77219431 479.75922425 500.77610526]
 [611.80615623 392.20012762 786.70442677 738.34745267]
 [394.0652863   43.48448378 461.87879746 719.14135673]
 [273.78698394 785.07303403 680.6789603  751.89148403]
 [224.01975003 717.5270851  111.6371765  102.53046477]
 [336.01002363 388.71281809 369.08932919 494.79381378]
 [626.75687531 381.02192743 180.63406529 387.63202259]]","[0.53806861 0.87208501 0.81308428 0.86618961 0.63760851 0.53333356
 0.39981431 0.08637957 0.49450483 0.3094046 ]",48,2025-03-03T23:21:50.533609
37,0.9482702070965201,"[[ 82.63679376  47.09233448  25.58348287 642.10302292]
 [756.09532033 635.00236868 798.92602588 306.01176645]
 [427.49883144 494.73128115 230.64782157 579.29220772]
 [588.08281332 256.86920367 375.64350724 273.51706253]
 [602.78469664 248.33095552 307.38773692 600.60115426]
 [161.75015701 587.65885484 131.30672376 766.99255269]
 [419.12217244 329.49004048 722.98003863 583.55560126]
 [249.39301116 654.39812105  33.81595006 642.83406111]
 [538.91897885 566.24981828 431.52797215 679.32194465]
 [428.20968301 103.64632741 742.25657562 215.70618536]]","[0.04515974 0.16767929 0.83684469 0.37950313 0.52515382 0.07112761
 0.34811793 0.32749887 0.78982203 0.59544232]",49,2025-03-03T23:21:50.540546
44,0.8877095942686043,"[[ 10.77071893 677.17580651 308.86381668 534.66380954]
 [741.65219059 445.74402246 761.85242961 184.35366257]
 [459.24220763 225.62468906 116.23096028 747.38083786]
 [206.28135106 298.62311557 331.12705165 330.2413385 ]
 [193.92988209 206.30989296 626.92723522 479.78482467]
 [361.43572783 646.7011712  151.35978682 232.70194671]
 [290.45482177 439.24482264 138.28777949 583.82214202]
 [588.50848777 585.10308022 637.26933901 196.56727484]
 [710.35419697  27.48154859 362.94045031 522.94903614]
 [421.98267226 457.60646709 703.94259775 108.95571745]]","[0.79172369 0.84565519 0.60675076 0.95235119 0.5751177  0.69262492
 0.32300346 0.77193212 0.940612   0.77210967]",50,2025-03-03T23:21:50.549157
42,0.9334997954013364,"[[513.03121228 288.07638434 674.00205563 738.99877479]
 [577.87691646 363.3299401  614.52204184 740.94991516]
 [689.19489953 598.69885048 220.97015237 465.34558245]
 [ 49.08943933 362.28832498 575.61483768  21.67504616]
 [393.06570504  22.34561403 631.43107966 734.96911594]
 [452.27233022 598.26245608 602.20613469 305.58139221]
 [709.37681687 110.03230556 634.34205858 356.75769351]
 [497.38162753 691.5907673  259.89806947  72.97365945]
 [728.99431911 685.60478472 155.17715756 446.15787874]
 [303.67570417 321.94332271 354.55436874 622.72560353]]","[0.08141405 0.55523794 0.91868973 0.68226067 0.54608196 0.65328541
 0.03657334 0.51715096 0.76249236 0.14190214]",51,2025-03-03T23:21:50.556553
26,0.9386819104935628,"[[341.78481244 517.81149421 463.12633802 311.07536633]
 [389.12032671 688.3594829  751.81053793 799.9196802 ]
 [270.92531943 703.63724343  64.98930423  90.81677818]
 [181.41004284 790.41649823 363.55119038 328.31039475]
 [ 90.51807078 257.90547067 248.41166322 572.87630955]
 [632.79684623 114.11054291 637.50705548 263.69653777]
 [448.64860365 271.28605201 263.97904127 204.66471703]
 [264.99750896 466.97073496 190.3286764  332.73018904]
 [443.72336193 391.01318425 101.80610233 371.97289793]
 [757.56861496 313.5313296  540.47331219 482.4429724 ]]","[2.47300831e-04 6.12443950e-01 7.63851068e-01 1.98997481e-01
 7.43774244e-01 9.75655589e-01 5.94952574e-01 4.31434890e-01
 7.32819402e-01 6.47431424e-01]",52,2025-03-03T23:21:50.564738
18,0.8944637843552286,"[[159.06776366 153.49299664 280.97607799 101.13746135]
 [773.68155077 508.76186781 632.78046085  59.74162693]
 [568.72119767 103.49271977 738.68124616 784.68873966]
 [416.19901509  93.81600858 601.74355828 331.41896749]
 [750.32839006 160.58846489 106.64593625 553.03142656]
 [415.55652226 651.29721706 315.16013393  14.23451658]
 [486.24714682 238.8033803  721.28182071 461.39041562]
 [743.38905314 313.75407597 580.6254758  710.12285922]
 [135.57160384 460.6127603  293.49432363 704.49602272]
 [528.19398887 476.50923422 787.08968177  57.32178514]]","[0.34449868 0.86707846 0.42334101 0.34651916 0.59587864 0.37367352
 0.19831625 0.70632538 0.07016285 0.41194549]",53,2025-03-03T23:21:50.574419
47,0.8057470649166634,"[[175.64673276 452.34902417 398.29041001 273.70702932]
 [730.25105549 377.89323535 283.81817141  74.81914487]
 [438.95410843 700.67266123 577.13756211 298.95339753]
 [167.20047709 318.24298428  69.46990092 419.87393082]
 [155.24938299 142.86535715 655.68143314 357.10248932]
 [710.94870149 538.3140802   49.24106408 570.48916739]
 [336.13780975 189.73162136 191.30179346 758.02220264]
 [686.31585754 262.64984867 314.50841745 685.39617998]
 [155.53122888 258.73037015 616.25885979 486.07657585]
 [414.48322873 234.91144905 237.17647902 428.15617664]]","[0.33944236 0.65924838 0.35971958 0.17318101 0.34462391 0.71758352
 0.23883744 0.12724689 0.94492821 0.42827088]",54,2025-03-03T23:21:50.580832
47,0.8011582852099919,"[[611.30302561  31.64151108 169.47319426 215.90400722]
 [509.75659096 546.14923985 410.05350321 402.2729159 ]
 [ 44.18008898 775.35861306 150.18848494 470.73384775]
 [706.66280801 709.58378437 721.61272665 122.92086858]
 [475.89271464  75.47085347 338.80656401 229.96439286]
 [584.91860211 553.39711358 237.05042355 301.99752392]
 [ 22.99961282 718.91960858 669.53967306 333.13065068]
 [798.10338165 729.5590725  505.92132235 313.40521812]
 [487.94824834 338.36970461 300.38561724 306.45406462]
 [411.38399759 305.89011025 647.06035316 594.16547512]]","[0.89106357 0.27599789 0.90131792 0.99077603 0.37341383 0.67134594
 0.53332579 0.57466582 0.26086431 0.81532535]",55,2025-03-03T23:21:50.589560
10,0.9132047990923862,"[[307.99378181 707.03962301 698.03837804 684.73364968]
 [590.9978383  283.23322526 144.32916963 378.9931749 ]
 [479.2897997  442.47695201 576.68517106 401.34352591]
 [ 13.82969034 785.79001739  21.25895171 582.15245153]
 [252.48626206 205.64036431 439.80631758 528.05253562]
 [395.6282322  125.72972317 343.76066171 573.17336422]
 [535.39956559 531.86942168  92.64556207 146.14651042]
 [338.66706387 708.57844594 697.93378041  55.62802436]
 [191.70601677 511.72767233 495.08582446 397.02274538]
 [360.70392164 167.83461963 170.13332742 237.95060177]]","[0.57929687 0.67265956 0.92035308 0.79960924 0.86634249 0.65144321
 0.97006444 0.36112757 0.41323882 0.56278866]",56,2025-03-03T23:21:50.596447
17,0.8195368889395149,"[[749.87255951 591.94765376 140.16545349 571.20515217]
 [343.3485252  497.55096217 527.29313854 320.33493624]
 [466.96541402 284.42712818 337.1953313  643.15397883]
 [125.30051684  74.18910039 166.04192195 400.54670377]
 [667.49663624  17.6826927  659.45947008 676.67012052]
 [179.51645209 516.40401157 684.13150486 445.59921072]
 [430.48667788  74.88825405 211.15013459 299.70353136]
 [396.86693364 635.01684066 477.81481749 706.91791093]
 [775.89091901 219.60540798 142.76060831  31.51726052]
 [527.3428137  137.44294421 652.09671504 322.58251175]]","[0.95421682 0.86095954 0.45206988 0.23239642 0.97866532 0.74128431
 0.84977572 0.60746327 0.25454527 0.4219771 ]",57,2025-03-03T23:21:50.604250
38,0.8600643944557496,"[[560.37591186 107.35414975 695.8648153  719.51487104]
 [757.1359681  421.30959782 479.20946398 167.89674135]
 [129.21801073 706.14123687 311.25478539 105.08677565]
 [636.57624785 131.32404256 652.88235118 693.95787355]
 [102.96747226 326.75189036 654.46708839 771.02462665]
 [450.41356547 391.37023507 403.34134482  17.75027496]
 [297.06532473 703.73507338 525.41945752 204.93946987]
 [391.79690157  88.54392159  42.27583485 699.49192326]
 [403.34479692 412.38398666 138.60322643 407.20816354]
 [152.780107   543.9025489  179.83081108 144.35583401]]","[0.86333776 0.11198072 0.68743013 0.47887304 0.64792823 0.38712294
 0.34852543 0.6185471  0.42765052 0.24987868]",58,2025-03-03T23:21:50.612252
20,0.8362546054349992,"[[378.16116327 658.338251   180.23905907  34.47283891]
 [256.80236591 502.36611582 115.844846   647.32354649]
 [244.47019561 267.4351565  503.35561367 492.59060476]
 [285.06495446 782.44832632 148.24738521 429.86858197]
 [417.67762189 704.25847401 402.81799379 769.87556095]
 [180.553137   521.70517066 452.23209672  85.37156562]
 [401.08680493 637.04723843 722.15132363 686.93805795]
 [705.9892567  618.46437834 476.75875193  94.37619425]
 [ 72.67970687 287.50681285 163.14746995 180.88093741]
 [607.23542598 407.95733503 503.63590261 648.27538387]]","[0.84150037 0.40314613 0.39878662 0.50915007 0.09886513 0.13045197
 0.67991429 0.61152443 0.52053313 0.77252812]",59,2025-03-03T23:21:50.619785
49,0.8075851974603235,"[[298.85538033 353.51597714 258.27635385 719.73026998]
 [438.54021467 768.59740678 345.45550062 657.45272099]
 [592.303615   490.02325043 435.94756629 231.12525403]
 [628.20290903  13.45022967 700.02923744  44.34692884]
 [229.48410048 107.72544917 142.68077931  30.1792206 ]
 [ 61.98394077 209.66978204 249.5445192  491.03640864]
 [586.88255305 315.98395996 727.55753495 241.52450739]
 [734.8713552   66.14675098 193.05594568  85.35771195]
 [383.53930355  61.06298605 448.22256954 459.07242492]
 [723.53240611 196.22938843  94.99963048 266.984818  ]]","[0.70194164 0.94215784 0.9876391  0.50716657 0.80364545 0.73824584
 0.88453061 0.12137827 0.81437526 0.46995626]",60,2025-03-03T23:21:50.627066
30,0.929374492236292,"[[609.63439248 566.08079538 307.65839994 214.10909411]
 [409.53002799 661.24936889 142.05763699  69.76849971]
 [636.14828606 552.14332909 643.48348919 136.62058444]
 [460.1728975  590.22975213 650.33103471  65.50980501]
 [371.76949247 263.17368359 748.76799554 431.40291916]
 [644.35219138 281.18349367 339.79885926 592.94173279]
 [526.92679511 274.1299045  120.14470624 762.43315919]
 [638.69062016 145.75308308 734.02054248  92.40914602]
 [109.84169651 289.27937851 359.75823841   4.22669692]
 [761.54557216  41.71047885 374.98973659 764.93090295]]","[0.32011941 0.05833396 0.73564961 0.55852825 0.43323284 0.39045292
 0.3901659  0.92706397 0.95960591 0.49645802]",61,2025-03-03T23:21:50.635810
15,0.8157797482027959,"[[ 57.65373245 360.36215543 703.86001743 251.38455843]
 [455.42276157 368.26807121 302.23879519 766.29860199]
 [ 18.21914603 472.5166928   32.17728198  49.9697434 ]
 [ 71.50636896 435.52982524 369.74873552 302.35221947]
 [681.62046761 341.68892025 123.74758595 112.7783528 ]
 [618.90706713  13.59559743 124.02666974 687.17857051]
 [ 91.06565982 427.35123173 247.9778204  448.42748641]
 [466.6016493  739.42018666 460.22211386 436.65251196]
 [381.41207183 249.22270955 342.94483228 248.00411951]
 [473.81903463 646.76405743 524.03592935  37.63802922]]","[0.10114179 0.917327   0.82340998 0.02399728 0.76982957 0.26120139
 0.08232881 0.90188528 0.9246039  0.91921   ]",62,2025-03-03T23:21:50.644140
42,0.8703609982732448,"[[763.1715112  723.56676565 423.46903901 692.57953282]
 [227.69481197 226.0540663  103.52551225 226.47621666]
 [165.12062168 230.61620106 472.12739949 328.56571428]
 [678.9196955  768.13152075   4.10309749 677.09156647]
 [604.18780539 583.30214246 436.66741142 269.59001217]
 [455.95811711   9.00011295 756.16025784 532.81771882]
 [ 96.84930502 131.05513901  26.35093613 163.3641418 ]
 [568.99661181 757.80552487 349.21463148 619.6830068 ]
 [ 71.01125833 756.53104276 677.52534656 578.43999802]
 [618.14385876 440.12985917   6.1385977   61.57205276]]","[0.86098237 0.40585014 0.29386647 0.94680221 0.09613971 0.69291883
 0.91041455 0.4100056  0.76383474 0.77333511]",63,2025-03-03T23:21:50.652140
27,0.9388876793884556,"[[147.84610674 108.48833625 393.23826705 428.15582994]
 [395.60640259 100.99525236 108.60724693 772.5476801 ]
 [352.79334422 503.07358624 582.62146304 476.00956345]
 [742.75922334 160.35708887 545.67054424 728.93388758]
 [266.78343043 763.70025426 213.81509615 638.77492655]
 [548.18048591 385.60301846 546.52103372 283.85911939]
 [374.32802719 191.65437793 748.60486127 676.15863813]
 [673.86950454 498.84041883 777.17975849 755.98088859]
 [345.51681342  58.47862401 570.75795424 518.5007461 ]
 [665.32006541 122.41470954 171.35394016 180.58854999]]","[0.73420787 0.30843719 0.59780935 0.81573602 0.13681403 0.01403908
 0.06386678 0.8096632  0.66612916 0.49151181]",64,2025-03-03T23:21:50.659875
47,0.9117713382816872,"[[ 12.49512459 717.39853537 792.70649459 121.29971353]
 [128.06265153 178.99393862 417.43735418 618.05352141]
 [234.55285032  27.89099074 788.46425702 738.91446771]
 [ 15.03243836 155.53471324 447.00305909 419.41042221]
 [140.75254437  70.71090108 545.23191464 587.03435731]
 [791.61110766 658.55317237 516.65847115 576.50705014]
 [183.25127525 694.23645377 502.53595656 799.60706991]
 [795.40907723 241.2010983  607.46967619  59.99732833]
 [605.98817395 771.37549849 634.23628434 323.18599859]
 [133.11707852 637.89753792 748.51358548 135.97797219]]","[0.81925383 0.99314269 0.23074528 0.13258409 0.47823261 0.84584258
 0.27237545 0.31894125 0.62446324 0.54114772]",65,2025-03-03T23:21:50.667555
12,0.8087195258387103,"[[599.5885267  194.24123035 200.5401979  661.39893161]
 [ 90.47089197 232.24426722 427.40339166 446.11813593]
 [253.7894199   34.12917106 226.87652851 268.06562743]
 [ 15.48640359 531.64811138 173.92994422 256.65545266]
 [690.59044647 482.90519959 598.05607573 676.61728866]
 [ 83.68509414  81.67561692 730.3009955  430.11449289]
 [178.80515898 187.51768069 697.16340935 354.4827166 ]
 [373.09933665 102.64402079 580.88726659 515.83724988]
 [389.34938475 107.5670134  298.4567532  370.37759393]
 [749.50274011 731.8114849  733.49286509 357.32794505]]","[0.81385397 0.15259201 0.55727701 0.59822335 0.7931631  0.67502123
 0.45284655 0.20839233 0.40195283 0.19354342]",66,2025-03-03T23:21:50.674125
16,0.8714003727631541,"[[716.47800791 361.23526593 795.47854575 381.37993479]
 [642.89309654 787.08551359 424.24393278 750.91340233]
 [307.13460778 368.18981643  12.72135891 596.81697988]
 [406.01377636 154.10268365 784.15543246 520.31116767]
 [288.59436414 467.10640947 683.25633185 722.94884502]
 [334.38918706 621.51039803  59.44317156 569.7694047 ]
 [213.86530451 305.80999741 561.84594068 215.67855525]
 [205.42699243 459.01126286 722.25449923 347.89563558]
 [278.64421097 416.75078319 547.91505526   2.8870483 ]
 [540.05637176 423.07456587 241.73188721 248.13710511]]","[0.3095631  0.30982144 0.51658199 0.0773705  0.76426775 0.34196776
 0.14644553 0.79572028 0.01834366 0.71168285]",67,2025-03-03T23:21:50.682190
30,0.9245310959758225,"[[ 36.15862403 248.88018149 146.23178533 256.66804159]
 [361.67720244  68.5759446  296.33297346 461.29309121]
 [723.74585173 680.26687263 453.59403886 306.5743505 ]
 [ 98.19904318   6.22400608 184.75528695 430.41439224]
 [ 46.3303235   98.56781254 391.81966884 202.76328131]
 [433.95926722  54.80652387  93.23243222 616.7522336 ]
 [312.42414326 416.58233441 437.50106663 350.53898249]
 [789.5288264  351.03594684 439.02977447 632.41181196]
 [534.86729589 156.09232691 380.11168919  87.42833809]
 [ 87.76294415 624.31815203  15.60279324 508.19586451]]","[0.83425288 0.21739342 0.00894119 0.22886426 0.73510279 0.67101912
 0.61310784 0.0070036  0.41745971 0.85997241]",68,2025-03-03T23:21:50.688189
42,0.8284946551658712,"[[255.74534647 439.13120069 294.27415148  14.03168164]
 [399.08518816 502.33249109 392.89898279 533.09997669]
 [525.51798576 504.96759305 141.76965795 458.40703755]
 [444.04870823 266.43210487 259.67254662 772.05987164]
 [195.72168017 102.006202   306.56742907 187.4440273 ]
 [321.30869477 562.06747421 520.60376273 325.75356072]
 [320.76359491 493.2524283  563.99872792 156.80601838]
 [386.03813671  77.95731299 446.68911532 260.29724422]
 [238.41752733  90.11855102 729.12538799 671.1098061 ]
 [359.6915867  450.14563933 338.17578299 222.78735581]]","[0.28709078 0.21321105 0.98782194 0.29620143 0.95001083 0.94454032
 0.12338632 0.22694345 0.41273818 0.62788967]",69,2025-03-03T23:21:50.695218
18,0.8700696305458718,"[[273.58887958 366.86696929 373.63288795 383.47768781]
 [160.36772484 298.27761878 279.00003371  51.81858152]
 [306.98872318 528.20427011 513.67197457 245.97663462]
 [371.36300525 424.84379234 461.57216203 190.49367852]
 [732.6804107  557.18044356 420.90996943 694.09320627]
 [477.39691473 741.15779652 169.71366416 371.95576836]
 [675.84269848 726.8443021  151.59569843  56.48849882]
 [605.34020375  34.62074928 796.49730328 539.12564272]
 [178.57848642 275.59184625 239.75129178 798.12676372]
 [799.51676734  35.89692153 540.83281831 138.88541425]]","[0.20182917 0.34854369 0.97667745 0.1151491  0.51710641 0.48936556
 0.13356089 0.93284846 0.8165606  0.20826959]",70,2025-03-03T23:21:50.702974
40,0.8444245829808382,"[[617.57588145 526.70598556 521.35485989 255.91808429]
 [657.19341228 585.89453529  76.70086049 557.90122724]
 [584.07272159 672.53499883 381.27051602 713.31230317]
 [519.41268837 519.14966675 168.19309157 204.16312637]
 [773.87276088 113.37761599 685.09779226  50.2307878 ]
 [ 26.56367499  36.57459793 156.77308026 220.25910998]
 [ 99.80338138 742.2977949  192.88452613  87.44316211]
 [323.98828779 656.41925123 229.31567467 659.94146774]
 [463.79119522 689.8647286  649.94262736 103.61121922]
 [424.26017285 761.32869702 385.4185634  541.79030655]]","[0.35779504 0.67980867 0.52159397 0.13552623 0.98322374 0.0130504
 0.48701812 0.0120839  0.35490329 0.16369247]",71,2025-03-03T23:21:50.712082
44,0.8094261309847491,"[[730.65998306 371.03460909 225.96844539 594.03869438]
 [ 12.15133229 789.13886932  61.00013799 187.8434009 ]
 [125.93369594 209.72506433 107.67786842 758.94177796]
 [667.71004355 313.8296054  170.93046753  68.28705117]
 [644.68618984  18.8181396  480.18515258 749.11849418]
 [547.60491065 711.79488161  17.26368165 321.7616167 ]
 [191.04486643 399.64910096 184.73406086 396.03408353]
 [705.9842352  395.22284349 512.66648131 480.02103947]
 [563.17920874  97.50038519 774.93044063  60.47248495]
 [774.92713354 220.92897738 689.62796724 703.48327729]]","[0.10874874 0.73976169 0.14652836 0.59711762 0.74480484 0.37264961
 0.62246405 0.38113022 0.47039893 0.61539163]",72,2025-03-03T23:21:50.718397
23,0.8608945429667686,"[[684.91379842 234.7589303  311.33679627 212.2733317 ]
 [761.45554976 361.03190578 144.69983342 725.28753467]
 [526.04549494 247.60170359 169.54728788 279.08896758]
 [490.47018381 162.81563793 503.88462953 130.8510012 ]
 [690.25091885 703.34736983 482.913705    78.61432738]
 [744.88251229 752.7191322  302.44887143  93.95562027]
 [663.22705936 562.70845535 426.6644047  608.11034403]
 [443.10426704 491.35442634 423.03480853 315.66589661]
 [ 16.53510994 254.75207524 705.79144386 208.04784659]
 [ 18.54777348 214.10958339 770.20107723 682.59823265]]","[0.03507307 0.93762292 0.75069207 0.24957834 0.2977699  0.30255633
 0.16078951 0.17949106 0.31422586 0.82679939]",73,2025-03-03T23:21:50.725241
12,0.8039213040920902,"[[525.53602706 343.25067415 489.92571139 362.60455974]
 [259.94106001 332.00627158 480.40533579  69.45999688]
 [709.41337195   1.56963691 449.87534096  95.34430019]
 [286.75787113 148.94599565 526.37679654 726.34080666]
 [490.94204915 212.71785694 600.55133419 537.33838984]
 [536.47058303 507.44346561 645.72212315 160.66011637]
 [363.26964575 739.27121017 682.07860512 475.65347771]
 [622.97923447 462.90569668 451.02965006 290.80133652]
 [  3.55065454 192.30686932  64.30787229 210.45411508]
 [387.59642298 532.49704154 278.6696949  502.63273012]]","[0.47263071 0.98511338 0.36009619 0.06354754 0.4020378  0.1514032
 0.88981594 0.62126336 0.83199376 0.54475541]",74,2025-03-03T23:21:50.732411
26,0.934580881635686,"[[500.89602711 185.5667356  100.30791341 416.8654901 ]
 [171.43198565 399.10094035  30.71798827 511.38135004]
 [492.756827   308.45840653 274.73159162 371.08057479]
 [483.59441237 493.19971454 120.94799917 538.5982424 ]
 [749.53198342 149.86210725 599.04836185 277.07651834]
 [145.02689746  10.38338267 225.27164895 500.11288878]
 [111.88896273 693.68217712 414.71654735 379.3096025 ]
 [395.42750443 455.6312718  167.68995182 214.6957056 ]
 [652.86538556 790.71477406  37.52031386 475.40582411]
 [415.79666852 631.31857981 659.42408992 167.95652098]]","[0.38568578 0.30088981 0.17090889 0.98609023 0.56894307 0.78964247
 0.17948859 0.29883111 0.81675781 0.52356403]",75,2025-03-03T23:21:50.742504
43,0.8194292935965775,"[[680.7298217  265.29163783 562.92136117 586.83901536]
 [272.71876099 561.37293389  23.74497399 729.70593218]
 [242.69320997 161.35715002 365.43936861 319.24467704]
 [230.33430782   9.47662068 549.66026609 410.26506881]
 [ 46.88933968  41.69059128 588.1944252  635.57880057]
 [633.08011929  93.23763668 518.95748638 155.63505128]
 [714.51113792 337.138673   572.54563984 300.07414448]
 [ 91.79097765 595.27253525 770.9340923  496.20936899]
 [ 18.8369529  188.39378502 305.58859772 713.84753634]
 [566.80670792 663.05639518 124.70702977 266.43090768]]","[0.58426409 0.55198375 0.58192338 0.99704158 0.49122144 0.75050483
 0.08315714 0.62473912 0.04507563 0.11819607]",76,2025-03-03T23:21:50.747981
42,0.8849004727389731,"[[168.60368886 481.00717123 529.71381445 467.04704579]
 [ 49.31837302 728.20790935 738.20986803   9.70545346]
 [ 13.53770025 276.97219863  77.36363431 136.1722073 ]
 [433.95849696  51.57127528 542.34760556 441.06875627]
 [295.00295751   6.11203836 156.12102    662.16095862]
 [100.97177259 601.5940901  478.37386602 514.52519357]
 [  8.78319083 129.21637147 242.01781912 617.68283009]
 [582.82515225 193.6971672  160.66401902  96.8371059 ]
 [306.72747153 115.62791045 717.95298    652.51033668]
 [646.66635793 248.3774773  107.34554046 643.90986463]]","[0.11535461 0.61663802 0.57506648 0.80158208 0.56925205 0.54712945
 0.46408214 0.81932763 0.20001668 0.67295522]",77,2025-03-03T23:21:50.756576
36,0.864251443478423,"[[746.8762067   90.98228257 544.17265564 760.85392003]
 [760.47183258 481.81142144 331.33505167 394.18771547]
 [654.68028613 432.05893322 336.98385538 465.76832945]
 [218.79903556 558.7727727  314.45283865 609.4675682 ]
 [647.94171632 348.17868172 262.56026954 763.47490566]
 [300.74201939 535.50022894 292.09894738 371.21903164]
 [277.45347607 528.30403256 710.19536169 704.11848739]
 [360.71520787 502.19257641 459.79646477 111.09657958]
 [182.39570638 134.34484819 292.27339318 559.89760417]
 [620.23972761 403.3971281  634.79790862 359.60361099]]","[0.35764085 0.29464831 0.00772721 0.28213527 0.52573438 0.05875069
 0.73129632 0.17126442 0.20601636 0.71232118]",78,2025-03-03T23:21:50.762863
26,0.8388774108455186,"[[729.42416537  90.13676261 502.24161708  99.14696247]
 [756.44847737 633.90241427 256.16100573 492.73332351]
 [793.24693731 505.01038691 663.82770441 303.14212551]
 [206.78085266 554.25992805 258.73159704 562.7115663 ]
 [579.47990286 200.03297191 351.05399299   4.78172966]
 [774.15245403 424.93655743  77.09498371 195.71394871]
 [553.19293933 359.39990284 496.89255057 654.84952153]
 [352.86757142 382.18635519 444.68315382 569.19015148]
 [740.8160816  114.95232379 284.45119662 348.99535377]
 [ 22.0047601  442.21048654   8.26504848 608.06529803]]","[0.54918658 0.33393544 0.17829003 0.24235952 0.13339869 0.60922855
 0.59185954 0.7306836  0.04667562 0.87077291]",79,2025-03-03T23:21:50.770131
17,0.8232051262611921,"[[ 33.12215949 451.64372994  44.73644206  49.17280367]
 [718.16215045 636.849568   495.20022485 136.11449599]
 [ 34.5627956  313.12281989 518.20441132  84.09493641]
 [217.82533918 466.87525486  86.84024305  31.18345831]
 [770.24514192 493.80788544 595.42829933 392.10812696]
 [587.69997675 634.57488015  83.86370637 417.66176939]
 [232.87035562 741.63030631 340.54219081  79.85833267]
 [360.16005749 111.04845628 464.83858796 741.96689236]
 [ 49.46409381 788.75515048  35.81549405 551.37455961]
 [766.86285016 513.33525462 122.7984464  122.78976781]]","[0.45859138 0.40491864 0.30808355 0.37926575 0.17718422 0.88681978
 0.5267732  0.76988222 0.15816652 0.06527499]",80,2025-03-03T23:21:50.777267
44,0.8226847956733789,"[[492.73960175 675.08982648 276.9482046  360.92863803]
 [421.89799547 181.29659646 491.93328512 749.4877925 ]
 [297.67471535 222.01445811 315.59680085 368.47306325]
 [536.74478222 286.23800041  50.23666508 640.51769661]
 [386.91325876  81.58347064 444.44447695 281.35616199]
 [486.63181717 307.54804835  68.05916268 608.21002373]
 [581.38255005 446.13378467   9.24790057 468.05369749]
 [400.45306693 380.713083   679.92692063 629.26371571]
 [494.85640903 610.0625405  557.25502079  23.43146162]
 [ 48.98426558 677.52196082 596.17012023 440.32710617]]","[0.02875894 0.92897599 0.16690806 0.30206065 0.64415955 0.11269452
 0.28913767 0.50043177 0.86501403 0.42396404]",81,2025-03-03T23:21:50.785374
28,0.8883344686698279,"[[779.05664946 742.24766942 604.43521072 795.99615751]
 [273.56586948 172.24007736  42.8224278  744.1512895 ]
 [381.1909412  444.98060945 647.52967024 456.71597291]
 [565.3723363   84.9480982  700.63298437 711.78496225]
 [ 64.31054765 131.07967719 447.7628146  469.48243541]
 [ 41.85700473  89.0399304  515.89521408 207.04983323]
 [578.80383902 106.27885648  36.71520616 543.71482741]
 [776.09866428 158.49428339 531.29084372 131.57787371]
 [253.69072207 400.13467739 203.36132504  92.43244982]
 [327.84096549 192.09386831 430.6086196  307.28500745]]","[0.1772923  0.40507198 0.94932276 0.60974041 0.80104834 0.25339268
 0.61527486 0.05342598 0.48393745 0.56815679]",82,2025-03-03T23:21:50.791382
22,0.84506583479667,"[[336.97129081 683.26217667 421.30614473 727.84591549]
 [133.07843402 688.80844569  61.52522722 227.32405895]
 [157.75055615 715.06303005 163.00536958 486.69720742]
 [489.56661534 731.83736349 522.18439901 615.42132576]
 [716.01038119 316.0105588  155.10645447 402.53634996]
 [371.35682409 267.55020425 400.48378574 645.67929431]
 [434.7867804  419.30242727 400.71223173 364.65524664]
 [677.76775838 456.14876748 211.60978061 118.16335174]
 [555.95121989 126.80438411 381.1813841  668.98617271]
 [311.88286332 118.61198195 244.11202348  22.49527031]]","[0.72536245 0.95336813 0.1032643  0.02760836 0.91834424 0.98625187
 0.16404443 0.46472582 0.92807772 0.21600509]",83,2025-03-03T23:21:50.798874
34,0.8227637948018643,"[[254.96674673 674.90687175 749.9854472   53.79589162]
 [544.06744855 176.78644239 425.86567138 530.19961248]
 [591.87873907  84.1476202  419.04705997 662.15052333]
 [715.25052919 776.16313043 123.47094859 532.30554721]
 [630.39062502  38.40565738  23.34051508 439.71892596]
 [  5.80337576 222.45221147 796.54680742 199.41105892]
 [632.76418739 673.12457396 595.12640977 792.88555588]
 [241.08095268 753.54532603 644.65176723 428.19660592]
 [149.70342401  37.94044827 177.25943178 708.47158492]
 [458.63089431 364.9758549   98.46029444 776.23424138]]","[0.07913914 0.33486325 0.48731169 0.73713483 0.64811924 0.2222865
 0.08925006 0.53536048 0.98059196 0.7325167 ]",84,2025-03-03T23:21:50.805266
29,0.816047230681365,"[[377.84716726 589.00552337 672.93305402 567.57677758]
 [ 97.03328285  18.97452979 736.54674784  98.2874215 ]
 [109.62820958  39.55185173 430.98750579 432.27490672]
 [756.78492957 702.88829822 136.80253762  93.50308478]
 [197.13227186 618.60269371 402.88879086 430.44806684]
 [402.14307408  72.23506103 705.86695609 161.23339237]
 [504.89202981 417.44089144 544.96120711  78.01603358]
 [564.94679438 391.95503069 116.09130593 166.0061452 ]
 [680.08740546 216.4439775  421.25432494 109.18698909]
 [624.51437028  23.08883468 401.79901733 675.56950371]]","[0.81075993 0.03957365 0.5473435  0.67164465 0.46185119 0.67239762
 0.07496398 0.08562029 0.47953086 0.82666962]",85,2025-03-03T23:21:50.812181
25,0.9265019738404897,"[[656.37308416 257.80185898 516.27052495 420.67193782]
 [ 85.56907209 470.3268399  506.29816621 737.20539808]
 [301.23140154 292.78893229  38.08326153 275.74216021]
 [345.00872678 535.6976019  205.98946906 587.28036435]
 [799.09095958 652.31828815 427.19833743 754.97640515]
 [259.62038534 433.97151951 728.42865133 383.41204267]
 [265.26170389 252.53013385 321.23443299 550.72410851]
 [157.0395489  201.96941363 387.73427164 344.70017455]
 [447.02012133 313.67357144 176.22443701 185.545763  ]
 [181.86486642 120.59178311 290.40509841 584.63956628]]","[0.50478579 0.9568826  0.78019896 0.93645552 0.74185245 0.99913443
 0.44787134 0.05740599 0.78186802 0.46384001]",86,2025-03-03T23:21:50.819839
34,0.8520882096986409,"[[529.96647253 666.8701724  168.93445746 632.62729842]
 [265.2857274  182.36178733 379.29544733 731.68458614]
 [251.24244524 765.19792565 651.08687895 373.35757856]
 [493.79969661 293.22197471 533.70295397 427.00749939]
 [ 27.1358105  244.84757799 655.49289329 743.89027674]
 [200.7937249  662.98202416 545.08574365  70.86304239]
 [  3.20357527 799.9989511  462.827225   686.84565791]
 [298.04566345 538.30843211 788.16389009 402.005034  ]
 [471.58350755 558.44196027 542.63817234 723.36750754]
 [396.49302951 221.71176494 722.46164494 421.1514076 ]]","[0.9500688  0.95333959 0.49900812 0.93633597 0.36092246 0.3253185
 0.35033317 0.26229835 0.19023887 0.8370988 ]",87,2025-03-03T23:21:50.825917
48,0.9452770318210882,"[[ 67.15683436 799.11106961 503.63786557 588.26735029]
 [679.01127864 137.2736584  327.72061916 103.48180096]
 [565.69669415 603.70543065 278.3344486  146.0322426 ]
 [ 32.77002499   8.17164968 127.42791781 546.25764959]
 [347.15108411 295.26009048 263.76678778 180.73409564]
 [262.83321286 777.67993159 257.49509037 765.00782714]
 [673.2455031  171.70146653 688.86419493 407.29991204]
 [462.56072554 294.88194701 279.1627983  482.73450616]
 [  4.21556873 181.84134188 478.3276567  118.62113613]
 [121.71156824  11.3937793  375.34833121 326.95258754]]","[0.29572506 0.49277883 0.4582061  0.93551181 0.57310249 0.16644653
 0.04466711 0.00606667 0.71812429 0.23470071]",88,2025-03-03T23:21:50.832931
11,0.8406895278851333,"[[744.51203675 620.41262787 108.56655596 395.10852762]
 [160.33674266 727.92573487  10.7496994  645.70264072]
 [436.15860252 149.21376388 278.53287745 212.32459846]
 [ 97.29329425 408.37236436 359.49630787 697.40078156]
 [224.75823654 437.64562325 624.48390516 714.02452647]
 [116.13490784 206.28672231 519.78640315  26.79483061]
 [551.51276074 119.67399113 301.06268227 235.63093531]
 [401.77815661 263.6874867  682.49200663  14.44017627]
 [233.68240699 447.11977366 452.2619771  269.51372635]
 [457.74319109 216.87426242 723.11881497 104.3862646 ]]","[0.51388421 0.57474129 0.25520756 0.67249851 0.66668052 0.93757118
 0.37682384 0.42216184 0.28953463 0.95416271]",89,2025-03-03T23:21:50.840322
34,0.9138822327849269,"[[648.90941876 620.4290153   51.95692437 697.5354863 ]
 [780.07293519 667.80944572 537.40058687 100.68496971]
 [737.20091379 781.40436417 649.06780595 160.83567324]
 [500.68900246 494.53493035 164.90903297 218.27036354]
 [583.32188579 515.89497977 175.52029707 667.46371733]
 [ 83.90601599 304.32052547 682.24784943 294.13764851]
 [368.9416247  585.44931117 210.07881198  78.68486192]
 [334.83959112 215.69173648 229.12496828 238.83402417]
 [506.3955541  591.57791246 660.90619269 526.81985708]
 [ 54.5280293    4.72946246 316.53675605 790.74255241]]","[0.94047141 0.17902507 0.23430264 0.1246153  0.74802014 0.88330699
 0.47212266 0.09921143 0.88610245 0.18714946]",90,2025-03-03T23:21:50.847836
28,0.861479436396663,"[[497.72825152 310.02860019 206.99063271 543.29277615]
 [599.17011757 797.27110461 353.82544471 204.41839367]
 [207.15930763 252.56779209 536.93314106 387.61824671]
 [475.4968252  571.25110501 536.09108136  27.47796098]
 [445.15682748 355.39848247 680.90919444 520.09279268]
 [506.95956889 488.99593286 466.59124063 753.09899086]
 [434.63215573 311.00550572 443.39094093 316.25039568]
 [ 13.77494003 635.80956087 647.49933852  55.04155163]
 [455.04364317 177.16174201  89.76664018 417.33606575]
 [658.32822307 419.34847898 487.44821189 473.54064721]]","[0.05218284 0.8947054  0.44710837 0.32423847 0.76920237 0.24697108
 0.56312584 0.68607367 0.02293533 0.56926672]",91,2025-03-03T23:21:50.857310
20,0.917618915332946,"[[133.03885149 302.73179248 376.9822248   84.02265252]
 [222.45829384 262.83696469 644.74866523 101.26741799]
 [ 43.40652055 635.53430127 686.08317067 422.08752584]
 [294.54067916 178.97337325 132.05390337 727.71366656]
 [268.29369641 505.20539393 140.22443589   8.66312774]
 [600.72562897  53.08360838 698.37443387 415.87326953]
 [583.56788257 415.62059282 185.4209317   30.42007838]
 [223.23869923 647.48486862 657.0111874  558.02935178]
 [654.76756072 745.4221788  317.15265426 122.81405235]
 [295.30546912  11.34661183  51.63337403 332.0435558 ]]","[0.68213897 0.93387376 0.62134371 0.08425949 0.86845866 0.08519811
 0.67818673 0.37408262 0.5397049  0.78186826]",92,2025-03-03T23:21:50.864017
27,0.8516670416091399,"[[316.04786789 240.50865713 533.95313428  62.49534452]
 [ 30.05742215 396.02756324 572.57003229  69.25966072]
 [686.51079366 622.79350456 379.09415746 555.38788482]
 [157.95742532 164.15131691 630.65092651 580.85143595]
 [728.92333593 632.97295412 556.25317946 682.80005368]
 [460.55559335 387.07719742 214.92389512  37.9800163 ]
 [350.83645556 462.78697941   8.92755878  22.04586814]
 [ 17.41294806 565.12418764 191.35453787 144.40298467]
 [438.40563832 627.60945214 304.67949555 258.18171815]
 [462.6047594  466.23341117 121.29672614 163.67379137]]","[0.50748631 0.52150273 0.55766872 0.4755518  0.41629145 0.41765265
 0.04360574 0.80630641 0.47216556 0.05389283]",93,2025-03-03T23:21:50.870549
16,0.8070428413778966,"[[686.99670593 760.75921318 607.36499609  86.83111848]
 [484.55544837 349.71603573 322.71165317 506.76172266]
 [769.42362422 309.98491187 203.66577045 307.59210321]
 [ 14.40324298 475.82989659 288.38853039 212.85127351]
 [164.98707647 332.42389424  35.85975821 583.73196824]
 [727.38658597 481.03619915 784.1224003   38.17532944]
 [384.95464751 321.11674918  35.2659807  289.10697916]
 [282.93164336 399.99818606  66.24851076 558.1971902 ]
 [354.97358946 409.87159084 472.60305682   1.96881611]
 [630.49119415 526.29822856 340.83741439 615.06853133]]","[0.29321492 0.64475767 0.76753665 0.50679111 0.16766949 0.68584403
 0.82593596 0.47230464 0.8329477  0.4217261 ]",94,2025-03-03T23:21:50.877066
35,0.8027202358625035,"[[798.57465618 132.8328639  575.57289191 773.84434849]
 [459.45161019 300.73588387 505.87794805 605.26192493]
 [482.11017938 703.44041734 242.55524653 680.25364726]
 [617.40362716 461.50621464 724.83396948 259.28390898]
 [667.06570484 536.15780493  13.81851431 209.89621733]
 [625.03590244 395.33438593  39.36719401  15.19673062]
 [188.00755968 204.15024721 790.88998069 734.28699113]
 [226.20858125 282.1921823  589.3929135  429.01498472]
 [536.53386141 129.54938607 493.57129159  18.14185812]
 [723.10680824  32.12816379 429.32486386 681.21475687]]","[0.08494425 0.6624116  0.66671346 0.58045614 0.34013152 0.07983428
 0.22847244 0.37259953 0.96062567 0.37498593]",95,2025-03-03T23:21:50.886382
25,0.8605202958771652,"[[371.18835967 366.58421693 776.7827672  755.37258011]
 [199.42156192 713.53426809 468.23012537 112.69911928]
 [ 56.96121975 317.31964503 342.61941048 183.42737397]
 [255.51626318  88.35283782 326.09900395 333.80524426]
 [318.77552463 463.91714361 773.77881471 316.59644237]
 [434.90894971 474.12854215 479.31959528 709.52912526]
 [252.59684501   2.01654508 503.0827129  236.45938774]
 [779.97292302 390.30786025 125.30943889 242.31185812]
 [513.11214977 657.17786575 672.01206595 750.50515275]
 [341.13274472 117.58628806 666.54651657 761.65500869]]","[0.03323998 0.34735527 0.49153569 0.59019355 0.01537879 0.77378652
 0.90891631 0.52484337 0.37355086 0.38717813]",96,2025-03-03T23:21:50.893637
10,0.892193910766989,"[[274.41337001 375.61341531 767.30883465 611.77237012]
 [288.14995476 180.87603582 452.00191407 538.63634624]
 [298.76852819 229.91802652 464.59193153   1.40411928]
 [443.0488401  311.41241791 328.01074318 196.19162623]
 [742.5176115  664.10690788 315.47333859 583.55569731]
 [368.95549442 691.10442226 645.73941062 684.5569989 ]
 [584.25937422 161.69765215 751.75436709 699.46200213]
 [195.24413115  42.97460432  86.3397428   18.61190097]
 [521.61517109 287.95473252 384.96923236 284.59078515]
 [761.95386597 775.26428074 330.5378467  125.58024507]]","[0.71793035 0.22869864 0.8434914  0.56576973 0.00285028 0.66413431
 0.90371271 0.42286924 0.21193146 0.16128702]",97,2025-03-03T23:21:50.900414
29,0.9005295073713911,"[[212.34527652  24.20366237 745.63583231 447.48752066]
 [ 71.30711714 382.0686228   37.98321365 697.94560414]
 [ 66.36160143  89.48379961 416.57815214 543.46534259]
 [698.63240814  42.06651058 578.13795297 507.01176316]
 [670.14420667 112.38794867 785.29874816 319.14036014]
 [545.16863026 623.82296973 185.60398713 106.94151528]
 [435.62670542 245.04942168 296.97766852 253.90712672]
 [142.33430012 439.01249332 221.20459828 700.44436877]
 [441.10251377 309.93269517 510.66128648 559.56627153]
 [ 95.97946913 788.48951208 613.9901481  200.93454289]]","[0.68523583 0.96363802 0.59087503 0.5797975  0.16462461 0.86153295
 0.20428445 0.75142817 0.26364968 0.03795392]",98,2025-03-03T23:21:50.908011
49,0.9049390561519407,"[[ 83.61591    678.77089725 487.32367836 759.90345688]
 [647.09412778 513.96251605 221.04917616  26.80102033]
 [477.99253183 191.74693072 309.68488294 108.84583416]
 [152.27038004 286.51824623 191.24060149  16.96625244]
 [ 85.79275425  96.67904634 181.67944638 435.40948823]
 [216.63435746 596.19937811 579.30518854 601.26641766]
 [794.59032702 495.64916168 664.94012587  31.3846759 ]
 [704.70322921 191.26491495 328.65120592 176.55139261]
 [463.02091171  21.99076126 326.27806517 595.79340918]
 [582.82466644 576.74131327 137.15287007 560.90453427]]","[0.14267449 0.00774337 0.91405762 0.3168483  0.84614317 0.30090785
 0.54873389 0.4417781  0.78686561 0.54670994]",99,2025-03-03T23:21:50.914717
25,0.8111009040895685,"[[426.59951221 484.95582088 237.74368164 508.79788652]
 [325.25518708 795.48555327 366.13239571 161.28670398]
 [288.97204561 265.86369165 788.10901184 425.02140061]
 [305.94569645 231.34075464 407.46588936 424.79852837]
 [435.28124699 194.21065773 352.8428683  322.92794796]
 [177.39023978 113.81872032 612.79152066 230.7000129 ]
 [ 70.80040654 401.06529539 117.90151723 244.52408485]
 [ 98.98153949 653.32581039 774.3538928  436.82971383]
 [629.83115421   1.55643162 662.94357405 257.26259941]
 [ 76.4251969  303.23284269 597.74339392 422.07212967]]","[0.12528191 0.44207648 0.75810747 0.98826059 0.98169987 0.13905306
 0.52876954 0.92013492 0.49683148 0.95162156]",100,2025-03-03T23:21:50.921369
40,0.8848367835828885,"[[503.57517464 727.10233501 579.93421591   9.37388465]
 [618.22321886 615.70090355 673.07126659 293.61810234]
 [438.49586273 173.61135389 290.95069637 548.47532539]
 [613.2213348  716.00411921 402.23661054  26.65304113]
 [ 69.63636137 220.98424723  11.87228965 789.73032853]
 [263.22857767 279.78084319 256.29793602 377.15529062]
 [ 24.56186922 586.63032358 173.19744964 404.11339922]
 [503.00746121 182.33337071 373.95792914 729.53218181]
 [218.89534612 114.63439763 580.0529702   83.49661792]
 [732.40940119 344.21801008 150.62048585 782.10257531]]","[0.38736122 0.22013497 0.33208716 0.65521986 0.91348948 0.76234916
 0.41789766 0.80013012 0.49400404 0.47064257]",101,2025-03-03T23:21:50.929618
29,0.8262412278072675,"[[163.1617538   50.81596186 668.72745612   3.60410763]
 [257.19486345 443.71363925 181.81996822 509.64749737]
 [656.63125124 212.50048549 393.15609513 754.16825552]
 [359.31333192 784.392653   790.19326134 771.42653965]
 [351.6382284  487.28906429  40.90887677 393.44604707]
 [643.31294794  75.84481917 170.06869717 401.92301213]
 [506.63007611 598.67631199 568.29476516 368.01002362]
 [334.90789832 729.46276742 772.8574699    5.95307574]
 [442.79283356 298.53140432 757.3711785  133.9422809 ]
 [718.29428824 562.78746118 525.04059191 755.08736805]]","[0.18520458 0.16200803 0.70211906 0.14630089 0.23022722 0.37464758
 0.23654311 0.09114335 0.34344466 0.81285061]",102,2025-03-03T23:21:50.936976
41,0.8615455558628139,"[[505.38879346 262.13020316 359.75818855 481.81020172]
 [ 56.7450389  520.72458276 613.52447851  93.9666803 ]
 [470.26638934 733.6821571  172.42921514  85.2398467 ]
 [291.11888001 660.41464827 326.28889463 477.58251618]
 [235.48771423 347.18873495 577.30912591 532.12314683]
 [573.86376343 546.08206225 383.56655712 533.58045895]
 [ 64.0871323  572.65076385 742.20934827 602.79399342]
 [774.97150847 553.50967939  99.05473497 376.92920074]
 [577.47873447 554.73656533 134.4080976  584.96792525]
 [278.2482542  472.31623054 212.77279274 536.09665832]]","[0.33270268 0.62707654 0.01170577 0.43325313 0.31764262 0.6060924
 0.28964196 0.88116191 0.08203847 0.35750916]",103,2025-03-03T23:21:50.944097
23,0.9406084887669333,"[[498.16246887 362.10826235 643.25121111 660.35064608]
 [541.89924362 205.16884026 251.12251636 154.13385402]
 [797.65519734 161.09661101 661.87785209 755.33097448]
 [ 91.03191271 715.07609919 358.2346528  189.26260154]
 [724.56732706 110.65737314 205.52937267 350.79170776]
 [111.8841954  297.46646133 257.64487297 113.63029512]
 [598.70613156 787.61301121 268.40903165 379.86769766]
 [ 96.90369532 582.34836035 463.08054655 103.19593921]
 [616.99976082 292.51562878 486.74566639 241.40561255]
 [453.95758594  29.77473468 234.96563002 175.26447683]]","[0.85141876 0.89497032 0.41894045 0.73358085 0.15882682 0.66984518
 0.15073399 0.36939478 0.65146048 0.54079147]",104,2025-03-03T23:21:50.952006
41,0.8492139113016897,"[[661.39348526 631.5703014   99.72261968  46.92913883]
 [165.61074944 791.03754936 242.08274454 283.3939655 ]
 [458.64150495 302.18395979 654.10572182 744.77729144]
 [329.57422323 120.51030013 693.49030549 397.04899985]
 [520.93790612  71.35601379  19.15925652 245.61268608]
 [342.42142317 139.36834371 458.82170875 100.13102945]
 [629.32943432 754.55897563 249.71606315 228.71137811]
 [762.56557536 477.08751296 235.32497288 539.16303268]
 [286.61023264 559.63651089 608.49948506 591.16436334]
 [270.97737151 534.27311169 321.89856807 671.20694037]]","[0.75960685 0.42673276 0.74221612 0.79614339 0.85875244 0.34849045
 0.50979456 0.03900174 0.98252719 0.3703754 ]",105,2025-03-03T23:21:50.959265
15,0.8216614685495128,"[[295.26625745 320.61252429 591.17354534 521.81216917]
 [ 49.84175521 557.6784905  218.88872663  97.42301177]
 [157.8354577   34.63816503  29.91914779 665.08580223]
 [ 46.20077862 459.4944936   69.36714482 102.29567532]
 [569.66754948 317.16673291 784.82958621 318.79047408]
 [161.65601016 215.13903311 616.94836943 263.79930192]
 [220.15070503 519.93059347 580.69435967 237.23238663]
 [ 57.29358678 747.11314136 471.40375321 709.60821825]
 [787.56050559  80.65339328 130.81198182 190.42511604]
 [398.3848769  212.80766956 265.84959019 202.73457888]]","[0.4843304  0.68390343 0.50101099 0.36589998 0.37929639 0.83580248
 0.617754   0.23263642 0.81101153 0.2908351 ]",106,2025-03-03T23:21:50.965917
24,0.8596626686798757,"[[550.63780728 667.17304109 545.77013858 701.0945026 ]
 [535.73292629 507.83530627 666.74058315 576.34051721]
 [281.85611165 495.69630132 305.26896643 658.6584372 ]
 [363.75534622 777.14817806 633.16510328 375.12127424]
 [415.67088953 386.3016028  179.80121581  62.06975677]
 [697.5603226  571.65910201  44.50649375 547.54271386]
 [696.77314107 237.6595032  715.70079983 184.07717638]
 [787.13829887 346.76566975 242.31951317 501.250342  ]
 [684.95675436 748.10368358 650.53892522 280.16598354]
 [236.1251848  237.57283293 567.16981538 466.39543006]]","[0.39901809 0.6240754  0.116102   0.72731614 0.00776861 0.29140846
 0.39038486 0.01402944 0.92311288 0.17385702]",107,2025-03-03T23:21:50.973820
15,0.8818489773141996,"[[539.64044487 640.50578572 639.97946213 648.75923865]
 [ 99.19000091 204.86367759 789.27171825  30.39267617]
 [565.81973979  43.30516652 220.01379648 130.13250564]
 [613.84666462 737.1226212  386.00767758 401.67846721]
 [523.39156699 748.72580132 129.11949637 359.79848843]
 [568.25203684  64.12830797 443.46989939 124.62522242]
 [768.42913399 640.32710943 504.82244814 556.34874162]
 [714.06499492 542.86990824 555.42293537  59.22886032]
 [689.19351203 242.49841075 729.19463954 790.04343371]
 [671.10951417 617.55408185 561.87597485 570.4460795 ]]","[0.22378005 0.96472653 0.8698454  0.62787836 0.76532062 0.12795437
 0.79313689 0.14259563 0.68440648 0.74878316]",108,2025-03-03T23:21:50.981479
44,0.8813204565167043,"[[761.62850364 137.13929536 399.91023138  25.94337573]
 [473.79362232 621.12091862 290.60076879  11.7724122 ]
 [297.73650437 385.42529707 551.83311817 334.5001512 ]
 [136.89633317  80.350961   580.57026172 781.83298274]
 [382.33119464 531.19087035 278.5322312  182.57511479]
 [696.27845166  91.8977258  362.32310276 760.86222193]
 [589.22516962 108.02101692 344.5218875  505.48419196]
 [ 26.31956435  32.04605195 772.36661     41.86100738]
 [260.51368802 302.04650556 606.98590995 766.40640773]
 [529.1106544  319.58937559 425.08237739  89.93417318]]","[0.84216964 0.43347117 0.14020896 0.55462279 0.42014571 0.02016768
 0.92654537 0.55626229 0.63799272 0.91339678]",109,2025-03-03T23:21:50.987986
45,0.9152051503410494,"[[4.46328002e+02 1.51746318e+02 4.15538035e+01 7.66822402e+01]
 [4.62891788e+02 2.14771229e+02 6.01837829e+02 5.26083799e+02]
 [6.55664775e+02 2.20520516e+02 4.94348295e+02 4.01222398e+02]
 [6.50091688e+02 1.04332329e+02 5.28976443e+02 7.78815139e+02]
 [7.90174297e+02 3.12369821e+02 4.25559353e+02 5.66818259e+02]
 [1.46566148e+01 7.84072204e+02 1.44640354e+02 3.33041529e+02]
 [3.44451343e+02 7.93260277e+02 2.41276880e+02 5.43969857e+02]
 [4.12532769e+02 2.36652340e+01 1.70207052e+02 2.04099497e+02]
 [6.50994781e+02 6.64593237e+02 7.57109981e+02 1.72414344e-01]
 [2.84744471e+02 1.82518218e+02 3.77282409e+02 7.15600489e+02]]","[0.6381607  0.74069227 0.84339212 0.71875573 0.82713385 0.77996964
 0.33521972 0.63130248 0.54497933 0.49501183]",110,2025-03-03T23:21:50.994492
34,0.9395427301819803,"[[572.42276304 784.27152475 481.83685537 396.3321362 ]
 [688.14922283 796.14708937 430.11454628 633.82181374]
 [110.70651883 763.23990601   2.84929972 332.72738507]
 [218.95244669 328.13545827 528.09336856 559.18752629]
 [747.25444177 101.79026298 121.52606815 384.91280189]
 [799.30555548 603.04306044 334.11943418 547.68482371]
 [232.53665413 668.48848028 472.15893517 676.56974534]
 [109.85179962 517.8980521  498.19464942 637.2496499 ]
 [437.20646976 462.62068882 100.10416346 781.26407022]
 [252.02194054 424.45171885 413.76265625 345.98754968]]","[0.97477835 0.71763818 0.24580886 0.64862281 0.70647209 0.31087764
 0.32251222 0.2141142  0.16680153 0.21437084]",111,2025-03-03T23:21:51.003669
18,0.8168470136150889,"[[ 99.2104474  433.68142039 659.81914297 448.5587243 ]
 [468.00805165 303.81263585 250.15623465 722.82796506]
 [173.03782573  58.3187179  211.83023966 217.86440531]
 [101.65270218 137.03519756  43.10523825 116.10775322]
 [529.78999769 782.41976959  81.01595475 695.5843433 ]
 [226.35536599 120.67360589 673.92884188 336.02629896]
 [448.5769304    6.75568644 328.776468   406.70014255]
 [353.05933844  79.56317838 320.60563822  58.24615463]
 [537.3222382  778.67836108 738.92268951 255.81709292]
 [611.42859919 609.09158036 700.37621616 626.53931936]]","[0.6420924  0.12139656 0.34351701 0.54771067 0.76297126 0.0093426
 0.4493723  0.91318168 0.2160024  0.39859689]",112,2025-03-03T23:21:51.010679
39,0.9126418141113093,"[[541.35131091 382.01491072 651.86892971 308.04718063]
 [453.58354515 699.20486227   5.62707206  46.15919087]
 [258.16934239 139.5957907   77.36843447 148.05214155]
 [476.77678817 596.5801512   87.38823365   4.70335324]
 [675.94618551 291.7279276  215.25573862 415.965817  ]
 [557.20885387 746.92791149 408.92517962 518.02941282]
 [  3.02896447 256.88332941 649.21510302 747.7436344 ]
 [525.5435601  130.76883434 670.52770903 443.10385146]
 [604.55782155 257.20793337 164.71543183 273.77424917]
 [ 93.00065759 373.68503586 266.30920895 149.76388917]]","[0.62477105 0.86976072 0.89846645 0.6349261  0.49110339 0.37975199
 0.89518025 0.86730816 0.98124443 0.46163305]",113,2025-03-03T23:21:51.018882
33,0.8227511340406087,"[[271.45408206 101.69361916 277.6417977  334.91001579]
 [611.70120428 553.79373976 152.82724381 504.97032704]
 [624.91440529 702.74178324  52.93768059 350.92212279]
 [ 80.94251965 635.61907854 244.30521373 384.49563418]
 [365.25192609 157.06006587 299.49192211 313.97939348]
 [330.44898049 623.49585137 532.99967138  55.07718456]
 [336.33593749 142.29737976 433.18931529 337.4916056 ]
 [125.38769154 247.53303971 528.87813875 287.33722927]
 [787.22132102 698.30136432 741.83184949 175.23500946]
 [566.50688256 677.90811143 649.35561035 209.75817325]]","[0.98611032 0.78622551 0.57616904 0.12944769 0.47370955 0.99793389
 0.54717896 0.79537732 0.04078638 0.4261455 ]",114,2025-03-03T23:21:51.025471
22,0.8553533345647265,"[[789.4984285  232.58700615 247.70999765 715.84872149]
 [569.15206516  22.02983735 389.505407   455.22267865]
 [710.82846407 606.70605794 682.12639718 461.97063296]
 [783.30472076 115.54551778 320.32470111 494.6604778 ]
 [313.36625759 187.78410384 563.8050163  253.06303265]
 [569.06675718 406.45432385 500.97234543 217.66601499]
 [107.76125505 512.25598371 696.30229738 739.2729591 ]
 [155.80256257 439.03674702 157.86622047 719.97967589]
 [644.89173    645.26541699 159.40136409  51.61282005]
 [ 28.2216535  711.19326953 525.63859674 607.64013202]]","[0.32429418 0.58973571 0.88379041 0.04549979 0.1638243  0.70799588
 0.68599431 0.94856831 0.93818257 0.10784365]",115,2025-03-03T23:21:51.033016
22,0.8368695708242337,"[[671.05707754 594.84141512 213.14751248 631.82262362]
 [ 66.84734999 692.70294506 355.54249262 161.00857806]
 [570.88998307 744.64876412 319.98677383 632.33009749]
 [ 56.03138189 606.76023009 340.43839185 238.61813374]
 [648.21001864 445.82259907 323.64795626 439.19500612]
 [302.25445191  36.82243475 649.5172321  203.41768462]
 [482.70777067 636.57823387 296.00167352 182.84142795]
 [556.21568903  54.33288724  29.95893045 408.10265179]
 [190.92531294 292.43478781 150.9871269   91.59889053]
 [670.14217243 577.36406095 762.13467461  50.22068788]]","[0.699578   0.27179371 0.44322879 0.15497125 0.68054992 0.63761003
 0.61627063 0.06370298 0.44551146 0.37205469]",116,2025-03-03T23:21:51.040229
45,0.8090778847026544,"[[383.41649146 738.72349858 301.95106704 718.0487307 ]
 [377.06270797 278.96624053  25.63099018 349.0120978 ]
 [ 36.60242163 651.6466824  185.15842287 552.88395079]
 [572.80680613 682.69419997 422.92115825 705.2153908 ]
 [189.88189675 125.1518811  358.85830505 469.29918744]
 [299.53397587  82.35121016 261.75928761 156.3213795 ]
 [199.66609136 776.41972142 472.82104672  51.91592849]
 [123.27035016  70.64792214 706.45603803 595.61150161]
 [ 27.7594941  752.81423059 205.91755951 426.00025376]
 [546.32696111  35.58215142 289.7997482  312.43206889]]","[0.48681906 0.85832279 0.38595922 0.01385771 0.04263091 0.2947842
 0.64795009 0.58517649 0.2966457  0.70346233]",117,2025-03-03T23:21:51.046785
23,0.8474084984760029,"[[ 82.38371264 209.42672815 303.48815897 743.69601639]
 [286.52414936  99.37017298 462.71237256 172.6476387 ]
 [  7.81491087 264.40781514 153.50400229 505.93745315]
 [113.52246971 786.48756162 209.82059302 641.72780782]
 [471.75345125 536.19326144  92.34516819 297.49420535]
 [159.08059599 591.53298939 218.68709893 684.20116379]
 [714.14639966 225.45209333 440.80580322   9.75128516]
 [231.00143717  16.49432481 728.97411935 571.97219692]
 [294.59570675 565.64673742 364.32704897 480.95214572]
 [117.31623018 415.50516181 556.86506457 395.67695061]]","[0.03317394 0.41142514 0.80408909 0.41263663 0.87665149 0.3901502
 0.44560978 0.53348778 0.73986295 0.45906268]",118,2025-03-03T23:21:51.053174
36,0.9357322725646307,"[[252.30650461 234.91372742 576.07475968 410.7270084 ]
 [ 32.91971564 494.2824879  251.7484953  623.39025851]
 [561.58085834   7.04230171  11.51963048 526.62489952]
 [536.60536367 515.5362759  136.23751579 516.78430819]
 [439.13473905 707.76501479 785.22648752 530.2259979 ]
 [254.51597381 224.46400457 518.35999651 395.38322247]
 [488.62215862 789.86253812 295.39435478 263.67252066]
 [333.07092104  54.11065956 217.62167204  34.25810603]
 [220.72651571  95.31150493 493.23817559 304.81054656]
 [767.56868565 364.26512111 740.21930071 186.72198562]]","[0.67760801 0.54171174 0.03531656 0.03267215 0.56573394 0.58468811
 0.36126822 0.94129234 0.41527998 0.18798463]",119,2025-03-03T23:21:51.060011
24,0.8223433748446902,"[[455.7060051  795.59889255 166.29892641 632.27802297]
 [651.43599007 315.21477613 280.14096466 375.71698168]
 [270.31352853 499.19741811 138.49368563 200.38586054]
 [429.14712922 602.44159806  89.49302893 710.66742949]
 [223.18763844  66.43977098 509.35727467 176.32971209]
 [583.28737729 728.13490124 679.10163226 201.43988721]
 [357.74223151 362.95311361 729.66408286 713.97764782]
 [141.76160118 315.03746998 588.72149275 416.75659308]
 [132.55548673  75.34086393 129.77382882 320.82675038]
 [476.0642523  372.62818902 249.99279461  93.01786565]]","[0.3895009  0.28130544 0.63946713 0.27108588 0.3313399  0.93616268
 0.62909085 0.28366504 0.7143053  0.09065753]",120,2025-03-03T23:21:51.067137
24,0.9364538027363163,"[[ 61.87383039 393.01594195 411.31323801  66.77827593]
 [576.26529388 632.09594347 217.97180043 663.16798256]
 [334.24252487 495.9408472  340.84535603 540.84218086]
 [688.49908376 302.47255922  71.92386558 570.72864938]
 [456.81562629 279.4213501  183.45872485 276.22644333]
 [ 60.13751672 746.6135417   44.44392195 402.44828837]
 [381.79677302  45.11086468 536.66204509  64.46197718]
 [185.55611402 282.48939842 799.4693738  605.06562979]
 [697.55869727 779.7487235  231.57055302 298.14154773]
 [108.69265942 595.15709982 141.01672381 616.75718948]]","[0.46612007 0.8138761  0.01260753 0.99526083 0.60560353 0.83988122
 0.90787659 0.10466438 0.63273645 0.05872862]",121,2025-03-03T23:21:51.075298
22,0.8914941014466502,"[[400.20309321 296.92301046 715.02475481  55.67215822]
 [793.37567385 667.95029391 565.25196739 357.73695829]
 [648.58309108 152.02817522 400.64065506  33.06215106]
 [275.38836128 661.83315359 297.59592109 348.49031503]
 [194.96882869 113.3039191  418.7828892  574.85196722]
 [519.54751375  80.38069339 795.39284241 727.65313026]
 [701.95005894  32.33607658 411.55280954 137.36408862]
 [194.11209655 371.02769048 653.09935041 411.05204707]
 [ 13.61381173 391.58393189 422.54020066 754.03048526]
 [406.76665191 676.56072717 175.55484786 237.32027186]]","[0.42672542 0.20873216 0.28873581 0.31222317 0.38373305 0.44891826
 0.99219878 0.67337107 0.50064474 0.32264792]",122,2025-03-03T23:21:51.081614
28,0.8622556208356433,"[[321.30909399 533.02278435 234.53222844 214.15090257]
 [722.9432423  537.59307455 246.79733645 105.63924311]
 [445.95932103 179.45576035 651.894176   333.97836128]
 [491.38177768 440.23911168 230.37524118 749.23220354]
 [649.74267466 738.13381903 305.86709231 687.30734998]
 [171.94872954 372.05991285 429.05345899 612.26133056]
 [629.42023707 786.88202807 428.99143816 584.46480635]
 [179.64964153  21.6405071  414.25404617 517.28449939]
 [460.16389661 627.64587763  44.36756781 335.65317472]
 [ 91.58075313 481.73246333  77.67782438 785.70186152]]","[0.86128628 0.78053921 0.97827824 0.67371347 0.04400148 0.56270383
 0.97208946 0.16374813 0.45055634 0.67623671]",123,2025-03-03T23:21:51.089621
40,0.8779030517707759,"[[ 35.95163703 640.28479648 109.86308086  10.84143865]
 [434.59980625 368.85136027 418.62380078 308.83748434]
 [274.12313913 779.24804683 413.69645598 692.53893472]
 [724.88362428 173.59322032 195.15123732 409.59888368]
 [202.06387861 108.10589639 627.86210308 642.714806  ]
 [422.55286669  82.69521986  18.2969795  274.25575486]
 [434.47336003 473.28157422 350.63126157 110.75836354]
 [258.52068519 656.11549804  25.41214197 436.30056531]
 [388.32082306 688.68456056 771.10127728 169.49874314]
 [570.99229506 406.71719528 125.20014439 735.57630273]]","[0.57937875 0.70938232 0.65701266 0.76229298 0.83251423 0.35703179
 0.14817667 0.08293194 0.80908309 0.87790472]",124,2025-03-03T23:21:51.096123
21,0.9140830875151641,"[[ 79.83747483  73.59699247 185.0398816  388.0643613 ]
 [128.59631809 268.56141695 358.90314523 562.98812267]
 [548.12045854 769.12685301 242.0778379  184.37112774]
 [290.50795374 198.56011384 581.38961514  19.70240039]
 [691.4835532  756.49642551 317.05790281 642.48094831]
 [579.09651243 770.42768682 749.49352407 398.10704504]
 [575.87650942 166.78000495 739.76104263  75.73303812]
 [207.39731385 351.13886577 461.60342929 750.69515064]
 [ 30.74132491 223.59617331 667.71145189 757.04536853]
 [258.54153781 642.4626973  688.11178845 187.03414629]]","[0.17528288 0.12001752 0.87146633 0.4741833  0.14962666 0.26624574
 0.28350943 0.19473166 0.48736321 0.10399475]",125,2025-03-03T23:21:51.104178
41,0.902244872159955,"[[122.89110937 163.75024746 686.19933133 664.97463364]
 [152.85846487 118.5551895  305.79890867 410.47716314]
 [650.71454293 535.05202173   3.95378491 381.85264021]
 [598.73191003 497.13151219 582.30849525 313.68306567]
 [698.82353411 477.28808453 181.97408332 717.30335163]
 [315.86879854 388.48080373  58.89578671 624.94734725]
 [131.45639979 382.86417119 742.46845634 118.23033222]
 [185.52678158 209.29316777 296.06899148  29.8319372 ]
 [236.65656077 609.04567489 269.64890419 180.16640093]
 [572.2767727  225.16808244 252.18210843 372.88577813]]","[0.89384184 0.097608   0.22403854 0.61129728 0.56446553 0.10561034
 0.91416146 0.15693666 0.53422902 0.16184666]",126,2025-03-03T23:21:51.112969
50,0.9168185682866651,"[[779.77389414 788.50185573 169.15986996 197.14278916]
 [101.6406609  243.50520293 743.08201899 169.58603207]
 [206.48628118 144.83946319 447.83866593 150.75427033]
 [427.26899538 633.31583213 240.89821268 465.86252395]
 [184.79038077 545.01438726 338.70391276 636.80819696]
 [221.70991431 632.57562116 585.65469532 562.95851032]
 [203.09457747 670.48128663 799.83757319 784.28541574]
 [737.8580871  448.43492823 107.21226243 240.10468002]
 [235.21364218 576.04944522 223.17273531 485.27778682]
 [ 46.28963719 761.81747486 729.24293069 702.71126826]]","[0.68244075 0.28686127 0.69464364 0.24552037 0.98383076 0.78231351
 0.02056923 0.9061014  0.5144588  0.89383107]",127,2025-03-03T23:21:51.121057
41,0.8497424709815582,"[[ 93.51286813  28.45095028 546.19581918 537.03790248]
 [220.31386746 136.25001172 351.18549422 128.55571051]
 [413.43382287 371.6760803  676.65270132 276.25466374]
 [475.43024845  14.39435344 721.68764073 238.0200116 ]
 [528.96807869 436.90189169 484.21856735 368.98265477]
 [470.2172677   83.41106653 579.59459976 417.37833659]
 [ 93.26343002  15.48706626 462.99357448 697.69356091]
 [  7.72150742 378.98238665  35.76458838 607.77440096]
 [737.98938615 190.53411191 707.23404136 204.23160384]
 [ 47.24053571 274.59185792 239.37437537 749.72078646]]","[0.68096597 0.66420225 0.86431866 0.92104807 0.3285763  0.97863372
 0.04165475 0.24756596 0.02883838 0.44899675]",128,2025-03-03T23:21:51.130318
38,0.8080396692310403,"[[740.74608942 477.34183984 582.10207287 102.71816386]
 [686.80236767  16.03391315 717.86962092 224.26947225]
 [421.5130421  480.57705502 478.48114716 128.70445054]
 [549.70872054 450.10118    242.15368156 331.42921959]
 [335.37125903 112.92682132 392.93686934 146.31288245]
 [239.4437688  520.85500872 184.16198279 559.99150044]
 [514.5709844  391.21162483 347.86103    619.32701167]
 [ 21.19130241 791.62896955  47.48220316 464.01326488]
 [635.64508416 796.41719132 643.11804107 706.79986076]
 [762.47873551 360.35060973  13.5580295  488.69066777]]","[0.01865771 0.51714448 0.37717036 0.56765255 0.67823766 0.50513567
 0.29357212 0.95223176 0.99269393 0.55841705]",129,2025-03-03T23:21:51.140753
17,0.8577815695134035,"[[383.25834987 255.53797386   4.99894256 177.14766912]
 [667.13766779 450.26944575 471.16485445 146.92795475]
 [705.00190765 456.84101811 758.7541665  764.15676086]
 [430.16895141 595.59637337  37.88404521 601.77043113]
 [183.86375748  25.5888883  796.80427423  27.06729502]
 [766.22866466 785.39093857 656.23263824 382.23140525]
 [195.31481633 664.90184496  76.95328815 322.08803846]
 [349.45856834 550.49099706 274.54000975 113.79671789]
 [334.78492685 534.63599904 623.62105626 296.75423782]
 [465.91744212 797.20659866 347.94139466 747.95034288]]","[0.52662953 0.35885049 0.6417911  0.81577931 0.28434518 0.84799972
 0.06044719 0.29585443 0.26667049 0.08868859]",130,2025-03-03T23:21:51.148190
33,0.8520559528372631,"[[ 25.05697975 104.70413266 273.32135958 786.723946  ]
 [516.52798846 784.37397776 431.12860901 571.71597841]
 [ 16.26799844 534.95357724 202.89482152 778.95012167]
 [761.03469217 718.39203993 306.44299074 107.30203635]
 [335.89643289  87.49355977  96.99095199 769.79979996]
 [217.70547069  98.20303085 114.20984757 443.89120674]
 [234.15591957 487.85015014  82.11267382 643.40177238]
 [ 92.78642849 613.81461162 327.93769326 219.10102034]
 [216.29715729 194.19937244 412.8615285  712.22031053]
 [337.95822012 769.70265673 173.86662712 128.35002513]]","[0.94113142 0.3300714  0.23045789 0.64046598 0.84130661 0.38675316
 0.14859068 0.37880787 0.67565479 0.22579232]",131,2025-03-03T23:21:51.156770
18,0.878707730674799,"[[495.24638487 564.59238274 504.36983566 654.48671669]
 [619.61355104 529.56214198 297.1194286   53.5289874 ]
 [ 94.69580794  47.96966816 478.14467688 196.50229599]
 [192.95158053 440.71690601 236.53696813  23.85934868]
 [768.68942241 101.98332367 182.15192855 767.96837338]
 [384.03950664 541.49420261 381.6095525  180.42673101]
 [461.37501513 625.29676468 516.30630067 598.98710623]
 [140.65187997 562.74481552   7.28935633 724.75537897]
 [333.09714178 265.12816569  31.34008913 505.8690243 ]
 [683.95473469 125.10384428 655.22192033 358.47417378]]","[0.35320671 0.1566961  0.62747664 0.50834151 0.38684912 0.15711609
 0.17094706 0.15910088 0.21180726 0.49328747]",132,2025-03-03T23:21:51.164599
38,0.8419142155618542,"[[ 35.95956739  27.7554794  158.22146797 632.92486454]
 [614.27522825  24.72088603 739.22088965 455.30950109]
 [298.27314052 741.80367629  27.78195356 184.39543704]
 [155.42249149 201.10988116 449.78480262 606.19149655]
 [ 27.8831974  267.63152541 704.39621668 194.36178534]
 [670.90221489 547.07997257 258.58829409 754.93047002]
 [ 18.55195598 344.01086966  54.13419434 156.01437249]
 [707.89603669 384.53289311  86.49910145 464.49979988]
 [ 24.78327061 510.62176134 391.81059968 713.01789636]
 [290.04561594 369.22622808 421.4858618  589.99889862]]","[0.55555145 0.03238435 0.45453182 0.44406935 0.36395405 0.03096423
 0.09903507 0.86672044 0.3799228  0.88694746]",133,2025-03-03T23:21:51.172351
24,0.9261871085759709,"[[612.83447127 487.53423854 412.69230719   3.41175183]
 [258.37434992 331.9325301  234.12625192 643.72315624]
 [727.47248244 373.46954791 729.69269134 391.00067765]
 [104.84317966 123.59077265 691.70649474 282.13104379]
 [104.44820904 437.0241814  486.26820711 397.30303307]
 [754.50947754 484.37497419 292.63030979 526.26081137]
 [781.94296046  76.1126149  692.04822405 364.5186013 ]
 [468.45127418 673.24175142 652.00444725 549.39080212]
 [433.07548643 141.71075457  63.91652089 627.39417569]
 [280.26185893 226.41923157   4.1394251  448.78379802]]","[0.43706522 0.99169817 0.26332171 0.9525783  0.74210169 0.33537937
 0.42325991 0.95042155 0.23724706 0.82505051]",134,2025-03-03T23:21:51.179813
33,0.9422003193379095,"[[ 64.4271643  119.22746688 414.05616188 788.2844194 ]
 [699.69581377  47.88999351 622.23516847 227.46399464]
 [513.48411422 232.47389851 352.41866026 374.19355016]
 [128.88822312 114.13762333 778.19979624 295.51857122]
 [ 31.53731944 149.83551552 197.3410386  588.00372453]
 [ 97.23298283   6.16193278 765.75028944 403.08088893]
 [112.43418046  94.49381986 295.483847   613.05817271]
 [ 73.7079423  588.47228039  64.99211304  31.47814166]
 [178.64390123 141.75671114  41.77739026 238.28818097]
 [548.11072695 473.92041894 289.37323259 714.49301585]]","[0.11203233 0.9326746  0.5038192  0.02134645 0.47220055 0.85600767
 0.25579201 0.66686278 0.20802778 0.78316997]",135,2025-03-03T23:21:51.187665
21,0.9254668896085628,"[[380.67264256 703.68395782 570.45903315 105.83897309]
 [766.04438473 369.99502073 490.04950184 549.53001444]
 [109.89555035 719.06672629 519.38837093   9.60065608]
 [ 74.56383663 588.43241549 372.30116788 601.36751171]
 [178.30072442 188.53690332 470.93149273  12.07564529]
 [562.28668192 430.33130811  17.87658599 622.83841861]
 [648.95609826 386.73943655 366.79460317 194.12496127]
 [438.32900916 432.00162712 699.35251066 165.39713825]
 [731.26316696 218.47260563 145.90138976 554.40074695]
 [421.77112323 631.96012321 397.28955924 736.20831738]]","[0.09231006 0.96846249 0.31135292 0.01353111 0.24357866 0.69510231
 0.8698383  0.97038935 0.77767105 0.52575191]",136,2025-03-03T23:21:51.195050
42,0.9039847767665783,"[[ 22.22969279 785.12101051 293.30818266 721.41368778]
 [270.61470661 157.18865962 703.48512875  70.42933552]
 [566.76847693  88.40257403   1.8993492  539.76775654]
 [550.19590986 282.0269958  407.17655329 523.64672514]
 [197.74177837 593.15630081  66.02144394 454.97602343]
 [798.70462207 754.86016278 529.36619908 560.4285854 ]
 [362.23195852 237.07595494 529.24092648 368.05366379]
 [261.16381959 279.79209769 232.80919857 347.11669702]
 [617.57432571 200.32141008 565.28426162 570.88871525]
 [197.19200994 543.29005977  84.78695872 150.98427112]]","[0.69056884 0.96732381 0.06330956 0.50205858 0.01552258 0.21811242
 0.47363542 0.38385525 0.84359974 0.96849658]",137,2025-03-03T23:21:51.203583
13,0.9275030764637853,"[[679.37274902 735.14555979  16.30907895 124.46344444]
 [499.2639244  697.55927203 451.16132307 500.61399712]
 [571.32006481  28.90089994 625.20154873 424.06184979]
 [171.87480517 151.09709576 523.15265649 623.97769714]
 [ 38.88623989 531.35932601 121.81263977 479.38288934]
 [ 75.06955524 690.18601172 282.62066539 660.00215507]
 [764.9924365  578.42566321 780.79298493 336.93897743]
 [ 30.07501745 217.41919294  75.01783512 503.9134194 ]
 [748.84358122 496.20759218 292.29088421  72.41466129]
 [  5.47456864 336.97810666 613.59929927 268.42866955]]","[0.98029275 0.44914883 0.50546303 0.03871539 0.47386018 0.13876125
 0.25221069 0.58809307 0.63078277 0.89077609]",138,2025-03-03T23:21:51.211035
34,0.8349778599808606,"[[126.41784473 215.07813675 607.81996558 420.73934692]
 [509.12193036 533.44891523  33.01157169  45.60514442]
 [283.44719237 571.41982148 507.86730253 479.37716493]
 [136.32109037 488.90432479 137.83789885 211.37543581]
 [764.09776996 246.11468227 253.60224446 734.04390971]
 [320.70437818 287.36602666 579.89138522 717.83739391]
 [161.6506518  405.30285924 654.44891467 789.28215371]
 [539.68034961 175.66973269 756.7174364  752.33835903]
 [766.99834132 480.89568737 658.30147868 398.50537424]
 [ 75.13222405 425.73673791 163.48773889 614.42769416]]","[0.82905549 0.57535703 0.49688577 0.14132471 0.40713882 0.68737762
 0.57717072 0.22216249 0.94233791 0.50034937]",139,2025-03-03T23:21:51.218404
46,0.814880222705404,"[[530.04872929 331.17814488  97.20830134 389.72141655]
 [609.40479286 572.47560079  38.16526261 300.55494518]
 [445.23241798 323.74696008   1.41865756 686.77319861]
 [ 97.96826688 142.05952148 127.65580442 433.35879687]
 [461.19142566 683.98138485 430.65037888 406.84224642]
 [241.32297525 427.11979297 696.00586517 774.0431808 ]
 [320.71850069 557.30219785 193.93775191 259.15788855]
 [690.69981479 394.30139212 123.16608731 148.34196558]
 [582.06671134 693.20451928  17.35394662 269.67361184]
 [ 33.63752001   5.53724492 384.03377935 106.65971296]]","[0.96975987 0.20032091 0.67865113 0.13863977 0.30250099 0.58071777
 0.19627864 0.1113267  0.73667956 0.62576353]",140,2025-03-03T23:21:51.225370
21,0.847961336694981,"[[481.54449913 713.15041576 184.31275812 777.92191824]
 [730.4407178   29.54475578 788.86263212 381.19723174]
 [549.43372442 182.60649241 562.99819067 290.22296869]
 [647.44576287 283.43090606 784.39902572 270.55367626]
 [155.80319255 524.64465133 632.5046702  470.86534611]
 [195.28509445 707.06456533 444.40567279 455.90243648]
 [795.32809432 672.45804555 712.64057355 438.77323838]
 [638.97109134 124.82286053  62.86368627 580.96547954]
 [741.28071507 658.50340786 186.9056836  266.55087072]
 [216.38486322 684.05053452   6.60215288 671.17770229]]","[0.23942263 0.30732453 0.6169604  0.34120295 0.69975847 0.40923044
 0.94390282 0.10168423 0.10077289 0.36367253]",141,2025-03-03T23:21:51.233555
38,0.872583306399973,"[[141.83326113 381.92099041 219.48247608 307.82443933]
 [635.49752797 477.79187001 747.51254474 489.65521801]
 [354.95700556  33.969441   471.64963269 582.67994297]
 [290.05117632  46.09208003 774.66917901 195.55645101]
 [ 38.02802556 662.00769538 174.63381399 671.69496341]
 [ 45.07202974 505.24453215 367.78731306 748.37842489]
 [478.04347633 196.58747212 498.95074834  51.89199728]
 [514.07906511 294.92435488 407.0858019  791.33094191]
 [219.53379052 422.68935073 104.07168507  74.1146784 ]
 [319.11941299 619.30025088 174.8331064  664.98193999]]","[0.09167955 0.58636833 0.91973928 0.00621474 0.29479741 0.99388019
 0.63393477 0.59344908 0.8355894  0.4690681 ]",142,2025-03-03T23:21:51.240995
22,0.9205515636260717,"[[328.51063147 169.45793637 777.07438313 687.36672442]
 [184.03407247 592.26059541  92.47126979 264.30249333]
 [418.54088094 714.41552405 287.09290014 243.65764296]
 [590.7513897   29.23480461 699.94694721 328.3412011 ]
 [528.47489186 237.80105017 270.21246821 170.36905395]
 [188.44662066 118.24408073  64.58149178 217.50622265]
 [712.3455015  375.89738501 520.14941161 124.89152259]
 [344.11738696 286.59915297 159.62504007 173.57935233]
 [445.84260873 351.73078204 327.87518783 548.9068307 ]
 [579.5138207  774.14889517 205.8773046  165.56144738]]","[0.38093865 0.41782974 0.2573101  0.29958019 0.52038141 0.90025949
 0.19276017 0.51440355 0.06084696 0.17359803]",143,2025-03-03T23:21:51.250100
47,0.8212214932852083,"[[ 53.1070132   27.02853584  29.83900261  75.94234027]
 [440.23138165  46.87156402  94.28682003 327.65809548]
 [608.29604733 643.6297005   75.99888092 789.06255181]
 [475.30065907 709.46149224 509.1512916   47.56632024]
 [762.91218104 636.38029703 239.17804585 639.22150213]
 [306.56356412 577.36738311 685.26350842 410.70588347]
 [149.40477235 513.42989695 589.09940668 514.87077891]
 [569.00329905 757.97019826 124.37123543 282.00515751]
 [495.44124185 371.89397619 758.47238119 566.63876308]
 [ 53.44198699 555.43225568 351.81473093 768.21880061]]","[0.36885183 0.35369009 0.26565559 0.57151629 0.42334282 0.15496477
 0.61313149 0.93766385 0.37975839 0.66025409]",144,2025-03-03T23:21:51.256422
40,0.857858072295563,"[[246.36456828 184.90059355  29.50840997 735.55957483]
 [179.09330107 338.17583488 738.3527455  206.32071899]
 [445.07939025 553.11287562 797.72200459 571.66923935]
 [336.00632081 106.95379387 458.06859515 468.91737803]
 [448.32778903 759.88309738 189.52963174  62.81919353]
 [326.89889716 385.72967944 316.33724433 147.03883958]
 [216.87346474 732.08517022 445.04103406 607.07356848]
 [572.97979607  72.59301026 798.84581994 172.42061857]
 [560.77681841  66.66515272 577.37592558 538.07106281]
 [161.68735335 381.48469289 121.57970218 600.29092441]]","[0.65813115 0.48427678 0.40388929 0.60844869 0.30879043 0.79994104
 0.15125069 0.70770454 0.58184015 0.08507731]",145,2025-03-03T23:21:51.263995
46,0.894270824874296,"[[421.45972585 238.51642765 698.11332313 178.43808069]
 [163.55115962 504.38645052  47.25553858 634.58429225]
 [681.63682452  48.72127711 220.36098781 655.68446019]
 [294.23201913 486.8554103  302.96980305 327.649808  ]
 [404.19639915 111.60356256 674.86150486 620.76167458]
 [174.0329775    6.20759541 378.78593052 340.10784429]
 [ 76.58510858 237.27892987 777.61563646 659.65372894]
 [322.61424756  96.27838501 715.31276184 302.1504091 ]
 [318.76728904 243.42192251 160.48617189 748.68525857]
 [397.31310549 489.72699527   4.38572248  82.12549158]]","[0.66794805 0.74344218 0.04646672 0.57579284 0.27923161 0.51907301
 0.72882546 0.04340612 0.38828735 0.64060838]",146,2025-03-03T23:21:51.271715
13,0.8856029754920779,"[[311.92631588 754.34425176 575.58541475 213.09452054]
 [586.59977879   9.88534323 592.83023626 663.02396609]
 [131.48185594 236.5436336  746.05079784 765.72815794]
 [783.23499051 167.26003942 478.19997765  73.78256002]
 [  7.40825124 430.40373913 639.24169592 536.02239978]
 [353.53612848 329.32268776 411.19784584 238.24588659]
 [158.50772765 402.83058223 413.14921329 560.96738906]
 [703.76960936 526.2707411  775.99087412 223.58955735]
 [106.22381299 365.47741049 167.67279369 315.0394355 ]
 [278.83065676 456.55846509 592.94073452  92.75253241]]","[0.63327733 0.21071377 0.30576308 0.35887622 0.29881422 0.26143025
 0.0182494  0.70328329 0.8595015  0.48233042]",147,2025-03-03T23:21:51.279044
10,0.8666746468657504,"[[626.31360555 749.28336765 587.36314338 684.11476659]
 [ 82.04828179 150.63428054 608.16515752 301.4127634 ]
 [375.231007   312.58323963 432.02908836 532.90667676]
 [ 18.10689914 625.61673553  73.545052   587.7084328 ]
 [194.65596168 368.68208524  42.48014077 539.52058268]
 [195.49189805 514.62665824  60.06931411 376.5514465 ]
 [745.7313304  381.39520225 186.90768585  71.49088679]
 [428.87177152 211.95462851 257.03595579 168.27732784]
 [377.41405008 453.22086779 491.68340253 338.51302528]
 [294.33032456 777.91800458 734.5372326  288.40366309]]","[0.67632999 0.21789887 0.20753685 0.36106279 0.94916043 0.51888408
 0.97274622 0.50277754 0.12292765 0.42276848]",148,2025-03-03T23:21:51.286455
10,0.8237491513519843,"[[384.94365748 712.48373674 233.19356069 647.77147647]
 [253.51088703 118.08417412 720.85236731 384.43282422]
 [348.5977615  585.211267   264.06655022 790.84434475]
 [783.40859876  34.14410896 370.50034391 231.03746978]
 [124.98655456 196.06438249 246.84615064 684.70478904]
 [593.45250563 529.70906924 374.2277508  181.11651042]
 [ 58.12686368 437.57427133 635.35961079 177.21886327]
 [126.82984149 190.74570008 769.72855727 216.8259762 ]
 [509.9038838  137.29964725 495.09608357 258.73207534]
 [162.82713664 595.35834788 673.2686274  240.12078296]]","[0.54673792 0.27473132 0.15502484 0.29888212 0.70729863 0.1959023
 0.06000335 0.42536232 0.79165426 0.67870915]",149,2025-03-03T23:21:51.294481
22,0.8994758088625099,"[[787.75869128 196.01004901 601.47210539 375.10682191]
 [ 82.50343401 631.75554607 498.89486639 101.67882673]
 [325.8998171  128.43339809 153.51834877 668.99218941]
 [708.21114689 232.77265266 118.69883412 104.01379642]
 [ 52.93024299 423.23661749 585.5942306  773.76355875]
 [192.40896616 327.80680324 646.33444954 142.69428296]
 [219.80766923 688.76226171 678.51589321 484.38782942]
 [712.63707362 593.08059655 438.0293856  266.13012635]
 [456.32280095 281.08335979 219.29073008  10.86078423]
 [286.8291187  133.60414428 698.86753855 632.04310809]]","[0.01615873 0.49798906 0.22828041 0.62377068 0.48682056 0.04171779
 0.73615418 0.86401946 0.42328246 0.33298515]",150,2025-03-03T23:21:51.301076
38,0.8172236131687107,"[[ 38.68705834 747.00773812 795.729073   503.23797031]
 [209.48938666 766.11550138 457.01988307 771.90457064]
 [ 16.66745934 304.06161685 162.9892066  486.440149  ]
 [243.58533978 208.34944423 524.16260775 600.05061457]
 [369.44877266 115.45683657 655.29496162 240.70487452]
 [117.57901345 407.83937896 645.83488184 515.88848146]
 [ 95.94004294  57.21400448 208.02182387  42.78931599]
 [128.27247187 359.26022992 126.1850961  690.99039664]
 [689.99358564   7.63606036 728.38860378 183.31576142]
 [686.65212855 520.90160728 362.266696   565.35606296]]","[0.39648453 0.12213965 0.02205225 0.66161138 0.92271732 0.34956305
 0.48324293 0.11872369 0.30766082 0.67533539]",151,2025-03-03T23:21:51.307037
11,0.8908613453992732,"[[304.98506051 594.3561331  229.00257987 119.21151859]
 [500.68666483  76.76484776 512.83721934 407.8881135 ]
 [547.8514019  787.20516191 780.63423247  30.93224535]
 [ 52.59569682  99.41666046 374.41754402 134.77632784]
 [497.64190461 723.10698548 603.56469053 309.99913771]
 [400.19553933 596.55448511 125.36303337  48.60257123]
 [295.4766144  590.24671476 372.18903585 322.9816927 ]
 [404.06250581 669.32738655 711.45175274 391.58617737]
 [ 82.62540407  24.92109134 497.69660046 530.85800217]
 [297.65820412 533.32505794 460.85012772 102.90739714]]","[0.28205113 0.91341788 0.11511785 0.01395317 0.65114796 0.28737771
 0.06855133 0.93295348 0.6897846  0.18739294]",152,2025-03-03T23:21:51.315596
41,0.9450289496013332,"[[449.88569704 301.36962788 713.834217   141.99539123]
 [463.58602121 544.2999667  601.92442527 651.21444423]
 [607.79428411 189.8465264  321.53387539 773.32665893]
 [206.62677782 504.43361636 486.96635007 435.4873479 ]
 [158.60174909 350.77138743 128.09455923 524.43278001]
 [154.23150334 682.76618441 426.36757018 367.86947466]
 [132.62570286 586.08076726 398.44747078 788.16536394]
 [253.50464959 390.67822815 664.24050305 743.720841  ]
 [462.00392227 670.50888627 147.6983803   38.37912597]
 [ 37.29869478 755.82087103  37.34610169 254.525728  ]]","[0.68301089 0.81183463 0.37113374 0.85187024 0.02182346 0.26232939
 0.13723104 0.38040342 0.75485813 0.79201871]",153,2025-03-03T23:21:51.324578
11,0.8051142292818022,"[[1.83580089e-01 9.69352204e+01 1.62234428e+02 3.23173817e+02]
 [6.32052964e+02 5.04211382e+02 7.58552553e+02 4.70320996e+02]
 [4.44405724e+02 6.62547150e+02 5.21782534e+02 6.40263201e+01]
 [6.18039751e+02 2.90568953e+02 4.42357156e+02 2.10419950e+02]
 [4.39319562e+02 2.89586063e+02 5.19262156e+02 3.55729523e+02]
 [3.42705241e+02 2.22214254e+01 3.54807640e+02 7.09343472e+02]
 [5.37098289e+02 2.50203089e+02 1.21419483e+02 5.38168909e+02]
 [6.39406064e+02 9.75358632e+01 3.58549804e+02 6.28816002e+02]
 [8.96317975e+01 6.74960979e+02 7.56877417e+02 4.85957596e+02]
 [2.42851430e+01 7.12047811e+02 6.22298361e+02 5.15648284e+02]]","[0.26577527 0.12507374 0.32039011 0.16955658 0.29803168 0.33805852
 0.41494883 0.72986309 0.34936771 0.02838916]",154,2025-03-03T23:21:51.331921
50,0.8296749085708516,"[[754.98475532 496.87292698 616.6135972  721.31747845]
 [147.10507379  48.75322377  22.13961319 360.72802299]
 [235.06750959 302.60156271 240.52792792 766.39292026]
 [ 98.85803349 563.87911957 364.709999   450.396135  ]
 [221.70132135 221.95536004 530.10177109 335.27736007]
 [167.14567715 691.04816627 465.68435124 195.81676596]
 [174.98347189 699.02339412 386.03004667 261.4466323 ]
 [781.18809848 452.96496539 770.33057037 213.81746628]
 [662.78715537 109.30215534 181.63880076  73.51564505]
 [377.58813695 786.25837043 268.94178435 541.40754705]]","[0.50841719 0.9157271  0.78930064 0.45607786 0.8041906  0.10368517
 0.87969475 0.32122513 0.2243176  0.00840836]",155,2025-03-03T23:21:51.339471
33,0.8781002329993257,"[[787.38845634 630.14913073 212.14896992 190.59326714]
 [665.21146275 129.87753829 417.7199423  233.18672277]
 [160.47973977 463.31403991 694.47235634 316.53905656]
 [ 23.99336552 355.4279196  376.39311816 140.8777773 ]
 [378.06169234 740.44881843 438.64292338 698.53465735]
 [521.14742738 310.68987676  82.42237293 480.3290858 ]
 [691.87725809 440.76791336 389.623409   727.77879155]
 [474.21994664 797.35665726 525.83723882 634.39936981]
 [665.25455523 322.62507486 559.72895608 646.12883714]
 [731.1127895  149.42701193 699.25473829 131.1955607 ]]","[0.44256074 0.7089459  0.95833354 0.87126746 0.65220654 0.90963215
 0.44179115 0.14222615 0.97793511 0.72721151]",156,2025-03-03T23:21:51.348008
45,0.9134240065148376,"[[481.1634108  623.47259701 275.59271586 709.16145253]
 [ 89.84426604 179.17515234 785.67481821 258.16455554]
 [455.18801436 337.49521961 164.52085213 389.7431026 ]
 [421.07817439 145.08025044 235.19045706 706.96181981]
 [163.83483931 742.19282604  59.19807481 701.58541287]
 [ 15.765477   797.53155796 213.15389193 744.78345032]
 [326.70227619 608.10537073 735.70305562 181.80036679]
 [391.23517167 410.06721062 762.90896283 308.91080052]
 [585.43805505 208.23111904 432.53054388 403.14923889]
 [661.45862355 394.38715014 682.43131051 323.25276849]]","[0.27566034 0.67010881 0.8744291  0.34783265 0.1334155  0.20684203
 0.69989037 0.11052146 0.17343307 0.11655954]",157,2025-03-03T23:21:51.355478
42,0.8687825633522784,"[[651.55508655 348.89053015 329.46352602   6.66278936]
 [ 12.08524638 153.31011057 404.58952047 102.63096762]
 [406.92327089  91.68388225 317.70005591 719.33177464]
 [506.08635628 747.14521526  25.31468465 683.73746572]
 [ 73.77574448 543.25182825 676.95082839 670.36304909]
 [418.71323602 440.39612667 481.59007526 385.92095691]
 [770.74561699 397.66067634 254.86328655  72.5864577 ]
 [730.29296578 746.48260486 152.08283703 480.93740434]
 [ 92.73094287 158.40991238 132.79340807 240.15226862]
 [702.45483285 649.12326076  92.16666373 131.2350965 ]]","[0.0233511  0.21376697 0.42879299 0.50128047 0.9811736  0.593551
 0.70956049 0.16907642 0.15926059 0.69906175]",158,2025-03-03T23:21:51.361710
13,0.8517941207993214,"[[489.12410756 659.36435964  61.97985858 465.00361738]
 [460.11722315 684.38608248 291.31712143 649.42459858]
 [214.02572877 425.28912261 781.00717073  67.17355381]
 [770.89877003 506.49268526  14.4972333  354.07203593]
 [460.18573485 316.06099892  77.27882411 611.54977722]
 [148.61319087 373.58857546 756.83689135 329.02880683]
 [590.80425218 560.79587659 359.8476894  340.97884813]
 [648.29599971 170.84007097 729.30847128  94.67061451]
 [652.0576947  420.49278998 754.24701131 508.96903298]
 [426.44965643 355.17377178 199.31112892  69.7879049 ]]","[0.50969849 0.67934123 0.32455015 0.07629248 0.22769192 0.06717781
 0.83429821 0.70428871 0.66017956 0.95662759]",159,2025-03-03T23:21:51.369709
16,0.9453911562302809,"[[481.1279182  307.55437838 727.17160959 233.9481307 ]
 [481.21689827 643.01271371 501.26171249 616.30905289]
 [232.82978427 720.69931303 298.22696087 408.54580056]
 [139.73062835 573.37010562 711.14609041  15.63378857]
 [431.36645265  76.7948324  642.21234941 482.97931399]
 [748.1469225  466.10648045 294.41883891 465.44898138]
 [509.08780429 727.62711257 122.33796578 730.73236489]
 [454.32033816 418.1291479  579.01161147 544.42681592]
 [430.41460857  68.51953526 579.05465644 531.77393512]
 [261.035016    15.36748166  30.52901667 160.52884495]]","[0.39461764 0.02844544 0.62779476 0.05573996 0.31913949 0.13195258
 0.20578532 0.84319546 0.42090271 0.62945906]",160,2025-03-03T23:21:51.377001
40,0.8918878181669285,"[[795.18594639 655.75353301 424.60818566 215.96656434]
 [616.13082138 198.85299395 556.06181933 799.37647354]
 [143.34343855 154.72362197 270.86964475 214.24583791]
 [748.91196445 424.095752   487.69503891  46.42396096]
 [360.33617185 321.76453449 154.13364701 353.65919435]
 [680.1171675   47.38933981 635.28166712  49.11824351]
 [137.62345869 481.17920937 379.86075467 131.23377196]
 [449.80083992 145.47452098  39.11792488 421.23682138]
 [596.20164463 621.86761213 641.65107944 764.41926745]
 [212.6750785  153.02820056 634.61068191 380.36481295]]","[0.37247859 0.77530691 0.88063891 0.09367299 0.90250538 0.42653479
 0.76258286 0.27354246 0.33319794 0.7177561 ]",161,2025-03-03T23:21:51.385275
31,0.816409987251981,"[[ 50.67032307 239.76252843 207.58598899 110.7320388 ]
 [474.48885876 269.09058277 259.54490608 268.94428666]
 [153.08157009  77.0574715  401.04502741 741.40901053]
 [263.69789314 420.75420055 400.52650276  96.38978131]
 [621.78070104  36.96718206  46.84450755 101.21760852]
 [644.8253315   79.14327356 625.20251464 735.95072739]
 [665.64340916 675.08881678 172.22159266 379.45497147]
 [ 50.65988247  13.59430474  70.26901053 229.49816498]
 [485.58194517 421.25104772  67.39188134 738.26391991]
 [579.60987169 512.84989398 393.04394515 792.25470524]]","[0.24782558 0.75923962 0.75488621 0.62439915 0.66361625 0.6305147
 0.8024292  0.74614506 0.72804281 0.30601786]",162,2025-03-03T23:21:51.393087
14,0.8869803375233213,"[[597.16884774 262.05498289 286.24892801 106.4256678 ]
 [523.29571815 493.23048828 326.93161846 697.48655839]
 [595.44804391  73.71032412 595.12573326 522.053289  ]
 [280.41378656 204.79235549 399.3050211  719.76033826]
 [261.12752152 693.64897596 756.87044677 462.62142165]
 [133.69763521 553.27023492 592.98408831 545.18171232]
 [584.35704577 605.58651393 752.02830873  41.41083101]
 [425.67120662 415.87577933 265.8831278  247.36233573]
 [485.88605489 649.29959046 703.63567905 395.4235362 ]
 [118.81612496 531.1532444  345.73434249 654.37964614]]","[0.93995255 0.76519459 0.92379142 0.0500201  0.64409263 0.61372599
 0.57814906 0.17976992 0.5457683  0.60404676]",163,2025-03-03T23:21:51.401271
17,0.856567257654894,"[[9.85173687e+01 2.95643017e+02 2.00072561e+01 7.17057577e+02]
 [1.68429863e+02 2.45233196e+02 1.18903948e+02 6.97180292e+02]
 [7.69242153e+02 3.71895279e-02 7.84165169e+02 7.07974583e+02]
 [7.62628659e+02 9.03611038e+01 3.06777298e+02 7.33745270e+02]
 [6.76491052e+02 4.68913111e+02 3.73404968e+02 4.54461668e+02]
 [4.91689579e+02 7.88305913e+02 7.00110036e+02 6.16071988e+02]
 [2.26605465e+02 3.19360898e+02 2.06626526e+02 3.29044597e+02]
 [6.83484680e+02 1.19506415e+02 6.69782560e+01 4.86489855e+02]
 [5.81868286e+02 5.96225353e+01 1.51944199e+02 1.76239389e+02]
 [5.10766069e+02 5.52910982e+02 4.33009638e+02 5.50091281e+02]]","[0.23724178 0.24818304 0.48605579 0.02244533 0.48932224 0.62183743
 0.1507828  0.05287986 0.50186842 0.04642078]",164,2025-03-03T23:21:51.409041
42,0.8348967474106841,"[[100.16298552 261.0125356  138.95578468 735.17576153]
 [246.65531141 182.28925895 189.37658209 262.79705892]
 [613.22119556 222.71647185 323.66898582 528.63187272]
 [242.1366109   17.70026754 591.88483088 211.66372059]
 [ 12.4252144  536.40914578 263.28476625 497.849512  ]
 [541.29416912 536.64713273 586.87671703 658.62502393]
 [466.57308553 678.4683785  497.06308995 443.66191394]
 [695.24375039 153.38355239 167.50097173 496.04866701]
 [180.84253066 361.38876259 336.23258095 215.65651948]
 [473.82271395 452.44271433 422.81404681 698.64350245]]","[0.94592558 0.76865139 0.65616384 0.05725285 0.77001694 0.77616269
 0.11970813 0.44696238 0.88154204 0.38836722]",165,2025-03-03T23:21:51.417075
50,0.8933042070354008,"[[152.70585157 611.66683836 125.88322259  32.49555862]
 [661.15010156 778.19772651 188.05324649 549.20032027]
 [ 50.02779559 480.59369851 190.21771932 146.08005106]
 [554.14489599 431.03965368 762.33375656 206.3386036 ]
 [729.24530931 164.13060982 774.02992397 792.08013284]
 [ 92.87283637 572.45806043  30.30455898 514.4190055 ]
 [197.25992192 714.65258979 597.25355079 375.43161224]
 [134.00178293 543.90224352  99.99102657 780.57635034]
 [267.44428991 154.57115307  92.87998744 430.51445783]
 [760.89658326  34.84885004 254.50597585 218.82896581]]","[0.73479268 0.57264506 0.83283187 0.97947469 0.00309003 0.08589144
 0.90023203 0.81913434 0.70762969 0.89880275]",166,2025-03-03T23:21:51.424268
33,0.8571078459322834,"[[3.07443992e+02 1.66411035e+02 7.45435543e+02 3.63375100e+02]
 [4.33881785e+01 5.58157923e+02 2.15547050e+02 2.21189892e+02]
 [6.71893074e+02 7.99621673e+02 5.52958552e+02 5.99638563e+02]
 [8.21574580e+01 8.93462344e+01 2.71117335e+02 6.85666924e+02]
 [7.76889792e+02 7.22023417e+02 2.94482228e+01 5.49361617e+02]
 [6.85966770e+01 7.41073945e+02 5.46852033e+02 7.99158710e+02]
 [5.10446071e+02 4.96977573e+00 7.30496460e+02 5.84570817e+01]
 [5.16382543e+02 7.18098325e+02 2.19037557e+02 1.10112413e+02]
 [5.41597452e+02 5.44394115e+02 4.01913208e+02 1.96251345e+02]
 [5.05270248e+01 4.54659914e+02 5.39430516e-01 5.23952817e+02]]","[0.67560699 0.28445378 0.43804582 0.76055568 0.43726215 0.87130967
 0.13361867 0.24591034 0.06651168 0.5289872 ]",167,2025-03-03T23:21:51.433022
46,0.9338538418392517,"[[724.75169916 226.6358649   70.32945746 128.24778586]
 [784.43818224 599.51199779 104.49177324 791.79361125]
 [651.83861742 463.93252806 183.56804947 609.85577851]
 [789.69344872 555.62102042 724.09110938 752.21568732]
 [508.84285629 576.78395119  81.24675433 136.46040537]
 [462.35456121  93.9001483   23.57852207 783.74315419]
 [570.66901614 667.27791268  72.74736186 652.30349061]
 [796.16470704 658.72074583  91.53189128 747.00671772]
 [787.05862825 719.29553401 484.48102174 604.76624963]
 [108.91631251  71.8929078  781.64923138 412.84162917]]","[0.08652298 0.65235104 0.27761687 0.21621466 0.53828045 0.30916297
 0.52117256 0.87907149 0.42975044 0.64532306]",168,2025-03-03T23:21:51.440677
14,0.924699124189238,"[[222.26070311 520.19538678  52.06144878 765.78180865]
 [560.88297114  91.62947767 102.83119494 252.61162032]
 [582.13313047  36.41580571 590.90856412 682.09290544]
 [  6.28837751 528.89478091 311.29223218 781.3776161 ]
 [699.04695182 528.69885162 305.22808722 540.10119465]
 [ 69.99261484 692.91851195  93.76504737 763.90542774]
 [395.39742586 387.19165283 767.2747708  408.66331618]
 [693.07602878 180.17089374 618.19926688 669.42667783]
 [400.26400935 215.96203986  29.16208428 635.65567233]
 [208.82908977 451.16765467 522.34818876 698.48261474]]","[0.35120464 0.26018763 0.65758513 0.63764312 0.0787962  0.9289939
 0.71206254 0.42386128 0.04859372 0.76865063]",169,2025-03-03T23:21:51.447095
28,0.8425988421741389,"[[646.10912519 738.32151231 136.16907773 644.78548687]
 [308.1455275   49.32552762 660.38918668 536.82224016]
 [168.40348086  41.24692064 626.99425427  65.72374241]
 [189.09521429 739.54657136 419.11762834 415.68963589]
 [726.37412514 249.74032907  11.65596439 796.69938336]
 [548.86370747 125.27350041  56.85237972 642.60607022]
 [769.72770351 453.00605645 628.06213703 784.12184665]
 [147.87354332 389.55028017 290.22818218 402.73421299]
 [ 50.62719458 184.28943391 629.74618753 273.82363975]
 [767.27580769 280.67363266 615.03180559 543.03825611]]","[0.9989939  0.26637629 0.1274844  0.23903005 0.60783379 0.80285963
 0.3590316  0.61642169 0.81683789 0.39766759]",170,2025-03-03T23:21:51.454447
49,0.8483161907402652,"[[302.28582664 218.63304553   4.39223087 738.40573911]
 [606.87238984 152.57037243 794.87454661 154.67055092]
 [798.56929622 226.79584696 592.99157234 765.36654722]
 [723.96677932 608.19325119 799.20021262 154.77221425]
 [752.91624961 504.23382154 236.73187354 537.44868647]
 [208.83819678 279.75817019 781.91091344 113.10093496]
 [716.29743124 215.75968685 392.3345002  383.41665382]
 [715.70981637  25.80004113 375.65394611 718.31717586]
 [569.7471284  418.07765699  55.99802723 474.4897622 ]
 [176.4648674  167.81745573 369.32901028 504.61602295]]","[0.61134232 0.90858309 0.33191178 0.32652664 0.83788129 0.87567537
 0.86462675 0.7041848  0.24792057 0.8740945 ]",171,2025-03-03T23:21:51.461060
46,0.8385087467244406,"[[748.83970962 647.35046305 779.20748528 315.00375841]
 [525.488005   420.62952018 350.949157   515.3657228 ]
 [157.90553931  95.38513659 368.69268599 566.47969509]
 [725.16013883 283.13339819 568.84678916 525.98566777]
 [586.60668917 112.38661725 169.65702776 280.80078714]
 [562.94363461 698.07412612 288.2769784   39.88636076]
 [598.24105053 364.28970888 585.00245987 280.68279263]
 [185.67105353 525.40914189 540.02633098 450.35910168]
 [309.32338858 502.76714883 622.45142811 136.70769323]
 [379.54370751 378.98738696 719.92322485 211.34876516]]","[1.31401492e-01 3.67214122e-01 7.78737757e-04 2.12051437e-01
 3.48973367e-01 1.97792699e-01 4.73654618e-01 8.54458857e-01
 2.82178387e-01 7.87777943e-01]",172,2025-03-03T23:21:51.469379
20,0.8876854631598254,"[[154.85768519  51.51035093 487.3407672  193.0850689 ]
 [389.01776826 159.36385721 143.3359039  297.0838478 ]
 [304.48420213 659.93535768 137.39178797 526.65232983]
 [375.02979582 447.19786719  27.70884347  98.80387829]
 [227.41277371 748.71994126 331.33087557 309.89845457]
 [465.47964259 698.666218   564.10489569 799.64781864]
 [444.822208   437.58038366 590.63179812 504.12871605]
 [279.2675372  554.20337286 720.57421731 197.2599012 ]
 [461.91415224 126.47532344 260.902467   777.28779985]
 [623.41160826 302.88650371 364.69930133 384.44557988]]","[0.4126822  0.50783225 0.99781804 0.66440963 0.21858541 0.92313726
 0.33565673 0.11621977 0.41937293 0.26574558]",173,2025-03-03T23:21:51.476476
45,0.9432257742840086,"[[ 62.1753307    7.35013085 385.47522729 409.93972811]
 [570.84172447 746.83396969 400.2219806  674.49522379]
 [564.20200254 111.2707411  448.82396715  22.36618238]
 [719.64271908 763.23017759 156.62080169 744.65578938]
 [253.33518173 151.96213169 268.53628873 157.97293331]
 [560.40263496 497.87958694 356.23507854 190.07234684]
 [146.54808306 182.69214162 122.2160302  217.17186607]
 [515.96944505 172.02149689  39.38649893 203.56471227]
 [ 74.11878898 462.79182655 266.03238873 499.8434551 ]
 [ 67.3426187  232.8607447  651.36636251 348.92272948]]","[0.39386819 0.74464711 0.14187313 0.13439164 0.19229427 0.15983148
 0.03420129 0.74912406 0.04869693 0.7173027 ]",174,2025-03-03T23:21:51.484487
46,0.8866763435197412,"[[439.26350468  90.27667832 643.77422903 419.68742674]
 [228.94451784 429.11395849 204.61782829 152.10591839]
 [644.49250943 581.95975882 671.86512341 569.71272405]
 [570.40568777 475.84407091 250.43529236 168.53954169]
 [430.99773695  25.40074634 644.74811332  49.9488665 ]
 [121.71978451 304.50527939  34.02247391 533.93003996]
 [586.47006108 376.61882487  16.64773214 142.05996594]
 [622.9256072  216.21468508 754.67102755 570.75670286]
 [711.27527785 619.51507137 577.55518656 437.25340798]
 [446.38367783 441.66905365 746.8922804  565.03568267]]","[0.39400749 0.64820567 0.58209129 0.71466907 0.26726183 0.18047508
 0.40311406 0.7458961  0.6149387  0.64631993]",175,2025-03-03T23:21:51.492573
47,0.8411977595639831,"[[ 98.59225934 734.15789174 239.43429456 163.0890814 ]
 [185.49328327 684.74825568  82.57019821 341.58591583]
 [699.11228454 233.44819107 677.7733168  405.81762496]
 [ 22.60943853 539.90811211 774.96340181 309.64483589]
 [348.07528525 456.69522718 470.77559922 273.33423647]
 [457.81868081 510.10949982 793.57224017  62.64237321]
 [288.96587726  57.52970018 643.25178379 285.88522842]
 [269.50609768 134.38654124  73.10827837 721.99088595]
 [600.69769344 242.21973642 344.63174364 654.62185216]
 [572.07393975 504.7844287   88.78118851 339.45591792]]","[0.17129198 0.87733755 0.98969265 0.00200938 0.94392861 0.176438
 0.21794204 0.53299624 0.78597983 0.09349088]",176,2025-03-03T23:21:51.500248
26,0.8394499023275319,"[[ 44.35377975 594.99067702  92.91287989 654.48749385]
 [604.0483957  232.79196496 272.47856104 600.460077  ]
 [  2.73895401 635.05970518 242.3351804   83.43912199]
 [788.34758467 471.4438065  167.63009755 761.29466209]
 [533.9016892  554.63125525 594.9449219  750.01932305]
 [429.5508347    4.77630266 364.21269678 364.20750162]
 [446.36007605 589.59940519 359.82775542 531.91579978]
 [165.67664547 263.95447538 280.12399194 773.6315987 ]
 [751.88667014 712.04646813 275.90579859 232.0308664 ]
 [344.49544232 348.05155216 282.03305581 312.02517667]]","[0.09983759 0.13696099 0.06889189 0.04146385 0.72803441 0.82479754
 0.80597681 0.55577828 0.60817196 0.51077488]",177,2025-03-03T23:21:51.506890
16,0.9191859954867125,"[[ 51.45808831 632.63690659 475.29095561 785.50973235]
 [799.35163915 647.29067596 519.93897993 590.09585747]
 [581.92589048 199.67457492 313.30407878 778.57587713]
 [663.80721503 254.02934806 311.07344411 202.80666628]
 [694.69808553 338.78665809  20.713341   283.49838531]
 [ 73.27906417 496.07237314 522.93360581 545.87812175]
 [727.05220507 113.54998361  73.14700659 345.22064733]
 [693.35753893   2.65398025  86.76083391 485.13499801]
 [631.83749761  75.6619358  645.91076088 235.15780196]
 [797.00996931 476.17958673 115.70689826  67.89498572]]","[0.67614179 0.43533079 0.55905779 0.11673301 0.40695636 0.75931113
 0.98883539 0.80409665 0.2949283  0.40908499]",178,2025-03-03T23:21:51.514610
49,0.8701079044854106,"[[404.52931649 404.41064169 413.24169149 296.66411614]
 [687.38388134  89.63710173 637.12076505 149.60295294]
 [709.00924305 213.76528138 293.91434438 702.10155759]
 [326.90887418  44.23192326 276.97229111 372.28459417]
 [699.1417958  761.16644243  34.50273361 162.64257882]
 [158.24983166 674.00025431  19.20560151 792.05594788]
 [647.85178106 404.6338594  487.99832872 691.28686918]
 [445.14247264  44.9325843   78.01545893  48.18381969]
 [667.56348642  23.2181089  418.26435877 714.89357327]
 [399.06327484  82.08309323 557.07938438  42.74288663]]","[0.30944453 0.02611519 0.44424785 0.80490638 0.97448751 0.52868067
 0.80053669 0.72833818 0.80590419 0.22645283]",179,2025-03-03T23:21:51.520943
16,0.8098946650509022,"[[710.56075323 559.44500665 642.03912916 774.10930058]
 [511.2906986  480.00779161 412.56123238 606.06997544]
 [407.23883453 265.48586008 227.80648889  50.09408237]
 [678.09805521  95.35264681 164.18548625 258.38821677]
 [675.7516005  272.72574412 423.37768944 440.62893834]
 [710.58333552 210.65873576 434.61960517 788.5214001 ]
 [154.79346148 372.50571672 601.59561622 508.62204254]
 [601.64344939 630.47073224 722.67457549 405.57559997]
 [394.80826356 749.98144226 387.55787927 567.55324694]
 [268.30512447 244.07207314  99.17018674 492.93542268]]","[0.70915001 0.27568063 0.76818121 0.64201306 0.99407187 0.49440647
 0.8253693  0.63803899 0.32743858 0.89317582]",180,2025-03-03T23:21:51.527081
15,0.8518336067762733,"[[696.01604722 742.97897019  78.51018351 184.2590922 ]
 [642.30862509 131.15666883 174.6348037   24.24572605]
 [238.48353013 757.0642036  129.08909081 561.07750482]
 [ 39.96676701 691.15711141 268.68412002  78.16488673]
 [488.53742446  36.14738335  71.85175541 118.83171176]
 [ 61.60429292 245.10043971 106.79906984 504.0013059 ]
 [336.48202815  68.5238712  708.45152859 467.1159301 ]
 [174.59773072 310.51363188 658.76345927 278.90681747]
 [289.30693232 220.4578589  179.23348463 684.22637229]
 [442.31277473 417.58096438 773.39375897 618.63775861]]","[0.08320791 0.30869091 0.63484343 0.46293114 0.70535763 0.26344489
 0.06342294 0.97716447 0.4167165  0.96716919]",181,2025-03-03T23:21:51.535722
37,0.8227846245046836,"[[ 75.59236096 222.82486812 351.7178137  509.48913653]
 [137.8619873   35.9323791  410.13413379 655.39588116]
 [238.56074241 492.34993088 425.8377877  574.34267545]
 [713.80195131 463.40680627 251.41911129 619.25728113]
 [ 51.73544144 244.19344849 538.73880264 525.90550872]
 [631.82280444 493.45106525 125.64715426 590.14157826]
 [ 70.31330062  30.15731597 468.4885556  561.80522133]
 [762.12088598 686.14574942 198.92598472   7.09691855]
 [ 89.98492783 658.26978563 205.90956272 416.76789448]
 [ 28.72003339 408.21778998 335.95918795 201.36720497]]","[0.15656595 0.86033059 0.61286835 0.78650083 0.61264047 0.74798399
 0.286082   0.89513686 0.74108005 0.65460607]",182,2025-03-03T23:21:51.542824
28,0.8446940196335376,"[[240.51148884  61.34069861 717.25293465  33.10469512]
 [630.34230942 566.14487669 451.26232557 316.68447644]
 [470.86756162 246.56081218 328.02785536 666.18062857]
 [494.34503766 251.60192294 173.01753989 724.47386078]
 [795.18269835 126.04586906 561.35477784 712.53559741]
 [681.780816   722.52110482 361.16213443 521.59172392]
 [107.42966101 343.84546332 689.94990057 346.16821867]
 [434.43547777 611.51199249 683.12310347 615.62036668]
 [184.08306264 164.61127464 642.70535056 552.33854522]
 [321.54152095 418.0250595  395.48817278 210.75996748]]","[0.60737128 0.58188522 0.86538001 0.15190931 0.12830357 0.75057675
 0.15370787 0.51904244 0.48318426 0.94217933]",183,2025-03-03T23:21:51.550341
16,0.8999098123979413,"[[578.93261476  94.95554894  86.86364339 550.08213551]
 [ 53.82272332 566.01549012 448.86372998 587.83536868]
 [155.37596497 445.9850248  474.4266617  770.80363547]
 [174.9710705  640.55928408 534.18146067 631.45673223]
 [685.6121905  780.40630452 237.5578255  195.35078017]
 [183.91038236 694.58552914 415.56869179 521.10953975]
 [550.53937019 703.21484145 249.33306109  88.70177408]
 [259.11743336 319.42842629 251.96304157 374.737539  ]
 [ 43.29158309 162.43268168 245.14644821 292.40595941]
 [300.99911919 147.20258705 128.58608687 304.9378169 ]]","[0.7056359  0.83425106 0.68756182 0.52812285 0.10481199 0.30090767
 0.51938271 0.45060586 0.12872793 0.89039622]",184,2025-03-03T23:21:51.558200
38,0.8874907627739548,"[[ 58.71148913 217.06801091 328.84363938 407.31256047]
 [541.66392375 623.30727767 475.75105898 292.42528856]
 [544.62403713 244.25874136 452.22244331 147.64962929]
 [484.15656598  58.22955206 707.18023642 642.05256877]
 [669.49162378 535.79225282 152.42242809 551.00151527]
 [256.22141574   8.70900608 698.81794536 349.22711873]
 [321.41525559 284.02052947 524.51175103 191.09026406]
 [729.5423704  515.86299763 634.71672461 467.21743873]
 [606.70789487 180.09994071 303.79568471 115.98537937]
 [302.07882622 541.92772818 610.21113186 545.79573573]]","[0.13984878 0.19940499 0.88190257 0.07914909 0.18143105 0.81228994
 0.77877826 0.16711696 0.9428403  0.49968394]",185,2025-03-03T23:21:51.566314
10,0.8754854175513331,"[[271.05350408 548.92658289 706.48315151 420.79604183]
 [631.15910651  19.37872397 454.8585205  464.18127868]
 [621.16615117 599.17659431 107.69557302 435.64396438]
 [222.58674924  43.28400917 109.88600711 425.28029473]
 [261.36180955 674.4350715  363.02480562 642.81216366]
 [230.6738176  525.34873385 414.44239717 132.16244536]
 [672.91758572 621.92421515 266.25072089 449.4008439 ]
 [137.65413354 590.91830874 499.81679249 475.19037703]
 [463.52808863 462.01577127 384.85630068 623.41713846]
 [462.64201141  35.76052275 205.7416171  445.24487184]]","[0.71074572 0.32305227 0.72663137 0.56337538 0.51315899 0.79482404
 0.46961876 0.87010829 0.07640072 0.95253448]",186,2025-03-03T23:21:51.573033
23,0.8852886353200976,"[[ 75.70733106 563.51913753 475.30040089 172.70895686]
 [157.96412135 267.33325001 476.91864569 693.37930108]
 [738.56274728 508.89723964 649.15487264 105.54742926]
 [614.09058882 327.83882712  48.89842132 738.98994955]
 [553.96097783 208.57205861 553.10978994 275.13232414]
 [659.67054968 725.71563149 113.959136   519.31194453]
 [196.43565876   7.21329733 671.03869448 300.18773687]
 [692.93709059 742.06258907 776.72714627 474.65346355]
 [375.78419213 265.6897356  246.84074084 593.11542663]
 [544.56745865 413.77288867 314.79925341 620.04969823]]","[0.72591229 0.74864225 0.08531182 0.7621207  0.67504515 0.19982705
 0.64692028 0.19258879 0.32438931 0.98499963]",187,2025-03-03T23:21:51.579793
12,0.8818822136232435,"[[628.5216119  170.47387467 506.12445401 625.7216022 ]
 [227.56104903 185.48813068 768.4936446  134.11307454]
 [466.23723123 455.44486589 138.08600577 434.26706839]
 [145.50933333 572.92643767 201.38668898 367.57019937]
 [370.82653401 477.67866363 703.90734173 223.97687559]
 [637.98382505 495.05748065   9.69814264 700.24898711]
 [676.06423179 283.93742713 459.47238267 483.81401012]
 [250.58843823 552.97425291 405.36582371   9.31267293]
 [738.68951687  28.26931123 328.34695628  55.31513009]
 [353.02666936 770.01091264  29.33381525 613.28537375]]","[0.79050251 0.44063851 0.48632812 0.1899265  0.36133746 0.13287326
 0.50976406 0.18482522 0.74561107 0.60660072]",188,2025-03-03T23:21:51.586469
41,0.8534764624890395,"[[384.58662948 718.8976987  538.05236355 211.14521953]
 [311.40944715 178.75033996 386.86778889 408.1745903 ]
 [329.25508704 301.92860729 569.62822383 394.78469262]
 [535.69690084 684.67181816 476.26306248 109.43110135]
 [  6.52446964 712.04887542 233.07637023 347.03931941]
 [691.81029543 654.00248108 297.29439545 624.53016738]
 [433.86758483 515.47471932 160.87488162 463.85409506]
 [299.31584421 300.94380271 467.91349309 667.99645937]
 [566.31833596   5.54463087 544.11151313 407.1568165 ]
 [141.09874199 504.77063418 561.29151527 795.14613251]]","[0.81430532 0.09740423 0.94431055 0.71238156 0.64552345 0.71022209
 0.06749378 0.43069591 0.49286018 0.40079669]",189,2025-03-03T23:21:51.594120
11,0.9150811343909595,"[[161.03599182 652.50397904 489.93914229 525.01432072]
 [437.41195284  28.66541901 343.25832127 158.62769896]
 [285.75690805 240.37992086 474.38961574 655.05703808]
 [734.25203119 352.78287951 787.71463929 609.86664069]
 [267.18369444 574.99536098  40.56223361 260.33847781]
 [609.12040818 543.27616824 187.48928226 557.29734585]
 [639.18658593  79.82772364 481.08285518 531.90831079]
 [463.27903493 169.18208786 710.40529829 357.34145291]
 [620.04623904 425.18558619 310.02732856 736.22350124]
 [117.73226564 152.36112378 730.96041603 775.13877047]]","[0.10889506 0.60578713 0.88251351 0.93533915 0.75973486 0.71766953
 0.70107603 0.48242627 0.65363026 0.07300149]",190,2025-03-03T23:21:51.601410
16,0.8702216056677682,"[[ 98.28731423 645.33789009 705.10687323  67.49280987]
 [189.21243163 490.72016332 117.66585983 311.43895567]
 [591.40676285 404.38828554 431.29262827 351.97854124]
 [206.24744261 165.19679548 282.14718322  59.36358105]
 [ 28.12325627   6.34218904 634.56963608 482.67057996]
 [310.93654469  48.92366122 791.06000839 301.5712092 ]
 [465.25804954 648.42108741 103.34207055 333.80335105]
 [430.56613925 508.61795892 335.16664183 520.96376938]
 [505.9354643   97.88309412 219.57188869 587.89767814]
 [ 54.99492166 216.93572302 643.55383061  74.40891353]]","[0.06359305 0.54947644 0.14687806 0.55385367 0.59975157 0.63018086
 0.5326496  0.97862103 0.52349016 0.91703068]",191,2025-03-03T23:21:51.608528
25,0.8096119747620779,"[[222.80518585 567.25008197 540.09863499 223.43264747]
 [666.53813443 462.5496442  161.11440358 411.66875506]
 [463.1654009  475.19615267 593.69419681 593.13605089]
 [654.28883065 765.08612135 273.09423838  64.62415802]
 [340.91231941 220.68921532 502.54121278 367.46225482]
 [290.46802145 657.29657165 165.48134487 229.24407531]
 [699.68511062 768.1355351  775.28021556 716.08972645]
 [171.89931085 234.03400431  52.79094142 696.34561116]
 [ 36.1851059  647.644757   336.46798199 584.12193078]
 [ 22.18202736 132.96891405 297.91338892 636.61259072]]","[0.34313827 0.54302437 0.31579216 0.04955143 0.08212283 0.95513932
 0.08865924 0.50360882 0.15256579 0.92794695]",192,2025-03-03T23:21:51.616770
25,0.9386561097514066,"[[571.27962287 531.95933604 127.70677365  53.34033034]
 [598.68629435 581.1388756  598.39941492 780.84299451]
 [512.28903624  92.2606472  316.69998023  12.25140806]
 [613.95600458 786.29624173 319.68869405 526.65415102]
 [600.23759067  92.72724795 498.23441094 109.00463754]
 [735.75760572 287.9248213  575.39172063 165.17922757]
 [329.30934433 428.68530058 292.87646752 718.77494149]
 [482.52040614 333.49646613 786.04726121 583.81954744]
 [195.44440294 328.00095792 759.02062661 282.35485724]
 [624.18499157 719.24180713  23.52311163 411.156733  ]]","[0.99606842 0.42439392 0.61966706 0.70848776 0.3850295  0.53140293
 0.58566262 0.07278495 0.97731366 0.57335281]",193,2025-03-03T23:21:51.624867
49,0.8202078855218193,"[[325.47532929  11.9640362  160.26916878 538.67509276]
 [ 43.34540872 450.36424649 458.70197912 725.71818235]
 [162.63273982 578.93376648 424.3545501  258.53128262]
 [137.7242581  684.87525545 134.27428145 725.76355236]
 [ 79.37950847 254.41449429 469.83349093 439.50811043]
 [ 45.51440423 396.17078581 590.12892659 158.3024881 ]
 [383.71129368 368.88919785 394.0188778  543.90893074]
 [573.89579168  71.01968866 157.75603421 593.6180073 ]
 [355.3626869  550.84694169 140.80918128 558.54379325]
 [797.69397957 494.01852291  58.03907565 174.75023527]]","[0.72100197 0.4079429  0.48785321 0.92934405 0.60893174 0.3884786
 0.20342895 0.63968474 0.4280327  0.09301341]",194,2025-03-03T23:21:51.631922
49,0.8646267232052317,"[[499.52786161 500.0947115  486.78735719  82.07651988]
 [213.40039483 421.29458462 188.63687529 224.84806933]
 [ 22.63917126 200.19164804 773.67709631 523.14315532]
 [ 56.02791725  35.94099273  97.92246708 781.8232974 ]
 [398.05886159 709.64963175 701.54095205 389.67538708]
 [327.50463297 353.96211735 784.58783598 531.79017709]
 [583.68089648 103.71087652 680.12383218 146.06440165]
 [748.41556236 695.90805734 656.04026041 144.92253323]
 [213.54853059 472.51643827 142.0378208  288.7461646 ]
 [671.50821901 639.65544671  95.07424353 436.27887817]]","[0.31904987 0.97000288 0.27696863 0.57443888 0.46630003 0.76622293
 0.92638339 0.69240385 0.90598754 0.78141805]",195,2025-03-03T23:21:51.638886
45,0.8302643082487672,"[[421.02721332 666.53871887 703.23748453 565.87697456]
 [742.14327904 249.20758871 661.24389595 676.74426938]
 [605.14137396 530.10975383 237.0046706  167.47542886]
 [378.19732537 466.61938368 550.57850259 204.65952554]
 [614.45112296 613.89623197 139.97706707 696.72475717]
 [379.02552895 512.63308121 731.51537027 412.3306736 ]
 [ 24.84984562 256.75339501 598.67512863 497.96160872]
 [ 53.08730173 786.13929184 235.93251349  50.25833443]
 [ 16.80453129 735.04747451 353.60208423 784.19117306]
 [627.22383283 647.41395047 196.10813328 117.84649794]]","[0.84348603 0.69992043 0.99582922 0.64383354 0.62884853 0.47726165
 0.42915915 0.64437896 0.92180492 0.32654439]",196,2025-03-03T23:21:51.644976
28,0.8785486253896603,"[[708.65299254 753.81235384 297.72617403 153.21894746]
 [694.55343189 696.41851312 331.86995319 438.65675956]
 [464.97314922 224.05578235 462.38005148 227.62555595]
 [588.56181497 477.5805316  775.83836081 489.59042437]
 [182.77244521 691.50862129 585.6953418  221.83677589]
 [583.44638002 108.80745059 593.14957634 778.52188152]
 [365.42942579 178.57314676 169.03764352 284.11327123]
 [ 19.71123824 543.96629732 341.51594189  58.1380309 ]
 [326.08843207 461.41261827 408.09810398 117.34933037]
 [294.98229405 608.35468907 196.80196384  42.65156001]]","[0.81478    0.6913607  0.77153201 0.09354345 0.22133211 0.08195811
 0.54449285 0.71081955 0.05826142 0.4924426 ]",197,2025-03-03T23:21:51.650976
25,0.8585555594740923,"[[5.17996974e+02 1.91781661e+02 5.78005371e+02 5.33894778e+02]
 [4.05237686e+02 1.39719868e+01 7.68588244e+00 1.17189501e+02]
 [6.70932828e+02 3.71561105e+02 7.53369212e+02 3.41959406e+01]
 [2.56905782e+02 6.62687919e+02 1.47045103e+02 6.05375961e+02]
 [3.72323867e+01 2.03726132e+02 5.06094261e+02 5.57361223e+02]
 [6.96697850e+02 4.35788637e+02 6.87833513e+02 8.90164468e+01]
 [7.20559201e+02 7.53051027e+02 7.86963760e+00 1.42703906e+02]
 [6.20298632e+02 2.49039824e+02 6.46495948e+02 6.31126349e+02]
 [7.91744817e+02 3.01094061e+02 5.22913071e-01 1.99433280e+02]
 [3.35279464e+02 3.02179168e+02 6.24428293e+02 4.72311408e+01]]","[0.5426179  0.04465954 0.61126029 0.40779429 0.9914383  0.35553996
 0.47210336 0.23427371 0.33983665 0.12287482]",198,2025-03-03T23:21:51.657396
37,0.8773097101705438,"[[527.67552499 731.94544469 283.22739221 371.95943855]
 [180.91489127 598.32462943 372.14340505 675.99645894]
 [657.53119678 354.60115922 341.28977267 423.0403592 ]
 [101.85966422  19.3076026  580.060342   619.14394736]
 [444.86606462 133.81314773 599.76660928 500.81752654]
 [576.59601    789.48989751 700.39265209 492.73253355]
 [712.36472078 581.9244849  581.80998559  58.4679967 ]
 [470.73829242 789.20383074 356.99488301 432.88205451]
 [594.36438539 332.32560191  40.82435354  90.38755968]
 [504.65965373  58.90375238 768.72808743 558.94345926]]","[0.08049056 0.16217762 0.55049156 0.23356481 0.21401558 0.35096351
 0.37466772 0.75199555 0.9736182  0.71064694]",199,2025-03-03T23:21:51.665072
28,0.8192336705827714,"[[ 11.79116237 137.18033951 645.46766322 204.00108022]
 [ 40.20276656  94.14104329 292.83384488 308.2626488 ]
 [ 37.76952429 318.07014697 235.28018457 714.27702054]
 [751.82717116 439.07955229 219.88490722 558.94928298]
 [660.65886528 406.88585871 549.6272042  743.1357572 ]
 [753.41172584 425.58362362 721.34446449  92.59438547]
 [145.70455876 747.03655513 639.07817274 263.87650495]
 [709.36957499 589.46305331 455.98757598 544.0693384 ]
 [ 38.14458669   4.43272904 106.09158998  77.76517606]
 [630.68064706 540.06863809 773.21687341 360.70406763]]","[0.81478765 0.32606131 0.6482749  0.52147953 0.1822786  0.55819736
 0.36678871 0.58817613 0.78998551 0.16141443]",200,2025-03-03T23:21:51.671749
22,0.9251430221953235,"[[121.0511173  365.920996   108.07870891 430.76245468]
 [ 37.08278289 753.62010364 668.79835168 601.14398721]
 [120.60235716  45.02882226 670.1887567  129.90834248]
 [ 72.30275235 570.04567968 779.60559868 227.69201368]
 [488.51048657 591.60851773  60.40269014 644.71555472]
 [ 86.2615053  166.04132059 257.0047885  111.9302049 ]
 [ 48.68672544 669.03340485 422.95902904  24.9522036 ]
 [576.77701609 360.62885265 521.59689132 207.58154284]
 [ 80.23759688 186.11956597 382.87200887 217.43634072]
 [225.08181313   6.60747842 651.77111302 238.56571854]]","[0.8837161  0.85059917 0.25444455 0.39477037 0.30783827 0.10841543
 0.17824844 0.98664061 0.95861167 0.56271706]",201,2025-03-03T23:21:51.679227
13,0.897322107521598,"[[283.73514694  25.36978922  18.12946253 717.07660649]
 [256.61402368 356.83964064 607.87886407 611.8098158 ]
 [719.84044807 439.52544749 253.01765186  33.9703511 ]
 [410.76049076 482.21543812 101.26751557 135.19347923]
 [574.72887568 799.52086205 511.5148193  664.24298593]
 [177.27845967 278.75624314 483.43149068  77.54584411]
 [ 12.35321875 280.89645358 455.02735729 691.25303117]
 [236.6522599  768.25602449   1.8877063  508.72521827]
 [564.29221535 721.3526162  703.91320207 217.58186881]
 [170.68635348 175.99488759 529.67796023 543.42876286]]","[0.99189509 0.29558584 0.39929952 0.84393966 0.53996808 0.44602221
 0.05162984 0.5390348  0.33077457 0.94580219]",202,2025-03-03T23:21:51.686508
16,0.9427197117697249,"[[549.73074775 789.24970551 122.68119991 249.67518421]
 [290.05443664 122.08728844  73.18461389 492.47738129]
 [463.24194229 441.1354973  531.85458491 232.61118327]
 [299.01768051 567.07286597   3.39512322 382.62672817]
 [ 47.69441086 566.38176986 414.50137794 400.33114743]
 [327.62663879 311.44851041  19.50971798 208.33022395]
 [500.072207   529.62499228 463.38321742 421.77945716]
 [354.47677265  46.07402837 240.27292816 376.11694409]
 [290.50255223 105.38212291 686.47066454 142.55252276]
 [115.33265541 452.02361148 489.19327617  75.45693384]]","[0.66780695 0.45617865 0.99311907 0.27816282 0.42270705 0.07443832
 0.6879739  0.60462264 0.06575059 0.62540238]",203,2025-03-03T23:21:51.694803
31,0.8468521611277229,"[[639.71732964  57.81211003  55.04802456 538.16156553]
 [ 47.14952142 684.0571627  528.67717481  26.22213174]
 [121.24790388 220.4645667  398.38313175 124.37989999]
 [640.669088   424.16480067 375.09362696  92.00676081]
 [ 48.52721191 697.42334807 216.13003462 713.22928578]
 [ 69.59639595 682.66392528   2.71379341 248.1166709 ]
 [730.2527699  711.53490157 293.6734533  407.86975692]
 [253.85536013 107.10227332 142.54320908  66.91379325]
 [ 24.08569884 413.57177727 611.58005339 387.88170626]
 [263.57076055 547.40143521  69.49620868 635.51370896]]","[0.84777593 0.12853579 0.78032011 0.94634152 0.64340428 0.86613077
 0.94609173 0.5129911  0.06895907 0.86022909]",204,2025-03-03T23:21:51.703023
22,0.9473453392716383,"[[650.10593435 673.92294662 505.40080449 614.38573728]
 [574.47864416 341.60047177 187.89355296 778.58032157]
 [724.94117678 183.84486678  90.72599089  60.42820107]
 [542.33342513  18.88497573 779.90493491  92.04993641]
 [510.24301485  57.28851338 506.81699246 215.55148971]
 [ 33.75452636 495.26978747  94.51724362 735.52719854]
 [264.56449202 103.83172861 210.18713098  87.44534265]
 [159.5218842  513.32143107 108.95154759 586.35870683]
 [619.14546007 239.9241475  573.0326219  398.93152737]
 [ 18.49178559 360.60541573 308.52605469  70.41684364]]","[0.00503192 0.14022637 0.04736944 0.04542847 0.14516919 0.79568891
 0.7259269  0.30572981 0.47405509 0.92100492]",205,2025-03-03T23:21:51.710905
49,0.9297630328018233,"[[229.53849454 729.89955385 550.14633239 326.1141624 ]
 [162.59778493 667.11063401  49.31048713 384.83782562]
 [748.36850402 580.96874411 793.67109366 781.03271531]
 [ 58.90316323 196.07097129 521.48996701 444.15833287]
 [703.90611556  44.48950999 388.83257406 579.53284545]
 [768.11931055 496.47602671 125.47919739 419.53402115]
 [751.99484312 123.65880001 130.93573233  40.75289787]
 [126.81823747 376.0014184  320.8343454  223.93470125]
 [113.39435522 483.9747119  612.52191042 532.63290012]
 [228.21011398 102.38060291  47.71681136  67.96168618]]","[0.38032975 0.38681778 0.96364251 0.18159187 0.01398623 0.19219575
 0.8488352  0.46314404 0.46415658 0.84303481]",206,2025-03-03T23:21:51.716576
39,0.8120329936015823,"[[2.17503274e+02 3.81126096e+02 5.44556361e+02 1.23519098e+02]
 [3.98575822e+02 2.93040314e+02 3.26448368e+02 4.71915032e+02]
 [7.93859457e+02 5.50461390e+02 7.25415583e-01 3.59864019e+02]
 [2.77898449e+02 3.09849205e+02 1.81657041e+01 7.24966709e+02]
 [5.92470791e+02 5.62747128e+02 7.82375520e+02 7.67957239e+01]
 [7.54006525e+02 5.29344182e+02 7.77589120e+02 5.16490579e+02]
 [2.63280883e+02 9.91956511e+01 7.36290863e+02 3.00729475e-01]
 [6.89142219e+02 5.38805352e+02 6.66386777e+02 5.46421617e+02]
 [2.30603131e+02 7.79096577e+02 8.49362462e+01 1.35645139e+02]
 [6.80640968e+02 5.09551228e+02 7.99988320e+02 4.46028112e+02]]","[0.71682039 0.82777105 0.04992725 0.0569975  0.95121155 0.85171494
 0.27442232 0.83201346 0.55148066 0.27671068]",207,2025-03-03T23:21:51.723093
46,0.9420551136815869,"[[700.75581539 464.73687427 411.83177372 290.07340582]
 [496.79855092 399.59417455 607.43316307 298.39271772]
 [532.35731972 178.45845766 439.07154181 789.99191528]
 [ 45.13001202 669.19793898 408.58184563 497.71295578]
 [582.84912341 418.68534496 569.30540093 731.26624951]
 [444.83408856 425.10193704 351.99192961 579.31113302]
 [188.46208353 295.93218144 531.89373913 495.33618866]
 [759.25657703 209.67172308 276.48229896 637.36664681]
 [518.5335537  543.15474454 141.34520443  83.71423639]
 [583.39883699 471.86247115 280.74367006  33.68284632]]","[0.85033925 0.20133361 0.53462485 0.48577025 0.25115846 0.93362192
 0.72967396 0.45371204 0.16454143 0.18853047]",208,2025-03-03T23:21:51.730006
41,0.8535801734822134,"[[ 93.1638937  359.63190748 755.57051292 361.81472976]
 [778.0088864  554.65848055  12.77309738 585.2638867 ]
 [486.86635787 240.2722771  624.58804787 234.66826709]
 [320.64999396 594.28077255 614.8510267  581.56703766]
 [730.12398725 757.91749873 606.15712758 252.5687347 ]
 [620.2115007  739.76608176  35.76153917 753.94890009]
 [431.88110229 123.61685027 601.9325656  338.62255563]
 [599.87138862 536.66791286 311.61683281  71.72914434]
 [711.15595284 163.2225975  542.34738757 295.51910195]
 [704.31075186 277.54511394 105.28370765 742.05370789]]","[0.77301277 0.29503216 0.62763906 0.84228418 0.98140505 0.55533315
 0.52065957 0.13970958 0.37474878 0.89042414]",209,2025-03-03T23:21:51.737343
38,0.9304770221456502,"[[225.35318497 211.38577578 704.39696008 152.2935639 ]
 [324.35780729 175.92816672 654.0118722  193.89745926]
 [768.38486968 486.32539433 356.96846679  98.79455226]
 [677.09429811 386.28009385 275.93730299 509.19256079]
 [ 21.64432361 241.4924308  601.72217738 687.11210845]
 [588.17884506 720.8122655  788.71418228 114.72657247]
 [721.62580404 291.81800734 757.03883104 377.55513776]
 [515.78055723 166.17903687 420.20723268 754.72141535]
 [ 93.32051666 200.10707392 519.02551805 574.00405858]
 [647.30124891 135.25426558 218.57930168 122.91295534]]","[0.35196147 0.5722228  0.37098717 0.73546181 0.60328402 0.84620437
 0.228393   0.50574667 0.37070647 0.2448675 ]",210,2025-03-03T23:21:51.744490
19,0.8720424506490825,"[[348.07155229 270.80361467  93.06221954 419.41656012]
 [190.73243956 675.89936206 582.58475431 373.88363951]
 [151.78896647 507.68891309 202.20512895 727.18280733]
 [299.85042113 175.11457237 484.68452248 713.17987496]
 [735.75168832 477.32614967 715.79219084 108.67443787]
 [283.59824976  37.65751909 784.40771567 336.94621857]
 [214.51926478 394.9860659   53.20601247 791.2783406 ]
 [393.01911644 652.06540722 103.69911011 671.83630327]
 [535.02025619  34.47459133 362.98732202 519.62446536]
 [494.02446247 488.12119174 387.88591566 468.20150288]]","[0.14396498 0.95380746 0.64120807 0.50292254 0.35775825 0.20484598
 0.45369619 0.13410832 0.51763074 0.6602082 ]",211,2025-03-03T23:21:51.753512
10,0.8838211925396366,"[[ 24.80108381 148.91482364 670.14272405 237.97334836]
 [691.19258111 782.34706261 704.00078661 160.91940057]
 [721.17296461  94.10596781   1.77912123  74.78542665]
 [419.62333693 221.80353174 674.07697305 341.32864747]
 [149.68386655 557.75752391 110.30399957 636.50145998]
 [207.43205161 209.29846396 713.44354538 368.39534672]
 [199.89141347 110.78032455 188.8273316  710.49486737]
 [120.12683145 255.98144823 528.27495201 548.04325581]
 [ 50.35831903 401.7174442  319.44875282 408.50620839]
 [119.54990707 174.52629903 276.44982089 641.33246753]]","[0.66532421 0.95425938 0.96913911 0.17019857 0.24030953 0.7330149
 0.36494757 0.28828396 0.70334246 0.04535186]",212,2025-03-03T23:21:51.762806
46,0.9440521707892908,"[[674.20072604 610.95275998 283.71519364 233.5627497 ]
 [681.61484719 155.34798051 399.25884862  29.44596274]
 [323.12993615 547.97408203  40.2224147  203.34872788]
 [ 17.980255   441.25293062 797.29432216 697.37528524]
 [158.10508216 186.93878561 256.26245287 426.05025449]
 [580.28757099 612.5977474    6.3017984  749.87847944]
 [446.90662744 701.14293456  23.60046966 178.95819874]
 [347.48079751  26.41913632 627.59789994 412.45532865]
 [586.78816098   1.53095889  42.1137892  163.2317565 ]
 [436.17534827 361.87330833 437.43342266  99.7235517 ]]","[0.52511743 0.9867906  0.19642441 0.33728572 0.47126251 0.10516559
 0.97157087 0.10989775 0.7879242  0.20757498]",213,2025-03-03T23:21:51.770456
38,0.8867148478603275,"[[449.07717527 244.29841478  81.76682232 153.99985998]
 [581.20746492 557.89793003 258.02639956 570.10144472]
 [469.77840799 508.08195312 625.12863144 378.64571531]
 [ 33.57755443 167.13260182  14.54613882 184.03712403]
 [341.95392088 620.89432333 561.9330423  129.7353301 ]
 [206.82999142 403.82571187 559.69362692 776.82810572]
 [162.18679816 427.43692655 752.14538141 322.00385668]
 [658.95530184 644.10674642 160.35329355  70.24758159]
 [793.01181329 241.3058129  206.46041098 565.28350752]
 [146.40699945  83.87980147 789.19507308  84.68694038]]","[0.81538481 0.0289393  0.82456492 0.73602023 0.59159884 0.61695468
 0.67396645 0.97489387 0.4385464  0.92106325]",214,2025-03-03T23:21:51.777311
49,0.862134363642287,"[[671.80924814 493.72232256 742.93465543 454.08577577]
 [ 94.31754994 731.73611798 275.54581127 704.08046846]
 [740.82434691 568.17966629 449.66748826 704.39506078]
 [446.60428528  40.99702876  86.11614269 475.25018897]
 [238.39189615 790.99759619 285.50408523 660.65093414]
 [453.01404284 313.85565911  45.63538214  65.11613574]
 [589.37399181 338.23567303 542.71254863 170.26517178]
 [516.61401533 605.85095324 522.63740105 118.96607381]
 [775.876993   294.01385517 355.86172348 550.3615943 ]
 [ 93.56858338 443.77782532 602.55392316 361.06502874]]","[0.7454751  0.96116954 0.41721062 0.64002612 0.6321971  0.98078347
 0.99847734 0.0980864  0.57040022 0.13998968]",215,2025-03-03T23:21:51.784559
13,0.9499463509685295,"[[331.21315576 573.63817647 172.8920437  706.73603549]
 [  9.29658136 266.7638495  548.90845103 764.21214004]
 [200.06124542 617.54235227 264.65498949 746.41360594]
 [326.02017878 618.16641673  47.71210693 561.20833398]
 [525.45953603 171.65602104 582.4023654  375.41219464]
 [451.84573192 277.72906118 356.25441591 620.77527054]
 [671.47797818 754.84747411 144.91336832 266.15492054]
 [224.19001283 400.45501387 513.92777151 157.04507857]
 [643.24066549 581.34774578 122.40662274 410.25517337]
 [271.57898115 602.9166319  271.49544861 112.15483993]]","[0.1325957  0.34436216 0.29953149 0.12685927 0.95005114 0.76422714
 0.24678281 0.60764178 0.96062087 0.85675636]",216,2025-03-03T23:21:51.791749
21,0.8172611793651487,"[[136.91504638 752.48847304 366.4665514  443.17944712]
 [441.57471145 267.17919536 127.69358232 678.64365276]
 [353.7305305  317.50045676 671.85958638 525.57514679]
 [757.2612132  490.90060039 201.7344685  384.20162551]
 [332.83806033  37.57357987 213.79220583 615.11918642]
 [571.9494039  323.42822488   1.53563164 113.94461323]
 [172.13545595 697.32439585 452.1148705  207.96737585]
 [305.03615748 436.27463685 312.4868695  601.06176475]
 [280.01896722 452.63536987 703.81550556  91.44775997]
 [413.33718508 360.06707356 575.10388774 263.20734274]]","[0.88057679 0.67511106 0.18564094 0.13796939 0.23385938 0.60232945
 0.22865284 0.82974152 0.0818292  0.10289415]",217,2025-03-03T23:21:51.798036
31,0.8785011971243027,"[[472.2921615  650.52257053 290.53402444 286.13070708]
 [347.10073612 557.83519024 590.8356113  557.6924591 ]
 [623.84989991  45.01249152  65.71164812 731.33963504]
 [757.64115622 368.01636871 798.87278523 373.57036041]
 [ 48.13688024 790.37020937 307.16520975 511.68079662]
 [300.65741744 247.1663902  202.44781532 617.76301206]
 [205.17075815 379.01302711 208.41365758   5.38983519]
 [362.84294812 536.76563714 739.57781981 794.63840485]
 [260.47851477 120.00654174 682.20977904 127.77243794]
 [621.90250661 763.82229895 670.23082589 665.57209821]]","[0.4432935  0.49127961 0.67718876 0.42473792 0.19349842 0.32429419
 0.90510995 0.15555319 0.30701486 0.44005793]",218,2025-03-03T23:21:51.804555
33,0.9318030127228023,"[[234.70651633 152.20333774 143.21086114 129.84166957]
 [586.58532311 716.20580697 649.86262525 259.27751602]
 [418.93361557 439.51637341 333.61214431 384.43923092]
 [366.44445526 424.07540993 243.10822279  49.80771516]
 [627.88829834 216.32096074 105.84935048 532.99540939]
 [309.86465381 637.79186523  98.36551911 133.28555617]
 [166.36232286 388.78243009 334.25320647  72.42975785]
 [305.90790901 142.74196358 431.51122191 387.69598085]
 [729.97422687 252.93857547 105.03428115 168.02284049]
 [780.29160115 513.63641665 121.76083995 128.74034277]]","[0.50614282 0.25412334 0.15061728 0.4315505  0.17155098 0.98648131
 0.38110434 0.40558949 0.18049365 0.78236373]",219,2025-03-03T23:21:51.811124
41,0.9314646231444967,"[[765.0736136  481.23729092  99.28823299 258.01627807]
 [429.56238028  56.13254141 471.90482689 476.74285864]
 [513.77614032 252.27327474 321.37276016 422.26020177]
 [522.2592028  506.2103015  307.64284272 149.70814927]
 [463.75875805 628.55909061 516.05568054 659.30306624]
 [746.1810401   19.52700707 333.55927643 509.65086056]
 [569.21832635 310.28558332 362.85917618 750.55400009]
 [447.58967273  18.61452107 645.26147022 296.3346348 ]
 [559.05055617 694.64083216 174.1023024  606.34691396]
 [300.22094888 246.14709177 391.67135193 282.1024235 ]]","[0.85459256 0.7387222  0.20221478 0.51641558 0.19881998 0.54013439
 0.68200924 0.78399302 0.32482833 0.15268226]",220,2025-03-03T23:21:51.818664
17,0.896656299293791,"[[445.55786185 479.27769468 709.09515975 543.3562275 ]
 [418.48509917 136.22430747  54.64679834 163.75034248]
 [780.8153586  519.0228745  510.36664171 545.98739037]
 [ 48.80974263 264.61036618 364.79070183 581.05498264]
 [788.37098338 367.38552045   7.50976431 301.60788672]
 [605.14071399   6.83174368 773.68545253 382.17254879]
 [536.28491279 652.99032994 347.34074478 110.01926402]
 [730.2306289  243.30131334 280.17412216  10.83354075]
 [391.90474104 658.28326874 204.23618203 149.80928815]
 [177.67248102 172.91213058 736.32729097 666.13328848]]","[0.17143027 0.932509   0.33075338 0.49968207 0.04681661 0.1610855
 0.56355745 0.10281112 0.02986244 0.43626533]",221,2025-03-03T23:21:51.825980
27,0.943429657130757,"[[638.98076763  58.70746902 509.88963554 750.99764435]
 [254.3995383  720.3889625  739.60612444  75.20322997]
 [503.78440104 188.85966422 165.93370862  94.89150528]
 [ 92.04946484  88.24072304 108.91266024  72.66587045]
 [406.96345283 365.56230768  70.72626761 380.86571235]
 [676.54439452 769.65894115 782.2108089  461.98928154]
 [309.50286566 441.36533063 172.58470275 435.60095226]
 [519.8892332  102.49290001 143.72919257  70.6868971 ]
 [560.21583694 735.29035167 680.6177041    6.34912421]
 [208.66683859 138.54325934 326.40376746 174.50871883]]","[0.95912637 0.90833162 0.39279784 0.59657311 0.16532379 0.04006188
 0.2489938  0.56701358 0.99983683 0.85702942]",222,2025-03-03T23:21:51.833950
22,0.931210297950902,"[[155.77142513 428.18614552 369.61303501 565.89714995]
 [656.32084    722.57523688  69.48310987 467.38066645]
 [608.29596877 419.03001268 649.77537352 315.61661136]
 [554.79653946 175.63040852 349.21813198 698.57872505]
 [185.09883988 386.82997889 695.05051388 591.47171244]
 [310.25010959 757.96276725 273.43505295  49.06481757]
 [134.46684632 763.42282664 538.9398886  664.00332247]
 [459.32505587 205.81385513 230.81810236 183.63181734]
 [285.30315992 433.49365051 122.2747101  770.39787787]
 [566.21044815  59.22052559 599.1286402  673.353752  ]]","[0.5420672  0.93437053 0.09434606 0.43139639 0.6986942  0.36261378
 0.28510238 0.48914836 0.88521899 0.63633535]",223,2025-03-03T23:21:51.840189
16,0.9435266564581992,"[[555.9359246  307.42477648 531.41437161 701.76893449]
 [537.38341547 652.62693675 148.92429459 463.96534369]
 [610.82837994 456.27291512  85.34341402 441.38336846]
 [562.61703356 373.66218079 714.95563276 401.66768021]
 [365.3230032  475.56503483 441.53053274  12.04905955]
 [ 34.84043285 477.73696703 465.67495754 548.49079675]
 [785.93155401  32.7363935  530.18213042 311.28708908]
 [402.68333073 238.98711807 374.67443237 681.76009545]
 [278.52644726  19.93665333 791.92946059 645.30582892]
 [327.38563917 354.98706404 761.00461842  27.25291745]]","[0.74344967 0.1135683  0.43273985 0.24596455 0.55230149 0.90262714
 0.65763    0.43294675 0.18112781 0.55289412]",224,2025-03-03T23:21:51.846562
37,0.8258245727755493,"[[422.31434647 489.18637524 550.44249929 528.37018891]
 [677.48203861 362.20625692 247.39711136 467.17332967]
 [149.95487367  46.98062092 761.88555365  41.94768216]
 [515.3605727  405.93884653 225.24808948 736.37279405]
 [243.99125382 626.83018292 264.42818956 476.8979461 ]
 [185.56526751 755.00041068 434.09334468 197.973094  ]
 [283.01927308 673.10477892 374.08612543 760.22575837]
 [542.68692565 132.9423889  252.86560457 283.26240132]
 [488.39796911 239.92483594   5.87457155 534.68947198]
 [297.44462327 607.10643305 661.39451779 464.78449631]]","[0.78430972 0.38707598 0.89707197 0.4959748  0.17453738 0.80936508
 0.98256789 0.25201614 0.5430815  0.47511988]",225,2025-03-03T23:21:51.853891
26,0.9241279365833144,"[[271.93929124 596.53352406 225.95825525 451.55592302]
 [304.54765862 499.12848975 644.07496312 664.01987704]
 [569.29002685 484.49958329 701.55511983 320.68723509]
 [542.08432608 394.51467384 590.21443368 105.42164489]
 [508.7213634  479.5991599  583.42750053  30.25151832]
 [427.00039482 146.45900092 614.03458167 667.19117794]
 [535.09269617 198.03500628 554.48754637 431.27416114]
 [732.42206173 402.79387786 216.56419291 256.29537431]
 [ 10.52531394 238.8520659  472.46339759 243.48821532]
 [239.69164431 670.22711761 114.39225286 298.23084414]]","[0.57137901 0.05056166 0.30340422 0.890877   0.99273245 0.03917899
 0.76970364 0.23586146 0.15048914 0.23042133]",226,2025-03-03T23:21:51.859501
29,0.8555561581140033,"[[192.01895222 548.73907314   8.74714158  93.30419983]
 [598.6251707  151.20559426 528.76439437 603.21273715]
 [327.17825817 286.9011498  161.69784875 669.20853619]
 [175.73843921 249.21756585 697.85320931 583.19003267]
 [134.71594524   0.82964481 160.80240733  80.5569863 ]
 [332.56592748 674.06269791 398.36506632  39.72399918]
 [655.941459   747.36421639 337.21688966 645.05205522]
 [592.79637827 634.71232118 109.10522969  40.80716325]
 [ 62.65728757 130.92317048  35.64972368 680.73886445]
 [ 62.00960091 183.38946873 239.47201468 685.48850632]]","[0.758753   0.82033334 0.86825558 0.51815913 0.26570535 0.38815281
 0.07750136 0.12928424 0.9771286  0.69697449]",227,2025-03-03T23:21:51.866273
35,0.94801117140376,"[[305.85509111 443.65117876 646.31732173 271.83869816]
 [ 93.70992937 774.76948846 738.79760492  87.60391735]
 [532.37018216 389.93365417 470.43592036 752.09733708]
 [562.43855489 531.66695367  13.47428015  12.03262819]
 [324.36684963 619.21749305  63.88426356 373.55061453]
 [106.8924375  325.96871452 173.31035538 627.51434282]
 [286.83579718  32.71583487 651.49481768 522.30214339]
 [  8.24880092 546.40577184 711.45303606 585.37841749]
 [686.84959865 619.13036242 632.33073819 347.61501567]
 [487.81094548 231.01798562 107.78847691 413.24711912]]","[0.38888887 0.48399073 0.82948225 0.62100817 0.67404926 0.08208999
 0.85404728 0.6414047  0.01194141 0.20537136]",228,2025-03-03T23:21:51.872912
13,0.8811791862531808,"[[297.37232822 516.49642181 744.39061746 420.10964708]
 [448.69132813 609.75691653 460.44521545 797.40396719]
 [225.58241783 377.79875629 601.31523577  22.17501861]
 [ 58.80963186 392.13968244 790.80190703 695.26646387]
 [ 50.31060379 162.05707016 443.74880154 337.30840111]
 [154.74561351  13.70867223  16.63105618 679.47885305]
 [155.73084903 427.48069888  42.19491837 700.08878739]
 [744.65878538 175.8997579  171.26634789 712.63381214]
 [558.40021977  87.23927789 722.77671131 628.99280967]
 [262.35999568 627.61435331 566.13164203 210.81791605]]","[0.10962917 0.92948199 0.977654   0.14156365 0.96238238 0.40123812
 0.78490012 0.67661582 0.90329148 0.23000481]",229,2025-03-03T23:21:51.879198
17,0.874965720424071,"[[686.24736996 319.0254164  485.4260759  183.45958327]
 [433.1608828  676.19182105  91.12381762 641.18776665]
 [357.38868064 313.92551632 629.6108329  274.56482966]
 [409.55998851 397.87487444 379.70413139  51.15133008]
 [163.01877174 412.97310557 501.44155344 391.18755324]
 [546.80724152 325.96535895 605.26179334 545.37803484]
 [554.47849576 293.42643911  98.45719426 240.67788686]
 [475.27039423 576.47992116 456.7835873  516.69956056]
 [143.74005111 267.35781296 704.36111792 136.47038266]
 [161.84361211 647.48935445  76.47843807 311.42517135]]","[0.23408117 0.49775332 0.24107913 0.61341143 0.82180737 0.21914585
 0.96416492 0.7895772  0.65513943 0.49675044]",230,2025-03-03T23:21:51.886041
25,0.91343654241614,"[[  7.10756236 198.85720204 704.24304487 313.87201676]
 [394.37823911 519.40732141 665.98409758 608.78859057]
 [694.72073982 321.39774398 781.84791271 486.85571899]
 [534.84236509 492.25791376 532.29018039 136.67075749]
 [233.13821205 520.93452313 587.75094127 232.69938806]
 [ 85.87542373 104.94584593 294.4031284  377.66676948]
 [769.29649396 392.71662228 201.79184798 163.2495006 ]
 [442.19369056  27.33641038 788.9347511   52.15692779]
 [627.196548   637.1798832   87.60188073 288.04824893]
 [770.60923533 401.85521741 119.9948264  709.49866228]]","[0.36070098 0.55671222 0.86975173 0.53431807 0.25995683 0.86085313
 0.58990018 0.63399805 0.13581872 0.56058805]",231,2025-03-03T23:21:51.893843
18,0.9192368648495177,"[[634.36029737 475.09233789 521.10392529 307.39287708]
 [722.26857425 296.99236017  67.32972904 564.7523319 ]
 [140.19459108 135.30481345 301.24142855 425.36498265]
 [575.08713367 281.25278401 444.68062618 444.85816288]
 [355.79262302 468.09838388 652.2256654  428.85380732]
 [ 52.68344843 752.61056182 124.52497009  23.82897504]
 [787.53682135 420.16584839 435.82896093 611.9260596 ]
 [504.02378015  45.69352551 764.05100111 332.92039889]
 [733.45177974 260.95675935  38.08146463 138.68663182]
 [667.27011487 242.99207729 656.16853365 365.50732493]]","[0.79270615 0.11298111 0.31520386 0.56623997 0.99006197 0.89165251
 0.80535986 0.4428862  0.27103679 0.01034271]",232,2025-03-03T23:21:51.901590
23,0.947385731260713,"[[751.70258908 736.82954681 407.06790584 219.84858165]
 [781.62352082  92.27888678 189.71382657 291.1965294 ]
 [640.45146044 676.56229526 508.15377081 791.93092071]
 [ 82.23447291 469.30292937 607.61391342  58.66476038]
 [581.69077712  43.11656558 458.12660788 444.4081361 ]
 [263.74503454 234.01723811 460.76258099 133.37401166]
 [246.56667276 283.31952536  90.09218309 282.07695348]
 [420.20532482 452.74732636 352.97637314 308.08397373]
 [679.58450883 677.60468085 651.71564878 496.93069902]
 [485.94168308 599.36027101 169.62653546 460.34365287]]","[0.94087908 0.34358727 0.75711833 0.23648071 0.0795457  0.48539081
 0.41660272 0.36048199 0.76439677 0.80169065]",233,2025-03-03T23:21:51.908320
10,0.909129752420101,"[[405.59815226 287.43529353  64.79598549 132.2232406 ]
 [300.17307359 789.05670021  72.48234067 191.00836478]
 [425.39277895 367.26855171 536.21987635 515.51152027]
 [501.78759043 364.85867789 497.78593173 329.54565829]
 [377.25135822 238.49711674 566.25538532 188.73815904]
 [452.34087703 428.20320089 728.38683266 589.48590924]
 [744.34983313 165.78542081 679.27866395 128.89808477]
 [268.3659538  591.90846636 151.75348956 260.83344225]
 [165.33610417 389.01372803 487.89328129  32.0674146 ]
 [102.61227558 129.483354   349.69473195 228.02251925]]","[0.44654978 0.93716906 0.08411743 0.26426085 0.3344115  0.45091792
 0.39546618 0.13324025 0.45696887 0.04159472]",234,2025-03-03T23:21:51.915672
29,0.8766806365584261,"[[160.12142338 713.17937755 667.30396319 106.29094167]
 [633.72528779 476.66683961 573.30080454 784.29528136]
 [505.2959651  348.4321931  457.65159554 564.80358136]
 [598.25931576 536.08835226  20.21959782 612.8623099 ]
 [ 54.38129027  64.88130524 667.86114799 750.30166708]
 [123.02592615  22.53143005 774.78774711 140.97628616]
 [758.05550885 437.48570321 550.78711387 659.85796805]
 [359.37793948 414.42265927  78.67879924 756.74314499]
 [343.38409633  21.4289062  733.78151867   0.87353957]
 [769.59159218 143.938389    43.39517036 355.6027951 ]]","[0.51810532 0.72781056 0.33331728 0.01298219 0.3006978  0.73922658
 0.12763114 0.57506416 0.85345718 0.21675757]",235,2025-03-03T23:21:51.922222
10,0.8181795534856532,"[[700.0123822  611.44013173 621.43821815 309.353162  ]
 [237.44811639 557.28510025 241.6453872  348.2001052 ]
 [211.38016431 507.37358104 611.69161761 538.49315008]
 [787.54670206 591.5156284  746.85071627 681.47693309]
 [480.19244145 512.47517044 634.07247821  26.2839852 ]
 [230.42350883 555.77829     71.2324256  142.9940708 ]
 [540.37119187 268.33850221 613.32204284 608.44263829]
 [613.65750205 322.56219991 478.51766456 471.22659404]
 [563.18367275 691.70018464 687.1469646   94.53471842]
 [383.85528771 745.39197546 331.98834772 786.26599152]]","[0.01784414 0.58490706 0.80021748 0.95067407 0.68600547 0.27378012
 0.32356068 0.32737703 0.76296149 0.21956081]",236,2025-03-03T23:21:51.926963
43,0.8099865458283786,"[[485.33733176 655.38198638 648.56411175 274.60616815]
 [279.10016781 744.52924057 392.7819274  364.6068865 ]
 [164.72311676 538.76434116 427.90235255 349.56647417]
 [178.15592555 314.0025718   64.38661922 159.95732782]
 [227.71233761  56.07936383 253.97306875 192.50971249]
 [ 39.39853854 204.14449563 780.72901128 682.93305732]
 [ 67.69610861  46.21790542 662.0563661  216.97095443]
 [231.51992763 658.65742292 397.38884124 547.80909683]
 [524.15627604 396.19002271 148.47527567 586.3875747 ]
 [792.79178016 205.69812967 680.7233389  640.48395204]]","[0.99746159 0.18965752 0.16884343 0.63348647 0.92625148 0.23262343
 0.81625493 0.32425793 0.11877996 0.32381974]",237,2025-03-03T23:21:51.933869
31,0.8948287000952869,"[[714.07334846 270.36272287 697.48632075 783.39857739]
 [666.78075007  55.05021742 700.87512813 683.77359009]
 [397.865089   584.36771652 483.13159026 380.42499328]
 [439.90888581 111.91406789  93.61858097 417.13265804]
 [ 44.30767849 432.39040236 191.19792505 633.09260268]
 [461.57645702 624.9345884  413.72048137 419.43153269]
 [694.77109663 638.49163824 306.2608839  340.70179937]
 [272.84379328   5.37265329 465.92262631 315.8711328 ]
 [105.54171751 147.13535579  43.1071874   26.84317695]
 [394.14499355 273.80798562 418.12291385 193.26910922]]","[0.97585636 0.73418978 0.74949029 0.83271723 0.07712634 0.76058347
 0.77684556 0.33065905 0.98226441 0.44523958]",238,2025-03-03T23:21:51.941212
14,0.878967728446188,"[[349.61508039  57.6583256  403.19168698 599.42538115]
 [289.66233468 368.45415543 232.20737004 574.22790537]
 [594.24937166 163.74711784 444.35931493  89.77672949]
 [458.90843421  95.02016141 172.07530537 561.94925452]
 [455.71669048 325.24346797 356.20234472 167.59285412]
 [611.16254385 488.10781685 317.86393602 295.22173585]
 [373.04849795  91.14136426 263.93383974  42.41551205]
 [506.04400154 343.38333621 750.50527638 531.094893  ]
 [ 98.87765761 576.87703086 521.6433278  329.28993879]
 [529.29471595  93.84712875 485.05062675 664.67034065]]","[0.85409882 0.05703095 0.6178464  0.42347802 0.10591608 0.33258959
 0.48446058 0.17046261 0.6382934  0.01888027]",239,2025-03-03T23:21:51.947687
20,0.8978074956314863,"[[313.8507031  715.23828256 511.10816673 148.0579492 ]
 [447.26153125 501.33537942 334.58465695 556.63707333]
 [142.41042672 457.68850704 473.4869512  561.30513661]
 [537.7764263  755.0913855  334.41348069 265.08024442]
 [774.38171677 611.00300891  25.91703422 327.82403809]
 [217.29388371 422.084387   576.96377552 237.92795427]
 [ 40.72564322 407.12276804  39.61178518 604.39642697]
 [179.84718215 357.56681268 447.30497292 749.36468226]
 [654.46596191 187.35710475 442.514156   378.53675535]
 [399.44966166 152.54534567 607.50680642 380.73300548]]","[0.83340326 0.43964613 0.58246792 0.64894835 0.25259578 0.84751606
 0.19465285 0.17806235 0.09671351 0.87484275]",240,2025-03-03T23:21:51.954675
19,0.9320619605960254,"[[ 65.75213538 107.74784225 566.79995075 692.30135756]
 [697.91092033 338.77936661 283.7165423  352.31305102]
 [370.20736076 470.25187456 209.81487582 565.2502416 ]
 [772.47896994 660.8740156  516.83312852 780.76058964]
 [594.77736354 240.53340624 396.28456591 747.86986693]
 [  8.62869183 632.7050826  335.43880302 236.35554942]
 [158.9618756  665.81015361  63.69184614 562.30657577]
 [101.46561418 387.94650421 205.97079168 195.76497699]
 [472.08338193 753.95754009  92.82164915 208.15622703]
 [281.22777013 377.32092858 420.04725599 123.36785828]]","[0.87814787 0.26790165 0.22040106 0.92841203 0.33524073 0.88834459
 0.17659154 0.03139964 0.73047234 0.28361261]",241,2025-03-03T23:21:51.963762
18,0.8681104412737111,"[[493.64893148 338.34162903 729.10459164 106.40899761]
 [591.1844504  171.69551979 252.10258775 788.27001723]
 [687.1443577  769.74024034 318.27610625 140.12443169]
 [ 26.61294848 475.36559788 115.33689888  58.0092744 ]
 [796.22031079 241.09080461 582.85492603 456.35921109]
 [ 37.91733708 364.30604657 154.41338366  77.09289778]
 [177.7736663  442.19634305 708.42855054 239.01536537]
 [223.18626528 447.96909921 377.16006058 328.0042613 ]
 [339.29491805 271.60237863 566.77449829 379.14193389]
 [736.89985874 691.15869654  11.4193164  596.77479218]]","[0.37178028 0.47462806 0.53796907 0.92763597 0.45200115 0.74416485
 0.44907512 0.19209439 0.63507387 0.94258953]",242,2025-03-03T23:21:51.971561
15,0.8613685284610942,"[[450.29425681 260.60320969 642.2440592  486.5324369 ]
 [ 55.2528714  278.64800117 190.68054067 465.80502787]
 [158.0023067  146.5684472  504.37779513 462.86261101]
 [374.11557808 464.22791799 178.3778712  518.30320653]
 [412.89110916 718.09759271 226.66703103 401.83378378]
 [355.49250379 673.09787527 650.40606795 208.08000118]
 [ 54.68241759 739.47463071  11.89426674 502.44803808]
 [200.86923614 352.42349205 132.02067949 370.37688783]
 [632.45592327 402.76766582  96.69052415 274.28114385]
 [ 32.39577957 519.34812283 344.27244332 619.48840183]]","[0.49655429 0.57337864 0.95980147 0.7477943  0.19518236 0.65324826
 0.69480228 0.74252458 0.75819865 0.33054521]",243,2025-03-03T23:21:51.978474
36,0.9142860707050338,"[[  4.64619103 577.97706946  74.41538709 730.29433984]
 [ 56.01592175 480.75221422 470.91934478 232.69686093]
 [721.18523281 703.29849443 773.901105    31.00424281]
 [ 60.3940459  253.2964272  546.98718436 640.88560934]
 [441.09341363 297.82595765 310.9401782  215.57213493]
 [437.42212133 285.69961785 624.69280461 363.52724996]
 [287.65885351 147.74385577 543.35378366 421.42107007]
 [449.17227186  95.52180587 478.80154955 588.38533435]
 [430.98342349 711.94747244 275.83864033 429.84300702]
 [240.41648536 160.57690201 134.0558206  786.41466005]]","[0.75296672 0.93330865 0.60424602 0.25549322 0.25222964 0.89716998
 0.5090857  0.44282362 0.89254096 0.48363395]",244,2025-03-03T23:21:51.984553
23,0.9317822602125101,"[[375.08838416 149.47321557   9.5189372  510.64878757]
 [795.74589016 748.36636354 757.10598799  40.33129608]
 [171.09681336  23.9412606  703.27271192 695.94789997]
 [446.83950829 629.62308764  56.83924473 656.00141827]
 [720.40174471 293.73100339 720.91483048 398.55612124]
 [369.53044508 336.56561303 239.69757526 696.03234159]
 [113.1363341  345.50086477 783.97292449 399.30518997]
 [138.67734255 540.66811983 161.18907024 282.78519415]
 [323.65348284 347.20626884 126.03252559 185.67211608]
 [438.77693166 656.40966943 296.74758195  59.93361033]]","[0.47853408 0.27300132 0.95372012 0.23757769 0.93258276 0.69320931
 0.16799158 0.5104332  0.1049035  0.40389121]",245,2025-03-03T23:21:51.990613
16,0.8864865683166719,"[[738.81411642 201.85479759 366.0648456   70.59405469]
 [ 97.99539557 270.93394949 152.93370834 737.70746071]
 [534.76658046 146.62702935  30.58118036 131.34782322]
 [ 21.35306417 679.78564516 131.08750798 299.16726093]
 [513.8438843  636.60287013 457.10448558 207.5219817 ]
 [272.91118149 562.75758143 521.51403528  81.14586101]
 [537.98936881 378.52877581 640.66577743 324.80803235]
 [611.47132408 644.49614835  22.53213161 344.97339144]
 [192.52573193 222.19768523 565.53298372 387.05405469]
 [441.36985359 500.72018386 572.97100772   1.71385926]]","[0.81699458 0.91511423 0.24944078 0.87783625 0.83969151 0.82084138
 0.78964723 0.14897072 0.42362816 0.48718203]",246,2025-03-03T23:21:51.997517
38,0.805143219213317,"[[176.39715591 760.15236885 600.08228158 485.76475729]
 [576.78873056 525.53765338 786.38155669 173.15851431]
 [599.04251442 286.01540628 689.13093778 601.29404581]
 [458.20430748 265.39270327 204.05374148 769.69235552]
 [640.05088966  20.93343553 633.58205725 313.96140861]
 [547.37990035 584.1829281   58.41161248 429.2050091 ]
 [142.99844631 211.20286452 578.63825133 148.58484581]
 [267.75429854 468.91236002 640.27936807 216.00899949]
 [726.07185427 341.86940015 360.42761949 596.58196337]
 [784.36122103 267.66142078 122.26255655 363.50372434]]","[0.37401533 0.85282573 0.93954514 0.80290773 0.41787749 0.71202193
 0.47099245 0.34383935 0.41295922 0.73592838]",247,2025-03-03T23:21:52.005207
42,0.8599138553030579,"[[7.76199060e+02 7.11812866e+02 7.32848419e+02 1.04492152e+02]
 [7.43943515e+02 1.28936597e+02 7.16506852e+02 2.14773141e+01]
 [1.83193522e+02 4.79142823e+02 3.82612603e+02 1.38895782e+02]
 [3.40783614e+02 7.73477632e+02 6.42185353e+02 4.97829588e+02]
 [3.13624938e+02 3.63020191e+02 1.82561840e+02 3.23167640e+02]
 [5.38448923e+02 5.36451238e+02 4.63684966e+02 7.37415796e+02]
 [4.90734458e-01 6.65131161e+02 5.97179744e+02 6.08031745e+01]
 [5.82431090e+02 1.96916676e+02 8.84324569e+01 1.57910229e+02]
 [6.24116841e+02 2.13876309e+02 7.21773291e+02 5.74197660e+02]
 [1.82122334e+02 7.73774887e+01 5.32046936e+02 5.36347938e+02]]","[0.04499362 0.54454312 0.78399074 0.26313729 0.68539159 0.10035561
 0.65859985 0.36495876 0.97815948 0.60776288]",248,2025-03-03T23:21:52.012272
13,0.8022533065502468,"[[478.12964001 365.17940609 152.75762431   9.41940018]
 [446.87781301 361.54571577  40.18433507 594.02732498]
 [210.08509781 470.48933595 730.46010015 457.17839175]
 [149.84686251 493.12824275 249.87080871 387.66855742]
 [594.0555062  612.38333339 714.32838951 120.5328322 ]
 [485.80440895 149.40603178 521.42307079 258.88929018]
 [390.75131575  54.51328952 463.10419932 416.68321746]
 [280.12284962 749.79858507 622.50533629 663.36767545]
 [422.93464947  33.91780938 748.64640927 199.22436426]
 [448.59559469 210.25127378 751.94385903  87.47825844]]","[0.3093391  0.26934617 0.6965593  0.65148524 0.53358028 0.65050537
 0.50190962 0.50971426 0.56908191 0.64611514]",249,2025-03-03T23:21:52.020366
48,0.8781243241814563,"[[386.6377011   62.71322217 394.59167878 575.57509596]
 [  0.82553421 790.10176495  64.2466016  636.27545922]
 [564.36486085 181.18130549 631.54847535 714.20425335]
 [120.66410583 749.18753417 304.96733442 174.96764534]
 [ 92.975896   529.5253405  251.43042152 148.00900988]
 [518.09356534 570.37889204 607.36782893 183.41125405]
 [ 64.4825552  361.76140513 263.96367228 562.83381085]
 [536.3828844  212.34641077 507.00470218 448.12537509]
 [681.96411501 465.49363607 399.24667497 119.45794642]
 [663.38286861 411.32269236 208.85920747 691.83826045]]","[0.2319668  0.5337403  0.88773102 0.14850162 0.78466396 0.93534219
 0.36856888 0.37638901 0.22576859 0.5257684 ]",250,2025-03-03T23:21:52.027921
47,0.8622062176665966,"[[212.79212938 407.70882578 419.06614889 275.89984862]
 [244.72717085 323.40925156 283.27555787 591.84478478]
 [251.13051437 280.64777298 703.02838745 676.99082643]
 [106.47305488 463.13330094 194.35659127 567.63201759]
 [618.84962848 367.97221642 202.20250225 245.23707406]
 [163.95376187 316.54488436 679.06460871 173.84319026]
 [ 60.98021242 312.91100358 251.02003197 275.76768307]
 [545.56077708 233.96116422 576.7139165  171.09189677]
 [204.00246446 539.24005881 288.5476685  727.3059815 ]
 [791.17818614 576.40748341  55.43873102 644.77356232]]","[0.50630451 0.33045386 0.5871734  0.98185921 0.95684125 0.67580556
 0.63307099 0.53082673 0.10930186 0.00283928]",251,2025-03-03T23:21:52.034828
26,0.8200300804926641,"[[296.33997174 705.60960559 229.88734604   1.3660449 ]
 [134.20454116  27.3368253    1.46629165 748.81138197]
 [ 93.25136054 264.65904085 543.76393108 225.43626462]
 [569.81570792 434.19552544 500.56856724 490.01861364]
 [431.19884623 200.78982304 403.28881349  74.48457219]
 [ 15.28005614 208.09675843 220.45244987 425.46267142]
 [548.27769117   8.54275471 240.97121098 334.5420933 ]
 [544.58844654 442.50085647 153.81815241 756.7175581 ]
 [520.52771676 676.46454115 572.34517771  79.75815443]
 [748.62838207 481.94753916 532.24484326 359.8990587 ]]","[0.61117354 0.47932788 0.3471423  0.66553378 0.75070185 0.10686951
 0.04715543 0.09312469 0.98157978 0.16146604]",252,2025-03-03T23:21:52.042461
50,0.8429812118870442,"[[ 44.50971405 727.50870644 215.6630465  435.01787419]
 [176.84973838 358.97262615 243.68793202 440.25448343]
 [225.04536561  10.27456743 398.78276078 139.49758637]
 [694.45704702 281.65085118 187.45668857 456.61199604]
 [368.77312754 128.17598537 744.9619532  678.55095976]
 [421.63515637  16.4541971  183.16051141 488.14495856]
 [124.76340874 480.79519736 368.46162151 595.77665934]
 [411.90406421 219.14656069 474.55803613 631.61586436]
 [627.14804239 711.33222049 661.57178724 412.91250022]
 [711.7283129  540.34988717 420.99788453 519.49270436]]","[0.18877366 0.25816797 0.32050865 0.03706809 0.2776457  0.10782905
 0.98740294 0.35173743 0.13717749 0.52910632]",253,2025-03-03T23:21:52.048835
43,0.8212326145028416,"[[356.01678913 785.86308304 372.05943513 768.55667526]
 [642.15294689 291.03638371 423.89526665 589.07224793]
 [283.87909701 472.177347   430.6452476  452.80872708]
 [690.18081558  88.65681748 671.2547488  228.81869138]
 [643.80553435 644.42120403 190.88973869 445.14643362]
 [648.81107379 455.02787443 264.98546696 107.65566017]
 [565.35411419 624.92386447 712.69672685 523.29725252]
 [700.85851931  12.75534543 432.02574654 654.3442081 ]
 [193.79695467 517.54617027 382.51220018 305.73345346]
 [592.13915943 144.62679492 342.1500369  592.525583  ]]","[0.99498311 0.21068913 0.41473351 0.91663199 0.14723161 0.41742407
 0.45077872 0.79074378 0.55851452 0.13498956]",254,2025-03-03T23:21:52.057844
18,0.9445204132507108,"[[264.89662696 495.60558383 204.86477188 233.14929629]
 [172.00843785 773.97713565 450.24892992  24.70051589]
 [737.72835687   1.38651479 506.58004301 176.22117533]
 [299.8565876  659.16384704 790.44923842 289.54049566]
 [323.23223593 155.88261024  95.27455935 390.33586538]
 [198.4704959  236.90002415 544.56979646 359.91007592]
 [364.27579102 312.8310254  689.89549989 519.82491014]
 [494.1452609  504.40135299 270.92422023 477.09145536]
 [ 56.79341709 602.77282253  70.69372447 771.88462555]
 [622.21606426 338.95876243 685.82903246 539.51396139]]","[0.18583195 0.1982541  0.92956818 0.59075339 0.55157729 0.58881484
 0.54813563 0.14642536 0.87641624 0.85667307]",255,2025-03-03T23:21:52.065144
15,0.8847800150148348,"[[221.0363992  516.1602     236.09708682 351.57567507]
 [140.38636627 560.9737702  310.57389984 176.97130491]
 [179.31008704 779.50407489 769.60652035 236.41524839]
 [437.74883454 749.47278873  74.77444856 772.84987403]
 [ 90.71022205 198.78991694 342.85733504  74.00479465]
 [395.33154235 506.91068432 732.09401865 597.4459943 ]
 [381.81862011 681.99227948 508.78701559 180.70458564]
 [748.67065947 526.92637905 142.50629351 516.29899223]
 [746.21398003 157.05816035 286.22658696 473.47426432]
 [465.53575765 551.72001941 492.60302513 150.77404562]]","[0.53201934 0.86914923 0.63603497 0.25458634 0.09291223 0.84759546
 0.89866594 0.7130445  0.46794898 0.63113659]",256,2025-03-03T23:21:52.071427
22,0.8339860837990807,"[[784.48326694 569.24984949   5.27417783 757.53134028]
 [714.93078688 683.35247317 697.3769247  509.73842205]
 [415.37123473 677.5312013  125.9198615   89.62214071]
 [ 68.76232132 241.08049838 125.91329242 407.06210218]
 [180.02569036 434.74442988 459.69143909  28.78758765]
 [ 34.67913301 174.41636328  99.74087592 535.71291446]
 [190.99946362 352.18858481 368.2771799  313.48315321]
 [318.09372994 257.70299962  80.69082589 663.48179265]
 [471.07404493 338.72607482 115.2192137  152.15757584]
 [394.07763796 200.0738561  206.9190607  241.55111646]]","[0.62458267 0.05975215 0.80012274 0.33097191 0.91144226 0.12641822
 0.79223058 0.08488354 0.83930385 0.16811857]",257,2025-03-03T23:21:52.079140
36,0.8826317884007174,"[[645.04209772 777.01635404 537.95581828 653.75942617]
 [144.96571738 234.50470189 469.87634975 384.24786336]
 [615.04707512 670.9333518  725.33919209 744.33119555]
 [134.25738377 689.60031215 149.24451011 789.0031396 ]
 [ 31.20775789 252.06008369 781.54832068 699.29746077]
 [516.80113864 354.18341098  40.35925297 318.04182622]
 [255.73533666 135.12978928 681.78546622 136.28000797]
 [191.7718593  786.49881231 299.96022797 763.95864148]
 [396.76907297 386.6943096   91.00846891 280.42823029]
 [ 53.74956334 470.84400235 611.43765142 780.9053315 ]]","[0.51390227 0.49836635 0.21799569 0.89987885 0.21236571 0.07014745
 0.46256666 0.48747445 0.32543284 0.38543001]",258,2025-03-03T23:21:52.087645
46,0.8980298054364062,"[[406.32131416 476.51667928 659.26313247 315.08517292]
 [440.82049046 743.15150645 205.39139082  71.01030973]
 [587.21531709 512.49612894 135.46063598  88.23269171]
 [148.93729151  87.77270435  54.86080145 522.64853355]
 [275.48159522 164.96028051 470.40872351 656.15603835]
 [644.01021176 196.45444458 493.36691891 662.42734258]
 [413.75431724 542.07972182 576.553058   487.95844393]
 [295.79994196  45.71546552 223.8192895  521.77610051]
 [395.18876446 189.85839668 497.49282615 780.72688524]
 [171.02913406 766.75504108 791.28391391 557.20601505]]","[0.70864134 0.27552737 0.67815661 0.00922247 0.44232441 0.3578643
 0.52340145 0.95473484 0.36774264 0.15488553]",259,2025-03-03T23:21:52.094959
28,0.9074996334860317,"[[532.85717184 425.81004418 267.52052414 748.19710209]
 [ 53.50816155  84.66183377 297.6570852  476.11269514]
 [553.91229019 714.73492957 769.16262601 656.64597572]
 [726.29542138  12.0466011  379.98622774 550.35738734]
 [615.46886686 463.1020538   37.94942883 447.31445525]
 [698.5405237  446.97630047 299.92478985 496.87624933]
 [782.02800583 121.14044388   3.14264503 432.66985331]
 [376.98871806 671.93564738 765.79265569 332.38379597]
 [737.04525505 148.91442219 464.87553155 621.11600406]
 [ 35.73988002 588.27590803 330.22068423 128.66864907]]","[0.23752303 0.42190735 0.13453759 0.98286274 0.57857094 0.77785012
 0.64293405 0.67104227 0.26309239 0.85131899]",260,2025-03-03T23:21:52.102225
38,0.9314831766085956,"[[604.24801475 150.78413781  30.17745287 274.78623064]
 [332.11136213 638.99481306 290.14357786 169.37437177]
 [413.36296106 402.35005237 205.65618323 108.05849896]
 [785.96466861  80.10750652 536.95838431  50.29610012]
 [524.56316664 172.87246646 408.8469985  418.09982477]
 [ 10.95274145 650.60840232  62.55422574 447.97652337]
 [147.36212903  54.58331309 758.80744648 373.80010439]
 [250.63935466 668.58636074 135.18061719 792.16611701]
 [194.68730017 712.57645454 116.75580957 728.96358979]
 [184.11466313  51.49887686 533.16471811 144.22744982]]","[0.75090338 0.15004998 0.55094937 0.83367162 0.65279059 0.92806658
 0.30162879 0.70702437 0.74862538 0.47669261]",261,2025-03-03T23:21:52.112632
43,0.9457457182115573,"[[ 96.28631069 473.11899501  84.20903397 201.04219156]
 [361.53312421  81.11641897 459.59278761 109.24656411]
 [480.29728392 491.9806448   15.46351083 441.36960038]
 [203.4232305  467.35623051 609.95329637 786.93583145]
 [311.46118886 576.96059651 455.48326634 119.26432245]
 [478.60215473 375.76178171 366.85932853 647.48333222]
 [781.32071732 519.20115325 369.16943121 212.86352369]
 [413.2899026  581.74864857 248.91002867 480.38644596]
 [155.55723277 614.28280707 517.57350043 452.41711384]
 [260.97979738 782.89986746 745.98235359 727.29885847]]","[0.59519159 0.68462742 0.41031104 0.95730508 0.68713231 0.58321533
 0.22341955 0.3283385  0.79138306 0.72272482]",262,2025-03-03T23:21:52.120886
45,0.9012901521412242,"[[470.91392667 179.11169773 506.66384874 212.20490135]
 [ 79.56939031 448.37031014  94.7117079  122.58576797]
 [200.84093316 123.5048602  532.78155289 716.19460185]
 [633.54521074 363.43903236 414.54827533 232.83703115]
 [ 62.51448884  38.96597213 588.81073345 384.69418838]
 [758.33109499 552.73884207 170.20601232 686.97647034]
 [161.54181533 478.49505815 290.51730206 551.73432678]
 [ 85.26551203 580.19006321 635.11680375 136.56391045]
 [ 39.92769549 614.23397697  21.09310175  83.83796838]
 [463.95010874 113.16940054  63.27612362  30.57481303]]","[0.74470736 0.94343193 0.07415409 0.29963296 0.754744   0.28204945
 0.17479698 0.4562481  0.91077426 0.42051729]",263,2025-03-03T23:21:52.128774
37,0.811635669877746,"[[524.96594718 738.47195211  19.6356384  729.02451931]
 [ 13.4500432   65.06714846 371.89492712 752.18267895]
 [607.06269282 582.96055078 362.23104088  11.75636629]
 [566.02243495 201.4638653   48.09325199  54.05242438]
 [765.4916468   28.53737718 468.18790525 629.87450222]
 [ 45.74467333 237.67037755 692.15407383 128.52920848]
 [579.04651547 554.19649781 400.40328189 506.39238433]
 [ 47.68940892 217.53996848  90.48157351  36.74178847]
 [711.44700182 725.76482279 737.43949979 160.7698934 ]
 [554.60020273 572.09404963 139.7739632   63.88566418]]","[0.96525708 0.07475639 0.04348146 0.7233256  0.66959873 0.88470447
 0.44363878 0.98290752 0.82116134 0.91406103]",264,2025-03-03T23:21:52.137570
31,0.8152521149483098,"[[181.05588714 215.45979433 263.86581484  84.44240121]
 [451.06048489 184.18406402 192.49782093 266.63376404]
 [155.12425508 190.65774994 677.81229105 757.22666265]
 [710.38996131 408.87200605 427.49078448 434.95262733]
 [ 95.22773199 661.94541285 536.49041793 601.38710018]
 [ 60.6850602  392.42478354 185.27104391 392.60767828]
 [768.75432437 682.96472109 414.54148144 451.26702315]
 [108.19876728 416.65214156 162.59600796  20.69965556]
 [473.96050971 115.89071185 469.70766588 187.31980782]
 [163.67285846 404.54008122  15.83317846  83.80009783]]","[8.87819189e-01 8.36242123e-01 2.67205268e-02 9.49184608e-02
 1.05210015e-02 8.47524641e-01 5.25120511e-01 2.48132125e-01
 3.47844202e-01 2.69495972e-04]",265,2025-03-03T23:21:52.145426
28,0.8660659291510425,"[[372.59551891 397.344268    11.67179931 143.75130827]
 [528.65471975 300.60810988 173.93105157 240.4184647 ]
 [446.68945133 563.47173116 593.36047991 368.95979912]
 [258.23335887  80.81949616 468.95933522  64.07871125]
 [158.0422115  723.6425308   86.94239362 501.9844396 ]
 [488.09529495 697.53858607 315.74404051 274.46590364]
 [342.89319919 377.29288922 132.30097233 587.67273026]
 [754.71934148 675.31632391 797.19196699 157.28899089]
 [615.64749112 291.56423476 266.72234808 389.75821753]
 [246.60060219 465.98359597 645.70048369 629.07014733]]","[0.82627096 0.57320758 0.37187838 0.95468886 0.74322059 0.98864101
 0.23315248 0.11501772 0.30844621 0.84681245]",266,2025-03-03T23:21:52.153566
38,0.8558458845202104,"[[671.04437612 662.61366872 574.63108856 719.55350584]
 [787.20751894 446.98502828  28.12065516 134.69728584]
 [505.37336295 513.91384959  43.2772134   44.40449519]
 [369.87699717 511.13375349 115.00114342 736.0004819 ]
 [789.89360149 448.52606682 518.48625453  71.55634303]
 [543.42914408 130.92549908 797.84236149 431.2130572 ]
 [791.38821911 776.4519264  248.44890192 139.03642637]
 [ 13.27521515 401.29697338 260.20588911  60.91298733]
 [312.53330952 683.48066948 593.31816151 633.97840086]
 [ 49.86836949 255.3763332  174.23177879 472.08999424]]","[0.89092517 0.35199466 0.15144902 0.25763713 0.86700483 0.51031383
 0.20792059 0.52970424 0.01598357 0.22226508]",267,2025-03-03T23:21:52.160190
26,0.9113440541284854,"[[705.01410818  19.01016467 577.14777735 146.30323987]
 [433.08417539 722.1457217  246.91004775 772.79755998]
 [424.15188599 700.6639765  131.34183997  93.48646216]
 [590.63132405  25.24253751 163.77418263 294.50177511]
 [757.24150489 116.63265788 458.72098341 179.86659487]
 [ 80.16004292 424.69547986  99.082779   680.36506193]
 [198.45333767 234.17866647 210.32513157 266.97147516]
 [501.27221738 174.9397794  488.93316355 657.25253077]
 [403.6755803  729.81015345 334.38904976 125.31691308]
 [ 36.58374128  98.31917761 274.16245853 619.19160896]]","[0.9740511  0.71743449 0.05215809 0.11116952 0.55104361 0.8094352
 0.15397754 0.35338238 0.34276213 0.64381982]",268,2025-03-03T23:21:52.167420
32,0.8136247982794814,"[[414.93394269  33.89957861  56.67119804  48.83286955]
 [136.86651089 432.7530911  442.17806764 437.69626427]
 [539.850909   176.8794763  665.99736709 540.93070652]
 [351.6670219  394.96111955 592.64838237 541.08544644]
 [751.80063704 499.29276429 398.67451242 372.04539881]
 [ 85.02454565  27.70466348 253.26937248 697.56802749]
 [759.31887771 191.880562   321.86550108 192.75952272]
 [ 65.54781444 199.46491259  46.86832798  76.32723261]
 [695.14108866 129.00650127 165.17335237 168.93667085]
 [604.65157475 581.84608066 740.02236586 636.53683666]]","[0.57610066 0.67581173 0.62128865 0.00989404 0.6504568  0.77182982
 0.99700312 0.4599261  0.54610832 0.8408855 ]",269,2025-03-03T23:21:52.174849
21,0.8086106877074463,"[[565.33741837 661.97825115  49.78368237  25.32400551]
 [590.61284489 397.81143662 166.14094925 577.76498886]
 [ 32.30960598 669.35701551 693.43441591 528.87614087]
 [484.76147574 381.09378134 454.14565571 625.82418117]
 [469.9609065  453.86704349 512.28956413 158.89295915]
 [603.11016073 510.07151095 226.6815957  303.52590854]
 [752.51634327 773.91542456 662.75495398 357.43926389]
 [ 32.98412555 685.58497766 252.39770475   6.9630394 ]
 [ 44.23456486 747.27961741 641.23884723 177.11037997]
 [337.48759843 638.62624834 308.3884703  316.15120793]]","[0.11456002 0.63525589 0.94402261 0.16103406 0.00555043 0.61659622
 0.04986196 0.06800852 0.50582369 0.19945801]",270,2025-03-03T23:21:52.182917
19,0.8918035104052848,"[[150.43876743   7.76557594 258.14740899 574.22849471]
 [ 78.46157698  98.05476135   6.615235   438.13040171]
 [392.29347703 277.26651269 299.35407168 502.30599815]
 [ 62.44511605 190.76240882 425.24127266 483.32672678]
 [ 96.32624673 426.71305084 516.38789479 245.01348055]
 [  8.96053963 174.95675537  96.11634874  96.97934404]
 [784.66675495 195.90022651  36.29379535 783.73624456]
 [313.50733734 490.45678042 138.19774779 459.4114984 ]
 [668.91345088 799.64517819 206.43596786 611.89320728]
 [ 82.17957299 679.933436   780.20315117 507.71422978]]","[0.70385334 0.24264176 0.41561272 0.99220674 0.32723691 0.99987209
 0.33564957 0.78529486 0.50265652 0.77409264]",271,2025-03-03T23:21:52.192228
14,0.941721112011294,"[[154.01856914 760.73164452  95.21265375 306.88047099]
 [152.17281888  26.7662475  641.98873107 139.81878105]
 [492.77744495 606.17294533 686.81656223 503.76830252]
 [360.91239815 192.2713665  612.10318722 527.4293297 ]
 [705.74042017 195.62150727 152.00684979 242.1874259 ]
 [289.68705218 555.64953385 773.2860228  605.20941183]
 [762.72783281 740.25296214 139.70698711 330.92304378]
 [287.26819846 120.23421245 364.88887888 287.61239842]
 [316.82877709 645.68914174 545.24912258 279.14293383]
 [196.64792626 567.26946491 486.55757306  82.42443689]]","[0.34745026 0.59595398 0.22895541 0.23302981 0.47805794 0.62604326
 0.90413769 0.60738566 0.21089941 0.98269998]",272,2025-03-03T23:21:52.199374
25,0.9400731795745695,"[[191.72963206 514.5640331  535.98606934 210.38131159]
 [171.83399452 429.80997706 527.7210581  326.4949498 ]
 [305.32382934 437.39220975  19.15028103 431.060163  ]
 [778.23396704 675.1536129  681.0472837  576.85976079]
 [470.22816188 640.07184123 533.16690974 271.69394982]
 [330.14030844 723.46151887 354.84699556 277.23985943]
 [ 40.26528999 744.21936101 512.45685337 332.60667845]
 [432.28028974 288.98902965  23.8889794  718.3545668 ]
 [509.44535405 559.16061676 528.29434915  38.53357004]
 [562.98650365 138.18505197 569.9691152  326.22382944]]","[0.79621083 0.7093835  0.7354509  0.07843286 0.30144528 0.61901612
 0.31704596 0.26797254 0.20118337 0.15928537]",273,2025-03-03T23:21:52.207465
29,0.8950823241947604,"[[378.21375126 682.15316191 127.45331084 468.8959155 ]
 [ 93.98004696 728.76807968 789.85368107 683.60889195]
 [143.67075987 455.75925909  44.56897492  76.51631656]
 [169.45197822 159.6673517  781.68558094  25.80291941]
 [405.16589721 361.09288395 163.03097904 216.34230622]
 [377.38989072 739.84938652 265.31903026  68.91211695]
 [248.91190822 547.03752572 227.98144588 661.98149516]
 [188.35661854 102.58687319 615.20620522 508.37279709]
 [777.84557716 715.42119662 725.91837755 209.41573225]
 [736.1241197   77.53705241 592.5956733  320.53470402]]","[0.50276462 0.21531894 0.23485049 0.51487998 0.58371063 0.14354221
 0.92553112 0.05463133 0.96164212 0.34201208]",274,2025-03-03T23:21:52.215479
45,0.927503859497867,"[[634.641011   143.23968363 552.17361473 476.58194969]
 [713.39438998 388.97148282 127.89828911 116.6998955 ]
 [337.69149363 369.34109282 539.75153022 543.88417595]
 [492.80440088 385.00293497 379.45592881 772.89825478]
 [513.63016818 672.9986605  573.98466411  79.43183471]
 [676.11199903 742.49811647 541.54293618 648.53747341]
 [258.54113978 281.95472519 672.82405591 630.70800403]
 [395.47641685 767.94989637 687.53179248 329.97639595]
 [109.08587635  90.45026192 496.10949859 267.18031315]
 [595.87585069 284.07248429 343.78204083  85.32154858]]","[0.23833123 0.97715517 0.54726023 0.22178309 0.02265408 0.65913361
 0.26161627 0.93692175 0.13228038 0.7887754 ]",275,2025-03-03T23:21:52.224272
32,0.8311842574291751,"[[560.16123891 280.73323063 675.11732536  46.37831535]
 [675.34361088 499.79074744 369.96587322 231.17680447]
 [184.29017793 637.30822271 562.61037996 400.12411127]
 [231.06405926 720.82581917 531.75395132  66.77720348]
 [355.81513038 779.1539998  407.85782531  54.08095055]
 [443.71637541 287.66641893 637.64452986 124.81354761]
 [649.18513173 134.6388548  381.83209463 796.82471894]
 [127.55466064 160.54036239 711.40401781 286.40460679]
 [670.11742529 670.8253964  734.30279022  93.1411189 ]
 [218.69180224 345.00810931 260.07864703 664.60051247]]","[0.83428359 0.50874039 0.44575811 0.98099931 0.65158083 0.16014709
 0.95799782 0.76300049 0.05620344 0.34915369]",276,2025-03-03T23:21:52.230652
25,0.8628304279400769,"[[147.04962772 308.799773    72.85202031 581.44764933]
 [702.59372267 100.94505328 215.82030524 671.39711778]
 [575.72379847 377.90420122 463.9126406  622.50997584]
 [391.67197427 668.15858404 708.69309935 275.38175974]
 [ 19.6535088  446.6069468  154.95285204 627.42892372]
 [671.66202532 300.62121853 383.6068376  477.56985302]
 [ 66.4501397  524.93087491 621.61373874 186.61516798]
 [183.33675258 686.17541978 341.97778733 364.54219337]
 [444.04268072 220.79191437 443.08539575 766.07775509]
 [ 20.11588142 500.00841784 404.0695975  762.00845691]]","[0.89304969 0.33649092 0.33457248 0.06884267 0.80872303 0.93131724
 0.18491347 0.88086515 0.83942789 0.52541589]",277,2025-03-03T23:21:52.237336
13,0.8985946322933829,"[[565.65433278 588.14215795 477.47101354 212.91763172]
 [198.83189832 742.55163542 174.53662985 463.69444015]
 [339.31805408 103.09984789 428.78528381  76.20109112]
 [488.54632168  39.22295546 413.85894394 647.92632637]
 [631.36655763 549.92471452 603.89624851 671.4147988 ]
 [622.81682214 332.55039899 176.03516759  30.88884598]
 [369.96564851  77.22287347 354.80852292 775.98728116]
 [411.46925301 196.3586649  284.64408686 591.78000252]
 [604.88983921 767.25242595 118.14375219 399.19135922]
 [398.49915465 263.57433248  95.20211859 103.24296666]]","[0.08759043 0.69269171 0.33846537 0.35288118 0.00604166 0.08722771
 0.40177163 0.67609446 0.11857158 0.40622237]",278,2025-03-03T23:21:52.245008
28,0.8010934385710401,"[[125.18701463  63.01218971 374.08492325 372.23610449]
 [ 57.47669636 565.23045994 348.6145423  654.22997122]
 [345.84880265 737.1122542  357.93928729 326.66010081]
 [526.79100562 424.20049097 475.46111892  40.41879865]
 [669.9808707  465.78067169 628.08713196 747.29792374]
 [218.53303883 430.44260709 754.56762268 347.44963146]
 [ 53.59892078 394.99769388 423.65833775 683.60959991]
 [220.84208519 364.02023204 755.63762283 475.48331743]
 [571.78670543 669.46779625 767.43804962 464.612782  ]
 [178.32850856 555.37481443 105.14227803 113.24926608]]","[0.38099225 0.91501834 0.17435935 0.23920211 0.44988921 0.78729334
 0.36770243 0.73500753 0.1512092  0.9260189 ]",279,2025-03-03T23:21:52.251642
42,0.8013879351181352,"[[  1.5836455  794.57611072 733.07579911 669.96446049]
 [490.95643648 144.01910927 515.96994832 554.10099552]
 [732.30820059 385.07137238 123.57044278 277.72424769]
 [626.35751712 507.60552666 419.41919224 131.96833579]
 [  8.12376851 263.2149213  620.17154131  97.38209453]
 [488.70261555 467.70961333 267.17253553 339.36026288]
 [764.99372053 153.19856652 432.34533952 598.24426997]
 [348.22358823 569.82382545 124.11112832  17.754181  ]
 [557.87087821 799.79345758 560.191673   576.73670543]
 [518.01389627 293.40455308 305.19037955 492.72030005]]","[0.12353705 0.87790713 0.76416631 0.55487729 0.25543144 0.89265148
 0.36224664 0.58194571 0.90036263 0.07008045]",280,2025-03-03T23:21:52.258758
42,0.8651120230030169,"[[540.39122394 148.10504634 646.92021467 705.73487006]
 [699.13004531 200.39456038 392.18337122  20.68284741]
 [ 78.74302593 643.15685415  36.22589753 213.82606529]
 [103.81531719 570.81932426 133.44089279 343.4228167 ]
 [131.13801096 376.747796   298.15547378 236.99325203]
 [387.50491728 391.3743717  564.82374894 473.266891  ]
 [545.06967539 322.92638706 563.90748667 475.61820951]
 [776.22157717 265.49471042 661.49290224 740.62316845]
 [624.53166032 721.28578421 400.85188016 293.51604475]
 [676.07564619 594.0652755   69.20169588 219.80780893]]","[0.66298016 0.75222354 0.19227453 0.65999467 0.94328156 0.17922329
 0.55334182 0.29707705 0.96258076 0.54980305]",281,2025-03-03T23:21:52.264835
23,0.8833928209651926,"[[708.07714405 701.27271309  67.61040553 424.71377917]
 [204.47326108  15.94359032 321.78737015 333.92113201]
 [162.44042935 589.28690221 385.16445402 570.05192312]
 [270.87991104 254.80608009 404.63989113 338.22855669]
 [108.95460478 696.80140216  73.58882242 541.1147752 ]
 [192.42685895 576.68181521 272.64390368 311.6319427 ]
 [522.7957177   94.82165585 185.48783003 282.93161842]
 [291.2081489    5.65800816 719.49672925 438.04776908]
 [442.79027058  53.34919601 413.50353565 676.03721715]
 [620.36238185 314.8783253  456.60303049 783.4429339 ]]","[0.61103719 0.10366216 0.34064193 0.6502989  0.88069671 0.56567536
 0.27983244 0.74767157 0.67715294 0.88793706]",282,2025-03-03T23:21:52.275945
42,0.8561489978509349,"[[388.92138017 675.29782554 601.61637227  16.07590608]
 [766.87539802 774.77615498 139.20795088 552.9130934 ]
 [256.1440675  582.80612697 426.02023206 170.58143838]
 [ 18.99864572 631.01333232 135.43436958 677.39883178]
 [539.64172518 388.65268062 595.44290415 400.15778477]
 [732.67361535 750.10658485 308.39823139 219.5888149 ]
 [772.27595905 739.80820987 706.02106181 767.87722376]
 [  8.36612975 353.41090812 530.15499505 491.56398426]
 [  3.43538454 695.84506473 100.53247887 210.53558863]
 [425.2986015  314.06914749 440.29326479 763.75999259]]","[0.25525604 0.30025341 0.18321498 0.97876795 0.29221634 0.7346726
 0.36771628 0.80428631 0.1871332  0.82399367]",283,2025-03-03T23:21:52.283810
14,0.8544578585982873,"[[768.37849463 657.26455601 526.56607134 360.35011425]
 [ 74.45772005 561.85969952  72.3863687  659.49228377]
 [154.99730647 618.9650455   33.35569936 281.1050493 ]
 [694.96689514 299.64297386 585.45419051 263.2684319 ]
 [535.44336834 167.69175362 389.1326801  605.68846475]
 [ 93.97903758 561.43261093   6.0616051   79.10378348]
 [241.74866381 687.62364602 160.63323265 286.90236782]
 [138.32365818 473.2114227  254.58901782 708.60218224]
 [433.50897455 525.18746837 386.72144855 179.04341396]
 [ 57.74772796  95.16861109 206.86950544  13.34333037]]","[0.38851095 0.44590662 0.08692498 0.33281953 0.74687985 0.94696587
 0.49918689 0.23659695 0.31075331 0.18592833]",284,2025-03-03T23:21:52.289500
49,0.8857497943987059,"[[100.33495009 183.87445123  99.26646521  35.65604608]
 [326.07531001 635.85146945 429.03247603 223.87793896]
 [303.92077878 702.64917624  45.96017668 406.82121256]
 [392.67500496 375.73714804 714.44142599 782.19250086]
 [364.89862692  31.46721485 163.42984836 674.89656546]
 [ 94.27130523 182.86785466 510.11433723 445.36541487]
 [794.80895018 159.96076381 618.34665655  58.38773607]
 [344.1569578  489.02006722 482.41004116 622.50972892]
 [586.18738575  88.12690047 425.45721456 619.41491107]
 [105.81925264 360.31799066 510.86477582 319.11093783]]","[0.81460835 0.09261314 0.31541681 0.98456431 0.85282711 0.02214656
 0.85301739 0.21892563 0.30478509 0.62095647]",285,2025-03-03T23:21:52.295372
35,0.8977546649844829,"[[155.64538131 708.8287482  551.48599831 528.2248389 ]
 [452.20761524 493.17217258 571.639284   731.41184161]
 [521.28212852 411.85059193 625.08522863  95.8723975 ]
 [426.0666598   39.69897269 747.77004908 577.91569762]
 [115.85031393  39.73740016 631.29929683 621.34341974]
 [696.82639278 422.74005097 482.63572734 791.65084154]
 [180.4732104  629.0234428  499.96039066  53.78964712]
 [460.88167    139.58765118 292.03949975 636.09488839]
 [136.37314612 713.99746478 143.22831741  59.37976712]
 [584.50766168  32.80349268 269.17285842  67.29890075]]","[0.44663001 0.94550023 0.20578927 0.83844856 0.07761127 0.2096637
 0.29893826 0.59853503 0.69397867 0.79307223]",286,2025-03-03T23:21:52.302165
41,0.8345910974960762,"[[150.69703344 312.44518001 347.74746716 700.49927323]
 [600.52922172 687.04167743 625.92388505 357.19322707]
 [367.92200375 739.91636097 492.71083534 667.34288867]
 [274.82687686 789.43000437 425.05121421 697.53042766]
 [121.24986451 232.82925302 793.19399165 462.16132582]
 [643.08653813  10.27397391 504.59670755  93.61560161]
 [411.35540176  29.73402495 218.87041352 565.14011279]
 [211.93176539 345.42247948  26.60712947 542.97498715]
 [653.82268553 501.35830891 448.86897696 563.09930934]
 [424.52299753 793.00382774 507.86247625 150.07929395]]","[0.96926994 0.09160058 0.6772849  0.1907482  0.72729258 0.87134777
 0.21686183 0.88429839 0.17625261 0.23855367]",287,2025-03-03T23:21:52.309299
36,0.906882461847207,"[[112.10973403 707.62730321  81.72275927 100.45362979]
 [ 99.54965481 169.83038506 289.89007875 155.38024287]
 [180.88124373  23.91916402 704.61716125 463.63050836]
 [224.06793807 184.44254863  29.80216762  27.13846589]
 [ 15.07170604 212.05177812 431.03557257 603.0182746 ]
 [350.59414057 347.50354202 192.03118046 382.638467  ]
 [588.69654634 327.45129504  47.8425231  598.28276757]
 [477.46480131  11.87842114 671.24437045 283.17999563]
 [ 26.42428148 624.90362506 487.05187275 304.9511622 ]
 [790.22912793 381.52691324 673.17930226 309.06736854]]","[0.55416853 0.10295335 0.25335537 0.43051071 0.22650474 0.89576603
 0.13732775 0.08311548 0.05144602 0.9084898 ]",288,2025-03-03T23:21:52.314932
28,0.9084076767460714,"[[339.64679846 672.92426446  79.66003702 334.17685087]
 [156.45235809 692.64359684 352.4354411  402.81768065]
 [601.28654992  40.11530673  21.62675256 480.59028659]
 [ 14.425431   239.51180877 162.9135062   52.34534688]
 [557.68773842 450.81243899 488.68233359 589.63462031]
 [775.93998647 609.55935965 713.4343863  731.10360926]
 [764.34471726 306.19912721 205.72429798  19.93300041]
 [ 47.66732213 471.84378457 369.89867097  63.96834351]
 [186.09501236 662.01459614 269.27872202 275.90065793]
 [407.6475803  215.19880862 168.89582726 448.19059105]]","[0.69749834 0.98568284 0.73248442 0.09230216 0.00919689 0.74225693
 0.60066511 0.57568224 0.66697678 0.68169605]",289,2025-03-03T23:21:52.324021
17,0.9408312200622073,"[[674.6507433  112.41616437 387.71563491  43.32249416]
 [160.52067944 102.16961017 787.34472922 301.64837551]
 [ 10.59297545 726.91042534 271.47384116 191.19622099]
 [605.50662266 383.10614347  37.81093973 654.95295554]
 [482.21817315 372.30945341 260.24191822  79.51851514]
 [609.5366662  447.57492389  83.93628005 573.34941723]
 [ 86.65980898 277.00745797 399.84629328 108.93498233]
 [136.24344639 587.39589209 637.21147572 561.81605125]
 [562.04679203 111.0333744  260.15603029 707.92055114]
 [242.95905427 797.33268882 510.88531536 779.55960554]]","[0.74281542 0.27438219 0.51112083 0.1884263  0.66380746 0.81546325
 0.52830403 0.10801024 0.47297581 0.99026764]",290,2025-03-03T23:21:52.331100
39,0.8782921738536399,"[[565.57876444 170.93367298 669.24733897 474.28308251]
 [750.41195329 445.76214704 628.01995379  77.11065319]
 [570.79260423 264.07977005 666.00274662 709.1766569 ]
 [141.53825778  40.80130765 374.45480128  56.34298702]
 [378.75234243 374.11494515 343.96394534 750.7722677 ]
 [430.25978062 115.92082038 155.85026361 484.74539089]
 [425.63127944  59.73360061 434.18233408  59.72709663]
 [758.381009   499.96555528 711.83855699 730.90179875]
 [ 48.85051891 483.40683343 584.10354918 223.8593204 ]
 [ 12.02668393 432.13357077 276.41388512 460.80142693]]","[0.32971259 0.67684249 0.14925754 0.40300861 0.03626629 0.96665886
 0.11675474 0.20800718 0.96273843 0.14334384]",291,2025-03-03T23:21:52.339443
38,0.932960381150602,"[[500.04287168 284.96156561 390.04991088 352.32849071]
 [794.15135856 392.86939095 584.79942028  76.07547835]
 [626.20653938 166.88757227 503.46428551  90.52284234]
 [495.16387099 647.49207981 780.36354795  75.14664412]
 [645.73184265 792.79415967 747.28537128 377.89735079]
 [352.92162103 778.42998445 237.27407453 576.90141046]
 [464.71988668 400.73121679 639.31489589  12.64050627]
 [453.62080291 413.36388793 252.68566252 258.83986337]
 [418.00530997 438.19422812 616.30656672  28.94343151]
 [785.28571853 539.22262365 540.44184781 485.33447719]]","[0.60326897 0.67334465 0.67013535 0.26102913 0.04063246 0.33969055
 0.81242047 0.08070295 0.56297395 0.38008509]",292,2025-03-03T23:21:52.349444
21,0.87791663680202,"[[581.64732266 247.14936279 218.37653983 408.33306527]
 [702.80813418 108.99850896 678.9788804  775.48685126]
 [467.43401408  54.94141067 478.70060653  62.41433241]
 [650.3509896  634.62848559 508.538562   551.98075167]
 [779.56425642 196.72844902 616.23692974  65.197543  ]
 [128.10600063 571.00262687 508.93653028 106.09205254]
 [278.66982912 538.35850319  37.67818539 480.14350134]
 [634.44076557 788.07130693 369.12355264  64.77048366]
 [753.3458551  392.8430525   95.14235328 162.76459494]
 [449.3038583  530.6404375  253.12510581 747.64066085]]","[0.12289502 0.46309138 0.72409888 0.96194882 0.57301371 0.88245089
 0.4387543  0.63193982 0.40022192 0.52374368]",293,2025-03-03T23:21:52.357161
38,0.8117198392797328,"[[ 65.79010739  77.26607501 619.77184012 332.16212579]
 [502.54167758 761.13874656 166.41486146 405.33525067]
 [424.52221687 600.98714515 737.03725936 206.72718662]
 [ 26.36103666 246.81207686 414.26165065 391.01982315]
 [435.11113019 387.98664948 458.05413643  10.07398367]
 [370.40838958 544.81091054 177.89058657  42.83929576]
 [637.03160266  74.00486724 711.26716063   4.38243546]
 [  3.85038025 138.3039346  227.40297427 198.77059252]
 [540.86403235 453.01450545 612.44269602  47.48862518]
 [144.8645061  483.75643573 169.61256842 772.17634428]]","[0.45234152 0.32827641 0.00358652 0.49558349 0.71940403 0.39957277
 0.66331812 0.84207011 0.95919728 0.16425006]",294,2025-03-03T23:21:52.365508
29,0.8229428353798057,"[[2.43003590e+02 3.64536927e+02 5.96520554e-01 4.12497213e+02]
 [1.93403103e+02 3.99525054e+02 3.81540390e+02 5.28315470e+02]
 [5.03181214e+02 6.52665511e+02 7.26361752e+02 2.64447565e+02]
 [6.12407891e+02 7.50496155e+02 4.64384103e+02 3.23422689e+02]
 [4.80171555e+02 2.03219649e+02 6.97291108e+02 6.86124796e+01]
 [7.14634532e+02 3.92823242e+02 7.16285631e+02 7.53155461e+02]
 [3.30081696e+02 5.85920440e+02 4.77097093e+02 7.11903531e+02]
 [2.19613276e+01 7.58024396e+02 6.36129088e+02 3.03277835e+02]
 [3.07585242e+02 1.27650864e+02 2.86519869e+00 2.26858515e+02]
 [2.09167680e+02 7.98294414e+02 4.26860729e+02 5.43300687e+02]]","[0.24112291 0.17963376 0.44056134 0.6182463  0.70371441 0.40164792
 0.18268312 0.42080204 0.91595979 0.11473915]",295,2025-03-03T23:21:52.374169
24,0.8376477094247758,"[[389.99329737 747.63712281 734.64469822  66.36138857]
 [ 81.77055226 683.51856499 477.59135933 171.79576447]
 [ 55.80195554 649.30922797 680.96360277 633.59628627]
 [799.63957771  87.24607987 525.14915865 119.47357611]
 [370.06291482 235.91913723 362.15049717 674.90204701]
 [476.08438534 628.33550497 158.03001249 751.59852587]
 [333.26050685 302.43197576 667.28168748 255.53047711]
 [451.88295783 337.10381229 694.33193144 355.20035113]
 [195.65004013 475.79697864 733.88862237 284.8306083 ]
 [602.80088684 637.82056321 500.53255485 158.05407506]]","[0.55622604 0.80974762 0.37021601 0.03238424 0.79993515 0.33582436
 0.84444397 0.56103483 0.79625236 0.90945985]",296,2025-03-03T23:21:52.381769
22,0.8651974752551653,"[[773.53614534 543.18374564 387.55286541 249.54417929]
 [347.72896227 374.336369   513.13003662 468.77611402]
 [688.98350255 554.88063495   7.09112453 525.8050238 ]
 [643.52401958 400.11616834 336.61825019 522.80410779]
 [588.39295408 171.24098697 377.60495168 296.8401915 ]
 [303.58542798 436.12268295 203.28490698 214.29706871]
 [143.76621372 447.31075949 711.85932943 722.40725486]
 [157.11727797 584.19945241 261.40523297  79.87654693]
 [554.98666527 575.51770764 632.52682101 607.44938542]
 [109.80274401 352.07354489  36.668919   325.70714772]]","[0.8460905  0.9119747  0.37436041 0.36989567 0.20404079 0.48678919
 0.61010089 0.19572977 0.27345712 0.15421019]",297,2025-03-03T23:21:52.389309
38,0.8453914485033196,"[[197.70024232 126.10636957 100.63006656  36.88388209]
 [738.82714624 783.16197814 211.65129937 267.39341481]
 [585.34273885 585.84493057 311.18087776 421.46515052]
 [656.77434388  32.08948448 553.49768611 653.60997721]
 [296.63754621 327.27290588 463.75156465 616.49890193]
 [103.80343375 640.2564928  474.25299119 400.82756459]
 [564.00575935 270.47828524 347.58897868 778.36106616]
 [484.69143594 557.92607843 319.5484681  299.83585978]
 [498.9119258  621.92858063 221.83638595 698.57610737]
 [107.75428533  43.09956607 338.68371056 792.04145621]]","[0.65758121 0.98493701 0.21855937 0.69734708 0.07662897 0.68776553
 0.95184232 0.65414744 0.73582498 0.98648836]",298,2025-03-03T23:21:52.397838
37,0.8696900922063104,"[[221.99644272 323.57544576 170.69992779 384.06997098]
 [ 70.09166781 490.58779589 712.95903091 132.81088665]
 [550.16464161 294.19321077 513.10041543 792.21356971]
 [552.04384678 731.73066709 573.48471056 102.58826728]
 [627.82919931 436.6242181  610.51513163 149.97601666]
 [382.33810876 564.55276189 625.74669133 486.32501315]
 [427.55863638 642.72367838  53.6832984  254.64506869]
 [353.91610808 686.74729073 669.27629353 485.75954237]
 [455.72536647 406.28387291 382.60807064 357.46497021]
 [ 90.08150112 450.66529914 287.60009145 692.89615045]]","[0.68903607 0.34609435 0.15360027 0.92678882 0.97499264 0.1869139
 0.97516857 0.96922853 0.02593434 0.67882904]",299,2025-03-03T23:21:52.404588
11,0.8401841355608541,"[[181.00591672 201.84702946 529.06321628 107.69443651]
 [689.55533477 774.76377838 433.43540463 541.04255232]
 [ 83.60708241 693.17509902 727.35820159 550.23611751]
 [431.04900718 637.64257101 683.93909019 196.16899025]
 [527.79288555  12.43677032  30.4087055   40.39840436]
 [138.91095819 378.17878876 410.22838437 544.52400486]
 [484.82044574 367.7107774  117.56649139  16.2475828 ]
 [334.77456642 408.21180825 406.79741636 650.88799855]
 [ 19.19247807 319.40225966 620.99454757 367.15318936]
 [150.84137307 408.09160755 144.20527075 426.63069931]]","[0.77381302 0.15130331 0.91916651 0.59887324 0.97823453 0.22826548
 0.52010779 0.49579983 0.0611631  0.7336306 ]",300,2025-03-03T23:21:52.412752
26,0.8700727047924381,"[[588.37454183 639.15634751 512.26812853 360.55343164]
 [334.97730511 490.64264554 348.76822483 456.23117856]
 [415.22865872 592.22687148 256.79942459  54.43341814]
 [ 32.4211457  372.73121529 598.25749528 309.813981  ]
 [256.70977616 338.9487902  191.76085307 782.02139697]
 [446.9590295  403.74977082 146.78199303 350.17923905]
 [552.45991428 170.06817347 104.89573199 779.86031111]
 [254.87590719 116.11932131 443.18163418 497.40437434]
 [440.14928068 629.43632992 651.63305436 384.35684577]
 [284.19524138 257.28287679 202.15268479 348.30850007]]","[0.88432286 0.70714701 0.38651832 0.27942736 0.6834661  0.43723304
 0.11535594 0.34371045 0.57346445 0.31315884]",301,2025-03-03T23:21:52.422172
22,0.9408807882973134,"[[3.40736544e+01 2.43484029e+02 1.08424024e+02 3.21745718e+02]
 [2.60518621e+01 1.94532779e+02 5.10557055e+02 1.00568051e+02]
 [6.30208364e+02 4.75162664e+02 5.06948363e+02 5.65370893e+02]
 [6.21947351e+02 1.71479031e+02 3.20522129e+02 1.70701928e+02]
 [4.49200748e+02 5.55271596e+02 7.24180423e+02 3.83515456e+02]
 [5.24690331e+02 4.57035286e+02 6.57640343e+02 1.48852514e+02]
 [3.55957041e+02 6.82223577e+02 5.41898875e+02 2.98947945e+01]
 [5.93547281e+02 4.55599082e+02 4.63036084e+02 4.35937801e+02]
 [6.45834482e+02 1.14312261e+02 6.67329075e+02 7.73419507e+02]
 [4.05397682e+02 1.18709612e+02 7.49903449e-01 3.70060846e+01]]","[0.70321697 0.92455045 0.88631312 0.73932845 0.70907215 0.83561081
 0.2392711  0.89826872 0.99380273 0.61189678]",302,2025-03-03T23:21:52.430744
11,0.8918995098217521,"[[748.83367954 799.43856536 178.25683569 189.04043185]
 [120.63304067 569.1259766  585.64914595 524.28230274]
 [171.87103018 393.08444961 513.9459592  385.3600804 ]
 [793.74929056 580.40311993 623.4250017  677.49316106]
 [556.24854423 547.44142413 417.5484528  451.4283191 ]
 [ 59.87944645 445.94011359 534.76430926 550.74040587]
 [392.89530303 407.56404857 529.00147496 281.73286921]
 [300.46618218 536.86931359 703.102007     1.82978482]
 [457.95869331 666.10047842 639.62163253 760.0903876 ]
 [208.97044745   4.07110747  95.3362596  131.03397931]]","[0.83662608 0.04213471 0.01483648 0.0882355  0.19815391 0.88402434
 0.39168274 0.263291   0.14214857 0.64720484]",303,2025-03-03T23:21:52.437801
29,0.9011412795979027,"[[787.01500282 109.18340772 144.95860743 101.78613401]
 [345.29127337 625.60243119 560.38136193 440.31873031]
 [529.965935   303.33224538 392.90367633 624.80915964]
 [703.64835368 699.90848573 315.76964483 719.66449134]
 [494.28001449 516.17505404  20.56105816 584.11989485]
 [143.59212097 618.62834549 139.20135169 536.17355092]
 [144.44857957 104.11995572 764.46287203 197.86591419]
 [573.85360464 361.75650715 531.41979132  95.82628023]
 [411.71731779 796.97477579 125.80440458 755.32251506]
 [644.89557545 722.32267247  92.7449623  258.9567428 ]]","[0.07684208 0.03577126 0.62810173 0.99303588 0.67271839 0.96687231
 0.95524088 0.39314214 0.46931169 0.4071294 ]",304,2025-03-03T23:21:52.445383
33,0.8678355482864868,"[[107.10068309 341.5249825   61.76694877 144.94057909]
 [661.32066889 418.5837134  656.3327705    3.70293819]
 [719.98485209 220.63381103 557.54819528 690.82303255]
 [295.4723008  101.19746372 509.10176099 256.00863944]
 [582.86084576 317.09059431  20.61989343 637.65587021]
 [597.28975618 797.45855752  59.51674117 460.77140713]
 [537.27198687 731.73252775 619.88882127 664.89153637]
 [466.036496   179.53603856  22.12791418 665.29719302]
 [474.1273678   11.45329855 779.45580304 146.27225848]
 [727.02425648  57.76765513 308.5601691   17.55763474]]","[0.52579867 0.03889344 0.50099857 0.35652432 0.81168644 0.94220196
 0.91721546 0.95359867 0.83942774 0.50442435]",305,2025-03-03T23:21:52.454061
43,0.9328217375585199,"[[270.45140197  98.27119147 392.20326844  65.73126539]
 [ 14.66848686 727.74189853 767.86969721 595.69297259]
 [110.6451425  374.7630946  270.48677961 714.86278622]
 [114.70199205 332.66387322   6.30337807 594.73698688]
 [473.66742311 355.9916385  285.99422656 540.15985708]
 [446.14091454 440.66206569  22.98894486 467.50751766]
 [276.57569353 477.66000863 538.28688954 462.64579083]
 [363.40628112 349.5257156  649.75704127 715.37326651]
 [374.83970784 343.13812596 628.01756884 330.52757174]
 [388.00059754   2.93895407 785.63175283  59.93970105]]","[0.55892357 0.38406536 0.17048493 0.75969679 0.79253744 0.09939694
 0.20575776 0.50156563 0.96101864 0.23072856]",306,2025-03-03T23:21:52.462899
36,0.9470719342314791,"[[387.52118993 670.37585983 787.35849331 258.80536651]
 [580.18932627 191.6466575  757.18816648 356.28760599]
 [413.18360134 606.02444852 555.69169186 657.33516457]
 [776.91307328 328.50192408 264.78361135 113.58515617]
 [326.17346118  20.69205552 130.78275214 617.17524341]
 [742.61571019 520.94280682 104.60731436 582.14480286]
 [593.60110921 352.26246007 580.88353911 342.47635197]
 [681.70258735 182.79987595 222.15585176 461.87753491]
 [781.75399634 709.04336211 752.02481696 247.79918843]
 [716.183244   580.12994475 668.22734692 335.03018098]]","[0.04277092 0.84216903 0.02222741 0.11310884 0.71503794 0.56416752
 0.10913319 0.08051335 0.2848494  0.14991629]",307,2025-03-03T23:21:52.470758
37,0.9366792349887897,"[[728.45711694 113.04212034 691.43869882  63.93536514]
 [590.06677146   9.7641736  126.93384513 432.51952364]
 [424.19740646 443.64879401 170.53952085 387.6703191 ]
 [ 89.028349   505.57726619 117.40222152  22.28814048]
 [607.63548074  29.40948654 260.70299369 741.41221822]
 [ 55.92614545 314.95573722 595.28338147 360.41278669]
 [744.57650247 129.73113762 579.22265512  70.00544983]
 [363.99757479 383.76836344 415.69627584 757.87217261]
 [751.30415604 166.62591108 782.21342808 279.4702956 ]
 [516.78558323 173.41596504 347.87194809 693.86144607]]","[0.74052905 0.41313999 0.36270463 0.42345278 0.38588971 0.3839645
 0.10376883 0.43268499 0.51678531 0.90174649]",308,2025-03-03T23:21:52.479148
24,0.8611693466629692,"[[5.31943248e+02 2.39124170e+01 1.74230094e+02 1.60720988e+02]
 [6.07334439e+02 5.44206406e+02 1.04722241e+02 3.73997267e-02]
 [3.26594317e+02 7.12306659e+02 7.59718747e+02 4.33830430e+02]
 [5.25255454e+02 3.39356560e+02 1.08345136e+02 1.69456596e+02]
 [6.59245165e+02 3.55109855e+02 2.14445888e+02 6.03985768e+02]
 [2.65393553e+02 2.35811729e+02 5.42266234e+02 1.70563087e+02]
 [7.24056534e+02 2.05931068e+02 3.97709312e+00 3.56054787e+01]
 [3.29138854e+02 3.33444743e+01 3.71521334e+01 3.86004559e+02]
 [6.27320016e+02 5.14989376e+02 6.82550201e+02 6.32781979e+02]
 [5.37616599e+02 1.24518592e+02 1.38769970e+02 4.85369165e+02]]","[0.31068943 0.13264729 0.89473874 0.18691977 0.63941036 0.86137856
 0.95499878 0.71350454 0.76061925 0.66462749]",309,2025-03-03T23:21:52.486427
18,0.8259399975792999,"[[692.07805801 779.25505102 449.04708955 398.21391372]
 [637.44090156 120.17441312 707.27169557 757.67434307]
 [672.03627385  72.7403241  132.22618979  11.53355552]
 [696.83568699 379.47045674 452.10848368 520.65188732]
 [685.94864346 407.93690903  98.8881827    7.52140754]
 [352.09887406  40.7169211  771.91050269 227.96892741]
 [517.61695347 780.15518353 130.840076   505.37404223]
 [205.44454369 121.30151215 427.59038729 779.11793074]
 [771.8752185  480.07273944  55.50015276 436.70153112]
 [447.50470845 747.72705952 341.99285185   9.67206723]]","[0.46888029 0.62505395 0.33860076 0.67032864 0.99168433 0.56876723
 0.63205902 0.77784527 0.96756946 0.78511279]",310,2025-03-03T23:21:52.494425
15,0.8115325995274085,"[[595.17749852 486.73821755 555.82125796  44.37359317]
 [539.38303457 687.06905866 617.20642129  29.01626864]
 [430.39457208 174.74783812 309.70250566 300.68585042]
 [591.24697533 603.99108932 740.55233893 379.18001621]
 [645.31481989 637.73433045 616.44877469 417.99861725]
 [751.97053738 574.75198543 774.58941924 614.86608088]
 [707.76183664  56.90399971 615.23006333 745.79372718]
 [638.61454902 564.73728264 247.1311761  421.9186304 ]
 [ 93.99679956 254.50380403 598.62623053 566.91431598]
 [171.78595041 499.45653288 689.32366345  36.27907824]]","[0.71160514 0.48781597 0.51328811 0.26827461 0.04867573 0.78792373
 0.23340863 0.51991611 0.62925848 0.19022172]",311,2025-03-03T23:21:52.502869
41,0.9246616150698922,"[[368.6218734  656.14481927 616.35045963 799.3311979 ]
 [349.21526852 608.97867219 578.8571054  736.59253315]
 [620.52848239 356.57304777 264.4692219  206.70136433]
 [444.99870905 390.39611484 648.86188218 687.81684596]
 [574.20470517 408.41536295 711.41102508 380.33277162]
 [499.3300159  455.24972811 627.77312093 192.31208178]
 [ 10.77980836 723.54689855 472.93853129 133.80770526]
 [238.83165379 252.72032659 709.38339038 568.92824187]
 [ 13.90381633 305.74279177 211.08235565  85.34552176]
 [623.85689728 341.51451659 149.56623361 165.89729676]]","[0.12101953 0.61645487 0.45512051 0.49683658 0.83790642 0.44194388
 0.10133809 0.64915994 0.56427972 0.08099249]",312,2025-03-03T23:21:52.511246
44,0.9224117515488766,"[[437.95650614  62.58521418  84.44173861 418.01578937]
 [726.86505745 423.30362076 144.47071564 538.63155268]
 [247.40961979  59.61424204 567.47692588 650.86578632]
 [586.72149446 799.63593444 394.48646814 102.30613295]
 [675.03172717 651.89097416 609.79141828 365.34263   ]
 [763.37464886 682.63945584 568.32955165 677.10655389]
 [131.01808973  43.53793226 630.40934851 250.37741912]
 [ 49.08021421 513.22363127 420.46761428 290.42781196]
 [619.6252589  311.03825913 152.84492445 767.41459213]
 [ 48.82045202 396.06705105 444.3127202  598.41081589]]","[0.823179   0.00094206 0.65667787 0.02766111 0.80315981 0.58267252
 0.01945142 0.06819834 0.3596005  0.60389313]",313,2025-03-03T23:21:52.519306
20,0.9495508983659401,"[[390.61966693  39.58271596 751.05510474 114.94488317]
 [128.64694517 555.64508495 422.55469088 279.81856675]
 [156.65667715 368.93273789 666.96014061 125.0635191 ]
 [752.54381311 522.44149265 333.45586455 788.22446414]
 [588.51410473 458.3528345  518.51069138 532.67741755]
 [581.22866226 227.52058529 220.98289904 422.51318189]
 [341.78603238 588.18297733 790.16784688  96.74057389]
 [ 24.5085404  791.97227522 251.58130528  27.57443874]
 [447.76957257 311.76776148 202.09410127 700.49255349]
 [154.5265585  381.12342361 691.36670255 222.79135949]]","[0.87901515 0.57712189 0.28462991 0.10196126 0.31135968 0.22905362
 0.27274814 0.4200272  0.38113721 0.08326424]",314,2025-03-03T23:21:52.527387
39,0.8085782055934365,"[[592.06499566 133.75698475 782.90391428 125.7141155 ]
 [585.98572384 507.00993139 544.3870231  378.02394152]
 [454.17695602  20.70565491 511.68461377  96.80828607]
 [ 61.88751157  93.77114086 220.44303123 269.78269169]
 [255.53139894 768.87962939 492.80318437 589.85018548]
 [ 58.96454465 630.15619043 630.61503799  38.69227087]
 [410.87161809 785.87985509  30.17393057  88.28813489]
 [755.14190658 129.56354778 434.94775247 584.16352042]
 [727.08621996 655.78046429 474.71019668  10.0178732 ]
 [ 92.69892566 725.87306553  97.76504074 447.31854579]]","[0.35365101 0.3873636  0.67327679 0.65677555 0.50586573 0.31981972
 0.56820302 0.86979734 0.49297331 0.29567755]",315,2025-03-03T23:21:52.536528
42,0.9391353932958297,"[[588.59109008 757.93530175  51.74970357 196.46999761]
 [206.63963233 120.08769494 489.12236438  36.96011302]
 [470.1683835  246.83058977 424.07775076 182.5835025 ]
 [299.30636338 169.52147877 211.72582475 304.80374124]
 [464.24533352 148.54003019 653.68940748 604.99937794]
 [363.71718654 308.93535175 132.82987192 581.51320636]
 [283.11792636 794.37676222 260.63019761 332.02652053]
 [308.49925404 720.32059519  34.00791319 762.43785419]
 [268.7500265  597.33707025 513.01537555 525.25479818]
 [701.53432828 291.84852343 685.99755105 412.70265206]]","[0.20529404 0.66277778 0.15171857 0.5283323  0.58395626 0.56383298
 0.78336274 0.960522   0.85221466 0.4778549 ]",316,2025-03-03T23:21:52.543515
19,0.9464237459112225,"[[770.7428944  493.72767879 341.18053625 440.4561833 ]
 [759.11227265 581.38552274 237.69631655 760.44332752]
 [729.08333104 236.05215699 547.2401826   93.72116283]
 [185.20765651 467.26347371 551.75998458 494.1724012 ]
 [455.95459257 703.47079577 184.63638369 246.49218916]
 [104.157131    94.26089167 796.95724946 315.86886215]
 [164.73194906 480.16202228 582.77765041 218.61026596]
 [ 40.51684521 747.06032789 487.49845522 568.96116829]
 [692.64889547 570.52544623 778.05777515 198.56073458]
 [113.4738444  394.06002687 309.84334007 301.28762735]]","[0.25148819 0.52953655 0.87219859 0.25015052 0.02650275 0.46246799
 0.7445357  0.70792236 0.90874009 0.12869606]",317,2025-03-03T23:21:52.550003
11,0.8509490407419287,"[[536.44367153 334.38279951  94.73632265 399.968017  ]
 [ 93.36111957 259.12270089 539.93282435  78.28404014]
 [202.12345655 116.62192305 607.43612379  49.64994115]
 [572.48558198 769.58369525 166.79916146 671.79690779]
 [208.36446496 792.62038877   9.4906579  648.88221856]
 [296.39294817 194.03283014 505.24779346  51.77154   ]
 [393.87994704 637.03532899 162.26479572 451.70689768]
 [391.22617095  42.01907393 151.50256174  29.12064005]
 [203.88405963 369.13902423 143.33868499 142.75308691]
 [364.81052533 469.14473889 174.23415661 369.85653876]]","[0.29551508 0.82385468 0.26118539 0.99355312 0.06188929 0.88333495
 0.59564953 0.78507292 0.88165274 0.33013884]",318,2025-03-03T23:21:52.557077
50,0.8345612813050832,"[[528.69828609 137.6662231  676.59294192 692.04730629]
 [ 80.19594729 370.85101554 313.40726178 669.65213695]
 [292.57879114 316.57979175 440.03999062 137.21500559]
 [286.14699495 395.06378955 660.83765155 185.93751117]
 [699.59641752 750.41286186 119.74074947 346.24326236]
 [555.48330067 415.60524892 161.12988013 582.78339234]
 [115.22183529 458.7014587  444.32961953  87.92745787]
 [739.36228134 415.63477813 464.42475795  62.4972962 ]
 [121.73253951 142.99691827 309.53713095 338.15545303]
 [678.31357881 407.30481095 741.85247537 455.40149005]]","[0.96863611 0.70212381 0.3570975  0.54157048 0.37318966 0.25077913
 0.47203793 0.26765223 0.92268277 0.7609452 ]",319,2025-03-03T23:21:52.563596
43,0.8465752795815291,"[[675.98161629 228.17961417 270.62760319 605.46425153]
 [346.60425122 794.62568484 497.70826668   9.47197251]
 [464.37748855 418.11356225  19.54508588 389.28412858]
 [723.93986993  85.57978387 767.95669493 147.68705767]
 [210.02274351 675.38817144 665.30126234  60.58001581]
 [107.41814967 420.43518603 692.01571045 118.52066545]
 [330.01335681 630.68184351 219.20689445 140.00271112]
 [254.77127054  67.50559399 446.42469813 260.00955831]
 [776.77354244 488.95023014 658.58900585 528.65289593]
 [257.70150664 638.09239063 260.37337274 164.4519552 ]]","[0.00325636 0.11657531 0.59156341 0.67321267 0.17911364 0.84306378
 0.51520938 0.99955267 0.02367068 0.45961412]",320,2025-03-03T23:21:52.570954
25,0.811858855693887,"[[338.92642528 437.98975996 258.11664962 685.49001194]
 [531.25628979 112.15412844 229.8400381  470.04596916]
 [504.5191633  647.27153951 682.38955629 295.04261345]
 [356.41738621 547.62490428 519.93273927 403.03809564]
 [350.86278535 282.08032604 482.75820312 354.99552528]
 [338.40263155 794.68593936 109.52868507 409.4059633 ]
 [731.87822229 314.24239333 777.47555124  54.34266872]
 [239.56303988 168.77397994 143.58349773 575.51011178]
 [484.34580891 569.89972948 403.45172909 402.05273919]
 [613.44381596  68.56555852 682.52760116 661.20738412]]","[0.09541521 0.36097905 0.68944076 0.92424132 0.26685002 0.27337855
 0.2119146  0.73572711 0.60803713 0.38122543]",321,2025-03-03T23:21:52.578723
19,0.9270626528529573,"[[  7.2362415  212.56176629 461.69097     53.54520648]
 [ 78.33629311 441.24556878 100.12059864 225.67280559]
 [797.83699769 107.4494641  360.18918441 793.91660294]
 [165.91927821 280.07034508 156.93903379 134.08810707]
 [174.42776486 731.37085735 263.78624546 483.83225199]
 [209.22308572  30.0572911   13.49193515 516.55847065]
 [421.1402445  634.06382049 767.29382039 391.85563618]
 [285.93247017 710.35308494 510.08484411 667.55736102]
 [277.16944671 759.40840816 325.12667611 108.73755983]
 [129.25663404 112.16048175  38.20397088 332.92292358]]","[0.00742709 0.42317341 0.21938548 0.92296479 0.63423549 0.25731778
 0.05522657 0.59111654 0.42973956 0.12018001]",322,2025-03-03T23:21:52.586814
37,0.8344641102343687,"[[661.44646051 288.74400662 236.75973243 232.0126753 ]
 [436.74769068 137.19077903  23.9452177  436.84134859]
 [ 72.35335222 556.15410008 785.80686198 768.56262333]
 [ 99.76902754  87.85312183 597.7897424  286.68085334]
 [730.77303109 696.04885701 709.17081342 667.63713576]
 [709.44038559 432.90028084 222.72696005 509.97663869]
 [246.70739425 649.82451713 364.55936482 182.34584806]
 [448.93200032 650.69351854 511.12694488 589.55679387]
 [122.98613993 777.52775582 320.59070172 569.68749238]
 [376.06940751 723.43182464  55.14186741  39.41027967]]","[0.61732505 0.36479071 0.69848958 0.09583821 0.4951367  0.80448218
 0.09628756 0.7610487  0.91463659 0.48177926]",323,2025-03-03T23:21:52.592965
36,0.9439125851258826,"[[761.26472858 464.27084289 530.52400078 638.43725751]
 [288.42937487 670.39008421 242.47790697 735.12561455]
 [299.21849772 679.50772561 602.59983401 615.66137905]
 [252.744736   642.15774483 710.29679416 371.39592169]
 [682.88036561 386.48872437  15.16855721  89.26425355]
 [352.24485511 714.15673185 637.74320161 240.65689445]
 [463.43305248  70.46025781 280.56269992 666.34830395]
 [605.74193985 594.88062245 583.14881077 744.93749173]
 [603.70120001 460.84342485 626.89774947 425.16206135]
 [146.49542878  49.91798827 116.202999   681.66620877]]","[0.19907371 0.57298904 0.42280865 0.03923418 0.50634881 0.44933403
 0.44507422 0.67743422 0.02534514 0.3239609 ]",324,2025-03-03T23:21:52.601777
21,0.8889509544440697,"[[702.57864476 154.40256389 323.12568887 195.38374587]
 [742.89365733 137.0849687  587.80713148 336.14866763]
 [336.02113146 534.29644282 418.98157056  62.56887583]
 [630.83350255 496.53977516 696.0136354  137.10609464]
 [569.71912432 226.99810382 102.60608235 184.51896921]
 [548.93776682 315.30266556 586.82450638  39.34561412]
 [444.20529087 337.02208165 157.81546461 101.84542914]
 [313.5483655  263.7041143  404.93359892 173.77773391]
 [638.50316285 564.4551315  274.25798525 592.92770107]
 [222.05908108 425.81266555 395.55475663 397.95920679]]","[0.58108261 0.32390343 0.85286008 0.46618835 0.68468106 0.37831641
 0.50145681 0.86991164 0.91024025 0.75836471]",325,2025-03-03T23:21:52.609743
42,0.9220780416378732,"[[667.38261067 213.32981843 589.49009641 672.57915161]
 [528.43684386 103.37499541 110.07685841 721.78612335]
 [431.08182968 424.68618067 573.61477757 154.53682853]
 [573.64919269  22.31261433 560.88429424 504.43619139]
 [588.79639882 501.90591208 282.06789733 189.11343955]
 [309.56653403 477.10293865 120.23369648 738.41342268]
 [759.163459   788.65491637 327.21818419 113.68644751]
 [150.23937568   7.34193191 336.53262058 152.57004428]
 [181.04371872 344.74371464 119.79722882  97.99142014]
 [525.0354333  709.63620472 392.53311444 132.34091975]]","[0.36518275 0.23862401 0.90397875 0.96001397 0.46129367 0.8050922
 0.25849018 0.70950546 0.69480574 0.80307948]",326,2025-03-03T23:21:52.616310
29,0.8150277144612584,"[[419.65156031 597.87570234 157.50326112 603.69605449]
 [627.43673787 497.8753943  130.79222957 657.64007539]
 [543.96690126  10.41887904 103.71949962 336.89964475]
 [556.81009077 313.09482781 255.96552113 431.06937453]
 [321.3684499  553.66057609 212.08591574 469.37851742]
 [634.96436844 192.56812271  51.88565122 477.96404903]
 [692.83361721 587.85809473 480.06645178 482.5208278 ]
 [759.15037002 664.17736923 239.84827879 466.24879862]
 [737.94986532 344.33424635 760.53719132 408.98917215]
 [535.31872035 608.34598404 371.06192765 746.66742343]]","[0.74278608 0.26098788 0.85411426 0.49444646 0.0713039  0.98123165
 0.63979149 0.55695299 0.86121694 0.31798515]",327,2025-03-03T23:21:52.624503
36,0.8754984114197717,"[[373.0110142  117.50225338 160.05614208 697.93618059]
 [775.92226864  12.92519165 297.32701645 792.00769243]
 [577.9266815    6.16062729 520.43050486 388.76861272]
 [245.59904679 356.41378799 483.11590812  52.68078723]
 [562.42095271 611.97646571 632.19579299 306.19780711]
 [295.48985779  80.79576566  52.02455643 236.61841846]
 [ 56.72262539 723.67608928 376.6541102   40.03049176]
 [171.89727872 254.54558218  66.73711931 359.27082168]
 [536.19492336 137.70500105 706.56727445 308.38232768]
 [496.15609803 350.22805889 398.23490921   4.09708249]]","[0.79124145 0.57246198 0.78774809 0.06598812 0.13492691 0.28350094
 0.54403477 0.69953945 0.24906555 0.14958833]",328,2025-03-03T23:21:52.630781
16,0.8048790124375765,"[[485.08442478 768.97857081 753.44900444 220.22153886]
 [391.2637451  396.62622866 720.24817798 611.93004505]
 [252.45972293 260.00313875 226.25383221 509.00895928]
 [241.87108352 720.70451717 716.31215282 501.12876292]
 [750.22461745 256.95397393 594.8784158   30.40694706]
 [305.20561971 396.80885045 656.5253409  384.21268321]
 [421.69577279 207.89781585 692.38798564 228.80591422]
 [ 59.31350053  58.78224348 248.73861902 439.98079049]
 [ 73.53248372  23.33960714 424.6126876  385.91758547]
 [213.72845677 300.78133081 104.44121371 627.16679208]]","[0.23625775 0.0135233  0.08497252 0.54606655 0.48880011 0.73191657
 0.52311367 0.6082811  0.53555796 0.39853468]",329,2025-03-03T23:21:52.638207
19,0.8562099702614253,"[[715.6784396  294.19489477 394.72413931 132.3531908 ]
 [ 14.92211716 380.57350231 251.15340806 700.45634695]
 [748.3812005  396.67950736 540.71287357 413.50235735]
 [651.43297692 673.85622932 398.52745325 387.86720079]
 [ 67.63859977 213.81547057 454.13802234 655.32445766]
 [ 62.20713501 271.95029005 346.302408   210.61847571]
 [297.28731613 103.8789238  149.63476432 458.71138311]
 [229.28366079 302.83385485 386.73443075 424.01685524]
 [464.9617212  483.20370905 227.89445694 758.91935849]
 [237.68808487 212.88933091 771.71534826 109.66962004]]","[0.38316    0.52582818 0.60580698 0.33178986 0.02105342 0.2854291
 0.282417   0.62636469 0.13657478 0.64322009]",330,2025-03-03T23:21:52.643851
24,0.9321541671749384,"[[438.01794155 534.06288586  11.86498949   1.88483797]
 [207.87171511 468.55717975  54.74583244 444.68919439]
 [566.91485479 370.75026354 271.64570181 183.45368436]
 [490.01750557 231.04503759 196.6497677  707.45483531]
 [657.66844842 130.84090117 293.0995058  287.78159397]
 [472.7968168  117.70821505 223.98515477 536.46485982]
 [390.02865863 442.98216421 172.34806907 640.45684014]
 [204.96263895 497.40040366 605.544349   109.64024558]
 [165.51047236 255.88912494 528.38977433 760.71620448]
 [678.43140978 592.76888372 411.08572809 440.47898814]]","[0.15700979 0.04937184 0.81424944 0.49006404 0.22502867 0.66831002
 0.66154583 0.79935282 0.57884955 0.42198172]",331,2025-03-03T23:21:52.651303
40,0.8876069410059244,"[[354.48605843 592.68614172 172.00128703 182.70078409]
 [ 62.31719095 608.96057905 582.50088555 276.11799617]
 [168.4144154  428.70624567 205.70214705 504.82597145]
 [502.41259331 532.01558575  87.58963981 127.48226711]
 [687.99076251 591.20676335 429.80562399 783.01332554]
 [ 50.48471999 731.74391078 116.95261473 218.89135471]
 [557.56797944 628.00662353  17.35371059  84.18786684]
 [782.78837554  42.33514317 415.67463879 257.77006259]
 [666.55120268  45.49876325 324.60913538 689.76885443]
 [659.2189458  138.75262412 639.77261795 564.62129379]]","[0.2304196  0.45474087 0.19364752 0.44295649 0.7620939  0.34672773
 0.17709962 0.89324656 0.59814421 0.35779206]",332,2025-03-03T23:21:52.659266
34,0.8037183111136229,"[[552.55600815 433.11933201 461.23667731 309.27577658]
 [600.61688919 522.55758905 798.5473827  178.52131781]
 [ 67.25358834 140.04570439  38.87281043 364.03768946]
 [427.52026323 440.80231174  24.43998816 358.1487685 ]
 [396.61946332 544.09243065 432.6428973   24.13968741]
 [442.59102907 698.7273108  200.65053365 504.34800562]
 [467.91191751  95.1097437  221.67902842 532.13104427]
 [472.7513592   98.99193343 662.37731053 278.70258089]
 [256.24227887 261.57639856 555.40721448 244.30815776]
 [463.790931    23.14466277 410.22591794 267.99922069]]","[0.73431397 0.64234848 0.42867435 0.10440669 0.53549149 0.13269274
 0.99836238 0.02373775 0.49658564 0.61949428]",333,2025-03-03T23:21:52.665330
41,0.9106363258909291,"[[779.63774861 204.17771023 462.78229752 291.56926719]
 [432.21841398 746.2604085   65.17881397 711.72087903]
 [ 60.00151268 350.92519149 186.89702846 768.43752707]
 [658.28445467 426.5539286  168.86968309 450.24328398]
 [466.66400081 737.723891   371.31384894 678.54516839]
 [ 87.81743499 110.75837007 246.15062497  81.87644987]
 [732.81003952 459.56624004 412.16316204 153.55978588]
 [515.62192379  38.58030432  80.85669403  29.35792062]
 [221.91913875 151.27983062 550.27502317 416.25052692]
 [256.57946596 165.69358063 548.64241994 665.75826518]]","[0.09637948 0.72774868 0.62509256 0.09715071 0.76580672 0.16756596
 0.14615431 0.09145323 0.62011164 0.48245867]",334,2025-03-03T23:21:52.671839
24,0.88355513680459,"[[144.62439251 525.43437598 387.72635926 716.91768133]
 [231.19294824 763.07934946 561.30353892 472.0638292 ]
 [542.66968887 306.19368687 186.14460812  12.36459195]
 [461.35138861 378.99210196   9.48770355 666.53533261]
 [208.64727128 347.25686723 113.65644355 396.00580502]
 [613.48950152  73.77145623 550.41910397 558.01589279]
 [243.05106926 235.29734083 511.46998189 173.7288461 ]
 [344.74461781  88.91092408 724.12789755 723.89503615]
 [166.57768467  69.13554795 227.5438417  368.91627664]
 [446.76943672 618.20046632 457.59050341 110.73224303]]","[0.48890518 0.91826467 0.50349218 0.07101601 0.14082606 0.89306162
 0.31969619 0.66092768 0.39952649 0.06332731]",335,2025-03-03T23:21:52.676913
45,0.9045428124751717,"[[231.8631751  608.08263208 637.12654342  83.62710381]
 [680.50107777 198.43204991  45.95883975 488.30292406]
 [687.78313234 216.51582196 289.0966586  646.83117808]
 [189.73387558   2.82529939 246.96512052 451.41167146]
 [554.08815981 512.06236939 545.4948977  774.53494403]
 [626.10347776 608.53842619  54.68565777 418.66696865]
 [  1.789256   300.64852066 145.83173719 317.73956829]
 [564.40132546  25.34391123 469.7812658  725.84342683]
 [180.5691028    4.10340601 786.613145    87.74574799]
 [241.05645538 610.62151401 512.37768824 355.26040944]]","[0.20056261 0.24465149 0.32812038 0.63939419 0.68441792 0.60028869
 0.62752563 0.55949523 0.03965824 0.47738641]",336,2025-03-03T23:21:52.684190
19,0.835889938315511,"[[173.5412604  270.49683571 161.28285512 330.11126305]
 [ 72.8654688  142.3949106  584.52110229 141.28969934]
 [112.0615122  674.14733404 149.30422233 409.88563549]
 [450.07669146  13.30711015 487.51499822 798.13532911]
 [ 87.3309785   84.28057109 631.70329895 672.74001725]
 [320.6880369  676.9719943  602.20652971 165.59676219]
 [ 47.00411725 291.01962139 556.99286417  37.84751027]
 [ 73.6891623  686.14246763 144.08571002 647.56436815]
 [687.80919038  48.10011198 722.50971694 778.10536889]
 [776.1517729  674.36031033 461.73040749 166.89534966]]","[0.44138343 0.65993375 0.06550054 0.97651077 0.55861262 0.61142198
 0.45261095 0.96704585 0.78566772 0.20334018]",337,2025-03-03T23:21:52.690644
36,0.9473516450800972,"[[ 67.18261389 416.89970771 624.07995037  18.15773753]
 [ 70.32018897 190.61791827 262.18240294 268.63808204]
 [145.68458305 122.63892835 614.64983322 147.48746881]
 [692.51268304 438.98780167 401.29079716 532.25954054]
 [ 42.28093139 781.82213044 591.70126318 261.75662192]
 [692.81868896 539.94181325 734.56239542 620.41095449]
 [230.58858747 181.95741937 164.10806802 391.13340083]
 [623.8293175  607.95785249 126.05833009 677.53077155]
 [ 77.4486111  420.78758202 462.71069856 559.09044675]
 [259.87706773 799.52112944 742.36036797 468.27881426]]","[0.05910763 0.1958673  0.12960858 0.51431124 0.24010398 0.07191325
 0.32737219 0.8472221  0.30062752 0.50593415]",338,2025-03-03T23:21:52.695912
21,0.9204319442876165,"[[730.22079459 749.66313854 597.14852362 693.78682097]
 [331.76172945 534.64328872 477.53135614 255.34299581]
 [257.40199528 761.98193492 682.56202208 428.88507238]
 [540.87374195 427.43521284 295.81069402  46.66739555]
 [791.09393031 309.37648227 418.6166403  582.72845433]
 [249.79881553 681.6902118  329.72972266 253.28058704]
 [599.70588039 143.78656121  20.65201198 467.5098277 ]
 [565.13545646 644.17378479   5.52268546   4.52233701]
 [702.07845404 154.81166237  31.40233983 297.18334365]
 [296.6963663  407.56471352  99.27307031 766.35256913]]","[0.14916878 0.24706084 0.71918556 0.34900226 0.73834581 0.74915501
 0.14426691 0.48252509 0.79816052 0.42037201]",339,2025-03-03T23:21:52.702178
31,0.8447978436739361,"[[702.7119846  402.81865025 440.70623284 364.0976738 ]
 [693.84446965 645.86780662 319.08420091 655.97963094]
 [297.59664122 168.69048675 462.48885153 237.990434  ]
 [563.90705768 752.2890033  375.45780054 428.49229706]
 [506.54044916 793.75546522 701.9409309  776.23678113]
 [668.76411434  44.76663398 695.07097554 776.4483702 ]
 [ 93.8729787  677.1271654  229.06908503 422.08152367]
 [454.16318056 345.4078684  637.49168673 558.32974584]
 [668.79974432 141.16625906 475.35005561 653.56676702]
 [678.15378475 408.06009581 602.89675845 630.64454043]]","[0.30796353 0.94524933 0.66352211 0.04327719 0.28909621 0.33481549
 0.32411528 0.33846251 0.65097172 0.60379596]",340,2025-03-03T23:21:52.707942
29,0.9243580574399567,"[[347.44573051 168.05350124 208.01673284 291.43728043]
 [796.89053763 562.18270103 664.71489603 540.48295504]
 [579.19258915 690.37792059 607.86103272 383.60225488]
 [705.13560222 294.68537077 666.07870986 125.87134609]
 [732.68593051 368.55356578 266.77604486 625.84729687]
 [697.84961026 349.31410779   7.16472066  54.40663043]
 [443.40476756 539.82924541 656.28838411 768.24293085]
 [534.13171559 777.5830245   17.95648005 247.76995757]
 [276.51934968 306.86221318  28.22460392 528.20347524]
 [774.77710768 538.8762122   88.32277565 793.50638474]]","[0.8781107  0.44696436 0.61541464 0.20592693 0.75709314 0.4771875
 0.03238436 0.42012463 0.71078733 0.6953054 ]",341,2025-03-03T23:21:52.715202
10,0.9231182230442322,"[[673.0459689  474.14994577 496.59921437 725.88408466]
 [  2.88681686 758.40209213 369.97431651 398.41977175]
 [461.62100422 771.13632964 677.54786474 507.04053083]
 [703.65665857 619.00641828 499.97020315  50.80185818]
 [663.00924242 434.67868189 456.18692795 703.56414525]
 [ 43.98441409 627.08007372 288.9620438  460.71333568]
 [121.36462562 607.16793507 798.13741615 325.52516582]
 [793.83634725 662.78863282 478.61994597 466.63944013]
 [339.61530235 498.8659246  493.39781613 426.84665949]
 [754.15231266 425.69969361 135.97625061 330.45850318]]","[0.22886176 0.28162315 0.18587135 0.73448666 0.12972521 0.35112066
 0.42032471 0.68683666 0.87511668 0.99835666]",342,2025-03-03T23:21:52.721612
21,0.8901181832892311,"[[345.14784338 541.91965414  85.67122145 125.89709501]
 [ 61.9158183  681.84077399 591.36653164  26.00348031]
 [366.42546459 397.01008889 219.16737991 707.60085896]
 [622.92061601 663.48484362 740.18420639 341.09895319]
 [363.24904896 596.22425333 551.64856865 266.48044849]
 [720.62232679 714.29684041  81.75234782 782.73952972]
 [321.92615717 593.94700002 145.56686477 741.86233158]
 [681.29740345 763.35279534 489.90457955 236.62124847]
 [288.29018987 678.59951909 188.97782293 113.19311245]
 [301.38098745 427.68923197 662.8229742  732.79968988]]","[0.96006627 0.08100075 0.8979388  0.1472272  0.62319251 0.97467399
 0.68828209 0.25394172 0.14529411 0.85246651]",343,2025-03-03T23:21:52.729669
40,0.8998378024670621,"[[221.12984697 741.48048412 619.004466   482.89143548]
 [634.73841328 587.86411759 514.68078071 455.32730724]
 [110.98354001 773.62088882 193.10020008  82.52557691]
 [ 50.96849018 139.49152283  72.77163781 420.63482076]
 [514.99924781 270.65987703 324.80710787 757.36100177]
 [720.50232455 432.88487309 396.83848097 381.69207772]
 [732.31310739  10.85570183 292.38028736  43.10335468]
 [465.0081735  450.02909501 511.82536129 354.33925221]
 [616.39192483 484.10113437  34.51413677  21.44671734]
 [554.79243212 120.13720361 341.21892976 656.59024153]]","[0.49343272 0.94284577 0.43318867 0.61439508 0.15855909 0.38185185
 0.8915818  0.06763349 0.67865288 0.30327799]",344,2025-03-03T23:21:52.736106
35,0.8523912280445193,"[[ 96.4749308  409.11731523 287.25775752 760.52714279]
 [217.84547811 455.31566367 295.4743753  558.5416582 ]
 [ 21.26250614 716.81652235 182.78462596 528.36487654]
 [493.88189025 401.64172726 635.45822501 352.20753054]
 [504.80062524 121.94891794 405.29595242 668.28966974]
 [132.06610448 374.47924805 167.1159337  666.54096465]
 [619.22753385 430.02568667 645.81217577 510.93530394]
 [299.78036201 264.23547927 424.39245292 389.97704323]
 [ 37.93041798 554.25632996 780.99362008 516.04211915]
 [182.14500743  21.15792196 560.23494763 134.46805564]]","[0.26579239 0.39220918 0.91914282 0.23286509 0.13248234 0.43974462
 0.34347573 0.00854751 0.50765887 0.22348859]",345,2025-03-03T23:21:52.742108
30,0.808388023834973,"[[241.56682736 681.65347894 362.25138429  47.08770791]
 [268.71453307 603.45474899 282.69204236 528.09399569]
 [481.37226098 109.47710091 186.48568507  27.84529294]
 [400.99051774 655.74850221 405.01156512 563.06374512]
 [721.43075813 135.40754327 574.95679607 226.89329808]
 [168.18383018 552.43850689 307.24085952 218.45644592]
 [ 23.69451422 311.22472555 626.67581462 395.49013176]
 [ 68.78165931 375.83079541 257.87098698 209.94120984]
 [214.21817717 532.12951301 720.22078895 369.88810366]
 [582.01853164  85.23511353 747.24029431  49.81244814]]","[0.76863561 0.76393949 0.24843922 0.93819792 0.56373523 0.37837287
 0.3113911  0.47171173 0.73844687 0.94483172]",346,2025-03-03T23:21:52.748234
37,0.868586734034283,"[[654.93180967 114.9577869  724.40362041 765.51622425]
 [ 91.85294927   4.19324427 209.76716564 700.81373279]
 [620.22479347 229.40013965 427.64531224  91.72041904]
 [ 55.20739322  74.20179393  83.6495268  631.5716728 ]
 [ 13.78014871 175.75795393 179.3977079  704.6227863 ]
 [104.96415062 366.71584018 348.04089452 246.95483692]
 [131.00058248  61.55323824 115.84789334 103.63840347]
 [679.97755194 711.05842887 268.28257523 326.80708009]
 [430.9138068  558.56422594 645.23916656 715.2986664 ]
 [637.70617088 339.71105137 747.90166396 123.43509682]]","[0.93251755 0.19413266 0.94010307 0.6907266  0.34274779 0.79885985
 0.47620702 0.9504525  0.91622246 0.30311686]",347,2025-03-03T23:21:52.755925
46,0.8764648156858035,"[[ 32.92856315  12.36468907 620.34927432 697.7823061 ]
 [170.01265274 597.49008022 322.0369562  435.34152394]
 [566.68750192  22.9644501  720.63155576 261.75082751]
 [509.12454609 123.45387644 345.88576093 256.60094095]
 [634.7338866  593.52713597 390.49219296  94.16613638]
 [653.62831803 641.66070938 407.75056494 422.14134475]
 [ 94.43790322  80.21179851 170.88310879 182.75768156]
 [520.87034173 258.5644782  212.45674376 762.12510731]
 [420.48301568 506.45503304 626.32947461  24.46495769]
 [ 89.73293403  63.6459269   30.19718446 725.04091968]]","[0.1738269  0.0411844  0.8650073  0.49636558 0.26593743 0.4628462
 0.70550996 0.79093835 0.31179602 0.11340298]",348,2025-03-03T23:21:52.762295
26,0.9380181518836294,"[[ 98.76702607 358.95827892  23.37675974 112.85813587]
 [379.92271507 352.31746932  28.71410032 258.84116049]
 [377.99312004 187.62143517 414.77436391  73.90270212]
 [429.57622739 706.20458467 543.67092353 386.17336122]
 [509.10364068 196.9085771  119.49853576 131.9919996 ]
 [ 18.33911382 166.56641074 571.86973368 632.64521664]
 [ 33.22934041 462.45380627  83.15566734 253.19187176]
 [187.5171001  463.84126362 773.52591508 205.15958583]
 [149.341014   250.48530894 280.88926647 287.72639596]
 [ 78.07600326  13.83045215 240.67159695 481.80066624]]","[0.69896203 0.31797596 0.09358551 0.49278672 0.03495274 0.80230683
 0.9833061  0.72513984 0.46231575 0.30748762]",349,2025-03-03T23:21:52.769397
46,0.9152206327670369,"[[312.20355261 693.99613828 665.27858501 447.98610889]
 [316.22798925 705.01065339 291.75966236 393.45623408]
 [707.55687398 479.25592389 692.20915067 521.69886284]
 [102.64077838 478.90042867  75.48843853 625.69975088]
 [ 95.57345066  60.628633   254.39813066 519.5419926 ]
 [479.03307372  69.18334417 368.86675781 383.55291937]
 [228.53276578 394.22208607 598.39044775 786.10137659]
 [231.98483609 683.43398289 661.39398002 315.70482607]
 [463.70412046 508.70073017 224.56448194  93.06390498]
 [398.81746494 198.2215468  673.22731754 507.74683877]]","[0.28258341 0.61274456 0.20758905 0.91800886 0.12084002 0.13283585
 0.59598005 0.52235926 0.27487693 0.48467013]",350,2025-03-03T23:21:52.776665
35,0.8955605466869332,"[[722.26517876 746.52388237  95.50390125 347.10506291]
 [165.15229072 768.77898495  33.20576283 457.6132751 ]
 [567.14116818  29.67248589 458.31900075 341.34536494]
 [254.98628892 456.28374697 581.47634214 361.30756257]
 [544.10251982 434.53168029  28.96214702 757.12777588]
 [450.90971033  51.84891384 696.21700073 725.44888339]
 [683.51006989 161.78471881 212.96425977 546.80150971]
 [152.56034178 393.29974918 647.4267322  582.05184472]
 [450.55376864  84.67605288 392.56042562 216.01786769]
 [342.71845347  94.77521883 432.23758142 403.74341402]]","[0.16108129 0.25080594 0.07743272 0.08222069 0.25560438 0.13778495
 0.40693618 0.11308432 0.49299443 0.44390031]",351,2025-03-03T23:21:52.785437
32,0.8695459506964592,"[[748.46174127 781.16765546 781.00473605  41.11993109]
 [364.16068874 743.76366535 576.974133   425.06763636]
 [596.03459377  18.7045632  403.43567348 791.40278   ]
 [ 82.85263802  13.16767857 353.343404   107.41402805]
 [ 87.15875446  83.28047258 215.24736762 432.85187816]
 [ 93.98391554 255.83633066 447.92263096   3.55100408]
 [546.51673963 753.0602643  510.15027946 794.96821485]
 [715.05855962 440.72340272 201.04067711 376.45797811]
 [281.25397311 646.83442949 180.22254167 176.89391356]
 [282.62412784 584.30213624 496.74402287 514.01380904]]","[0.92255347 0.23026999 0.83171257 0.52057266 0.67944216 0.33846372
 0.55076986 0.87155384 0.41064411 0.30483027]",352,2025-03-03T23:21:52.792439
36,0.9167012951764414,"[[691.05450361 637.10872331 612.62677109 162.93541535]
 [ 86.74073833 414.54031581 622.29906254 581.03815109]
 [553.65663021 459.52031241 311.5749257   35.59613618]
 [504.62145049 751.21447385 478.00943136 451.6000057 ]
 [772.99231206 544.01870545 414.83109326 786.14222105]
 [248.77455531  49.20578837 299.78336035 637.79841238]
 [634.50397651 581.96740784 652.34047032 787.20771252]
 [157.07129824 128.95543085 652.38861907 548.98927281]
 [383.27316822 673.5055827  261.90039384 154.67225472]
 [163.1260915  228.22249221  18.27223279 678.65074337]]","[0.1175318  0.42814909 0.08025153 0.11863353 0.29912054 0.47423097
 0.4167861  0.86488405 0.41809462 0.61401087]",353,2025-03-03T23:21:52.800069
20,0.8546000212687204,"[[712.74491551 429.11148919 705.10329361 115.26446874]
 [ 96.81552466 636.13040816  27.44278204 618.76753365]
 [741.05044049 799.1704463  796.20061703  34.78684978]
 [416.25542155 214.78358552 115.95619069 615.60496197]
 [342.92383277 176.07328225 651.05374635 360.35925539]
 [417.24458197 790.25590479 292.47410447 704.74056583]
 [293.50788349 667.57744707 666.22248256 630.44200198]
 [448.08611292  81.2587095  725.96988844 533.39704405]
 [253.96568924 259.01206484 129.89616855 173.33780185]
 [689.35193307 192.70090221 194.54155929 660.76183385]]","[0.80407295 0.60986772 0.27572713 0.25930224 0.19115768 0.84805106
 0.50391053 0.47973758 0.28036363 0.45405768]",354,2025-03-03T23:21:52.806457
34,0.8556377292977955,"[[ 23.6992141  688.55008303 575.8237736  546.02683208]
 [706.1583638  616.74329026 292.3861665  507.60448231]
 [303.14691618 787.93255118 584.68142409 707.88445962]
 [503.68239854 732.03960928  44.19979615 665.83347468]
 [656.33292655 149.38434773 707.44677732 744.97571846]
 [696.76356339 550.12356545 575.94543766 730.98893536]
 [595.70090945 192.98833724 532.44505645  89.58751838]
 [377.399855   719.69856186 535.79700681 425.74542575]
 [599.26164581 425.87969279 606.92468905 790.31163168]
 [563.73406304 337.21572462 350.60282176  58.31772314]]","[0.254346   0.41951258 0.75037293 0.98256635 0.20467335 0.20939056
 0.95110928 0.8501376  0.43158183 0.0590341 ]",355,2025-03-03T23:21:52.813570
45,0.8133193002986724,"[[793.21698206  50.43313354 187.512668   688.47730001]
 [340.16735752 501.11571117 149.48628657  95.69519992]
 [625.68793716 457.72493465 769.70267298 349.83232032]
 [ 89.99677317 577.31804508 140.57232652 129.42257038]
 [ 95.29910185 488.24218432 247.870642   756.72364138]
 [744.41309293 619.42547978 140.09178594 491.59532972]
 [ 74.55831167 127.56422994 515.34448338 631.04575385]
 [150.35196899 490.11684732 587.51200862 641.90770167]
 [480.75986455 175.63158185 580.12807414 394.34943936]
 [582.30569466 162.37278456 544.9029642  312.95948321]]","[0.31205947 0.23658238 0.07140815 0.79971883 0.90920403 0.99024537
 0.83808376 0.31978601 0.62178779 0.15392308]",356,2025-03-03T23:21:52.820693
37,0.9402306607466886,"[[189.28216542 219.84600312 454.53760809 261.09942769]
 [191.62542417 164.82066871 124.0517334  569.73752219]
 [368.47982154 296.04179344 421.34108236 323.98654248]
 [612.23110232 458.96914578 787.93126735 420.68289176]
 [193.46153001  63.82900726 234.06336033 247.68494995]
 [560.71663832 624.80432281 235.82047539 632.3677688 ]
 [779.13871599  74.37645166 550.52392624 741.19039103]
 [483.43678012 457.21094926 446.55122632 784.37517458]
 [466.24186597 465.48851743  70.05479249 718.7985754 ]
 [505.08042543  49.78400902  94.81130534 520.75325785]]","[0.97677095 0.13247385 0.70753913 0.14074732 0.13257477 0.27983175
 0.02506949 0.96049067 0.31755153 0.86039823]",357,2025-03-03T23:21:52.828309
16,0.9266371289769939,"[[365.91135877 700.68810671  71.55129873  88.37685667]
 [728.10280232 170.48654154 619.96912088 272.5665904 ]
 [155.09046879 359.00556503 546.76844687 694.29390138]
 [484.67518345 284.12348176  92.4633224   59.07480258]
 [455.86066539  92.98453705 211.32086438 786.68436509]
 [402.7546515  592.4217403  282.3282593  791.62710762]
 [600.62353322 270.84679449  70.61331024 397.34753873]
 [554.33194405 770.08401597 273.63788154 128.78417248]
 [ 82.02127029 267.24837026 620.37353259 335.3085799 ]
 [ 61.40498803 221.7964309  318.45593252 672.02768453]]","[0.6121942  0.08806817 0.29361655 0.55002755 0.28378741 0.07785352
 0.59635064 0.303189   0.53742113 0.02155533]",358,2025-03-03T23:21:52.835740
23,0.910841204145659,"[[459.75624312 629.08249075 342.13632907 184.09356144]
 [448.77388915  88.46034462  89.31878381  52.13990417]
 [490.07749389 768.71039022 426.02152681 746.57671638]
 [662.82086768 479.15319038 701.83413841 636.25273325]
 [547.58468938 365.68216533 336.28465873 477.47790455]
 [293.3672273  770.58083658 200.35609921 699.95446436]
 [308.85041235 345.73653577 345.89887107 246.6649767 ]
 [547.8989827  694.6103609  786.38526493 605.33450975]
 [ 19.0879276  346.05681329 609.1308828  539.77200914]
 [122.92972661 282.02863209  90.62296078 484.74151786]]","[0.05303373 0.76715049 0.50359615 0.1088886  0.02296936 0.78336581
 0.18988389 0.82218876 0.86507501 0.03081604]",359,2025-03-03T23:21:52.841751
50,0.8256431617941198,"[[358.30593453 619.27997714 741.68829753 463.58767991]
 [386.24043067 200.66298838 427.87592501 402.36251454]
 [476.31607914 259.32412537  99.99655391 123.49492759]
 [362.5191441   96.55369976 711.08939806 728.87528478]
 [644.57203875 375.05810196 288.71046164 549.95244587]
 [310.22931041 378.28713465 753.01468658  20.24458865]
 [198.59752753 381.06349617 653.97598693 509.28725797]
 [233.74869352 692.47621074 149.49580765 498.17425186]
 [677.10732726 260.76838938 211.7489561  425.87732853]
 [  6.40540071 447.70180981 388.89724475 417.53695971]]","[0.68271679 0.4588872  0.7193485  0.75121492 0.25454861 0.04923107
 0.60872643 0.96398171 0.43071837 0.33051493]",360,2025-03-03T23:21:52.848234
20,0.9486851291648052,"[[613.4652551  735.93496196 543.23551301 465.32423654]
 [110.73526852 632.08966849 171.09127368 122.63993282]
 [504.56596484 557.45113141 331.61149687 761.28751497]
 [218.32040601 165.12367898 732.97989343 324.61641188]
 [ 75.43086505 332.55496285 201.42802501 547.34761565]
 [735.78408476 412.49989231 102.59266274 511.72838516]
 [624.3550446  130.22243271 255.79606636 192.31464056]
 [165.0102798  563.54036819 489.04600553 608.91531777]
 [230.41608554 459.98493831  24.87859908  40.04098643]
 [503.73675169 454.75735151 409.7080964  686.07504411]]","[0.70336348 0.79767614 0.51968297 0.22033728 0.53724123 0.46309036
 0.2742123  0.31099816 0.35245213 0.24252231]",361,2025-03-03T23:21:52.854423
40,0.8155599006593415,"[[314.97716285 648.5549886  414.08285022 714.4224353 ]
 [476.58540573  63.24188317 232.41862366 258.56448498]
 [143.48295539 478.99688701 584.03563513  47.53533448]
 [327.5794238  734.49321552 169.84490763 390.5321493 ]
 [ 65.08342625 550.61171182 244.06616731 743.36155465]
 [ 40.34393213 712.68334282 365.66102396  52.27164032]
 [314.24924163 525.61967699 753.78785594  22.73469448]
 [ 96.6942     168.81183072  51.35067302 281.66940079]
 [799.47856003 698.73588899 738.60352902 374.17011778]
 [  1.26787864  80.80348785 677.06734121 403.19855637]]","[0.61580935 0.70561457 0.5444715  0.4034075  0.35118149 0.50219544
 0.40645861 0.77657296 0.20390192 0.80096285]",362,2025-03-03T23:21:52.862204
22,0.8301863779364059,"[[469.48562674  52.22360106 700.12603704 365.06825555]
 [706.4143351  588.63202697 106.56277331 771.80931198]
 [ 51.61811111 634.55295856 313.28035785 356.30141853]
 [492.46418558 724.2635162   10.39719601 173.75845538]
 [176.20571601 366.06723835 414.6626137   99.33931446]
 [547.79162691 462.34036968 681.04983673 507.52033321]
 [695.73589678 347.56349156 506.53013383 411.90659306]
 [662.54495443 575.32617246 528.18264634 624.50052502]
 [246.63829648 299.19997975  27.42076956 704.7721187 ]
 [651.7724411  744.55619757 799.88448496  78.79685033]]","[0.25198356 0.60548358 0.84538206 0.5732974  0.93392687 0.04614955
 0.83024383 0.99284023 0.01967733 0.85419633]",363,2025-03-03T23:21:52.868114
33,0.8098674155465534,"[[631.77098373 516.52950192 490.11607645 570.75691345]
 [126.86969319 312.9364616  503.37532224 415.75754556]
 [754.89314412 445.56709461 732.31493387 323.48457738]
 [332.35234006  77.66128034 239.01849374 353.65530888]
 [266.9521473   25.1988611  581.70196132 550.65672409]
 [ 41.85577974 267.88179228  63.85214626 468.78325072]
 [107.43772791  64.35885867 755.13396232 418.63221116]
 [271.42680137 547.74398792 688.45138374 652.55037691]
 [518.32209867 602.61019839 442.74487285 516.66697759]
 [255.00760538 244.55311971 689.89398406   4.78024641]]","[0.89234344 0.8917158  0.94340337 0.08102776 0.27096562 0.61400438
 0.74006914 0.30535654 0.04195334 0.08504785]",364,2025-03-03T23:21:52.874395
15,0.9438879353967351,"[[403.68556532 652.89992021 759.09811649 278.06508361]
 [673.19125332 502.94931628 559.90051036 573.39698354]
 [490.48704483  96.23894688 142.17099953 762.20813101]
 [425.38889421 501.80491991 430.39296665 749.88469487]
 [518.34626798 784.69806182 144.5345344  480.48899259]
 [424.66461815 102.93134984 539.31412256 269.54379332]
 [623.90022164 189.58245004 731.15419067 539.41305443]
 [408.26764827 794.78425813 123.32237865  51.86485617]
 [692.72707142 774.66282553 753.03369715 703.24369534]
 [637.55073259  87.75819252 434.11122602 122.76779254]]","[0.91837353 0.93782842 0.97568551 0.72617112 0.2990626  0.24916697
 0.1840952  0.66101597 0.88730279 0.77779608]",365,2025-03-03T23:21:52.881700
27,0.8599856963874034,"[[241.10095512 626.25679451 485.89656185 115.96881752]
 [280.6870554  563.990846   485.56312838 611.09939131]
 [634.25804676 762.07633307 391.03005832 378.61509202]
 [775.33616771  42.27379208 644.31982124 274.55642556]
 [306.19266762 289.74071824 164.66831236 695.37591721]
 [704.28707972 287.73001323  87.76486276  57.21205534]
 [361.88816561 366.73298246  51.82397895 730.43548611]
 [572.9669441   59.1556915  465.5725877  376.10085846]
 [428.85958592 134.3940997  180.59032902 522.54787957]
 [166.0068776  607.86063301 661.75703042 145.50303405]]","[0.74450065 0.99471801 0.75908876 0.45874549 0.29485495 0.54723376
 0.08652531 0.30436628 0.26830026 0.77347133]",366,2025-03-03T23:21:52.887419
44,0.9212173273594502,"[[333.62590786 205.07873894 483.48251566 293.59708642]
 [639.16854109 184.98881464 184.66935365 727.92196386]
 [386.67185541  93.197954   619.42725638 419.74273055]
 [ 35.20076079 248.65878806  37.3835587  796.54003037]
 [577.94185894 399.45892893 328.03242639 530.55687736]
 [605.76219295 737.90687563  69.01391173 145.48939781]
 [128.06113258 534.60101547 545.58114681 546.45738343]
 [ 34.94591355  44.36280153 254.75468498 369.38468471]
 [224.94619758 621.13889393 527.65101281 291.82929047]
 [ 37.33621051 488.85399051 168.13273221 283.41617275]]","[0.95927157 0.6018117  0.90909489 0.55273931 0.90984411 0.69974428
 0.13933248 0.7230908  0.16351924 0.88580158]",367,2025-03-03T23:21:52.893624
42,0.827665430826016,"[[101.73274047 487.08238059 385.61725355 457.16494994]
 [266.20250353 743.48174158  41.21504532 577.92884355]
 [350.4727689  493.97546825 293.79021983 341.70872573]
 [131.2379961  651.56058935  84.19753912 504.07514697]
 [508.5319037  778.68448976  61.37316675  44.75624403]
 [604.09518571 598.52969464 614.10695874 510.8801918 ]
 [665.95600581 421.36437764  12.07570887 510.65759042]
 [312.33501332 438.39915241 408.26652737 325.38418074]
 [434.57662554 720.74053004 682.03234478 206.13410372]
 [263.24862194 746.63465309 216.75735799 796.08818894]]","[0.46066872 0.98482056 0.72611995 0.70449611 0.37716334 0.48516743
 0.24903446 0.43567878 0.99112768 0.99561134]",368,2025-03-03T23:21:52.899234
10,0.8699186070921233,"[[350.18451111 573.0167894  329.69205866  78.21137241]
 [553.36702136 365.90200352  21.19647443 212.68405047]
 [700.0516721  731.88031099 452.07735765 701.98844537]
 [306.65631258 437.60178327 631.97327751 643.80187026]
 [256.75065826 470.07649301  35.59261777 180.44040822]
 [769.50526749 515.86881058 191.99739718 459.61047973]
 [655.73810921 222.06227738 499.48472619  97.03050347]
 [118.98749269 396.57492515 551.54767153  67.82550968]
 [625.10270654 190.98117088 670.87168449 114.61104242]
 [553.71647883 289.21737298 386.23351392 355.69023786]]","[0.25876017 0.79529963 0.18302749 0.90479051 0.7681331  0.73598361
 0.92831836 0.15310113 0.75178496 0.90745764]",369,2025-03-03T23:21:52.905567
42,0.8386483319261289,"[[557.31444013  94.4039872  386.76302149 159.43132904]
 [679.41226558  70.80425238 377.22656428 759.21160717]
 [530.41699384 698.00874636 466.97888955 214.72580945]
 [167.07781332 485.7733332   76.59717566 297.18402382]
 [606.2476485  284.8479468  735.19681138 488.03875021]
 [329.89870191 619.4967527  275.84832565 149.99124578]
 [600.25157527 158.70306625 278.23086433 273.83053875]
 [731.90774041 406.73951847 380.94321592 662.02198376]
 [758.65275045 388.16088877 611.07044176 507.06315763]
 [304.14326473  39.96953784 360.10633629 450.07458757]]","[0.80184399 0.10030162 0.50556312 0.15559257 0.29611356 0.46510977
 0.27891572 0.15774343 0.38335009 0.51339947]",370,2025-03-03T23:21:52.911365
21,0.8812022025412295,"[[7.07807540e+02 3.43405905e+02 4.90873739e+02 2.68648229e+02]
 [1.29044522e+02 2.30951808e+02 1.94819798e+02 5.17133463e+02]
 [2.56218881e+02 3.39289677e+02 5.74531187e+02 5.67244771e+02]
 [5.99224411e+02 1.86796817e+02 2.58236679e+02 2.83820095e+01]
 [5.06864554e+02 5.52747227e+02 3.00716088e+02 3.43089230e+02]
 [7.34866732e-01 4.94015178e+02 3.76771021e+02 7.25649868e+02]
 [7.72175026e+02 6.93399069e+02 4.66731246e+02 1.18659188e+02]
 [6.41663087e+02 1.80397120e+02 2.87703330e+02 2.79843623e+02]
 [6.69855912e+02 5.16446318e+01 6.68102211e+02 4.58630392e+02]
 [3.22330665e+02 5.85463535e+02 1.71481668e+02 2.52379130e+02]]","[0.7733417  0.81520968 0.0046733  0.76779194 0.04856636 0.98962114
 0.78881452 0.88646486 0.84800701 0.70217004]",371,2025-03-03T23:21:52.918834
47,0.8342473172904916,"[[110.74356765 686.74958209 319.65288816 721.78815245]
 [399.02640351 541.19289229 213.19389024 663.06989873]
 [333.11421695 274.3747059  297.08410445  81.51114222]
 [ 50.30089957 312.94121817 264.28413753 557.88745683]
 [164.2085525  783.38356852 387.83319346 582.55236961]
 [550.64556901  52.62758939 269.53672841 410.02382847]
 [637.09900016  85.67123181 710.71051297 277.389877  ]
 [266.97906104 224.82257232 207.10394083 146.32489492]
 [345.4813746  403.15875022 261.08968028 322.20497226]
 [365.02276669  79.57488387 692.62359083 786.98935332]]","[0.87489129 0.98269784 0.88132908 0.66880884 0.98568868 0.58618856
 0.97681234 0.65029372 0.84764357 0.94839507]",372,2025-03-03T23:21:52.925348
10,0.896035035280445,"[[635.77845586 360.07099543  65.49367814 517.24460085]
 [686.16726079 529.29905051 564.78569614 638.21315948]
 [682.27475086 303.58108739 331.46987081 116.93912554]
 [599.01870465 618.12785085 400.1735778   98.04153803]
 [218.4998358  629.67294188  88.11388431  85.21482933]
 [639.44283807 668.71165959 799.07085324  96.97547779]
 [165.28743231 625.93971379 200.35728537 733.25759107]
 [197.42128979 717.24559492 789.28635119 691.29429858]
 [716.87042581 772.65530625 559.71149728 609.04684501]
 [234.94141004  90.02847308 448.23075645 380.68579147]]","[0.32179065 0.15010527 0.22438418 0.26549203 0.07721966 0.13726639
 0.30668447 0.0129951  0.95565163 0.61262723]",373,2025-03-03T23:21:52.930487
36,0.8366515513676587,"[[790.60440893  86.2308291  349.33242772 656.38590933]
 [ 99.74257481 653.71629921 355.40003749 428.26271236]
 [618.95402109  71.930347   649.9142881   16.4151972 ]
 [ 93.25196932 356.25856204   2.62832635 477.22660357]
 [442.8629122   81.25575026 771.09131972 776.13182282]
 [412.6394603    2.89162717 471.50656971 754.71485185]
 [354.93505586 588.40052016 260.64888268 145.11308442]
 [421.64971645  10.46848458 661.0635084  624.73963258]
 [546.02631789 459.96521865 767.10014235 330.97113263]
 [760.9101627  590.31991546 190.62291651 434.54016612]]","[0.61573801 0.03432354 0.29350318 0.84629798 0.89077874 0.90348292
 0.91380575 0.55720079 0.63379764 0.44989265]",374,2025-03-03T23:21:52.936577
41,0.9315664812404797,"[[5.36623448e+02 6.84412972e+02 6.48551068e+02 2.80136370e+02]
 [6.78846528e+02 6.83678537e+02 3.91225969e+02 2.49045328e+02]
 [3.82237963e+02 1.16540559e+02 7.91688293e+02 1.32746397e+02]
 [5.52350105e+02 7.27835074e+02 6.80317867e+02 1.44985901e+02]
 [3.63964668e-01 6.94583069e+02 5.96158171e+01 7.37938927e+02]
 [5.28159584e+02 4.43653269e+02 2.41471427e+02 5.69158447e+02]
 [2.00656280e+02 5.32947678e+02 1.45877344e+02 2.71953301e+02]
 [1.61461792e+02 7.05356933e+02 2.84656961e+02 3.99949450e+01]
 [3.91142393e+02 5.55809278e+02 7.62650629e+02 5.74893177e+02]
 [1.42229474e+02 4.65106051e+02 2.70199081e+00 7.63675954e+02]]","[0.17761601 0.64066475 0.37447324 0.95069598 0.21551547 0.89488105
 0.33649551 0.10657612 0.28572886 0.63657462]",375,2025-03-03T23:21:52.942719
38,0.8141110135405458,"[[342.95458385 532.16732696 499.48696902 790.46248516]
 [280.55225049 526.08325917 498.65868227  26.84607723]
 [574.35654014 593.40634654 454.15966496 759.21478097]
 [144.09702709 781.88843911 643.26811914 441.16335986]
 [565.02320391 719.72380554 325.53094215 701.46213406]
 [122.94339641 513.24255748 187.75462547 500.71780749]
 [186.41965589 414.57141564 360.74296021 798.705818  ]
 [238.2629405  682.81856462 182.18316572 541.03600074]
 [ 96.6657071  237.85156048 294.93613163 333.39403261]
 [712.66767898 793.71465377 674.50330591  58.92349415]]","[0.36951763 0.94639315 0.37884041 0.58560795 0.76505224 0.9734513
 0.3454013  0.47256615 0.63958721 0.15618552]",376,2025-03-03T23:21:52.948858
24,0.84351974323919,"[[336.82353508 544.02341187 106.33496572 514.2426135 ]
 [741.93510904 389.10048023  86.03881533 418.93806618]
 [614.44790825 321.70493233 794.07555449 224.3709318 ]
 [738.76776645  52.25586794 751.78783112  98.25682437]
 [322.01333008 618.75569524 468.77799249 657.88308069]
 [420.03643752 583.04518044 667.48074267 561.52219499]
 [ 20.1901107  383.75920084 355.08051442  87.83424955]
 [239.65443888 211.1201961  347.67632288 332.2522369 ]
 [758.03849826 328.40245485 347.83327924 131.06072407]
 [230.47177668 280.42275274 634.11850801 124.26899786]]","[0.47660795 0.0356844  0.49105763 0.2599395  0.83964306 0.84020379
 0.16617378 0.36505702 0.04520145 0.82694195]",377,2025-03-03T23:21:52.954433
50,0.8527158695964504,"[[514.54962225  92.4291414  330.36094328  27.31320758]
 [313.14989904 447.30997404 637.14981604 795.88782654]
 [399.77157278 383.18768871 153.81182015 602.55157177]
 [362.85321333  96.01476925 569.68370664  20.36797809]
 [162.43062032 309.12282791 338.80452468 730.48602576]
 [759.06838948 365.10905356 167.7277183  196.218037  ]
 [595.43056763 468.40475687 589.84585281 398.63902894]
 [606.89689827   5.00565147 749.97804205 434.49725332]
 [166.80717927 240.86089628  62.94212262 770.35934099]
 [438.96117905  67.61709807  98.70071693 419.43373783]]","[0.76079527 0.32242846 0.25248001 0.04853392 0.20060366 0.6463567
 0.79145503 0.70456115 0.21577088 0.84716565]",378,2025-03-03T23:21:52.960047
23,0.8440908491323039,"[[1.12412819e+02 5.39406386e+02 1.05712652e+02 1.60271394e+01]
 [3.39732368e+02 6.22981111e+01 7.12116949e+02 1.25544056e+02]
 [2.03803842e+02 4.75906372e+02 4.05013728e+02 4.20654353e+02]
 [5.23049261e+02 6.91356391e+02 2.39286077e+02 9.79734229e+01]
 [4.28430838e+02 2.57408059e+02 2.82615617e+02 4.98212449e+02]
 [2.02327913e+02 7.85754849e+02 3.73240250e+02 2.64765486e+01]
 [6.19072056e+02 1.99993993e+02 2.87334852e+02 2.54451858e+02]
 [5.26521278e+02 6.04344108e+02 1.00489303e+02 3.17526021e+01]
 [7.52939200e+02 5.75766959e+02 6.74691735e+02 6.09044140e+02]
 [6.54475960e+02 1.39259735e+02 5.52583177e+02 2.11907547e-01]]","[0.79865657 0.06918074 0.11020604 0.42579387 0.24000956 0.29103652
 0.17462675 0.26807968 0.25530304 0.18727986]",379,2025-03-03T23:21:52.965970
49,0.9006655215962178,"[[373.80546539  70.14036836 589.58539701  70.97085289]
 [ 98.08722922 328.78752847  68.94980721 562.38567464]
 [ 45.70720869 173.73162655 546.18614443 309.73082873]
 [506.51407073 721.92049582 353.03046917 476.04279977]
 [182.65039054  67.44428052 559.19523152 705.74082019]
 [696.96694547 705.29168197 344.46372687 798.22116957]
 [523.33104202 796.82457261 251.05366299 276.0442805 ]
 [492.86192994  67.20279299 101.82978787 177.33751052]
 [337.04943737 702.81789192 528.96906919 675.47146602]
 [747.06027896 305.39835329 377.98535628 313.91066149]]","[0.74378506 0.96554804 0.39930672 0.34139719 0.62452682 0.1783153
 0.68309481 0.77479518 0.92481723 0.08613628]",380,2025-03-03T23:21:52.972026
23,0.9367018827482306,"[[150.56642593  72.67922745 179.22294197 342.73826365]
 [147.0191668  452.05224418  31.92460137 313.90641154]
 [292.20884396 616.78450807 556.22533634 664.29625197]
 [701.74725543 419.11227663 717.42694562 517.22600021]
 [482.23353609 168.58939727 277.4057344   37.85811595]
 [475.09610849 594.47048956   6.91157286 763.78264675]
 [ 80.54792511 648.0282886  256.20264436 225.692381  ]
 [382.43047896  76.40300009 393.27613684 161.86451038]
 [531.62243946 504.5217966  228.57640686 488.90460662]
 [780.49525852 277.27099355 144.41087971 439.88794177]]","[0.10082128 0.53821681 0.32943909 0.01687506 0.72384676 0.80281163
 0.98480236 0.97748906 0.40550528 0.9693096 ]",381,2025-03-03T23:21:52.978760
18,0.9053837413484448,"[[470.88123583 390.19333522  43.6956593  557.7255898 ]
 [299.57733287 120.0031889  267.57459528 563.1192005 ]
 [646.24100108  87.87150765 338.87336621 228.06161294]
 [508.41415246 792.35057919 107.52635806 432.31911053]
 [634.13083932   9.65267386 181.24463252 397.32008901]
 [ 73.79531375 162.80574227 338.10976798 358.32337085]
 [796.06171069 236.11110271  27.98975695 690.19953042]
 [193.5704295  684.45496426 511.55084689 198.3982074 ]
 [700.77518164 559.59968233  15.5126669  736.32780314]
 [398.80433265 576.34296218 683.64287886 691.07614354]]","[0.94502004 0.60605974 0.29280945 0.68946376 0.50645311 0.64337119
 0.25015694 0.07570254 0.31849803 0.46500635]",382,2025-03-03T23:21:52.985881
36,0.8233062978167588,"[[633.33742147 422.33654683 595.62550909 436.63730326]
 [190.87114359 162.9538027  755.89565778 750.90709839]
 [ 79.21174589 751.50120055 504.71139945 109.63886596]
 [757.54401772 751.9656767  100.81775287 503.91989976]
 [724.36437696 453.95119794 397.39572816 534.6639674 ]
 [478.79631159 627.54376688 776.59863835 621.03498904]
 [564.59528112 606.58484117 252.11618358 389.69536509]
 [559.55577222 412.2336486   64.4389784  230.0525099 ]
 [203.3942207  379.7587491  194.73139542 380.28041815]
 [140.53066111 183.37649464  84.78696234 303.87718701]]","[0.58527286 0.67841831 0.06382852 0.1452445  0.58279211 0.02558969
 0.68809256 0.17717496 0.39408751 0.25098311]",383,2025-03-03T23:21:52.991885
29,0.8330467803201127,"[[679.47907687 351.03552162 493.82302082  31.91660745]
 [779.67388774 471.92659898 299.05519805 684.36023291]
 [104.90265071 771.23732861 554.93262316 712.02765574]
 [710.56605595 773.23435405 371.24742394 508.59112278]
 [284.45796098 422.3691959   10.68583579 115.25685269]
 [694.86012546 345.90708468 102.3498963  451.94322897]
 [487.10357396  50.82572649 772.47029176 377.16540387]
 [298.73444679  42.33425798 617.49807769 303.31068989]
 [594.43446413 656.08780126 758.44957347 711.21263348]
 [452.0593282  610.75788332 347.21869069 430.40774528]]","[0.95751737 0.24293576 0.0415492  0.67350665 0.47238618 0.38171985
 0.389102   0.85570223 0.6424662  0.67977577]",384,2025-03-03T23:21:52.997881
29,0.9442902389194192,"[[534.81654142 573.80666886  20.75417293 352.26907646]
 [646.20815009 691.93163464 224.26612141 690.37907078]
 [401.4587905  648.85903079 377.57685439 514.69465086]
 [ 88.14028355 136.35189697 711.77508008  93.50155555]
 [713.68705728 622.0275502  243.22285259 455.25346201]
 [221.7314567   76.21257152 442.84880257 419.1671498 ]
 [665.34998577 695.09020289 499.38188942 756.26497802]
 [542.73145567 602.5882543  156.87955741 710.91367053]
 [ 17.57397149 244.30297931 354.82603959 708.26709407]
 [649.38959155 733.2487307  531.76364766 650.78170701]]","[0.24027894 0.04255494 0.33957219 0.19257281 0.09933339 0.97194805
 0.02649461 0.81188645 0.10298221 0.4051352 ]",385,2025-03-03T23:21:53.004828
17,0.8060689949619411,"[[343.5261618  142.45052447 123.64797268 670.89162137]
 [475.2131741  518.06149968 132.05933764 290.65574799]
 [357.61341893 734.26829307 573.7637581  215.5197826 ]
 [134.52899344 529.33717213 696.56283866 329.47887239]
 [395.1105213   68.24475441 585.7868222  380.12021512]
 [255.78337873 338.96502799 667.1118625  631.00049965]
 [602.13182026 395.71448971 581.65841471 647.60699966]
 [733.48150487 755.80709664 736.06542661 743.70337804]
 [322.43359917 665.05923112 584.15545979 297.3679345 ]
 [215.57401927 763.79975186  27.6591877  277.86432748]]","[0.25531345 0.4307584  0.19411594 0.53136747 0.33978325 0.48974184
 0.21004726 0.14121337 0.64019523 0.79910708]",386,2025-03-03T23:21:53.010447
46,0.8163584856930921,"[[385.63227469 405.96008313 188.67504113 139.01838488]
 [116.85779896  81.41188969  74.99336957  30.77645578]
 [583.35148519 307.03881795 629.21070892 749.58898584]
 [625.65933267  87.31165226  70.28095198 115.82524425]
 [238.43905987 459.33930513 522.03461229 597.01505588]
 [241.3237049  505.82627392 644.36922086 182.92260705]
 [331.11496871 572.3958745  266.12865908 475.18707429]
 [ 44.76983451 222.53504934 657.88170374 615.4408489 ]
 [327.87144503 509.34987583  46.14080782 440.7078701 ]
 [168.00866055 338.25836325 365.38529082 541.64277844]]","[0.99438512 0.25168797 0.30437994 0.7152601  0.32045173 0.90609792
 0.63992904 0.56234825 0.78184707 0.72594801]",387,2025-03-03T23:21:53.016570
32,0.8205203407926105,"[[154.2462302  416.99927951 725.75409567 776.79036388]
 [700.52719904 247.74326703 451.39781709 566.20658969]
 [ 85.68025111 653.21314874 398.4845273  761.76564101]
 [284.8186272  712.47819447  12.54615213 556.19206877]
 [249.06789348 381.19901959 684.25158315 646.93696273]
 [604.72335698 516.99493085 751.37666833 445.4822442 ]
 [481.27420427 588.26529763 478.91113459 527.07930896]
 [276.37613357 704.14427123  64.61327197  57.66392416]
 [736.88429895 412.96493203 575.0299373  259.37745458]
 [374.89913004 690.67239006 550.3179731  678.58833549]]","[0.30715621 0.61876492 0.93815056 0.04830395 0.6424686  0.40742114
 0.97515624 0.56022538 0.90962069 0.74679564]",388,2025-03-03T23:21:53.022093
43,0.8817709030457519,"[[294.38769061 363.68771263 168.09587283 113.68665226]
 [ 22.90178233 503.96545344 745.01190184 745.76931435]
 [534.47809337 422.62560343 240.05242776 610.87297298]
 [212.72860316 369.24350321 333.82582947  25.86404401]
 [535.03828932   5.8041948  745.89793801 566.63862571]
 [739.04600281 538.11762373 116.50166278 505.23662001]
 [141.39316844 439.33255291 406.29740313 418.14426846]
 [799.1788158   67.68656787 130.98320132 312.73839939]
 [541.39530928 707.66548445 621.79926791 414.90740134]
 [385.97733302 350.62276513 210.90593191 645.81614193]]","[0.16081941 0.08357554 0.37164107 0.02395638 0.43422487 0.22292037
 0.1623154  0.04161252 0.5005967  0.61866649]",389,2025-03-03T23:21:53.028713
13,0.9422757735506043,"[[132.38052429 175.60438179 473.64170039 340.89718628]
 [535.21344653 609.44681366 385.42890688  87.07781642]
 [ 99.46209667 596.91524759 485.34132004 734.96457466]
 [362.36897138 785.10472212 645.80719523 512.96983233]
 [ 42.44043551 135.24239994 709.34940995 334.55079807]
 [ 78.74939249 315.90136477 234.23093735  24.81019952]
 [ 22.45567106 780.12586773 291.91806394 130.04034096]
 [509.41533527  17.80953633  56.13739435 704.26827304]
 [636.73279783 580.72055662 341.46200338 323.77345974]
 [763.30156802 194.74241148 129.04170242 515.30390255]]","[0.02803766 0.56131531 0.94337597 0.50015929 0.93196555 0.38707824
 0.2982098  0.51274929 0.96446744 0.83647621]",390,2025-03-03T23:21:53.033474
16,0.8322643913934832,"[[ 41.74814707 650.12634096 627.12545688 587.07539606]
 [ 77.28354254 655.06448395 286.36910561 611.19681723]
 [673.28899262 116.95220537 186.12386625 419.50010593]
 [465.9821205  371.32570115  67.33348718  99.04444844]
 [656.60601692 628.06885979 743.95309634 368.21454273]
 [727.70884334  87.8225167  444.03916561 291.84012589]
 [135.56830879 557.62606185 676.14069144 673.22888753]
 [133.18753162 260.63835775  63.63365491 221.67189813]
 [425.81443881 582.55838108 438.92556332 390.11875546]
 [326.56120631 164.89097166 141.64220454  52.47069003]]","[0.77805352 0.0070957  0.36525362 0.84932611 0.17753835 0.43989716
 0.03533392 0.89463499 0.48810749 0.5275641 ]",391,2025-03-03T23:21:53.040445
28,0.8911431260731134,"[[169.50642054   4.15985391 568.86073646 569.8537598 ]
 [569.40088576 640.79625505 317.60184508 280.01592407]
 [116.39581099 392.61798115 533.4164516  493.60124756]
 [ 51.38778027 746.470393   468.36839869  40.90422761]
 [ 64.84301444 550.58947031  88.98992929 541.26225914]
 [495.79353747  93.57193245 326.09069574 210.25408513]
 [660.26222042 733.56084734 566.20583792  19.42895329]
 [589.44812966 226.16802094 172.16954725 338.48047249]
 [ 42.51971637  43.72710987 606.98453844 650.57977224]
 [498.08069848 294.89528254 747.88529912 119.20654406]]","[0.06918782 0.01544752 0.79177866 0.0637134  0.39579063 0.77733975
 0.9144946  0.41855412 0.70132554 0.720296  ]",392,2025-03-03T23:21:53.047418
19,0.9018055670571574,"[[779.30659886 790.67307409 764.86744934 424.62289951]
 [199.50223172 585.30994727 599.07375943 591.88082038]
 [684.86039913 544.45874404 671.74125823 475.99638547]
 [507.6476465   66.43683897 692.43466441  39.79298893]
 [472.10231382 142.9888412  164.60034618 339.59798954]
 [516.81099011 309.87672571 276.6486441  621.25911896]
 [329.86414729 300.69140888 306.05258635  29.40985506]
 [342.11878902 360.25067935 535.30293176 708.06404317]
 [556.26181603  84.21946176 219.80083711 445.12511491]
 [119.41808041 697.78846075 602.00351941 744.30165834]]","[0.48458263 0.38725801 0.14004914 0.52070582 0.40705741 0.88168298
 0.85737318 0.28466063 0.53799977 0.76138929]",393,2025-03-03T23:21:53.053554
19,0.856273540424696,"[[106.04788218 577.80399731 705.14509113  59.21065183]
 [194.16496956 691.51103719 483.35355811 579.38459298]
 [467.13180446 774.80813529 620.29891936  66.42115524]
 [271.27031153 594.97862581 208.16327445 186.89738943]
 [618.24505285 695.13059817 710.55423105  54.6881176 ]
 [639.6224831   63.77706345 702.33856305 598.12769905]
 [605.60415571 788.943296   133.85197772 300.86504201]
 [204.93990272 438.31279475 705.29196443 712.32271871]
 [219.66978943 471.33840949 255.25035409 435.58685678]
 [716.02174083 259.41019123 761.8640835  724.15918742]]","[0.57874164 0.48169759 0.71937841 0.5055851  0.82525246 0.15436436
 0.34547497 0.59212902 0.77391216 0.49797099]",394,2025-03-03T23:21:53.060486
24,0.9065935708364576,"[[556.19568789 778.27039769 714.33783804 309.12457275]
 [207.30109824 614.0102387  117.22386526 134.11540581]
 [302.08714569 764.62366584 675.02124221 548.4522047 ]
 [117.18442051 243.84052909 335.74414299 428.90697284]
 [ 72.09387208 129.9597072  196.89686544 347.9390657 ]
 [492.93988195 332.2805346   51.69264006 779.57255321]
 [796.4258434  222.2484631  357.20490151  63.19642487]
 [702.22507468 162.59236816 396.15788865 710.67967979]
 [571.09429851 379.29620306 159.55140345 630.03583674]
 [221.0312383  539.32587167   7.55651995 524.657358  ]]","[0.6119163  0.51013788 0.70846795 0.77709973 0.53605605 0.03866881
 0.28342432 0.50379249 0.01322894 0.57679222]",395,2025-03-03T23:21:53.068015
30,0.8675063518372828,"[[ 52.08060701 256.01399392 679.33262848  94.44222775]
 [750.40643797  15.64248527 456.49049022 407.97991889]
 [ 84.06912664 132.31566513 464.18398539 209.40929787]
 [584.84593488  74.37968333 191.92727838 766.46628271]
 [711.61668282 532.26560889 646.17777909 392.52230413]
 [406.0019465   21.00057478 546.48614797 270.55812708]
 [622.95183823 488.94483065 679.96275871 412.93604915]
 [119.45023802 213.76662874 580.12700705 278.72018445]
 [745.9471494  740.00298083 141.07258726 772.67981817]
 [570.76893758 562.86101946 673.25414451  77.75378685]]","[0.09087241 0.70468844 0.09016755 0.7964308  0.01624051 0.43025953
 0.12252069 0.72917987 0.78856591 0.02031958]",396,2025-03-03T23:21:53.074013
23,0.9373361073858686,"[[260.80745427 212.51325798 164.84651107  28.85724385]
 [383.03276237 169.46319171 639.80083336 436.70469893]
 [507.3096851  281.15072367 354.45913422 597.21244735]
 [771.66647302 378.85582659  61.22252625 676.56144053]
 [404.56119125 405.97182087 430.75732608 159.22513582]
 [795.94388597 211.34198308 540.13387744 345.40088211]
 [ 72.02193879 771.11252053 296.69569509 182.55162872]
 [125.8803605  500.84352515 125.24157038 733.47681243]
 [162.77596397 127.08346595 157.20989643  27.75875152]
 [381.39690546 582.65349466 500.43290221 293.74492239]]","[0.6620087  0.4735563  0.69584202 0.65180719 0.09261173 0.86164363
 0.31074911 0.70559549 0.08470875 0.33038356]",397,2025-03-03T23:21:53.079812
48,0.8719241845176837,"[[ 43.06878345 532.79268248 670.63729302 202.17220835]
 [459.16636385 638.65096246 133.07693271 470.42545419]
 [117.75193055 477.57367716 225.5366834  692.47927128]
 [344.42180348 113.75240823 660.50386603 225.74847146]
 [743.61422977 502.97984555 274.5807958  286.48117482]
 [ 85.0244806  516.8091085  231.92640817 304.65160171]
 [646.58903573 473.41398552 462.68480913 658.71352037]
 [693.21406806  14.70767785  74.14709419 701.74820202]
 [752.39881947 229.54425505  59.64980085 528.07973934]
 [185.39343134  41.54998728 199.62874942 480.99703815]]","[0.60374879 0.22791446 0.7735339  0.51840264 0.52974806 0.73365624
 0.29721798 0.02077221 0.58915489 0.92811633]",398,2025-03-03T23:21:53.085172
49,0.8310623435623115,"[[741.45116064 154.61838621  41.03913629 282.16738029]
 [136.8026696  509.80132086 644.66525058 510.34272802]
 [445.49181142 199.12274532 162.63905541 656.2939283 ]
 [317.00825981 330.82456491 463.55011263 269.08141618]
 [521.29197109 449.57208329 175.97531994 661.3411893 ]
 [592.71143804 493.02824888 737.75126477   5.69066361]
 [ 43.82786216 563.06260456 791.03334925  60.20316504]
 [621.08060621 435.590068   235.82617953 604.74832881]
 [497.12533733  99.95160257  61.73356597 100.57364637]
 [151.95867677 552.55941413 115.74165474 291.98039711]]","[0.66266421 0.29212855 0.18904696 0.87534788 0.84679647 0.34392152
 0.42445249 0.53614594 0.03342465 0.45566167]",399,2025-03-03T23:21:53.090226
50,0.8427343377001687,"[[431.87670629  67.22873482  29.47427451 316.89209023]
 [195.35120329 262.57241601 145.82376005 396.26435162]
 [391.3939568   86.39157222  32.48555849 365.21490462]
 [380.6147522  262.95340464 451.17791627 370.75075174]
 [515.91748698 521.71121809 192.03333872 361.34478563]
 [388.84822385 454.8365731  714.91352347 621.63315731]
 [ 24.08285647 475.57290712 791.4282012  274.12019222]
 [496.82715639 578.57399836 603.86604967 261.82077835]
 [719.55389323 450.49141365 647.73585496  89.58398586]
 [139.91505913 256.37497914 113.5447503  538.68945318]]","[0.0578437  0.43463293 0.20564692 0.04498621 0.01932571 0.51623671
 0.26618384 0.86214987 0.11904523 0.85710521]",400,2025-03-03T23:21:53.095300
38,0.9052658871232935,"[[242.04740035 738.44723678 458.90611546 750.84346749]
 [661.88179479 501.30963951 566.46665208 268.08438887]
 [153.55276832 730.14282879  22.53748061 292.17428563]
 [220.07927194 408.75282453 453.48047396 456.38846783]
 [237.51719184 162.75051916 139.98613508 300.80707051]
 [540.6682669  206.5996515  352.90934649 277.6250408 ]
 [794.77957157 567.47328814  58.22065411 766.7837589 ]
 [571.70121948 211.70635531 601.0962756  322.50165766]
 [193.04473386  44.80432658 316.51127867  32.81866977]
 [601.11988696  58.05979789 295.16456281 758.10452529]]","[0.78983204 0.92853257 0.24227687 0.82912952 0.12223685 0.85857531
 0.76144706 0.16426369 0.46103489 0.33447705]",401,2025-03-03T23:21:53.102288
38,0.8105957010074504,"[[636.48517031 794.62983915 712.151188   597.04185093]
 [391.62403504 309.85781904 188.0262072  227.29964866]
 [668.37368502 376.87772274 671.54603253 490.86708548]
 [371.07115891 441.23464487  44.81219214  13.30430298]
 [645.2288256  735.19270751 316.73521774 221.72208473]
 [ 89.94127913 392.74782355  62.61270702 495.24588135]
 [201.09219244 263.40957247  80.82709827 777.28246191]
 [720.37696102 166.92495758 565.17087655 362.25794935]
 [ 18.21553903 710.61209046 375.554442   746.67182746]
 [543.43853334 248.8996356   65.18867801 214.50785353]]","[0.6095945  0.77591509 0.44562685 0.82540812 0.01480891 0.86927939
 0.10509168 0.69289711 0.71088016 0.66105597]",402,2025-03-03T23:21:53.108203
39,0.8769580598753253,"[[747.5557124  559.12274052 366.35801888 200.102783  ]
 [135.2521458  261.83772112 571.91784263 565.38596522]
 [ 96.13255398 101.0933028  145.80529348 507.57123664]
 [375.09284703 383.05022812 601.43365984  26.45904043]
 [491.07452073 404.44720694 237.55966991 636.19735164]
 [274.49460358 272.72208567 464.24237893 444.10424939]
 [726.27191141  56.1608423  705.81157757 471.77894822]
 [700.72945389 239.94408956 648.14828047 101.90113917]
 [581.67757979 323.21530667 452.37267032  71.74192493]
 [ 96.21853678 310.29785823  75.65398234 604.207372  ]]","[0.03356806 0.31142206 0.80268994 0.14228275 0.90298714 0.68041862
 0.51529964 0.17766055 0.48575331 0.78993377]",403,2025-03-03T23:21:53.114209
25,0.8802905668511686,"[[213.65412301 777.70062922 425.77953231 674.95828265]
 [245.1760725  208.98010112 257.59511852 280.44212189]
 [347.03639124 439.96220159  66.37200511  11.57525766]
 [688.09205822 133.57282763 646.98141165 405.88556934]
 [301.89052137 471.16146231  80.73585106 368.0914889 ]
 [479.29643119 155.86720823 158.03512614 787.02628029]
 [570.22979637 622.03888007  37.95051315 292.64511909]
 [512.13815547 134.19112518 157.81459769 767.98455971]
 [637.99515337 624.24375643 121.30174153  97.89226963]
 [614.98039718 489.15879517 272.16554516 692.24463445]]","[0.48156625 0.9080425  0.96080091 0.95789178 0.92683129 0.16607693
 0.48225799 0.28117445 0.8225206  0.61684079]",404,2025-03-03T23:21:53.119399
46,0.8028673941188914,"[[594.48698404 346.68171011 296.1882031  496.3149787 ]
 [765.73608789 652.37148586 537.5035477  298.18522074]
 [655.15431488 345.5210719  204.77740681 764.93996678]
 [373.91873557 650.98795453 216.18253267 536.80951   ]
 [625.42160868 768.4846355  104.50638515 154.95750881]
 [535.78507427 254.86595328 316.70526826 783.21636714]
 [792.19878324 244.53753088 222.15940574 434.76784582]
 [578.81415602 492.07217277 639.48914565 304.72772615]
 [314.32699471 740.86897143 763.46722249 138.81908725]
 [452.72723988 119.51706932  78.12269482 419.95759863]]","[0.00124742 0.32087295 0.15413473 0.38495183 0.73580781 0.10956891
 0.6426826  0.69447472 0.54374971 0.38959771]",405,2025-03-03T23:21:53.125907
32,0.8536251910835843,"[[793.7193492  367.40652141  91.67722176 208.82246837]
 [626.05419865 414.47703783 426.65183124 414.05106507]
 [607.23404097 630.30090139 764.90189421 659.47258817]
 [423.2019881  409.03086917 141.32469311  56.53330177]
 [496.60052995 779.06577758 755.04363164 645.42545618]
 [599.19303696 652.71956064 659.27429903 178.14665837]
 [728.50624073 401.09678192 519.15378787 785.13771376]
 [ 11.24959206 735.82755798 381.94378352 413.01802678]
 [175.12350238 587.21685877 488.52861245 128.0400581 ]
 [660.53790429 341.01309115 373.71962412 322.9313969 ]]","[0.61174004 0.09622021 0.90044149 0.55790333 0.61781872 0.69008983
 0.59451489 0.96754982 0.01096998 0.65571711]",406,2025-03-03T23:21:53.131089
36,0.8909077308460898,"[[466.6160137  406.85113764 490.20136912 346.17824384]
 [459.96336843 260.65333962 413.69384962 727.73749613]
 [ 68.06537762 220.42868905 145.61780084  18.7633229 ]
 [566.12996049 217.06953563 435.05016169 541.22583885]
 [561.39343306 551.07821469 519.88546113 453.8994737 ]
 [270.11404575   6.79754083 118.04150796 667.22459496]
 [649.29533739   0.86296885 299.39727132 761.76539331]
 [373.1393706  304.00917916  61.25569797 198.38746186]
 [472.50043986 315.72971505 437.54523272 337.73222459]
 [612.4015557  519.31961589 191.37320817 630.61952493]]","[0.54308788 0.80932627 0.57025467 0.73195198 0.39742924 0.15617158
 0.24710121 0.65346886 0.19981054 0.06377112]",407,2025-03-03T23:21:53.137855
38,0.8331677010981021,"[[230.71204357 358.34702018 543.27049523 352.09249298]
 [753.53706362 754.85286921 244.03793722 216.04000421]
 [786.85549491 586.85831108 153.39319368 257.82750711]
 [253.29195992 269.05629362 438.8783437  441.96017013]
 [736.03781016 420.83369402 193.28668358 515.38700091]
 [ 14.11791144 413.29052217 184.05379547 611.35407505]
 [275.33386675 349.59700928 159.0763659  698.39168367]
 [212.65924025 320.0472226  650.38640488 509.16750114]
 [392.9191329  695.21663896 604.08632117 122.39116198]
 [290.01815601 714.6015796  597.92973843 384.43662658]]","[0.54368952 0.21420156 0.96317921 0.58144525 0.02064359 0.40170127
 0.10245653 0.17913568 0.70266852 0.96073853]",408,2025-03-03T23:21:53.143766
40,0.8396597062687682,"[[527.24982657 444.83288606 249.11162223  80.00373664]
 [395.47232162 413.25948923 673.75264993 444.9827106 ]
 [ 27.81796237 661.50246105 422.18615782 478.22322914]
 [384.58735001 251.23083997 727.7032601  586.7850867 ]
 [341.45670745 134.90518662 517.80082413 146.93096653]
 [729.16599553 530.18534604 450.64406755  18.16171585]
 [789.91312693 436.98994764  59.71443115  46.52055607]
 [432.18523545 643.05456716 607.52790273  97.30356932]
 [662.20974555 144.13084359 669.55018864 343.84357325]
 [163.63202312 165.80937585 481.89397974 509.11478083]]","[0.41235007 0.43288145 0.16782696 0.904395   0.68191279 0.06051388
 0.87554824 0.82975071 0.27084663 0.5317771 ]",409,2025-03-03T23:21:53.149136
20,0.8427109315633892,"[[349.57334542 295.90580875 546.8592726  116.5180889 ]
 [628.02107291 507.68546519 219.80942164 564.88486246]
 [706.03030215  14.49564806 300.69474383 263.87041165]
 [279.31760227 494.76546985  66.97028211 335.23116053]
 [ 97.33548064 406.63617273  19.55620832 546.99392999]
 [411.68704895 338.93234324 147.67445485  41.30455719]
 [  7.78396648 664.55439635 692.27152983 637.0952081 ]
 [225.03517907 512.8745506  121.801746   760.90479891]
 [133.85846686 700.72014571 670.67754638 147.8623542 ]
 [303.47226465 180.80696246 650.00463764 433.73229964]]","[0.69767394 0.84562011 0.94078696 0.13213682 0.25510739 0.75963122
 0.67798805 0.80937235 0.43991674 0.00563394]",410,2025-03-03T23:21:53.154236
35,0.9282516482302363,"[[235.27416656 277.66559296 142.26770005 292.89522888]
 [756.62085927 704.35578387 135.4870902  659.94611573]
 [689.18918909 648.043319   234.0190597  679.37172774]
 [  7.82586562 550.31554963 155.80105101 636.39151247]
 [367.42393935  16.21061049 418.45349381 693.56792159]
 [442.78358486 296.14402743  73.24311918 638.73136418]
 [678.05516529 636.19889432 377.4224591   18.76820317]
 [699.49967702 555.26311934  36.97757606 630.51277481]
 [582.05648958 120.21676955 748.8584771  107.26534711]
 [201.0501055  668.49310997 674.79411952  72.21884714]]","[0.28872266 0.48164775 0.273443   0.68464618 0.03771346 0.0640229
 0.19953227 0.75745934 0.03343212 0.08920598]",411,2025-03-03T23:21:53.161014
43,0.9266716512452586,"[[111.42635409 786.04941904 268.06450816 251.88209527]
 [400.96032606 493.317385   635.36725296 137.27166592]
 [776.72903409 555.6060148  336.52262045 605.99207558]
 [754.00022632 432.02123921 373.99238728 115.90955696]
 [ 92.41970493 681.30422231 694.11319283  66.60154645]
 [501.49608321  45.05985288 400.45052352 286.06699505]
 [ 37.35720115 126.15618724 638.11132369 127.10818922]
 [ 67.73962348 123.78402492 512.44691565  61.54556171]
 [780.79940295 663.29634613 465.219159   748.03470394]
 [261.16764608 649.6565724  504.12851306 593.1175179 ]]","[0.72447983 0.94706236 0.74166852 0.03452766 0.80077229 0.53376177
 0.44256473 0.52250725 0.2279148  0.66093009]",412,2025-03-03T23:21:53.167492
29,0.9135015633165593,"[[622.0497465  333.13978442  55.39261817 476.8903478 ]
 [393.32322365 247.82890726 598.70188674 241.81065783]
 [646.7393317  695.87024306 158.68324764 378.95659449]
 [308.0171394  631.33053283 253.43094115 281.40664636]
 [363.51327534 259.30670812 166.00229412 303.08686377]
 [289.46628369 248.8260855  194.31748047 484.23852116]
 [656.57978011 278.3765011   39.32192839 222.81151497]
 [103.11329585 124.96410898 162.90508857  16.87772729]
 [ 81.16273891 423.77335445 383.25059021 451.75783945]
 [106.69233595 360.9326637  538.34984684 667.59084562]]","[0.84621834 0.99381052 0.24852888 0.07375841 0.21320791 0.083036
 0.07311431 0.47566959 0.46106665 0.21071501]",413,2025-03-03T23:21:53.173339
21,0.874642372938536,"[[198.13800423 415.63259667  43.98053716 649.68049601]
 [749.88485516 379.28723853 768.18867742 597.29661475]
 [215.06300608 212.53226379  50.18558826 583.8096837 ]
 [422.32869197 100.71367506 668.71626391 225.12834992]
 [753.53463199 656.11897635 768.86989095 460.71591552]
 [555.7489362  673.25509475 511.39758623 266.80221067]
 [ 79.03127847 184.76464797 500.06060869 166.37876239]
 [748.18810022 301.76099505 351.99864451 732.80620858]
 [727.94357265 211.54933546 609.82301352 425.53712448]
 [464.95863671 660.03769464 474.43383013 174.55420204]]","[0.15324012 0.56671101 0.40677839 0.69528477 0.60486343 0.9218177
 0.9693464  0.05519967 0.12699855 0.11088848]",414,2025-03-03T23:21:53.179192
39,0.8274107641041838,"[[124.59438681 367.28393037  95.85162027 744.03799584]
 [202.24873016 216.71308037 604.71717338 270.47057314]
 [519.25401864  30.18700837 759.23509854 515.91427479]
 [219.92963069 118.24323377 425.32059127 767.57540516]
 [551.14951697 660.06437337 289.84272175 183.64656494]
 [191.33108943 504.95631072 426.02659204 705.04341207]
 [ 34.85647577 772.73098233 571.40643999 386.18492689]
 [107.045192   731.18371067 441.1593182   29.45012798]
 [237.93724505 384.4976534   87.14896288 323.13183301]
 [572.56106002 552.3361467  485.98656662 535.83391363]]","[0.69177294 0.94904219 0.8212539  0.40519684 0.17527717 0.41699196
 0.3159394  0.36429926 0.91914464 0.92615507]",415,2025-03-03T23:21:53.185379
44,0.8082368918154668,"[[670.55788619 263.58445437 765.66389425  25.12199194]
 [431.75848651 649.31038751 374.46203014 401.34090531]
 [402.71126408 346.52882702 469.25225471 668.68911324]
 [302.95122412 172.17063339 108.28008835 230.0386048 ]
 [440.51752145 225.24103693 588.97844434 439.32008736]
 [733.901687   437.76418463 745.9341496  237.3045846 ]
 [798.07131926 717.0729641  381.43994482 386.92519481]
 [227.41286721 565.79822019 580.58463198 532.44876357]
 [  9.83038958 195.65076326 110.75799255 726.58188115]
 [152.97036153 673.73878175 659.5104073  604.65100036]]","[0.10829508 0.40597635 0.68579856 0.05366454 0.76770116 0.6478735
 0.07499937 0.98915969 0.66560274 0.47683265]",416,2025-03-03T23:21:53.191474
44,0.8726616987532149,"[[ 15.17101964 331.71748492 677.49873782 204.65993808]
 [614.87801264 377.65336563 674.80825065 736.21492486]
 [516.76486645 692.47882144  26.86986855 481.40481473]
 [126.53268436 731.06461524 536.9208316  169.59864019]
 [277.7231587  688.83880295 138.64559706 401.8431856 ]
 [682.72991592  34.71545433 273.29036455 378.95436784]
 [475.89130158 135.80494421 149.50938949 643.45456825]
 [487.42925154 650.54205925 133.19385643 315.00930672]
 [515.62593447 345.59423817 235.51750267 703.10952819]
 [592.66189964 421.99820978 570.84042088 624.06094024]]","[0.29735857 0.08459507 0.75586591 0.88529227 0.36573464 0.22791931
 0.14171121 0.1436762  0.74349744 0.56277244]",417,2025-03-03T23:21:53.197148
40,0.8681999776487447,"[[ 10.9921519   41.31074336   4.85105506 101.27167415]
 [156.5266804  478.48040478 396.82201247 664.78367403]
 [392.19732483 279.23684812  62.14021907  49.40254327]
 [102.24634518 320.77416871 326.29550258 144.47825962]
 [367.15927487 267.23380459 327.01223444  52.15361136]
 [292.64356742 717.83349614 764.74742254  38.88391664]
 [179.60657773  90.86211252 562.72232274 190.66322114]
 [594.34094858 427.20483922 236.74857063 685.51304733]
 [ 16.1400018  686.5527347  413.13147963  40.00680965]
 [253.25321339 665.5647546  795.16756699 539.39287697]]","[0.45869053 0.67472366 0.24527127 0.5780818  0.85844995 0.99844714
 0.40625905 0.40092909 0.61638228 0.91086168]",418,2025-03-03T23:21:53.202997
31,0.8608459663820283,"[[145.50733748 689.21989174 172.64411285 608.5361961 ]
 [179.44856643  86.14063651 254.35336335 152.7886258 ]
 [ 73.42535977 309.44862333 259.07207127 576.30566814]
 [527.94967157 325.36483249 782.83604587 643.61714033]
 [750.60111949 122.58566446  20.38794735 196.52869912]
 [391.2938691  190.11020479 789.20198382  60.52464133]
 [269.74583567 632.81045139 165.71441352  13.57778516]
 [580.71285639 515.44693416   7.26195209 423.0426887 ]
 [ 82.16384549 272.89152465 286.93146917 288.00540044]
 [308.41644202 353.09623347 563.39960451 767.8388848 ]]","[0.85690719 0.41276156 0.43935372 0.11914802 0.2644069  0.08574719
 0.71678013 0.68628574 0.61977677 0.96784956]",419,2025-03-03T23:21:53.209272
27,0.8218277664058704,"[[679.20368857 651.32639701 255.00173598 720.60668907]
 [316.39664272 581.11100868 253.44999078 109.2320611 ]
 [385.00367959 332.8788677  207.85381014 338.95561074]
 [548.67028069 502.68628596 785.64351603 589.95412465]
 [203.41485255 295.90455877  42.42551942 759.52059513]
 [ 50.90408299 651.01894598 578.38746881 530.42472908]
 [762.51462486  83.91769901 426.67505468 290.0583132 ]
 [728.00356165 127.29951545 757.28096769  79.93479065]
 [177.54436166 125.7020996  100.94774718  31.29285681]
 [732.55663425 111.86381344 676.2087722  415.7038752 ]]","[0.31722285 0.51944978 0.06483455 0.40108467 0.97974612 0.83493237
 0.23143615 0.25783546 0.32661045 0.6987016 ]",420,2025-03-03T23:21:53.214585
21,0.880726407423229,"[[499.27139817 507.7427181  281.96611921 160.11306692]
 [624.55813464 154.39547668 773.44603407  48.52275004]
 [559.95165002 597.60709644  26.24106594 150.83395087]
 [696.74828006 171.75951509 655.91183824 668.95673162]
 [660.50316227 456.28220557 275.95490664  11.10120156]
 [702.99955936 613.54209547 685.81119591  32.63760778]
 [118.49366568 476.36268205 281.17768896 550.83570821]
 [318.22307086 579.30443982 184.42457526 320.04173611]
 [445.90964165  80.18134978 729.1130586   83.9633916 ]
 [208.2796595  176.74762866  55.16501424 146.9910256 ]]","[0.36328413 0.75184691 0.19906118 0.86398603 0.99797482 0.70813042
 0.45504305 0.56111154 0.69297819 0.44821203]",421,2025-03-03T23:21:53.221657
12,0.9168009360277366,"[[ 76.27070943  18.18565476 142.8365522  560.97522902]
 [252.23849497 160.71189591 474.44104045 245.56962797]
 [342.35480948 508.96791383 714.6513287  690.88786953]
 [403.17689573 679.50628703 680.19549109 262.76424556]
 [462.29332169 308.06025155  33.45194645 230.20297081]
 [625.61227973 325.88312245 310.61105176 579.48970935]
 [294.82560903 780.60893112 135.00559021 552.00857997]
 [549.37380072 533.15697892 197.02623371 687.00584307]
 [  1.2815645  373.67556609 790.25106066 213.90981948]
 [766.59426297 190.54626943 378.03685275 509.26557424]]","[0.04179614 0.83636875 0.91120368 0.64251488 0.44320748 0.41842716
 0.24961477 0.70304565 0.46118579 0.59109775]",422,2025-03-03T23:21:53.228001
19,0.8743717809275792,"[[5.47889347e+02 7.18867110e+02 4.52099296e+00 2.69182278e+02]
 [3.19298546e+02 6.52649669e+02 2.45735115e+02 8.91182499e+01]
 [4.25141549e+02 1.42742422e+02 7.57255188e+02 2.63182115e-01]
 [6.10119088e+02 7.61301138e+02 2.26716317e+02 4.93093443e+02]
 [6.72939845e+02 9.72332539e+01 6.49416489e+02 5.84683880e+02]
 [3.91668947e+01 3.48646502e+02 5.25276372e+02 4.09320251e+02]
 [1.62164901e+02 2.17985805e+02 6.28995241e+02 5.60986744e+02]
 [1.28727724e+02 7.02513452e+02 3.83594961e+02 2.30001789e+01]
 [7.02086556e+02 7.29192510e+02 7.36022717e+01 4.50331503e+02]
 [7.96133926e+02 6.93713342e+01 2.75913637e+02 1.42370929e+02]]","[0.2410589  0.74903641 0.66291893 0.46618556 0.56685273 0.90911548
 0.50912829 0.98046314 0.67220646 0.78314485]",423,2025-03-03T23:21:53.233538
19,0.8407504827332821,"[[237.94479758 272.5556165   34.93635631 410.34842824]
 [765.96466839  10.358046   285.08033352 289.68179744]
 [577.70598762 799.36786409  28.96993767 463.67260494]
 [750.34259377  12.41290604 634.20431114 190.17145857]
 [127.58533758 145.51447848 125.13146675 118.436024  ]
 [534.12073481 729.75167951 136.07511538 408.69337994]
 [611.24454023 743.54337148 248.0263254  354.00451379]
 [  7.11213869 145.40597348 361.40727789 785.09787221]
 [696.24709306 236.24745094 172.60963417 261.25683598]
 [ 75.84523362 702.96363724 536.46273051 669.65704682]]","[0.95535321 0.06168661 0.04952015 0.11452948 0.95569823 0.51333825
 0.33564748 0.31086144 0.66773775 0.26044286]",424,2025-03-03T23:21:53.240100
13,0.8046917948593663,"[[695.01439735 523.87985766  39.64641385 552.50857809]
 [751.6482756  427.7816468  470.77464279 795.77942507]
 [222.16860052 364.94155295 361.89807452 526.99068164]
 [553.66727041 162.14054751 132.8709895  102.06708299]
 [633.09942903 253.46114214 750.7030072  554.0490003 ]
 [288.19839175 694.92842736 597.58646015 299.17892866]
 [368.62440592 715.43732273 520.60098596 259.03316157]
 [572.10184968 175.93098096 742.64944571  36.88702624]
 [173.10072774 688.314455   718.55169434 789.50625438]
 [310.18867867 318.29711083 735.50176184 785.34266318]]","[0.42402796 0.14145688 0.1071923  0.09540184 0.56809036 0.50981954
 0.39702617 0.76545711 0.37574849 0.67949133]",425,2025-03-03T23:21:53.245570
11,0.9329934970691653,"[[700.39303117 784.13644715 287.73344663 667.92773022]
 [ 81.47799135 160.36049676 470.93495364 188.53358373]
 [775.62746954 755.72159985 402.03236114 621.76281235]
 [524.36516798 540.88137803 249.15122186 757.27333751]
 [607.64563637 404.05541881 393.80937988 352.94015288]
 [ 54.07171783 339.85507401  20.59615569 113.41165654]
 [406.1857221  633.83437988 673.38271162 685.05317578]
 [172.00126146 314.75085058 170.67922233 213.26689252]
 [ 50.50872515 459.70002111 791.82532868 291.84425539]
 [116.80613897 461.68189012 276.06822266 498.54927032]]","[0.90708361 0.57178688 0.31274574 0.42301198 0.83638752 0.01361111
 0.88662113 0.899104   0.99795595 0.2940557 ]",426,2025-03-03T23:21:53.252540
15,0.8106268579227691,"[[531.48061558 306.9419844  615.76456143 199.65848164]
 [640.69548444 701.24747032 363.46495029 148.09600185]
 [489.82269114 718.82139784  64.40877362 577.02544439]
 [620.32476736 117.86695975 304.34244552 714.03940734]
 [ 12.28553468 614.5113598  372.70739131 447.88777947]
 [477.02515776  11.767523   266.53493465 488.14405662]
 [404.76572565 188.44754177 616.4748942  623.16618584]
 [214.50392655 282.55705694  46.29841764 229.79056546]
 [491.54290081 252.76394558 483.54861845 634.37996565]
 [ 37.09081296 680.14057392 690.43053669 544.82385031]]","[0.51297431 0.28760761 0.72987619 0.38733496 0.30638942 0.32327275
 0.91458621 0.59222724 0.05145649 0.29445552]",427,2025-03-03T23:21:53.258256
11,0.815807478034628,"[[532.68158988 400.63038276 274.54069545   3.85549629]
 [653.2460726  379.1390803  671.07807211 572.26497468]
 [681.22785108 443.83744879 298.18211442 321.87801246]
 [332.69883602 558.26145325 285.82716981 426.19745876]
 [309.47187739 182.92209498  52.37258623 210.57609812]
 [680.98405425 165.25531109 421.79060362 277.03693586]
 [274.2331518  319.7907187  204.78994178 264.33844004]
 [541.57454403 407.47334096 529.88922504 404.14833316]
 [140.62365479  43.74836834 261.3306972  638.34284648]
 [352.81689424 709.77830412  54.44146695 311.70527721]]","[0.8163346  0.81104376 0.35577169 0.02961062 0.56748299 0.12431201
 0.70480867 0.40754454 0.39165926 0.26194264]",428,2025-03-03T23:21:53.264438
42,0.8866940530759723,"[[645.40131643 730.51273911 479.23030546 624.57515532]
 [787.55069494 252.42819053 120.33424135 538.30600431]
 [696.93412864   1.65320752 796.74849761 469.91063342]
 [587.18004692 619.08613071 135.77437738 511.82000279]
 [395.31076683 185.68649582 148.04262127 644.17688644]
 [275.03275739 207.76637465 620.19365108 213.69958923]
 [103.80642111 252.90041054 668.43484174  84.84319931]
 [558.4771418  558.53761686 685.6313754  645.82218067]
 [375.78139845 196.41390472 228.51934109 503.60726687]
 [396.52630588 279.40208574 136.9173059  655.12951333]]","[0.8699725  0.76469446 0.59843079 0.89699359 0.4307314  0.2611023
 0.01409768 0.68741613 0.32639525 0.53728076]",429,2025-03-03T23:21:53.270602
41,0.8927330623370895,"[[348.69200722 186.72735531 428.64329391 264.49003112]
 [355.8151169  669.65043577 728.48717817 537.56290932]
 [595.90507353 318.70738102 388.42004933 464.03321522]
 [ 91.58929882 284.72961695 790.35646915 559.14107079]
 [256.7609411   15.51071586 395.31135293 370.9258305 ]
 [302.75242181 241.45923246 619.23158803 424.29440475]
 [577.11784819 169.43421095 785.95533295 539.08106403]
 [ 46.93738925  80.09506008 575.09029905 336.78360767]
 [602.21299451 398.08029374 587.47908855 537.609724  ]
 [161.39805338 299.7500842  752.38211355 451.46489   ]]","[0.51147368 0.19752243 0.34071266 0.79413321 0.94704533 0.49117405
 0.62936595 0.59535566 0.30929875 0.02452784]",430,2025-03-03T23:21:53.276292
22,0.9349419668591412,"[[590.6897891  113.75442066   8.64194603 498.99127994]
 [291.72638409 590.89921452 525.42253228 585.1808523 ]
 [ 71.42384468 376.04420004 798.47702687 506.68068871]
 [388.18659059 145.70488305 611.78378021 277.0211009 ]
 [412.04451102  55.52090484 569.38108643 788.49330469]
 [399.97702544 751.47031868 456.41737624  44.38257204]
 [659.37928876 187.63697589 147.35327955 711.60552666]
 [546.51706628  97.2214321  258.64687379  53.78300018]
 [159.2811397  395.2219699  506.00948318 641.44226936]
 [216.62110088 300.80840893 411.27492939 706.45162564]]","[0.94387082 0.46843551 0.25803777 0.93775435 0.03467198 0.27617103
 0.44007112 0.07013999 0.82766604 0.76402987]",431,2025-03-03T23:21:53.282378
33,0.8050275600729218,"[[149.10755847 568.63183639 522.72842506 525.32549832]
 [799.03850934 784.58766043 687.67382033 796.73042264]
 [101.11673065 778.83786279 667.51007667 385.99909591]
 [411.01593083 226.04221061 613.31470459 554.29104987]
 [714.09254457 647.72951077   7.68840945 615.09726261]
 [380.59972286 508.19707894 356.08124988 133.28401285]
 [ 43.3895243  705.79669838 714.90841898 328.60401382]
 [745.28842628 273.02484157  14.85062148 167.4093391 ]
 [378.13735303  87.22056867  74.77158603 394.16029842]
 [261.831673   608.33177218 172.97581889 181.86351687]]","[0.62005109 0.02449653 0.61554637 0.297278   0.91025588 0.53372675
 0.20263543 0.6543792  0.21340186 0.56159386]",432,2025-03-03T23:21:53.288782
13,0.8636676989908201,"[[739.50899137  23.30851968 581.56380712  73.42501314]
 [186.10685991 626.41084273 796.16750747 282.86467762]
 [771.40745669 338.68953014 403.42853684 754.80996426]
 [779.40460988  25.73490757 728.47192093 790.22308929]
 [456.4148102  370.00194867 251.47647386 704.17950789]
 [314.02268239  36.21241946 376.31409971 774.40812998]
 [635.94226982 261.06812847 601.07198996 476.5830525 ]
 [235.47026569 554.1519675  681.73367301 443.17917842]
 [418.27635135 631.1896191  291.70493845 100.37846782]
 [215.05479247 543.60228806 180.64314924 119.44833675]]","[0.78974408 0.95134805 0.20713384 0.40030195 0.91767185 0.01666064
 0.00765512 0.36606483 0.50726625 0.53277619]",433,2025-03-03T23:21:53.294503
44,0.937599117734266,"[[216.3918478  160.6169793  634.45787812 650.75226267]
 [486.24319859 692.29544124 130.55565832 645.22706855]
 [578.98878437 385.55717974 295.79346862 489.18022781]
 [529.09499123 493.06479871  22.52343824 483.62842526]
 [129.59617769  89.12037299 114.72019252 439.98991012]
 [659.17182396 623.99038138 395.20590072   1.1644236 ]
 [306.43422872 223.32403226 168.89753194 202.40543649]
 [734.97173087 538.69269062  29.99360351 257.46754944]
 [233.34748445 601.88546283 532.887185   283.0224946 ]
 [ 83.6985633  293.82503001 196.67385493 467.47476013]]","[0.25674483 0.60369996 0.94202937 0.64024561 0.71639801 0.2517192
 0.87550328 0.94202975 0.4625632  0.41366192]",434,2025-03-03T23:21:53.301075
28,0.8205565000237979,"[[719.43971594 416.15117095 680.04940816 533.49867207]
 [648.99595527 742.76844821 428.32594586 561.11444947]
 [783.32987938 540.85220015 780.73019347 405.33933137]
 [610.62229717 306.29864667 283.3472967  215.44359163]
 [477.16298053  39.14595227 744.89323048 612.61587404]
 [240.14370172 561.76890162 490.59005698 719.20400299]
 [663.08098111 585.63907918 158.23540158 163.30339517]
 [327.61286326 203.61447018  11.60356999 178.72745357]
 [534.09672883 329.63729074 509.37084808 432.03167619]
 [554.63615477 146.66928371 308.60497679  31.56298674]]","[0.88312926 0.10723867 0.99449041 0.38173238 0.6898068  0.53695017
 0.60036044 0.95000106 0.29610142 0.42471829]",435,2025-03-03T23:21:53.307257
23,0.8761525973476204,"[[662.07187758  84.0630598  296.68403707 735.49892162]
 [124.21633395 558.22786264 398.949604   778.47567145]
 [229.70156772 404.44525959 555.62278035 762.92086968]
 [155.1159136  510.24084857 791.49398493 504.72343856]
 [596.74347609 302.88347637 188.33941223 434.23937817]
 [644.37361493 560.28776152  17.0183348  538.63490034]
 [569.13667798 425.65428842  38.32615849 317.42320623]
 [615.20056845  26.84786132 647.54698619 260.04898591]
 [167.79291543 265.95784343  42.81339348  27.99024716]
 [618.88158885 668.67219756 707.16368011 310.39608868]]","[0.52096815 0.5567019  0.8952256  0.52682437 0.63446162 0.93004519
 0.23204748 0.0296321  0.47652803 0.10465121]",436,2025-03-03T23:21:53.312580
45,0.8146320466289468,"[[169.99064734 390.38158275 674.35160266 689.22552742]
 [515.76633831 554.31395307 401.01389492 272.96552525]
 [326.21623679 231.26235134  34.58769422 143.11316636]
 [517.11388094 506.50932685 243.28039063 163.50262886]
 [ 65.0228552  436.33507761 134.20361761 637.02141976]
 [309.90085996 186.64675585  15.98114636 796.49951042]
 [648.94870844  79.19195409 424.69089775 262.12028052]
 [206.49830563 113.33896871 798.78618122 281.30896823]
 [569.05354335 665.78238808 392.51834645 781.51401762]
 [180.80580671 254.35547652 346.55069055 355.33468297]]","[0.37397419 0.83733442 0.68041492 0.42459829 0.66740944 0.26726472
 0.52037499 0.03032397 0.90989698 0.91144063]",437,2025-03-03T23:21:53.318634
49,0.8764120097930614,"[[469.14230024 120.01632724 744.20471366 441.62204225]
 [231.65786258 587.97689029  31.76174544  64.14625313]
 [671.00426216 773.54236446 544.72290634  77.51010355]
 [253.54066139 273.08715618 745.45087497 360.50048834]
 [278.96390498 245.447427   183.07575233 297.28746816]
 [183.23368504 540.586765    72.14458811 291.6947761 ]
 [580.94569468 723.72318899 442.63827107 262.03513002]
 [708.93487734  74.50888518 725.71436027  32.56815667]
 [710.66568263 114.74387507 490.61816601 543.33695568]
 [ 68.5042415  697.3086398  705.21654749 338.06537957]]","[0.45680963 0.52123342 0.34896214 0.92036842 0.44452803 0.13550883
 0.37570435 0.64322473 0.55401933 0.26337302]",438,2025-03-03T23:21:53.324951
22,0.8698782769057194,"[[369.3422927  365.43632007 201.29026519 322.22695958]
 [302.79403904 261.09196103 260.76857429 419.13693338]
 [753.70719301  31.51181005 724.81729424 776.65569744]
 [561.77506181 748.35884652 663.58888282   1.09336101]
 [371.56139714 255.77845974 589.6059402  252.57079019]
 [268.70979801 398.19611137 630.9149324  144.21610012]
 [168.71099382   4.78879004  83.04291331 353.06222775]
 [281.29545915 111.64630178 145.76848971 756.11563477]
 [429.59507273 127.97075409  67.86185401 229.00768572]
 [ 87.64098636  15.54750079 517.6354441  542.00903061]]","[0.28650704 0.35293234 0.02919495 0.96206305 0.76902166 0.5158399
 0.45269012 0.29285941 0.14821389 0.86598594]",439,2025-03-03T23:21:53.330119
18,0.8209245831814553,"[[226.00907302 636.64690543 415.54988124 588.95115836]
 [277.69197674  63.46586462 725.26162663 491.56038135]
 [393.63754106 256.89763013 469.2572535  179.07805108]
 [720.02247892 615.46144756 351.42248387 128.96036607]
 [514.05460604  40.69556093 574.23783696 256.48541869]
 [268.65122435 466.39868769 775.33404823 391.91604833]
 [  5.79339565 606.07598287 490.95848735 612.3691381 ]
 [  9.13004788  15.2858729  229.34379258 557.64987428]
 [449.45518667 687.60997195 128.92783036 685.93009567]
 [546.91287239 435.12445731 674.64290787 371.03744307]]","[0.27283784 0.07467747 0.26285174 0.11654015 0.39496623 0.00708466
 0.62901694 0.51973149 0.96472685 0.60569445]",440,2025-03-03T23:21:53.335953
25,0.9387144017705337,"[[507.21258957 283.05512127 178.87773613 297.48861573]
 [774.18931559  28.76790727 369.63953984 112.91700814]
 [306.18815362 337.72862305 281.09524589 435.7650694 ]
 [265.13456738 632.24598565 504.29201847 576.92190664]
 [595.40388971 151.43969078 737.20893028 517.03251803]
 [ 36.56604957 555.745966   712.19818788 569.89278643]
 [580.76169933 108.65280213 639.06270416 341.5761708 ]
 [771.32294152 384.43873497 701.98447561 181.90962018]
 [604.43275444 106.37618266 615.21594165   9.13094755]
 [105.01012816 488.69573376 284.19032517 514.20942575]]","[0.80454207 0.16327613 0.66416437 0.37342948 0.81212804 0.43630871
 0.29911302 0.49089037 0.72589616 0.80962842]",441,2025-03-03T23:21:53.343046
38,0.8419706438226614,"[[691.8655702  434.2853885  578.23525676  18.37743011]
 [633.17773059 612.58737249 260.44004095 231.45315577]
 [784.98903747 380.040838   199.52378505  84.10068813]
 [222.78508078 466.18655743 468.04700526 171.79878705]
 [487.82645995 674.95939019 788.46417751 580.97590255]
 [108.4270104  547.88469208 577.2674631  232.29816222]
 [460.76737473 504.6422517  713.7994171   40.81796424]
 [353.95822298 541.38349505 124.83863299 736.24764039]
 [317.2369577  197.4749286  609.42222451 751.78368666]
 [221.92556479 119.65679377 133.91562509 258.78227106]]","[0.2216477  0.68946761 0.11852968 0.22007346 0.6841035  0.93851837
 0.67211525 0.48141597 0.42685284 0.57588118]",442,2025-03-03T23:21:53.350329
20,0.9188533060992461,"[[369.09502435 321.07102553 683.33926384 714.53188366]
 [606.31152465 422.25305539 603.14340694 617.91180234]
 [748.3567813  451.48456236 254.89487686 363.95633635]
 [344.01641165 431.47594204  81.10467397 281.1595264 ]
 [795.79986515 200.51662795 188.78485025 702.27622933]
 [  1.66500779 480.27850566 104.19792694 143.53898103]
 [263.50041034 701.97490604 135.88227774   9.30866801]
 [ 98.65817922 436.84916177  54.37635969 454.38313618]
 [ 38.3374699   28.48492244 180.38726587 265.52775229]
 [700.60239858 416.26613968 329.41516018 661.8249133 ]]","[0.04243835 0.85528636 0.66530492 0.68410071 0.31035352 0.35450057
 0.00240154 0.95745132 0.67625208 0.10241227]",443,2025-03-03T23:21:53.357231
46,0.8880552790230846,"[[217.7684047  731.09539791 640.04096482 101.20436749]
 [325.15153432  77.19272772 453.99251389 393.68594621]
 [686.33454401 136.6270908  183.21973327 306.08937664]
 [ 36.93165142 626.52045787 494.09561396 108.67539953]
 [240.24286767 776.49182243 258.29921635 216.83236122]
 [215.70740435 527.74006347 466.48669826 322.57400307]
 [135.2725824   65.70007419 184.4553036  108.54978088]
 [790.25357117 540.77896798 109.23227621 591.08495005]
 [254.15667576 160.69754584 380.70762958 639.30311051]
 [124.50938367  37.69874561 770.34951889 700.38300612]]","[0.63798994 0.01749007 0.8200819  0.75654058 0.35875522 0.51800269
 0.19390067 0.77341867 0.64467392 0.95305012]",444,2025-03-03T23:21:53.363524
25,0.8327063558610983,"[[281.50448344 223.60618394  98.62799551   1.26702095]
 [539.44463548 238.83644101 449.44541361 534.94163639]
 [472.71768823  55.23225178 122.48365758 545.24181655]
 [781.44097481 100.68129642 481.15500576  70.48053276]
 [ 24.07693242 783.13790403 162.6964992  359.58101842]
 [227.08196126 603.18340982 120.9371364  461.99938303]
 [780.43277392 637.88085565   8.91564522 578.90866681]
 [337.37029205 245.71507172 255.09081137 554.05763678]
 [ 64.28809189 709.46401313 358.88236711 439.27272454]
 [473.92918732 332.96643589 650.38526545 172.56723967]]","[0.63405865 0.78536536 0.34969007 0.85870368 0.71415314 0.13098117
 0.30851823 0.60544604 0.6356367  0.90401713]",445,2025-03-03T23:21:53.369902
48,0.8156884363883581,"[[604.99842972 560.21440983 749.71848322 329.39800354]
 [735.69960545 753.05180938 564.66464675 136.62947629]
 [602.55953011 478.37133433 328.70349556 509.10553284]
 [418.19373066 376.270382   633.04865185 490.65015113]
 [545.0380152   94.98572584 534.08154465 509.72647986]
 [379.89596414 513.54194975 554.48054946 775.76563259]
 [597.62784825 440.92959964 125.14695979 438.73580739]
 [ 53.7101084  589.81030267 183.82516328 353.05057739]
 [147.70966546 499.7653339  153.2564037   76.65565751]
 [509.51386577 342.07103327 738.71796178 295.73606997]]","[0.89415353 0.11584705 0.25923375 0.4645507  0.9917597  0.16448261
 0.58384784 0.58546724 0.52845163 0.93976681]",446,2025-03-03T23:21:53.375900
25,0.904897900651304,"[[614.51016363 242.57336732 368.00343971  83.17701774]
 [551.08684542 385.48793378 187.00937887 246.36573479]
 [400.8478256  324.75474377 594.5295788  102.17122553]
 [224.18022861 649.84812745 455.15039887  24.97196335]
 [ 77.83723217 368.69551707 649.54949558 333.60294468]
 [776.27154352 382.74994706 541.47400095  13.30510402]
 [622.67045566   4.51381222 289.88120688 505.83598495]
 [ 24.27509077 103.39671981 677.42200759 695.39603303]
 [411.88423021 531.02520986 233.35861739 509.47525194]
 [337.44001299 695.4919055  161.65246045 426.38714792]]","[0.0959597  0.79173321 0.47646423 0.83874158 0.22662816 0.39787762
 0.66786824 0.58124791 0.977201   0.07714939]",447,2025-03-03T23:21:53.383266
36,0.9472780336496066,"[[273.2181609  338.55887857 490.09457379 430.35185769]
 [153.97788293   1.04758846 381.99415269 243.10571981]
 [794.04118616 353.22475426 516.36438867 663.59326608]
 [367.84265064 708.78595903 567.12567348 540.9568587 ]
 [455.39477395 428.58729236 255.57957597 638.94347919]
 [235.5443552  431.8479482  244.41223161 745.83693651]
 [ 22.91864228 660.72697196 121.31253705 107.7483425 ]
 [247.05059875 170.2633738  643.38913373 483.65787771]
 [ 42.40906093 663.26212428 436.50681892 622.80103696]
 [542.68153426 516.4244938  537.10775928  99.72127588]]","[0.39391994 0.39723236 0.37554723 0.98003015 0.97481238 0.04779215
 0.80372226 0.92335315 0.71270056 0.72205325]",448,2025-03-03T23:21:53.388996
50,0.8730241853549792,"[[261.47521843 406.1884553  500.06493153 397.00975308]
 [451.3835959  489.83613428 333.00134221 394.17778915]
 [755.77710979 746.65661818 118.90733924 399.39445445]
 [397.4386965  429.44931468  78.47739153 215.9182595 ]
 [539.24300369 459.84863084 431.63284716 228.73947715]
 [297.96140089 130.93576356 248.17049837 623.76563732]
 [  6.32557146 406.02105189 769.07162424 326.57377679]
 [310.83732682 780.62062889 185.9137257  252.66196493]
 [110.7440797  662.58638524 253.24556506 768.34295495]
 [327.40082124 458.1304997  463.66209462 791.52654609]]","[0.57108012 0.92629319 0.90898983 0.5360878  0.08489619 0.3058824
 0.86219132 0.93617297 0.79482076 0.5449621 ]",449,2025-03-03T23:21:53.393488
49,0.8055582373407625,"[[265.99718365  57.60485867 374.91933364 776.02680821]
 [617.88408931  36.08652867 461.61348023  72.16861999]
 [119.82318034 607.93754569 492.38845449 684.74875523]
 [388.43497865 311.40843345 675.14174695 370.08500268]
 [186.62053297 714.20839751 322.62347775 243.38074574]
 [476.09053179  36.94202547 447.36145946  19.6657454 ]
 [ 17.17968663 799.90286133 214.46750127 448.05813485]
 [721.79318664 554.95744108 610.08312226 253.86128598]
 [798.04058492 233.57013352 242.81768617   1.78845295]
 [ 31.5922636  110.96731285 771.02348981 386.11315361]]","[0.39348263 0.63910524 0.72222882 0.12655421 0.32923289 0.5323507
 0.46276157 0.66625846 0.23869323 0.17363086]",450,2025-03-03T23:21:53.399772
39,0.9099425424982773,"[[590.15022679 180.88562074 371.18705092 635.05594799]
 [722.91577377 696.16022328 537.68301103 202.48040637]
 [271.58973698 558.52282562  99.01264685  55.03316531]
 [483.53966638 473.26028493 680.04687927 532.21104119]
 [111.00086085 224.84413011 331.20545059 129.18263058]
 [583.73956084 373.78272409 282.40718135 570.76280224]
 [407.71593308 489.74161991 160.95334201 483.60028253]
 [414.19685732 160.94748405 511.41483324  72.431084  ]
 [698.01054807 294.57809628 747.27812614  97.69521969]
 [258.47824596 425.72684299  47.80467356 555.57739066]]","[0.3060252  0.74190689 0.21326569 0.49674019 0.97250312 0.24886742
 0.69483557 0.78500895 0.43686232 0.74338144]",451,2025-03-03T23:21:53.407451
43,0.8595668425059684,"[[545.70884057 191.28285737 217.75050394 461.80642932]
 [759.4990574  568.88089029 196.838721   597.28084632]
 [453.07402808 729.53704847 702.60592321 538.54280471]
 [775.50232    375.64560845 282.95591291 794.53410428]
 [457.34009142  95.59297501 222.60019651 372.94618335]
 [516.64915784 790.10555897 616.28578534 497.96492734]
 [528.7593154  543.0352634  312.76155803  88.64634588]
 [ 71.11096199 669.07382605 320.72369794 372.90906496]
 [687.50866436 235.01933622 691.77618194 733.63173545]
 [705.5443941  215.65058576 183.92853239   7.21980358]]","[0.11019822 0.17812562 0.40042162 0.69899934 0.94330397 0.09594135
 0.95890875 0.2686646  0.2789801  0.10980411]",452,2025-03-03T23:21:53.414739
26,0.8934180510722184,"[[146.11885896 151.02385384 275.63333626 564.83919391]
 [673.59570574 651.01120772 534.49545851  69.98213249]
 [675.49822354 616.68463969 761.19657895 501.81419398]
 [694.69379558 343.07815148 140.05210405 518.49084596]
 [327.36967916 378.02130426 160.92964833 691.86907456]
 [604.17888657 253.62179712 701.28852546 280.69636035]
 [565.88354986 535.42666751  62.96723163 506.93778248]
 [176.35736766  69.07786363 638.92978291 535.83911519]
 [339.51949362 456.07720181 461.70107227 542.19263394]
 [217.56673327 353.47905355 556.39470198 155.98074099]]","[0.41298624 0.45831437 0.57969661 0.71759838 0.53534256 0.20651201
 0.6232155  0.52379838 0.63191351 0.38650057]",453,2025-03-03T23:21:53.421071
22,0.826032213478458,"[[102.06777572 525.02629921 300.97776109 102.49111068]
 [109.56348234 711.2636396  576.9129649  551.27131925]
 [212.48299189 680.38751356 318.53369206 767.65913175]
 [758.60767072 668.24118111 530.30849122 261.77335289]
 [530.97289424 629.3633595  287.72001062 267.65852117]
 [514.67836509 428.71249981  65.84966285 648.79355168]
 [724.06236965 115.8621573  645.42487082 310.85300091]
 [728.74534449 675.87426388 154.04364883  97.62532171]
 [171.89453116 698.03532744 612.8785992  132.19361943]
 [602.92520091 185.86252908 476.68446393 722.60451344]]","[0.47948655 0.565085   0.33636333 0.13951401 0.37068827 0.79096236
 0.93474333 0.62051168 0.22567032 0.65299385]",454,2025-03-03T23:21:53.428211
47,0.9093236002548557,"[[529.17309554 669.33518274 651.04170147 507.64754036]
 [ 64.57557818  64.87293124 753.7081507  234.40679363]
 [471.904374   328.36734253 618.69123008 468.19142499]
 [292.73145954 161.61493157 523.69987106 751.50204059]
 [570.37841544 625.28321376 327.28130789 399.96225712]
 [170.52353804 439.60201331 770.29254922 237.82086788]
 [128.0276876  510.99270846 325.79437263 215.30966658]
 [538.35912765 373.17253638 685.08013691 499.51865083]
 [375.45992005 565.11340489 605.29869833  25.92860548]
 [650.35160226 107.66675767 683.67673185 454.66910078]]","[0.59831982 0.64441539 0.34849635 0.83177732 0.03618138 0.46374885
 0.70102633 0.01978155 0.89959506 0.04314425]",455,2025-03-03T23:21:53.434655
32,0.8661410033618075,"[[180.75444124 228.29228997 357.57614666 506.71172744]
 [107.01844448 784.62187163 238.20526302 343.91772631]
 [282.38317932 655.74172945 512.72906813 483.48995488]
 [147.81209147  69.73072657 161.12352442 509.78789812]
 [127.06383699 641.28796112 775.01209469 553.81692299]
 [275.26831148 685.56630447 148.79984492 448.03196832]
 [ 68.74617999 368.12407215 397.97653859 229.16040297]
 [766.5911725  393.66590622 283.23300185 617.36535205]
 [383.20692909 373.26467627 289.40042565 425.82169782]
 [796.75681314 220.96067356  98.89190565 327.37296371]]","[0.8286101  0.78280625 0.40359462 0.5943134  0.10066494 0.98105871
 0.12482992 0.90185632 0.05054499 0.05261042]",456,2025-03-03T23:21:53.442081
47,0.8500964267523493,"[[564.8164359   11.6690501  754.48147411 330.84030609]
 [748.55557489 104.74066792 281.22732134 534.46334664]
 [648.12782467 471.90054955  91.28543977 173.65982216]
 [455.17380026 413.65225722  42.5603382  668.40481767]
 [712.89952242 415.244356   574.26021504 666.69574675]
 [775.41437696 365.7486622   49.15851275 366.21825741]
 [153.2513354   67.20031491 164.51718261 197.17495297]
 [163.51372497 407.08233874 219.16910675 275.74238386]
 [250.77970073 460.64662759 469.88005505 654.41453079]
 [580.76734484 371.8417987  115.91255799 326.56548733]]","[0.47068529 0.77331512 0.45492317 0.9702845  0.04324609 0.05449095
 0.3318124  0.08060355 0.74257452 0.02071332]",457,2025-03-03T23:21:53.448694
21,0.9322625047050103,"[[556.55039243 285.90781963 557.99633399 452.51735818]
 [431.91906803 233.32117927 263.82153378 601.77307269]
 [390.12560674 434.16139013 721.63079609 242.66148757]
 [402.0753061  772.03697319  72.88059037 357.14649772]
 [515.25090243 593.04433618 673.08765059 342.90920595]
 [497.02014996 298.24939414 385.03732835 356.05761752]
 [290.97466865 168.35126335 792.06557996 310.85627212]
 [605.4736123  558.35766255 793.45201253  40.08210312]
 [109.23910147 201.38058734 651.8168288  727.09514028]
 [ 26.98518238 128.9038721  369.93146526 414.40194647]]","[0.91279638 0.25562854 0.05638128 0.40582954 0.1843994  0.62120692
 0.40370129 0.24706088 0.18590474 0.22196023]",458,2025-03-03T23:21:53.455208
49,0.9420294638207741,"[[289.68888413 699.33189306 216.96686206 161.41890547]
 [  3.18554634 572.16032849 590.81320013  35.64950406]
 [700.42089143 528.17233539 180.98609369 713.72657376]
 [542.74427039 589.95347616 370.38677166 388.75263069]
 [ 94.13499449 534.01072786 397.45777908 780.2006171 ]
 [136.36072186  54.25252158 724.12925497 636.06851304]
 [512.52714749 542.85365935 252.37875526 119.45137131]
 [226.70399954 233.81752055 532.05760261 523.92570608]
 [150.76087308 277.00897219   8.66333916 710.71519538]
 [  7.19274554  80.90451431 593.50957743 559.67665188]]","[0.12552822 0.71183687 0.76526152 0.37322327 0.22952486 0.90034361
 0.29926803 0.80860379 0.69409716 0.68085514]",459,2025-03-03T23:21:53.460988
42,0.8835523207580923,"[[534.48474741 116.80577288 562.0639441  570.93103408]
 [ 59.15668626 158.55562823 671.35446895  38.52990381]
 [317.01230607 125.7248981  182.1208908  517.65722634]
 [779.73427101 210.87087361 177.04609434 612.93310211]
 [429.45303892 788.95854308 696.83497437 290.25291552]
 [734.22817267 552.80682036 100.2824917  460.4489496 ]
 [253.997845   494.06024877 225.16844318 670.28195466]
 [646.50245062 729.09170129 190.06029676 485.0939482 ]
 [ 97.82811861 621.02131357 783.78869826 341.51860017]
 [387.43416886  68.75142223 696.28206512 384.17867977]]","[0.55179724 0.36765512 0.42275188 0.65124615 0.53346886 0.33186342
 0.71452499 0.61223767 0.69861483 0.66995955]",460,2025-03-03T23:21:53.466969
32,0.819963361490548,"[[187.65893042 170.19513093 191.19263139  84.62997918]
 [570.07662548 250.52642213 474.77320588  84.43971448]
 [554.83954404 218.91301355 767.7027493  745.89786098]
 [178.21940606 697.34124842 638.63708947  81.19035107]
 [201.2438316  780.07295217 372.57996703 367.81760086]
 [401.30334595 678.38418056 594.7779723  798.68038623]
 [679.12512044 291.59644029 629.01017745 117.51013539]
 [177.40053662 243.41719756 315.59615236 195.58800179]
 [301.86271627 298.12665963 518.82572697 147.93528307]
 [450.07951443 473.47728844 755.76295809 296.48766364]]","[0.17093105 0.03602341 0.04876885 0.51621029 0.44379337 0.02898139
 0.61248188 0.22329028 0.48080738 0.62627614]",461,2025-03-03T23:21:53.474802
19,0.8656755308799341,"[[351.74799785  43.90722991 522.24973753 371.87059276]
 [ 96.4819032  780.66694473 714.87969733 476.05950989]
 [480.6527749  355.61127773 386.58554174 618.24659999]
 [ 33.77018731 681.93266275 395.17207359  67.9740266 ]
 [713.61460383  56.42876354  27.73799048 355.32460299]
 [133.04037584 576.92017229 167.36627693 379.35697038]
 [564.17505573 518.19288533 540.34530398 240.6306262 ]
 [267.31597181  74.38813788 626.89188438 305.00280892]
 [476.18185641 349.94265785 260.4717542  330.58957847]
 [599.52608231 771.48578209 137.31475058 600.20699768]]","[0.73984405 0.7347885  0.74118751 0.84193493 0.80187838 0.72787711
 0.43004723 0.00087436 0.06931112 0.72876582]",462,2025-03-03T23:21:53.482491
50,0.9326022856331246,"[[639.94696893 222.99061493 595.65703518 112.26768528]
 [197.75746436  69.83741166 538.93901415 715.9413049 ]
 [391.31684317 256.52164632 517.97970863 354.03944374]
 [173.11748773 679.57567281  29.29806719  76.74860339]
 [517.27219205  15.19504037 612.32904491 789.0301953 ]
 [695.08943494 418.3481507  691.65545017 171.97783063]
 [439.90498258 748.1406929  511.88298567 115.48498306]
 [173.42499726 456.21500064 721.57941793  24.39683292]
 [ 71.19746789 668.21136828 760.15126099 365.2913828 ]
 [207.63916501  64.78851452 414.42006105 162.54195303]]","[0.87830685 0.70395239 0.90659778 0.2000295  0.77248602 0.09476877
 0.95903751 0.62825573 0.87884914 0.28492783]",463,2025-03-03T23:21:53.489572
30,0.8853749014643124,"[[401.47709404 790.96866043 188.0281109  216.35495253]
 [425.93889966 760.77234307 278.42561577 159.11934333]
 [387.30517868 170.94966898 207.77181013 721.64115784]
 [320.64938969 785.74762728  44.74309211 609.49630733]
 [338.12301625 680.1247345  680.43007566  78.61266906]
 [ 85.18200425  60.33612369 429.99483096 525.40493454]
 [380.39482824 552.68983352 172.91423905 377.66130662]
 [669.74136195 536.64064179 452.85324245 356.43831007]
 [417.22100715 265.2856046  473.36109143  18.1296683 ]
 [732.5821074  587.64366296 241.09610102 129.47610456]]","[0.15017632 0.19946438 0.75141538 0.82875789 0.62067787 0.77150939
 0.34691413 0.72767799 0.24974079 0.62603896]",464,2025-03-03T23:21:53.495993
22,0.8654672817532684,"[[160.78731052 692.48520219 164.25086843 610.1664841 ]
 [563.38916555  13.96685354  74.0961901  647.98066032]
 [109.33327656 517.2327512  745.06847428 166.90810001]
 [326.31124405 454.85585375 333.28752755 266.86432154]
 [576.83631098 702.07940189  67.59700353 417.92358239]
 [196.55332547 689.40346508 333.75885402 744.15727624]
 [625.81438025 139.11423124 251.95797609 541.03776329]
 [354.64219817 231.97603719 424.65997844 119.68370706]
 [352.05567622 314.66429501 448.74921271 404.7206001 ]
 [413.89211137  58.17295551 649.12230403 787.75776226]]","[0.10340862 0.46873133 0.02550055 0.27541714 0.08559566 0.33714532
 0.13609556 0.85404684 0.64587783 0.10142292]",465,2025-03-03T23:21:53.502666
15,0.8056066858045153,"[[218.20125982 285.27337564 449.66794801  39.99896205]
 [765.70688521 601.27312084 577.08933991 494.93674115]
 [ 73.35655955 591.92104644  64.22760242 197.28302177]
 [705.42307209 258.94035588  14.81618353 761.57686544]
 [690.99191295 144.55762547 270.98265429 640.05319559]
 [306.40073401  52.78493291  39.5615058  582.75464807]
 [131.96492867 308.56783265 545.5159979  791.9073766 ]
 [705.87933154 242.56877273 223.92837016 207.86346133]
 [275.31798523 440.38383044 706.96398732  72.6895683 ]
 [103.926782   179.01568641 463.89570394 247.96656353]]","[0.00409368 0.8843135  0.93252547 0.67623946 0.87764861 0.88609231
 0.64442604 0.38553893 0.76980627 0.22655778]",466,2025-03-03T23:21:53.509746
48,0.8112470509486742,"[[399.4319408  298.0704884  580.10736154 319.33455401]
 [682.92549233  25.53960295 467.18754037 571.25489209]
 [205.11789061 581.03826605 368.24274428 226.96741004]
 [635.86968982 583.38015394 339.42242551 751.97885692]
 [399.5463783  203.10816157 308.74131563 404.12507201]
 [665.66144448  39.30942875 560.44396643  82.90000435]
 [688.7638114  335.72699691 477.0920239  441.90060858]
 [139.11342537 751.45989409 599.98362033  22.88270604]
 [200.58466823 653.6673905  369.38837628 623.57666755]
 [440.47175098 419.01403494 109.5996949  661.54140356]]","[0.11714021 0.43901269 0.58022518 0.97809119 0.5290639  0.94067305
 0.17283214 0.75591969 0.75935946 0.14109804]",467,2025-03-03T23:21:53.516238
49,0.8048889347132601,"[[176.87630461  36.66604592 560.30540062 542.08103274]
 [105.82477437 570.1066525  592.54387853 691.62699264]
 [461.10400073 657.15316937 378.42747198 504.66487515]
 [283.57804059 337.99782279 659.86753558 676.9971702 ]
 [ 65.81096714 591.8302961   47.18053471 122.6496357 ]
 [146.22728032 332.60783091 180.20604791 251.92659771]
 [307.02238141 379.52058596 472.52316429 708.77870019]
 [509.99012283 730.17589542 180.74859416 572.85471558]
 [ 64.44208822 153.45872195 199.4152197  231.42860693]
 [565.54590625 481.07755603 378.26239878 783.87400607]]","[0.58549701 0.509672   0.82989224 0.73322736 0.92158059 0.37212052
 0.21423414 0.24132897 0.47375107 0.71377941]",468,2025-03-03T23:21:53.522792
22,0.9221858284647705,"[[120.57390262 221.32822104 786.19109648 536.44142436]
 [513.82596803 557.85138448 627.90429286 176.53667151]
 [607.60544925  70.91468264 402.85121177 381.27469917]
 [564.38383867 144.67626363 536.86761789  38.88446371]
 [217.54816392 628.70628003 657.15999352 608.79991896]
 [227.03947735 789.09341676 762.16246684 443.20716437]
 [469.50683132  87.02216763 498.99697075 546.30912104]
 [565.97808334 207.05508533 228.20936726 200.05006141]
 [700.25965655 308.12299504 642.72188772 519.90135139]
 [358.35954365 341.02270827 341.31066959 323.48769429]]","[0.25981616 0.62377955 0.74653425 0.65980609 0.61629209 0.45569323
 0.84471797 0.3636207  0.43204975 0.42217422]",469,2025-03-03T23:21:53.530009
33,0.839986831610549,"[[362.97694831 633.51082195 310.04307718 529.20623312]
 [198.17586527  51.4032876  170.34792871 457.8655626 ]
 [403.30387155 522.51066071 107.22429612 658.96204996]
 [ 90.78466934 129.20268194 348.09873796 706.99111053]
 [627.47108186 124.01904752  96.15610633 570.78405753]
 [159.44689547 352.93912196 430.72820236 330.35376586]
 [691.81089837 199.46117533 242.7742733  760.42286188]
 [511.96620889  35.33609329 346.10536245 340.0273176 ]
 [207.92862232 111.06771231 376.65278745 190.71391898]
 [ 53.92779111  68.43309441 644.82157599 738.09839894]]","[0.12507851 0.83032336 0.64620421 0.03542114 0.1937081  0.86562904
 0.22705492 0.39849797 0.16721577 0.63290088]",470,2025-03-03T23:21:53.536952
35,0.8889932204936125,"[[438.8248276  513.021259   366.14127683 603.01019561]
 [427.78824182 148.05590015 419.94408353 527.1877205 ]
 [176.34949289 703.90958549 753.64127111  35.12511497]
 [238.59321357 646.63393822 489.90341056 247.00589071]
 [751.87777618 228.13346522 748.78859751 639.14894774]
 [387.16734728 107.80547216 717.62383191 563.2182041 ]
 [524.45474844 449.38643745 332.18893293 341.68718397]
 [ 35.04830238 632.32652477 617.7041299  265.29841663]
 [105.50059255  30.24222971 689.60222464 701.93253514]
 [ 95.23478108 406.7639117  575.70649422  85.8091603 ]]","[0.65659359 0.34629911 0.32803948 0.87965017 0.58981543 0.6801848
 0.25956949 0.35075905 0.41995773 0.0671787 ]",471,2025-03-03T23:21:53.543922
47,0.8054576262296099,"[[187.02895371 715.60267997   6.62887219  81.99772564]
 [476.54529423 463.44331404 270.24616697 462.66595022]
 [456.38232459 229.10359927 159.45905097 773.06818343]
 [168.59609946 632.21180613 257.12498927 114.78428911]
 [ 57.65051041 679.01655565 397.33375755 733.54811423]
 [617.14929754 221.55266193 579.40705103 520.30895939]
 [137.64937081 462.10177871 149.5816668  462.90895018]
 [302.54270136 191.25467357 710.64207536 345.18545846]
 [515.89563737 232.56233379 620.59107776 695.0594197 ]
 [208.30631041 164.05823557 439.195483    26.55759626]]","[0.79138421 0.62092457 0.85260754 0.62835144 0.46448043 0.64577865
 0.54447397 0.94125311 0.53828226 0.71461421]",472,2025-03-03T23:21:53.551791
26,0.9067268587071131,"[[ 10.08099792 781.41768408 585.58205909 661.4520277 ]
 [644.42278688 446.26158977 616.38905311 478.19371653]
 [449.80513927 321.17539201 664.03737079 706.40172525]
 [390.58880729 367.56692577 353.56498592 426.92255585]
 [162.47693885 716.03616623 409.60141583 224.28196089]
 [659.17037514 661.45010953 140.11048693 589.65980378]
 [262.95975671 769.30847913 505.05469415 498.32751757]
 [752.96439473 476.14867635 136.43110465 644.28857387]
 [456.26486442 261.79942253 187.97332009 399.76943399]
 [695.05239991 659.83691134 625.1847375   28.54434156]]","[0.70363191 0.73515479 0.49039863 0.30391557 0.46460185 0.18031989
 0.75539925 0.50378508 0.5634268  0.26622022]",473,2025-03-03T23:21:53.559646
16,0.8487186031019655,"[[1.75175765e+02 5.89801389e+02 1.92857492e+02 1.40613877e+02]
 [1.91036402e+02 2.72845070e+02 2.95569095e+02 7.93679859e+02]
 [7.65924150e+02 3.41538438e+02 5.66742622e+02 3.96717825e+01]
 [2.88810787e+02 7.07002755e+02 2.93111703e+02 8.34673229e+01]
 [3.24199887e+01 9.15069754e+01 5.15488365e-01 3.58353740e+02]
 [9.29179447e+01 1.81234092e+02 5.91849607e+02 1.45441696e+02]
 [7.24804064e+02 5.05706886e+02 2.85600596e+02 2.16906171e+02]
 [5.37148661e+02 7.15266704e+02 2.70068449e+02 1.62885887e+02]
 [3.66371641e+01 5.40754149e+02 5.63335352e+02 4.40871671e+02]
 [7.51042508e+02 3.96637188e+02 3.43082167e+02 7.27981212e+02]]","[0.09512615 0.59065293 0.86364992 0.60297581 0.19901253 0.54925314
 0.58587403 0.00715474 0.96151316 0.94086632]",474,2025-03-03T23:21:53.565235
15,0.9317312227039305,"[[772.70128157 391.99108032 248.24806876 394.07814054]
 [299.89947515 457.27208127 310.21991827 717.10665095]
 [688.97776634 281.31445653 411.17936258 687.40184189]
 [247.70492548 131.05250415 177.10977099 565.93420294]
 [167.63785296 472.0579921  193.98075099 614.75830335]
 [302.77536747 213.17900026 448.98794713 662.41739797]
 [101.65063398 415.26023233 335.17601435 684.27851831]
 [496.75575859 748.57871283 456.03893469 115.31888235]
 [324.81909477 236.51776423 388.84464872 422.41244751]
 [303.28511179 436.53003345 436.14280779 246.91375099]]","[0.64736474 0.22429981 0.88835629 0.52099042 0.93126805 0.84505207
 0.91481134 0.7895941  0.37603153 0.84828416]",475,2025-03-03T23:21:53.572252
32,0.8208727137326214,"[[  5.8818642  155.87879976 155.28313059 758.31809493]
 [665.63775184 782.24544165  13.46041582 162.41478654]
 [127.75986058 655.13637269 742.24663772 137.61936867]
 [ 95.63869043 144.94750535 771.78148694  80.53202368]
 [519.852409   442.95852732 177.02570146 583.423565  ]
 [262.2337774  162.28969532 294.65552259 514.82907227]
 [615.77731981 118.16115098 209.70648066 717.98614891]
 [284.64426859 711.679395   724.87779495 245.04294786]
 [239.64161449 622.13843758  86.48777508 101.8658484 ]
 [663.26008466  63.28928258 289.77611604 716.14446834]]","[0.96610948 0.30645861 0.26314351 0.31336485 0.46286023 0.51996982
 0.64688603 0.24364935 0.80423961 0.63732963]",476,2025-03-03T23:21:53.579484
45,0.9231496463763239,"[[616.53316945 652.9333497   55.91400794 652.08342804]
 [751.89041669 390.01076837 485.50695375 791.33259049]
 [ 67.5787941  183.79598161 574.74448525 460.86629635]
 [ 93.95218914 382.12037193 616.18998171 588.77987099]
 [ 40.49725159 645.70120621 211.04295562 294.7083819 ]
 [507.56751495 458.902215   529.14979019 345.66831075]
 [446.2392073  284.96889611 484.79641901 371.88633008]
 [586.36719959 180.27035742 674.32964133 456.55480027]
 [696.38783544 666.81917121 515.38938495 363.56395354]
 [154.69093866 419.6483899  681.98074566 282.12299644]]","[0.97148779 0.0969912  0.14999515 0.93682189 0.65750574 0.50798394
 0.70687926 0.19202652 0.93926203 0.93585033]",477,2025-03-03T23:21:53.586347
33,0.8043110274042504,"[[674.45772587  98.05859024  46.07838996 232.91492308]
 [726.72962415 332.66769838 655.43570831 324.20144623]
 [250.29339364 503.93869653 170.44586403 155.82961585]
 [162.56196571 609.74513517 652.16220676 702.59697455]
 [772.99926575 494.11941164 514.45369512 555.50450328]
 [738.42732715 488.54676848 675.5793891  194.10252033]
 [391.4431362   90.40773946 666.4809736  752.35848615]
 [131.6182014  164.03455749 690.4892017  179.31457243]
 [203.75293061 655.23464262 287.65850937  86.17536898]
 [475.88480924 613.53955612 266.78764996 643.77277351]]","[0.66289808 0.40874916 0.38574973 0.56770899 0.49290889 0.48132876
 0.4253544  0.11144943 0.20653162 0.19358164]",478,2025-03-03T23:21:53.592334
47,0.8020176663573453,"[[320.8082938  698.51702044 228.62438516 106.89926393]
 [516.84093009 528.60282592 748.35974292 432.51853334]
 [789.21025056 342.27855113 233.84747779 650.91423546]
 [649.51115638  89.62513048 546.41045668 621.64140997]
 [541.45479473 615.87760814 542.81474591 273.0299453 ]
 [636.76987051 432.434906   403.81072591 584.29919249]
 [193.51210522 320.65125816 771.23058919 396.44776964]
 [400.37639598 391.38988658 124.1047694  207.10544277]
 [325.68052114  48.91020413 581.67276858 755.6132559 ]
 [636.20336346 695.13089985 343.80240502  62.51587973]]","[0.99920298 0.60049272 0.22912014 0.60884733 0.16089368 0.90280017
 0.81834802 0.98433034 0.99359935 0.91906855]",479,2025-03-03T23:21:53.597818
10,0.8995663749966444,"[[509.27909374 271.34657468 424.9929652  368.89313576]
 [756.73407779 545.5758943  262.39858184 364.36261539]
 [ 44.43649499 255.41345243 535.21458783 316.91200008]
 [383.53868072 651.24894191 773.65545073 668.15117607]
 [303.31399493 138.7955938  486.70617006 234.94323796]
 [341.52162983 621.83587542 620.66134865 432.48166542]
 [236.3662487  654.6167206  790.11487352 169.4314001 ]
 [108.11487703 401.73918655 544.80201428 413.46913131]
 [529.19176495 421.83451557  26.82244668 479.06876181]
 [246.14670586  14.3846433  320.1690039  744.05870318]]","[0.87153372 0.55231122 0.97876464 0.97555541 0.95780823 0.55499671
 0.58009652 0.22923586 0.62675456 0.90786493]",480,2025-03-03T23:21:53.604182
42,0.8839413073055753,"[[615.37259634  10.89172497 367.38687757  50.44086429]
 [198.08061568 133.49307415 416.13852394 467.2383679 ]
 [320.6158515  634.33806538 656.86253275 153.22044298]
 [773.10262046 701.00191905 757.99782559 327.93036617]
 [690.28299461   1.57424188 756.37992012 240.17776913]
 [478.39236939 166.09185048 229.2940614  421.10416438]
 [708.24871782 689.32632736 554.98720119 719.00732624]
 [653.25691346 298.25766395 699.22801225 692.59658852]
 [687.19264176 428.39997889 470.59217471 129.34615859]
 [498.18223686 132.1685436   53.35844106 605.58473743]]","[0.74143678 0.24209217 0.21815235 0.47069171 0.48015741 0.89532273
 0.50125946 0.41731623 0.01101057 0.76770552]",481,2025-03-03T23:21:53.612281
15,0.918372104118138,"[[295.45063897 360.61935826 506.78269078 525.12769221]
 [205.56253755 333.05472284 207.89487285 189.80798968]
 [633.49912811 645.87256282 789.10443161 544.55503967]
 [469.71465214 483.16324774 150.81684709 695.31420254]
 [724.2940917  664.53154158 708.89357088  43.95223924]
 [514.96295922 446.94193487 415.55265115 676.91396752]
 [337.48345743 685.81063073 555.38094743 342.04107983]
 [348.45584219 173.76487638 283.36762512 230.99037958]
 [664.35852184 529.24362073 611.56532874 250.74785545]
 [370.59452289  95.71082177 538.10446955 697.91133748]]","[0.56741304 0.5691015  0.6088457  0.75111728 0.56334204 0.6595316
 0.00485059 0.86043795 0.61872312 0.4176724 ]",482,2025-03-03T23:21:53.618605
48,0.942634453065132,"[[798.49834699 600.49739142 570.20180312 592.98938043]
 [285.17276086 521.10250081 719.31336334  76.23306828]
 [552.77203668 204.99085025 189.72372923 216.69033405]
 [380.18479839 713.07021982 139.18827624 737.71265114]
 [432.57880961 446.12495511 508.18554494 365.21538718]
 [640.91565807 514.10230717  10.01142667  96.18419966]
 [ 68.83547164  28.73552625 651.59059432 787.36564146]
 [495.29361507 332.07442555 310.72678351 514.40380367]
 [498.3488082  116.76959047 371.46080432 314.78271603]
 [ 59.3467021   14.10448249 607.42233376 238.35095984]]","[0.6342059  0.64402032 0.47068607 0.93963738 0.98827651 0.45057508
 0.60285985 0.66833314 0.54510323 0.84861492]",483,2025-03-03T23:21:53.625422
24,0.9317844854979322,"[[688.01704033 144.56610656 261.99105542 634.99120664]
 [740.62050873 377.33571879  69.72259809 292.59898601]
 [172.56178146 641.60649642 714.8225527  690.1198075 ]
 [775.28771037 214.8101994  735.3955931   20.53341986]
 [328.13082504 463.6550298   48.85166868 122.54954911]
 [544.38149199 356.51622484  72.90639904 280.38499928]
 [764.75277094 171.96815553 155.70951213 244.65879856]
 [588.04754087 412.43298423 442.03671947   4.08556683]
 [686.54915179 452.50191515 383.90358913 525.1928839 ]
 [594.64904723 459.18867787   5.04397552   2.36610449]]","[0.37715145 0.21844903 0.63524989 0.78590751 0.55420216 0.33535013
 0.11376555 0.6476671  0.98540194 0.07629884]",484,2025-03-03T23:21:53.631248
15,0.9296114560787179,"[[ 47.31969596 230.31405843  25.72300662 345.03440972]
 [570.50251159 112.9439661   16.85120674 402.74996625]
 [445.12179039 787.82869555 327.69338898 540.49206774]
 [365.18624431  86.83192978 672.5456703  707.3944907 ]
 [345.75034946 521.76940631 726.80268626 180.46283183]
 [190.40423804   8.48897324 604.59782662  27.27253058]
 [649.87034029 423.5567355  515.49494079 520.01410473]
 [726.69087153 426.57889621 671.96761626 335.64485339]
 [219.74077422 464.87357211 390.24385292 218.01267122]
 [581.82602964  97.57999778 459.87719215  29.42440374]]","[0.93546249 0.58648784 0.38249984 0.06924497 0.6499844  0.85804382
 0.70498707 0.32867022 0.85810352 0.35701462]",485,2025-03-03T23:21:53.638801
36,0.8356894685777606,"[[ 97.87647798 769.91955469 614.10888954 116.50872571]
 [ 97.05415561 717.75657408 361.36991811 431.85655685]
 [ 48.30230105 290.40314013 372.77894725   4.22754857]
 [244.22933985 466.08005269 698.38059043 419.55665204]
 [ 68.45571777 315.76818013 571.03748851 113.90060007]
 [ 42.93219692 624.60059913 395.72037259 666.80043526]
 [ 68.69951193 757.20305309 173.03687942 141.25834259]
 [345.25409919 435.75956929  42.53978007 393.41742805]
 [521.36652713 501.7599594  632.41403459 366.94131875]
 [572.83696593 534.17099575 663.17789382 476.8950757 ]]","[0.85489594 0.48915748 0.15999375 0.87086237 0.6651884  0.57195297
 0.08685921 0.99922057 0.59236691 0.75417426]",486,2025-03-03T23:21:53.646263
47,0.8305442217041229,"[[599.13321411 438.08290571 710.84792741 342.99804461]
 [152.24796424 691.42099717 276.87361195 380.83752209]
 [356.47567437 254.74817068 432.99622615 391.00143092]
 [711.13246657 289.55759777 519.76707448 119.20127046]
 [185.49394714  48.91666015 640.32069385 553.20105478]
 [620.86188408 495.93330161 277.0543071  289.82045459]
 [619.26927109 352.99780632 409.92821612  80.08719636]
 [694.51331346 397.60532868 115.66274328 176.99098528]
 [716.91479132 370.44006017 275.06574123 350.08324166]
 [480.40257442 622.55105846  16.89778929 159.56856506]]","[0.41921133 0.2243907  0.01780053 0.92706706 0.74318597 0.29596217
 0.55488714 0.04069125 0.32382578 0.03648761]",487,2025-03-03T23:21:53.651994
13,0.8201275604653246,"[[339.1534457  377.96986366 615.91894963 201.65774124]
 [436.76456812 502.22370495 383.29162416 536.12739168]
 [427.78233912 795.03330673 443.53045744 580.89677074]
 [488.85076324 543.7041504  273.78928476 434.76574528]
 [243.7816192   74.409205   730.56079214  24.21427946]
 [143.27747017   8.92619746  61.14749071 153.21757752]
 [701.53823688 136.57183078 425.58024388 439.16642812]
 [ 99.47175712 156.13644957 211.2712605  114.38906228]
 [344.40284384 589.90772458 406.78298224 323.0333318 ]
 [668.63910798 740.96175459 165.3396974  374.07160749]]","[0.26445146 0.757308   0.48077522 0.62077097 0.35880716 0.5382882
 0.71966725 0.16644356 0.42124768 0.06669923]",488,2025-03-03T23:21:53.658863
18,0.8775944195096654,"[[284.00858222 216.28591243 727.11390537 166.97419591]
 [627.41044055  91.82013559 165.96210935 642.90032646]
 [743.52051707 720.04417976 711.35059568  59.43583854]
 [ 34.58888824 220.85133941 162.01885797 491.15346608]
 [600.43791877  67.12578461 531.10981237 387.01478459]
 [589.85070474 394.67664441 588.20686395 169.96379546]
 [ 88.98191239 289.60125779 264.9586911  688.92493185]
 [ 89.12346662 235.52874712   8.68616643 658.231398  ]
 [488.38575491 789.96409651 651.68294435 108.66911008]
 [539.63777481 682.24602894 776.33030036  98.6142723 ]]","[0.32895106 0.30277962 0.52374192 0.67364232 0.47380719 0.80286122
 0.05470349 0.45347383 0.63663386 0.4733761 ]",489,2025-03-03T23:21:53.666224
23,0.915513839833384,"[[113.16982881 272.95331139  80.22534041 642.97575129]
 [412.23632022  27.87433177 772.98570017 465.5111746 ]
 [394.08280849 400.89450441 779.9654681  507.72734961]
 [493.25290592 160.68749153 590.9076306  492.98634813]
 [334.76301818 558.20256589 714.97949369  96.27478464]
 [340.1508214  634.83151305 164.99347395 265.06454178]
 [ 47.63260988 794.199519   229.80720981 641.04639915]
 [514.93340678 373.18100127  27.42008206 102.28267535]
 [148.51691632 332.88930546 155.43387765 232.90078358]
 [378.20192229 579.97715738 796.70483071 481.20692549]]","[0.99001737 0.94529123 0.74926244 0.71809375 0.90953643 0.19819406
 0.53557092 0.07418978 0.0683172  0.86496917]",490,2025-03-03T23:21:53.673474
17,0.9169069317208863,"[[ 94.96716135 343.64715332 448.05521659 116.23614319]
 [485.97450605 763.44955916 594.73697385 798.38097316]
 [ 85.93801673 334.89284093 484.85588825 370.03716258]
 [430.35422011 699.61136431 706.76547494 288.60105764]
 [ 25.32992795 556.21498377 197.66388715 169.39212034]
 [224.72043127 237.43202812 160.80733509 445.53692774]
 [458.49954512  90.88894385 681.17428631 507.29469706]
 [762.64083523 745.26465487 731.25877365 790.99815137]
 [131.15374225 276.85602658 509.09389265  71.45155229]
 [277.68495677 447.86352705 625.28804601 293.93267444]]","[0.82452522 0.81657146 0.2225157  0.63731539 0.65029052 0.27440182
 0.11240641 0.47569777 0.23685641 0.38401859]",491,2025-03-03T23:21:53.680710
23,0.8215099908808251,"[[504.21065281 640.45938688 597.64433836  59.63184866]
 [433.32617318 746.66002969 650.86443027 126.59461999]
 [485.49523445 198.80635139 248.66254968 467.24327111]
 [ 36.52687776 260.07402327   8.55269441 779.87150995]
 [161.34377168 298.05547928 415.48756455  92.11458967]
 [272.48140836 466.95092595 556.7359539  376.88532343]
 [228.27592773 648.02396195 485.31205626 751.71144686]
 [ 43.93875668 793.48028057 757.41391213 316.29194853]
 [520.94654169 549.17599583 245.93749901  81.16205365]
 [ 23.70440529 709.84470535  29.46586387 190.09168765]]","[0.09021912 0.7438182  0.92684009 0.45568852 0.8770486  0.3958787
 0.9287286  0.76675777 0.72802743 0.37556415]",492,2025-03-03T23:21:53.687013
29,0.8004655415147762,"[[745.04797821 426.77497279 752.87475735 755.64077454]
 [448.91508287 709.76055031 546.95344048 118.94868182]
 [433.24235294 533.04237822  77.45989112 516.2316123 ]
 [604.30916058 193.01997222 400.49746806 669.01311876]
 [639.8301685  613.38329252 300.60149531 238.23892695]
 [348.75473052 785.31804472 635.54010612 360.9575065 ]
 [562.28883038  15.10560013 458.89107216 362.29971182]
 [357.55979948 241.87391603 392.42618981 227.67219717]
 [679.32916157 129.78904094 742.6343162  305.59852813]
 [161.15932931 563.65708658 258.9044784  510.30935175]]","[0.86661394 0.88198962 0.59058502 0.22984491 0.02159085 0.21589299
 0.54669716 0.409447   0.71571645 0.11043392]",493,2025-03-03T23:21:53.694458
34,0.843103648873121,"[[576.22093077 775.61503835  53.79510043 631.20407388]
 [246.01976164 245.85352833 530.00522362 128.8961339 ]
 [726.29730673 210.15533295  21.54164026 133.82137183]
 [195.53562668 455.22890126 111.2280498  138.90037127]
 [620.46209106 109.11402201 684.36216497 510.13636684]
 [228.1673854  639.17785095 339.8679597  111.25312289]
 [409.08577617 512.13446029 268.54846384 532.57174903]
 [598.7764963   67.9339713  498.37752624 169.33032249]
 [142.66812998 421.20515082 226.06669013 133.40175015]
 [ 49.82662528 104.18757994 599.67697663  87.20003781]]","[0.70672835 0.49279981 0.5169537  0.88655528 0.31488038 0.38969731
 0.77388414 0.26751113 0.27196316 0.58865475]",494,2025-03-03T23:21:53.700763
19,0.9143454513474538,"[[116.96569477 704.56960729  45.1426853  597.4353909 ]
 [710.93619856 658.73236391  25.13803332 764.41637235]
 [663.65486792 709.14186183 493.92784163 745.27807083]
 [390.00954873 334.39226953 569.70835767 573.08181522]
 [473.62276991 350.84424205   2.79445142  88.85666455]
 [321.68247192 696.42708813 559.86427886 333.59857536]
 [291.80791197 569.59401892 692.16264737 374.05334856]
 [628.61663514 219.25066    395.70636946 240.93930283]
 [282.64511027 694.27570248 439.04794146  67.24402954]
 [660.95452976 171.55850249 776.68538991 435.74490675]]","[0.96365916 0.18663689 0.6599047  0.85348289 0.06643012 0.2393213
 0.39983766 0.24934939 0.40719084 0.98926868]",495,2025-03-03T23:21:53.705943
34,0.8778652860580903,"[[628.5318898  394.60133293 522.4677076  276.29734982]
 [281.59845466 141.71875952  48.05087202 525.3142697 ]
 [309.28273234 380.45914765 419.5731523  335.85964149]
 [752.25360523 477.45402346 498.87404716 447.03642159]
 [ 11.3518081  616.07236016 352.60065095  87.47704386]
 [320.24351376 404.1116457  384.55231836 747.02207471]
 [712.95258906  60.38210045 230.01119238 520.33223678]
 [619.4970414  538.17128731 593.88566428 765.69331184]
 [242.58470947 597.38869695 347.35487309 547.28060458]
 [173.5831519  428.25175404 348.32968881 163.48900897]]","[0.06077082 0.10358907 0.33014668 0.99094874 0.0487456  0.59210055
 0.76713408 0.73825806 0.04702108 0.27141597]",496,2025-03-03T23:21:53.713133
25,0.9130984698735309,"[[261.76416297 733.00859191 185.46478043 463.87583495]
 [781.57083774 543.07571703 121.43798958 406.80674756]
 [754.81503197 426.82818275 114.97462668 495.16026335]
 [778.43162882 235.41825226 522.21238131 206.77658073]
 [ 27.61043376  56.45227305 229.47112794 392.65355618]
 [569.84622933 374.98745043 793.39589392 144.22735484]
 [392.78573913 428.23590087 467.06352295 274.36931626]
 [219.11082849 376.52881241 197.23095232 658.47171791]
 [466.42660362 614.10632052 491.71333359 736.53251373]
 [712.52815637  45.38181542 142.00404257 493.50168106]]","[0.4547683  0.32790941 0.52883501 0.99465639 0.71598998 0.50081386
 0.65294594 0.80028226 0.31972297 0.92488857]",497,2025-03-03T23:21:53.718692
34,0.8613725080353146,"[[694.32033841 357.35454277 137.19672709 132.98485323]
 [104.51984951 666.56740737  34.91537972 459.30299435]
 [544.04472732 605.25708208 239.08352303 277.92615771]
 [468.14979407 203.56703316 478.22334899  89.67957158]
 [242.08278466 758.09505303 640.49316787 497.09517242]
 [ 85.88254207 484.32274517 355.98285133 542.53872963]
 [109.57581394 698.52408496 122.66103621 723.78388757]
 [268.68142601 331.51442374 453.5228591  420.04253281]
 [750.65993036 155.37108738 724.63444548 521.40330144]
 [111.17169559 263.70441571 740.92505332  79.99551126]]","[0.13163548 0.38143615 0.28063592 0.67615211 0.29823704 0.0819683
 0.01344985 0.59934935 0.36418195 0.44650977]",498,2025-03-03T23:21:53.725973
12,0.9406124901167144,"[[3.37459213e+02 7.02988606e+02 2.67684010e+02 7.77607732e+02]
 [5.89272601e+02 8.98857537e+01 2.00523652e+02 3.39024715e+02]
 [6.38358349e+02 7.88685128e+01 5.72528209e+00 2.94358216e+02]
 [3.25205966e+02 6.40043769e+02 6.02452769e+02 5.42078659e+02]
 [5.83693202e+02 4.13257156e+02 7.77398518e+02 2.79418214e+02]
 [5.06307705e+02 6.17939859e+02 3.12968113e+02 4.72758687e+02]
 [6.21008327e+02 3.38668883e+02 6.03158641e+02 6.65929367e+02]
 [5.96756109e-01 3.52817102e+02 1.11401597e+02 2.15982245e+01]
 [7.79905918e+02 2.88672137e+02 5.72767026e+02 1.70005764e+02]
 [7.28471133e+02 3.90831737e+02 3.70629103e+02 2.02764236e+02]]","[0.67335571 0.16385917 0.91321576 0.88004175 0.89867003 0.37810001
 0.72024641 0.39870928 0.6206618  0.13936881]",499,2025-03-03T23:21:53.733490
37,0.8836114148777346,"[[640.32757868 688.77764634 222.54878247 610.9249785 ]
 [452.8635277   55.14941527 622.20732831 382.45032972]
 [323.01688342 499.08517429 629.86760992 137.39903984]
 [562.83255402 417.53199458 562.38520839 190.70263011]
 [555.75557846 224.30671558 607.41031312  88.72282798]
 [350.11132411 682.70144103  32.07072569 456.27383067]
 [760.06938672 288.90549898 789.89083967 512.078039  ]
 [713.38817729 675.66836516  81.91528027 256.82592768]
 [ 37.1679505  408.48026604 618.25242422 655.07374696]
 [675.8699089  377.62430442 741.26852421   4.52674599]]","[0.69673409 0.07394565 0.91420009 0.60078907 0.45859597 0.20104722
 0.6782952  0.98046853 0.3394102  0.36786193]",500,2025-03-03T23:21:53.740109
47,0.9304440897723576,"[[417.47303238 374.72942173 279.59582799 273.50210463]
 [763.56468883 560.25041896 661.96892173  26.18858712]
 [425.15469031 709.35774148 491.32235743 359.07757485]
 [370.73031333 342.38438679 534.14343854 277.12305077]
 [ 63.88837652 134.11605246 149.40538828 243.78516233]
 [451.56941046 787.14306382 693.85596087 363.28602925]
 [386.9845603  402.36478815  40.98770887  36.65403484]
 [ 11.40472685 559.28141599  48.88967052 780.48150637]
 [243.70990318 720.80353768 675.23078357 431.90928687]
 [143.97208457 138.39762748 699.48429075 712.96658533]]","[0.01323451 0.84856815 0.7097172  0.97483484 0.65383651 0.35577754
 0.68947262 0.66270111 0.58831026 0.8559974 ]",501,2025-03-03T23:21:53.747209
42,0.8453920898534044,"[[616.01367492 592.0910352  653.49118536 547.79351558]
 [643.30628218 644.14103563 575.40754872 468.84933592]
 [253.99777047 617.80907024 216.0476228  182.50022807]
 [445.147206   744.05646213 419.41994511 331.12882262]
 [552.40195057  16.64728411  16.62638983 288.17515939]
 [603.56342544  65.07747745 532.3521465  319.80282254]
 [240.19065253 773.69949836 555.82676866 766.76583062]
 [510.41094085 115.71119974 620.30074395 544.90536101]
 [ 28.51397369 323.12476191 708.62861773 538.54876   ]
 [265.44134974 605.95214911  23.36991857 584.1662065 ]]","[0.40506038 0.9833608  0.98469637 0.89302959 0.91514409 0.69169227
 0.12047175 0.97262661 0.49192404 0.86074923]",502,2025-03-03T23:21:53.754550
47,0.8540310111068401,"[[152.46712438  89.7547497  766.47847112  45.30834929]
 [121.92044253 457.8546343  117.88237768 208.55915433]
 [788.53719492 405.55192636 767.21735495 537.17080232]
 [625.90767743  10.66104652 427.12869416 234.12499802]
 [384.02207224 255.47285188 667.78985158  25.06438264]
 [  7.88729984 593.34105582 119.42005052 110.74948955]
 [428.32682917 230.32754923 185.29583786 134.21497669]
 [657.20774234 692.35462581 410.42112147 556.00438548]
 [258.6994165   23.47901603 579.0348427  529.47867184]
 [626.02911314 731.48421688 418.51654858 510.29027549]]","[0.27477429 0.80623271 0.31324789 0.01692762 0.41271931 0.92800724
 0.38606474 0.4871153  0.68838892 0.22444837]",503,2025-03-03T23:21:53.760682
14,0.8038265494602139,"[[318.60618189 610.21642464 272.54111587 413.08769906]
 [548.67922466 600.17160687 472.05462221 510.11090419]
 [293.63207139 423.91463229 756.21955489 583.9126652 ]
 [498.00224753 531.62654089  85.37913656 162.53794309]
 [475.08628689 742.43171608 745.6335751  296.96082937]
 [287.58244593 729.76084197  55.39180755 742.45158764]
 [640.70312593 647.98845598 302.42599912  84.56234926]
 [297.8743536  554.93136172 263.42380094 645.69661489]
 [416.32270169 590.41352156 169.06016585  15.53759772]
 [488.18176096 758.9403235  438.79830465 203.52519173]]","[0.71612591 0.32995406 0.42540032 0.75180204 0.11505675 0.74195702
 0.7923369  0.92616496 0.19191375 0.32167579]",504,2025-03-03T23:21:53.767737
24,0.8203804003968074,"[[120.53966887 602.99319971 711.24431193 460.33759159]
 [564.46866484 383.33824343 759.26897707 359.85625456]
 [ 78.02556221 613.26335534 437.88961017  91.88474781]
 [139.05384148 256.10406655 301.42019812 451.44555453]
 [249.05811378 522.77161408 534.46907989 511.40172814]
 [409.23775609 646.67613446 471.23561149 563.78865699]
 [461.4401309  175.96655275  92.39996646 527.37680307]
 [671.41838938 416.36413285 671.0683916  112.39409642]
 [  5.30631705 684.82706018 514.97822555 570.24395214]
 [416.03401709 403.57816936 556.75859753  21.21048858]]","[0.4734824  0.9188737  0.03622961 0.11462825 0.02248047 0.39190718
 0.77500805 0.66216245 0.39825413 0.61438192]",505,2025-03-03T23:21:53.774392
42,0.8757577749911722,"[[351.88436524 376.74083821 325.98587688 721.83095885]
 [129.67264579 222.30526185 524.38093929  17.22086598]
 [148.42667405  18.18810809 791.14108186 485.7813772 ]
 [116.7579539  710.9930682   25.69022529 655.49878127]
 [104.18165896 470.33793562 783.32119572 200.32535687]
 [194.11657724 740.71669556  75.99702941 704.49635704]
 [149.06489701 466.62150373 216.31530256 162.49714742]
 [380.70936755 677.16277833 283.8840726  217.41713728]
 [556.92616562 593.84467855 622.07182417 516.3064669 ]
 [768.31936794 240.3459374  475.72302432 275.32097274]]","[0.69368977 0.39345013 0.62542601 0.06130528 0.51259354 0.0181463
 0.56060107 0.48870277 0.21451103 0.9871488 ]",506,2025-03-03T23:21:53.780844
44,0.8480600194463033,"[[722.42522346 129.68797445 120.50817279 798.83753253]
 [554.77018734  52.10859255   2.51309529 682.52313203]
 [232.2119872  576.43755821  19.84206499 305.06378883]
 [245.24275582 745.64015207 536.49092707 200.77753177]
 [697.237683   495.36002151 653.88819745 624.37465666]
 [423.30537851 567.07962254 421.33975256 395.0535399 ]
 [ 71.37368078 105.78511534 718.57288127 762.0059168 ]
 [653.19245589 498.72416782 167.39917088  31.2256846 ]
 [508.1337369  238.71837187 472.39090884 766.24273494]
 [358.17767968 591.80345175 244.01002701 566.71786827]]","[0.38367924 0.10071782 0.49670111 0.10544689 0.9138244  0.27494267
 0.80017451 0.32472637 0.4829599  0.70059103]",507,2025-03-03T23:21:53.786361
14,0.8732185951381464,"[[314.15497831 601.31876061 207.90699783  28.82918929]
 [353.12865029  95.96642014  18.68294451 308.84595579]
 [193.63331144 355.6605323  524.46949167 375.65903312]
 [108.12182372 678.99927252 144.32722519 417.39340491]
 [ 49.19941913 559.20423116  59.38374009 476.16010668]
 [797.55407447 143.65679334 597.79729759 713.18679749]
 [513.58177186 468.4901075  672.40624053 746.90124967]
 [486.80752066 308.57679582 536.955135   467.0196759 ]
 [296.90195919 745.24400834 786.14080015 383.21177038]
 [636.13906884 404.29588531 563.68289796 387.33543851]]","[0.26173448 0.89144483 0.83714161 0.35981226 0.51423114 0.37318517
 0.47441486 0.00746333 0.63219669 0.37985343]",508,2025-03-03T23:21:53.794165
21,0.9151655215217203,"[[698.09019219 348.96344468   2.56223444 719.43453596]
 [ 35.45187229 519.61448771 570.35161583 553.33315467]
 [592.66010365 488.9649182  702.29795655 353.23761741]
 [677.22079808 537.75527387 422.11014123 376.24809805]
 [386.88958569 531.28230559 211.15320838 649.6777381 ]
 [468.78768301  74.30915054 719.69368408 315.29366365]
 [374.51191066   6.5313317  574.17039677 560.33205704]
 [591.73602391 619.23455907 559.51218485 234.92618559]
 [ 11.59879739 550.86225402 292.1143305  682.53090924]
 [312.00171459 399.0045968  534.0517868  626.01452885]]","[0.91264798 0.99718848 0.42626267 0.36338291 0.10307943 0.06888449
 0.86187917 0.85054045 0.81536479 0.86450503]",509,2025-03-03T23:21:53.800165
21,0.8575374362345954,"[[477.32934265 707.06803642 448.64636849 715.82729149]
 [345.01693528  42.30162635 439.85777099  48.09382501]
 [726.42895857 138.18359373 210.35515268 440.37708188]
 [141.55156496 527.36057106 690.83476803 390.09291748]
 [154.98506881  56.95071757 226.5243585  731.23729318]
 [182.6998      84.61049112 692.11376852 367.18914568]
 [ 52.13139533 178.01099434   6.64691588 242.42038933]
 [ 74.09144275 149.09481851 537.96355804 646.25731222]
 [780.05649695 759.38988318 180.85412381 102.48031368]
 [354.26549738  57.2653358  620.84662296 244.21536025]]","[0.21946334 0.85689846 0.3868945  0.95587154 0.05465857 0.80650141
 0.01581325 0.33786905 0.16712541 0.48107123]",510,2025-03-03T23:21:53.806191
46,0.9153083075872689,"[[628.90149913 169.54247758 498.64006557 571.06409314]
 [340.28579004 204.11646095 367.48568748 581.32201714]
 [570.87056224 451.70770905 711.17715528 373.98202419]
 [317.81258232  56.78668172 776.51036333 145.93360184]
 [486.86439681  70.12709227 180.61568766 171.36011626]
 [515.71563284 638.00119521 532.11979103 316.89526817]
 [561.91518333 494.36296142 227.02341555 546.92714114]
 [133.23158175 186.45628045  26.46269283 460.28197173]
 [441.32250192 475.21310841 661.26675104 559.50138822]
 [656.78536354 398.99733952 582.28944467 357.65160584]]","[0.43150198 0.36894926 0.02532601 0.56294382 0.65416118 0.90660875
 0.44793664 0.93325749 0.06320093 0.61840472]",511,2025-03-03T23:21:53.814498
44,0.8827912084544278,"[[688.29406569  25.89801315 687.70110806 389.79807584]
 [252.61762127 401.55027487 500.56650013 175.71544484]
 [550.36015562 270.45544667 138.51856197 538.07908008]
 [579.0322057  202.50762561 650.95792016 193.08038264]
 [ 70.31765384 769.60651491 294.42970546 713.02180546]
 [134.02281631 366.85722453 655.36184507  32.7901022 ]
 [662.24429898 763.62840952 206.07156479 583.19422067]
 [664.11402611 519.60493566 217.11097434 484.45780236]
 [204.483115   489.98817172 424.32247692 407.63068196]
 [115.77691893 416.21016891 507.38356846  18.50632981]]","[0.87685161 0.37125902 0.46672698 0.60612631 0.35652299 0.4621386
 0.84891032 0.11486715 0.19207463 0.3554383 ]",512,2025-03-03T23:21:53.821415
34,0.8503226984962805,"[[441.26432393 346.46437202 622.03140515   7.93371159]
 [660.44917365 511.19025822 374.88645269   5.11699105]
 [222.20502886 332.04589454 621.4145764  298.87954619]
 [541.84525075  84.85579434 651.08195238 776.70821593]
 [304.70914853 631.67237186 539.03899056 606.96107265]
 [501.44579756 309.84678131  18.23486131 784.6490569 ]
 [255.0186678  440.23704502 246.49060082 120.00003406]
 [197.91752733 507.73162023 760.80389446 680.46839212]
 [192.19089529 336.27638163 205.58619423 473.47693319]
 [ 67.01606431 175.22690687 294.89549296 743.65972459]]","[0.71523835 0.82380021 0.83917918 0.07462032 0.59759276 0.89001341
 0.93804577 0.07840476 0.18489596 0.94145123]",513,2025-03-03T23:21:53.827585
48,0.8156100724237745,"[[396.80162691 146.51798216 161.40853319 165.056339  ]
 [ 43.01285626 105.09104034 567.00295024 566.03533688]
 [409.7048701  518.79055104  98.94033046  49.50249542]
 [ 76.86541865 107.34787799 250.602198   770.82586544]
 [485.25300141 600.00766429 136.08098567   1.85354636]
 [546.77376195 213.62706102 335.42878876 399.02141307]
 [100.27725375  92.23561804 131.43358561 611.36092618]
 [281.60615424 242.60864051 756.57974486 506.59149149]
 [ 81.42027431 229.69002463 249.1071856  796.03315419]
 [714.42710428 364.66900746 396.40932347  84.71209667]]","[0.43780413 0.06130378 0.17711186 0.54072472 0.73297978 0.47470418
 0.54745395 0.17912353 0.12986123 0.70685807]",514,2025-03-03T23:21:53.833622
45,0.9021572249635887,"[[217.43672394 605.81383639 375.80850494 534.31283653]
 [777.52513215  73.25310288 259.70469106 501.5821263 ]
 [162.51524593  15.6972134  161.79784095 480.72408165]
 [696.89792435 294.83312968 651.26326916 360.44164622]
 [313.39092907 471.17288887  74.44689321  37.07636062]
 [424.2276175  139.18073636 296.32342807 115.08305391]
 [602.16759196  26.54766083 657.25877924 416.36200351]
 [330.04030093 630.22685287 408.13127753 202.75942585]
 [258.85077262 629.63921791 797.09362743 681.18196236]
 [167.68920827 341.42243872 267.23590087 290.59066708]]","[0.62911399 0.06757831 0.07329816 0.67052337 0.44446702 0.84940365
 0.26192311 0.49011861 0.85853215 0.7948617 ]",515,2025-03-03T23:21:53.840266
46,0.888652410172811,"[[530.12228453 274.10583223 151.26224205  41.43226325]
 [695.15878807 709.27482405 303.09734517 171.39187604]
 [ 71.35358497  51.7120884  232.15721725 434.40082956]
 [277.00325773 190.89981178 322.85809095  93.2865904 ]
 [638.01477477 381.33852045 367.55092869 253.27281532]
 [564.10405866 365.78009527   2.29677148 124.19332876]
 [337.98126872 496.73686605 287.13535584 676.77566604]
 [168.68642066  90.15153622 354.29150283 695.77116994]
 [728.23071968 153.07234443 185.30959821 303.85949885]
 [448.92453197 769.196889   272.38192455 311.29050475]]","[0.62258915 0.0572246  0.8105969  0.20816901 0.36493758 0.11028024
 0.32662784 0.8261262  0.22166273 0.07624364]",516,2025-03-03T23:21:53.846687
29,0.8097203876678115,"[[ 70.73933054 400.18308805 417.71960576 200.99251455]
 [369.16793487 303.67437308 624.93578296  97.63450607]
 [256.24143811 193.68266486 542.55983635 539.84004378]
 [453.7230612  534.47093823 569.66591534 315.02278892]
 [653.6282625  682.43824161 400.55569999 740.81307448]
 [449.0913217   40.12908407 598.41313471 234.0602771 ]
 [466.65161839 128.94600242 215.39869031 580.89349296]
 [348.82853015 602.63714387 798.22752769  39.51041653]
 [491.18453943 102.98163048  69.21265547 739.76741555]
 [280.89461291 442.8075401  186.72070097 750.66872172]]","[0.78363542 0.82977019 0.58257131 0.39115051 0.4917768  0.03153703
 0.96848648 0.44026223 0.85412676 0.34387986]",517,2025-03-03T23:21:53.852693
33,0.8378940869318975,"[[442.28859245 774.50718048 222.1336103  518.6229219 ]
 [338.47514589 614.13835853 292.76372771 227.21439478]
 [624.09319702   2.71576265 559.10190037 346.21859381]
 [176.43285717 628.78175081 295.32316389 737.04805686]
 [378.83249814 375.96638006 494.95934996 701.89360332]
 [738.50672484 109.34156899   8.07342256 317.95043497]
 [762.57021461 498.12379668 245.01127724 555.27536561]
 [458.5814792  246.89076433  89.95157063 507.21314941]
 [ 94.79362824 567.18984734 725.6842506  122.02506577]
 [519.48127474 587.23925225 405.27043251 374.4835524 ]]","[0.77136711 0.11059845 0.50167314 0.94897345 0.80197679 0.26357133
 0.90057636 0.50612497 0.31672125 0.06417336]",518,2025-03-03T23:21:53.858902
41,0.9140829610129395,"[[ 35.15543761 333.13730325 536.40554855 661.58562603]
 [277.58477283 190.2819914  440.59412775 294.94540188]
 [212.16326163 367.37105779 645.46323359 391.73290887]
 [598.6364411  693.99923437 460.68233232 633.32263584]
 [513.7978634  258.09488447 465.40216816 612.12120951]
 [162.50260775 446.68324419 376.94486631 709.43551973]
 [ 67.40192011 485.09073296 223.16269875 469.28041207]
 [314.43902493 400.27673622 195.51731651 194.95566772]
 [794.4629622  795.38425492 351.89863346 200.088079  ]
 [ 44.57850461 404.18439813 617.21003873 289.11992168]]","[0.92262493 0.61032954 0.29461009 0.85138726 0.72333434 0.75585595
 0.52325483 0.39863104 0.38739193 0.70894072]",519,2025-03-03T23:21:53.864180
16,0.865532857153266,"[[184.30687679 657.75399527  92.51114537 742.80863938]
 [210.44645296  71.43850049  22.56400217  63.16445302]
 [ 72.55142642 303.95800297 426.323262   290.97105295]
 [166.36896512  80.91332176 367.48893676 785.72588777]
 [273.50188567 763.65803139 730.84447346 478.10392195]
 [261.93850032 482.94342964 657.41178661 618.65735191]
 [297.07197308 513.1211078  308.72601005 475.71131629]
 [725.48073897 440.18857044 422.37204077  26.74315103]
 [564.4955389  798.79970232 473.05296953 762.18153333]
 [570.32295626 426.85138316 520.31118946 320.17330004]]","[0.06585385 0.1882805  0.14174361 0.57296873 0.43850093 0.09714096
 0.91715495 0.17728002 0.55988131 0.93322601]",520,2025-03-03T23:21:53.870424
26,0.8162303839301672,"[[484.67506911 378.21226363 760.48599373 659.10366234]
 [490.57504174 151.10543991 739.13114742 721.94032449]
 [777.96866649 416.00796149  94.94742454 454.72109811]
 [755.2208399  635.74147886 138.78553897  97.12796894]
 [649.28198328 383.26432743 346.5310196  360.73297979]
 [562.93894709 403.29690366 225.87360669 384.16795088]
 [418.79710637 544.53008461 774.88474058 349.99688439]
 [663.61502123 313.12183679 216.41930787 610.77853456]
 [200.08664301 437.34415913 601.13253301 319.90509834]
 [586.48971022 220.00589697 468.99014052 780.43861849]]","[0.08893734 0.56044386 0.72975854 0.8006545  0.15082428 0.40827905
 0.34959361 0.55469919 0.87382049 0.51586961]",521,2025-03-03T23:21:53.877828
13,0.8668653496400731,"[[531.95940903 778.48293368 273.36012947 641.86746009]
 [457.26432301 635.23856365 224.22928531 746.61923771]
 [479.68963317 640.20996893 383.90922216 783.64115392]
 [236.55180877 559.42216099 501.09165855  35.01109053]
 [595.0800962  373.21449122  24.41333955 341.61406965]
 [ 39.82731063 194.9370067  210.57518862 545.5449444 ]
 [120.09628985 259.64205894 177.69159913 335.07113738]
 [601.55197558 571.3881961  249.33168782 629.50275953]
 [467.86039126 513.08686422 485.48537317 662.66212466]
 [ 85.9157142  507.06947639 452.89985434 607.30612592]]","[0.09191488 0.67793713 0.90034964 0.78829111 0.84533407 0.89692563
 0.44455648 0.22930144 0.17216707 0.86395064]",522,2025-03-03T23:21:53.883977
34,0.8823618231818964,"[[268.28843147 149.88802151 277.34096304 377.24538152]
 [ 21.39367252 702.87088075  18.01246097 485.00081526]
 [ 47.78898957 434.04902152 420.36384021 354.44138188]
 [490.9075601   97.246728    82.48830554 669.89919756]
 [273.96880854 782.44693276 172.66372023 566.02058264]
 [618.37889792 140.53660633 159.16110278 407.89524599]
 [707.58385053 770.9922461  680.24874735 610.02206538]
 [353.15311873 697.94320156 502.12612323 291.98916311]
 [139.24649997 412.37525597 651.64151735 354.52838529]
 [424.32081446 706.33753868 677.78097407 793.34027795]]","[0.87709176 0.59719233 0.29630712 0.79169557 0.25975274 0.54899545
 0.21130134 0.92596969 0.36893279 0.54621649]",523,2025-03-03T23:21:53.890100
44,0.8104303424590505,"[[1.02717516e+02 7.54873015e+02 5.54170804e+02 7.42125617e+02]
 [1.15317603e+02 5.71078234e+02 3.40065699e+01 1.27962539e+02]
 [2.58383279e+02 2.87850571e+02 2.35405776e+02 5.52013884e+02]
 [1.61527753e+02 6.66911024e+02 6.49365887e+02 5.17980890e+02]
 [5.02237890e+02 4.21754860e+02 1.06884875e+02 1.78893675e+02]
 [3.85687455e+02 3.43810314e+02 2.63747998e-01 6.24094920e+02]
 [3.67099528e+01 5.98434098e+02 3.30307054e+02 6.00119967e+02]
 [5.32910620e+02 3.33267263e+02 3.61211620e+02 2.29516116e+02]
 [2.89468860e+02 7.17709367e+02 1.33882765e+02 1.83073917e+02]
 [7.16798144e+02 7.96902371e+02 7.47845329e+02 4.75810050e+02]]","[0.56189898 0.67876309 0.84048859 0.34128339 0.22557909 0.68945728
 0.48715162 0.7079451  0.88492173 0.14587152]",524,2025-03-03T23:21:53.896103
11,0.8301988494856594,"[[783.51376841 293.59662538 338.23970536 430.46598338]
 [ 79.17251996 428.69491187 306.03850411 457.89972614]
 [624.46799721  33.71311589 409.10373221 502.60108987]
 [209.50643988 360.76227696 383.92318539 591.29520201]
 [247.35458285 740.33201361 590.18196086 698.75149992]
 [225.6043651  168.26758003 626.5542445  121.70549649]
 [392.84661328  58.24577962 683.66170531 270.32179891]
 [757.44786177 751.99517487 330.74602022  78.0457447 ]
 [202.45422811 197.42034949 378.41439875 559.36082164]
 [490.38803025  36.88934255 338.47070686 325.9031291 ]]","[0.02386473 0.69249193 0.38245221 0.14524617 0.2597754  0.63902703
 0.32360315 0.76087788 0.91205004 0.40268698]",525,2025-03-03T23:21:53.902365
34,0.8403883259247951,"[[743.31946892 352.99578306 175.03086082 428.73249553]
 [582.30451279 552.77461419 411.7851525  267.66885459]
 [  9.74801557  21.53540179 314.80028617 306.94354146]
 [753.22846324   7.46740356 670.03133151  81.77873827]
 [221.27616683 443.19249794 482.19419224  95.34885088]
 [580.41899731 354.43104526 430.78537666 201.02013108]
 [589.4283507  695.37767976 510.28509958 311.35274308]
 [173.31457138 339.04212569 533.5228531  715.13381572]
 [ 87.08300526 680.72767033 123.70835674 567.77735492]
 [169.78880563 120.89677819 136.23178766 440.90005478]]","[0.12710635 0.82386422 0.30892439 0.19336929 0.14903185 0.11185378
 0.5366213  0.21608142 0.89979895 0.86774016]",526,2025-03-03T23:21:53.910559
20,0.8072800122108111,"[[552.14110789 362.95502728 623.24565729 284.90839812]
 [299.35855412 670.9565275  287.95684966 491.93156752]
 [556.92880901 297.23014554 186.95682292 339.12311555]
 [523.1901491  146.97660274 641.3273476  621.30754471]
 [682.48770608 744.18927307 767.25274234 649.77884665]
 [527.73379406 784.71364881  96.08074115 650.89224672]
 [210.64386376 107.75980045 436.14729995 402.4861496 ]
 [398.29943109 107.51683139 729.39927011   6.28694138]
 [503.17825824 533.61722452 705.47774857 787.95843211]
 [643.01321417 229.1425631  193.80496938 125.42961136]]","[0.6393171  0.4961935  0.27034793 0.63203874 0.01325312 0.73368146
 0.08289555 0.29486909 0.34714818 0.29727936]",527,2025-03-03T23:21:53.917375
45,0.8267657727578143,"[[645.21576877 425.51178842 281.81869256 126.67272301]
 [283.3909924  629.14354671 374.6630016  623.64866945]
 [699.68126888 709.55130998 475.6078606  393.96044639]
 [455.04283445  34.89125996 621.51266172 772.54633902]
 [486.5039474  513.28119189 622.24337993 604.02806503]
 [342.85811072   1.52335964 324.82054192 275.77473922]
 [384.56786047 263.95174163 569.32770077  15.04839069]
 [481.37280119 789.66792931 512.34015936 270.07583481]
 [342.71599644 217.13302734 281.98215934 283.8202915 ]
 [287.17452454 388.44917289 299.16457721 773.750411  ]]","[0.0996576  0.78094805 0.32343764 0.08259852 0.92372645 0.22218071
 0.90458997 0.13434005 0.45452278 0.54023628]",528,2025-03-03T23:21:53.924516
30,0.8501403549963588,"[[489.5177656  445.05015695 499.52392056 402.57653054]
 [218.41841198 555.98648545 350.51839578 444.08131599]
 [566.63295508 613.50792828 260.76136536 596.08106759]
 [577.14456628 687.31112772 714.83351905 103.07361872]
 [609.4684575   22.72444336 527.50432247 664.98093693]
 [511.15709128 474.43315784 105.86350542 763.03341784]
 [576.2609821   18.7948551  339.17987252 330.23160596]
 [ 55.28845728 216.57889627 661.05737663 572.04501797]
 [437.09894289 207.80772189 566.72698341 653.83609789]
 [716.52845913 300.26518577  38.90733074 559.09388868]]","[0.0563081  0.70035773 0.05189612 0.80866387 0.3497522  0.30974722
 0.25252613 0.94449136 0.16535835 0.08606648]",529,2025-03-03T23:21:53.931374
21,0.880771447499305,"[[ 91.35026086 665.08925104 346.39262215 772.78953321]
 [ 65.70929267 151.31445718 671.36172089 458.26398279]
 [600.58697566 527.64922447 105.76200841 751.15129091]
 [391.78174092 663.92236239 465.85280934 151.06508428]
 [170.82068734 429.12438123 309.8932794  383.64300193]
 [ 90.28043294 621.22618076 170.62456365 664.31725533]
 [598.0808678  758.65274611 679.22544386 212.83848258]
 [458.18008264 247.74837396 522.31594682  75.73742589]
 [640.94563879 123.41782785  54.65248447 341.28434271]
 [740.96248303 271.7142138  102.03845555 272.08857068]]","[0.43118486 0.09757725 0.94991568 0.58085273 0.52085213 0.76396317
 0.40354068 0.53193084 0.46653973 0.76418161]",530,2025-03-03T23:21:53.937218
45,0.8240874730066806,"[[6.83864535e+02 2.97261712e+02 5.10797996e+02 2.69199541e+02]
 [4.60382950e+02 6.75854728e+02 5.37184856e+02 4.67512772e+02]
 [5.73033781e-01 1.95359828e+02 5.68615782e+02 3.68356729e+02]
 [5.35891700e+01 1.49732309e+02 2.00135495e+02 2.16100547e+02]
 [7.12401308e+02 4.57897887e+02 6.36948654e+02 9.60995894e+01]
 [1.79200889e+02 1.38889937e+02 4.17872860e+02 2.76636420e+02]
 [5.11764831e+00 2.25272213e+02 5.29815950e+01 4.84980101e+02]
 [5.65466423e+02 7.21814665e+02 1.90790856e+02 2.15505837e+02]
 [2.94508649e+02 1.59273816e+02 7.02880493e+02 5.30801778e+02]
 [7.99434826e+02 7.46249093e+01 1.30894030e+02 3.74948716e+02]]","[0.88161404 0.13639599 0.69956918 0.68352399 0.88517371 0.18166611
 0.3700056  0.03309118 0.34603705 0.67164241]",531,2025-03-03T23:21:53.945051
42,0.833052914722049,"[[249.55941208 658.90096366 173.81125003  52.9441063 ]
 [679.32561532 312.47422213 572.99807272 321.62165656]
 [388.99066044 360.16567597  82.09184162 472.76105713]
 [314.37141379 488.2747017  170.04367113 369.40606812]
 [554.25383987 561.59738968  21.85349769 782.60164633]
 [199.24124621 227.78069089 646.53963568 112.1934907 ]
 [373.20939966 590.52953985 699.73593152  36.24996987]
 [529.77594674 748.1866031  725.93249146 478.53783401]
 [527.11651188 566.14399606 559.62834644 664.57248975]
 [425.27708675 635.95223926 550.73180749 174.43429194]]","[2.35196031e-04 3.66306731e-01 7.16754322e-01 7.21308732e-01
 7.86217508e-01 6.82264767e-01 6.84031304e-01 8.39588205e-01
 5.75222257e-01 6.52935927e-01]",532,2025-03-03T23:21:53.951747
32,0.948325557507987,"[[157.19458617 389.05031308 442.66684146 178.34899768]
 [347.3530758  722.71447194 295.33213963  34.03750649]
 [203.81330913 129.93339391 615.5582865  110.87352016]
 [439.90182207 432.44054263 493.97174932  84.4305247 ]
 [644.20024554  37.32113032 740.46613091 304.23565873]
 [256.58767525  86.28801886 573.89344981 474.03399867]
 [576.99488061 415.31546849 680.23157377 612.78292644]
 [534.27117364 338.73227876 693.18572465 165.52516758]
 [458.63031438 205.88586467  78.48164531 184.65913407]
 [528.69209735 180.3987244  176.95268042 653.39239552]]","[0.63210868 0.05991946 0.82835006 0.27030027 0.79718626 0.06965483
 0.10024052 0.67787257 0.93591544 0.13319607]",533,2025-03-03T23:21:53.958246
38,0.8978490554180226,"[[165.16922714 665.50911573 337.13192809 592.73877223]
 [ 63.49109801  50.27323685 741.28465203 446.71576089]
 [570.270862    65.89384189  40.81581804 318.35356956]
 [242.92657014  76.91473233 429.83846537  22.47671235]
 [  8.66622302 793.61613391  65.60893091 777.11593556]
 [784.87834762 783.20315976  15.12210728 732.19901581]
 [460.36532221 542.07015414 142.52332551 706.25305862]
 [ 71.77542563 492.0315699  357.75541344  47.25620116]
 [430.36258881 673.94117128 129.40862826 195.06792074]
 [529.78788754 497.09138083 216.74660241 658.79549769]]","[0.84746101 0.5867081  0.69393155 0.9285347  0.01313272 0.94301685
 0.33891781 0.34940366 0.99838475 0.70511063]",534,2025-03-03T23:21:53.966909
46,0.8897545143074232,"[[ 48.69043657 251.00002819 153.32532687 133.91819682]
 [155.3115774  260.1218481  782.62203143 725.33217308]
 [593.18266803 479.22696766 128.83872922 507.39328762]
 [410.16602534 271.13268672 399.87576544 552.73195938]
 [509.2726343    6.05592586 481.79349205 770.58353727]
 [308.36710375 393.68589877  75.50675523 407.9569042 ]
 [725.25880682 614.12862207 652.19234031 747.09825746]
 [770.90572748 525.15113431 301.74040519 772.5396509 ]
 [425.94939027 263.56934699 192.93508434 668.76917601]
 [484.47670503 390.70298529 438.40632842   7.94001254]]","[0.27012047 0.13070897 0.14635827 0.35895421 0.5126734  0.57078966
 0.53016658 0.55038949 0.00717542 0.8392349 ]",535,2025-03-03T23:21:53.973320
30,0.8143763420495719,"[[215.04594031 500.29926115 596.3571185  325.738879  ]
 [726.42787883 725.98593    423.73010335 360.76180178]
 [441.67647812 113.85424406  85.38377008 333.8090499 ]
 [400.99556967 766.23458858 244.3776828  245.75762828]
 [ 50.62523019 455.41923218 213.74428533 331.44690824]
 [354.24319033 758.42275319 748.24101433 620.55015742]
 [358.58314888 151.45631363 695.34499977  54.15072597]
 [658.24289133 485.190406   490.21167399 313.65067669]
 [443.49654045 343.80404893 248.96064257 487.5201058 ]
 [723.08929618 466.23057813 231.69624905 120.83740311]]","[0.35193442 0.93624262 0.05702244 0.77069559 0.28368067 0.37169044
 0.25339066 0.14332718 0.46684539 0.14364043]",536,2025-03-03T23:21:53.980669
15,0.9249607370781778,"[[7.82738197e+02 3.07306837e+02 7.56123601e+02 1.50444227e+02]
 [6.94409881e+02 1.10446590e+02 4.91220424e+02 5.64646769e+02]
 [1.25606134e+02 1.96409288e+02 7.05343497e+01 3.74257569e+02]
 [4.90463617e+02 2.20893908e+02 4.85109239e+02 7.49700390e+02]
 [2.68116740e-01 5.06838509e+02 3.78867180e+02 4.23086652e+02]
 [7.67658855e+02 6.81076900e+02 7.60315489e+02 4.06457119e+02]
 [7.40989532e+02 3.93128296e+02 3.18481968e+02 2.63676121e+02]
 [1.58375952e+02 6.68413088e+02 5.65675451e+02 5.29444323e+02]
 [1.47602234e+02 5.64774227e+02 1.45261065e+02 6.00230306e+01]
 [4.40789413e+02 6.73007531e+01 1.98729610e+02 7.82834633e+02]]","[0.31462254 0.90278692 0.13318447 0.33043609 0.99856463 0.98658945
 0.88254258 0.07619247 0.2046764  0.45807652]",537,2025-03-03T23:21:53.985773
34,0.8480800814285194,"[[347.39747158  70.72536932 432.06029923 502.79219171]
 [564.69810775 331.9309537  521.2575285  304.61556274]
 [556.73011372 172.03285975 394.36347202 417.17995013]
 [ 85.56496153 795.05035071 256.10667331 574.51619812]
 [778.12309478 294.28421575 593.14378544  95.21639563]
 [ 75.5263662  692.22301673 759.5411625  656.67737166]
 [747.92187221 494.31833093 429.74236821 636.20387429]
 [188.27489103 343.45207737 403.86820039 520.57188976]
 [533.69222227 727.04809365 418.34252512  42.12526315]
 [ 56.50519537 173.27351759  46.22287035 664.84470877]]","[0.56235405 0.60611148 0.63602169 0.11573929 0.8571199  0.73897855
 0.93458421 0.84518544 0.3231962  0.273933  ]",538,2025-03-03T23:21:53.992178
13,0.8428724900386234,"[[567.19212929 682.23907758 794.14260403 729.87919847]
 [447.78069097  83.29629518 172.6566217  635.45524631]
 [285.21303609 489.20710143 560.08820214 498.02565341]
 [181.80575284  80.00851183  72.37238482 471.08684212]
 [401.32969574 101.06731055 487.27505241  49.55255964]
 [705.78283501 120.418485   303.18592811 343.78418769]
 [791.58785749  54.81698623 516.43694569 696.01867594]
 [184.90084811 716.39162689 287.80218763 214.59618067]
 [710.05670121  83.38919749 556.50941343  23.71037571]
 [280.55630557 626.16429758 108.56835437 222.32656352]]","[0.64298623 0.27619722 0.66277183 0.37247604 0.09519795 0.67297204
 0.42405404 0.38539974 0.05828191 0.9709201 ]",539,2025-03-03T23:21:53.998340
40,0.8620305557822145,"[[551.95578985 763.14222168 725.82789828 768.76555748]
 [432.01988967 160.97638428 478.36357116 193.41614673]
 [369.23727615 519.79005393 736.81274333 328.97174254]
 [381.69528351 116.55227602 337.77275071 518.95805669]
 [312.74902502 647.94083004 528.35917949 135.19695081]
 [695.00318751 404.93683904 188.4158013   69.82777801]
 [661.98068109 546.65748747 448.69401636  69.12842128]
 [191.06703302 245.03376736 505.9986103  657.42494533]
 [657.02275579 635.96878831 121.28327706 693.71555236]
 [278.32276345 285.42106485 762.85321777 153.10971474]]","[0.44832057 0.4420301  0.31523225 0.97797643 0.74728834 0.86787079
 0.58224205 0.26622323 0.88502553 0.58028712]",540,2025-03-03T23:21:54.004328
42,0.85040105047475,"[[694.32190779 158.83095271 665.2591337   31.06638329]
 [630.52104395  78.67002591 392.66133252 133.01362206]
 [709.27508259 765.9057155  300.46822602 503.85516921]
 [ 83.87413979 495.24400313 201.04635097 163.61900679]
 [792.57090839 217.90235152 333.18179654 370.56959781]
 [532.08770009 242.28511515 697.00650284 695.44122204]
 [390.79271587 186.59419463 709.40217302 160.18313429]
 [ 52.14015121  52.05213322 128.77362261 579.46021266]
 [384.03597207 383.49940339  13.61220241 645.0255432 ]
 [599.10353372 619.60506118  32.57824323 157.10165192]]","[0.36650173 0.22484285 0.13505341 0.57330316 0.54608957 0.64839106
 0.53276004 0.35257228 0.47499517 0.80081031]",541,2025-03-03T23:21:54.011570
35,0.844840757827959,"[[748.36543789 643.32342687 708.45561577 682.32775147]
 [ 28.9428366   69.1647259  352.09019963 719.3838169 ]
 [ 30.26983048 110.92249107 651.22269706 635.5302147 ]
 [669.66330175 465.05624877 595.86493185 584.62979213]
 [ 13.15037894 740.46221133 569.36240599 708.83403133]
 [642.57302778 545.65245315 111.337602   141.38780613]
 [195.16700847 135.67196193 678.14469455 741.80923903]
 [719.82764882  68.61794893 742.95669319 382.15228597]
 [  3.34582276 633.38501447 558.34616264 762.831318  ]
 [588.13141545 597.87137966 510.32081783 117.70065017]]","[0.41863297 0.17084571 0.55904173 0.8564206  0.83533573 0.67127126
 0.79432503 0.63004853 0.95958711 0.08613937]",542,2025-03-03T23:21:54.017891
34,0.9067799708825689,"[[304.47409314 375.68866867 247.28775531 658.70288596]
 [221.13536299 112.12063224  79.19693908 129.43521159]
 [204.03544042 364.18221659 563.50018856 466.14375264]
 [666.41257883 630.29205593 328.52469406  63.76825075]
 [ 14.06660304 159.89545242 717.5114268    5.92570798]
 [411.63480987 235.00085021  34.86157304 389.07186071]
 [189.33253081 628.83864019 791.77755552 223.50698411]
 [739.42596489 738.62825064 344.68598551 355.00787604]
 [702.43108657 586.83436826 515.21950824 498.20626658]
 [729.51728017 301.4318476  218.91270681 783.53071904]]","[0.78031931 0.83703504 0.68418373 0.20832882 0.078244   0.03722698
 0.58612768 0.36336683 0.0011543  0.2165409 ]",543,2025-03-03T23:21:54.023761
47,0.8352705920766034,"[[ 37.11717449 405.49597217 192.37460746 244.29354016]
 [439.45148495 470.26272261 548.33299506 574.92089368]
 [136.03157572 386.6256456  210.5118614  380.41718604]
 [517.62110934 221.10458831 257.33333317 314.55482764]
 [ 28.28604282 205.26663067 671.18982619 210.52746596]
 [385.79048328  61.74679558 424.74186567 274.12926621]
 [326.37079551 622.39165136 489.47325806 123.89579692]
 [797.50035182 700.48886595 218.300978   718.31389015]
 [777.38826178 278.06133956 715.52114455 261.97371907]
 [397.73032669 691.33057022 260.70718607 256.26761809]]","[0.50321341 0.87427794 0.71841631 0.21966994 0.52024393 0.26032074
 0.48757106 0.53501854 0.87508321 0.33387811]",544,2025-03-03T23:21:54.030525
25,0.8135799122269739,"[[537.97369347 187.0406302  404.46738103 617.00164697]
 [710.81004695 578.06787686 622.31728858 191.90932079]
 [ 11.51778969 363.96580249 144.92791917 340.36531631]
 [576.73993104 287.00241679 152.09953043 464.89444486]
 [403.53870095 736.97992986 530.59014326 421.53116654]
 [ 88.92032538 668.60652886 737.32849917 641.55716812]
 [681.27267354 569.42538492 286.37095672 496.3784763 ]
 [399.86391271 592.03692466  13.02107284 342.1986292 ]
 [ 25.24623416 417.51781347 331.6783369  305.37191312]
 [240.39266525 776.15952534  97.81213848 681.46609085]]","[0.1383148  0.51911816 0.4470116  0.91578447 0.37069964 0.71669692
 0.98799229 0.6565566  0.86349067 0.78726874]",545,2025-03-03T23:21:54.036267
24,0.8317085837533286,"[[762.45819568 329.65343996 399.24273024 262.89654559]
 [382.57455996 375.66105588 712.5575774   90.95430427]
 [132.4005543  120.86100157 559.36451478 317.2970674 ]
 [166.30201837 103.01276579  97.63630686  88.28620837]
 [144.03463355 478.02937847 258.53178986  21.30240586]
 [653.84093701 776.38593635 658.30235144 581.21488391]
 [273.7556263  645.44172352  71.55193395 619.61451135]
 [749.53761569  29.61789257  80.00923547 766.54205637]
 [683.56342459 164.09098712 405.62225424 177.78053038]
 [ 34.77028946 195.17277286 207.97454126 664.19256846]]","[0.34092867 0.16510544 0.68137834 0.57828419 0.73637229 0.93282089
 0.30315395 0.11319299 0.45402452 0.20048355]",546,2025-03-03T23:21:54.042552
44,0.8066143049188554,"[[179.82482742 255.24576008 634.48805159 647.6048493 ]
 [555.70687139 467.4018094  699.68640333 674.20076982]
 [593.27268243 264.91165378 105.83717178 250.81406762]
 [ 65.07860406 554.81723175 546.35616351 480.95036127]
 [459.60852391 509.31441203 197.06396227 553.18079285]
 [296.35306819 330.024961    73.3399351  442.08770991]
 [736.23238719 745.00452016 202.32985952 310.91733518]
 [752.52164195 250.42798908 549.70621267 326.25875955]
 [425.74847009 457.33499627  68.77412157  83.19356229]
 [ 69.9680874  553.30532673 693.02063184 634.10244601]]","[0.81352286 0.46084001 0.27876158 0.83691327 0.08283308 0.88508485
 0.79911778 0.97052505 0.15958204 0.68984241]",547,2025-03-03T23:21:54.050132
50,0.8938349909629039,"[[579.97062362 641.45658406 114.76521789 725.42186413]
 [ 71.78210326 130.67329287 168.55073099 184.68879798]
 [674.91989285 624.74250894 504.82344685 236.76400116]
 [278.59416843 703.22517339 365.66838557   5.37035206]
 [318.80778282 523.55503673 569.30701085   4.94634101]
 [136.82904122 295.28240749  45.02563263 693.28027491]
 [281.92076523 761.18022308 265.955488   306.81201672]
 [ 98.15589727 723.74009429 349.0322637  282.41573755]
 [412.54274951 554.32520739 601.65871662 688.73755958]
 [520.63336357 203.77389253 242.93652246 510.60882739]]","[0.10973504 0.491837   0.87787461 0.68301605 0.32861055 0.48504265
 0.86338471 0.22666911 0.60756552 0.06420142]",548,2025-03-03T23:21:54.056488
36,0.9497187194065028,"[[360.82068556 689.29118014  65.75642253  29.77001034]
 [ 66.26672814 311.43898847 773.74333757 183.34177185]
 [294.18380142 656.3133427  275.36850747 575.97352881]
 [270.3670926  413.9027831  538.68965808 175.61263576]
 [105.52667943 608.18879431 675.69534979 797.96096651]
 [209.21115463 325.85274019 597.41377988 270.99642953]
 [472.1938475  623.01331847 207.86554536 542.71058057]
 [629.05021022 538.65989505 542.5351426  109.08007848]
 [256.10795003 184.60390767 686.29861571  79.99426843]
 [670.54897224 176.63530919 394.39347622 310.04030986]]","[0.62078652 0.06924823 0.8766628  0.09544303 0.91885933 0.2681521
 0.00456397 0.5707979  0.37439763 0.82124286]",549,2025-03-03T23:21:54.063937
37,0.894088547029801,"[[652.97929331 132.80560424 649.62274072 221.1398411 ]
 [379.42808044 232.07022131 168.55919636  24.1494378 ]
 [506.63174458 510.24236126 753.47602416 409.85818876]
 [439.41189322 128.27413161 444.70781376 452.90103743]
 [ 33.95426972 684.46065304 378.54375127  79.73421713]
 [311.88272895 298.39185923 151.98942241  81.97165438]
 [231.58665288 647.39590223 304.77482216 581.95507915]
 [100.63217367 201.58259173 537.8913525  169.69671991]
 [263.21784503 731.64281075 599.81391925 424.62746773]
 [706.46246952 724.56601595 441.07406419 386.24957194]]","[0.06225063 0.44075398 0.97826772 0.12764488 0.19835926 0.12751511
 0.78434594 0.26918015 0.27163461 0.57669687]",550,2025-03-03T23:21:54.070320
38,0.9383291758898756,"[[286.30159084 612.25185948 742.00434767 494.34886954]
 [711.20351426 394.30209141 633.77994044 666.10151299]
 [134.30766284 710.95151138 752.20098384 346.33274349]
 [716.75568453 184.13579448 698.25082021 543.1625724 ]
 [ 10.96298318  89.72520443 341.75944659  14.2186307 ]
 [197.5037975  407.27885853 630.65947383 466.6870544 ]
 [329.15518255 233.04303198  56.3521542  627.02996853]
 [488.14004349  34.23356707   0.92031156  17.00197892]
 [749.66035018 547.61767536 444.32755139 275.10915423]
 [ 95.58246957 702.55013346 467.65892252 532.97635916]]","[0.63458868 0.72845999 0.59575102 0.17475443 0.85720055 0.80984726
 0.80532414 0.22969622 0.43541049 0.04341839]",551,2025-03-03T23:21:54.076833
16,0.9041937734553057,"[[278.0134918  462.79233366 386.13366161 181.82834951]
 [177.7454882  369.37918752 733.58378797 226.14202539]
 [631.25585103 720.00758834 402.61721997 186.4027116 ]
 [302.79065662 683.98478048 383.83809181 588.56654796]
 [264.33587309 498.29922624  10.16776078 439.3607099 ]
 [651.20562979 519.47767292 526.9486168  358.43655553]
 [292.75025214 448.14828238 534.57410166 761.49765484]
 [457.82237738 702.57352133 138.62437916 166.94043631]
 [349.3353033  494.31145031  19.12518672   4.44778101]
 [489.19737477 345.50283851  31.20955863 159.917522  ]]","[0.63243341 0.92530728 0.07336388 0.74305944 0.10590422 0.99080908
 0.89249103 0.59725519 0.28917706 0.00471315]",552,2025-03-03T23:21:54.083524
19,0.9444814527890967,"[[ 75.59778925 287.2001869  521.75244263 390.46976467]
 [ 61.77448123  88.72012979 488.75721099 581.43233043]
 [383.91966249 216.05813566 370.79603545 219.01511629]
 [ 54.40256272 281.52016626 282.67247536 529.68060898]
 [270.932792   214.38606489 114.42114411  43.3978052 ]
 [491.24044889 643.28222632 643.00583802 503.87487334]
 [272.28020827 727.45627983 657.86441848 767.39578612]
 [244.83292042 430.99815325 213.28506013 478.72764237]
 [638.8312603  515.35795697 174.79139693 500.61063393]
 [499.95021514 168.38742226 246.76014794 124.91691049]]","[0.48298138 0.27160038 0.57753899 0.53104754 0.333432   0.23334044
 0.73236651 0.94795376 0.71066853 0.19924172]",553,2025-03-03T23:21:54.089482
17,0.8810226855799989,"[[418.94516643 379.02092795 739.14804549 122.26037914]
 [102.90827828 490.04329496 306.94795298 286.56137581]
 [ 94.48876195 220.062091   407.61072909 311.43022204]
 [598.44925068 411.19184309 367.76097988 511.60255697]
 [ 48.04897654 334.02734882 266.4295399  415.24965332]
 [699.31379744 321.40129238 408.73847697 483.22110995]
 [232.07918193 491.08015709 110.52557363 295.35277007]
 [369.69014826  67.20175049 736.06938671 614.40982536]
 [505.63827515 753.90549701 146.24513616 276.22437217]
 [571.26270647 592.38430722 788.76000408  49.11718431]]","[0.44895992 0.94942459 0.77095043 0.50167161 0.24790734 0.04180032
 0.91739122 0.79805841 0.02234273 0.59558372]",554,2025-03-03T23:21:54.097169
38,0.932409492762415,"[[639.55074754 193.11630625 261.22544543 139.20870582]
 [262.70166548 655.45535564 713.85408416 266.08949896]
 [323.38950918 302.02618747 297.65569955 675.03981957]
 [371.79712822  23.21736761 458.375046   641.91729886]
 [557.16461714 118.95875873 613.86397909 361.71667825]
 [367.57383664  96.155723    34.74560024 482.34270762]
 [611.60697378  83.94767922  32.79898349 623.60458665]
 [433.38459392 347.89726578 727.38178351 395.47230173]
 [400.79532468 309.54699156  63.69856624 501.98949047]
 [130.78222565 283.47847177 530.8357436  505.71173767]]","[0.90106934 0.99566066 0.11823424 0.24352416 0.29678146 0.69791683
 0.68977785 0.62588817 0.07464981 0.10594848]",555,2025-03-03T23:21:54.103245
37,0.9127943341721227,"[[639.62590066 598.55194856 495.89662482  92.74186003]
 [649.13144391 381.33262201 521.03891846 227.46397685]
 [694.64307245 699.81289806 490.71725469 592.24243335]
 [228.33049405  60.59929108 559.21773907 672.57639293]
 [600.84749103 608.90006575  68.79616539 739.94067305]
 [622.72854332 713.40140983  89.88428443 732.5232147 ]
 [468.73035431 524.10877144 588.59748528 548.81374621]
 [ 60.07966791 409.72572009  50.84660076 372.70577498]
 [579.90604221  14.57033002 322.22164556 209.78899183]
 [ 71.20700326  27.44919248 645.98627623 329.16090232]]","[0.33086769 0.21406884 0.72112777 0.4309328  0.41968321 0.62201991
 0.57636436 0.47628255 0.36284193 0.00304632]",556,2025-03-03T23:21:54.110210
26,0.8163374157567576,"[[662.24473143 133.12119491  70.45893908 614.08520469]
 [117.4935714   67.79223186 437.2944658  219.42804181]
 [771.5857367  589.26668757  89.98330707 152.24234814]
 [373.16652263 138.39121725 725.85902773 720.25883324]
 [590.8183824  443.21954697 451.90943016 250.77994358]
 [135.49406684 591.97879274 188.39167386 255.57612584]
 [101.31018338 256.14316866 205.77830754  93.3961064 ]
 [ 53.55723376 313.52273505 467.03076605 111.10717814]
 [598.64617877 464.55905272 107.45765136  11.15468411]
 [225.30100863  95.07121442 595.50265025 707.16456995]]","[0.74174271 0.52041422 0.82130051 0.31155404 0.06492005 0.92609756
 0.57983522 0.59503736 0.99143142 0.46227647]",557,2025-03-03T23:21:54.118187
22,0.9008514907925738,"[[ 33.20991832 606.13953326 372.03236258 535.01195239]
 [565.25462037 329.12875743  82.10038842 284.38500328]
 [793.13705027 105.41078192 166.29113599 502.13304724]
 [165.83381619 641.96275137 134.68550715 757.37199285]
 [538.12432016 534.02849109 550.2562177  402.41463382]
 [643.24276517 160.46663807 505.5952764  735.68370972]
 [716.75530692 325.16813454 630.76072041 171.70077704]
 [335.51805288 314.15108135   8.4369125  115.90228851]
 [715.43453965 576.87074239 154.52536259 615.89913727]
 [182.45695703 520.76898168 585.78359496 286.2763903 ]]","[0.09228004 0.38595977 0.72130544 0.04838242 0.37337102 0.33406762
 0.07567207 0.47515711 0.05038599 0.36753967]",558,2025-03-03T23:21:54.125366
10,0.9046835022231923,"[[653.4000121  391.3633629  264.83972805 292.99453669]
 [401.73845869  55.89288138 140.3649686  358.46083831]
 [115.68562141 240.53458936 317.6601277  421.46417263]
 [286.41529209 436.70473566 534.16201782 550.40613976]
 [430.39641002 715.57755324 377.4234354  198.97055559]
 [223.08947973 146.14755399 261.68279708  69.45498561]
 [215.86743011 168.9797508  795.21618264 330.28196196]
 [567.84405014 544.6713595  362.87644192 677.98879448]
 [  8.53572823 574.0315751  177.33747627  78.97166549]
 [104.21812117 493.02818561 323.00083524 259.63255456]]","[0.90871234 0.42929404 0.42127752 0.49167018 0.08009661 0.17125127
 0.07909761 0.66739439 0.91626015 0.56504886]",559,2025-03-03T23:21:54.132178
33,0.8036269767237202,"[[164.00419919  15.66279058 642.91700223 109.69290299]
 [763.18048572 510.89256096 490.62084924 121.36076682]
 [370.62081588 235.46955128  21.35234646 636.25626855]
 [174.27225753  87.71012615 375.06283428 152.84443567]
 [456.5228919  773.9021971  354.82559853  88.85791453]
 [546.25124084 382.13524534 359.27711276  33.48668846]
 [ 27.08756411 521.48705313 316.64559976 527.04970667]
 [722.0675373  184.707663   181.59603348 178.78637626]
 [403.35204412 266.10958689 326.31784758 210.75775613]
 [434.50789286 418.84622134 705.34546849 517.01797607]]","[0.6813144  0.72507342 0.00428129 0.78531984 0.50709472 0.48716106
 0.81433545 0.09520659 0.17646959 0.07649327]",560,2025-03-03T23:21:54.138186
49,0.9481327549316112,"[[314.14983325 725.04374414 208.39483    226.22611229]
 [249.5750985  286.40749906  12.1198826  691.72393099]
 [403.29272593  27.39899131 538.09439809  39.17389697]
 [514.71917209 426.42258873 192.93696977 607.3751151 ]
 [620.5562594  522.60679772 706.63124047  73.48954981]
 [154.29329786 154.84960749 729.65826006 459.27806888]
 [383.35615462 793.11130136 124.78177175 168.04852328]
 [688.29207906 419.76630666 648.13277883 732.42828925]
 [ 28.15914364 594.16419743 168.36500824  20.84549688]
 [325.31983581  75.23722772 216.04912477 184.16944599]]","[0.48744169 0.14106155 0.51819229 0.80047062 0.5170316  0.07493315
 0.60615218 0.40054682 0.37158972 0.81969412]",561,2025-03-03T23:21:54.144993
31,0.8930105988992726,"[[441.59617117  16.0975387  140.85625244 194.50515549]
 [186.67223618 242.77502166 324.69122476  79.41561232]
 [ 88.26861613 664.91209245 260.03273406 517.9523588 ]
 [431.23582659 476.11032918 798.45609381 355.154718  ]
 [589.03317867 767.64577106 723.02139209 714.9509204 ]
 [426.31920221 428.59017581 654.69145751 199.36771508]
 [302.94345762 647.80190231 498.86854461 567.18806487]
 [380.09648118 193.11072526 218.04625725 145.43522046]
 [377.92570597 441.78660068 439.52059279   8.02711885]
 [368.85498897 563.2373941  288.53015369 211.15648142]]","[0.95291593 0.09369859 0.44720322 0.17448195 0.63403752 0.94832646
 0.53398202 0.24649633 0.42601061 0.09724419]",562,2025-03-03T23:21:54.152062
10,0.8293330377432766,"[[ 71.60845526 121.90363425 260.47258407   8.88446804]
 [517.28453338 421.98342791 632.49434713 589.37252427]
 [666.33335985 537.40706425 234.52064732 464.66298799]
 [287.80154737 725.41328611 662.49051372  80.99873272]
 [705.4374065  499.14516629 677.88770804 640.68447316]
 [266.67361769 716.98864731  74.77886556 238.71228268]
 [230.63462488 758.38319223 638.15524125 651.6318254 ]
 [400.62102244 198.90054566 428.57846333 799.33161224]
 [156.58147192 585.1352743  499.20792385 373.69839654]
 [621.38633505  96.45105848 306.78429025 423.01133315]]","[0.19645922 0.20703287 0.89086112 0.77180054 0.53971656 0.22722995
 0.03132956 0.46873377 0.1173173  0.38028107]",563,2025-03-03T23:21:54.158729
17,0.8837924005742126,"[[139.99064405 591.06380223 714.74847184 125.59190952]
 [172.69042151 601.34418603 583.02318161 746.28214632]
 [551.69220029 229.82168544 215.28595044 740.61763746]
 [650.52750355 215.27178544 409.9308703  129.83018652]
 [676.08948844 767.16697682 329.47890353  84.71254733]
 [ 41.98631559 118.69193519 297.85918509 144.62642826]
 [515.34988195 169.4326109  115.16614725 776.411816  ]
 [522.93468976 520.27067901 336.91287289 788.07962684]
 [569.95864066 659.04133437 166.84712335 506.43373071]
 [616.17466874  44.09114374 765.54082366 364.13226794]]","[0.49008639 0.51350309 0.33908989 0.23793566 0.33581303 0.70102067
 0.91871419 0.60764156 0.39527282 0.98478827]",564,2025-03-03T23:21:54.165220
16,0.8682581593628824,"[[363.17591995 134.8468416  179.32737371 261.39967821]
 [  4.76270607 459.31592353 331.4815053  334.73736955]
 [790.51568381 332.50929606 546.15738711 123.01646813]
 [382.00748268 380.46306876 598.50197326  89.5597578 ]
 [179.22839852 448.06440861 237.24573245 464.22276937]
 [ 56.56366302 354.98815299 104.75688355 627.76114228]
 [294.08248472 650.47004265 422.02425153 528.37725009]
 [300.67577631 252.45502092 222.68075889 103.11997921]
 [ 90.65994273 580.1832207  101.98997931 410.67025475]
 [774.49011627 578.84266444 590.43295897 354.58503224]]","[0.96792526 0.15606661 0.30531015 0.1056674  0.21022643 0.76900476
 0.35715565 0.87828543 0.43925499 0.96157542]",565,2025-03-03T23:21:54.172981
36,0.8641718864429015,"[[237.74952743 345.8496053  409.2311152  369.27020938]
 [253.13221117 484.86501122 414.23353756 609.06877619]
 [ 79.51254276 693.7850764  182.75895766 215.81769783]
 [108.92793004 339.10306919 275.60882513 206.42445463]
 [708.94998987 349.64989924 577.25162909 192.96945706]
 [582.69216715 648.03987162 273.76986522 682.17114907]
 [179.37273455 194.02172667 649.98302043  42.49735845]
 [400.96828958 232.1704015  263.68759296 101.25862157]
 [313.76876986 634.98613706 561.44207641 653.79521665]
 [720.04628538 737.85067734 609.13879046 104.34535417]]","[0.94604928 0.52419257 0.13302419 0.41871371 0.42932045 0.09163918
 0.29421427 0.02124944 0.57849239 0.42143531]",566,2025-03-03T23:21:54.179680
22,0.8183323260454417,"[[ 58.82440771 328.82866602 177.08806169 755.08618324]
 [404.37322406 143.70112071 670.43396484 290.70216835]
 [680.87144508  68.02757242 135.73128545  51.59223114]
 [ 86.40712994 321.42340081 248.37425    532.29415477]
 [732.08553521 536.211666    95.4618394  359.16700641]
 [740.73537772 325.96019421 743.16515625 600.83485347]
 [179.44632766 316.32279969  20.01494794 162.96107929]
 [216.42402425 470.10458572 127.92758579 761.99829501]
 [103.45941253 430.50281609 400.88360511 259.46069138]
 [618.09480779 693.02462805 714.03312874 429.09191003]]","[0.86115817 0.6351261  0.65294594 0.44045927 0.86952407 0.81215731
 0.76792468 0.71323992 0.13195389 0.32913617]",567,2025-03-03T23:21:54.186285
30,0.8809089827708152,"[[604.68238322 716.78877756  48.9879339  238.35224322]
 [143.53772319 490.34538492  76.81475683 661.98079568]
 [404.35488439 238.14832469 191.01386023 156.12432725]
 [ 29.67768266 795.22642273 541.46733403 463.37910507]
 [313.47385987 449.59376552 205.76964623 207.32211368]
 [599.57849415 692.99947311 200.26758651 155.34250964]
 [552.88491904 778.63307253 284.37570182 152.17848496]
 [559.40703121 328.51162469 178.48653649 303.56586763]
 [116.85195472 544.02438784  51.60181698 259.4684459 ]
 [375.56627799 491.09249198 642.08299527 118.91869364]]","[0.12710698 0.06417153 0.77541545 0.58658853 0.51031848 0.86035187
 0.18029982 0.98689637 0.4419986  0.96989879]",568,2025-03-03T23:21:54.192563
45,0.8934531043686708,"[[295.67472194 222.71395118  11.15220692 794.67490146]
 [ 77.08134241 299.20053569 147.72411806 544.8225509 ]
 [352.59276436 576.15502875 169.28322526 557.9731089 ]
 [791.51292743 355.8966746  569.44007935 208.30525196]
 [397.42554354 123.2791591   48.99510912 748.77449995]
 [686.71062855 131.02218332 662.42862873 409.55887629]
 [ 40.22360526 274.16063478 191.23986947  57.59409635]
 [618.96571169 126.62274784 134.19079566 295.8736184 ]
 [453.27454799 527.56687042 448.48888947  67.38605665]
 [779.52040586 127.54019452 551.25235042 430.21963169]]","[0.61177609 0.80669892 0.78719159 0.57809762 0.97257622 0.39424471
 0.81005236 0.62761492 0.88805529 0.66013013]",569,2025-03-03T23:21:54.200947
38,0.8652929147100472,"[[387.52185501  71.93212997 522.5666158   41.40441682]
 [ 69.86585328 312.6047017  265.28609955 481.36959385]
 [ 22.8541479  247.27990297 760.81865472 449.74064878]
 [343.48877088 620.73818993 776.06743459  78.47648253]
 [741.46346883 556.25698091 542.48274399 290.70772512]
 [742.34553336 761.78736877  86.23955295 364.37262007]
 [649.69409518 595.96565338  67.88292587 633.29960819]
 [503.54707098 660.13333337 785.43817074 345.48818558]
 [114.63444726 172.21108374 696.92472975 741.52241658]
 [371.07936692 219.82744541 157.3502814  642.08473211]]","[0.55117087 0.57269049 0.35965936 0.16309119 0.9537228  0.61691488
 0.00117995 0.82694405 0.6434443  0.76940912]",570,2025-03-03T23:21:54.208993
38,0.8408000912582847,"[[785.45974691 730.40068739 386.43937227  21.13564842]
 [ 70.96951056 549.01806975 371.93225825  95.07962151]
 [631.1693709  323.69721323 784.95237172 683.70506254]
 [407.68167453 308.69662879  81.3612806  761.56846664]
 [532.40547971 632.48709309  97.72959096 437.7701938 ]
 [118.63898204 646.25884253 457.29461049 719.59115321]
 [183.89702059 466.39336068 422.96563899  76.33211507]
 [640.94712566  21.96296195 784.05958008 411.98047013]
 [220.84391303 279.46998378  85.5899485  658.14102781]
 [524.33851909 466.47062116 258.80361521 380.62706058]]","[0.98728499 0.92636677 0.69033268 0.72908779 0.01982146 0.29312505
 0.29331616 0.37471484 0.68251687 0.47920886]",571,2025-03-03T23:21:54.216668
21,0.8070542577618908,"[[664.82287442 566.83559175 216.07527011 368.27015833]
 [755.14905602 566.94118541 657.75833904 555.48033534]
 [505.38313043 470.71432545  71.82970721 635.95434801]
 [118.87571237 614.28551777 711.50573835 205.86243648]
 [236.71313627 211.34924974 120.42405256  12.28325717]
 [565.88589291 502.55723164 259.69842945 312.18656335]
 [332.21237307 725.64343761 513.6404711  773.10771838]
 [526.14849703 401.87393053 248.28784341 289.0016155 ]
 [291.01703979 366.93073774  49.68048463 156.97492927]
 [337.38158868 482.43894705 301.24364318 154.35747781]]","[0.39101077 0.25492723 0.07244788 0.04937182 0.58875411 0.95757907
 0.57796778 0.90296145 0.43679022 0.68115111]",572,2025-03-03T23:21:54.226205
28,0.9114100305121029,"[[350.85294081 588.06395302 107.53731532 357.16030351]
 [320.03168382 666.10299374 734.29459    152.63610241]
 [660.31673507 659.8853878  582.74594979 275.39451664]
 [373.30577869 795.5099814  552.78728759 295.95272917]
 [559.5062475  473.47181406 520.30115743 297.13245209]
 [724.70903376  63.12065266 678.67201853 254.32611514]
 [ 11.73030972 457.99940123 371.69436331 317.3553172 ]
 [132.28503552 721.38377059  25.13708513 192.21749704]
 [354.32359447 538.89487835 625.67207025 600.15133679]
 [720.43072412 378.92048118 652.45278947 561.93576684]]","[0.87408123 0.41643443 0.04959591 0.11754189 0.65207952 0.63430336
 0.32523983 0.11285035 0.21361095 0.331056  ]",573,2025-03-03T23:21:54.233090
14,0.8155026821608345,"[[604.67444664 519.22128046 231.73446629 309.90741187]
 [546.23518398 249.33382539 137.31723974 352.58708908]
 [616.63469402 788.42214847 409.10464539  59.29227142]
 [ 97.59594455 474.96862568 590.70258482 626.90492612]
 [ 53.86175363 249.60581384 550.61871005 668.9650328 ]
 [436.54446587 549.45603683 215.00509925 440.84084781]
 [575.78083216  42.17363064 182.83801552 205.14262094]
 [356.81437388 108.62712086 543.27754801 188.41295074]
 [723.86878539 110.96224634 616.95415326  88.81052068]
 [524.12707514  29.18440429 588.91094964  92.78811424]]","[0.59934103 0.87473753 0.64740901 0.89154    0.99886848 0.12511918
 0.69892753 0.36509493 0.6786483  0.54726036]",574,2025-03-03T23:21:54.239087
34,0.8866812640876233,"[[700.0069503  123.62521247 680.64775971 578.60239969]
 [251.98491637 500.64896693 310.47565923 585.53383708]
 [638.04245074 260.77815114 569.56733377 165.21151037]
 [ 58.94783847 676.89689997 605.85721235 649.47125136]
 [611.13743715 312.10228483 361.89063852 334.65780683]
 [589.03685121 693.15134363 782.14143872 613.44518128]
 [355.62980166 180.23174741 654.92558719 548.89812776]
 [109.84461282 786.48219692 741.89197867 183.34671265]
 [297.51246155 781.14835087 269.80231983 399.13901592]
 [780.41079085 174.13567279 137.66145067 483.44185419]]","[0.8273763  0.63717341 0.57843079 0.49650838 0.61222741 0.04011002
 0.58808    0.05345683 0.87896332 0.92698902]",575,2025-03-03T23:21:54.246103
14,0.8365244580280472,"[[451.70741343 652.92803996  36.27225177 608.02763222]
 [748.37365454   3.42788055 591.5019468  717.09202267]
 [781.87197873 106.37738747 261.70854716 370.01886349]
 [774.44115985 576.70652675 612.45552854 246.08021746]
 [317.18233952 127.64486484 687.76480294 797.79327393]
 [ 41.29599811 659.27473548 214.1589681  517.53830777]
 [155.52944873  73.76197969  93.32565434 255.5798548 ]
 [648.38808334 347.36815315 179.2141498  222.64469256]
 [377.97645062 328.61296999 422.65502429 293.04522989]
 [580.82223305 398.96512331 199.17600144  98.81617433]]","[0.74309697 0.93675848 0.08270483 0.69791804 0.72815347 0.45668956
 0.82644975 0.70333964 0.44593729 0.85884537]",576,2025-03-03T23:21:54.253102
29,0.8846496521602323,"[[5.82081233e+02 4.35111766e+02 1.46636268e+02 4.54734078e+02]
 [7.94282779e+02 5.16340467e+02 2.88685012e+02 7.06940560e+02]
 [4.38347182e+02 4.73384725e+02 6.08598873e+02 5.34752124e+02]
 [2.32346236e+02 5.41481000e+00 6.59232536e+02 4.85771647e+02]
 [2.67796955e+02 6.73752853e+02 2.03337640e+02 1.72921881e+02]
 [5.64691647e+02 6.23595390e+02 2.98987214e+02 2.60709973e+02]
 [3.94183015e+02 5.52210346e+02 5.15672230e-01 3.52445420e+02]
 [1.94712074e+02 4.59617651e+02 2.80638291e+02 8.05221811e+01]
 [5.95338705e+02 1.61551864e+02 4.13304645e+02 4.16009156e+02]
 [1.12495001e+02 3.89107043e+02 1.51455077e+02 3.53936533e+02]]","[0.94152667 0.81507584 0.95804345 0.82867325 0.61681722 0.25352948
 0.12088449 0.47353094 0.57807697 0.62421124]",577,2025-03-03T23:21:54.259386
43,0.8431817113164999,"[[374.80896738 275.51529777 320.11651667  46.12975869]
 [266.33721926 484.21362701 428.7440448  379.11260648]
 [525.96461412 289.62319207 577.80730824 385.98580027]
 [458.88755743 513.60293272 569.66114325  68.02234761]
 [466.2451777  276.09150135 305.26404356 683.1727536 ]
 [620.93014816 162.46470506 296.57847958 485.93149238]
 [780.35696323 257.88254114 424.97321918 153.32882676]
 [728.50737206   8.54139403 126.54989955 114.77107345]
 [625.44780996 108.06862554 331.78753491 499.94982229]
 [562.50940304 400.41188108 393.07531753 188.04937388]]","[0.55900128 0.1455337  0.6399245  0.0294924  0.89073596 0.70928869
 0.23451179 0.12322417 0.94948863 0.84844177]",578,2025-03-03T23:21:54.265834
18,0.8530845527827132,"[[426.07033248 680.34559356 517.37053328 436.76708182]
 [533.59952982 792.74860485 302.08965635 202.28489763]
 [155.44629241 299.01407464 712.75157017 751.67582542]
 [285.87922897 398.38998414 240.22650724 651.17052809]
 [689.2049545  487.80058131 292.20723565 381.28155149]
 [ 51.00682241 766.04709868 418.2298712  195.65419459]
 [476.35925685 664.73636721 690.3618554  487.83337776]
 [696.62340449 682.97796793 514.02284275 183.88267679]
 [203.06997868 423.50785159 771.51784182 401.07011643]
 [607.59302152 799.95496973 466.08558323 256.70540311]]","[0.43234361 0.07518262 0.69860555 0.64507579 0.30075216 0.30920854
 0.03459456 0.12869026 0.31273023 0.51400607]",579,2025-03-03T23:21:54.271588
23,0.9214522579664834,"[[ 46.54513494 135.11887261 684.46150724 753.12747605]
 [346.75542457 709.21040416 654.89728876 571.00350562]
 [429.85407546   2.09328163  46.00684554 416.42341941]
 [338.66482292 773.05257201 362.19491886 257.50306634]
 [352.71618495 602.11959975 527.128947   258.13108564]
 [537.96625806 353.83888648  46.58128015 744.76102204]
 [463.03941033 293.98301602 713.92335202 288.71189666]
 [496.80914431  47.88658829  54.28316307 300.57414692]
 [116.7239741  479.93057259 621.90031686  29.28569291]
 [173.64504089 155.9251676  535.88366515 573.884476  ]]","[0.85168292 0.63323938 0.45911794 0.42944525 0.76138541 0.38683524
 0.47597791 0.57612385 0.03849864 0.71404818]",580,2025-03-03T23:21:54.276908
31,0.9111939384469679,"[[  2.43857246  78.575042   417.69759753 578.31040518]
 [265.14290856 604.19756172 215.66084291 714.9293149 ]
 [439.13708833 494.93306614 184.92950325 565.61809155]
 [796.799104   267.05100689 202.31643932  86.96066053]
 [262.13333997  68.7583099  250.20471253 473.34661001]
 [747.7857023  268.49680269 512.77762387 200.76807385]
 [182.70945596 449.5898877   38.28131643 167.09100918]
 [177.16097326  44.0161821   29.42243889 308.72544292]
 [476.01798813 152.80010269 125.73494292 232.27489309]
 [440.44151966 395.8432426  116.41547102 248.95139025]]","[0.31514833 0.3329829  0.04073552 0.49368575 0.62343623 0.20295972
 0.26791941 0.22427695 0.40909327 0.56468937]",581,2025-03-03T23:21:54.283685
20,0.8167423361938119,"[[349.45471447  89.92333396  64.63423977 283.21370619]
 [ 22.81731478 412.7099945  673.0737367  152.94995466]
 [382.98836291 472.792498   294.46158587  73.25701505]
 [514.30759248 598.91572444 462.7343571  488.72079696]
 [667.25595401 250.76484804  61.19859727 736.66597051]
 [412.31577465 455.1760781  160.93280752  87.24257838]
 [345.64408027 468.15457159 119.39807371 251.91087854]
 [679.98259085 239.05217306 467.04013113 319.04108443]
 [381.58452625 463.23090842 787.38086426 459.39267987]
 [298.102963   564.94066751 286.10030514 222.05603593]]","[0.95919633 0.40233339 0.9555967  0.74987733 0.19138483 0.10377677
 0.01105868 0.05294823 0.89217865 0.82413862]",582,2025-03-03T23:21:54.289656
39,0.8534630220069496,"[[353.5288388  649.28133802 389.25959663 281.47824295]
 [675.67270709 412.41693667 384.3550695  634.31842503]
 [741.73101963 645.63936107 278.9360577  259.45452079]
 [648.78871685 393.29665458 553.65419329 700.67376002]
 [667.57972084 761.98982134 348.70465792 545.89252047]
 [166.47561697 678.20729558 125.9388798  511.0687213 ]
 [ 81.61698958 402.44027212 644.45382512 699.19807015]
 [615.10372    791.16216567 738.76450729 230.93578149]
 [192.78098489 371.04409072 208.12070925  72.07616367]
 [ 33.96803664 541.04013008  90.75043623 376.26680349]]","[0.56306042 0.22840535 0.14830971 0.66105037 0.39129803 0.35666571
 0.2583416  0.1501441  0.91743077 0.32160662]",583,2025-03-03T23:21:54.297075
15,0.8797839533087717,"[[749.93698367 640.64031808 503.74623338  21.58522637]
 [524.34195165 501.03207358 794.2202403  106.90616057]
 [175.31876098 113.81361566 722.28090239 512.92084951]
 [138.92741441 193.83366482  97.27753551  17.14979444]
 [449.27039479 663.61576187 658.89739414  59.96811118]
 [547.48803694 503.06892146 516.88146268 314.94001244]
 [343.3019037  468.89745967 157.58577935  62.96752794]
 [ 65.91567968 708.49491353 621.46945437 206.11044719]
 [542.24436864 141.83411184 129.77807014 321.98792449]
 [388.50317914 370.2611689  726.76074586 531.52689865]]","[0.26921457 0.46927058 0.55611224 0.6194457  0.10952879 0.73410763
 0.58955739 0.51284505 0.6073675  0.92220084]",584,2025-03-03T23:21:54.305593
23,0.8888944135634977,"[[563.23524063 559.65423866 326.76291717 699.77651289]
 [401.93740413  85.08512793 464.72541789  74.57694533]
 [363.51639413 594.49325147 404.07648174 130.89731174]
 [255.69748146 788.90371869 560.63774309  87.42521636]
 [ 77.25670777 756.90975364 525.2515759  370.43641641]
 [119.727335   109.98874728 783.21171982  74.03368179]
 [501.74945723 459.99001966 114.76550896 166.77140346]
 [790.77738052 650.33922454 451.98453713 623.36038482]
 [665.43567008   6.95001414 764.61505498   1.69962282]
 [502.90746886 272.40493881 405.05236607 136.41992748]]","[0.18994059 0.10831608 0.72389162 0.82119054 0.56458487 0.06481409
 0.47875845 0.91424166 0.95873124 0.14909076]",585,2025-03-03T23:21:54.312614
16,0.8934941533068554,"[[576.41593047  10.42383852 316.63174485 293.04913211]
 [554.01847659  27.44255778 156.59795606  88.3087698 ]
 [745.59814171 341.94511324 722.58607861  91.00709448]
 [753.7827761  658.38104088 205.09914752 666.13979309]
 [262.70161133 793.13070659 738.08963542 222.09255934]
 [469.85996473 664.01164083 743.78384027 548.93547593]
 [342.79543874 199.48684651 383.35174343 266.0025918 ]
 [798.59174477 175.52527857 176.01893656 349.8060829 ]
 [587.40891123 330.70907403 142.38234765 771.31443019]
 [634.29225133 333.35020309 276.71071911 466.32111696]]","[0.93130975 0.38187229 0.01943603 0.19297587 0.88634288 0.57801545
 0.5960483  0.30949669 0.41291509 0.44049936]",586,2025-03-03T23:21:54.318621
23,0.9459814367251708,"[[642.18784647 207.38156258 399.3772389    4.02581175]
 [232.70453386 618.58157658 337.23615129 426.19662309]
 [798.15661813 739.23096091 712.42990371 577.0392549 ]
 [736.31453077 472.24644889 274.34346899  59.06857578]
 [173.02191927 767.0757344  309.78858533 224.55704057]
 [366.14357099 178.35320066 201.65542872 262.29867066]
 [595.6234822  597.63163888 381.61717675 471.10710356]
 [479.16814927 679.42577162 554.54668923 303.20670518]
 [213.2473128   86.79432918 230.63277503 179.90280077]
 [175.99766988 351.38303788 308.6296603  341.78013594]]","[0.76405281 0.45947139 0.09713769 0.08472259 0.79936288 0.02479513
 0.87268545 0.00578552 0.33301046 0.20506047]",587,2025-03-03T23:21:54.325009
17,0.900274462717558,"[[145.37305634 385.64523692 593.11335071 575.41864775]
 [569.38365912 704.16949551 773.46399825 410.4707761 ]
 [302.07610733 521.33067753 457.0567608  416.96490892]
 [761.56236821 738.92451045 376.94415257  54.2756036 ]
 [107.21216355 508.701513   143.67575832 578.95097154]
 [778.45213222 688.79493788 365.25754274 738.57335672]
 [351.21410729 470.08530798 547.02861376 378.69997038]
 [489.20174276 264.86108794 623.35677166 700.77378369]
 [289.67794498 668.3423582  521.10712918 220.63599478]
 [447.79763528 237.35226589 430.41150013 189.4900861 ]]","[0.1571066  0.14632567 0.69991873 0.71268944 0.92692332 0.4853572
 0.85447049 0.49088271 0.94609195 0.87490386]",588,2025-03-03T23:21:54.331169
20,0.8521821528287349,"[[769.60223745 302.91408384  65.95092306  76.96224492]
 [707.09788206 758.63741727  18.79779386 458.44942378]
 [724.04433358 592.94755749 749.53527951 592.79257813]
 [515.00110734 510.54544123 121.58045249 164.86020489]
 [126.60071371 753.36945123 357.13431125 576.86857311]
 [530.88308349 519.2969117  481.81377907  91.92308835]
 [383.19911664 100.36463373 299.96060345 642.45107768]
 [220.36116868 415.28355758 408.34787129 441.97582224]
 [241.26592652 505.84179082 147.59767924 341.83540839]
 [646.01819264 611.01547839 163.18764252  23.72843895]]","[0.90479284 0.57812866 0.73455217 0.98639441 0.8342346  0.28845465
 0.11706121 0.82534229 0.6367324  0.74338069]",589,2025-03-03T23:21:54.337422
33,0.8462406111117425,"[[673.58345282 445.43716063   3.46324056 710.42292768]
 [708.03066502 375.20546002 211.50487729 147.93412289]
 [665.96565013 752.47835863 457.8554806  575.08027793]
 [485.23608306 157.75680921 761.90979574 509.03608804]
 [696.65596756 160.06228793 686.94325012 525.20108338]
 [706.74199637 743.22872306 384.41654445 523.96063173]
 [ 51.03814256 446.55458706 199.5438552  613.28907128]
 [314.038302   550.22176394 113.75076772 724.13287881]
 [492.18819246 142.85507932 678.40411741 401.66557878]
 [795.55501146 345.12446886 463.38458833 340.73377788]]","[0.95820347 0.50179691 0.38839958 0.55524991 0.12352192 0.57031825
 0.91030292 0.84333977 0.99522736 0.47042614]",590,2025-03-03T23:21:54.343521
48,0.9305577622891967,"[[679.13673476 291.16533879 562.56690485 425.60900115]
 [220.75099057  69.92116635 154.4852335  221.68551813]
 [679.97510031 409.32301284  84.61615812 610.19170331]
 [106.72846709 139.38799785 245.29002013 514.08700556]
 [269.03451363 503.51646766 390.8023224  779.65469236]
 [ 47.0820996  792.21364166 247.65877427 702.73905078]
 [648.79121855  46.18435998 345.26532286 379.49461982]
 [308.64104577 712.14070352 513.45686238  17.39690909]
 [576.70493406  61.86045275 138.1921313  228.94094905]
 [524.28027632 645.73482164 644.62885193 211.86492685]]","[0.45633592 0.03269599 0.32407163 0.69168155 0.2972963  0.71633973
 0.81193423 0.65142124 0.69253328 0.1706786 ]",591,2025-03-03T23:21:54.352896
44,0.8388722025848375,"[[639.36349794 131.5627859  405.55436976 192.98893099]
 [736.8586035  140.06146487 150.61707066 799.0514255 ]
 [589.71151216  14.43352749 687.46176447 491.83036224]
 [102.41895091 349.63020918 768.71569956 327.82689352]
 [423.42441952   8.82719333 486.86055671  99.83830513]
 [127.68964145 164.43429765 498.50124949 528.5362505 ]
 [336.6161664  267.74826428 445.31208596 668.75925357]
 [ 16.09986011 479.74062022 115.015762   201.49752398]
 [313.58283915 218.52306845 397.35043475 500.64077017]
 [ 83.53652797 524.19582107 669.26177876 329.25950389]]","[0.55368163 0.82311082 0.83089426 0.10955812 0.96562243 0.85238956
 0.95221415 0.32718927 0.48443069 0.99666107]",592,2025-03-03T23:21:54.360820
11,0.8442579079104556,"[[373.4409277  226.5270217  699.93436421 755.6759872 ]
 [539.83696358 494.84138609  26.06923676 793.49569975]
 [776.31991416 503.87398326 322.05966933 149.31442844]
 [ 47.50358004 598.61603779 706.09102252 237.61986266]
 [136.31703902 491.79158334 382.77199914 122.09820238]
 [493.81302486 643.83877363 356.31332176 203.17446454]
 [431.29788996  82.08079277 350.73879224 595.20501168]
 [616.03382233 124.20418301 228.51433202 417.26848681]
 [ 23.53293106 171.754964   701.6019216  367.21763741]
 [495.65294426 657.89308885 137.85414343 611.02381883]]","[0.70794069 0.43687717 0.45662198 0.10204878 0.28719947 0.13750199
 0.86275439 0.97987813 0.32188388 0.55972524]",593,2025-03-03T23:21:54.367466
10,0.8217920378192378,"[[464.93400242 355.7005555  159.62505884 315.65974908]
 [540.23902022  12.17647896 743.83901878 487.59913531]
 [250.31112129 350.822515   230.00349946 496.64520209]
 [178.31921138 512.12659183 603.56073887 264.27846935]
 [681.98535572 582.35775588 776.30173851  29.44290132]
 [272.83019596 408.37357879 485.9085062   60.41255322]
 [315.35588431 743.58581921 480.87247273 217.3318353 ]
 [494.23683377 468.62536171 551.66320337 117.74826067]
 [609.38365951 485.1208581  144.40018164 624.68790625]
 [490.39401545 561.76588851 795.3464784  521.79213594]]","[0.19464523 0.04620062 0.38668738 0.16848078 0.26397471 0.77622662
 0.12801675 0.92992167 0.92961939 0.10962117]",594,2025-03-03T23:21:54.374002
38,0.8147867302325307,"[[636.99580427 124.16493835 728.53508646 612.99648657]
 [557.72491028 426.44199931  30.60459296 445.09629005]
 [421.74835814 365.57018044 663.27981231 728.32740951]
 [ 47.57343551 362.73038536  46.94554436 487.60522104]
 [459.88687132 393.93380409 742.60584962 377.23140852]
 [147.77105971  74.97080889 490.96996613 501.34998898]
 [538.53489997 356.8309265  212.37074525 735.37837161]
 [567.48279114 679.09749391 147.08589956 799.01372059]
 [638.38413617 418.50692829  30.61957477 256.67439799]
 [564.07543364 451.43363268 505.0199639  680.79664958]]","[0.70555894 0.72568507 0.810565   0.49547478 0.49302097 0.80263937
 0.01983726 0.8897253  0.41702495 0.09073823]",595,2025-03-03T23:21:54.380118
14,0.8898833364940184,"[[187.69915652 261.35616731  66.16810269  55.32031685]
 [ 42.51324136 215.82217888 772.56657536 256.43064781]
 [729.35281989 370.14159925 365.04253474 671.5518551 ]
 [188.09712858 426.37827684 768.07803804 315.77995792]
 [428.56956469 699.50944388 577.16228084 142.19235336]
 [782.6596582  431.38427786 271.56730993  92.62898872]
 [149.82453955 645.43092915 682.33926082 623.76602842]
 [309.69785255 167.50599798 178.43750333 653.25220069]
 [301.44926685 247.52006685 605.81507342 543.02437051]
 [ 65.33217786 361.4546203  511.27706329 440.51605934]]","[0.44460904 0.73344428 0.34029608 0.80076159 0.46597097 0.50784181
 0.32696862 0.31832307 0.33917519 0.6486271 ]",596,2025-03-03T23:21:54.386634
21,0.9037027665305069,"[[454.53449294  50.89063521 739.62588943 709.85856984]
 [111.84121863 638.03254901 121.94782998 449.68146312]
 [386.61048941   5.93112893  24.58566456 735.44995917]
 [777.63152287  33.92039406 495.133929   571.95637748]
 [ 51.18224511 200.8693065  138.26373588 673.38177083]
 [658.05674312 563.99555303 496.17769283 412.42182628]
 [413.87253209 583.9431237  371.04766788 751.27566413]
 [585.51554995 607.82240428 149.63703141 316.40132918]
 [554.25442065 550.03456887 529.95528195 668.72632405]
 [ 35.41373678 442.9913275   38.41436798 575.64593488]]","[0.90722096 0.39752146 0.71063953 0.70494021 0.45643563 0.45144416
 0.18895298 0.33015159 0.61083993 0.15520583]",597,2025-03-03T23:21:54.393094
21,0.9227148088877867,"[[604.6326752  790.84627915 589.55812228 223.25336175]
 [283.18637333 464.20510138  37.56791482 338.41791374]
 [156.76375142 574.20639437 277.13168207 217.26592266]
 [ 92.25222828 636.43831252 683.45022878 410.82233102]
 [587.74567611 762.71868019 331.87638961 318.32901646]
 [697.38771597 279.91244238 382.3598651  160.06317977]
 [635.53981564 120.27518849  92.97761536 138.81325859]
 [ 52.34021443 266.81556412 749.55028179 776.10326457]
 [625.04899149 440.45477111 206.91435206  60.70984704]
 [578.90473172 664.90085251 175.53508312 248.23089695]]","[0.31815825 0.66811338 0.4879764  0.02315858 0.41889426 0.94924967
 0.04043672 0.56212846 0.25079297 0.41812099]",598,2025-03-03T23:21:54.399946
20,0.8762080713843328,"[[657.33319495  63.24582974 698.52427476 153.95985482]
 [430.65159376 534.59624271 722.27132152 264.33668313]
 [277.09237606 647.8815574  111.26280482 457.50033119]
 [722.35991317 383.46760017 462.80958594 315.98540677]
 [449.56713251 704.31405453  44.87188357 571.70004608]
 [753.05343644  80.30958553  97.60160879 378.39523665]
 [796.66107561 101.92062543 546.85912685 479.62829851]
 [586.37692082 445.63130321 698.41882949 390.11286713]
 [149.24573107 615.41763663 233.87432217  97.55457587]
 [130.89382098 224.86877854 162.55917412 269.33946831]]","[0.4857051  0.5918941  0.75223827 0.81922822 0.25018902 0.08333973
 0.83567196 0.79871788 0.71053367 0.28686411]",599,2025-03-03T23:21:54.406001
37,0.8972999373212397,"[[  5.66331884 687.41270923 671.9333529  642.93347952]
 [772.46548162 641.1122528  496.96921424 690.14279896]
 [621.6313768  453.98312109 256.93270936 101.62239307]
 [ 36.88954889 600.87545282 269.24318894  13.26973971]
 [ 34.25528094 795.44201276 745.78610906 769.74993297]
 [324.7370434  568.76683466 574.91365088 335.42419056]
 [168.27360135 790.14769028 597.24396819  56.58461408]
 [324.93469886 393.02215725  93.09655864 548.57566115]
 [ 78.78375481 791.07845171 375.24041454 454.82204915]
 [393.60751402 715.79442033 795.16071767 517.85852157]]","[0.9903422  0.66958349 0.54312395 0.11752688 0.84645232 0.3693377
 0.87250342 0.42645761 0.45506629 0.42303762]",600,2025-03-03T23:21:54.412502
26,0.8594680259980473,"[[576.01116236 226.83308099 348.9851792  457.57038916]
 [670.80329006  14.70607342 536.0168756  679.73280872]
 [493.98331788 360.92876852 591.78829986 797.41971451]
 [641.75125012 240.00394119 606.14393542 466.09715384]
 [465.08471359 351.25465831 133.02576752 144.61712539]
 [212.47656846 563.12865924 638.09621544 579.66769776]
 [725.36748456 415.12396099  45.63893802 492.50175967]
 [536.80721682 112.75883856 156.74420764   1.7881252 ]
 [280.39888634 447.66783409 179.63802957  45.83814178]
 [523.01497132 358.74322131 498.57809626 241.93286125]]","[0.0306488  0.55199575 0.34770265 0.23750221 0.01318039 0.29959532
 0.89199781 0.35231097 0.52511435 0.74192103]",601,2025-03-03T23:21:54.418849
27,0.8594067256551017,"[[396.60715177 504.15359691 507.99915884 778.70994145]
 [ 26.10521612 217.25937791 649.79756082  78.73305876]
 [720.4153066  528.64257174 628.76304181 514.69949447]
 [614.29074661 379.87000526 527.37837247 320.42631294]
 [119.83717281 615.26082524  67.31746752 518.91627685]
 [143.48712634 664.21760183 270.80399715 649.62325615]
 [401.99197114 695.88916827 381.8932256   23.5509043 ]
 [478.94950857 322.85632998 213.00419651 447.50919833]
 [291.56577547  32.09176106 636.16858833 412.90977919]
 [280.06407803 730.31203115 666.39774898 576.28669087]]","[0.2765638  0.2304274  0.52160362 0.83284212 0.75101668 0.57703245
 0.11373351 0.22957541 0.56458922 0.9772169 ]",602,2025-03-03T23:21:54.428021
34,0.871425507748774,"[[452.17137961 102.18311548 318.03866121 100.97587547]
 [613.78870614 716.73652517 659.60727231 143.23040411]
 [146.84812101  63.00154798 108.17042582 455.36925392]
 [611.26251027 281.73745609 103.15853775 475.73750303]
 [ 24.8524419  713.99481179 688.74782627 403.9186853 ]
 [316.8842449  744.21745582   6.98077505 386.61065855]
 [255.83647735  43.2273978   80.57267815 120.93984719]
 [ 90.69762821 497.65102084 323.55848721 742.24339346]
 [ 49.98807439 766.02895148  30.60371795 488.95941035]
 [327.8774377  366.78404001 692.28676882 601.65708618]]","[0.66955248 0.63587078 0.71694921 0.55416303 0.23262041 0.48024971
 0.71448741 0.77536074 0.27067069 0.38231669]",603,2025-03-03T23:21:54.434661
35,0.8615026325336823,"[[ 75.56087369  97.59120602 359.00441374  71.8118693 ]
 [ 22.03768465 683.04519901 526.43622885 577.0551183 ]
 [648.70670649 509.80358569 593.62653359  34.72649492]
 [759.80464058  12.96160848 180.86711899 347.16639214]
 [167.2577693  257.90197494 651.10829749 319.43235405]
 [484.69680876 337.15528441 757.93541112 535.86687545]
 [682.9946088  263.05706797 653.20046346  21.71902104]
 [362.49727959 598.98915514 164.34209422  26.3845579 ]
 [299.7686881  332.45485409  40.87682794 489.96399297]
 [142.23363003 725.28394328 672.4844314  446.12707927]]","[0.66874943 0.3268017  0.49514722 0.86483027 0.39132545 0.65831144
 0.87388715 0.48411297 0.30351567 0.97371089]",604,2025-03-03T23:21:54.442667
11,0.9453156953105825,"[[130.46303823 522.90853403 245.66099623 445.42746156]
 [269.87736242 392.81085015 343.04969371 680.36982689]
 [ 77.64826902 592.90263864  50.48064322 338.25189623]
 [134.88908298 306.30900591 774.34280821 726.09581958]
 [272.2231948  482.28780213 651.37958056 566.16734077]
 [ 96.76562951 680.18660746 475.26081261  37.60436328]
 [331.01588046 138.74357928  14.56982165 656.47658717]
 [411.40784666  65.08376622 771.44935589 725.40882477]
 [587.44553264 488.62721515  36.5779371  291.74689791]
 [197.85416542 366.73598446 465.2032871  294.23483973]]","[0.94271502 0.76567037 0.94507475 0.92880513 0.27639164 0.63354585
 0.41468993 0.47035516 0.23105414 0.14151421]",605,2025-03-03T23:21:54.448943
48,0.8712854646789461,"[[281.03355332 349.05381834  17.23865248  77.62796451]
 [340.95923425  11.59036663 706.68137359 440.03142874]
 [192.54063206 680.75928849  25.43867979 629.83503621]
 [410.84473005 151.28985269 506.89725821 442.50614063]
 [264.35325157 530.19787101  92.50685484 261.91814093]
 [615.7230872  258.05045808 735.14326469 398.97251983]
 [675.86729253   4.5056368  129.53219229 458.63881344]
 [600.67480246 542.68864482 402.56003669 328.75815314]
 [682.05321002 761.31898537 568.90754157  36.88513094]
 [215.36057561 525.37834642  27.34542625 582.11223677]]","[0.54149087 0.48376264 0.63539569 0.62127939 0.14517053 0.13330899
 0.52266996 0.80264941 0.52713027 0.37304469]",606,2025-03-03T23:21:54.454700
46,0.8564601139108925,"[[175.05776714 373.15650333   4.27478294 617.54554829]
 [115.85016777 229.32583722 574.91159385 400.76237909]
 [442.04349645 135.67018772 550.18553295 595.76732318]
 [332.89412621 700.75281997 351.1981548  357.87487185]
 [762.50918387 535.09999526 525.75125774  56.93459068]
 [605.23297995 133.36761655  84.92501451 540.56310086]
 [176.89287416 516.78772707 344.69163277 516.90502391]
 [701.46669487 628.83707224 165.42214134 729.96737455]
 [281.1715103  111.27322744 428.53341321 380.79232543]
 [741.20848831 111.98348605 795.85824088 162.43363887]]","[0.31758791 0.93225587 0.60452723 0.14421287 0.4199854  0.19809847
 0.87362921 0.0651979  0.99022506 0.20493832]",607,2025-03-03T23:21:54.461288
32,0.8966023833174337,"[[ 79.87304704 226.46876746 754.39745295 483.05842343]
 [252.08291238 746.52103136 243.59418558 560.25540782]
 [595.84324041 539.86397818  62.60938047  38.62444475]
 [240.51630403 499.87448856 625.23649437 510.74508386]
 [761.32174341 148.02023853 415.81786383 506.40758313]
 [612.40131593 271.52523323 610.28717897 210.08720333]
 [151.12859289  57.90339497 125.39293003 392.73800027]
 [274.35888316 144.95563324 281.74367039  66.01129589]
 [487.59015819  60.07520321  72.91337234 551.9366579 ]
 [428.38027731 103.38998183 347.44127158 604.4123213 ]]","[0.87348246 0.75738331 0.76171085 0.49484378 0.47654469 0.36882079
 0.07558428 0.00867565 0.39928757 0.54811627]",608,2025-03-03T23:21:54.467735
14,0.8060032379881398,"[[208.66007485 594.40484202 663.19330926 345.07651877]
 [ 35.98853368 402.49711743  24.4437671  127.9105842 ]
 [104.12611421 511.61996758 578.50342293 103.09154401]
 [495.75932598 475.29119405 792.26396143 195.8579457 ]
 [709.24812977 645.3338757  139.45185635 795.32825282]
 [784.51763287 709.04633625 463.38636958 605.99684137]
 [394.23161569 377.50767821 631.13562071 231.34492385]
 [468.30757605 782.5270174  100.30453122  47.8955248 ]
 [787.79077759 780.95444646 519.09034916 108.79337741]
 [492.55278783 445.2320479  386.74812869 309.75610588]]","[0.05272778 0.6972217  0.61900789 0.5981899  0.77876215 0.38329341
 0.47878525 0.6289206  0.40350275 0.96322756]",609,2025-03-03T23:21:54.474221
41,0.931011841711718,"[[298.3639213  455.16039229  41.13059277 525.44831703]
 [798.76334936 656.58791496 785.43983075 780.83632528]
 [177.00240804 609.09507811 130.33180413 179.29199705]
 [ 16.75724559  61.54606544 701.67679215 711.84582373]
 [776.86365446  20.07456819 260.76618161 684.24334713]
 [770.56960484 537.79498113 770.07960655 416.28199403]
 [521.13137433 309.05048133  61.92880943 556.92273006]
 [559.0782762  611.09809717 782.5576913  626.63939853]
 [379.12953837 609.38287039 434.79680522 233.55078869]
 [614.11514832 598.52401322 338.39745581 605.6626533 ]]","[0.18474972 0.55020575 0.76597952 0.23202179 0.02973507 0.34161871
 0.43821893 0.78794131 0.77164295 0.20124253]",610,2025-03-03T23:21:54.480385
34,0.8542760693721837,"[[730.81456041 320.52723222 404.14870825 580.09633658]
 [559.75591779 590.39422733   3.72842253   3.8272385 ]
 [ 54.32846234 580.37646074 677.4551888  531.38743923]
 [210.46127582 328.87735892 492.70864875 466.45270647]
 [121.0681971  387.2339963  208.44137601 594.78525215]
 [785.18812716  13.69030914 118.2488619   81.09414026]
 [452.0928518  498.62688645 385.22117873 405.80356518]
 [250.62489534 149.86759169 469.9170104  507.32185523]
 [ 10.48673485 664.50997962 532.43868246 740.01218865]
 [198.75392329 690.95017932  81.44540812 281.40009108]]","[0.93244462 0.96606317 0.99276403 0.11585162 0.66978845 0.89308896
 0.24689931 0.27767357 0.54186358 0.67900582]",611,2025-03-03T23:21:54.487255
15,0.8961908476323928,"[[100.09536533 350.9977152  253.90250874 734.37848762]
 [239.85148821 140.05184995 216.05494256 295.26124035]
 [ 91.6824683  699.73600776 162.86968917 529.62434517]
 [126.06581759 389.84056314 685.16944294 450.27854981]
 [142.61470364 744.78208609 227.84466447 601.38514575]
 [ 80.72587376 474.62757287 141.91815913 358.85493024]
 [465.83320067 119.59712239 698.99196314 254.8636901 ]
 [417.62094531 280.80011457 283.14650937 525.71807523]
 [588.3790267  756.31971526 398.96036831 417.83226301]
 [607.31235685  49.1269907  330.6832608   30.04908936]]","[0.63505344 0.9593006  0.98661085 0.01829586 0.67106585 0.58087043
 0.72706677 0.3583297  0.7166953  0.54544006]",612,2025-03-03T23:21:54.495014
46,0.8604202134877791,"[[309.99230699  58.75936192 717.16655687 589.09016778]
 [237.44244458 327.93306147  80.43901594 749.4467401 ]
 [280.52857185 150.96440816 316.57570274 520.10571651]
 [456.02222142 114.69251324 272.40102787 209.74424851]
 [414.85839478  66.54043879 350.96749313 707.28321837]
 [198.78363533 352.69823274 287.38514618  99.06622352]
 [187.50022277 721.48951733  12.9715086  357.84462507]
 [614.07237056  86.2556883  378.25722698 275.94268414]
 [274.46491217 258.34324652 455.18476096 208.42946596]
 [ 30.12103989 151.95822196 619.87721815 256.11950165]]","[0.77857485 0.75055002 0.92772071 0.96435226 0.44734504 0.60399101
 0.21394991 0.06265328 0.77742218 0.33505026]",613,2025-03-03T23:21:54.501013
12,0.8098873765788683,"[[319.23226849 768.02147378  89.32103669 331.04955256]
 [186.39272055 622.48936975 454.21692448 122.28827325]
 [692.87365459 247.69197017 176.79987826 531.8190209 ]
 [344.59285295  43.59406931 610.57258539  58.44283978]
 [371.26532583 213.36549619  74.15750408 351.12643513]
 [650.67055535  48.84244463 499.86914825 160.07614332]
 [741.17037089 304.50598356 370.42340306  89.30380595]
 [ 14.9168631  237.60339503 687.28028027 651.54889509]
 [507.95844944  75.37269626 599.38119801 357.27087232]
 [658.07969087 346.57273605 406.20915344 711.75094756]]","[0.73556108 0.6953191  0.71572222 0.80957994 0.93148198 0.62889217
 0.15306998 0.93231318 0.94504085 0.36055755]",614,2025-03-03T23:21:54.507841
34,0.9245567901129098,"[[259.25868439 441.25282641 445.02075467  46.92380891]
 [514.41820933 328.50986026 399.09211824 375.06879282]
 [264.359876   388.16089007 283.78436458 553.09781929]
 [652.68049398 125.99896496 221.9051983  633.2187518 ]
 [511.43672279 758.84743562 657.4561857  410.79822816]
 [303.1779975  370.94134521 704.0043449  723.87790387]
 [727.04373707 204.20186779 200.21155841 750.11881157]
 [695.91957186 735.15987096  57.86454702 265.67013747]
 [458.97944389 739.66775621 471.04527329 774.23238273]
 [415.24732008 647.54478876 120.90046815 216.24286267]]","[0.18627513 0.47765031 0.41740358 0.98806791 0.21359917 0.96232341
 0.69086921 0.67924614 0.21828926 0.05420808]",615,2025-03-03T23:21:54.515117
35,0.8749420165297148,"[[517.0227355  390.19632737 174.87631499 647.51407841]
 [154.4237522  260.4490717  243.38963393 542.32897815]
 [650.24332683 531.8984847  268.31548532 716.69875079]
 [ 85.32853124 341.97728601 248.90269425 143.07776353]
 [150.2104895  166.78003423 799.64325297 200.08632398]
 [470.29754383 401.20132227  55.68500308  62.29179772]
 [674.93330257 540.03569391 497.50596746 213.81537801]
 [388.06656625 378.78231211 791.6111189  572.07177227]
 [327.47235293 222.25785325 662.17383741 340.63300329]
 [241.58333945 170.01206689 355.8021181  259.64310006]]","[0.81708552 0.36005504 0.23663825 0.04787743 0.2592547  0.43595915
 0.4787691  0.16048427 0.92117433 0.68720799]",616,2025-03-03T23:21:54.520758
43,0.8986680511686046,"[[608.19137521 788.58288769  53.4964568  190.57542231]
 [610.59897101 121.96311918 437.24951162 245.2566065 ]
 [131.95563073 640.09069402 524.83512442  26.63756312]
 [218.73248703 483.97912232 255.19323229 605.84820819]
 [139.68464062 724.39479761 406.03012282 724.24456856]
 [508.78961926 709.69092959 304.3585967  162.27177109]
 [621.06275263 401.89745054 528.13326751 574.57129798]
 [ 24.10695918 218.10728075 288.33389704 619.15037203]
 [261.59568507 102.50640455 561.93354282 534.31532707]
 [585.1637905  705.02769369  62.07614537 749.58417101]]","[0.12889178 0.05995571 0.99168154 0.5031192  0.30308581 0.32324998
 0.33676127 0.42384195 0.05856912 0.22702338]",617,2025-03-03T23:21:54.527189
17,0.8535613457885689,"[[157.45750858 474.18556519 686.58884818 307.7055822 ]
 [144.27699168 250.66241088 271.90079276 641.41530017]
 [179.09565945 511.47585878 115.96536463 399.9180052 ]
 [618.1916423  414.15488424 662.98994826  54.30510276]
 [122.03435208 177.43219513 416.69027469 226.96825176]
 [396.41335889 382.95202768 494.96012661 762.53771939]
 [449.71778486 568.40503453 260.71797483 212.75337008]
 [530.75050568 518.64753307 283.29198793 486.96404455]
 [ 46.90973761 298.45860055 582.72071597  17.32323637]
 [194.09500017 223.43432646 145.04319847 245.39973746]]","[0.30287963 0.46645584 0.03338891 0.26242576 0.56554204 0.95570329
 0.17576912 0.83532275 0.48214313 0.91079366]",618,2025-03-03T23:21:54.532816
29,0.8158493547582879,"[[321.87327531 708.04031613 270.8513324   99.43112833]
 [235.25919792  46.7743046  648.35345228 521.98440709]
 [719.51442134 239.343689    17.08228942 248.22950513]
 [738.53629543 783.2234251  470.42751088 521.62329587]
 [292.40517965 794.40950279 416.73650034  89.93268433]
 [446.19743602 659.07344554 697.76818532 261.24864696]
 [390.62013205  28.88894767 209.67372149 370.82370956]
 [318.8815097  671.2296878   37.63009654 719.08226359]
 [277.47921965 401.15734377 414.24910437 713.41597414]
 [237.11900526 298.73090923 647.54087074  84.61719056]]","[0.78876472 0.20400252 0.9486695  0.55700791 0.40334308 0.56643096
 0.95822795 0.51002499 0.49492728 0.72807795]",619,2025-03-03T23:21:54.538296
42,0.9233616368088693,"[[111.65181885 126.42892204 382.0853713  422.38712303]
 [509.9955198  387.08122119 187.46416312 595.99842383]
 [124.50393246 198.8049673  502.34238373 613.06355568]
 [689.91598743 653.69996527 623.37423745 474.12771204]
 [718.04487352 368.40674866 451.17300929 672.00104064]
 [468.11387846  51.14319627 165.4033107  472.9286375 ]
 [248.86702566 159.70221898  17.48421813  59.69915112]
 [452.32546472 467.18691606 560.88033974 662.06413247]
 [101.63994844 646.2514803  182.57722644 469.08198347]
 [307.11761728 777.89365661 689.29649513 390.18052123]]","[0.30891694 0.52531551 0.5851279  0.97269331 0.82120711 0.89008153
 0.014371   0.16493053 0.27494531 0.02058661]",620,2025-03-03T23:21:54.544522
50,0.842681673229493,"[[396.6021889  435.94696587 383.98427338 152.38039097]
 [ 72.83008724  79.31468867 240.04315308 765.32911944]
 [334.36413376 587.19294652 440.06364738 274.0348658 ]
 [283.39490082 776.21167302 387.05791801 319.13470557]
 [550.40040157 747.80524197 289.93839368 406.39509915]
 [488.75003188 369.64323911 723.14431575  25.19893017]
 [ 24.0417487  282.30677694  99.08197883 623.26457712]
 [563.76399981  97.80832599 193.93545428 442.75306457]
 [795.78237639 508.34202139 520.63064321 381.11828   ]
 [555.9582065  281.46721189 268.81235845 433.08451342]]","[0.79288377 0.77965905 0.90998218 0.62638079 0.12982588 0.50167144
 0.51536185 0.3756863  0.5956441  0.42947249]",621,2025-03-03T23:21:54.553047
15,0.9250925312380411,"[[2.49950177e+02 6.01780250e+02 7.10177714e+02 5.42924424e+02]
 [6.58340835e+01 7.03165997e+02 1.47700816e+02 2.23100566e+02]
 [5.91810458e+02 7.49291457e+02 5.11886042e+02 1.93657285e+02]
 [5.75791175e+02 1.79740365e+02 2.96867731e+02 2.56906791e+02]
 [4.70703914e+02 1.18694377e+02 4.43472597e+02 6.63634285e+02]
 [1.49746415e+02 3.22121412e+02 1.43113252e+02 4.70372127e+01]
 [6.23788312e+02 6.57178925e+02 2.20517118e+02 7.54945961e+02]
 [2.33606659e+02 7.29725393e+02 7.31912933e+02 3.57204466e+02]
 [4.60103891e+02 4.98593451e+02 2.34567206e+00 6.95408125e+02]
 [8.62098267e+01 2.98809199e+02 7.02487644e-01 5.04769812e+02]]","[0.50098297 0.48823383 0.39271853 0.8266436  0.51778474 0.35625129
 0.91461052 0.52522685 0.34236354 0.09538025]",622,2025-03-03T23:21:54.559410
21,0.895268891141204,"[[459.97323028 758.24295713 514.08381955 738.28656383]
 [655.40981887 732.90440562 219.84333591 576.22132653]
 [511.39624544 299.00580116 309.39885431 309.99944038]
 [480.35683072 169.73558583 222.53902886 667.8720839 ]
 [260.22372045 232.5794484  719.57734525 437.72036522]
 [646.70830064  69.97563278 784.55350526 629.03544607]
 [609.93709161 742.74869053 345.13755556 483.87411812]
 [681.84190502 789.40225155 278.73598886 474.48408186]
 [285.34248054 244.47590251 785.60705348  61.20409433]
 [ 13.89722321 620.9493754  619.52736474 706.09492209]]","[0.12570702 0.59195864 0.90330223 0.13072867 0.75746516 0.54878979
 0.56623299 0.61791557 0.81187685 0.22458803]",623,2025-03-03T23:21:54.566237
11,0.9100578631987903,"[[3.53056560e+02 1.95545673e+02 6.54644627e+01 2.10052537e+02]
 [2.59598080e+02 5.71972447e+02 1.25762394e+02 2.78321887e+02]
 [7.13288819e+02 7.67975343e+02 7.74434041e+02 2.62136228e+02]
 [6.23874894e+02 6.76025508e+02 3.32146533e+02 1.52167438e+02]
 [3.14923724e+02 6.81175415e+02 1.31201798e+02 4.09881093e+02]
 [7.26052251e+02 5.36681793e+02 9.77595171e+01 3.37030571e+01]
 [6.80688588e+02 7.03162846e+02 2.06309862e+02 6.30133854e+02]
 [1.39582285e+02 4.38346037e+02 1.24394956e+02 6.90264112e+02]
 [2.31548045e+02 4.60121420e+02 7.39935985e+02 4.27756408e-01]
 [1.07726165e+02 6.82912657e+02 6.65692415e+02 5.25985923e+02]]","[0.67546002 0.35355748 0.10697504 0.86127742 0.42359072 0.70347129
 0.8010151  0.10147893 0.23572804 0.66256965]",624,2025-03-03T23:21:54.572174
44,0.8713330276349776,"[[514.45067936 403.76254116 732.924561   793.94477048]
 [681.63576336 163.78080845 364.9159936   98.76244083]
 [410.0427804  324.22824187 398.20678466 392.89690367]
 [189.87977034 127.87460692 679.60708414 113.96141973]
 [300.17474201 261.17325427 621.38552006 129.75588698]
 [424.53289413 549.45624639  35.65032899 176.25609559]
 [ 15.67816723 256.53533902  65.18412381 325.86326635]
 [411.44807524 799.08002994 541.98926398 600.40542415]
 [ 42.08316045  85.70763842 309.26667523  90.91540995]
 [196.00301012 309.05074354  36.52037907 110.47629256]]","[0.57858881 0.5740012  0.69740711 0.97185621 0.91160874 0.25863901
 0.95577725 0.2095682  0.6631433  0.03029871]",625,2025-03-03T23:21:54.578260
22,0.9042882846841421,"[[ 81.35935734 360.389785   553.60689961 484.17165461]
 [596.99162649 675.24803345 794.22056144 305.38443795]
 [782.9397567  214.00338193 474.53565908 267.84907898]
 [391.24368473 290.98596902  43.22351318 186.13022634]
 [383.71925317 364.83300746 177.51223444 178.21214601]
 [491.96106907 346.62924824 514.56194144  33.68856702]
 [269.49020166 713.69886984 485.96112267 551.3706114 ]
 [ 54.68062899  11.35727947 296.97387531 511.94779725]
 [223.08459443 729.5656932  785.55811274  31.56377043]
 [595.39404416 776.79628707 577.21412807 714.14804355]]","[0.5343607  0.60048205 0.30752662 0.40252046 0.20444359 0.58430878
 0.09134336 0.89166202 0.6295744  0.6032746 ]",626,2025-03-03T23:21:54.585025
32,0.9436380542325895,"[[241.1620975  567.48089048 644.77284106 400.9967307 ]
 [642.19678203 707.44983688 106.84230302 237.60968774]
 [330.62873606 580.52113201 554.7427977  485.10997579]
 [269.92837502 671.47621531 574.11199973 477.63721531]
 [447.19329478 277.75187415 757.66381487 316.60269486]
 [ 21.2109463   85.27987622 729.93457241 415.8284005 ]
 [641.40665161 580.83252444 335.96138109 597.86720128]
 [453.44478377   4.93323391 132.32917821 109.99764628]
 [  2.4156834  797.39738166 211.49690018 210.72775454]
 [ 38.48741405 300.48686014 745.72557781 356.46452632]]","[0.5520165  0.3564547  0.69957927 0.99524526 0.06412665 0.23830339
 0.35167294 0.39784984 0.70481299 0.89827014]",627,2025-03-03T23:21:54.590434
32,0.8619300461915214,"[[675.20079154 104.73479755 133.57307885 336.9705352 ]
 [523.23044682 646.33915963 386.084517   177.99149659]
 [531.11216034 691.58620008  72.75521636 448.71771112]
 [424.13174472 157.92646859 780.30300657 294.81442132]
 [490.48282048 455.28835727 248.14280749  95.16419731]
 [439.30392089 108.45604933 218.45999032 514.10009132]
 [303.70348987 746.2322748  649.56857981 121.93173276]
 [166.88399774 377.41506358 573.99319388 792.26396362]
 [136.11535604 435.461473    36.39968176 749.95122162]
 [470.25744643 656.05670634  83.23728354  26.70791556]]","[0.03714934 0.48280142 0.12258217 0.65254384 0.2164158  0.78839192
 0.63055165 0.11746568 0.03780691 0.91136519]",628,2025-03-03T23:21:54.597083
31,0.8312807889388718,"[[522.64604808  47.65822399 699.2879391  570.2959785 ]
 [ 71.2880477  569.33357519 441.11979244 296.68803034]
 [ 82.2622261  742.83446918 387.37640195 197.17658146]
 [745.27976509 177.12490933   9.65227457  74.07784657]
 [ 24.26160707 349.00380777 720.48702704 111.45325173]
 [218.16771096  74.04689388 579.17606064 300.2560097 ]
 [168.35592956 295.29074219  88.3896037  112.02578872]
 [742.41546364 267.91444082 579.41809807 548.55564586]
 [403.54020001 712.70812084 530.4684684   82.4603146 ]
 [394.79938857 620.93750513 549.45224178 454.40245794]]","[0.32181129 0.63783727 0.79970651 0.38651282 0.82348354 0.80162375
 0.46534405 0.9943527  0.34951817 0.00215302]",629,2025-03-03T23:21:54.603285
23,0.8357073993976833,"[[539.75217835  24.40433542 703.05098481 286.45477764]
 [253.39440755 638.64734686 181.36627656 353.22361199]
 [566.71125816 258.56066027  17.31021929 302.68483797]
 [395.46755963  89.15523971 734.58695714 616.97354027]
 [507.71630066 387.2290237  146.10546537 597.89013804]
 [548.78094625 396.41845145 190.91441371 124.57023833]
 [596.81865996  21.7852422  382.83278725 663.29747363]
 [323.27752132 335.76051274 722.58292192 241.62035442]
 [569.02209429 758.72050369 208.27972704 316.76439175]
 [104.99904532 682.8518563  798.05792211  47.3723326 ]]","[0.4052396  0.92409013 0.70095761 0.79434442 0.32331204 0.93164412
 0.39274827 0.45213912 0.34421498 0.57829641]",630,2025-03-03T23:21:54.610098
48,0.8223317636918599,"[[ 94.16178894  55.15032103  12.0969549  225.03147532]
 [204.56155656 161.25887412 587.41038191 492.44011911]
 [254.21098256 619.4689501  254.48370434 336.69314705]
 [374.2547282  146.21736109 698.59717482 681.5480327 ]
 [405.5306999  784.45515564 311.20230901 206.87287826]
 [237.77347676 154.029332   619.98535651 217.94287342]
 [145.76690182   9.9026784  691.30745339 543.48205207]
 [618.56265834 400.87414204 312.61838945 751.61367239]
 [783.82614339 617.92280436 184.39942449  68.05611762]
 [238.16244039 114.48867416 207.70038684 190.82258249]]","[0.26730207 0.80820999 0.65355439 0.21734081 0.25194447 0.76786193
 0.85512734 0.11781911 0.63132711 0.35828514]",631,2025-03-03T23:21:54.617091
38,0.8130768841371862,"[[356.79008758 395.27430999 115.36480267 459.66103404]
 [106.88688339 432.44272747 336.45020401 398.82384546]
 [142.95048004 155.16436598 772.07400889 794.82211493]
 [150.1643804  321.59937129 552.25995551 664.06936024]
 [302.5823735  685.66545935 548.59419495 207.5264521 ]
 [517.48993735 674.18039303 781.87402682 679.65679918]
 [440.91336052 116.9941651   46.14349585 796.25692075]
 [681.43946402 126.62382089  76.33622988 713.98414163]
 [234.4664915  783.16450288  67.59664031 345.53469844]
 [235.55749299 650.87373813 579.93550405 128.81635897]]","[0.84828373 0.28753739 0.3622687  0.2209831  0.38806045 0.29972276
 0.927599   0.41842939 0.32003161 0.2966564 ]",632,2025-03-03T23:21:54.624235
47,0.8517421798982283,"[[688.92499494 354.80784082 480.55003624 245.4132178 ]
 [533.06652156 571.40506337 321.04668994  34.02755832]
 [ 80.97466267  11.1309137  559.34509027 351.81011445]
 [409.75319863 483.31542857   4.60039602 269.01137078]
 [755.97025402 439.15199897 647.39609724 278.31092452]
 [ 76.69100215 465.30550272 525.3787585  487.51990748]
 [693.29115061 638.16702454 788.57722112 352.73267957]
 [791.58673798 281.42409701 113.77493455 616.34294706]
 [333.59454357 679.05386157 128.36674049  79.644818  ]
 [173.39241646 450.23341785 355.30717872 290.36603381]]","[0.62183961 0.89383519 0.22372594 0.1987964  0.81414912 0.66721281
 0.10783937 0.37128363 0.32602476 0.3612643 ]",633,2025-03-03T23:21:54.631674
24,0.9199399700189687,"[[567.85435273 543.639854   193.30950547 785.81043082]
 [656.92797704 203.3325966  138.87039478 276.51765087]
 [373.89304049 321.43406865 221.29245327 576.45740952]
 [ 36.13256864 298.36020661 256.50803006 420.60259238]
 [133.73864329 348.19580555   3.16172239 689.80930412]
 [ 32.30874051  89.75483849 713.15430158 290.97536489]
 [684.39949513 264.76306577 629.06759115  74.70817928]
 [ 90.41927192  93.62709976 793.10122637  66.90080201]
 [149.79508538 738.62312556 543.11999887 409.39094948]
 [102.82411393 572.04491384 130.88510186 395.3581631 ]]","[0.6102586  0.01774068 0.8898828  0.19501822 0.6274676  0.40003631
 0.36306397 0.19396813 0.73518272 0.65287616]",634,2025-03-03T23:21:54.637583
16,0.8910532991865138,"[[530.04973841 568.4954018  712.95872252 409.79699364]
 [182.09161275 701.93764719 522.2822367  417.93670751]
 [557.53886765 104.65941847  99.04792121 233.46761626]
 [ 59.92100669  23.01723505   1.19932607 212.98635142]
 [132.09631406 460.5238251  590.12683679  56.05088057]
 [492.84596291  98.71273942 682.84674894 270.01012009]
 [423.96667157 650.73420438 790.31344756 709.60450886]
 [338.86211044 678.66471309  14.55204679 169.53824208]
 [109.59661635 415.9061574   83.72635753  75.84551099]
 [519.57549053 277.92993459 335.45388711 613.76860568]]","[0.75416035 0.69484319 0.60188982 0.064998   0.62680924 0.02444934
 0.48927513 0.67710944 0.07936434 0.70847457]",635,2025-03-03T23:21:54.647354
16,0.9269460110754175,"[[492.23613161 220.59862769   4.97811624 123.22225091]
 [499.65804348  47.38466659 524.69905095 367.41432372]
 [638.59704754 791.7276587  501.77835568 259.1819869 ]
 [146.11672298 292.29833784 196.80245969 588.59053465]
 [544.18685024 787.37277195 517.39010981 689.04049197]
 [530.00056023  85.62220824 630.80921463  50.06168348]
 [478.72111825 465.99521549 779.1702148  273.14400143]
 [708.12453028  16.326694   758.48351567 686.32177713]
 [344.52990043 671.51509294 247.94481045 359.87404574]
 [759.15809439 144.34736262  32.87177439 115.45201788]]","[0.60106226 0.95670237 0.27312684 0.86990296 0.32237065 0.60224595
 0.25004846 0.29759901 0.7124906  0.34699058]",636,2025-03-03T23:21:54.653090
46,0.8387689242199878,"[[421.52831559 484.02278563 170.70226892 731.1785731 ]
 [777.39647437 292.19269029 582.85676021 294.51684856]
 [439.14858003 118.54993723 247.53940763 210.24373644]
 [315.49107416  65.24343602 664.1199643  315.40362713]
 [512.58233844 628.04568269 284.0449749  166.90877909]
 [169.62505242 681.15830081 167.56883595 282.42712017]
 [637.80046844 456.60978618 151.09375622 749.92771331]
 [ 35.31131327 561.85654609 293.77290736  55.96762316]
 [135.35507153 647.13261393 512.1976159  485.46359465]
 [419.12172722 527.76535495 228.04132478  43.69842871]]","[0.18653119 0.42064153 0.90158011 0.01485524 0.44826807 0.92159142
 0.45466648 0.50579783 0.40864485 0.41336072]",637,2025-03-03T23:21:54.660312
31,0.9282821334472218,"[[706.02837611 442.49387787 798.93318753 673.34707528]
 [597.68526633 580.54651371 169.79704164  54.65876331]
 [413.55794043 135.3911701  728.81809921 612.94931638]
 [462.75001229 436.72786743 356.87684525 709.90223273]
 [ 26.5409229  689.22902619 525.46625703 799.94956996]
 [363.5165912  257.27008818 703.46070842  46.39184289]
 [289.01543506 715.64901984 769.99202282  51.65655357]
 [ 84.9946441  532.95268657 142.20735585 190.49362285]
 [332.50259381 286.9954248  535.83557017 475.88899422]
 [172.48292335 459.73225302 293.14245926 624.63165314]]","[0.94671755 0.99265606 0.19405358 0.64341223 0.23368462 0.23740748
 0.86952236 0.47736385 0.09488622 0.49287924]",638,2025-03-03T23:21:54.667583
14,0.9018079330367769,"[[ 75.4050484  526.67868317 109.68214527 602.64139256]
 [739.4790209   58.86768757 236.74166364 349.9883074 ]
 [531.18710385 688.92107534 729.08958573 374.68962016]
 [  7.41730154 411.06669767 271.2713323  321.84895704]
 [319.56304879 532.45124718 131.86598828 288.20719103]
 [216.63221961 605.71044356  21.58942323 569.16017429]
 [157.65292646 602.36005188 534.24721813 222.41447524]
 [174.02409479 108.08748137 167.6100419  156.75544122]
 [385.91955539  72.86698786 452.57733104   6.79951271]
 [487.21761736 230.89660916 259.39506231   5.25991796]]","[0.25380751 0.03420325 0.74474202 0.7792865  0.48882237 0.49524438
 0.93199087 0.45169249 0.82224829 0.12612601]",639,2025-03-03T23:21:54.674830
23,0.8521332087939619,"[[ 29.71968787 414.08420061 241.42484154 767.37949789]
 [379.67152952 631.00313465 204.44006079 240.89328048]
 [590.84847014 261.68639229 156.34558906  34.66713286]
 [471.56084583  64.16359188  68.48422102 748.86129827]
 [ 29.79453389 468.29016267 326.2830526  668.8311901 ]
 [147.74031347 788.50033166 651.11913503 616.35152429]
 [388.37667065 287.04785144 262.11955652 188.13608355]
 [703.46104582 572.74047573 137.5011065  145.67780311]
 [738.32416257 790.87553244 759.58971733 409.03858189]
 [ 30.19896658 574.28207645 405.05681496 179.83317493]]","[0.990241   0.81858864 0.87095543 0.92386197 0.73850146 0.40184345
 0.20879165 0.672958   0.33260559 0.4250857 ]",640,2025-03-03T23:21:54.683177
40,0.9439825439598803,"[[538.70026558 579.42875678 196.77469133 634.45045304]
 [ 67.00594835 508.23926057 358.41223096 463.92623108]
 [169.4068452  472.30565308 176.54270506 717.18913811]
 [159.94905804  34.2185764  393.02085632 732.5846859 ]
 [ 80.36609981  57.65509411 286.55701034  85.34853111]
 [130.28957717 120.40435196 112.90874772 372.53383758]
 [ 46.12365762 515.37366025 763.94774101 401.57416107]
 [485.86869979 579.31699943 703.94676351 332.59096277]
 [642.16895051 385.75297494 474.15870319 766.05271358]
 [358.48795449   8.36511173 487.78503943  88.35123089]]","[0.85952928 0.14543998 0.81075208 0.17326914 0.70558855 0.50111018
 0.92891934 0.09486438 0.98189854 0.61786551]",641,2025-03-03T23:21:54.690014
25,0.8091841925725454,"[[164.91382332 569.02695957 685.21239731 206.7621767 ]
 [203.00137165 415.91898086 648.4503674  730.02847518]
 [ 70.47218109 410.44022405 717.68853371 692.23254259]
 [  8.77269044 120.5723287  423.5514442  383.43882517]
 [188.79976376 765.96392369 506.93187126 445.4448794 ]
 [597.69722296 270.43333324 691.1428931  718.28869194]
 [204.91677368 322.9659139  775.59726768 568.41745229]
 [469.15250375 340.50633671 564.18476099 280.76131426]
 [560.01978136  45.40795244 629.20519573 184.70719613]
 [635.76312495 360.10652991 597.4952616  742.54143949]]","[0.10888501 0.29617669 0.71334825 0.61839784 0.35772948 0.31847595
 0.81624209 0.3470767  0.59525349 0.52784282]",642,2025-03-03T23:21:54.698424
47,0.8852723996457883,"[[176.88182618 127.87249543 162.40466884  83.31774219]
 [725.23417854 257.40796161 775.30466708 104.57109682]
 [228.13410221 219.60301263   2.86848398  27.41858189]
 [246.52186687 262.63888096 525.21794684 642.03057736]
 [755.86964073 485.5738498  500.21523871 698.13557122]
 [717.67173444 384.99810994  65.94742457  61.00867197]
 [483.58492356 610.04812035 608.96108773 100.30649711]
 [409.79015087 621.93494463  41.90626084 353.35761486]
 [589.11044356 471.42460368 367.08062045 725.89619457]
 [672.5663712  398.11909665 345.63109848 231.26102126]]","[0.46473771 0.66904585 0.58038937 0.3253142  0.26677027 0.50003882
 0.91535786 0.07492072 0.67503378 0.21653948]",643,2025-03-03T23:21:54.704449
18,0.8938556804447442,"[[778.65313521 138.35819902 708.22020766 798.85823815]
 [215.15486447 189.39922912 765.07197591 173.77961443]
 [397.91869283 197.96759698 359.49372016 398.0981145 ]
 [211.23679511 578.6102135  537.97925152 603.72051934]
 [459.35363035 169.34040673 282.5679201  669.50084766]
 [132.50308673 522.35884872 137.97519962 405.39750449]
 [403.83017937 359.93981801 721.20597709 151.29298841]
 [ 79.68187618 346.07590241 244.61933991 774.51166171]
 [ 77.3189396  513.26040171 160.03465366 384.82572926]
 [239.38973489 700.64364973 538.53628733 282.44022943]]","[0.37301974 0.53060502 0.50476086 0.39066609 0.5092575  0.2061923
 0.31353904 0.89478212 0.60667631 0.52907926]",644,2025-03-03T23:21:54.709367
47,0.8318258370410907,"[[193.22420372 309.68595103 319.13718422 568.38273685]
 [778.99228032 328.64585456 575.48565678 291.87522668]
 [122.92773146 409.66378433  28.48906486 599.95741743]
 [ 58.83670932 663.88303881 485.4601029  783.70659822]
 [ 32.38379397 254.04877693 302.53445908 125.57694792]
 [408.31806268 351.7932517  274.60740091  60.44786544]
 [670.40224791 270.43779477 560.2787842  706.39902289]
 [135.92342172  11.98870638 167.79113762 770.23460338]
 [467.27908513  62.52484397 172.40525395 193.3792511 ]
 [388.09062075 571.27328529 385.45842236 323.41310025]]","[0.39068096 0.40526402 0.92727082 0.65999726 0.45211781 0.01219973
 0.3217696  0.75360336 0.26717642 0.4279241 ]",645,2025-03-03T23:21:54.716274
44,0.8599503361892706,"[[499.03753318  70.45434897 150.83986191 344.47896761]
 [438.8836206  412.32395578 518.20965036 414.43147904]
 [196.1085489  215.51847295 642.48169312 464.1689447 ]
 [735.08768286 545.88397953 532.82424783 715.11039683]
 [301.70187783 311.96541141 555.59017757 143.16147298]
 [716.46897183   2.7924124  173.17246825 495.62796823]
 [659.14308714 566.00449387  75.21250104 287.38760869]
 [109.628634   213.03563999  65.37767812 486.25746427]
 [289.84114222 642.2120173  760.79939354 352.10779415]
 [180.16150595 149.95065492 302.31226974 587.19774924]]","[0.90402216 0.63488051 0.46164372 0.52631327 0.42982894 0.35193418
 0.61284602 0.13849478 0.63533455 0.74630244]",646,2025-03-03T23:21:54.721886
15,0.896406879508299,"[[493.84729233 460.50372983 725.79699008 713.11672831]
 [316.03505071 353.43087066 432.91625493  65.48994557]
 [650.95622846 287.08788537 497.60762103 221.48255239]
 [503.49710966 254.83306732 541.89132937 529.05731176]
 [696.65883549 291.83351269 766.39613531 340.62741027]
 [ 22.28146273 289.15773083 265.89709864 549.10687753]
 [544.63451505 612.60299032  89.77891177 500.20735974]
 [518.8207235  776.82894661 189.63173207 238.37477034]
 [466.40630955 603.62832885  48.11735786  88.71606851]
 [185.0261583  431.50350447 700.74052618 695.2841011 ]]","[0.74844113 0.9977358  0.62697277 0.41390033 0.53009143 0.36739687
 0.42541453 0.66435119 0.47395034 0.98903736]",647,2025-03-03T23:21:54.727691
13,0.945358157238231,"[[596.19198124 252.58588678 189.59773406 745.50286659]
 [200.4321774  719.04333642 534.72815064 211.29230735]
 [612.03243954 261.85262444 663.9496964  636.65478133]
 [219.03534498 304.94587211 247.91850803 316.52033614]
 [ 83.73144222  15.03175559 722.95633132 698.73009929]
 [529.77841482 230.43283671  44.26593824 284.26137214]
 [796.32827206 788.28665609 729.69725257 288.42511382]
 [677.08510249 391.80680496 511.43897493 168.18979347]
 [712.40753872  30.66991068 253.42178183 292.68599483]
 [ 72.79988423  71.37607166 655.10636095 433.41194204]]","[0.27853764 0.23854629 0.91172936 0.18531284 0.66269939 0.22608261
 0.43828188 0.34722208 0.33610245 0.20412982]",648,2025-03-03T23:21:54.733404
24,0.8196966585830717,"[[693.09522535 162.89418385 510.20173933 244.17109438]
 [354.70826282  63.53408769 433.59221713 119.08395543]
 [536.54592785 213.9420227  710.71125424 229.39300779]
 [ 73.53932256 202.50931887 250.86814692  14.86172683]
 [ 64.74254658 508.6574651  421.29321997 313.64345733]
 [ 64.60245196  23.54941911 213.67578702 509.1005812 ]
 [137.28959692 126.50712001 206.69634533 677.73438832]
 [619.06866819 616.4214911  650.48833043 265.58687275]
 [276.46312695  28.59163546 402.9850531  198.32398329]
 [602.99809484 507.5292778  151.82636316 640.04492319]]","[0.85892799 0.35584455 0.84619008 0.54949559 0.31954047 0.35413779
 0.22138334 0.39956106 0.05773061 0.76524516]",649,2025-03-03T23:21:54.739417
32,0.946872773304169,"[[ 65.71343077 377.99514596 256.52780773 628.49015748]
 [ 49.10563302  15.16826284 577.74912147 785.8741972 ]
 [ 87.68514202 138.21066639 664.42587736 344.44810645]
 [582.1856081  116.38614715  26.56930363 639.17017796]
 [485.966312   478.6364052  640.1278381  153.2370499 ]
 [211.88051341 777.6603974  308.38742191 290.92805964]
 [750.81473185 770.65028098 410.52541754 459.37173824]
 [561.65761406 701.38270818 303.29932938 349.03384686]
 [293.73637337 376.48273087 475.47921404 775.08026687]
 [ 40.42233859 580.97350062 659.23455561 660.31352567]]","[0.46727121 0.62055452 0.57442474 0.71430315 0.1966027  0.76880732
 0.6404595  0.99981298 0.7437527  0.00775024]",650,2025-03-03T23:21:54.745815
23,0.867280315603475,"[[ 94.0900287  593.28785999 598.8201947  223.65483043]
 [573.2990218  787.34879528 455.93112062 727.06268092]
 [178.50929001 245.46503259 524.05403806 113.21798556]
 [784.99325451 549.52869317 331.38881769 168.06916264]
 [482.66299873 703.3844073  622.11185854 351.30670859]
 [ 88.55566527 369.37958101 313.150292   205.7716851 ]
 [185.00200354 153.43925379  66.40410909  55.23164958]
 [531.04422917 426.60802671  34.34095065 543.41741771]
 [380.57256573  49.81419852 563.72253259 388.56021003]
 [476.94967035 394.0064861  636.59397171 237.3836344 ]]","[0.10082824 0.71360703 0.1927341  0.17542703 0.81342759 0.18788893
 0.81544359 0.64102361 0.94961841 0.75982006]",651,2025-03-03T23:21:54.753815
31,0.8879233347350057,"[[505.52143272 247.09174363 764.26762567 231.44334842]
 [180.43956593 462.03593247   2.42247071 633.69466138]
 [681.43927216 340.12827086 107.8597157  634.87262544]
 [  6.91441829 751.3410201  135.14823914 586.69350498]
 [498.71141637 656.20786485  11.36163995 505.2995174 ]
 [ 70.13014094 151.05627815 715.66700358 699.35494311]
 [554.37744684 700.56271164 733.75531276 245.21307939]
 [ 88.75386183 275.01726379 196.1893176  146.12979197]
 [222.5515271  741.49804787 799.39404489 182.82535853]
 [359.77125583 178.21879882 144.54710417 656.48770333]]","[0.15184639 0.97722395 0.95714966 0.98583411 0.06631919 0.79257527
 0.03411061 0.8118517  0.02101356 0.36477232]",652,2025-03-03T23:21:54.761073
35,0.9059019815446632,"[[784.79449304 500.99559138  65.73644238 407.03202711]
 [501.73741027 757.47612625 314.49742061 225.10714002]
 [258.96725435 785.55939729 303.4482972  628.65582469]
 [324.76469154 311.94474787 338.39606146  86.66506744]
 [ 60.13121084 209.66648722 410.03694142 772.40339517]
 [747.02008412  82.08613251 297.63023049 227.72385536]
 [256.35607827 353.44523905 133.9764892  245.78132977]
 [ 39.56546582 247.76921446 393.84576322 322.63814769]
 [510.51710526 307.28028565 513.36573075 420.28530275]
 [558.04461648 310.48956129 458.61281839 206.67292897]]","[0.31303071 0.83600657 0.42849384 0.17324384 0.71726646 0.74488257
 0.62944654 0.2362386  0.04758771 0.4694387 ]",653,2025-03-03T23:21:54.766693
45,0.8559826088764363,"[[366.89507801 317.84984007 514.76722841 631.38661744]
 [129.96041539 177.39227153 642.68013485 525.30537043]
 [396.02548891 164.7414777  583.29812038 157.38741296]
 [ 40.11009231 511.59750909 565.56940191 122.55898634]
 [ 98.56367283 309.79380385 794.49099573 100.24098758]
 [677.40158754 584.9084432   66.6060524  654.39469019]
 [296.9791216  375.11298467 786.5805268  398.36234007]
 [  5.14659021 736.34864294 521.85409596 154.83586132]
 [538.40270296 268.47851692  49.48252622  36.00820322]
 [517.81701793 594.66960123 589.08221404 342.14848057]]","[0.26323555 0.26032592 0.95155156 0.56396889 0.45783579 0.62657206
 0.39640317 0.83155546 0.9496443  0.7021334 ]",654,2025-03-03T23:21:54.772903
43,0.8288762135147215,"[[135.54855884 356.7981269  538.58208424 659.51816472]
 [440.3660773  613.85029144 621.08127414 729.60463703]
 [377.03395654 341.29101891 333.21914403 512.95117437]
 [480.32391893 279.70327195 520.59947971  22.37756683]
 [483.44272517 370.2558438  738.90137703 199.17925891]
 [371.32564796 425.92215931 392.77181113 338.53503506]
 [617.16191477 568.8268652   77.49496291 656.90562137]
 [601.99012429 422.87281336  71.62217767 287.6700307 ]
 [791.72893979 291.37213038 290.65335157 644.04441359]
 [123.36278857 527.27593892 287.96469548 586.42646333]]","[0.91542399 0.92365295 0.65749109 0.11103177 0.17422033 0.67437353
 0.30944295 0.92225075 0.65725141 0.8963544 ]",655,2025-03-03T23:21:54.779386
42,0.9386175959993004,"[[571.15373896 769.24619218 393.06151327 721.83319853]
 [ 67.00871558 776.13281108 687.94204745 615.98006241]
 [630.74151813 740.77262149  80.47053089 134.83035895]
 [790.91232651 568.99385839  57.00962163 651.3096373 ]
 [590.15096245 451.1416298  670.40718561 748.32501569]
 [255.69248593  33.10146945 347.91171375 574.11748463]
 [649.57074265 529.27424097  42.69035747  29.94909452]
 [750.75710074 257.8585412    3.96156146 729.82429688]
 [545.62453064 175.07426827 526.05955063 226.34896197]
 [452.93083569 567.503429   698.232104   437.65946677]]","[0.48262716 0.60784294 0.11891165 0.91510449 0.37042    0.16956485
 0.58049216 0.46136063 0.93342509 0.2285281 ]",656,2025-03-03T23:21:54.785949
47,0.9095268843164369,"[[157.17971932  42.54858504 580.95339908  19.02168532]
 [527.80801675 797.31123259  36.17243178 385.41009581]
 [240.16527383 648.86767923  10.57777239 359.44319363]
 [234.49382684 414.99731472  14.27701686 465.43786905]
 [613.04441359 785.67667381 362.12929293 230.33096544]
 [397.39594754  54.26052856 788.76685543 225.53154378]
 [256.58159885 363.8777939  462.91449484 670.73155117]
 [616.82035246 512.1085152  420.01961714 431.32103636]
 [461.89411651 522.04529347 411.04483757 515.5256542 ]
 [555.02704219 636.0619668  648.77188075 406.43590384]]","[0.51638953 0.05164888 0.8821897  0.31389988 0.4514012  0.55040092
 0.97344889 0.28236175 0.87121218 0.66950911]",657,2025-03-03T23:21:54.792792
29,0.8740554531076901,"[[271.04734223   6.49801465 541.9894795   36.11570515]
 [355.515665   345.36230172 644.19840268 352.10623966]
 [492.459973   649.99431998 134.35137858  88.79944752]
 [430.77698068 792.14098329 428.4718347  170.91369882]
 [248.55743964  90.4201568  467.20530963 384.30176384]
 [497.95320657 667.41217732 653.73542588 166.53248478]
 [170.42617956 440.43263572 367.21239866 398.63708462]
 [207.76541326 760.21169299 241.42866775 406.48680066]
 [406.13171823 684.00390912 722.65800858 363.98814874]
 [367.3613111  423.08044276 173.09084293 625.05479859]]","[0.13155569 0.48663606 0.40994897 0.58497605 0.62144615 0.7472178
 0.85322106 0.15370324 0.17465359 0.16604643]",658,2025-03-03T23:21:54.800843
18,0.9143156869942582,"[[458.28758475 520.36769952 589.9028113  442.96002011]
 [476.42691681  62.63054759 206.50048181 150.08586868]
 [451.84787816 233.86711024 211.63863284 192.26161242]
 [118.4755649  234.29329551 107.52070514 477.31638674]
 [361.12506916  43.53493844 408.35893353 379.39552796]
 [569.05563572 648.39495229 474.10213378 653.00461226]
 [377.29659076 313.03217209 333.01807846 521.12896996]
 [297.65923579 536.61087528 535.54160578 440.40261646]
 [765.79294039 102.61670825 173.1224387   33.07301608]
 [653.23522263 599.56754882  17.80463589 121.16446345]]","[0.65742338 0.06952977 0.64094217 0.77882223 0.87645454 0.95662799
 0.78386767 0.95658604 0.67091376 0.59374791]",659,2025-03-03T23:21:54.807238
22,0.934488129196048,"[[514.4023963  445.23018471 170.96031725 406.01475538]
 [207.3231545  226.39388781 231.25677273 155.63552578]
 [605.38789681 595.71105522 115.68657048 244.13041061]
 [515.64898748 470.46752851 403.07332623 576.42716194]
 [633.42097803   1.71268466 187.43415153 715.86199212]
 [593.65921422 476.36319824 197.88071938 798.62425164]
 [563.01793135 198.01831663 288.10355316 470.75376905]
 [356.473055   169.63714658 405.35628799 368.34943713]
 [ 32.27376429 279.4604929  689.59571424 477.56981868]
 [ 93.32209493 594.29335564 693.63971167 270.02487484]]","[0.40990466 0.13303113 0.40090328 0.95487036 0.98897564 0.41388313
 0.30994512 0.69834722 0.72629229 0.23847757]",660,2025-03-03T23:21:54.813289
39,0.8897253800126502,"[[220.95270199 399.52792999 681.36079339  50.85612046]
 [461.71337081 329.2466042  176.40478598 149.10715316]
 [ 47.29804515 555.93514366 126.70399315 729.24952462]
 [799.37992558 232.83625148 396.86329425  37.8457491 ]
 [120.37677822 621.89291622  46.5948047  222.12753078]
 [560.90920133 459.44965705 247.21894363 734.06357072]
 [693.58923482 267.88557602 179.3858904  293.76528344]
 [  8.9872236  362.42917353 473.59298751  44.3826268 ]
 [117.40246858 310.12796199 446.37168847 154.05907298]
 [642.31952041 584.69445468 744.39346818 194.21421154]]","[0.63768901 0.573073   0.65062437 0.09861327 0.77384944 0.74538816
 0.71088379 0.17662113 0.38828767 0.52813616]",661,2025-03-03T23:21:54.821262
17,0.9143208371151587,"[[6.80254178e+02 5.46509253e+02 4.86333205e+02 5.47132939e+02]
 [6.81099441e+02 1.49516734e+02 1.82431564e+02 1.81116079e+02]
 [5.39818979e+02 5.96394834e+02 3.97371136e+02 4.32528421e+02]
 [1.65489616e+02 2.80860868e+02 5.68747556e+02 4.21952508e+02]
 [6.38302972e+01 1.19897202e+02 7.29294020e+02 1.50890506e+02]
 [7.25286762e+02 7.91348148e+02 4.08457514e+02 1.35052021e-02]
 [7.15316737e+02 1.35687588e+02 6.69049100e+02 7.39128360e+02]
 [5.18353518e+02 6.50519615e+02 2.75386050e+02 3.52896946e+02]
 [1.32355185e+02 7.17804993e+02 5.36381648e+02 7.40705936e+02]
 [6.35223880e+02 1.02922487e+02 2.84870667e+02 6.42501981e+02]]","[0.38481355 0.4678362  0.86177822 0.55539207 0.24899418 0.15456466
 0.03413367 0.99956059 0.31851125 0.0542129 ]",662,2025-03-03T23:21:54.828055
30,0.8061958170669299,"[[745.25171757 272.9237759  467.88876192 346.24731582]
 [483.63425844 732.83887185 762.09496458 669.90562291]
 [524.63471029 262.00530959 219.7108372  171.2012103 ]
 [ 35.6150403  680.51578551 124.00434558 420.04870107]
 [730.45153835 504.6260336  537.72749307 379.78184912]
 [679.44396741 360.09229887 614.81692089 586.81369499]
 [411.09850775  31.73043707  88.08468276 181.74694976]
 [652.6548578  310.77722504  46.95130989 516.76546553]
 [311.89533817 137.87152824 533.33752382 556.79143973]
 [113.15474207 699.53713734 413.34732878 475.69931604]]","[0.68703308 0.49051446 0.80634351 0.90339262 0.58214105 0.80473809
 0.30240237 0.22400915 0.94069503 0.3722364 ]",663,2025-03-03T23:21:54.834847
40,0.9059901079005871,"[[470.12035702 690.71076468 652.85063406   7.86859799]
 [181.33782081 191.3219507  331.63952684  83.37701764]
 [692.04052021  58.63737254 326.12357602 685.45798769]
 [339.68939993 637.42036105 185.55327904 395.23401205]
 [404.94433853  54.25270354 263.61282298  72.94640093]
 [114.02366528 723.92671803 387.88262136 566.16318681]
 [279.22427636 510.65561231  36.46881373 462.68508475]
 [264.09000286 506.53272389 276.49378111 322.16312526]
 [335.27708276 467.2619926  123.90829389 727.34556493]
 [246.40171358 297.35510073 279.49002204 226.83227906]]","[0.96357068 0.85599438 0.44465341 0.12429775 0.41850988 0.60618033
 0.2186906  0.9146179  0.59300859 0.29595445]",664,2025-03-03T23:21:54.840696
33,0.9357488194960355,"[[ 88.85552162 264.97151226  61.1046562  677.14429101]
 [452.17301185   1.06645337 636.76379498  97.64655937]
 [103.19175327 403.74961138 759.91695297 419.71677973]
 [261.87323278 244.98160008 706.654045   469.91989937]
 [715.04687252 490.81894039 641.38383912 680.35156156]
 [495.74904414  48.06481313 747.87235896 529.82065971]
 [263.17646558 777.88744684 724.17500939 595.65521124]
 [798.57141598 399.10991538 102.53669538 261.30415952]
 [213.49994566 311.64973199 710.69601397 658.31458176]
 [428.63504055 542.82519141 596.40171088 438.28805402]]","[0.32699389 0.94631169 0.26102947 0.09782013 0.84049804 0.42780958
 0.35743692 0.5867356  0.70405386 0.89145836]",665,2025-03-03T23:21:54.845977
21,0.9034288660308005,"[[164.76548824  21.17879733 479.46203812 367.31451389]
 [ 70.76585308 713.89064592 383.19253525 653.44593905]
 [566.88366262  55.88147939 688.16292052  43.72680264]
 [373.56822992  67.92995604 732.33390946 204.99145333]
 [754.45971185 636.56772262 600.81517531 593.11260795]
 [739.60680515 332.98563053  94.5820572  212.63866339]
 [561.58412099 227.4858793  361.61230996 455.19916249]
 [166.47118271 389.22774621 681.01969291 661.99013456]
 [300.23037203 222.75559544 521.06532426 531.10415831]
 [707.38406815 693.31173214 292.93013147 787.14973217]]","[0.8810041  0.72248732 0.24952832 0.10084992 0.87190897 0.07429455
 0.34546498 0.54095623 0.15777644 0.26514444]",666,2025-03-03T23:21:54.851962
41,0.930743919069889,"[[484.87981539  90.16607933 776.416976   514.20439588]
 [504.42382973 772.37723424 766.4633562  248.75296273]
 [439.36238183 574.19493958 444.78843965 282.33938427]
 [615.38726275 209.19714052 281.20147122 671.52412872]
 [475.73912804 499.78941927 582.94677415 230.66270333]
 [684.86754588  85.56822152 561.48639305 759.28458644]
 [135.82925691 580.59340049 515.21527974 638.21623874]
 [173.28809308 103.00867398 118.13406327 432.00041684]
 [620.37987981 457.93239082 423.84112657 403.13485302]
 [380.60170157 146.21932152 173.18150328 232.48173388]]","[0.833517   0.47238646 0.66650393 0.21322021 0.19189007 0.64689286
 0.46245721 0.82648044 0.89422482 0.67048347]",667,2025-03-03T23:21:54.859265
19,0.8146053457705693,"[[716.31055102 515.78332914 436.87478481 283.69944335]
 [ 48.17865642 715.77320931 424.08353084 600.66999793]
 [238.36692389 722.26123488 558.79266292 724.56502169]
 [116.40538181 685.01332187 395.41715528 602.19607053]
 [437.10864306 640.44021961 792.65794584 708.1010374 ]
 [188.74737813 233.31472528 319.93389947 365.70858689]
 [547.78428189   6.82850077 302.4275892  500.35419027]
 [455.21477625 728.3888503  317.25198655 257.72939834]
 [265.53783784 581.88293571  99.05057129 790.68079328]
 [ 45.08589067 193.63547986  61.3770615  396.50046265]]","[0.03410169 0.05871848 0.46629666 0.3305531  0.48897611 0.36304938
 0.48425197 0.84882107 0.79990845 0.385808  ]",668,2025-03-03T23:21:54.865267
10,0.8993013472431629,"[[603.64459206  99.74764317 708.62800449 246.51704024]
 [371.04236238 221.72106652 466.10260233 474.07549631]
 [531.37218076 664.83182677 728.25171643 674.40667232]
 [300.58929883 528.16291908 241.59792877 290.7370947 ]
 [752.9601151  168.8453969  413.31919213  29.31246659]
 [  2.24670908 209.4980328  542.57210754  24.31788774]
 [430.22574182 729.32819722 660.49860726 152.89937379]
 [ 10.36083349 520.02907225 131.10327302 604.58408955]
 [179.7212908  219.81400888 595.38555258 273.49549245]
 [688.70626304 227.33418698 781.59188317 669.55175093]]","[0.85620794 0.76362828 0.9763176  0.65596052 0.94218384 0.73547531
 0.32925689 0.77323921 0.15257386 0.52495599]",669,2025-03-03T23:21:54.870265
14,0.8238827822521114,"[[549.70702401 125.80991137 149.0823869  164.71572387]
 [192.03590298 530.58352434 746.16729989 179.54297127]
 [441.60887857 609.14822395 530.22092799 403.92368493]
 [529.53141445 658.56363868 461.12458563  27.74133818]
 [310.86263099 207.98791089 570.40337818 744.12322468]
 [ 40.33842048 298.31739237  84.27261561 761.13629006]
 [469.51699488 120.44692176 482.17758107 324.71309788]
 [ 31.72573302 697.8141223  519.0049059  271.92337205]
 [ 69.43622336  63.18247342 201.95190981 472.72041878]
 [764.01586108 483.86041533 448.61647571 672.7323481 ]]","[0.85570795 0.22927772 0.45031171 0.63625022 0.62613963 0.81187553
 0.47257178 0.34297145 0.8575304  0.02903293]",670,2025-03-03T23:21:54.876558
30,0.8146686381676808,"[[373.77066857 774.88946912 174.01544129  26.97641583]
 [196.31743609 413.83255226 639.1968835  489.66583255]
 [260.1769115  229.19639905 784.34687881 156.00884796]
 [455.96757051 337.4689693  203.74343199 190.81511517]
 [701.04274654 390.89158886  25.84149765 218.23010258]
 [421.47132613 289.49918102 459.69660784  13.00665402]
 [578.67970387 228.49593093 354.43848245 733.3887813 ]
 [617.7080747  305.63472654 500.38791871 413.35381115]
 [784.68299656 778.37209496 713.08760264 244.32164929]
 [ 13.20347862  53.86337196  81.52575894 175.94495742]]","[0.91524195 0.59050521 0.44613644 0.32807056 0.3259794  0.91699466
 0.45012575 0.87765253 0.9034421  0.34063704]",671,2025-03-03T23:21:54.883833
37,0.8115189523588937,"[[ 79.89289228  81.56674658 452.00803316 740.8943763 ]
 [274.40727357 457.19398648  29.28392526 234.77823532]
 [275.98943188 455.48449904 480.51960738 433.11145639]
 [549.28867487 154.770726   104.61930881  74.18366115]
 [ 39.62764799 443.0495629  521.49364642 430.90804061]
 [404.02345772 200.89326838 284.12808512 769.38227069]
 [798.96433197 585.98798893 244.5992047  582.17288517]
 [ 14.96608472 414.30891376 375.2230577  630.26957639]
 [643.39923334 249.08778153 568.62987756 764.10255046]
 [ 46.943984   411.62345033 566.48807681  51.8128313 ]]","[0.41062885 0.47206327 0.95910567 0.27028097 0.17723569 0.95855444
 0.16698996 0.52552982 0.84043428 0.9256483 ]",672,2025-03-03T23:21:54.890970
24,0.8128979200187331,"[[107.50433952 102.86915376 791.19869011 604.02352519]
 [655.14067347 223.99477312 310.70224855 192.51668491]
 [534.49384402 528.52625888 551.92805728 206.40408248]
 [307.34711397 369.25174988 297.39826196 184.52654559]
 [612.19350776 340.26199858 108.62369834 175.10721671]
 [423.93725747 375.66672153 768.23570933 716.92593147]
 [319.1485467  154.49472716 453.68861088 116.83730142]
 [379.53040809  90.66132013 676.53442298 382.14340095]
 [ 95.96453153 533.73773511  49.14154754  44.77114966]
 [247.75089607 591.68605201  36.9887121  686.62979168]]","[0.86686835 0.17787169 0.64206948 0.90257795 0.23621042 0.4704734
 0.66984791 0.24811496 0.67326553 0.64888053]",673,2025-03-03T23:21:54.897690
46,0.9145595734338798,"[[294.83380303 502.69517739 744.75524757 211.9237702 ]
 [ 28.01382745 175.28000592 158.19191856 463.28991367]
 [777.6390971  725.81926728 158.69046776 109.06044921]
 [332.82890447 452.37702732 300.86992491 307.66159087]
 [411.36236065 145.9920437  312.61460346 631.13692134]
 [128.92351877 688.14769048  57.72546273 726.94820779]
 [659.15932538 253.58711181 793.47925863 614.82030507]
 [346.82647157 115.05303334 348.39292642  26.57987881]
 [267.73540219 550.43321826 147.5438884  337.91302943]
 [718.87110475 129.24183725 758.24751347 613.32179194]]","[0.58319451 0.66228389 0.80271187 0.01042696 0.66168127 0.33458278
 0.12708205 0.65589923 0.92206036 0.03837134]",674,2025-03-03T23:21:54.903180
50,0.8255808311111553,"[[293.27043512  47.19952634 161.84028717 298.10342971]
 [269.47912171 420.06092003 161.852281   747.13970404]
 [623.01190307 648.24075563 661.78664204 391.92224816]
 [ 23.23619972 664.13207803 265.16098104  66.74550379]
 [399.81405503 335.11069544 617.16263928  64.48716594]
 [ 82.13090015 563.74869399 201.74640175 698.21305811]
 [204.37448953 567.52363722 387.28148409 120.15480167]
 [512.89233315 168.72723377 465.93499319  21.29866334]
 [514.52289825 510.35755313 576.59105983 609.82952726]
 [ 40.8719308   80.11625076 419.21499638 393.01856171]]","[0.70544712 0.35585188 0.18350054 0.40630837 0.32371382 0.51742916
 0.14417062 0.96284769 0.09631491 0.67690589]",675,2025-03-03T23:21:54.908403
38,0.8822260494621055,"[[ 48.9100751  639.88576163 466.62221459 648.30609528]
 [459.4657618  424.92042314 796.48950247 584.35451735]
 [370.93339276 680.96330963 124.66834437 494.63463558]
 [461.68193175 134.73170141 481.95929822  88.21875562]
 [347.58078012 415.51948725 665.67745101 595.74969961]
 [513.00907219 228.89300891 768.72037846 183.73027839]
 [663.03406356 497.59904557 685.64914327  93.06072411]
 [111.67458782 221.83199376 194.87233597 138.09560492]
 [518.38011947 243.39466992 142.37241297 366.25439628]
 [273.97138231 688.48951497 433.72520535 590.34652061]]","[0.74056474 0.05337735 0.86045047 0.53688515 0.00602231 0.56068422
 0.59618701 0.46638042 0.77524472 0.06568042]",676,2025-03-03T23:21:54.914312
31,0.8969329684306218,"[[796.6102834  579.32719214 541.7956943  413.62485255]
 [772.404733   362.86521674 704.63113555 578.31475574]
 [235.15398327 190.00496274 494.83243542 730.55547113]
 [ 26.94674105 313.67807748 444.68901397 279.0736288 ]
 [313.64404781 157.40584353 521.18782785 444.9543792 ]
 [669.28799954 207.10815963  14.06358226 783.41532033]
 [148.74822505 408.73762849 148.26985604 613.73220608]
 [294.75530356 520.60635926 464.16944379  14.69683801]
 [648.03822359 655.69557995 213.85749868 622.92226343]
 [ 73.74950966 564.09578522 769.63929696 389.73703424]]","[0.24402946 0.98262702 0.87308692 0.20808235 0.99767646 0.47808613
 0.50740062 0.79820474 0.80959111 0.56271788]",677,2025-03-03T23:21:54.920718
22,0.8247806948992384,"[[135.34514646 782.60992429 621.14294006 244.33269163]
 [181.49822823  23.84967327 239.68103198 410.46073172]
 [479.30322638 172.44970081 561.35903651 420.13331436]
 [356.3581855  493.85113357 309.69052305 681.54369595]
 [452.13706955 734.5445013    2.38060687 715.10684339]
 [312.91787162  49.68530119 673.38500072   9.5976685 ]
 [574.54772621 437.07903785 210.21074905 665.37381657]
 [645.31125539  30.89570374 778.52336535 689.15434481]
 [441.74444469 127.09476118 499.04043927  97.06953456]
 [594.63801458 245.70380415  32.26745582 530.29041664]]","[0.98421533 0.10967973 0.47341191 0.25269832 0.7490514  0.80945367
 0.95377311 0.47356596 0.04673125 0.17220347]",678,2025-03-03T23:21:54.925956
48,0.9435022169682781,"[[627.32213034 602.71077778  44.97267637 539.53042272]
 [441.51050755 766.78554977 756.13736033 187.13048835]
 [762.26295315  45.02070634 494.3746158   47.52434837]
 [324.40876364 134.04317856 135.95089228 752.16669465]
 [435.47693377 461.09184586 743.44497669 311.40003877]
 [713.39668703 794.80775119 355.13743841 109.0109694 ]
 [471.61935232 278.0743853  274.12728379 208.80989295]
 [489.47424229 702.25113141 567.13861651 734.91178822]
 [625.57655538 184.97604214 118.12258254 167.07746867]
 [659.30401295 200.92628259 763.53926371 387.04448812]]","[0.23088783 0.56449394 0.77044812 0.91736874 0.25740244 0.43537519
 0.67241438 0.41641994 0.5311677  0.89250561]",679,2025-03-03T23:21:54.932236
14,0.8384268802424402,"[[378.57498938 787.92507433 490.43929091 123.8947566 ]
 [793.90473059 521.54961242 209.34855956 344.93116282]
 [583.29793185 429.74342377 420.70847155 146.29818922]
 [251.19320631 639.82586618 422.0269743  752.67947389]
 [  1.7148811  605.98841107  37.22703574 658.44999644]
 [650.67040028 204.45927881 713.04361093 583.7756128 ]
 [ 84.64511242 105.0470558  726.30757539 743.81949374]
 [114.89065344 367.00386871  17.32954242 453.1757395 ]
 [241.77156532 320.02868999 376.95470047 783.802098  ]
 [472.07044015 330.10441163 483.2672161  100.9908684 ]]","[0.18854247 0.9250207  0.8978071  0.2993708  0.56816897 0.17579784
 0.19061781 0.45589469 0.38246731 0.2342852 ]",680,2025-03-03T23:21:54.938484
44,0.8358952312841431,"[[269.19490709 781.13502973 412.44505437 520.33894431]
 [686.75466752 328.68967988 249.86603558 477.96331749]
 [658.93389648 368.46097055 407.04341611 151.05251641]
 [714.95308974  76.13036245 154.06739974 376.54346991]
 [ 78.65330786 381.36187665 279.30728118 723.84794854]
 [639.27964785  91.27330092 123.9529225  436.17919394]
 [671.61388759 786.91715454 321.0281142  475.61835578]
 [559.5916353    7.97237362 327.04549536 346.24359862]
 [783.77721481 434.37458222 787.66245888 363.57516387]
 [607.57597713 580.01505701 189.51320831 151.00288756]]","[0.9245046  0.58445599 0.60704181 0.1047361  0.1936374  0.46995537
 0.0017168  0.25945942 0.44667805 0.8178822 ]",681,2025-03-03T23:21:54.946035
18,0.9195848175856356,"[[317.84599316 675.99159118 531.82645261 212.08474677]
 [102.40371041 209.71531199  76.75065557 719.43248081]
 [139.58794309  14.11747124 799.64916134 462.05561527]
 [154.99108416 269.91677927 252.51820958 551.0545227 ]
 [113.53780792 727.34604913  30.80570642  44.58182621]
 [703.96490019 424.62626243 279.87891254 779.29976572]
 [  1.02000826 415.32536802  93.82654617 690.6180782 ]
 [402.85544685  10.06108013 102.40769006 223.49726408]
 [692.08631858 552.72517938 337.63807833 762.54403465]
 [500.96151308 595.99971937 258.96713308 314.40926056]]","[0.50384955 0.37395639 0.77029313 0.30112565 0.89724165 0.44886699
 0.58167417 0.74748096 0.36949101 0.67487868]",682,2025-03-03T23:21:54.953614
17,0.806064920072297,"[[531.51658025 593.76037877 532.37230381 377.73532618]
 [660.29476574  94.44018059 487.66685865 380.87056661]
 [765.47651483 256.49755212 561.18228961 664.14289426]
 [776.99700945 295.83036185 237.79169146  31.67074032]
 [700.62509909  74.55539038 219.93907634 653.84121142]
 [501.7951631  510.41931087 372.00634637  56.63525393]
 [164.37885138 748.23169564 533.51769826  67.1357733 ]
 [415.57923502 180.53177929 181.25863621 420.90370277]
 [248.9210191  573.46171307 291.00620821  37.34534165]
 [738.10688987  70.47663759 746.13017064 542.70245769]]","[0.00688005 0.50141261 0.48754632 0.52600432 0.34345524 0.44121433
 0.19847586 0.34977357 0.61022089 0.41260127]",683,2025-03-03T23:21:54.959749
10,0.9472794433304507,"[[353.84375728 293.32643645 598.60901684 391.61874528]
 [438.2994533  507.60652778 417.35773715 357.60270274]
 [465.96470039 598.06934412 365.31000721 138.14993872]
 [193.31565834 646.30091868 742.10305207 111.79417665]
 [548.67287834 313.40826535 163.51114531 197.51796189]
 [574.02470984 659.74893624 486.24795678 220.20887506]
 [201.60542526 551.55140857 777.27289084 243.80515004]
 [651.15071764 795.91336304 391.36946673 600.23736508]
 [513.05648322 234.10153829 754.98034282 487.05431448]
 [166.84056962 378.65664761 195.58699875 762.26221893]]","[0.60437299 0.73099305 0.42287858 0.22152109 0.82093518 0.87172984
 0.10965666 0.34998468 0.12792736 0.14963313]",684,2025-03-03T23:21:54.965132
16,0.8758383231547335,"[[296.84012212 732.26032733 403.7205071  757.9479593 ]
 [641.91421781 779.52501741 310.87587524 467.82875896]
 [367.92093642 537.06663893 262.1200312  176.13928114]
 [602.13200269 228.89710312 606.82127007 787.07483906]
 [477.46704685 434.4804774  553.68787582 472.36073474]
 [455.72742055   9.30885024 614.46725513 520.57263283]
 [472.66488251 450.68328419 518.85118531 634.99469764]
 [623.49099518  32.38137665 390.79813291 742.16428125]
 [324.23695701 712.84795251 713.43677464 306.38136257]
 [431.76846019 395.19939504 628.09231064 364.14780257]]","[0.85216129 0.67738786 0.00961494 0.03662802 0.03150194 0.46451485
 0.12920496 0.78118429 0.3342449  0.75063024]",685,2025-03-03T23:21:54.971103
14,0.8313949313303383,"[[675.39809681 395.38116657 102.36252416 313.92722682]
 [581.71244278 384.16854    632.99093916 408.9519058 ]
 [286.88021351 495.43138418 225.18578587 333.38780046]
 [372.94299663 683.12224586 794.27760698   5.90277664]
 [194.05198584 472.31213126 640.10153849 679.19048558]
 [319.32920918 447.85289137 793.5925488  787.94332497]
 [412.07772029 319.65792738  97.22479749 781.33814931]
 [312.86523388 653.51729011 129.39813307 721.06736661]
 [702.34693635 752.51058433 636.65681869 454.40840622]
 [452.04597978 560.66925935  61.34771648 301.1194037 ]]","[0.67899082 0.70060542 0.75583835 0.26472279 0.11624304 0.32390791
 0.76911844 0.83861628 0.94845339 0.35523735]",686,2025-03-03T23:21:54.976110
32,0.8349751344421559,"[[254.98130207 578.12488906 137.1374625  679.59788502]
 [649.03200674  14.99233837 487.47288313  19.87700931]
 [293.82763489 368.62733063 238.99865803 564.55421398]
 [678.39092354 211.44025451   8.49913421 335.25913904]
 [262.34318225 237.32674764 470.31822851 774.29127407]
 [655.83179705 174.23448266 205.57581461 133.94552538]
 [ 64.06490188 716.76563453 699.34616453 510.94262   ]
 [469.08997802 111.65385413 375.23750509 478.11084639]
 [262.50224538 136.05842187 235.42987659 146.18906974]
 [476.96353102 466.78336778 373.96655743 435.91490545]]","[0.73722972 0.8705742  0.61385614 0.27319482 0.79782009 0.56945538
 0.32355729 0.64684338 0.08745987 0.54856345]",687,2025-03-03T23:21:54.981690
49,0.9021176449440239,"[[713.03631515 667.97259797 396.00644536 662.21956528]
 [174.59695789 457.86350265 451.6674275  559.95021594]
 [782.45142334 639.10707372 690.072474   211.50813766]
 [349.74484532 349.34461126 659.53074387 470.01782406]
 [659.42813974 395.29452126 640.27178579 417.61773026]
 [533.33402723 124.24598249 740.45994859 605.21665747]
 [657.00570331 422.3826211  525.52257715 625.08578491]
 [548.32748267 290.923817   101.39327445 517.30090231]
 [694.01395533 247.40868929 218.0851952  408.83350694]
 [239.26015143  57.54286488 419.16482323 220.23101909]]","[0.54323781 0.44486519 0.88504308 0.65278902 0.11995766 0.75600144
 0.0587384  0.09683619 0.16660073 0.01717039]",688,2025-03-03T23:21:54.987068
35,0.8505923107109663,"[[747.75233734 650.31348435 219.00534578 194.33518777]
 [533.03028337 751.61637666 737.37592149 632.21145696]
 [655.1759876   71.58351059 599.66676667 205.67190068]
 [395.47197458 118.68175325  56.13182824 617.3348171 ]
 [101.99456736  21.67340542  50.31429032 570.19473783]
 [353.87436679 649.90026868  38.42790158 108.8334607 ]
 [320.13860807 349.52609922 298.66110984 763.92019021]
 [415.16995105 746.29668079  93.36326609 118.60731313]
 [270.64611149 177.86913315 215.30008607 282.84374282]
 [ 94.2743969  208.75843366 542.09057465 630.97959726]]","[0.93832064 0.07419233 0.12045128 0.98598166 0.71614439 0.40450875
 0.34063224 0.93697347 0.78824302 0.00922945]",689,2025-03-03T23:21:54.992914
32,0.9213815920652323,"[[554.26558998 604.87959205 195.95483613 300.54386913]
 [ 25.61689959 356.02858683 318.92471889 519.04016617]
 [ 68.83858719 127.6068515    7.0867108  603.38501826]
 [216.30898517 131.4757208  394.94492709 315.02704829]
 [321.46054471 532.73691069 410.62206644  10.44415347]
 [234.48750227 620.79092547 589.27383387 302.34419253]
 [697.55504741 118.97956021 777.55737025 399.17508133]
 [ 84.06769041 411.11463737 677.74342343 453.06208904]
 [551.64395693 546.45647576 664.73105697 326.88072657]
 [328.52607768 509.53255649 676.63380503 796.67137574]]","[0.0578089  0.68477953 0.20012168 0.01249522 0.91683642 0.58224323
 0.30889099 0.0878272  0.1790022  0.37480917]",690,2025-03-03T23:21:54.999105
11,0.8887372372049464,"[[482.50815559 755.40877661 646.3425228  653.41126799]
 [512.44010359 761.63211085 514.44802307 327.07609843]
 [148.52045066 595.40645885 450.52462029 627.15360674]
 [426.96782014 487.55443434 698.28340666 106.90247245]
 [729.02144691 477.78514627 773.29292826 249.57747853]
 [647.04001397 177.79490522 130.0999179  329.91149388]
 [658.2772882  764.90017682   2.57409132 615.47595148]
 [215.91823621  16.49933578 696.26921403 284.76740663]
 [496.29013609 626.02561995 789.15932854   5.47963115]
 [436.94929899 737.56585956 642.24580397 740.08214717]]","[0.11164946 0.74995105 0.24537313 0.24800754 0.48118967 0.59019152
 0.32413924 0.34673392 0.84795118 0.33991612]",691,2025-03-03T23:21:55.005065
40,0.8236359290786981,"[[548.26767962 667.33288567  70.73682193 155.91605486]
 [132.11591939 548.55969103 346.48074207 274.11304938]
 [301.54857097 409.12502733 415.89534207 682.82912832]
 [589.40826953 526.43778034 724.58604574 376.38272577]
 [634.88249109 466.13251891   3.04733847 538.64633465]
 [463.4299532  248.73344452 507.74686404  46.3602899 ]
 [483.79413544 287.00775877 424.62076962 404.58823722]
 [276.30842843 352.83447054 314.45142412 367.22796842]
 [ 11.39459982 308.73603821 715.52021299 622.09272322]
 [414.27727925 134.60700728  23.79210682 590.03890172]]","[0.55129306 0.66013662 0.46600971 0.27165323 0.73084612 0.5412938
 0.409853   0.45700565 0.11492838 0.73559068]",692,2025-03-03T23:21:55.013553
42,0.9181718106271726,"[[ 79.30918915   2.39131965 320.67274775 555.31278911]
 [228.68345844 777.73151005 684.02678214 200.06377146]
 [624.47614105 740.10625934 536.29772896 483.95573408]
 [385.42927833  55.67220917 284.40792213 279.42737853]
 [558.8726778  628.86978143 336.42485208 772.2808172 ]
 [750.85278064 773.29010091 759.9980676  724.86396709]
 [687.47929302 185.25226222  74.9217603  225.44698481]
 [151.67033411 703.88884556 192.6772148  268.80339561]
 [243.472893   248.74621217 604.04733669 215.44856293]
 [296.70653737  12.21100399 781.21071893  40.00381155]]","[0.71594247 0.24621878 0.25919803 0.40155063 0.31809056 0.48221187
 0.78832159 0.04021235 0.31060284 0.95233561]",693,2025-03-03T23:21:55.020459
10,0.8627396692237022,"[[665.85312712 494.40988135 799.97670264 656.13785172]
 [311.07162872 438.50369506 384.65671873 406.74679927]
 [597.17637742  35.59470151 300.8999854   13.17280115]
 [ 23.90588797 634.37296795 263.04100543 430.72850887]
 [246.88872487 736.96904101 608.21670136  48.31957483]
 [356.10715924 457.87827319 152.11007501  96.41458675]
 [419.98890416  16.81752451 562.41286166 184.69702301]
 [588.12910458  55.96109317 798.19790682 740.77442079]
 [728.06218705  24.16093007 259.20841917 254.91630858]
 [755.50648454 280.67650463 735.88620032 669.26801834]]","[0.46569813 0.57708722 0.35927219 0.23188382 0.31148902 0.83021986
 0.01339107 0.00138118 0.06316561 0.32379139]",694,2025-03-03T23:21:55.026843
42,0.8568670837148419,"[[353.16789812  90.52701208 530.99036512 402.6632699 ]
 [175.23596405 422.64200732 186.88534406 764.53763702]
 [220.03221546 504.65440475 343.83679015 389.87862457]
 [674.13921013 603.07187116 213.04618583  68.33532675]
 [ 53.48965154 452.92101099 629.16682005 613.1433444 ]
 [717.71227537 307.85876218 128.15209816 457.3078279 ]
 [141.73567169 431.69401437 604.23595156  23.3608204 ]
 [789.49502655 592.17681477 667.75332169   3.94623381]
 [364.80449789 334.20362734 750.34636672 633.49708563]
 [102.96715795 450.79677367 415.25185796 279.16629926]]","[0.57354841 0.1624496  0.60756621 0.4035547  0.68582625 0.70371268
 0.50657145 0.5688883  0.58362708 0.23914612]",695,2025-03-03T23:21:55.032959
22,0.8752157246526799,"[[172.3875241  722.34893061 505.31414631 390.45992582]
 [467.79293257 365.22100219 128.57381917 772.57110535]
 [377.40438129  56.89189588 699.06047329 450.45566203]
 [398.44825219 419.18466894 454.2278792   27.64364289]
 [703.51692617  49.4224716  789.52656737 407.23866421]
 [ 81.46696957 637.64441842 353.66795297 171.88087952]
 [765.90200019 460.00769626  29.32414288 459.78096119]
 [307.26969624 121.55312068 179.75222982 472.91149555]
 [ 53.68124218 402.60418696 268.48205833 650.5823632 ]
 [335.13245976 674.74005384 204.72585482 779.80356795]]","[0.79013448 0.79665972 0.52182069 0.23093686 0.25638721 0.94371939
 0.66048578 0.62707184 0.77779435 0.1999432 ]",696,2025-03-03T23:21:55.038993
31,0.8163556271436254,"[[ 93.26078837  83.9325963  605.38050722 330.21403446]
 [665.0919866  437.31546227 727.72076864 337.04471838]
 [ 36.65831725 575.11244548 611.93834354 570.42449129]
 [ 44.43755804 675.89508742 330.26830988 503.92495402]
 [705.10619389 472.52386716 334.7641219  326.94585951]
 [479.99103477 685.66299608 792.66047088 450.6535178 ]
 [278.03230024 292.27699168 243.95194616 564.27679342]
 [514.36686759 166.54009961 589.17679256 319.99433222]
 [709.61943723 581.66597757 504.9841531  611.16872904]
 [593.31484568 293.27189773  32.03581879 490.57851444]]","[0.83227814 0.71200223 0.86488588 0.48095896 0.51522716 0.2461813
 0.49715111 0.1057143  0.15180024 0.34555364]",697,2025-03-03T23:21:55.045456
27,0.8322087142042556,"[[ 35.719185   587.04236418 521.31137651 365.33634522]
 [290.14638218 351.03294607  36.59079429 548.72532735]
 [604.10594666 631.40717152 770.52098835 540.82097824]
 [383.4584367  175.6916192  788.72022018 792.42990854]
 [420.2268335  235.42625877 399.43701093 795.26105728]
 [491.66085539 367.23316744 468.89359281 676.28869222]
 [441.24242958 525.66090817 666.60395272 389.03799505]
 [767.459755   697.63460055 173.63536338 414.93592911]
 [791.999028   556.29746592 340.28357234 326.17934883]
 [616.61788671 652.16791231 571.6983728  271.776155  ]]","[0.90910588 0.29813951 0.25894763 0.15089455 0.89855275 0.21665099
 0.1902735  0.86290183 0.21557739 0.12855461]",698,2025-03-03T23:21:55.050841
11,0.857320705871893,"[[183.64927466 304.90387692 712.14411012 737.86430484]
 [162.75642723  36.46796579 628.93211817 328.9795704 ]
 [760.48232082 179.88600858  80.31440492 642.60929772]
 [265.79593989  74.98052566 580.1240644   66.49286636]
 [738.49632355 747.29658209 632.43428592 426.85902603]
 [773.19193476 292.21599182 390.53400825 351.57315816]
 [478.48268321   1.14776786 426.88153967 586.22887218]
 [450.83673824 712.06992415 393.46674367  30.67662779]
 [635.76868145 641.48535642 415.17834199 244.08224341]
 [731.68765816 674.5656857  700.56713981 597.01201572]]","[0.01356438 0.96650032 0.16480537 0.5372443  0.12111981 0.51776872
 0.76081139 0.60643723 0.07462414 0.38018685]",699,2025-03-03T23:21:55.057895
22,0.941725263460406,"[[626.50921508 294.50829238 620.3388631  534.96504903]
 [682.55609383 671.00814615 475.41367165 403.67207892]
 [738.30262291  56.57879382 769.30159657  35.36257381]
 [433.45360748 527.63975398 715.72155693 237.49692917]
 [109.10385911 112.4430119  392.11606054 470.23983364]
 [ 30.99015145 501.63499318 747.99106489 428.58313604]
 [304.68860865  14.35549069 134.98165124 652.57531165]
 [492.41038669 402.19922557  38.39964965 425.25771109]
 [417.8334647  560.76461823 496.59681034  70.40632765]
 [663.40266347 226.77146836  63.75196791 708.50864761]]","[0.78230245 0.09575648 0.0211194  0.54951398 0.45299345 0.75684755
 0.71772634 0.81260462 0.86005394 0.7287475 ]",700,2025-03-03T23:21:55.063967
11,0.8584344420887441,"[[752.39891953 251.57719948 796.28703623 204.463893  ]
 [ 15.19365198 312.00843173 709.03230197 466.32707686]
 [447.81620758  43.9580047  786.02481441 457.05412755]
 [ 11.80807419 771.91825311 262.45696003 634.44035956]
 [450.47398582 247.79069937   3.21179216 259.63915406]
 [189.79374337 169.38196144  91.03691155 408.50121004]
 [224.29519151 768.25477438 632.13458158 240.37496142]
 [149.35112256 483.80428039 505.02591621 355.67529011]
 [516.83518008  36.52326963 645.90330955 507.80528326]
 [759.15709401 118.7015557   70.71298    776.28442239]]","[0.15517281 0.69510799 0.97722259 0.95796604 0.96859918 0.6963922
 0.7823854  0.33633051 0.62052955 0.93166726]",701,2025-03-03T23:21:55.071267
17,0.9386894743145457,"[[133.18670404 652.4129947  573.83500152 409.80194774]
 [335.37218889 714.80980233 489.1576307  401.83204417]
 [257.19034664  19.50146968  18.9624288  517.97215399]
 [557.71488053  38.85326972 607.51498463  52.65767989]
 [ 46.5585383  794.079212   786.7852887  654.55413256]
 [208.66085486 292.0565389  557.30894942 784.74951696]
 [446.06376437 615.245966   541.81480171 453.10778916]
 [577.80445888 593.31111133 380.53852437 191.62111463]
 [660.70866945 647.62643165 233.59241511 610.12415976]
 [142.01447853 780.68772832 409.24168081  82.15296381]]","[0.41085243 0.95595872 0.07729747 0.71285507 0.52638513 0.4550509
 0.46078831 0.3475844  0.91364647 0.94323139]",702,2025-03-03T23:21:55.078429
38,0.9030557774833431,"[[ 41.3815183  500.078052   771.99765228 642.67703518]
 [696.30931546  76.0564871  263.15846331  91.16331364]
 [553.84638025 287.96505715 479.43530852 268.35517306]
 [436.64854983 539.62885535 398.78292901 706.82484943]
 [711.15902868 531.7207924  758.32593698 610.60517035]
 [290.86212041 467.88956569 589.52356597  76.59954426]
 [430.06525128 630.17506124 675.2940714  512.21860581]
 [178.06815824 738.35050718 536.05733264 181.56628497]
 [491.34739402 479.33826482  71.78491115 583.37322781]
 [273.05407348 721.9176742  315.40137981 203.8588109 ]]","[0.14347381 0.28311872 0.16885026 0.72983385 0.09987751 0.67172828
 0.54596786 0.18385726 0.95265203 0.9975376 ]",703,2025-03-03T23:21:55.085247
12,0.9021283810135959,"[[616.06871935 481.11298423 230.1317543  521.52939493]
 [455.96436459 706.76068246 573.77148112 486.29171545]
 [286.17742708 477.66538243 472.32331102 464.02735796]
 [773.27495578 602.59839887 190.21593168 196.13221787]
 [623.4984242  595.15095732 752.34883566 223.08106858]
 [236.0332601  536.0393607  720.78974955 560.05678782]
 [ 56.2826753  680.15278537 725.70680256 464.72784813]
 [254.61836871 557.28597292 503.52512084  95.18369151]
 [448.99412389 506.17034314 408.39583169 751.66334717]
 [319.59625376 183.23981689 406.50713245 159.94324738]]","[0.4852469  0.14322133 0.06913088 0.42221927 0.5217586  0.64190538
 0.75535017 0.27373696 0.99020114 0.0541716 ]",704,2025-03-03T23:21:55.091266
12,0.8736991893843123,"[[456.46041007 322.73987361  47.64136092 315.99820788]
 [383.88129933 705.21054621 613.34952821 205.92202528]
 [ 50.0250361  237.89340648 533.09064772 789.99848507]
 [657.81236589 414.51430084 483.6792205  399.72668746]
 [582.93242542  43.60575888 347.34702542 412.34299176]
 [513.32577753 489.15098168 401.36903635 276.95354836]
 [212.50757799 241.25902695 745.62301447 164.87783779]
 [322.90384319 172.85440699 517.31286256 551.75907633]
 [442.94288227 446.11840209   1.93808409 133.18447459]
 [171.26326713  44.55133286 755.56858026  52.94734104]]","[0.46299959 0.71205819 0.27705579 0.68973763 0.97299346 0.76707354
 0.46438635 0.74409565 0.29148694 0.9787175 ]",705,2025-03-03T23:21:55.097294
49,0.9183174537019224,"[[680.52809051 682.08394491 548.64559047 284.21754677]
 [424.90470206 793.034388   310.21494714 181.78592425]
 [608.9584894   82.00727277 546.98602701 396.25509185]
 [516.30818721 116.37938436 736.13505089 514.11840664]
 [689.74216763 282.16856477 583.462807   662.00941458]
 [511.52653071 246.16741042 217.46131137 387.13247521]
 [480.14433292 743.48477051 752.17286543 438.74679822]
 [421.51111015 107.31153166 660.66018283 468.26969499]
 [614.27151298 277.55486636 656.05564066 773.20165813]
 [312.31022543 181.76437529 414.96036225 214.30036216]]","[0.86019697 0.86261569 0.46173364 0.55259307 0.08600682 0.90401228
 0.18031564 0.29051886 0.25023168 0.8056532 ]",706,2025-03-03T23:21:55.104824
44,0.8870774542276975,"[[450.59472918 170.94227962  57.12424801 271.61336801]
 [289.80960237 495.1202787  120.74152428 628.2809007 ]
 [335.06647182 310.13784584 748.65851382 678.58824126]
 [440.3357557  605.39888527 379.25622924 537.54418459]
 [264.16415013 659.58010123 506.9477185  145.28117953]
 [ 25.42904647 319.9361343  413.11877461 404.37789934]
 [762.65282429 613.42304487 406.84016369 737.90037067]
 [204.4516133  484.14210559 786.64197318 197.60817497]
 [590.71251545 242.50768712 549.43274685 762.08804417]
 [701.09895774 727.83777515 190.78616702 129.96484924]]","[0.8097444  0.187577   0.78404989 0.62944527 0.3548012  0.9855552
 0.95809846 0.09777617 0.51447685 0.34397349]",707,2025-03-03T23:21:55.111845
13,0.9479716724485907,"[[611.91765769 615.61132782 712.90814867 128.40503133]
 [612.25752155 100.20952711 463.37625545 460.93799167]
 [516.11718974 741.90036995 170.97171612 357.35584816]
 [ 86.41451886 191.26282056 117.91126967 120.34507217]
 [360.18745028 750.54039404 193.52112954 721.25051309]
 [577.64986396 338.87916039 287.69085691 149.8689303 ]
 [463.25826572  46.12076824 633.390209   686.16879798]
 [224.57035024 556.76169048 205.29203715 486.85268651]
 [212.93338909 622.10178534 779.285636    41.92885087]
 [526.9119941  425.33127573 262.4098457  794.77728176]]","[0.558318   0.9903922  0.29598249 0.76867318 0.97942707 0.76940393
 0.73946956 0.00753703 0.10999369 0.08160709]",708,2025-03-03T23:21:55.118337
37,0.9223293638655029,"[[711.26778415 546.17823953 679.5008472   79.00526517]
 [395.05402921 263.12485817 536.38390042 735.92861307]
 [ 32.79227982 667.32936782  72.23793156 524.72911254]
 [566.7348828   91.73976537 349.29787208 716.27934253]
 [694.56317598 462.93944614 210.36792507 196.84025826]
 [389.9830319  507.28173408 395.1610281  321.40805091]
 [723.34153905 616.84519876 506.88856828 364.39551516]
 [598.37682541 240.28242511 610.20642254  37.49138949]
 [ 49.77099548 709.13300962 328.68578013 422.79251159]
 [406.56783076 467.41215559 325.70653199 371.91827219]]","[0.88491588 0.98143605 0.8154525  0.76259096 0.12859145 0.5501506
 0.76740043 0.33029583 0.01101798 0.84310296]",709,2025-03-03T23:21:55.124350
45,0.8669053452028325,"[[123.61144644 644.22378001  21.06674593 239.24562489]
 [149.00993871 132.73134454 358.71478088 151.46444728]
 [382.83201811  69.81614134 561.57813482 694.21255431]
 [625.22636663 568.41150167 561.07373505 652.74916156]
 [679.51782743 211.33542949 723.25468083 432.44673094]
 [ 99.74813292  19.8198552  410.80896997  43.33325618]
 [603.90582932 426.59828641 166.94433451 678.64312461]
 [590.84369548 762.57528123 234.166373   105.40904944]
 [326.64976157  51.79451481 583.08202595  69.63733654]
 [690.68445746 798.65648075 134.96414264 643.02770297]]","[0.80521596 0.55378531 0.57563267 0.25406152 0.58224393 0.73564407
 0.14385757 0.75911644 0.15494602 0.93377111]",710,2025-03-03T23:21:55.130603
32,0.9005948500323782,"[[449.47484839 701.68735692 620.12141411 679.24577445]
 [302.2209395  709.99779194 777.9692282  521.73914235]
 [283.94733306 563.53520642 651.26413767  43.68711519]
 [ 12.50565695 628.01006553 736.87310436 467.63068193]
 [530.28898173 349.66517469 189.90823853 186.92754808]
 [727.1841933  316.65999322  11.59399318 695.68646218]
 [740.76442519 224.60750056 228.15996083 562.29759526]
 [682.82153421 472.3691715   20.18811081 561.71767791]
 [ 70.30876792 776.83191121 472.52499352 388.51556398]
 [ 80.15002378 536.83763111 412.71338702 693.58154006]]","[0.60095136 0.05494888 0.29614185 0.46756555 0.88700285 0.97694546
 0.19511123 0.10065279 0.32280271 0.72575741]",711,2025-03-03T23:21:55.137960
31,0.9276683126047615,"[[262.0837232  237.10395289 457.74489273  78.37578479]
 [442.59108151 774.62823104 281.03106148 721.24884433]
 [ 47.89780431 113.40921078  77.19027041 347.38948862]
 [744.41938829 362.04667252  77.6327229  488.60665414]
 [541.71682779 145.00013211 629.53961569 141.67416753]
 [ 25.6189364  564.91119076 641.76209457 155.47776499]
 [107.35911666 229.02803586 324.40657929 643.48613   ]
 [275.92141762 407.14866938 768.79523674 444.16628681]
 [145.11501447 325.55165108 465.37762653 186.32562236]
 [117.3075671  212.24564902  17.13516814 144.79583635]]","[0.18527714 0.90100673 0.16936777 0.6880313  0.22040944 0.09180882
 0.57588084 0.26840535 0.79188645 0.17570213]",712,2025-03-03T23:21:55.144304
30,0.9046316518455904,"[[268.51153418 553.3304322  425.07116177 236.82915231]
 [ 56.83347965 307.24655411 658.52669665 517.01268281]
 [493.77837609 221.13032587 220.5682919  726.91591892]
 [381.52000944  69.57267549  33.1942248  691.84518318]
 [703.5345984   27.7135796  631.03210469 297.51435674]
 [352.13723732 655.65658342 337.71703019  96.31848041]
 [194.07935946 535.80463019 554.8122114  516.73201956]
 [114.94414711 756.1624055  120.30001671 114.31657649]
 [174.58683112 109.45595128 622.28629225 449.82877848]
 [152.59490928 400.6850946  364.46509971 100.31055137]]","[0.15302062 0.55769157 0.91027789 0.20080216 0.26363187 0.23390829
 0.45755991 0.36343658 0.31248473 0.73713967]",713,2025-03-03T23:21:55.150947
38,0.8907532752204281,"[[358.44468751 175.28650345 597.94277835 607.97608122]
 [ 57.03289994 604.92620008 280.15451678 698.69138199]
 [457.40563673 311.33690538 193.75709713 692.22357245]
 [548.85517761 178.4300371  285.39281254 495.88138071]
 [ 42.70369547 416.70918092 324.46145035 508.26326008]
 [312.87177026  85.44371863 109.74693715 789.4366402 ]
 [526.53224138 159.8805333  242.66496456 711.26388219]
 [149.47064437 705.31975411 459.3106736  181.77477716]
 [763.40700185 104.00271926 184.22699245 691.60736455]
 [493.0921275  285.71762064  28.63343056 203.12965779]]","[0.63013385 0.03133866 0.62187475 0.03700916 0.42364567 0.25492921
 0.54293331 0.07355382 0.01692747 0.28654284]",714,2025-03-03T23:21:55.156123
24,0.8257931058645258,"[[629.1147541  702.39014479  65.80014161 137.53272008]
 [276.77822373 676.02144749 395.61087113  69.40014283]
 [335.65763143  20.1124624  699.12483413 431.06457895]
 [760.64917262 166.06179369 241.85962924 647.13834569]
 [439.00384137 200.98324191 116.8144984  438.63711647]
 [305.57799971 106.56926787 161.95957661 463.48046342]
 [678.10885329  75.13261336 524.4545336  180.7921439 ]
 [221.89818859 721.71624019 217.75199278 433.53720765]
 [659.35401549 208.31374211 651.9037314  196.08085743]
 [ 64.91054444 181.29187477 239.96392878 793.75983626]]","[0.57029936 0.07080152 0.40158855 0.35643297 0.05045149 0.4260323
 0.995028   0.32193351 0.87636655 0.21896495]",715,2025-03-03T23:21:55.164399
38,0.8726096471521494,"[[616.78912138 286.30202064 450.87631631  93.97491708]
 [753.33663147 638.33565284 778.33179136 708.06728266]
 [605.2229669  453.49301643 345.76621667 642.96314755]
 [398.78428902 656.73405015  34.91274546 797.54756193]
 [584.94212794 545.69455646 739.14824054 501.79406772]
 [429.58697104 675.97698353 515.14515068 498.87889312]
 [575.54258411 579.19114344 798.25274793 721.38853411]
 [173.64707755 362.58931072 413.04007978 141.88623623]
 [302.03433638 528.63814935 169.25780456 695.86584736]
 [284.75058605 359.30351908 642.5417645  417.68428468]]","[0.60424975 0.45392059 0.51125473 0.41302105 0.01044768 0.18365122
 0.62885631 0.24987197 0.05752539 0.21527306]",716,2025-03-03T23:21:55.169396
21,0.9345368967489611,"[[527.6061918  708.0222182  536.28421373 567.46377743]
 [547.0142561  740.73091485 484.92555666 435.49858535]
 [336.28539447 372.36701978  55.13777376   3.93080779]
 [518.74203705 774.52363077 215.56006207 505.38826319]
 [262.85100376 732.94376488 134.49357041 639.30594872]
 [ 45.5631977  257.18910854 526.54303726 545.14364177]
 [597.25598402 614.54411257 404.65801331 339.14526682]
 [ 77.18643344 761.19916894 717.5156223  278.44593967]
 [ 83.70635648 524.36821989 359.77054442 331.01537226]
 [544.78260049 531.72661512 778.13237422 228.59412157]]","[0.94298186 0.54788273 0.35460413 0.60118354 0.69982886 0.70682805
 0.95806583 0.57185369 0.7125291  0.608019  ]",717,2025-03-03T23:21:55.174704
45,0.9065381532955767,"[[619.86599591  49.23623748 629.32795228  58.51215196]
 [428.8694933  560.57589174 602.29205868 342.28948778]
 [390.9851784  705.66398904 134.26047386 204.65396866]
 [548.29378052 283.15169144 778.32404204  58.67583903]
 [596.06235723 745.46677279 168.19606451 366.15618621]
 [713.63740171 456.18878919 232.65241901 352.04544492]
 [100.37716753 271.37647916 581.52739205 386.76885746]
 [110.10329258 600.24136454 617.12373976 545.59575526]
 [175.4113389   32.37323605 392.62638412 669.16635258]
 [184.79957734  56.38437789  87.02377255 342.34537972]]","[0.46737273 0.70207988 0.31105985 0.16004685 0.5193231  0.79561393
 0.86621991 0.03776859 0.29170716 0.17767266]",718,2025-03-03T23:21:55.180701
26,0.8627568367766949,"[[631.07484077 284.67642098 536.85479033 688.84570614]
 [127.37689325 326.84902831 321.04732089 502.2338671 ]
 [419.9819747  715.49407463 358.1071518  583.54992942]
 [ 46.41184225 770.99868496 117.42713518 502.10365011]
 [  8.21658898 408.08166331 767.36077965 661.97795513]
 [483.49632888 153.52524711 231.61747693 380.77303426]
 [752.73936944 454.49347972 410.61229208  83.48569089]
 [106.73465641 400.58814812 217.05474367 569.00280844]
 [344.30854353 392.76682654  23.79304619 117.47439357]
 [231.12832576  92.66500605 633.7728123  405.59059372]]","[0.67028915 0.04664876 0.27910107 0.96214672 0.14026332 0.8282355
 0.75021822 0.95590544 0.49121618 0.06723343]",719,2025-03-03T23:21:55.186703
32,0.8211043390154892,"[[147.47022566 797.20900353 412.01222967 735.8719528 ]
 [ 48.98667375 727.36303694 582.47531841 204.6305881 ]
 [442.2456698  259.54773646 783.32504787 270.79279905]
 [361.31650758 786.26808391 167.33071056 641.41731782]
 [509.95007331 147.66301351 335.68265912 603.72733692]
 [753.21907223 759.18758783 469.62863192 229.28540013]
 [143.70159909 376.4129353  737.82796649 773.81100261]
 [643.80493056 319.93717997 407.92968802 333.50994532]
 [262.89771879 126.71298646 408.20544812 577.96974682]
 [640.8811037  630.29537174 127.88102726 470.11936543]]","[0.15464585 0.303491   0.04401572 0.32343695 0.93942531 0.80287118
 0.13779252 0.02345609 0.57539883 0.14289499]",720,2025-03-03T23:21:55.192716
11,0.8536324720020645,"[[532.0598031  510.87779396 614.76718441 671.90549161]
 [542.57813913 249.72584888 163.31363527 553.37808335]
 [516.24552259 410.8632326  119.8778926   37.40701784]
 [645.16089979 433.92139136 665.25633865 504.06103912]
 [ 46.45546553 537.58412549 575.53268846 361.58813507]
 [597.65182047 380.41453077 597.4448947   47.17444019]
 [707.25169408 497.24714368 706.53415327 692.6191826 ]
 [284.82082736 651.51733172 750.17305959 774.86472942]
 [279.73831694 512.73171659 419.00867123 655.35865048]
 [463.8026954  597.67548575 370.3086767  667.86464625]]","[0.69378385 0.71890339 0.88587179 0.41777517 0.12559278 0.63402069
 0.53440657 0.47226764 0.87498842 0.71861853]",721,2025-03-03T23:21:55.198960
50,0.9047945536695565,"[[ 62.04679446 117.11187713 341.73802186 231.42255554]
 [369.7554996  153.67495717 766.55879495 234.191241  ]
 [431.52088409 795.34942627 145.22825095 332.07723148]
 [760.26087035 258.42637355 770.82305099 307.27199066]
 [224.07131016 516.64253309 697.02385631 788.43382315]
 [ 18.63228228 767.33052205 281.38409713 225.43862724]
 [755.87649802 367.66111109 727.42586646 792.09908293]
 [593.58841342  63.83677863 720.79807896 744.69023903]
 [629.2778129  477.94596964  37.59318387 261.34271472]
 [ 63.26713711 267.12412952 361.13282983 448.75769837]]","[0.94829942 0.32453397 0.62429992 0.51775643 0.16136908 0.26734561
 0.2854839  0.44715694 0.32068613 0.87689981]",722,2025-03-03T23:21:55.204965
41,0.8740089800316255,"[[182.23354275 758.7581376  229.68741183  94.03239819]
 [324.73512934 162.26459473 334.15752543 346.70930239]
 [477.61660522 324.54371281  52.72794828 243.67306833]
 [507.96136115 295.87672607  68.12000923 336.31969068]
 [641.06791816  59.43963862 218.01353309 294.11785888]
 [104.38272159 706.79573644 405.49784611 498.15673267]
 [505.23989774 204.27907654 195.94762184  42.23175545]
 [386.03495505 181.98868987 464.93977715 674.46784686]
 [759.61185199 109.75717258 361.54405366 402.89605033]
 [616.2554152   78.42542668 300.1134763  267.82024373]]","[0.73859592 0.23756383 0.16667403 0.01063821 0.35583662 0.14852423
 0.65969544 0.59265698 0.01565382 0.89867115]",723,2025-03-03T23:21:55.210989
30,0.8098514459946956,"[[249.00381381 201.59200579 432.15365135  54.42000365]
 [701.05181524 709.04395457 565.40420421 552.60240845]
 [551.26845852 231.30672562 606.34447824  14.43404977]
 [474.16970626 460.95611651 733.76760518 297.35567171]
 [642.64191912 760.92089693 332.82047007 152.91466591]
 [267.76221233 180.82959739 767.77646871 357.13329559]
 [195.8889415  314.78326405 168.20213864  55.98780225]
 [790.03474883 585.18417929 667.9517683  262.3383656 ]
 [ 14.54048578 715.58385276 617.37019534 381.19233199]
 [321.71421119 261.27814746 699.59226178 773.44513525]]","[0.3283715  0.8286202  0.8790073  0.94742579 0.99639945 0.04408033
 0.70814892 0.40695865 0.47234183 0.14382353]",724,2025-03-03T23:21:55.217003
19,0.8569990869307019,"[[770.11628861 344.09912163 328.89473123 250.32747023]
 [ 41.13665323 400.0652892  453.5120774  299.41489022]
 [569.05384497 653.48336294 751.55542382   1.98668552]
 [380.60347561 297.84941091 137.20637917 338.58194557]
 [330.81943883 392.83304594 733.94793868 350.74953535]
 [141.23903645 315.43395467 244.09428609 433.57149322]
 [120.24594812 616.19560504  71.32368678 528.65540569]
 [289.82891544 421.3668518  761.27138106 177.40729121]
 [695.40197494 799.97507617 643.97279734 523.05300343]
 [485.68072673 232.47290974 618.44153006 600.2132403 ]]","[0.04043033 0.76573711 0.78305296 0.03293557 0.66760857 0.83458852
 0.37032727 0.17988029 0.28146486 0.32244925]",725,2025-03-03T23:21:55.222609
47,0.8359596003935337,"[[663.2328537  461.85643904 220.63172098 757.19229507]
 [106.81560616 415.4160075  723.47398219 310.69015716]
 [ 29.8635794  563.85781777 360.48710722 686.13312599]
 [328.00011089 587.97503028 354.89521433 444.78707586]
 [ 21.20289089 732.16249814 281.53938197 653.50083258]
 [155.86587107 621.94283651 581.40459104 424.31272756]
 [244.34303665 753.40480964 158.58869023 796.11427299]
 [233.70635592  52.87404044 108.55549575  50.29279007]
 [595.07485471 212.79874692 427.33078561 587.51071098]
 [539.81296868 552.84992126 451.94509352   5.51942766]]","[0.68031335 0.39096561 0.45280208 0.25007155 0.25970597 0.52854436
 0.56191733 0.87446282 0.4662339  0.02517933]",726,2025-03-03T23:21:55.228163
35,0.9290636295527533,"[[730.82817076 405.0298466  118.31592761 491.10825668]
 [196.88780684 639.11261051 234.02077692 748.63149024]
 [215.56632847 527.93207545 270.3413722  274.4937424 ]
 [585.84362695 450.14321957  37.55978194 401.5614923 ]
 [348.02250677 684.14060304 254.62923876 348.79882871]
 [261.02115832  36.89266186  77.13621399 588.15383862]
 [647.95728477 766.60841353 435.43634963 636.16045529]
 [133.81536775 671.00600691  81.51730848  67.0842241 ]
 [215.25082383 741.85814712 173.45103128 451.45947138]
 [653.62608523   1.04254025 420.45158137 223.58502947]]","[0.54119344 0.9031192  0.01336426 0.79926543 0.90888193 0.0122046
 0.51433589 0.58752185 0.00202535 0.47074596]",727,2025-03-03T23:21:55.234664
40,0.9206434735229776,"[[548.7754299   80.28032113 790.83876622 164.21211138]
 [536.39040833 695.05013476 568.40710108 307.87431263]
 [614.91470461 529.433856   518.38031281 793.53308042]
 [738.81332333 792.69597924  62.55636396 652.30731718]
 [597.27683787 212.22208401 459.71828226 407.1354056 ]
 [555.00334841  55.3118609  473.30984536 157.74438645]
 [ 91.19083557 596.05078608  57.86380371 649.85138506]
 [481.190168   545.66027597 631.02481807  71.34248831]
 [218.8521048  157.23724117   9.31572065  73.30974536]
 [270.70038197 288.08709132 231.20639975 539.35701023]]","[0.20256695 0.33366582 0.68301769 0.5353017  0.09432607 0.81693979
 0.78737198 0.30176217 0.93627074 0.24069118]",728,2025-03-03T23:21:55.240719
46,0.9260456668044047,"[[459.57292579 459.53787389 395.21527717 295.71952417]
 [207.63277615 733.97653773 369.9266665  482.746921  ]
 [204.27075455 694.73456003  80.71322582 204.44951137]
 [429.1323037  125.89556311 283.17252836  33.41382282]
 [100.65517362 139.53918138 629.7522107  308.13607247]
 [ 67.53457742 204.70653119 355.64077845 188.45308674]
 [246.76194539 180.77378766 220.50467553 601.37269082]
 [799.62563097 708.99927076 516.00943887 368.39510595]
 [402.21938142 480.95470291 787.86276733 799.80959121]
 [211.42029218  93.80970175 582.61415701 305.44995928]]","[0.48174154 0.32910541 0.22640414 0.65671453 0.42120108 0.34028466
 0.97890964 0.52047319 0.5547546  0.58752267]",729,2025-03-03T23:21:55.245732
26,0.8529552626563026,"[[176.73895441 397.82139889 295.37727075 241.62817118]
 [165.58838522 473.23522898 412.21328969 726.15425249]
 [195.12456109 280.43013786 474.89253697 125.93159114]
 [633.85669233 632.64346574  79.4819382  392.80479041]
 [299.70750208 375.08660912 500.99446707 774.86991374]
 [300.61935743  95.67660599 644.01912201 288.82487665]
 [182.4727809  506.13516653 581.84711483  67.45059556]
 [738.79723342 358.55117418 685.97403608  51.92154778]
 [636.44205054  68.24837732 462.65674548 325.24339907]
 [123.92764578 665.36111731 188.09660511 251.77310299]]","[0.30789486 0.09231539 0.94068548 0.29262452 0.60791763 0.5336175
 0.46352086 0.82561939 0.99891663 0.00511071]",730,2025-03-03T23:21:55.252063
22,0.939794080879143,"[[ 96.16523594 373.74255045 767.56616809 787.12271554]
 [682.02069876 647.47775179 672.78552825 358.39827999]
 [698.92929129  25.21729233 256.5148197  402.49698753]
 [781.87673954 377.53285107 236.81190376 198.94858567]
 [470.69373204 624.06675247 506.95347929 155.59642291]
 [544.46142502  59.66939899 765.88268022 386.66770497]
 [521.64912408 297.50823086 153.11485162 197.38405374]
 [  5.88277888 160.18360183 334.60422561 300.30081848]
 [799.8143189  491.79509617 437.00473341 658.51135289]
 [405.00746812 168.27924278 188.61142935 206.67365483]]","[0.76034379 0.78592443 0.99387254 0.75595369 0.51872247 0.86731084
 0.79496839 0.39143502 0.08344934 0.87638131]",731,2025-03-03T23:21:55.259141
11,0.8608193780988018,"[[2.92106899e+02 4.88342494e+02 4.29089702e+02 7.56937644e+01]
 [7.48997596e+02 7.18206502e+02 7.08258728e+02 4.50577360e+02]
 [9.13340504e+00 5.30361888e+02 7.34509329e+02 4.47259898e+02]
 [3.73673591e+02 6.76597398e+02 3.52199260e+02 5.70351467e+02]
 [7.84486471e+02 7.39297045e+01 5.85923355e+00 1.22821116e+02]
 [4.57278308e+02 7.75298973e+02 7.93477144e+02 1.54664090e+02]
 [3.81432158e+02 2.05935200e+02 7.82315316e+02 6.04715729e+02]
 [4.84607466e+01 2.86445660e+02 5.66574040e+02 3.63627905e-01]
 [3.56197403e+02 3.64028848e+02 1.61402437e+02 3.90255290e+02]
 [5.96413824e+02 4.10760728e+01 2.79009363e+02 7.74274246e+02]]","[0.83496491 0.95289596 0.89203808 0.72985527 0.49584615 0.82251695
 0.95912585 0.38489912 0.9837567  0.90867424]",732,2025-03-03T23:21:55.265151
31,0.9073186511306763,"[[708.66057668  63.17893825 193.79078509 111.87491937]
 [466.6995224  283.81185358 361.28588316 692.70116302]
 [188.93737425 386.23011251 195.44651297 743.66604517]
 [ 77.86298962 626.81995061 286.27266159 635.11290997]
 [696.07876492 749.17041187 111.33317733 455.788535  ]
 [371.77345275 522.11784856  47.00509954  31.78720148]
 [494.42653525  71.82776506 402.87527226 691.3324547 ]
 [579.19167135  43.86769628 121.10559922 424.28303787]
 [211.46946903 633.77531886 144.43117739 324.60222918]
 [634.18608754  79.62009465 753.48612993 704.08578439]]","[0.73921774 0.20489301 0.98157724 0.8302226  0.35006226 0.1581512
 0.32363414 0.61848226 0.90004565 0.80182952]",733,2025-03-03T23:21:55.271280
19,0.8018832176571429,"[[595.34199945 221.25008427 668.3878665  552.54566228]
 [302.8732975  382.06124175 607.77376095 259.63156586]
 [472.28885181 268.32618585 511.35198861 586.04218282]
 [184.22896822 111.2884454  583.83223862 169.21587313]
 [538.22126929 370.92122745 109.25029938 416.50516197]
 [683.3286959  388.14847301 108.33433983 294.77661943]
 [506.3855583  325.68395967 399.43977457 512.97097742]
 [109.07337884 235.83084651 521.59398097 634.15443416]
 [602.93179803 333.29034231 575.42689761  68.97754376]
 [232.36228935 178.88431747  66.84116274 179.92902694]]","[0.07059645 0.4166024  0.23634508 0.76588778 0.97926455 0.32940135
 0.86579869 0.31691346 0.42487224 0.96994016]",734,2025-03-03T23:21:55.277329
34,0.804733018627242,"[[747.59596176  85.09526417  43.5012426  247.81724688]
 [287.3082922  546.53710057 783.23842204 610.4098831 ]
 [216.78992223 670.65359865 798.89831279 256.54875212]
 [751.26434756 302.32994616 204.42495122 446.84348651]
 [764.03279164 545.33399251 689.04401677 545.11119352]
 [226.37095682 627.35488394 528.93374923 350.61947709]
 [668.44548234 668.88363091 791.66082202 225.33055543]
 [354.73057521 646.80005878 527.67085556 410.74143315]
 [241.85042142 577.94878693 374.63132306 228.0699471 ]
 [702.44042448 199.36159555  32.8639394  152.346466  ]]","[0.5485808  0.20164222 0.89828368 0.69549053 0.81095824 0.49518631
 0.66742925 0.85363153 0.20738143 0.88151735]",735,2025-03-03T23:21:55.283654
47,0.9021519215247318,"[[ 27.60799385 371.74371701 116.3627012  148.98713463]
 [652.2738078  611.68888288 677.41457068  23.02714808]
 [646.55476567   3.1926048  443.56846799 467.83692207]
 [338.72512454 122.39365724 707.14015108 466.2523137 ]
 [302.38609181 489.42745625 621.06858283 149.8987575 ]
 [363.00126378 111.72342878 419.14509773 346.11728943]
 [328.54403571 296.56904193 774.18257576 167.47091545]
 [ 47.88520343  83.46090664 668.21211569  23.54357995]
 [239.46737096 281.84219613 350.16755633 773.18630085]
 [412.66511897 186.96563569 212.58745188 288.76989932]]","[0.06753933 0.92669628 0.14206189 0.84378652 0.18921979 0.11180444
 0.00561645 0.36650246 0.99336212 0.20280894]",736,2025-03-03T23:21:55.289762
11,0.9402417473857472,"[[442.27307384 183.5092631  258.44048823 600.50518113]
 [357.88362782 150.20058649 671.1632715  294.78722108]
 [556.26101613  13.6967917  672.19740681 790.11056007]
 [189.83778527 486.30876045  58.04678729 118.51222751]
 [308.83471276 511.60610438 448.87809869 316.85177701]
 [236.90654169 666.42967768 399.49015363 222.87686748]
 [644.93941263 223.26133761 729.66036759 782.73065907]
 [ 82.91392368 432.57844851 391.63601762 461.83387144]
 [520.35128181 411.41884072 213.62948679 351.17174575]
 [796.40187746 236.32576204 675.94286923 261.48969174]]","[0.74920475 0.6665958  0.40220692 0.71519986 0.05036517 0.8312078
 0.27718418 0.72203062 0.28485356 0.6561733 ]",737,2025-03-03T23:21:55.294241
28,0.8614754285493654,"[[562.6419927  441.76126912 417.40546975 215.98456775]
 [188.34901708 578.03866183 560.60644816 233.04926937]
 [ 75.03376205 799.51296428   9.22156944 163.32275902]
 [758.12115306 313.43157176 652.42971017 281.36517852]
 [195.92421466 725.43708997 142.74528961 663.60791764]
 [297.75269645 611.48457258 726.4155891  594.53489946]
 [ 26.02441375 362.89739993 394.42835855 777.31900789]
 [734.71742131 697.37137549 344.78575708 601.29539709]
 [643.61314321 647.49907968 428.25253145 644.69437933]
 [114.87615035  28.23487457  64.0320083  387.87132419]]","[0.15997465 0.75210118 0.41008151 0.94969503 0.88651777 0.41971099
 0.86712137 0.31926768 0.91381224 0.36677723]",738,2025-03-03T23:21:55.300637
24,0.949832807831353,"[[ 49.61841328 392.11296066 511.83352361 796.49051027]
 [274.69544426 674.97037253 606.64593653 288.24139501]
 [356.78697663 670.81537369  51.72085778  61.16397852]
 [520.60998184 189.53342345 572.88548392 242.66193898]
 [791.61458026 533.26570739 387.5764968  457.3915836 ]
 [675.5464378  324.95914434  41.94597793 585.38997963]
 [594.37936428  91.23401373  30.66382311 743.89971286]
 [203.52935695 244.63721793  56.40699855 375.26643321]
 [702.48491471 558.16226566 449.38655186 778.07136577]
 [506.13732073 201.79064095 182.51979875 246.50829456]]","[0.94753299 0.3751817  0.66183986 0.40890298 0.9122066  0.97096679
 0.37133921 0.21688437 0.90007143 0.21927321]",739,2025-03-03T23:21:55.305637
34,0.9255127401213222,"[[ 82.46064026 644.16914584 299.18799318 479.21114184]
 [393.73731939 505.95870041 217.09215249 132.55163541]
 [743.68287512 667.48103978 351.23815833  38.25142295]
 [227.33338548 617.58824466 545.17366585 331.74757255]
 [611.04081264 436.29578778 323.0396145  170.99771031]
 [281.18554483 630.34779697 557.91688031 262.05003229]
 [303.8911965  593.24823346  47.68224375 796.27786075]
 [778.53930579 276.82503376 664.91951245 220.57869792]
 [425.24532899 775.77782969 221.97138988 523.18269606]
 [443.00668384 460.67882765 155.83514469 102.76378596]]","[0.99989463 0.90598595 0.62971912 0.17633909 0.95088131 0.66379936
 0.64967877 0.2250405  0.07995553 0.1489597 ]",740,2025-03-03T23:21:55.312662
28,0.9208493759652144,"[[217.15788499 687.11834677 549.04930775 235.26444375]
 [ 25.78382242 738.26479707 708.43317406 647.30806054]
 [630.31590754 309.62324036 385.4374388    6.0379304 ]
 [182.10771195 364.28141798 246.43552779 787.91817816]
 [145.73256884 550.47981641  90.53506414 192.37625008]
 [607.70794766 212.26055799 480.08994385 711.25725302]
 [340.86962407 223.58785701 164.87123408 371.39526117]
 [253.88914256 713.45617178   6.67295833 692.56671371]
 [209.61318671 295.25201248 208.5969733  411.49101353]
 [172.9038463  503.8285464  557.16917826 785.58773139]]","[0.23945018 0.99434425 0.08575789 0.32117302 0.15280166 0.65958575
 0.08132413 0.47913388 0.27032342 0.05446789]",741,2025-03-03T23:21:55.320052
13,0.8562122917216808,"[[460.92086067 523.08520661 454.08213896 525.86435812]
 [ 44.32760811 183.64493802 549.24277974 510.06552924]
 [ 78.90991871  61.41042303 669.14741184 618.50636719]
 [106.41721308 301.47753852 234.24202471 626.15684593]
 [134.10259414 406.04900286 517.93189553 638.65758386]
 [501.81794244 166.78967901 377.59176869 346.45129316]
 [125.84162728 125.93620458 536.08052299  69.86473988]
 [311.90692857 655.4472952   12.89454043 707.88347391]
 [630.43951368 545.55013647 494.22046062 256.46275373]
 [313.46387892 406.91913966 181.25959315 606.52221747]]","[0.62578134 0.77580028 0.24214493 0.15228891 0.94704692 0.72083294
 0.27777245 0.44991979 0.75814353 0.72373251]",742,2025-03-03T23:21:55.326025
45,0.8380820863604417,"[[147.70654273 188.33574483 625.45260099 785.8802724 ]
 [243.72256573 547.1836734  594.22449529 582.34343138]
 [169.42237675 278.26716572  32.76225585  88.11312102]
 [117.05822999 708.31985541 114.44039128 586.56119015]
 [369.6495079  489.7304534  331.53146496 783.25795017]
 [124.98361062 641.74519856 667.33306732 496.29619357]
 [211.82525024 391.73568794 744.43520346 294.55179783]
 [320.86346958 524.29868496 619.72576497 232.40058644]
 [246.64137411 132.71681858 274.72547364 514.72199886]
 [372.16290599 186.15750824 594.73110099 387.50217927]]","[0.94766689 0.95376867 0.57568938 0.43622023 0.3988038  0.93095699
 0.49342851 0.13188849 0.51353788 0.30938663]",743,2025-03-03T23:21:55.332513
15,0.9412347771274443,"[[285.17131913 381.9857206  471.86293416 620.49793095]
 [429.63783792 463.50508189  51.8959959  386.67410906]
 [ 29.52710823 570.3595004  526.56115565 601.63538449]
 [179.29199087 291.45312743 139.18971636 165.27145441]
 [351.44887634 411.94372682 798.24371327 407.25753581]
 [100.95958564 202.7204368  357.73708201  54.42883528]
 [742.07913784 587.69924778 512.49192696 720.43094222]
 [189.30633014 631.67008364 692.17458916 124.61208056]
 [446.57266618 576.42014453 383.22485674 162.85901351]
 [217.40116208 607.7674782  277.88536462 510.81665204]]","[0.21800541 0.43632709 0.28891216 0.58129882 0.68235792 0.52987621
 0.50341915 0.73069988 0.72849349 0.73060344]",744,2025-03-03T23:21:55.338695
24,0.8112264947961367,"[[770.64256138 510.39844108 236.56835336  88.88304534]
 [162.80006449 321.90426992 696.14767395 184.02236578]
 [738.20254507 282.82470278 418.79882928 489.65227053]
 [228.31579148  79.08479557 675.53627934 599.93987929]
 [522.11180098 274.0274414  100.13822869 397.8593638 ]
 [285.51902096 459.97301035 348.42885153 101.64057372]
 [414.55713275 230.01566738 583.34573979  13.54818611]
 [672.91936094 709.75935286 710.06401502 533.80126607]
 [533.73123824 464.6207673  645.58908832 737.71813291]
 [327.34760584  17.25595072 440.16497386 663.99630756]]","[0.51709775 0.63657022 0.59787437 0.35783086 0.64331713 0.92626019
 0.44024579 0.34984296 0.66444811 0.76408424]",745,2025-03-03T23:21:55.345301
36,0.932796046389765,"[[756.97774183 546.13944331 256.25809816 542.3535997 ]
 [474.0335011  260.93053558 632.75739568 441.90334349]
 [292.37226563 727.46331663 641.36538455 187.61250302]
 [740.4258265  371.61584077 180.69754838 259.76088077]
 [526.26384603 628.18338529 192.17848241 317.92320967]
 [638.78418769 552.36075092  90.5501478  283.42821999]
 [ 30.48873045 796.12169112 751.37041927 607.19809941]
 [168.6049434  335.89095026   1.01225307  25.96087635]
 [189.14977426  47.64333499 566.04588183 433.16954327]
 [758.79397111 745.37246487  33.67795772  83.73341518]]","[0.22849176 0.41125824 0.69001145 0.1797941  0.98881991 0.90092571
 0.91781723 0.46453102 0.20665628 0.58381528]",746,2025-03-03T23:21:55.352019
19,0.9324647978938003,"[[730.9757873  709.84949164  30.15091408 101.68705571]
 [197.7903294  768.78693432 109.93750621 730.87519046]
 [735.12525777 522.43728194 124.91458333 313.16585248]
 [751.97915495 124.63088174 198.65963323 664.90996442]
 [329.73810771 273.59067809 505.28474203 279.27287185]
 [543.8029901  635.04280142 721.67340132 682.31711075]
 [ 35.92144712 526.70056283  95.72679335 640.80677946]
 [334.76129793 102.05777535 661.89176118  88.18809104]
 [550.49015795 783.49273328  37.38344335 521.98488835]
 [ 55.63709116 437.02823937 669.61765729 204.41651648]]","[0.27423553 0.67305558 0.3095903  0.87232726 0.33937381 0.63077528
 0.77102281 0.97319452 0.29231798 0.9293953 ]",747,2025-03-03T23:21:55.358434
24,0.9190784474722233,"[[752.37131299 149.71945437 421.54758714 430.55490741]
 [643.89524975 202.81279523 551.94932506 355.38800072]
 [240.16835591 155.99632954 527.1379868  615.63012028]
 [321.6120975  348.24095008 543.37536592 774.85606613]
 [100.82721465 421.30404865 420.50894211 126.36274496]
 [264.83494976 604.70655571 331.75066909 335.40210478]
 [ 62.44462936 145.92026707 300.20141171 529.84151398]
 [320.11269839 207.79445233 455.24887564 732.39491959]
 [278.66653814 347.66552211 572.02377135 476.25906176]
 [356.996835   275.17596372  32.62445326 382.20658371]]","[0.31618858 0.84777327 0.99436209 0.34840727 0.85833952 0.62745687
 0.81101531 0.88656951 0.99827687 0.58463518]",748,2025-03-03T23:21:55.364041
50,0.8689739296168667,"[[212.44308438 553.61613459 682.70576923 363.6419792 ]
 [ 38.64075375 109.52035126 660.44358295 370.15861919]
 [225.83478497 377.05352514 775.8371194  719.41778149]
 [ 75.19151709 233.75691949 590.84126383 696.40104959]
 [111.53833262 546.6421907  483.15779551 423.48989507]
 [297.25660778 377.70718202 154.50777129  33.95973329]
 [537.43586367 343.34268719 533.2245045  786.23521813]
 [795.1549174  731.10289784  71.21446988 151.73029083]
 [140.09062759 483.74308261  67.18920829   7.81069047]
 [683.34144737 157.46102657 263.23068464 319.26882708]]","[0.22008921 0.34159104 0.69186066 0.2466288  0.10357232 0.64089395
 0.20658025 0.97798563 0.11133569 0.72180313]",749,2025-03-03T23:21:55.369261
42,0.8667413246391118,"[[697.36978154 435.15122741 406.76187272 223.56122846]
 [356.13146536 375.2526426  516.61277041 258.0408517 ]
 [424.06632158 164.85229395 272.28594455 204.74297467]
 [ 87.41640319 650.84358326 536.46102615  61.70283496]
 [450.54986129 445.57395175 358.42272164 574.91016655]
 [110.04634462 560.14587072  89.56600003 585.00289708]
 [435.73764341  43.73827452 527.80895268 297.4866722 ]
 [414.18230134 284.41171662 163.88106056 415.60236371]
 [545.59336741 208.22837374 536.68198095 631.15340477]
 [658.9966751  726.03129876 141.06311447 795.54299519]]","[0.22073624 0.74673342 0.77273739 0.32597801 0.02372057 0.83885742
 0.19783503 0.90735398 0.69768234 0.45154822]",750,2025-03-03T23:21:55.376414
36,0.8139581257667555,"[[341.0493002  560.23625859 208.01801843 180.31926414]
 [400.85927725 717.82287289 495.14777197 347.3751276 ]
 [698.97887164 579.96165137  70.00085891 561.11147567]
 [370.89874567 339.78615276 320.54073979 346.37436138]
 [600.47630909 698.99150545 660.58418403 436.69372568]
 [151.10623585 200.81619359  47.96126943 414.99819175]
 [756.1100972  396.67326529 128.84200011 425.50769905]
 [143.64773411 301.49079245 155.15569139 367.73208053]
 [ 67.35468745 229.13193414  97.73624609 494.61031418]
 [  3.39676728 577.58203294 281.25561893 584.86881791]]","[0.04163919 0.56201356 0.3130828  0.33968865 0.95259502 0.45296569
 0.40781955 0.01281102 0.0729582  0.62156408]",751,2025-03-03T23:21:55.384129
42,0.9460199554347472,"[[494.24034715 422.81601428 281.25035115  91.89227992]
 [509.07908234  15.1063881  670.21550789 646.81399123]
 [475.9104815  402.1864361  471.64950806 406.99904105]
 [121.17982361 696.18898084 320.62716144 747.8188995 ]
 [708.86036022 111.42710124 279.15526418 323.41948037]
 [ 58.53967511 738.03711132 146.74133322 753.63517827]
 [558.41469061 516.18562732  47.43668114  35.16940932]
 [551.23857966 626.54632018 207.10817517 747.2168239 ]
 [549.16082035 714.17084365 554.13413052 394.346345  ]
 [654.80207065 799.05849976 163.53103101 712.17787589]]","[0.44365186 0.12963464 0.53301194 0.72555238 0.20205721 0.03502375
 0.99229215 0.26673465 0.11783788 0.33971894]",752,2025-03-03T23:21:55.391494
23,0.8112051099041071,"[[214.75807507 152.89108522 575.74792902 352.69740486]
 [334.14744706 732.81004026 464.19395838 223.8980741 ]
 [ 41.08265113 432.04650498 463.87716338 708.07104248]
 [418.48306567 237.34665335 662.66674747 611.32201216]
 [282.0310365  529.94018427 450.94402195 544.43501768]
 [532.05378686 405.56086277 114.75131171 793.62510039]
 [136.11754017 128.89584697 495.23724798 155.74984864]
 [212.87088277 570.52263423 180.12812143 284.62691299]
 [425.90996225 280.72067828 537.60900854 203.52959253]
 [309.53803882  83.99808932 531.95107056  32.76898637]]","[0.85970189 0.47148029 0.95985748 0.25727748 0.49026981 0.85865373
 0.25915429 0.19711864 0.81662977 0.68818604]",753,2025-03-03T23:21:55.398002
21,0.9199293045496132,"[[567.81608485 792.03266514 339.52909056  39.13940207]
 [776.03331537  81.89238668 290.15924079 446.44242993]
 [571.24119672  39.92226487 499.47928263 265.50182033]
 [151.99998792 527.93500152 203.78002203 628.22258828]
 [ 74.79015223 635.57410719 186.5377875  776.18002643]
 [282.24449738 658.962131   313.26207851  72.74906765]
 [383.22928839 178.99358562 175.68371679 667.86525867]
 [717.84376043 203.85019436 704.11972277 558.19643689]
 [ 61.40791656 288.06737481 208.45212844  18.00042041]
 [123.36046402 618.85753664 705.58313551 682.12478658]]","[0.18101662 0.85639603 0.18031099 0.19371968 0.33834909 0.73621418
 0.80900838 0.16784407 0.96958933 0.83067934]",754,2025-03-03T23:21:55.404399
46,0.9346778800832052,"[[653.27622265 280.37247367 232.62346127 480.56967711]
 [455.76323246  11.88114916 780.45282394 782.49668209]
 [ 20.28024355 601.46737457 264.23572774  69.41136229]
 [597.25098917 449.71456982 150.86521449 753.94905343]
 [371.86961702 200.10516805 432.33469842 534.47704862]
 [149.08672142 467.7926204  471.96251165  82.52953348]
 [673.87130067 724.95564603 759.07959835 530.47813834]
 [439.57895448 373.23853708 459.74506979 403.89628283]
 [358.55138967 635.14665729 602.54562806  78.74346457]
 [441.20233362 314.01488784 615.09846398 332.39678679]]","[0.76871896 0.8952523  0.95980931 0.11733638 0.77368934 0.39330443
 0.61664661 0.79125022 0.02368893 0.95312303]",755,2025-03-03T23:21:55.410622
37,0.8082273224213931,"[[216.10972255  28.00151983 321.53116076 171.58820412]
 [  5.01268933 407.89029901 709.85138679  75.20395218]
 [441.03384629 294.55390914 615.89794561 457.988882  ]
 [543.59601473 692.41514118 581.37923606 535.63670727]
 [ 90.45765419 421.61787836 655.9187057   45.04565583]
 [704.86068909 643.13731233 168.22402052 103.09495797]
 [619.12117767 292.56860352 363.33793525 347.33580397]
 [292.93208988 645.45572569 783.8831307  314.57597942]
 [773.59120362 199.04512231 613.7285845  154.31224573]
 [ 46.1065943  203.88728057 403.96809194 154.98010242]]","[0.17291997 0.82238965 0.37126695 0.67023434 0.52111445 0.15745207
 0.67093318 0.13692222 0.36175825 0.2247627 ]",756,2025-03-03T23:21:55.416715
14,0.8379072538150869,"[[642.97472927 699.16010036 178.00994763 489.45328129]
 [254.8324288   53.98961007 105.36250005 562.03044168]
 [496.09420157 612.63420707 245.21891326 484.81996238]
 [229.47698506 199.7142869  670.92717736 603.06235854]
 [719.95746875 226.13995593  87.08537893 639.75699605]
 [ 88.68946331  24.34964168 121.40679395 164.89439215]
 [350.19681106  12.7305842   75.43659876 375.59035403]
 [ 37.66926371 621.23823666  92.57431515 419.15090924]
 [627.71794546 528.51076609 688.08691949 704.99757536]
 [643.80889509 681.75570029 699.09317972  41.05865476]]","[0.53154096 0.95799185 0.01040604 0.84889589 0.74010206 0.43168116
 0.23799844 0.44470667 0.54672059 0.69018156]",757,2025-03-03T23:21:55.422542
12,0.9228704050568679,"[[2.43351026e+02 1.17471742e+02 5.83692271e+02 1.35229381e+02]
 [2.18462736e+02 3.36638749e+02 4.15149483e+02 1.68281922e+02]
 [4.34508407e+02 7.21493694e+02 1.55497643e+02 1.61588741e+02]
 [6.11428021e+02 2.91402225e+02 9.16552448e-02 5.23585597e+02]
 [2.63725057e+02 6.70681582e+02 9.49394098e+01 5.21564737e+02]
 [3.32463544e+02 1.72892782e+01 6.46038692e+02 7.20845195e+02]
 [5.72223553e+01 7.98420320e+02 2.15843633e+02 3.45728968e+00]
 [2.72368107e+02 1.75477906e+02 1.31258842e+02 4.08595997e+02]
 [2.91875159e+02 1.03709574e+02 1.18725048e+02 9.62866469e+01]
 [3.54441116e+01 5.04107324e+02 4.42213989e+02 5.67847478e+02]]","[0.93804662 0.09554564 0.10834167 0.96505168 0.95137024 0.34417099
 0.59398522 0.99257975 0.44502413 0.43237926]",758,2025-03-03T23:21:55.428652
48,0.9176848458837512,"[[290.92691181 295.1739886  388.98890723 277.30354757]
 [195.42008039 245.60406098 721.8098285  165.02402483]
 [138.4444665  565.84427272 111.36818519 622.24058852]
 [297.0956405  543.28760904 148.22017257 376.1755282 ]
 [621.21720018 268.34413271 783.73253704 181.85819159]
 [370.00616379 408.34337829 607.44811964 156.99661701]
 [623.34083571 501.35187132 557.80624349  93.46479463]
 [768.56355827 724.49283952 706.36428958 299.09259214]
 [655.29777155 484.41366917 575.31199881 628.88457675]
 [242.12521671 350.63387157  91.84822082 506.19952822]]","[0.01021981 0.91916116 0.27007978 0.55604754 0.99886873 0.67585087
 0.84127503 0.67184816 0.10827549 0.1781218 ]",759,2025-03-03T23:21:55.433973
37,0.9109767698827074,"[[760.81026841 476.6935256  375.63868026 769.2116791 ]
 [392.37653507  54.77492765 386.77757325 300.98757874]
 [221.88852063 799.78739843 398.37974763 386.84665326]
 [397.96492791 653.32778274 394.04113922 528.18738268]
 [273.04725384 727.26270563 559.30611961 327.51555268]
 [ 72.80665368 696.97033348 499.76228506 207.76913086]
 [268.82575472 512.71700577 315.92600382 415.40089744]
 [128.39918328  26.62888926  62.7784082  610.3727674 ]
 [141.20139199 564.65243615  62.28551597 422.8169426 ]
 [318.37707833 671.95757261  80.21941931 785.5934419 ]]","[0.10592325 0.42357143 0.66893366 0.25636464 0.82883215 0.12409886
 0.31398717 0.49646825 0.35431807 0.4458219 ]",760,2025-03-03T23:21:55.440478
49,0.9174838056192707,"[[640.11929766 190.84417453 292.93863462 120.88979807]
 [462.93276511 319.27950202 467.32196722  58.56421512]
 [249.94820568 496.58922633 756.32496017 532.37708917]
 [295.31914185 434.48874378 629.82463683 703.8383748 ]
 [318.19759467  89.88888981 684.10530728 324.90491779]
 [596.19682495 305.29155857 345.0283885  739.14821307]
 [443.09955896 168.05062245 214.85875419 505.37072663]
 [463.62069794 407.8831739   94.47325325 689.28481921]
 [779.70822093 416.48392191  97.55662454 762.34941311]
 [294.45547287 472.47757771 520.59908845 403.58173441]]","[0.75929806 0.74523184 0.49618762 0.11607489 0.75421034 0.20534196
 0.27506958 0.73874275 0.22316501 0.61793495]",761,2025-03-03T23:21:55.447814
42,0.8225218438523075,"[[541.57510326 562.14837324 400.06605225 447.73659019]
 [611.31365166 377.65001813 337.73479294 217.32732466]
 [465.76723911 531.86638799 453.33992605  70.31662736]
 [ 21.88370777 698.34479201 105.82839526 290.27932608]
 [325.21459196 171.65310864   2.13004529 518.19586157]
 [416.75323917 768.75921587 170.1048335  775.39854149]
 [617.45696079 102.7522352  384.33018817 268.58325448]
 [774.76934263 171.24442437 192.29783278 567.28123163]
 [ 64.36568765 481.02702058 232.94719549 137.59284096]
 [464.55995724 790.81768805 123.82070358 240.09138431]]","[0.49640654 0.47032077 0.64057231 0.30001002 0.56037513 0.0896905
 0.89686747 0.05932037 0.66112876 0.51311426]",762,2025-03-03T23:21:55.454487
39,0.8215716982099268,"[[757.45732742  80.42965887   5.57160465 602.51269276]
 [787.17670755 340.4073816  159.63031946 724.31203545]
 [ 35.83713794 200.2914675  542.98177435 657.46363388]
 [ 20.76720653 371.73215523 299.5444152  359.6540883 ]
 [170.95511926 467.60848248 379.97720741 784.52342982]
 [779.8662181   64.74141906 554.95068988 589.34763532]
 [715.47920172 267.67797449 257.39848815 662.64395433]
 [ 58.87412363 770.09452876  48.84343957 133.29591532]
 [424.53331294  70.52045237 374.84856237 201.73442228]
 [756.41169486 774.52514075 290.19745267 379.9390344 ]]","[0.15722266 0.24809986 0.14142555 0.26838449 0.08046538 0.59175075
 0.06193774 0.50085344 0.45301902 0.83633942]",763,2025-03-03T23:21:55.460322
43,0.8915439748459149,"[[663.96166958 619.15520286 173.33789024 321.55478604]
 [ 91.74921084 415.49159423  42.27911492 576.03053392]
 [ 27.61429982 707.27393055 168.03164498 297.49665368]
 [751.79663341 613.79886712 101.50305477 448.14245869]
 [117.09417376 457.12192629 417.98724312 563.50939463]
 [154.48482694 261.80647607  60.01942121 680.47858652]
 [499.14848114  46.05097039  47.2395735   86.98171066]
 [100.22440404 311.51556424 668.13365307 721.08676331]
 [353.65843581 215.98972425 520.65507543 496.12945743]
 [743.50492456 534.14057771  86.64470192  45.02838454]]","[0.09810135 0.22643059 0.71340921 0.12443381 0.23941342 0.21499228
 0.18856764 0.55182145 0.61011856 0.30981048]",764,2025-03-03T23:21:55.465978
11,0.8251327778779262,"[[507.65511145 106.09324172 396.49178    301.01796653]
 [ 61.20731117 223.69543563 113.47113095 325.69446793]
 [772.78872279  82.47041097 400.44847521 715.03977282]
 [125.14325587 517.16624384 434.92706496 662.81690001]
 [190.96744204 165.46455016 275.10896762 283.62067131]
 [664.06336259  77.67651575 121.05233867 491.2896626 ]
 [415.89730038 191.12866218  60.91369162 217.03143084]
 [550.36546148  14.98411879 388.56967918 184.27874773]
 [419.9834059  346.38366886 168.05429531 416.56055845]
 [402.30849168  44.7600601  292.46068037 756.19914486]]","[0.54783972 0.52773484 0.78701711 0.46112231 0.34012247 0.77252143
 0.31404557 0.0205679  0.54099812 0.58865553]",765,2025-03-03T23:21:55.472424
50,0.9370460344582449,"[[6.34195654e+02 3.71360280e+02 5.15867312e+02 2.69749608e+02]
 [4.95356184e+02 6.05342429e+02 6.66469091e+02 7.49245061e+02]
 [3.97598502e+02 5.21499399e+02 1.54356524e+02 5.61931447e+02]
 [4.89488599e+02 4.85491407e+02 6.90508868e+02 4.20477149e+02]
 [1.79888493e+02 7.43878770e+02 7.08147136e-01 4.04170587e+02]
 [4.96565667e+01 4.87174391e+02 5.49967037e+02 4.42697675e+02]
 [5.34828923e+02 4.38098133e+02 5.52894942e+02 3.59421580e+02]
 [6.26097063e+02 1.29598268e+02 1.86765625e+02 1.37025796e+02]
 [1.04059533e+02 5.55965737e+01 5.11125625e+02 4.67117765e+02]
 [4.53792927e+02 7.82052062e+02 4.10987067e+02 6.90532239e+02]]","[0.86605054 0.74158625 0.55264906 0.48767204 0.3242761  0.44620114
 0.7146562  0.04195426 0.21577006 0.94951375]",766,2025-03-03T23:21:55.477601
29,0.9312651761507856,"[[689.58227087 109.54048895 168.93826079 594.28371125]
 [396.01521312 562.93635446 679.65346838 465.52049184]
 [670.44408223 584.23811692 654.10831548 778.88732206]
 [472.9744484  784.90045863 501.53352652 303.6500048 ]
 [668.61594189 293.68527841 575.34689186 134.56659764]
 [182.24842594 566.60701112 631.38828451 183.20841817]
 [ 80.65247503 635.52959873 635.1739847  148.6580048 ]
 [444.49410907 288.37297556 426.23667028 766.24807879]
 [420.90520869 335.19855142 593.96878898 499.34392603]
 [261.57622133 149.94846265 164.28155172 121.47359167]]","[0.43076182 0.44643803 0.55517062 0.64027082 0.1352981  0.67166304
 0.93577323 0.35465153 0.21542489 0.37855707]",767,2025-03-03T23:21:55.483733
41,0.8356874256589025,"[[758.04035281 654.52333507 489.0833495  565.85017804]
 [704.72157997 523.12258756 580.34332652 238.05525778]
 [185.29874775 374.11140142 561.81889525 118.7246493 ]
 [767.51718071 797.25651006 565.70555751 387.63950744]
 [150.051377   788.48767433 607.81744644 138.30707421]
 [660.0432312  464.01413021  82.65030624 651.33272456]
 [373.27566079 434.60211902 294.85840573 553.05908984]
 [ 89.69481884  49.43039765 476.44173311 355.13738363]
 [321.45208138 465.85324223 637.70731028 795.45333566]
 [500.59829817 476.62912152 426.7257388  767.92173058]]","[0.08861062 0.38807856 0.75239697 0.78546357 0.66007274 0.78110364
 0.17074895 0.37284008 0.86059637 0.70859541]",768,2025-03-03T23:21:55.488796
46,0.9023501370269891,"[[161.02023527 146.68511945  88.24893714 604.55018258]
 [407.7601636  467.29412644 313.99712368 308.2614492 ]
 [188.88877856 678.33356611  27.07089007 623.26999285]
 [748.37051249   8.30133263 344.31639723 642.49621353]
 [599.21694066 540.44490502  12.72208915 299.67134996]
 [375.53891248 430.08788181 430.57613852 500.54138946]
 [531.34382231  74.95003682 107.31366464  19.38597664]
 [411.91681492 679.15198279 412.2031383  704.12553522]
 [  1.81345642 348.77743754 485.50789727 740.88981712]
 [395.14858401 227.61056286 515.23022509 449.82552745]]","[0.1894131  0.08934207 0.97577348 0.19241364 0.29896459 0.92457799
 0.89312925 0.62641927 0.76269996 0.93170245]",769,2025-03-03T23:21:55.495913
27,0.8936006682763777,"[[425.10361243 696.11773922 681.04980445 475.04386383]
 [449.41359792 789.47595414 677.52673368 731.58579104]
 [387.52764143 427.61735976 795.62872503 252.46447482]
 [587.84634186 752.2131098  567.04267574 444.11609394]
 [333.70051372 192.9940784  196.82532995 705.83718925]
 [438.36020243 122.20383757  77.05268322 195.60348361]
 [408.97643265  54.25951888 363.42146008 767.64627447]
 [661.07968892 130.24284852 424.38855016  90.27740903]
 [779.49588931 679.76625919 601.66185467 301.98112346]
 [250.54507338 517.36327819 531.90196963 285.17804197]]","[0.64172698 0.41299863 0.06931897 0.11934096 0.68233226 0.96713073
 0.31857628 0.76116734 0.62893249 0.28658725]",770,2025-03-03T23:21:55.502913
44,0.8078969277941284,"[[676.96074536 726.96799386   8.87562175 227.86832227]
 [473.59209816 198.79133684 183.6120704  616.50453792]
 [429.96512178 521.25880051 499.66844887 680.40732997]
 [428.01612971 652.51616235 687.29000462 508.28312494]
 [743.01248789 651.41664966 358.23692396  35.91326881]
 [713.17807011 652.31575738 387.88972615 417.50636933]
 [134.63126091 666.56466279  45.78865403 265.39110057]
 [250.16034205 460.38121931 777.59503665 501.81473786]
 [182.04277605 572.52085463 177.77694978 635.85018412]
 [ 74.08062921  63.76837794 379.37106704 353.71310033]]","[0.05477989 0.40342446 0.26156917 0.04676597 0.70753516 0.55024161
 0.04003129 0.94193936 0.53354809 0.78707146]",771,2025-03-03T23:21:55.509691
22,0.8235946863697559,"[[473.75644239 205.15082277 650.70309276 361.52061301]
 [708.6313578  322.69832507 799.73651246  94.34925819]
 [467.90203714  77.34507001 650.92047016 173.05101072]
 [700.87859294   4.54022232  17.51458579 557.6434215 ]
 [653.03915403 531.49695901 286.88914251 265.79747107]
 [712.30607324 283.13329973 799.31407056 523.60806608]
 [300.20568561 444.98188574  34.95066201  42.17282612]
 [234.91427252 794.92027038 109.77974033 131.61274964]
 [522.52921204 493.16085274 407.47446446 609.79637348]
 [420.65951115 216.25281641 753.92769289 543.0702374 ]]","[0.69901758 0.14098308 0.91351726 0.24799669 0.55220842 0.4005805
 0.37924583 0.79838174 0.55123101 0.28340992]",772,2025-03-03T23:21:55.516531
15,0.8767849597166839,"[[730.75272431 295.29011787 309.82895141 336.95678643]
 [294.20893946 798.07909155 724.07404842  44.86275148]
 [ 19.60835558 522.01467243 254.6495821  305.92207719]
 [491.26171968 257.67636648 733.42466704 756.40001253]
 [318.25268529 168.82933871 704.98175996 331.42891117]
 [358.03510194 124.3203372  129.29192264 152.40588894]
 [139.99157115 709.45656758 287.62405862 796.80642143]
 [366.77193235 602.78510895 388.7006829  617.81041362]
 [552.43589312 750.89869909 688.06625661 423.92982659]
 [419.14692865 542.70939931 637.04044996  76.34346959]]","[0.9197588  0.90359863 0.45583309 0.69753048 0.34675733 0.21960215
 0.15191019 0.19624005 0.68902097 0.48647132]",773,2025-03-03T23:21:55.523227
47,0.848650992511771,"[[ 47.06868438 659.36917987 315.60178286 575.84860529]
 [260.43499636 152.46221396 231.19626124 290.11083889]
 [779.20652814 653.34234138 120.47731475 575.96179444]
 [457.61006669 200.80622365 146.20261083 132.6541505 ]
 [340.98242343 646.87747798 123.57555982 355.43878336]
 [585.61351906   3.30370814 597.56827864 269.138262  ]
 [ 82.65685772 542.04757486 499.62052088 471.47648632]
 [270.48755255 542.90882634 561.5791813  722.47116015]
 [436.25605507 195.72386026 264.49542025 488.85600475]
 [132.7892791  170.2182092   43.5553822   45.39627361]]","[0.74927503 0.86887599 0.19326254 0.11579421 0.13722826 0.61820555
 0.04634392 0.79258239 0.64359808 0.05561813]",774,2025-03-03T23:21:55.529922
22,0.913822966379229,"[[666.80894236 362.1542814  599.48740704 578.9227959 ]
 [ 63.64543561 113.8238938  685.72376873 784.31699851]
 [609.16510773 328.06785654 644.44061874 321.8148441 ]
 [541.35084373 727.46329249 527.73783637 701.37995143]
 [371.79025878 630.42012329 538.12903423 301.33222638]
 [ 21.80856839 525.67725193 379.83776832  59.98254485]
 [421.30311719 459.80081991 409.17119817  92.09396642]
 [699.17258881 266.18809547 714.90737357 141.78932648]
 [747.17373004 628.85639998 727.96680292 621.13909811]
 [ 89.58918727 721.68573655 374.95944487 669.79307158]]","[0.65156949 0.85781701 0.22286159 0.95808228 0.35163225 0.45059557
 0.85570819 0.46195213 0.26559565 0.45188408]",775,2025-03-03T23:21:55.536602
33,0.9490551437735415,"[[  7.35265703 645.91618662 532.94591986 651.38114032]
 [736.08850534 546.08947568 561.58949849 559.65573902]
 [ 50.6666383  524.2621193  390.88181965  72.14479308]
 [377.47325731  78.34876168 485.2581421  728.86343041]
 [ 95.40234126 678.25178112  16.06135437 366.34194289]
 [179.12162613 176.1832962  329.6637643  386.16441139]
 [414.11959119 357.70042738 725.81777175 368.27165902]
 [364.48329132 639.64729775 354.658201   179.11375894]
 [279.86505036 563.36969129 669.26083439 395.54049393]
 [ 14.70426448 621.74303989 123.17161762 281.75664049]]","[0.13364998 0.12885591 0.90306244 0.67675695 0.32043189 0.49629758
 0.32970863 0.94285681 0.37794882 0.4392671 ]",776,2025-03-03T23:21:55.542136
26,0.8235170052584249,"[[147.13708079 247.11661086 624.37990872 487.67342393]
 [168.35140621 752.84302382 781.86247549 194.24993882]
 [246.3689223  282.41010541 646.40593918 282.38237334]
 [720.40323006  27.12746426 123.17770141 101.06017022]
 [ 50.98303671 474.31042822 607.09138322   6.9101726 ]
 [176.02749276 299.50078193 181.88607623 795.6806276 ]
 [442.54341195 257.26278224 216.05559687 440.55533113]
 [351.67498273  20.6916968   89.53027728  21.88063244]
 [249.69654328 108.08340377  51.55304466 275.08176758]
 [734.90518236 522.654663   365.00873275 721.68749986]]","[0.29583206 0.61422919 0.01080614 0.68033535 0.63530082 0.93351348
 0.08626518 0.91039428 0.04164933 0.13446439]",777,2025-03-03T23:21:55.548672
36,0.9258414173954339,"[[429.25290635 743.32070218  56.39406924 503.13078157]
 [428.63991349 282.17929593 342.74762453 418.76178472]
 [441.06059027 145.27264299 251.63897264 478.94819289]
 [716.24674402 587.69656728  73.39880386 221.27473953]
 [544.81144323 699.21297512 424.82412611 756.84511663]
 [184.94707876 460.51693382  82.66994755 533.93186686]
 [498.63421014 122.50889048  84.85441656 654.95440374]
 [760.10128375 148.94726156 516.89231717 205.63438888]
 [428.97484405 535.2855052  631.73585468 325.62071536]
 [419.51426632 260.18441921 611.57949224 782.16509999]]","[0.26708471 0.00675168 0.82141622 0.50945015 0.07224361 0.26058286
 0.03818322 0.04867328 0.00853119 0.51937161]",778,2025-03-03T23:21:55.554948
19,0.8512725971743486,"[[7.12617362e+02 6.07179809e+02 7.56227929e+02 6.82395595e+02]
 [3.04348487e+02 7.48220922e+02 5.08374219e+02 3.72823354e+02]
 [1.78767588e+01 4.70104045e+02 5.34697125e+02 7.96375278e+00]
 [1.29335610e+02 1.68750710e+02 5.34250607e+02 1.92208407e+01]
 [5.45290609e+02 1.57903342e+02 4.14141049e+02 4.83343959e-01]
 [2.56973852e+02 7.37465469e+01 1.88120372e+02 1.61911136e+02]
 [4.60197070e+02 7.48957734e+02 8.33288148e+01 2.22640465e+02]
 [3.49750782e+02 1.75206633e+02 7.25913538e+02 7.74118316e+02]
 [7.91076314e+02 4.39139037e+02 5.26607333e+02 7.96481445e+02]
 [3.24983027e+02 1.75107424e+02 8.50960470e+01 7.13041958e+02]]","[0.32125876 0.07086768 0.96149402 0.86609052 0.6236857  0.92657855
 0.53066019 0.31628572 0.55999067 0.5746902 ]",779,2025-03-03T23:21:55.560959
35,0.894844841463413,"[[269.64770948 400.29625244 751.6707813  701.29807317]
 [ 98.86589052 204.73791472 418.35336799 394.20698339]
 [700.18042777 473.1308962  184.49304476 445.03706767]
 [448.62924665 638.18980268 403.2851921  147.04723258]
 [588.24294308  42.19994491 498.51651968  11.41977657]
 [679.96710984 274.32667839  63.31691913 569.58929835]
 [260.73073676   2.54507607 670.14306604 374.41326422]
 [ 54.65779366 483.122164   486.79758831 566.84731364]
 [155.05728256 753.987675   383.9382176  437.74394163]
 [767.18184348 586.7371565  216.82834172 418.41625158]]","[0.51540047 0.94215936 0.02574304 0.17436147 0.74870555 0.63982719
 0.14010072 0.24910064 0.41855023 0.06550828]",780,2025-03-03T23:21:55.566153
38,0.9230221705746926,"[[ 85.59185912  93.61848546 104.21778241 152.26161983]
 [381.98801663 593.4581087  288.04509297 607.64556731]
 [189.06895736  22.70926557 139.68625547 766.42214136]
 [  8.04423532 353.37661873 116.81571445 568.88858423]
 [538.45732721 648.37842206 242.20517966 140.27917145]
 [697.20016384 236.61511661 600.06190209 102.60614904]
 [284.97863055 653.52338627 387.17283061 206.77268763]
 [404.85574992 609.33275027 480.84108529  22.35298448]
 [579.65389414 702.80281219 162.45417274 323.26009156]
 [196.85111973 539.9481875  632.31364056 373.00025502]]","[0.89895451 0.55351365 0.78913318 0.07344921 0.40445379 0.69923432
 0.83764102 0.84368023 0.19935162 0.35022085]",781,2025-03-03T23:21:55.572197
42,0.8796710183763976,"[[333.87586322 322.44325551 704.58416739 500.85784334]
 [192.64958697 197.14491089 657.48358651 216.2931668 ]
 [593.47750261 571.54702482 532.83962407  33.92469477]
 [290.71460718 215.0251998  149.34032156 329.02637341]
 [638.87518225 652.77565807 325.18488855 184.85029045]
 [789.69012928 466.5874464  438.6926481  579.40207668]
 [100.7610071  740.35092922 129.66836459 712.99584466]
 [765.13860077 711.08496947 699.79691345 213.29381431]
 [207.79365079 465.66092855   7.54603688 700.52078457]
 [694.28445941  36.74695405 273.27561012 340.48662784]]","[0.57847743 0.81552182 0.03571742 0.92417064 0.01006857 0.59112688
 0.40291664 0.61146408 0.98400733 0.25676403]",782,2025-03-03T23:21:55.579447
29,0.894574893833563,"[[442.99037075 218.06044913 667.99110416 792.99143426]
 [ 49.7440611  601.31382523 165.88198359 477.27476102]
 [119.80342122 624.55355943   8.39805086 479.19759979]
 [281.54882501  29.60137808 352.20488555  34.43378828]
 [186.03337489 797.19353305  40.13073878 392.1536328 ]
 [390.93995721 349.06841423 168.25503971   7.35224284]
 [ 18.64117162 285.77902473 533.75096938 389.2712891 ]
 [439.5726936  299.92943855 406.69680226   3.9370236 ]
 [376.38976855  77.54269407 400.92676426 335.67150131]
 [519.68629146 489.38960163 617.10754244 101.24901732]]","[0.3651252  0.21480982 0.14803059 0.18603781 0.59035819 0.28343934
 0.4629713  0.51465028 0.19509871 0.45617384]",783,2025-03-03T23:21:55.585121
24,0.9035351099492462,"[[472.7245464  636.61511726 655.77100745 327.61765687]
 [251.21247234 328.34682386  27.07244206 330.85316845]
 [  3.35460181 338.71129913 690.40430299 188.94191104]
 [333.63830248 592.29941245 252.13011226 721.61145959]
 [426.53887232 536.14120438 546.85889044 591.33161091]
 [632.16419055 491.58934985  77.30496226 387.18760001]
 [473.41644496 196.47548853 247.47907879 459.75890425]
 [237.80432234 354.90411013 431.15621235 685.71267675]
 [421.55209056 700.76090301 533.57656373  56.22944892]
 [676.52931645 107.66960323  87.43431408 441.55294778]]","[0.78007573 0.7808565  0.22528484 0.52440037 0.02467752 0.89510729
 0.86474752 0.8352142  0.77708555 0.57100714]",784,2025-03-03T23:21:55.591267
12,0.9465175079497438,"[[313.31222356 524.72155361 706.82608161 126.43002089]
 [443.53266407 445.60057411 429.95175555 473.34538568]
 [337.35881773 549.630609   231.15943721 377.04822297]
 [731.71573993  70.33751722 788.15981639 595.7212477 ]
 [343.5443087  225.09496351 424.38100773  70.07597015]
 [618.2341883  757.62289209 412.54900722 573.60565688]
 [461.21758278 303.67582307 300.69750978 141.53880265]
 [494.97976892 777.7096562  281.37943625 696.7503707 ]
 [791.72146326 106.10749174  33.0226584  300.69659906]
 [ 50.91837046 726.99241079 391.49374174 775.65081874]]","[0.863208   0.50281131 0.93426407 0.83253751 0.49076111 0.24107041
 0.8249033  0.73792118 0.86529244 0.60328011]",785,2025-03-03T23:21:55.597450
31,0.8409938631573192,"[[504.78296084 795.77891506 204.86582925 619.92806435]
 [213.75272309 403.44092708 127.1552921  536.63645855]
 [224.69670288 655.62812604 337.1106434  514.31381518]
 [606.17818063   8.43841539 173.63170474 254.67668259]
 [590.9863404  112.99521265 687.56642217 769.94676671]
 [281.0509569  250.31368124  71.74558708 393.97195422]
 [580.65621969 664.75589423 708.37770953 764.51772229]
 [381.04180502 572.61286652 192.90486701 728.09895797]
 [705.98208321  93.03645832 229.14485236 655.27940381]
 [260.68442781 723.22227194  27.92449834  70.43907486]]","[0.91405836 0.38104825 0.68342591 0.97719943 0.65588542 0.50842908
 0.64332191 0.76971731 0.03717967 0.73949964]",786,2025-03-03T23:21:55.604153
41,0.8572827175723619,"[[641.93508474 457.74106571 467.75652162 301.50474844]
 [630.58139126 298.2310053   79.3399543  491.19081836]
 [167.64235182 304.43067843 777.77922555 476.9104311 ]
 [328.3348362  292.50070762 407.01134279 253.94356249]
 [297.59264237 349.95934011 469.23817436 321.03917226]
 [ 76.90110309 740.62284978 253.38507511 334.34730019]
 [107.90594109 625.75017875 152.04197567 796.20305382]
 [765.87117415 405.50077334 473.230989   102.67236403]
 [312.04898802 124.55099277 324.17587812 386.20962476]
 [ 22.76554826 375.54822984  40.31339114 161.58065942]]","[0.41254647 0.64378762 0.5899754  0.38222009 0.26551412 0.95049156
 0.96450289 0.59349373 0.16048828 0.09932539]",787,2025-03-03T23:21:55.610808
12,0.8673182292427837,"[[217.1673922   15.06142123 541.36942686 318.11965653]
 [434.49942992 413.83984896 469.54342999 290.27961957]
 [645.20700721 667.34575949 331.35697387 695.85963281]
 [114.79451838 353.75410261 353.68683282 505.25673068]
 [482.03162056 174.65685683 509.11439681 717.60032863]
 [663.84616295 370.37057801 545.17798367  64.92642671]
 [  4.30878732 559.06935377 476.80653248 779.31346105]
 [694.62150048 673.88396605 709.33415423  78.08772248]
 [440.67348328 622.36007368 652.83623547 354.72903556]
 [416.34626978 772.64083629 486.87026285 702.24691198]]","[0.9919416  0.63056115 0.66087832 0.06921805 0.98005042 0.72969769
 0.77271454 0.66624845 0.41878415 0.27761791]",788,2025-03-03T23:21:55.616871
49,0.8425481493656617,"[[610.15909216 777.95188745 490.12756394 546.28505512]
 [203.55757154  92.16397572 525.75173073  91.01050933]
 [752.79840891 322.31168624 501.07509678  69.78715953]
 [532.93155442 293.47560781 745.9108143  721.70648324]
 [606.3345211  602.33975698 623.32957127  58.81597085]
 [643.98303222 770.72674945  38.02912737 430.70706145]
 [315.91192544  48.3996864  542.572594   746.63683313]
 [106.16350705 615.97531145 145.76116742 102.24295372]
 [563.37606622 607.88623762 744.94656896 525.16013767]
 [521.38042381 620.99980283 595.63673156 760.76729297]]","[0.69391404 0.46547832 0.65262895 0.59179866 0.43333597 0.44947692
 0.90364068 0.36740245 0.17305719 0.14369948]",789,2025-03-03T23:21:55.622483
48,0.873024417470121,"[[571.6555263  242.42061089 247.92267213 424.87251739]
 [431.33713208 658.8618576  702.33142089 473.65040802]
 [252.10269886 419.77861394  34.21504309 460.46102907]
 [ 69.27725806 562.1270153  596.67635129 214.83051815]
 [502.95751057 406.93541417  78.71570161 657.40562189]
 [675.91292886 634.00056193 753.35627111  91.78976492]
 [364.06807879 751.80607229 212.00494218 246.76450576]
 [314.30695613 380.11464581  83.91841335 335.76007884]
 [340.45981928  45.61911169  78.3433969  335.32785245]
 [442.98476106 327.81634207 489.12286958 662.17804415]]","[0.59728636 0.88935464 0.394644   0.99340672 0.90810041 0.22623869
 0.7818331  0.85549984 0.33565321 0.13894153]",790,2025-03-03T23:21:55.628005
28,0.8642478049450723,"[[723.17680152 702.00898747  78.00304405 697.67442756]
 [433.84862143 133.23754601 114.47734024 218.88420953]
 [533.39462864 274.2838202  386.83556037 735.36432319]
 [536.30451371 644.77051165 447.08932189 142.60372303]
 [509.84440608 340.58142124  38.16926683 632.41065991]
 [358.04077511 242.54661703 315.28285894  41.78757112]
 [282.41110576 595.23540028 153.32457792 689.04860112]
 [388.54385555 103.74312001 321.67017241 388.04656895]
 [785.20875754 760.27807525 597.75842936 540.74974981]
 [510.90130051 785.06596462 744.35346449 219.87839186]]","[0.73601231 0.9676061  0.87618064 0.14672485 0.08010437 0.75322773
 0.36219688 0.02993313 0.69083989 0.46580959]",791,2025-03-03T23:21:55.635211
29,0.9011777358019755,"[[493.62141216 443.93279099 398.23526863 674.88744453]
 [702.89722394 490.19534928  74.26721306 722.08429044]
 [ 83.80531325 761.47186172  47.24542034 101.94580145]
 [ 35.29676659 117.32637941 764.0420302  587.36310105]
 [512.84845446 735.78951888   4.90024373 120.50319294]
 [441.20293022 277.86578545  66.67152463 508.34163425]
 [221.60412886 421.73493837 701.32161607 151.12408112]
 [354.53334393 659.51303031   1.41361017 213.35996751]
 [ 84.7046734  719.89285455 373.34847238  81.48831056]
 [417.73436808 705.41538979 455.89012883 586.94728758]]","[0.12788105 0.18056672 0.57197735 0.40679565 0.77552308 0.43337562
 0.9032171  0.26389573 0.67619242 0.99492905]",792,2025-03-03T23:21:55.641660
22,0.9367022763024588,"[[641.85900058 544.52769522 668.36426664 504.78440911]
 [651.23989762 139.41733075 262.72589447 163.41625123]
 [482.64666497  68.44656962 460.44074138 132.75534889]
 [181.91047406  24.18161523 490.84655082 277.07056148]
 [777.58175309 271.63473199 622.56500167 220.82217841]
 [563.74489197 255.23251842 135.70565294 219.06233208]
 [594.27272273 757.79893274 718.42404929 388.07802071]
 [542.28854229 295.68627148 338.78801755 563.62784247]
 [135.4982389  365.93927885 241.15136173  12.24669435]
 [217.95865618 335.52615791 720.38980413 662.5681069 ]]","[0.53580748 0.54530852 0.64162181 0.68246516 0.2109331  0.80130667
 0.8256926  0.59762326 0.12048204 0.05842705]",793,2025-03-03T23:21:55.647863
17,0.8180926565356884,"[[320.03288979 204.1741562    3.92551275 194.73952584]
 [ 58.88457267  46.08707011 285.14908421 211.86835847]
 [282.25980005 230.18161058 452.32450348  98.51072015]
 [388.98548962 265.63094434 111.19045162 669.5768716 ]
 [175.83687497  27.43506992 290.23439981 739.56355887]
 [652.05702237 549.97099934 580.48706538 437.10500351]
 [200.39339683 292.4045104  605.02462111 494.97321575]
 [210.87386705  16.05043903 765.88109642 141.78668025]
 [580.76754199 383.15269523  20.93849362  18.85406427]
 [697.32545866 740.26033532  86.16273689  73.51440827]]","[0.15350728 0.31268826 0.79384106 0.22489479 0.67446938 0.91548127
 0.4808423  0.03051301 0.83898448 0.59742615]",794,2025-03-03T23:21:55.653134
22,0.914578368962273,"[[661.28530813 427.89436159 421.99312779 619.91309327]
 [643.26190625  98.46508305 427.52596812 787.889403  ]
 [387.28406613 740.44186223 340.99844284 575.99079884]
 [748.33185233 570.19150806 389.55367264 411.19417204]
 [523.3511136    2.65036126 204.41708043 703.3934018 ]
 [ 18.62729975 635.72848211 707.27715487 679.7031189 ]
 [722.18781588 550.41845873 724.28218968 573.22676672]
 [198.7589928  457.38085872 184.06989516 227.03075408]
 [226.61459917 547.95773978 112.5315471  602.97417435]
 [671.16184124 192.40879686 293.31753935 481.75535832]]","[0.91716019 0.72990772 0.68346764 0.93363295 0.63670968 0.29952308
 0.95517829 0.3808123  0.57924284 0.35612917]",795,2025-03-03T23:21:55.658491
13,0.9150431359071467,"[[223.40972045 336.19981815 437.48062315  62.06260757]
 [762.63084288 282.12199608 388.34405689 390.04829602]
 [486.58979288 292.40819616 401.60911251 602.3109703 ]
 [544.10253371 686.12547565 140.3078263  395.08202391]
 [526.04681442 679.32977462   6.12443418 798.11408526]
 [ 23.63019176 376.27002041 533.86460289  11.87873814]
 [727.29120624 722.16571414 725.63470686 264.90856154]
 [447.46663409 291.49545053 465.62936752 306.36317153]
 [271.4716659  386.17563565  21.92817271 418.64045915]
 [250.24942388 372.66371874 359.15763768 307.35579427]]","[0.3847637  0.17461824 0.99335025 0.49963445 0.764722   0.66125359
 0.70144519 0.64393036 0.41243016 0.97377544]",796,2025-03-03T23:21:55.665632
40,0.9030742386977658,"[[  9.93897295 670.33796552 545.68069815 559.43011899]
 [519.85901749 193.82566712 211.94445636   8.00704171]
 [751.98393108  80.42963328 420.8101242  557.30136089]
 [198.38949935 437.3841583  644.14971785 447.01924299]
 [387.04917393 528.1516352  256.53555228 697.53211559]
 [642.62144273 570.42091046 227.2930984  650.89226484]
 [709.23789311 442.63466626 708.1786443  108.46444739]
 [  9.55392494 430.02091861 559.46633091  38.81196863]
 [377.74273858 417.93325106 148.5595593  711.57821302]
 [463.01911032 749.45519442 141.8226564  472.88720197]]","[0.8609651  0.04042946 0.38033199 0.74901279 0.53920177 0.08435755
 0.61929413 0.15542896 0.06865202 0.96751674]",797,2025-03-03T23:21:55.672258
49,0.9357897845486393,"[[706.41924807  93.4603302  496.07321931 750.93562646]
 [124.96937796 555.09798982 277.10342618 314.31945667]
 [707.58300472 103.99919102 178.34639732 788.90285401]
 [227.06876441 236.05923608 415.33411743  66.39124501]
 [370.84873174 140.21565475 427.0314586  696.30601117]
 [312.72522479 131.01506074 267.53527158 389.24969682]
 [782.1753737  774.67547849 323.08528011 708.38439526]
 [306.4884649  251.86032084 533.32715124 139.51560428]
 [519.62964643 724.06059147 676.5964808  639.77733812]
 [270.2506229  227.30683178 751.89228595 662.49971403]]","[0.40974123 0.83925629 0.85750077 0.77040186 0.30584883 0.8957807
 0.02120805 0.63164975 0.79224282 0.79730238]",798,2025-03-03T23:21:55.678083
11,0.8603512327650462,"[[784.8071442  643.75894694 754.5828619  293.56478954]
 [ 60.73559742 661.85570318 319.66515144 216.69849912]
 [782.69759965 213.29091086 540.75622175 219.79260812]
 [645.99577898 721.27162258  40.95483462 741.84964779]
 [458.49322725 400.70727174 410.69635927 206.63914302]
 [795.16644667 197.84384855 624.56976295 146.08433299]
 [489.40807412 372.00552474 391.55362842 219.43778616]
 [681.76369397 269.62199896 548.15782296 761.63071844]
 [683.19752847 170.01946965 245.98952166 632.67762842]
 [370.86761647 567.62941497  14.07603928  39.4136256 ]]","[0.70822425 0.91018962 0.1687129  0.57306034 0.92809336 0.83666517
 0.83650674 0.90146581 0.48204832 0.31239882]",799,2025-03-03T23:21:55.684145
10,0.9396724221756724,"[[128.37978397 403.68949844 196.83373001 192.01806588]
 [669.8495719  628.95771087 697.93598055 600.46561056]
 [302.08264507 461.93560097 267.46106238 698.6807437 ]
 [793.34200995 517.42203367 605.69493559 376.92730071]
 [550.02099795 586.40072495 485.68654047 562.4374084 ]
 [ 44.56736249 262.22774812 396.51940018 198.73245427]
 [443.15735679 797.78407259 779.11307882 278.98536712]
 [256.0060902  717.60348978 164.43881221 759.95451841]
 [362.42129547 253.21457486 642.05747046 524.05745831]
 [791.17840108 421.76948695 347.53486103 434.31339956]]","[0.99650327 0.7183008  0.58261932 0.68448744 0.01806882 0.10717844
 0.87837428 0.2785301  0.82920974 0.55268243]",800,2025-03-03T23:21:55.690206
34,0.8069824435702,"[[ 61.66743066 389.34695155 700.77732657 678.59201845]
 [776.76700494  86.21112064 357.74128887 292.13497839]
 [418.72507226 300.65840901  83.78251121 682.02443472]
 [396.36734598 743.64793996 117.05106008 611.93951012]
 [153.86735969 484.72622335 148.18165549 577.91535377]
 [457.85393408 760.76682699 236.10461288 585.55495811]
 [174.35370911   4.36425924 305.89376933 637.08526005]
 [691.33628765 606.15289581 382.80700277 363.73750873]
 [758.99910136 696.40822358 641.26743497   1.75839182]
 [531.97035408 555.05430722 547.56396672 205.57805775]]","[0.63968099 0.38119571 0.9747291  0.28094604 0.38353946 0.45150659
 0.18105334 0.52398875 0.35773441 0.68929797]",801,2025-03-03T23:21:55.696137
50,0.9156650070954966,"[[405.00566947 385.91103446  40.34942536 199.10193375]
 [271.14664542  93.13368538 187.43167961 682.99231059]
 [324.67597926 647.59627163 509.96526485 278.50369919]
 [ 77.28947611 745.46861068  17.49962457 107.21092595]
 [176.20677002 139.39543092 707.69993432 142.88155485]
 [149.60013806 600.07884335 695.68860365 290.17616529]
 [499.13786809 733.36746142  99.83759029 123.97936705]
 [711.65213911 353.49431516 236.91551636 731.66205488]
 [585.91578259 529.87133942 463.49837938 564.89247507]
 [394.59929901 408.80972564  72.7137621  245.90317908]]","[0.98306429 0.13974077 0.11692316 0.64183282 0.11759534 0.51000608
 0.07977319 0.68162657 0.57277096 0.33493712]",802,2025-03-03T23:21:55.701187
16,0.9194323419167495,"[[444.14818851 442.08743726 144.9273903  735.38975201]
 [348.14012945 563.75656958 509.25338137 193.84716609]
 [797.15520689 252.89248893 280.45761217 232.52275044]
 [708.69660885 587.5421612  655.72190304 585.53184543]
 [308.30902078 447.51767008  95.90214986   3.11010473]
 [276.68689484 625.13004204 380.38492162 247.77253114]
 [116.16852601 142.4482166  714.24966399 367.07918658]
 [633.93059788 555.51891096 673.85884219 753.37768722]
 [449.55929253 782.90335905 705.10007878 307.39135468]
 [259.1730084  328.29773976 500.0895675  548.53729293]]","[0.16228727 0.81042565 0.80718019 0.55847134 0.2680362  0.7045421
 0.96627059 0.06466895 0.14024706 0.51517971]",803,2025-03-03T23:21:55.708223
35,0.8076875673556382,"[[7.82616936e-01 4.77126086e+02 7.93819423e+02 3.00857797e+02]
 [9.25715638e+01 3.67256256e+02 6.58070683e+02 1.20410010e+02]
 [7.58987465e+02 3.93013840e+02 7.96644858e+02 1.25509123e+02]
 [5.41240453e+02 2.44245990e+02 4.63569773e+02 3.00824453e+01]
 [5.09763633e+02 3.16183008e+02 7.60544176e+02 5.13813243e+02]
 [7.22640867e+02 1.56183914e+02 4.54909335e+02 6.51230517e+02]
 [6.11027337e+02 6.80016125e+02 4.64863066e+02 5.80946439e+02]
 [5.13312420e+02 1.36967733e+02 1.65949099e+02 2.35662584e+02]
 [2.20070113e+02 4.93688694e+02 6.01003395e+02 7.82724166e+02]
 [6.28724295e+02 1.86184049e+02 3.77074600e+02 5.67094799e+02]]","[0.12290543 0.95797756 0.27727931 0.47253955 0.76463781 0.8808266
 0.80887256 0.85500599 0.2154668  0.71012097]",804,2025-03-03T23:21:55.714287
12,0.8203503080394352,"[[314.26252993 637.34950709 234.03060314 400.45867407]
 [119.05754169 403.15136524 255.45166859 691.33108688]
 [ 61.00427235 756.14627893 612.10122643  74.68619465]
 [192.84090126 273.85339264 150.18750906 762.19361699]
 [371.32765225 273.55467296 382.96309209 774.19518614]
 [731.99982744 357.28249111 721.05491348 620.97435862]
 [137.99855782 517.26528962 696.55370695  38.32944728]
 [ 95.02096161 121.85335629   6.69831765 507.91397504]
 [ 85.52516493 535.55950011 705.37163639 655.09327404]
 [532.07870965 445.47462795 296.01933264 266.22793203]]","[0.67562831 0.49418125 0.72127404 0.51961963 0.40867247 0.10146749
 0.26460347 0.45337641 0.8263883  0.27264988]",805,2025-03-03T23:21:55.719840
40,0.8519000203208231,"[[158.33239058 237.58942401 298.75180681 352.62943617]
 [451.42841181 448.8529027  226.78892683  53.90686109]
 [176.1717653  604.32965824 603.12222675 126.23722283]
 [ 32.93078821 204.75888004 393.75554271  75.43708863]
 [345.10667029 236.72148867 525.4167123  469.91139435]
 [636.63994201 519.15196662 575.78798455 307.40754482]
 [240.60605608 214.50308596 352.88082123 763.93085269]
 [145.51107162 360.00950431 723.88369137 278.72825502]
 [518.1760447  730.78620875 289.47141723 203.48015926]
 [622.82773551 668.9024359  303.92964834 190.71245329]]","[0.39429028 0.83883246 0.27226955 0.77328228 0.53613295 0.50342115
 0.80165499 0.37914193 0.83500701 0.06459512]",806,2025-03-03T23:21:55.726107
11,0.9204119373363708,"[[120.0730811   83.07034993 244.26209769 268.96996379]
 [274.50163141 162.1210047  505.12833145  94.89235867]
 [124.19176508 572.41827388 404.79535999 267.06839929]
 [ 68.53176157 245.941899   198.11498797 275.37142954]
 [375.44006736 637.32036808 281.6879796  123.52827562]
 [604.41640887 392.48124461 131.11058191 198.28828397]
 [696.68935876 236.17603384 433.77509551  66.24727091]
 [ 76.91899069 446.26335296 625.40682753 476.55072604]
 [  4.94601371 709.04199004 159.4472926  362.4979145 ]
 [ 76.75745183 451.10017068 121.69520438  70.94374683]]","[0.73699945 0.41800577 0.88651591 0.06615969 0.37853483 0.2873386
 0.24515273 0.07973924 0.97150713 0.24334565]",807,2025-03-03T23:21:55.732636
48,0.8507899351096113,"[[155.57493056 799.72153144 580.4417703  436.77481601]
 [666.67286755 498.03878584 333.74366279 411.71817946]
 [690.42758849 331.24366265 785.44292312 500.92343005]
 [330.27262972 136.83992193 581.97939128 380.57384588]
 [296.78605737 445.27667009 720.10145593 792.89472297]
 [438.31932982 624.03192349 161.53189601 154.17800727]
 [115.60293171 235.86367622 214.25712167  82.86361471]
 [604.54355622  60.96299236 679.84029769 179.11934742]
 [794.00132023  66.75287714 742.43870904 224.14389508]
 [139.54159102 323.17912359 545.90867778 630.90248428]]","[0.76358298 0.78663395 0.68897765 0.67104937 0.32061609 0.95522401
 0.60340604 0.35486096 0.55561087 0.41582039]",808,2025-03-03T23:21:55.738309
47,0.806177928076487,"[[790.05787994 335.85476697 786.13543812 107.4665799 ]
 [511.8650791  638.19545953 314.02734703 421.70996689]
 [573.02371258 677.24136351 726.32287117 732.64160008]
 [465.4538752  703.36834653 393.79967468 149.59094779]
 [  3.31537766 247.20264906 720.11009491 135.78964769]
 [293.41940587 471.57005108 397.88990502 227.63552954]
 [224.1486877  668.59909749 419.39456704  70.49567084]
 [745.78405859 207.62349472 137.37247138 699.50845429]
 [676.00172815  53.88997508 718.72018647  81.7095012 ]
 [678.90790768 248.89231595 752.41197692 315.5461082 ]]","[0.55879464 0.69001318 0.88883214 0.57897169 0.11916929 0.28393531
 0.19227457 0.7654891  0.59935085 0.65528481]",809,2025-03-03T23:21:55.744535
35,0.8152382215052321,"[[750.16118649 236.36103205 734.75366337 750.53900489]
 [135.65242484 491.6539472   20.16796478 161.58279593]
 [225.02300337 439.68662209 505.50562696 481.46750486]
 [587.79720175 591.96776892 775.19092634 545.08151295]
 [ 14.56187326 634.35954094 650.38287347 110.01431442]
 [519.03994528   9.54933282 321.45475044 726.12387274]
 [ 67.10077848 432.71355059 590.31352485 105.37176626]
 [438.47658113 793.65264987 622.01648378 407.5050816 ]
 [449.81855303 334.14436555  76.97617038 245.96233115]
 [171.18163394 567.13576187 205.44306168 742.38740134]]","[0.44136499 0.39544885 0.40230672 0.42116857 0.12009483 0.29504018
 0.82966982 0.26686612 0.99523807 0.39760092]",810,2025-03-03T23:21:55.750048
49,0.8103919791730709,"[[347.90856649 711.20293069 312.66551821 229.43305343]
 [594.46998571 536.37030061 634.67819899 687.75324896]
 [629.13675671 461.16117558  86.92110498 571.12822173]
 [328.20382117 114.68332021  48.30564106 269.17281657]
 [796.10691192 786.10268821  13.00621857 762.36531974]
 [551.20700715   6.09702833 682.26284351 229.04818364]
 [591.38077341 104.58225057 398.74464073 316.50548593]
 [717.29984472 669.92453782 398.46361422 703.62731253]
 [576.07968426 739.90360167  72.02778768 314.0104319 ]
 [204.51055912 117.6574441  593.94678404 621.96742781]]","[0.80886914 0.03829311 0.99304926 0.39603466 0.69423301 0.44952024
 0.17015422 0.33260239 0.8663378  0.38569429]",811,2025-03-03T23:21:55.756314
50,0.8856884694639935,"[[369.14749957 127.60806242 197.18714016  20.46356521]
 [402.11141649 473.21125889  51.58276004 262.88369175]
 [283.15570539 231.17659777 174.97956161 436.54319167]
 [304.11642428  24.66366585 438.97048571 517.59954699]
 [293.47437153 391.63670918  38.3575866  544.97962953]
 [  1.14265981 175.18369643 620.59601591 573.89227494]
 [350.18983344 461.2306049  688.17501759 164.25397119]
 [ 50.6019718  471.4871499  527.77507521 256.78110004]
 [284.72681992 340.26924374 704.59348234 200.83450535]
 [253.8053637  366.02994213  79.46391488 153.52501716]]","[1.04744020e-01 9.30093146e-01 5.09338725e-01 9.24642838e-01
 5.01528737e-01 7.81827287e-04 9.76771575e-01 1.76009574e-01
 3.91297414e-01 9.53321697e-01]",812,2025-03-03T23:21:55.762659
45,0.8867893602456012,"[[304.6642391  196.18110013  54.89771755 412.02917846]
 [601.36135148 254.48272966 546.35250664 799.71014164]
 [200.32492632 526.25254141 219.91186633 761.26214992]
 [219.04191934 664.54934752 378.95417285 563.76290557]
 [255.50663187 480.94363784 248.89491868  12.32481483]
 [308.0645152  527.87922086 312.268868   570.88795331]
 [527.92727669 124.14989367 677.31038317 341.44953085]
 [ 29.18005293  61.95173262 662.26184517 770.36479099]
 [415.86117043 385.94507265 744.54847542 331.17554001]
 [612.77042472 310.95026727 546.48333254 764.56299556]]","[0.38218584 0.92772565 0.77634377 0.81257247 0.98985178 0.20511142
 0.80246186 0.20528706 0.37566455 0.60596029]",813,2025-03-03T23:21:55.768670
48,0.8867432789545574,"[[ 73.20153973 534.10934983  20.9821369  521.18382808]
 [139.59804072 150.87401277 737.11598252 156.78367208]
 [461.72057139 350.62174381 479.16359379  10.97674336]
 [210.49237285 303.12912928 225.77960884 419.06680705]
 [531.32576219 249.18466893 504.62661173 697.69851316]
 [330.07945724 690.79423988 640.50209827 191.48543804]
 [207.0529501    3.39532655 491.08160361 445.20476554]
 [481.05145606 506.53753896 390.91420048  15.76090101]
 [545.25163451 338.12789538 616.31703353 232.21195018]
 [ 29.80538923 364.47570831 688.4243755  241.04955813]]","[0.19143758 0.73827545 0.25847286 0.80187748 0.54140059 0.32114914
 0.44476404 0.91324383 0.39352948 0.8217631 ]",814,2025-03-03T23:21:55.773964
50,0.8820996833276463,"[[251.55825175 368.91534397  15.83949698 791.86951324]
 [341.78992876 669.07682536 671.35962872 655.53528075]
 [536.12625285 703.80562519 720.63336956  12.41483508]
 [680.32907163 457.36120578   7.54056322 546.28849497]
 [599.37098649  75.10971644 330.2166656  486.35503452]
 [127.49321304 520.39721507 589.85158625 474.68698169]
 [245.08332048 524.77306162 736.90209407 457.66217637]
 [593.18319004 347.83966554 373.85010835 555.66551444]
 [764.80465244 133.89806159 540.0754371  450.62846556]
 [756.25958867 666.44607953 224.84507286 565.02634556]]","[0.31768791 0.01776831 0.12748041 0.57847023 0.16325761 0.03915978
 0.2112149  0.16413044 0.33029839 0.70066796]",815,2025-03-03T23:21:55.780307
49,0.8731315000146059,"[[376.93438281 270.8305174  673.92300554 561.82200706]
 [298.12680601 127.5691927  481.77774738 580.34833491]
 [223.73427255 502.77315671 404.46767757 394.19878762]
 [247.20076717 419.98415036 484.26301228 598.02293253]
 [474.77350888 543.19816617 183.94640542 784.92747487]
 [322.79185236 389.33093978 479.00779775 133.30567986]
 [126.01917206 556.41738758 276.81055002 771.12652303]
 [191.5777332  453.3170718    4.94156046 298.83202349]
 [738.80320383 142.24187769 384.62260597 448.18695519]
 [755.15944546  45.86375044 344.89013046 668.80183472]]","[0.24370706 0.03679267 0.19557616 0.22741814 0.89199342 0.12538936
 0.60547317 0.20263069 0.16618984 0.20701832]",816,2025-03-03T23:21:55.785427
32,0.9414553178583658,"[[206.47166661 160.14983155 768.90270565 715.90835777]
 [149.2088643  720.13159773 335.48482958 684.84548585]
 [263.91543013 544.01235591 448.03442195 406.73466413]
 [732.07887829 121.84159231 412.7598867  462.39793839]
 [363.99380367 227.21614322 372.55388353 572.27879157]
 [484.37035518 270.1951317  739.34065759 570.0035936 ]
 [201.49882994 692.96598483 346.7362845  752.11486715]
 [ 68.96280336 798.60384006 548.17953529 491.22080253]
 [255.42925806 290.94604675 250.69526728 432.66718726]
 [472.47743535 367.76283442  89.37815422 237.75507324]]","[0.41190611 0.99781607 0.24630916 0.54346398 0.25695035 0.96000192
 0.10994169 0.1692899  0.45873163 0.28049766]",817,2025-03-03T23:21:55.791438
39,0.8553832136512506,"[[746.06743422 176.97413792 129.90791107 490.09677438]
 [ 88.6209016  400.03970975 534.3034885  639.5288731 ]
 [351.25723075 755.1388812  452.26745054 430.5889404 ]
 [331.8448924  237.4072036  422.08941422 336.06701621]
 [210.18809024 688.27458157  10.68322021 708.02212618]
 [507.66761731 618.65414949 167.32993273 201.17782857]
 [622.81520148 208.59834463 169.58414486 195.25749323]
 [724.52945279 681.76970684  20.11508358   5.54444349]
 [295.69289933 570.9952908  336.91267722 133.41571702]
 [230.49051569  15.90764962 132.77711767 608.29711825]]","[0.1599351  0.65981932 0.457849   0.01452176 0.78615441 0.65436812
 0.24455568 0.23557748 0.43430176 0.69666079]",818,2025-03-03T23:21:55.797548
20,0.8478137792560194,"[[435.91697862 707.68920051 346.29042648 129.24063981]
 [753.64657997 214.61726484 204.29953235 731.21954935]
 [672.45582139 764.59760565  69.15195277 143.57827451]
 [ 66.05886371  44.35594901  47.09461085 502.71801941]
 [504.96266679 113.46238821 762.5008214   47.53151064]
 [744.79725133 792.12226198 210.8520689  788.50668513]
 [ 60.50626577 648.1759172  450.97803916 412.07715281]
 [420.92674559 549.14096249 146.53582838 199.22875777]
 [ 20.77955072 253.81268701 100.80611407 574.87134545]
 [122.61964656 629.17958326 606.55404991 434.38140712]]","[0.11778849 0.60134698 0.17959224 0.12275213 0.0025351  0.5909245
 0.61903426 0.50176149 0.52264459 0.2916183 ]",819,2025-03-03T23:21:55.803602
50,0.8563084779781537,"[[638.60676499 318.57800408 523.10593655 284.3797746 ]
 [554.55599921 615.65289379 173.88842293  12.08081749]
 [633.48886719 528.67982977 605.47580818 128.68372148]
 [163.97021586 520.19842058 558.86062242 534.32121979]
 [ 73.53395958 329.92084772 782.30381471 352.17722701]
 [290.66917772 689.71999919 259.14325578 797.16682956]
 [633.95726718 691.87539911 162.47222329  41.78312803]
 [222.84156489 285.22625806 323.88886822  58.91316527]
 [323.32053987 583.01673655 645.40498891 541.77326636]
 [514.38908222 749.68339956  69.94881501 622.31442423]]","[0.52212538 0.86644293 0.55579672 0.88154048 0.62343964 0.80147808
 0.19895822 0.18786393 0.23319785 0.23254909]",820,2025-03-03T23:21:55.810196
39,0.9060910100695331,"[[772.61418902   8.34308894 421.26341574 552.13714345]
 [684.17333597 295.94929541 300.07992529 771.99177961]
 [162.88722933  71.59359548 701.18931685 611.95811638]
 [ 52.21194606 566.57041659 721.69983325 442.74209469]
 [507.62467777 202.73343256  22.42469018 172.85924303]
 [126.80419248 132.99120473 155.64348552 242.86831568]
 [477.96249153 298.82463794 348.33747037 687.75860665]
 [733.66684505 290.71852181 541.88412419 234.12669036]
 [694.66645024 434.036495   444.38390712 403.37815011]
 [254.60738269 668.61515629 126.61845126 157.65642752]]","[0.4352398  0.63586954 0.02205521 0.92249396 0.64112684 0.51580261
 0.48170247 0.4465332  0.83731703 0.76731443]",821,2025-03-03T23:21:55.816825
10,0.8380666671646346,"[[467.2114215  541.61377385 194.81506408 301.09352629]
 [228.41392916 569.02242934 703.80958279 518.14204839]
 [724.7971084  511.94628384 677.23606266 442.84563821]
 [731.67051687 640.63223763 476.25304184 394.70370912]
 [451.20631168 316.11146703 661.7570712  188.54046301]
 [463.65020976 793.32385365  13.89690066 297.11490614]
 [437.43597567 631.65097121 307.29544701 173.31591563]
 [460.52685991 357.87706609 372.16717652 696.3229856 ]
 [270.8116023  451.10115775 604.25500831   2.21124447]
 [352.26916092 616.41671238 751.26174293 559.78660375]]","[0.65399531 0.87080109 0.64952785 0.57155232 0.3103765  0.37586269
 0.14951796 0.13555806 0.49179284 0.91699697]",822,2025-03-03T23:21:55.822893
18,0.8681321316313928,"[[506.07050611 400.45509894 272.85969109 714.06898313]
 [780.39731963 155.3078338  618.4974313  249.18166752]
 [499.90006995 680.95757094 409.49502413 242.1974133 ]
 [343.42007965  60.22433792 209.88440466 640.39732535]
 [382.99781921 622.3334276  783.75337561 502.63833601]
 [483.31685812 378.33843638 200.75428779 356.9408244 ]
 [464.12438487 193.55591936 547.42246436 215.98328002]
 [ 64.5330543  750.49513413 659.14254134 307.42478315]
 [ 29.66247372 789.70029981 575.51779112 513.91076434]
 [757.76949036 450.78196001 294.4066785  236.11553707]]","[0.48439088 0.47848746 0.47542399 0.8631819  0.22505204 0.63646665
 0.21545262 0.76697915 0.28195375 0.73675153]",823,2025-03-03T23:21:55.828554
10,0.8689568569328132,"[[625.42950901  51.98033309 559.97383631 614.15765017]
 [ 81.92742299 232.26229051 619.73383859 609.2128095 ]
 [142.4346028  590.14062834 360.96609651 575.87251332]
 [236.76418668 134.11049846 205.26080955 403.21638459]
 [145.97246579 766.14497049 504.57554838 303.00034472]
 [300.66502094 703.70288893 596.54813443 632.87292245]
 [632.70895927 617.46202739 110.08899    666.45331683]
 [797.83690648 662.67008316 533.7289797  286.76528812]
 [266.08651518 439.51802276  50.9866955   95.87721727]
 [304.23925861 488.49862998 297.59162728 660.12069633]]","[0.97350094 0.35755512 0.19070055 0.85003589 0.4741409  0.71910892
 0.89066685 0.73182058 0.79338567 0.79761398]",824,2025-03-03T23:21:55.834918
14,0.871982176135278,"[[272.49685726 468.85724974 210.35766724 776.1699364 ]
 [179.51274922 353.19555394  70.08109578 651.11789409]
 [523.69188592 202.95191848 356.55547808 696.5751833 ]
 [390.78477795 166.62938353 121.24411176 135.50042013]
 [559.59432392 135.44308701 471.44098725 465.66271899]
 [390.28889204 275.4639702  753.31504353 181.39818172]
 [379.62098275  17.76552342 725.56051052 288.74035329]
 [480.80850888 519.92128022 294.6833173  322.25611359]
 [250.73383224 589.01035205 283.34680442 174.89348038]
 [655.19876957  69.47234794  20.818933   124.52326141]]","[0.44115432 0.80777942 0.06396388 0.74942366 0.10540052 0.86202082
 0.94791138 0.75478127 0.79001768 0.31257007]",825,2025-03-03T23:21:55.840956
11,0.9311282914785635,"[[ 91.14661992 750.58516342 751.36238748  37.86974706]
 [312.78224471  44.72412645 376.07491253 669.17376631]
 [314.16404265 672.86075732 338.14649121 139.55663023]
 [590.04384259  78.81841223 161.12434716 222.48072797]
 [234.10734659 673.05817043 491.19964145 739.26214969]
 [285.50563763 208.14757559 311.02734906 288.64352158]
 [115.62423271  87.96002939 719.78930943 101.13490191]
 [558.91064574 469.82472659 742.92310241  11.78535567]
 [447.49660887 703.10376318 433.4714186  735.44969085]
 [125.76124413 395.24396376 600.01342363 112.61129724]]","[0.86980958 0.79569978 0.73632827 0.26509836 0.38304344 0.08749989
 0.90172652 0.38211365 0.9372956  0.68459832]",826,2025-03-03T23:21:55.846742
45,0.9119316386016464,"[[524.79558004 603.70733704 723.96495775 572.40771695]
 [307.62442332 257.18072692 408.44007115  62.04035518]
 [604.85142283 448.00342097  86.61096174 606.92380372]
 [253.34514937 187.02883789 377.00316691 421.65224939]
 [754.42836748 541.61322734  78.60498348 115.15549573]
 [585.75582332 298.05975055 381.40293149 198.30873873]
 [652.04435998 104.93922165 172.69710374  94.14013406]
 [712.50889437 442.64200803 611.85380694 767.93387235]
 [480.03581665 323.6690915  400.9341639  621.27886616]
 [420.19454686 309.4910797  472.70609522 154.46384051]]","[0.3229935  0.90316097 0.54699097 0.82342939 0.37113234 0.32048489
 0.49092151 0.52230863 0.71944983 0.38158814]",827,2025-03-03T23:21:55.853222
16,0.9396702268436923,"[[451.94797738 332.46533574 294.58769557 716.46962849]
 [271.24382173 486.78028197 701.0182623  267.56500267]
 [690.18690152 110.35240875 502.88309048 777.11652048]
 [284.71433343  62.78348231 779.60284926 139.85461895]
 [747.84571728 532.74177307 263.40850548 734.4152699 ]
 [680.47739269 107.905163   713.97130826 527.74450639]
 [414.32093335 190.00730294 663.55838254 497.36960645]
 [520.65152413 205.30039452 255.83452314 675.62882492]
 [152.19611087 420.29295007 325.66419096 271.51811044]
 [ 38.2435242  580.68909923 720.39421602 266.2413078 ]]","[0.5660751  0.56126658 0.70302104 0.02091303 0.72873303 0.80133244
 0.7283133  0.65344773 0.45988545 0.98589594]",828,2025-03-03T23:21:55.859174
16,0.8373590298920279,"[[128.39827092 593.37164417 544.626574   694.67317677]
 [259.50860079 438.98535471 100.63188536 640.05483149]
 [646.23950175 207.6473473  754.14203574 491.62185214]
 [424.45978339 133.94103557 498.3155781  238.70096166]
 [221.88973942 665.0418076   94.11961212 584.38699563]
 [582.11120975 219.58014135 543.09723867 774.72453374]
 [328.98555706  86.90884993 110.47726209 613.01078699]
 [410.44753828 111.09485651 699.55385225  94.03225343]
 [586.89833701 603.69587322 230.52727424 395.30953977]
 [797.49981522 494.61907893 396.27899195 768.43771129]]","[0.84672932 0.37824977 0.49431484 0.77235852 0.99940254 0.95862598
 0.85257665 0.87734102 0.34738758 0.69187431]",829,2025-03-03T23:21:55.864690
28,0.8721028812654747,"[[567.71048952 465.00401958 520.53929223 522.31582192]
 [163.62907315 640.58810751 153.32399157 634.84076712]
 [134.03313998 774.19369523 522.23196354 269.11525393]
 [260.00831892 459.24457032 161.44857195 271.48297998]
 [205.07502973 202.75513507 786.24047685  97.39251937]
 [661.60923471 676.36288911 595.02689828 130.08807224]
 [780.37941529 630.53054237 527.34165922 217.79493744]
 [ 24.30255178 673.66368315 161.87157837 413.41398834]
 [ 43.26110133 291.76858359 667.31051146 708.15223967]
 [ 63.24631649 751.3600348  286.97843496 398.42988816]]","[0.02409832 0.64944672 0.14608786 0.01433256 0.31984441 0.18535616
 0.61159312 0.06000315 0.90085023 0.45554511]",830,2025-03-03T23:21:55.870212
19,0.9381503747468194,"[[617.07532732 176.47609852 489.47045723 713.57237238]
 [626.6456304  539.58680604 331.93415186 583.34553053]
 [159.98197694 232.2923792  764.74007195 581.38024863]
 [679.67152142 362.83462787 761.56612274 393.4418203 ]
 [520.85933511 298.13460644 134.41628051 561.79332115]
 [594.37437109 281.64542665 545.08685513 401.39911622]
 [136.71680225 501.00427893 779.6699374  732.45472451]
 [732.23506153 423.14742201  37.59411515 173.70544732]
 [708.83997921  28.57234652 651.61879686 438.15335669]
 [381.93230444 232.32423325 471.88194247 569.16329995]]","[0.92495588 0.60687865 0.93532038 0.83919129 0.49236215 0.18927867
 0.86510834 0.42230755 0.90882983 0.52966509]",831,2025-03-03T23:21:55.877579
28,0.856610851940144,"[[771.88197225 190.4335433  489.72560501 572.19511633]
 [422.60366095 716.14927408 407.76914531 737.64749791]
 [521.21880077 655.46370866 112.87740781 349.87567712]
 [ 77.6728502  463.99272078 345.21386234 200.72782283]
 [507.90990107 695.97894814 407.3720244  670.20036115]
 [747.1565781  108.41460914 140.06124407 156.58763723]
 [347.94013196 392.81055147 605.52037606 140.13915684]
 [776.25399147 619.28539698 173.59876827 300.04903979]
 [525.70849611 421.85436721   1.26060784  19.34769286]
 [566.10781692 280.15727754 255.99247358  49.86131845]]","[0.64413965 0.4982208  0.5181974  0.61387445 0.47305577 0.2119902
 0.74639793 0.70787162 0.64809995 0.36989769]",832,2025-03-03T23:21:55.882923
36,0.8217465730672571,"[[578.56016307 700.68238222 483.67911245  69.31668506]
 [ 82.53025472 377.21501349 662.5296897  288.30613849]
 [  4.61283367 620.01205034 379.53577596 567.2127733 ]
 [418.39335212  73.8763632  778.37921616 406.64385327]
 [201.58520546 477.59944751 466.62677339  65.65187811]
 [777.20693541 758.70364829 683.82637697 563.55022754]
 [666.81889394 317.9612296  331.61407468 790.06742375]
 [725.84545809 106.42438207 787.30479464 765.45933458]
 [251.28058617 339.70360132 706.25544028 603.48378586]
 [385.92080925 405.13293548 242.03914137 470.46935094]]","[0.68995591 0.37768084 0.67522033 0.14977448 0.43261562 0.80963897
 0.489493   0.06882972 0.63351554 0.69252722]",833,2025-03-03T23:21:55.889071
25,0.8295578469053716,"[[ 11.10640337 699.21850965 712.3758964  342.90920235]
 [186.9154576  749.67158238 313.68674349 551.25501697]
 [214.53505026 387.60500546 668.12132841 239.34000537]
 [775.18844512 682.44083258  51.32880255 234.42967153]
 [633.70437492  13.31816704 322.11723238 538.668587  ]
 [347.49525191 146.78260696 249.51184638 729.37334894]
 [547.11187968 696.77436707 682.34018279  82.29203031]
 [730.57499685 434.19311163 511.69244215 107.50901472]
 [185.97105145 470.55266702 594.99593801 265.25507134]
 [ 89.91358433 320.55325635 262.99932802 344.98373552]]","[0.3278013  0.16680935 0.00939379 0.00813162 0.63061525 0.29429538
 0.94900773 0.9858991  0.60711364 0.36119969]",834,2025-03-03T23:21:55.894442
22,0.9158781049262591,"[[126.86483793 705.56002219 630.00313868 152.9663172 ]
 [433.20320125 779.66387495 346.15456036 786.26799531]
 [288.49093723 756.22747843 751.7089048  372.24958685]
 [734.71919517 694.10418452 128.82631062  61.57855721]
 [653.59545717 647.11406269 136.51369749 406.49831106]
 [361.60872834 556.093774    98.4956129   41.11891706]
 [432.69217679  35.27563847 315.32227755 653.70847754]
 [412.48123836 245.11523264 338.34233295 710.36633613]
 [456.98483568 791.67316834 303.87208126  96.3027808 ]
 [222.35222988  32.87972749 667.01903347 414.04404273]]","[0.33446641 0.36894706 0.57391325 0.82083551 0.25942491 0.00231977
 0.32365131 0.50892638 0.86509021 0.77348971]",835,2025-03-03T23:21:55.900745
48,0.8794244284727324,"[[  2.33616856 616.58632457 749.58138208 505.58670619]
 [218.01899087 475.35431899 407.24171425 355.86802214]
 [ 71.19867998 189.82950419 570.21286704 536.29731417]
 [ 63.44064067 353.03192178 289.45770166 441.45643485]
 [118.48109586 489.74525714 665.47464826 584.37827235]
 [600.33880207 792.26434027 734.26918674 299.94638985]
 [144.86133337 320.42199415 262.46270773 460.97168818]
 [ 27.56820113 408.20490595 641.47485081 365.39715553]
 [777.81004417 182.62401559  69.20356283 591.66950778]
 [487.36963655 498.49751978 549.87097595 619.72745378]]","[0.35427266 0.47528949 0.46056605 0.60111184 0.5877047  0.8640957
 0.72431903 0.38741104 0.49762893 0.00662711]",836,2025-03-03T23:21:55.906890
11,0.8877896442890565,"[[694.58864245 677.49984931 715.35467564 123.68877567]
 [ 80.35733212 317.57751966 631.61983917 212.55024722]
 [119.6353781  789.97518345 193.0369512  466.46157701]
 [287.64846741 232.59876802 397.45603392 530.65375177]
 [490.5148358  158.49900303 305.65334094 221.29606003]
 [788.16283317 638.63836681 747.57106042 233.95382983]
 [529.41800069 790.07092408 337.27305034  88.17315808]
 [763.30016765 482.90287979 294.73086944 485.54629551]
 [180.67757019 291.4797234  146.54877861  92.85203001]
 [105.68622347 683.7337811  384.523151   452.29703825]]","[0.44036677 0.7549839  0.22265142 0.23459384 0.4449617  0.01811632
 0.91423594 0.78375983 0.08803109 0.15568223]",837,2025-03-03T23:21:55.912405
37,0.8033261634499983,"[[565.96975744 642.80928778 226.13582563 209.82729513]
 [325.11796419 522.5777238  790.39408556  67.30405706]
 [502.75139287 400.57250789 384.25637446 619.26457385]
 [701.66047438 531.26601426 704.08132706 744.79758406]
 [460.48113877 117.38230758 710.29187643 525.52374807]
 [753.06626607 256.66015982 257.31675721 633.71477268]
 [683.48515425 174.93422356 784.63715092 406.53359217]
 [632.39449316 103.93587873  99.10833532 618.18539924]
 [ 33.20999863 105.06314235 458.07197779   4.18002331]
 [254.53956891 703.85110981 519.25509967  31.01834959]]","[0.22083027 0.33666398 0.36940614 0.62030986 0.99750107 0.11564327
 0.01733003 0.38181631 0.05799639 0.97122055]",838,2025-03-03T23:21:55.918422
24,0.9196607703884707,"[[573.5222144  177.02894612 498.79833526 666.35584393]
 [319.98930142 701.76836802  15.54552869 307.65819881]
 [677.04909576 729.57544985 773.19543638 560.41278199]
 [430.58897383 421.39459088 731.30075178 400.6965418 ]
 [643.50131307 368.2294522  440.53020475  82.84438819]
 [549.90571863 213.47397707 210.43100502 531.88656443]
 [612.49401236 171.27061547 112.71875083 105.40097629]
 [519.55524335 220.02148145 232.97465496  42.19214402]
 [681.47706617 354.62501368 243.33377749 579.61562193]
 [380.4446788  643.84389983 753.83458264 459.98010938]]","[0.90883535 0.08891985 0.23573976 0.97958396 0.07430956 0.27842872
 0.52549091 0.13553812 0.82334214 0.56148392]",839,2025-03-03T23:21:55.924698
33,0.8260633242976225,"[[  7.71817968 200.32199267 662.83827553 316.91862214]
 [ 10.93622555 634.16236246 613.70004505 288.02477974]
 [159.60530615 283.29557761 379.40803158 586.35405229]
 [258.42576608 409.82781217 251.20703691 253.05101105]
 [360.89875831 213.27795176 106.71088552 328.26846721]
 [324.62119883 471.74641698 746.76244409  68.26096434]
 [480.50376726 525.77702134 459.35362943 313.98565291]
 [ 27.27315964 551.37885389 644.36745105 423.56498866]
 [264.01246006   3.91631825 562.36357599 787.03993029]
 [300.50371546 164.47073093 501.38550523 301.05222211]]","[0.4409546  0.3899094  0.78270139 0.45383236 0.04699216 0.01925869
 0.3484957  0.61769962 0.86422487 0.67611673]",840,2025-03-03T23:21:55.930854
41,0.9331820417528016,"[[707.10183895 514.70375247 153.57962606 200.76669019]
 [287.87866155 406.07824256 446.85636344 202.46561879]
 [784.31155093 543.81460871  82.90820779 443.82786015]
 [243.25829602 422.30949292 222.49492228 739.45488312]
 [771.05608534 690.65716564 155.66426015 751.51321002]
 [708.22299088   6.72798017 305.30573019 410.70214106]
 [244.14416161 403.58922625 370.12826993 345.787382  ]
 [149.69609611  78.96852341 726.28084922 474.79356604]
 [158.88059392 563.95609913 245.51327113 389.04065583]
 [635.3516448  621.38618892 275.62152003 313.13083525]]","[0.92550742 0.34159852 0.7221122  0.82909914 0.98892013 0.10216059
 0.08270451 0.62547437 0.47486301 0.23361092]",841,2025-03-03T23:21:55.937610
13,0.8727684867104852,"[[ 88.18683653 256.45670399 119.38810274 308.79989356]
 [655.9269779   87.14691753 287.16363529 651.27975102]
 [584.54697388 241.96474232 657.64635266 491.67665197]
 [184.00537067 611.17503648 458.77225687  98.81177383]
 [414.02130894 611.79475355 582.0798395  521.27077426]
 [134.19837402 273.95698562 741.8674603  567.99278356]
 [150.32187375 100.73306836 212.56496593 677.30316248]
 [583.10917981 441.44770832 104.86529651 533.54481168]
 [640.59915509 352.84599565 759.39720512 556.40891887]
 [ 16.80362214 576.68274578 543.69934642 181.20791153]]","[0.27877472 0.44759935 0.87994452 0.05388545 0.59293348 0.66271791
 0.54039919 0.37398815 0.48077076 0.74648889]",842,2025-03-03T23:21:55.943208
15,0.8723831880400706,"[[587.27831046 683.86757532 674.82636126 788.82850108]
 [ 58.98303705  77.26172304 662.64945345 768.76251983]
 [513.28479984  26.75300416 173.57184322 747.27212106]
 [262.18765081 113.57382745 694.88803906 165.53429488]
 [550.58873703 509.63693588  82.54311096 779.50579939]
 [ 58.87565532 495.02753668 314.76431131 506.34691082]
 [537.09340539 690.2313059  415.00060893 553.61130466]
 [173.13056416 141.13101661 426.47704908 386.88524737]
 [450.38476245  56.35743257 458.68936375 479.32045011]
 [199.41375685 514.43394281 386.6310687  799.21470046]]","[0.11338545 0.16732161 0.63005549 0.65581411 0.01295629 0.89234568
 0.26209134 0.23163727 0.91362659 0.99588025]",843,2025-03-03T23:21:55.949067
17,0.8531408193272354,"[[ 58.0766975  150.44607397 145.55848351  95.04749895]
 [388.97162114 550.35969297 571.94419975 562.44653763]
 [549.7981171   73.63967561 214.26026832 424.64247819]
 [683.37957787 226.98603083 553.8566752  590.57877139]
 [321.40660068 247.86098614 444.31644939 348.68822439]
 [116.85418163 580.53369618 144.82786471  26.61840464]
 [231.50288593  41.70165065 658.47387819 176.56771418]
 [664.24473426 513.64649823 386.82785026  23.4799555 ]
 [419.38754569 524.51705378 309.42178603 376.35175613]
 [560.78793748 745.2582565  395.82039639 112.98219871]]","[0.07980366 0.81954037 0.13363733 0.15543067 0.13745017 0.65617511
 0.16197091 0.24317116 0.938484   0.04142356]",844,2025-03-03T23:21:55.955222
17,0.8884754435352187,"[[194.35889793 685.7783838  467.24598655 139.0175382 ]
 [579.58402984 382.82387311 721.07397599 354.44209959]
 [494.7543917   40.51830636 101.96602995 494.54954633]
 [ 74.22820588 189.90214208 490.03382263 368.96433828]
 [210.83735217 482.19435919 612.89379297 676.23181967]
 [485.69902621 249.04605588 253.19277009 375.1739285 ]
 [390.16122183 185.86426211  54.37364793 580.45944029]
 [330.35449948 476.13232564  61.21239998 677.69241694]
 [464.30039839 354.66515137 542.58531236 235.84415195]
 [455.43771308  19.31354572  96.10013691 419.33247741]]","[0.56468871 0.69282116 0.75048403 0.3903719  0.09412955 0.65463608
 0.5599156  0.1107668  0.63325926 0.80601044]",845,2025-03-03T23:21:55.960344
34,0.8711247707402815,"[[299.61964054 746.35206745 365.9719356    3.29809163]
 [616.85795596  86.42513819 420.87504421 191.6847458 ]
 [512.66232668 424.691683   355.35190531 597.63965617]
 [454.33851585 142.65152895 268.80168486 225.03587052]
 [307.55667303 149.82413759 239.1027463  593.10651642]
 [710.87557862 638.99264138 173.05242021 387.87433548]
 [400.71939426 761.22275842 768.88272993 349.71667753]
 [112.65112361 400.4627415  351.24560562 750.08777494]
 [196.87151002 205.66652646 327.18546888 706.36915322]
 [658.15823406 193.93231278 252.51587353 717.41961443]]","[0.99581355 0.6537426  0.0842743  0.16394415 0.19133859 0.48637542
 0.58964195 0.86138141 0.58567548 0.58090329]",846,2025-03-03T23:21:55.966829
23,0.8408587861212148,"[[608.36048532 211.50981567 457.64633642 380.55378598]
 [298.96319176 218.64340323 198.54662265 655.80694506]
 [178.44419373 601.73165282 489.52791924 781.58795433]
 [540.42682473 305.63329978 704.31282357  14.58857078]
 [599.94880925 698.25011146  12.45085039 758.09059782]
 [684.6152391   39.69889995 204.96488688 223.37470325]
 [698.23920976  87.08421916 425.08438795 287.95651951]
 [721.34600068 125.66340137 547.88235627 754.9388993 ]
 [480.09600654 361.59561598 490.67315151  47.01794497]
 [680.99533947 609.61471465 323.77349279 430.66698166]]","[0.35712557 0.81006092 0.81674023 0.04244113 0.66296299 0.09213741
 0.17072191 0.50378027 0.29562698 0.10494069]",847,2025-03-03T23:21:55.972009
30,0.833448334992731,"[[208.35224939 149.44807238 786.29300905 737.93727939]
 [729.79499961 768.06602237 615.73120487 210.09244132]
 [708.43940714  89.20165493 186.17439983 429.56899192]
 [154.57900648 659.26436242 642.71845005 231.06381441]
 [150.40675299 102.31544373 558.70539433  66.47484245]
 [566.56228018 352.54198358  64.29962445 314.72748258]
 [410.41704329 761.09145512  76.64259203 261.54135699]
 [391.32739362  67.58069957 117.29586955 202.85207094]
 [280.37693869  56.07183439  96.37920114 185.25443225]
 [353.15940617  44.16732854 106.40897146 778.72679012]]","[0.97023336 0.30435033 0.7029522  0.95979522 0.89099    0.41776692
 0.6584557  0.26492546 0.88633633 0.25648815]",848,2025-03-03T23:21:55.978437
39,0.8041987749940425,"[[439.60028985 292.56886108 518.04315893 593.86066803]
 [ 45.90746295 603.89998424 738.65363406 716.2577883 ]
 [666.38410754 339.54208209  65.50181371 236.82659559]
 [457.27296006  91.81380752 508.89487994  17.36739718]
 [355.08833603 614.57654614 166.44945837 323.5124629 ]
 [404.16544103 686.72483685 554.25449468 277.60449444]
 [221.08585818 587.60742656  17.39503022 768.14172811]
 [782.4288219   42.14376364 752.43224439 374.44275136]
 [ 80.74991779  31.48400684 309.85440068  14.90695642]
 [619.96092101 424.91598875 344.91030865 225.26448404]]","[0.99307905 0.78794507 0.6562438  0.63736657 0.98443735 0.03964524
 0.34129756 0.67331747 0.80666418 0.53288515]",849,2025-03-03T23:21:55.983983
26,0.9207500758642535,"[[591.1776683  705.35675045 354.32558351 767.65116101]
 [135.11015475  31.03824957 405.62193766 667.25755077]
 [211.48865324 413.42594478 295.04928939 140.61806761]
 [323.20398777 534.60828526 137.86770863 134.64632746]
 [794.32568869 488.73501078 300.19984276 267.5939341 ]
 [692.57572708 523.21362586  22.78997868  65.55193891]
 [415.70123526 209.30947829 424.73744996 260.65893148]
 [678.69007812 727.9668154  354.38621234  12.44769642]
 [643.84368638 333.99215262 101.56338349 314.71188969]
 [778.54275144 119.27705415 362.47818234 438.88314987]]","[0.86898553 0.5693067  0.19101765 0.7487055  0.97747827 0.72124674
 0.45730742 0.01246829 0.87077166 0.73099181]",850,2025-03-03T23:21:55.991113
47,0.8289869074875059,"[[578.82477216 675.4732696  391.70723047 152.7510392 ]
 [354.56759871 537.06960674 341.81470998 471.28194759]
 [650.08764755 756.25248084 418.83933637 535.15813874]
 [196.74230908 580.31336749 608.86459968 113.30581265]
 [739.93478944 187.46385691 529.72768819 782.08428816]
 [  6.10744772 704.99315357  35.87245277 466.80477307]
 [ 90.49169507 619.54228064 168.186034   197.00496159]
 [141.90681578 273.70918476 119.98231596 786.73165754]
 [603.27489298 366.8110341  477.57238077 281.23580513]
 [608.33710843 233.49993364 605.60805381 265.22900343]]","[0.86188946 0.29426126 0.88440885 0.35645245 0.39421381 0.0043414
 0.08418635 0.19839756 0.04060652 0.28255935]",851,2025-03-03T23:21:55.997720
21,0.8289235772786868,"[[633.13224528 519.28026966 574.63179522 544.66817496]
 [754.24511199 125.79649823 630.10640835  40.04847234]
 [692.82256636 413.45733643 293.13057249 374.70154948]
 [645.43341286 586.18122162 458.80331923   1.68858154]
 [301.89664021 102.97401695 506.58141398 103.85328432]
 [ 30.24625465 534.70819674 335.1607643  449.55155515]
 [  1.85012077 322.11689086 384.91238738 104.40772932]
 [ 50.92414423 198.26595434 351.15358094 478.06936292]
 [409.47319579 476.75714946  59.51924466 721.81420739]
 [554.55327104  11.07494893 569.20157976 576.12736058]]","[0.71520715 0.21793358 0.0639463  0.3712029  0.80237709 0.61443878
 0.829781   0.5051264  0.84950916 0.35711492]",852,2025-03-03T23:21:56.003781
11,0.851583267415181,"[[169.14087704  63.9615131  627.53173897 562.49513198]
 [277.91354724 444.74276229 277.66496113 207.3835908 ]
 [636.37760363 780.11800725 541.23328261 372.96889734]
 [602.80026098 624.52002732 314.14431896 286.59761701]
 [317.91352078 592.72464523 243.77413649 497.3710822 ]
 [310.82725096 294.53366444 791.41356236 703.8315682 ]
 [611.05010671 645.00043103  37.40005962 210.81799188]
 [554.36556405  65.41918316 584.5024449  489.10110824]
 [604.02118336  69.97731622 338.0054765  189.88638004]
 [  8.47707099 678.30170561 521.18517353 550.0421189 ]]","[0.72477675 0.43799761 0.46991919 0.03633451 0.3312517  0.01901236
 0.67458334 0.78920983 0.03115091 0.83357931]",853,2025-03-03T23:21:56.009765
37,0.8368295583284223,"[[239.92848431 399.9494956  649.70154907  61.79092113]
 [106.68367256 380.7121156   41.96347655 761.38209392]
 [ 64.11588848 266.8407103  299.08271607 677.19437258]
 [180.93087976 325.95324015 100.64938892   1.49684167]
 [552.41253533 162.40176368 590.95463151 280.58630724]
 [399.69790756 247.14416701 625.2517795  279.02346829]
 [664.52206342 297.08748723 111.41049622   8.08189891]
 [189.49811865 564.20579059 675.97745273 786.01144908]
 [138.31588582 450.0588677  199.87877266 530.47682732]
 [329.9987707  293.36587934 686.2875787  269.71619642]]","[0.17806124 0.98208407 0.66357799 0.30940609 0.79405712 0.83754096
 0.37164991 0.67205918 0.06538579 0.27557694]",854,2025-03-03T23:21:56.015755
24,0.8538101038361687,"[[340.33368446 740.24542154 572.25458562 208.40384218]
 [353.05019808 638.47516713 794.27892423 626.5914583 ]
 [ 50.79572475 127.84693357 707.55846038 372.16103235]
 [332.27374026 637.91869212 524.59041084 731.21421411]
 [397.61243403 445.66144188 677.29770449 409.84936607]
 [441.97402626 671.78211515  56.33154922 128.03953665]
 [146.92704081 332.06652379 500.56621408 290.93966203]
 [ 33.36397642 509.45524733 122.07164181 686.58531542]
 [310.9727896  488.27249438 787.20741749 470.07962937]
 [ 38.68055558  91.60314997 516.52034657 419.51139904]]","[0.69132656 0.25909278 0.0184533  0.22142134 0.74413866 0.53308572
 0.83057318 0.47398301 0.06206298 0.5665992 ]",855,2025-03-03T23:21:56.021470
20,0.9019997987233621,"[[684.86657354 682.49541093 195.82901557 565.19165318]
 [218.84283718 347.00473061 184.01696796 472.71579413]
 [183.38139662 688.0424986  609.67513938  87.62094454]
 [358.87094102  12.64951985 432.13646143 528.13976191]
 [337.74198389 315.6058185   78.92783652 659.12480898]
 [631.20937993  50.62174953 218.77514577 542.84620318]
 [288.0382558   79.97371181 738.95732206 301.43013176]
 [789.48296757 489.86702684 230.45926581   0.88682137]
 [250.26616598 521.68711418 107.16539738  62.28931411]
 [ 69.24897849 321.22666884 297.34203252  57.04275782]]","[0.07522074 0.51153477 0.0164477  0.13773661 0.34003791 0.49882893
 0.0247502  0.19272057 0.97260856 0.8978292 ]",856,2025-03-03T23:21:56.027939
38,0.8969160654548828,"[[601.00151792  23.79711294 419.70928734 610.20027294]
 [169.18656764 248.35074508 673.37452399 194.07300529]
 [613.54685807 128.24116358 703.29289577 417.4510819 ]
 [346.33019671 789.59745246 525.69786695 565.99911876]
 [547.79487023 274.64336826 705.69799595 573.97871709]
 [ 55.20559938 550.12213852 246.19488577 342.98796054]
 [436.98472728 300.57655401 499.95758658 707.27664433]
 [647.5117802  649.18139192 549.53887081 635.20950587]
 [ 24.33135488 227.75936539 373.27055972  98.50857621]
 [592.153358   771.13256898 341.23707604 715.35716817]]","[0.78180607 0.35628066 0.8694851  0.91504036 0.05830115 0.35450127
 0.2411897  0.04491721 0.92961611 0.0445401 ]",857,2025-03-03T23:21:56.032993
17,0.8356983414668244,"[[562.55091469 489.20089915 493.77267843 353.23444586]
 [ 86.01737933 689.79151549  28.99467866 640.86305354]
 [225.78194315 591.75322407 647.87249746 187.60735412]
 [ 86.46273738 273.29952152 636.55395572 157.87620524]
 [394.18077155 536.88389174  13.55036704 247.8148655 ]
 [749.35099738 493.10415649 383.73215254 399.83074496]
 [724.6117477  666.59481742 559.08699136 457.30731638]
 [610.60612892  43.10492805 425.86308323 615.18138202]
 [160.20262653 497.07665258 462.31746647 361.00175065]
 [734.0623062  654.37800436 315.80019771 656.29518133]]","[0.46394921 0.69952784 0.91393909 0.06013835 0.54794813 0.77182933
 0.12297124 0.89782788 0.32701295 0.01650914]",858,2025-03-03T23:21:56.040018
30,0.8315786068157782,"[[357.90580362 519.0207349  465.26182647 627.09151654]
 [259.92459816 457.59153264 288.57548513 588.28502377]
 [171.14991768 134.86695569 411.15333614 264.90209845]
 [233.17713848 150.68181649 602.36524574 393.34558116]
 [610.0470019  322.49786905  51.19208606 284.55356547]
 [ 79.11344412 256.93742072 674.72633679 111.560114  ]
 [ 44.14154467  91.13170684 698.14336297 781.71525409]
 [606.24637714 115.01786622  22.20528535 582.32356593]
 [130.20182489 651.79467016 310.59715663 214.72540646]
 [216.94299036 129.72147261 583.26848027 769.80404222]]","[0.48689074 0.18461821 0.99668795 0.71243523 0.3340072  0.10873766
 0.12146802 0.74040442 0.3013559  0.77543863]",859,2025-03-03T23:21:56.045880
34,0.8997076616241348,"[[170.84348095 186.92878528 465.01607128 264.81584972]
 [606.86083904 161.58718052  29.06026575 724.50946951]
 [542.85867164 510.70575996 593.65170472 276.93205931]
 [398.01073171 212.07726551 734.63263088 458.00037079]
 [456.58082531 741.38166122  78.68219666 132.38057936]
 [471.82147972 369.17961197 631.51905779 372.81948127]
 [733.30322952 625.66729295 747.67164947 694.78374019]
 [ 21.50271519 196.22093801 407.76638966 246.65319127]
 [342.35699352 767.22790422 161.07876803 247.59280675]
 [725.53251349  19.76594292 234.91942605 201.7320472 ]]","[0.33472519 0.98668742 0.14380176 0.21571214 0.28609431 0.42291725
 0.05929011 0.26956736 0.5904031  0.24062257]",860,2025-03-03T23:21:56.051511
35,0.8144680966782207,"[[  3.24486043 416.55363143 302.07062018 120.96852159]
 [723.33615434 533.71177713 283.24896228 773.14760031]
 [715.0489895  384.58232268 121.04463144   5.71749332]
 [245.81211138  41.5942455  392.12649083 508.28946684]
 [155.70369153 548.90014495 278.72190916 766.13451097]
 [623.1665009  763.27152382 332.74336831 185.60251416]
 [292.71439847 308.98411371 218.39041773 728.54841631]
 [619.11737628 420.55015773 144.54116134 670.03381538]
 [671.4124158  595.84936676 755.54456563  19.40079761]
 [ 81.0061677  613.60778678 676.57697406  62.413848  ]]","[0.83727822 0.3033859  0.12200252 0.65067345 0.33746031 0.88338748
 0.252994   0.42174768 0.71468705 0.17696432]",861,2025-03-03T23:21:56.058021
14,0.8988051329721378,"[[200.48356627  87.89395565 349.5479494   88.02070809]
 [400.18354355  83.46709165  41.37106235  24.08889691]
 [484.17183789 732.7771774  245.80500182  62.62336524]
 [571.47279889 799.70557869 263.4212336  531.83266763]
 [771.02707642 490.90243372 208.77002529 737.03763676]
 [479.14640389 749.31678879 614.68987392 680.91042582]
 [201.8647909  724.4268866  281.93202074 781.66970586]
 [211.14248173 398.23964968 304.75245669 401.86420298]
 [746.83668847 454.55126125 681.25082928 488.11385172]
 [124.90329355 122.46493272 306.72437911 256.25632937]]","[0.66233956 0.35566906 0.24751485 0.2237193  0.28260148 0.25328042
 0.59769163 0.32349229 0.57209992 0.22239722]",862,2025-03-03T23:21:56.064778
28,0.9181550254453161,"[[573.21310211 687.88122494 493.50835367   3.00615139]
 [697.67673642 551.61401807 512.20067899 622.69815345]
 [557.87525443 195.70621858 386.8430673  389.30938984]
 [288.1789853  123.30552563 369.98305015  96.91963457]
 [374.47582401 298.16165159 321.53748358 459.72809684]
 [250.64893625 351.78573354 186.94640743 191.16865876]
 [ 58.97629349 692.42281287 299.05077827 653.10975449]
 [528.73559405 330.53084052 387.21188858 210.64293577]
 [178.68472665 580.02501464 746.69918213  49.40935372]
 [ 87.70811175 184.50078426 250.71252692 537.53310236]]","[0.90995298 0.46755485 0.73498493 0.76303936 0.58743096 0.86658078
 0.44172074 0.06455084 0.53621481 0.92534564]",863,2025-03-03T23:21:56.070152
31,0.8301986730981598,"[[145.52480479 299.05134301 686.08574063 744.38880334]
 [377.93510075 714.77943788 338.3040996    8.19330863]
 [478.0471618  326.23911736 149.00803329 783.42841003]
 [284.39290931  98.66115351 113.91570325 172.03729689]
 [508.45345846 427.72726177 464.73953767 674.50827007]
 [377.37774621 643.71647661 277.24700964 450.8996667 ]
 [ 15.67529044 666.91794535 703.09948769 549.61744366]
 [415.44254969 720.82826191 520.15025605 625.87334913]
 [290.65739598 132.48411807 781.9661288  686.68904217]
 [243.36263411 407.03912801 369.66953533 617.13206038]]","[0.15451242 0.70107043 0.0287281  0.32661955 0.32888849 0.32981017
 0.75459597 0.65822136 0.09071439 0.87923982]",864,2025-03-03T23:21:56.076178
35,0.9057088006617864,"[[385.65498035 315.18748478 595.04545338 527.18118508]
 [737.8751753  516.82954171   9.22683575 732.81623302]
 [596.37955461 587.47279758 512.57065367  58.90459347]
 [131.7357566  478.35618126 206.79239742  93.0835266 ]
 [705.50896582 469.81874756 531.08416119 469.78332938]
 [  6.89745088 624.36337712 131.73082926 533.40499997]
 [262.8995798  477.71169197 654.52513012 476.92939573]
 [669.72459096 629.13020924 536.75206023 248.22702439]
 [616.18293343 314.89862051  14.64981359  32.1313135 ]
 [318.83001669 426.77224168 232.92104087 474.29572421]]","[0.31307552 0.13490229 0.04532369 0.22065836 0.87225183 0.75580596
 0.01116445 0.41204701 0.60018421 0.19254272]",865,2025-03-03T23:21:56.082018
16,0.8707305281545292,"[[435.7013336  182.00825024 269.4719691  745.11052744]
 [571.31820779 187.11178594 335.2749576  371.25331925]
 [555.66630775 408.49757896 632.85981967 525.04838606]
 [604.46931172 271.61540754 498.26692207 593.72563007]
 [ 17.57661988 366.73926478 641.54942028 728.16392075]
 [134.05161898 466.89898671 466.05183523 502.83050846]
 [445.06185845 217.44005746 550.98029868 723.43263143]
 [751.34408443 709.5514223  705.09036267 480.72210396]
 [540.44634924 634.71736355 587.5560824  404.07619219]
 [446.61351765 256.83429611 200.02004969 384.75183287]]","[0.67566015 0.12915236 0.51788879 0.50255354 0.15207335 0.26331037
 0.6437066  0.10639426 0.65174512 0.57916289]",866,2025-03-03T23:21:56.089019
44,0.8429664415741017,"[[182.8220738  290.51074722 667.22651671 750.13967501]
 [431.93956961 218.5240749  489.4726246  666.76193768]
 [ 29.51027035 402.57005995 497.38390827 296.1467118 ]
 [754.87400121 230.67779233 414.94453076  84.45476316]
 [261.37804896 578.24848942 721.84486001  89.26288099]
 [222.30801328 255.14554235 683.28574256 520.82562212]
 [331.19343605 314.16362679  24.49088547 155.71967705]
 [366.09694756 704.00381621 526.60519992 566.34447474]
 [547.03599102 597.3010147  373.78885171 455.45442779]
 [647.37472492 766.48981322 197.7743665  226.95341097]]","[0.02822584 0.4527947  0.25873344 0.82116335 0.69567899 0.01630399
 0.70374059 0.83997357 0.51040711 0.04902169]",867,2025-03-03T23:21:56.094330
31,0.9262126602256848,"[[  4.65011759   8.05768717 515.52948631 155.77662919]
 [303.34357866 692.28091389  21.87326137 145.94362968]
 [306.30061653 774.80918532 562.57543453 529.08448211]
 [226.56642521 732.82518664 583.74052723 489.07421964]
 [149.45430185 548.15740072 684.93184713 654.6071713 ]
 [528.07592846 137.43692419 220.04609134 186.4266568 ]
 [610.71188076 468.04929412 786.6652116  513.03308396]
 [396.94183989  37.798799   710.18560357  27.47639762]
 [173.79797849 476.30344552 117.03610303 230.11278397]
 [183.67117444 208.84734083 559.67023665 462.53215828]]","[0.04553009 0.28489103 0.17283198 0.35419092 0.06756549 0.67633815
 0.55809494 0.50729709 0.3469679  0.39970805]",868,2025-03-03T23:21:56.102420
21,0.8182202719102516,"[[308.97956633 712.06886571 247.14643171 651.51628952]
 [448.97544866 497.00812967 512.86918014  44.52489635]
 [655.0766629   49.66568163 114.97737109 736.59319345]
 [ 13.0259512  146.60919292  67.63261503 719.20191861]
 [364.87645896 208.60687118 233.54999272 499.67124556]
 [576.89998723 508.33558043 193.02217299 251.34689816]
 [581.82313653 362.8658084  745.05901301 450.83346701]
 [112.04872495 421.00827294 500.63096348 243.27059762]
 [703.33614335 799.42656555 713.86998618 365.97937688]
 [422.48226644 512.09255695  97.07960451 397.22705755]]","[0.7062614  0.08813528 0.00939104 0.39797491 0.93045188 0.09054288
 0.26034774 0.47815645 0.81831509 0.54710655]",869,2025-03-03T23:21:56.110520
43,0.8325087615262508,"[[344.72340039 410.68139032 607.21837937 173.5150147 ]
 [ 78.44714717 588.220817   108.35756002 345.18842397]
 [723.37435777 730.86711614 475.0808062  558.6170641 ]
 [531.57406194 794.35026899 529.64429835 527.79095533]
 [535.27255683 451.24075611 733.52585283 747.27527138]
 [666.47784881 253.25103172 714.43515206 788.13003701]
 [133.57533056 651.1332148  326.34069869 666.76383489]
 [656.75199188 289.09799891 597.27844371 697.02649282]
 [292.11680032 733.3736501  340.63590105 697.76216304]
 [347.72462479 672.9683136  787.08053551 114.35971144]]","[0.58679849 0.77404822 0.80551902 0.3755316  0.73537337 0.5413892
 0.95902599 0.558429   0.94108325 0.78479641]",870,2025-03-03T23:21:56.116738
20,0.8747337910721253,"[[432.63994375  78.2305918  357.24741579 651.88477573]
 [601.84895135 518.70908402 490.21651489 635.49813303]
 [557.70008407 576.73469704  26.04755205  46.43758899]
 [145.11944955 629.19992151 326.30084413 339.46660222]
 [530.84288763 638.60792072 574.50508231 412.38794959]
 [338.04284599 314.58837362 467.64667319 687.68332106]
 [ 53.86848312 462.00669982 529.11094499 285.22448278]
 [431.51453175 232.02837895 142.75907967  67.40321156]
 [358.9462812  425.47198285 695.86488527 101.24935376]
 [768.87793241 450.65124728 643.57068989 523.52014889]]","[0.25875874 0.47783682 0.65511751 0.50018755 0.15072877 0.04360277
 0.75775958 0.92230314 0.33759906 0.63857099]",871,2025-03-03T23:21:56.125164
43,0.8350558911631873,"[[786.40870562 671.58895558 449.61494216 636.33677771]
 [571.22907942 133.3304612  166.4926174  550.88162179]
 [222.92789282  71.09054786 654.47487701 342.78312482]
 [760.65720287 655.13317953 169.10068413 213.06768534]
 [557.94331896 720.64766897 661.10105404 403.03479599]
 [766.46165055 235.21241523  62.26096763 501.5112544 ]
 [223.35130388 140.57771212 577.78000361 517.16322501]
 [189.2649845  711.13705183 426.52859043 456.30963454]
 [762.59144142 682.62029319 533.04170232 753.78459173]
 [379.45167774 256.61702043 125.07870502 198.92703067]]","[0.45236383 0.77566371 0.90010993 0.60441614 0.29928842 0.5857823
 0.19991766 0.10509998 0.69058384 0.74874266]",872,2025-03-03T23:21:56.132383
12,0.8968825842041942,"[[318.20589743 602.45593724 465.15258657 249.83689382]
 [289.01266585 522.70194299 584.49856354 155.36771176]
 [201.0159626  215.8044416  229.47320882 686.42103261]
 [ 17.07009913 768.69944509 566.48080402 218.12166791]
 [591.85932386 681.01987989 745.93779081 444.48493437]
 [708.92827258 775.37504336 459.80380748 321.6015266 ]
 [545.38509273 618.70049573 757.12714352 164.5839052 ]
 [388.08802989 582.26596442 321.54901145 669.27380317]
 [711.75042746 237.38557908 790.05581181 324.06847218]
 [712.49584697  70.15342095 626.36599034 408.48238087]]","[0.10097541 0.81543161 0.29075752 0.9516983  0.96804669 0.82299985
 0.57278285 0.0866601  0.19264402 0.63214076]",873,2025-03-03T23:21:56.138468
35,0.9430494649857454,"[[790.25060553 437.26768645 216.25027473 620.00539422]
 [328.02108241 388.67558863 379.5461697   75.72155282]
 [562.28691085 186.80599578 211.3802532  317.38643307]
 [676.99424504 356.91168593 773.43352605 715.42147746]
 [796.66531587  39.42066844 702.06021395 223.46078503]
 [405.84076323 101.52345158 475.41591179 141.01029688]
 [753.42548209 305.54875508 747.66264604 782.22135827]
 [361.9063708  469.30378859 250.85824825 696.0487014 ]
 [ 49.6886487  168.45934918 148.42233825  23.50675181]
 [202.92867714 443.10739961 368.23723271  50.63231332]]","[0.87148307 0.60199299 0.14022627 0.32105791 0.68560399 0.56132421
 0.45102542 0.15948876 0.51347601 0.02416994]",874,2025-03-03T23:21:56.143850
19,0.8470792240217416,"[[230.12894811 222.84880505 421.1818649  299.5669193 ]
 [487.95714752 128.22056887 462.72829416 155.85511686]
 [ 99.22492557 432.95012559 214.56633099 231.14039814]
 [100.2152281  172.27880048 496.17614839 390.41162478]
 [611.80469299 101.47041907 587.77330871 350.10437141]
 [606.29746773 388.84051147 620.25328745 722.9402695 ]
 [ 92.39930115  96.32798826  53.88618363 681.9016052 ]
 [  4.38715983 375.2345152  289.53288043 349.1279706 ]
 [646.78868408 291.46591165 531.75735625 371.06035633]
 [  9.92290323 242.29767008 482.3418787   94.60951484]]","[0.37718138 0.53398343 0.98149626 0.41626141 0.14442641 0.25400823
 0.65289961 0.30443113 0.84603722 0.21948466]",875,2025-03-03T23:21:56.150388
23,0.8030574162708795,"[[509.74415311 557.87142258  46.72534123 785.33094349]
 [629.77658681 247.27753394 691.4586871  440.14984524]
 [ 59.70535004 380.24505113 742.95559327 703.33288977]
 [763.91016109 695.32872322 512.59992838 736.84578458]
 [582.33010405 508.15513903 150.44385654 325.21127761]
 [100.11569272 147.35386443 682.35964378 286.26260779]
 [212.65456816  36.9583966  432.0149489  691.77889957]
 [158.84241559 739.29277481  63.56610464 377.96171088]
 [ 28.3326874  544.57823179 578.23118215 494.71709909]
 [186.84969344 424.08636681 383.74072037 542.62639931]]","[0.10541845 0.14974434 0.22938896 0.32654125 0.45097813 0.59452777
 0.04996892 0.17906778 0.61434676 0.07172501]",876,2025-03-03T23:21:56.156391
47,0.8099114594746684,"[[252.53331829 646.9462768  388.83552586 577.57975628]
 [284.8977647  312.62183426 507.45868594 758.8843765 ]
 [777.16808722 636.5569807    2.05208904 476.19131968]
 [168.72130181   8.32742053 190.55285414 443.47803219]
 [575.96972018 202.07289026 244.33126272 665.74827818]
 [ 11.58042246 396.05401885 696.0069731  273.77861849]
 [  1.71223384 460.40490214 493.95689996  87.38542999]
 [134.09597922 403.3741459  630.95431958  56.46850334]
 [ 59.19704326 545.6571078  563.49846233 623.88535504]
 [ 31.87079289 211.59938376 604.10881869 566.51387331]]","[0.63457858 0.97866575 0.59450943 0.2993992  0.59352259 0.69335883
 0.21285554 0.08521874 0.10588162 0.57924432]",877,2025-03-03T23:21:56.162500
37,0.8763556635767681,"[[225.71515187 326.62869877 253.51060523 552.62709953]
 [123.09112415 384.75375149 707.37875506 239.00476794]
 [750.56058318  70.23320064 237.70352549 521.22099668]
 [289.96777458   3.46622779 618.37709174  15.8276915 ]
 [548.76626238 501.31572471 560.35088813 643.0940918 ]
 [135.58598544 551.09977846 683.84209329 235.01878462]
 [447.79943585 774.89588195 754.69563297 708.68241207]
 [710.73764335 697.64364123 287.16635386 455.2957683 ]
 [270.52695436 392.41124333 552.16739256 445.2638359 ]
 [ 78.91278284  98.29414586 160.74042637  67.50798671]]","[0.59004683 0.59355936 0.10351842 0.93699993 0.13151334 0.29182133
 0.52484376 0.68036887 0.70348071 0.74357382]",878,2025-03-03T23:21:56.168637
23,0.8443524919023365,"[[443.88467902 733.10680683 372.88623094 154.36639853]
 [219.75117895 579.30904347 627.16110181 787.18304112]
 [415.63901681   7.6967582  398.30036266 736.32045473]
 [736.02477435 482.09363178 271.96348826 257.69883015]
 [644.55495947 377.75485829 280.06932663 301.91257942]
 [705.72562718 488.57774205 203.15080144 378.82752635]
 [690.49164346 761.23614869 568.36131198 448.61578868]
 [ 97.18705111 593.2654907   14.08458127 616.67942257]
 [ 20.99563452 274.44641894 347.02622862 790.58770895]
 [381.83557328 552.88052122 196.69151628  84.88734633]]","[0.51889369 0.1635706  0.86106428 0.26131682 0.09223617 0.95859302
 0.11624336 0.49472598 0.67813733 0.04164934]",879,2025-03-03T23:21:56.176773
29,0.8121078183681775,"[[694.78021543 735.32553865 116.35247888  18.15633949]
 [352.21739733  56.84081516 215.48600961 301.3109539 ]
 [348.02405202 140.04481889 140.11378169 449.19415725]
 [642.5923664  518.76134536 199.46936523 656.37396275]
 [724.11179298 545.78342813 402.41570492 602.41487864]
 [239.66563277 577.75059945 209.09749052 411.80211883]
 [749.76950032 141.11736051 110.82060273 431.58103474]
 [415.27871853 500.42888522 459.14469025 114.92780412]
 [349.83516782 507.95903581 108.54588293 466.67059307]
 [483.48214396  40.25348643 752.95879607 503.69268948]]","[0.22359684 0.78307455 0.13124545 0.82450241 0.89553653 0.5216279
 0.27135598 0.27155434 0.15167754 0.02228448]",880,2025-03-03T23:21:56.182026
42,0.9392247389259905,"[[246.58240576 213.89652999 687.40891074 443.75600421]
 [537.31640132 690.13084309 680.84600235 594.05942901]
 [512.2834954  731.35290182 307.3129382   10.96522617]
 [617.13689652 451.85415188  79.33329407  19.16355844]
 [615.94495935 632.71674574 230.32164802 437.31433964]
 [186.33409915 118.63937919 226.27929693 576.93796493]
 [ 59.34808851 664.81694074 298.54533254 423.09870133]
 [591.53715708  18.92935382 339.41331121  91.17956807]
 [497.12386183 237.67439065 151.19404441 636.19697424]
 [320.5481465  359.91583264 125.61560572 130.33861304]]","[0.17721867 0.04044826 0.67596736 0.44845082 0.65380511 0.67283992
 0.86848625 0.92325053 0.76164084 0.70195698]",881,2025-03-03T23:21:56.188856
43,0.9308325063077999,"[[265.83428734 417.54694567 192.2314329  517.48662161]
 [725.66369181 343.74902587  10.33366636 792.94153644]
 [699.15498791 461.20268565 251.89102229 453.77132248]
 [ 21.41011015 583.21249098 787.10949538 508.9726651 ]
 [506.93576299 307.50579503 420.96557006 763.39200544]
 [729.27322567 504.50166387 132.58762302 432.28924837]
 [ 78.28018786 733.44924482  38.37522533 752.87754307]
 [ 76.15946277 392.45223636 636.54853454 613.1056144 ]
 [141.53350125 387.94745464 660.43229704 183.36349276]
 [ 14.49693581 132.18306908  38.73773612 462.2182208 ]]","[0.56833555 0.52039962 0.83703297 0.20811823 0.13042277 0.90967999
 0.49151625 0.63877213 0.29366855 0.6336575 ]",882,2025-03-03T23:21:56.196398
11,0.8106345598636465,"[[737.02839802 635.66865599  44.28008217 755.73067981]
 [610.56295085 217.97862684 742.2555204  373.96629109]
 [273.69506754 148.80232892  33.92493744 593.63648091]
 [ 25.03268504 560.01183624 641.74726754 170.450259  ]
 [233.49508872 691.08043481  72.91174144 140.60732029]
 [473.87669884 524.50657462  70.84050767 275.56676745]
 [607.39869794 552.39491189 655.26232063 778.5922269 ]
 [713.25682268 485.72719152 676.88935199 510.65112359]
 [259.38802561 420.75973324 669.80361992 461.61684455]
 [271.68424464 353.38729707 775.07645045 652.85176379]]","[0.20449473 0.45992871 0.70501982 0.97978463 0.24403678 0.20622552
 0.44365224 0.31864657 0.46643861 0.7223512 ]",883,2025-03-03T23:21:56.203774
20,0.9090680920582485,"[[568.86129039 588.17945121 179.43403434  19.10604473]
 [294.2234826  156.09422249 546.33998409 415.67989005]
 [ 73.46291597 654.4143642  674.80871484 762.73264644]
 [ 75.93316688 653.4159325  798.85078205 645.86377127]
 [260.00595319 541.27661276 608.99966823 611.59392658]
 [711.25858843 407.41323489 763.09356461 770.08777204]
 [332.11301274 608.72990055  97.28979749 640.42935427]
 [ 92.81590024 416.10622761  29.05698091   5.05348554]
 [599.37091444 486.43896934  87.68680956 655.69266303]
 [263.82799612 352.55025339 155.89149101 120.77492702]]","[0.35359333 0.44062131 0.48912247 0.81261162 0.03913568 0.14407438
 0.47133692 0.86945674 0.76088807 0.57351071]",884,2025-03-03T23:21:56.209853
50,0.9053904488438644,"[[577.37167024  39.03607591 422.33885554 407.32730422]
 [  4.02041929 551.02233057  85.04485729 298.62868554]
 [160.40541315 342.74080324 150.80130807 700.08708849]
 [258.70757139 436.4301843  312.88683282 113.03394852]
 [323.90347711 129.14380203  57.20339932 670.44790247]
 [287.22942099 366.64512952 678.96170917 123.98164226]
 [586.18460748 213.12060741  66.26721666 117.54683561]
 [130.37232373  42.59837813 633.96973716 446.40351481]
 [275.26314142 287.10051686 214.52126028 512.89192786]
 [ 63.45415739  45.64242084   9.07559912 337.07574839]]","[0.3712664  0.65303824 0.96447771 0.74599821 0.28191252 0.21296659
 0.309671   0.41390261 0.8003682  0.70656645]",885,2025-03-03T23:21:56.216707
11,0.9235051179564399,"[[5.25447946e+02 1.07504728e+02 4.11752815e+02 1.03137599e+02]
 [3.69610065e+02 4.97992963e+02 4.60240287e+02 5.59729366e+02]
 [4.02916657e+02 5.56547319e+02 2.27348468e+02 4.39764709e+02]
 [3.98026331e+02 6.70501529e+01 2.87400525e+02 2.76031459e+02]
 [6.48513178e+02 5.24861437e+02 2.03150344e+02 6.77426365e+02]
 [8.28111549e+01 7.83845177e+02 4.50748599e+02 7.43469732e+02]
 [2.63032928e+02 6.70671276e+02 1.46691777e+01 3.90084352e+02]
 [3.95667670e+02 3.42923364e+02 2.77143352e-01 6.67430305e+02]
 [5.19337333e+01 7.04478929e+02 5.95498706e+02 9.35690143e+01]
 [1.72849184e+02 3.77154993e+02 5.10653020e+02 5.25460602e-01]]","[0.17046673 0.74311731 0.56127157 0.60848974 0.10168295 0.11965564
 0.88472357 0.39597075 0.6590368  0.30987076]",886,2025-03-03T23:21:56.222214
46,0.883421815079644,"[[241.8973621  676.42272501  67.32927262 611.63144725]
 [119.93553387 281.58833613 446.96709163 375.81198919]
 [710.45128308 188.06827949 348.58579121 466.13418446]
 [  5.79670933 586.16644367 608.80516822 716.96366211]
 [397.24076508 292.56210369 202.69685619 614.42646139]
 [747.37650495 483.13091194 326.22558648 592.51293783]
 [473.61040097 774.81022993 602.57313681 240.06923842]
 [456.00586822 256.1843771  617.98128209 226.10870657]
 [694.48752936 677.4301119  466.15449307 347.91758633]
 [486.7864314  678.81724052 144.17924609 639.52994576]]","[0.8504362  0.0706119  0.20155992 0.83951522 0.9052873  0.18262397
 0.47564386 0.54476793 0.77954645 0.98090332]",887,2025-03-03T23:21:56.228394
42,0.8072925778588395,"[[667.39504572  99.69087457 371.75136141 617.77202538]
 [593.64279291 477.10937795 550.78060387 155.34692769]
 [439.85365934 351.73907512 453.23651137 659.2531212 ]
 [132.91166687  99.90485787 437.18678684 333.80299802]
 [739.13623388  10.23576653 712.00432614 708.27633001]
 [662.25872964 301.6483277  503.43968228 736.97559765]
 [171.95283422 130.46775852 583.15886713  47.5724993 ]
 [185.86365713 755.69304624 702.95495221 726.20429024]
 [792.88286356 709.98943113  10.44088642 436.90583984]
 [732.77364523 274.63645363 102.3881432  100.48425317]]","[0.12480839 0.07197901 0.01857538 0.85934582 0.0386745  0.2038134
 0.36732949 0.8106753  0.85599085 0.15821189]",888,2025-03-03T23:21:56.234065
19,0.8121499298966134,"[[594.85411633 123.55627796 603.80914002 610.48353257]
 [ 99.82280436 299.13626156 117.04665234 683.47244815]
 [552.67162552 231.57543317 142.32951502 141.73633421]
 [244.782975    36.95559772 164.2561984    1.13499771]
 [120.10793484 308.35272208 228.85960349  38.66392916]
 [391.86256568 613.59590377  35.83347165 675.86691853]
 [459.90680593 405.32357239 371.66742607 224.53144908]
 [115.90762666 560.10403769 455.97397005  12.41449991]
 [276.36100924 501.58965226 291.07195983  99.99236757]
 [478.93853447 423.31861179  16.90567544 693.10896716]]","[0.99035087 0.61438949 0.434371   0.86550811 0.99337369 0.73332008
 0.87434349 0.4594247  0.9820626  0.2713282 ]",889,2025-03-03T23:21:56.239899
48,0.8766095633413691,"[[557.11417593 638.42669805 151.44102222 303.73466728]
 [101.13648088 781.18260198 696.4334834  419.86585134]
 [ 20.3537648   42.80657634 622.43649834 163.73861213]
 [455.38216594  30.15478508 464.44527504 624.3062627 ]
 [350.13118341 434.0453563  477.38008335 137.94556642]
 [345.15379185 674.86274034 696.71769608 142.62338237]
 [319.82125053 591.01697609 208.07384305 606.32145287]
 [603.72895638 200.63987984 788.10323668 383.72017079]
 [432.72084229 524.27799109 525.62087735 343.27810431]
 [298.89268964 756.88259322 111.33206307 189.91874644]]","[0.78416693 0.76652712 0.31738977 0.62908929 0.89703724 0.48134731
 0.85712778 0.43916488 0.3935345  0.14423008]",890,2025-03-03T23:21:56.245635
38,0.8947984629511161,"[[255.59666553 355.06921462 340.62722367  84.39140507]
 [ 86.54231018 582.62976732 335.16645365 669.20060284]
 [767.04674646 403.44698133 428.50306585 325.34279987]
 [564.93241371 596.02007024  28.76779844 733.47043079]
 [109.21082019 313.42909561  17.68039668 759.76471759]
 [738.49816546 590.54369861 718.46693586 418.95919853]
 [317.66202213 290.79441351 301.53211214 449.00919524]
 [102.33204106 242.90189043 694.38001806 646.69187404]
 [ 95.58196815 659.93850304 726.12462922   5.62538321]
 [696.65691062 795.09635585 339.06204314  90.73056231]]","[0.3087976  0.8256814  0.97569365 0.19753502 0.39893209 0.89627482
 0.6388242  0.3635101  0.84013762 0.35299898]",891,2025-03-03T23:21:56.252313
18,0.8163969671730937,"[[634.71799696 301.64969819 523.14314564 397.29739993]
 [254.32427093  36.31098102 399.62747834 558.82283097]
 [634.4092174  720.62725651 545.91627612 441.06562988]
 [777.550173   187.28564035 671.01795624 285.546888  ]
 [543.92930053 775.63782323 374.62913996 481.80043517]
 [469.82380179  47.71735242 695.72925021 758.47098172]
 [401.16356755  27.97953842 558.34953632 748.81747919]
 [449.28422726 472.54070749 289.96701977 202.96360887]
 [363.39348564 123.22419033 174.18812904 259.99447666]
 [356.89435672 149.26303221  68.95685045 162.64050023]]","[0.9294303  0.19705693 0.66784935 0.67984834 0.83130908 0.24140662
 0.6118093  0.1622663  0.86154801 0.43443615]",892,2025-03-03T23:21:56.258312
23,0.8509286214480444,"[[590.99566481 638.86962971 581.43740573 147.5479538 ]
 [773.71204893 539.20115852 353.69779094  59.87175941]
 [216.39565218 302.45610103 555.83070723 500.47207411]
 [577.55711805 774.60021768 731.12477548 651.08046782]
 [501.27180948 330.13407134 134.70999453 581.20427296]
 [393.27433929 535.4335246  454.4175182   52.31145465]
 [564.3849364   25.02607729 765.8588272  454.10279033]
 [ 11.74644597 717.13209505 723.90256599 503.36623393]
 [571.29362877 337.42863322 231.24632047 592.37603054]
 [273.51422294 568.34061536  42.57470049 670.89155328]]","[0.86129009 0.16931815 0.51594123 0.39773428 0.0702536  0.43496383
 0.36963102 0.03062896 0.89401863 0.33156615]",893,2025-03-03T23:21:56.264086
19,0.9141712234675345,"[[316.68647808 212.87963112 111.91489333 333.71059082]
 [751.0762843  358.10812636 184.38731219 260.4485399 ]
 [569.47729797 742.54205684 332.59061989  45.69540588]
 [244.53766086 651.73303853 607.75441205 781.6716093 ]
 [ 95.91593181 449.98201776 340.88262603 185.10386156]
 [584.38996795   1.52543408 646.99114993 759.04133842]
 [325.15279768 235.45467549 663.70240163 622.25710469]
 [ 66.17097788 530.08165416 679.61288001 416.73039007]
 [106.25196001 346.75341982 165.16042614 223.896729  ]
 [350.77346461 414.72755711 432.45934075 710.15881343]]","[0.21965229 0.73510416 0.06055931 0.6321947  0.31182835 0.3539647
 0.75676922 0.56005313 0.83499203 0.34695882]",894,2025-03-03T23:21:56.270094
30,0.8194538466801197,"[[524.75444838 708.54943853 440.46007329 234.45731745]
 [575.20358766 587.47732356 379.95336491  47.13131248]
 [275.97966861 562.17416387 244.54913068 724.7107615 ]
 [105.90773479  52.25596395 478.22545947  16.84811878]
 [601.74663933 184.01801739 462.57297164 313.08781563]
 [317.57167453 478.04689247 665.17830191 648.73833767]
 [663.37028851 572.604477   359.35808376 233.80372322]
 [374.12288168 709.05027988 142.0139423  592.01523076]
 [615.19993799 177.3440549  657.35539222 225.97250293]
 [530.3619266  625.69731673 789.62988696  86.96907828]]","[0.325777   0.91881471 0.18565304 0.44567759 0.76747206 0.15196873
 0.48746176 0.59464306 0.4933579  0.46702851]",895,2025-03-03T23:21:56.276095
25,0.9124674674167019,"[[1.19968825e+02 1.93404746e+02 4.41186209e+02 5.88715381e+02]
 [1.26516834e+02 1.30157968e+02 1.37626136e+01 1.23214330e+02]
 [7.61380341e+02 4.46831653e+02 7.06227398e+02 9.35495600e+01]
 [1.05541196e+02 7.08664731e+02 6.17596217e+02 6.87507144e+02]
 [3.56007482e+02 3.19978612e+01 2.68058083e+01 4.80765619e+02]
 [7.61200878e-01 3.35697065e+02 1.70455588e+02 4.63598250e+02]
 [5.87096108e+02 2.31560051e+02 4.30714135e+02 4.58285016e+02]
 [3.77758533e+02 3.69031886e+02 4.17526142e+02 4.16709204e+01]
 [7.97980432e+02 3.58913236e+02 5.47531271e+02 3.90411307e+02]
 [7.31444112e+02 7.81461323e+01 3.16665033e+02 7.59504373e+02]]","[0.29963603 0.52225243 0.50618474 0.93298585 0.30120662 0.58246353
 0.03417341 0.30594623 0.3915754  0.46926446]",896,2025-03-03T23:21:56.282092
30,0.8619902081907406,"[[643.03082237 372.51773528 280.76837327 560.23557349]
 [218.85350548 465.36316641 118.27321509 668.96915327]
 [658.01557629 169.94022271 719.0046855  362.68658146]
 [181.51282755 599.77977516 673.1687137  247.21917003]
 [643.35017875 349.71232218 378.73594145 604.21223086]
 [225.86505777   7.00253589  63.88399082 728.61341784]
 [124.50186766 129.00667246 685.06876461 647.13263463]
 [624.18929095 716.3839752  448.03361494 256.73045771]
 [436.32507594 361.21004382 566.73329949  55.80927848]
 [202.4070295  536.22170307 565.92427659 338.82565594]]","[0.57876529 0.82037325 0.95784533 0.81843311 0.0259278  0.94355681
 0.36595562 0.32447115 0.59197421 0.96445115]",897,2025-03-03T23:21:56.287496
38,0.9047915865103113,"[[592.03782467 654.43642701 769.11222192 147.34661205]
 [646.49405102 579.93478742 315.09826693 344.50696756]
 [571.89161078  31.39504796 667.34766065 472.38572782]
 [780.46499281 754.35082212  39.0221742  209.57269746]
 [ 97.45452065   3.64678701 142.29761018  21.69039796]
 [513.77251965 718.24522149 317.17792296 115.3668999 ]
 [292.39991445 781.70847484 106.88885621 512.98064075]
 [246.55309912 774.44862544 633.06150116 367.50046676]
 [698.02315603 678.26534722  87.54610255 746.69891007]
 [102.3621563  111.2999652  511.74263159 499.73021955]]","[0.68844295 0.58245841 0.53815332 0.65956441 0.01886146 0.7307159
 0.78486044 0.3181822  0.0008991  0.7040969 ]",898,2025-03-03T23:21:56.293401
40,0.8408302181126872,"[[733.66231    580.31853471 658.40263627 281.20236706]
 [509.978406   142.81282071 564.47310161 153.76691241]
 [328.63457203  67.14900315 493.12576459 259.4280252 ]
 [283.86539247 188.2254042  521.58606469 105.043611  ]
 [320.85827526 546.32247907 752.66103724 537.06916472]
 [662.96811411 632.8752113  309.85800998 200.24139026]
 [737.43338949  37.44313812 525.77824193  94.57474896]
 [  5.6763046  143.61819152 695.68380755 439.09501082]
 [639.10526931 272.89849637 265.42062343 766.4922418 ]
 [210.77315363 251.00640351 452.24276943 720.5101499 ]]","[0.18572459 0.67833735 0.33309226 0.42501423 0.1089443  0.74183093
 0.6703106  0.82894659 0.01312569 0.22270414]",899,2025-03-03T23:21:56.300510
18,0.8201619005611863,"[[ 97.47091492 230.71287934 268.74815558  78.23941339]
 [728.09752527 344.63719774 406.43778522 276.50166531]
 [180.13746849 540.31113827 743.1247825  423.61591683]
 [448.51521791 348.64529193 588.93362926 532.3020038 ]
 [633.87335541 238.29804389  76.68545263 601.59150608]
 [472.88692777 535.32166148 606.21737582 421.39449929]
 [185.39449358 583.59346765 162.21055736 700.99642399]
 [ 41.80056749 258.64840508 159.9359429  446.43954837]
 [465.38685925 459.54117443 394.45357939 120.58074702]
 [309.91236922  89.94185215 255.24034015 199.29993331]]","[0.18061467 0.97322793 0.49065922 0.67073977 0.85465915 0.85058924
 0.06962579 0.30851154 0.33595995 0.75679158]",900,2025-03-03T23:21:56.306154
17,0.8696825097523272,"[[748.45183132 257.26847616 732.4933668  560.04363032]
 [261.98674169 307.5420891   93.60752665  61.19752956]
 [289.67822852 575.14243632 114.74487421 224.14029761]
 [119.98089044 185.97789214 639.5367354  391.8514416 ]
 [269.2655251  324.72874487  26.91891282 251.78097945]
 [121.5608571  106.71959171 765.26054786  22.53798879]
 [674.54745729 311.93871802 606.56011013 334.1453372 ]
 [253.42958499 133.35917096   1.22745111 584.50576293]
 [246.43670457 515.38007171  78.00668212  31.05447708]
 [759.07217719 497.24037237 420.36188967 598.95838384]]","[0.80895079 0.24697632 0.65545318 0.32218589 0.26345155 0.61373772
 0.96167872 0.15469962 0.14577825 0.79049501]",901,2025-03-03T23:21:56.312779
46,0.9087524323708186,"[[741.16781312 428.32087033 753.17363877 439.40153421]
 [486.16017398  80.1987849  571.15721428 226.41770174]
 [ 49.16508737 212.60117739  58.92179071 518.70642921]
 [122.2397224  246.90338494 332.30956437 613.82617919]
 [417.81970984 517.1092146  510.13495841 726.25074476]
 [231.34892615 291.45717129  61.3433044  550.44084594]
 [258.52280542  44.60364271 283.24892422 220.98410232]
 [212.35768846 617.39911134 529.41947882 159.62468392]
 [ 85.0987679  429.75510163 422.91135921 668.4016645 ]
 [386.12955115 223.9409547  272.39242679 105.82808953]]","[0.25687624 0.62993057 0.71500983 0.22926385 0.82622464 0.34122129
 0.32178577 0.47233105 0.99894609 0.72074997]",902,2025-03-03T23:21:56.319305
38,0.8223109133858366,"[[338.53701248 141.27676325 523.3341622  206.25321214]
 [ 82.87929772 658.06965662  66.02931397 184.85407099]
 [ 23.52269874 414.23448356  95.6839928  701.26564366]
 [ 14.27272503 703.61550411 751.86270565 668.85922527]
 [255.19017207 232.0189282  529.56286184 529.39554298]
 [  6.50714011 296.72104193 144.56618184 726.67915931]
 [647.46149674 707.04172591 282.96345514 703.05068228]
 [657.65338928 282.34699761 576.15125747 100.42449155]
 [531.98905325 672.41954767 321.87613422 209.39182748]
 [371.15948065 341.15994178 514.41485978 711.9568427 ]]","[0.78925362 0.8286366  0.04380527 0.154596   0.3507282  0.32375709
 0.25267505 0.57564813 0.68973937 0.07205034]",903,2025-03-03T23:21:56.325350
15,0.8284468603078344,"[[567.41386355 335.67194765  74.75503944  34.75409881]
 [292.27287097 690.63612722 638.17248645 596.64250248]
 [639.07571894 601.81969801 325.64785454 613.23993435]
 [744.39987549 257.02264662 411.92612591 693.21838434]
 [719.28479673 528.84632653 249.81347012  25.10919434]
 [352.70771821 365.96506594 170.1824979  421.60928096]
 [ 64.24180138  75.36114655 465.30442397 749.12293207]
 [494.42419216 242.9482081   43.67923999  13.68363402]
 [483.01558726 211.9459594  379.16673458 224.78803171]
 [781.88601415 480.52236128 548.72776643 259.77298297]]","[0.45250875 0.77581176 0.94353811 0.52994665 0.05617828 0.14106507
 0.02731154 0.60852335 0.77533779 0.35382552]",904,2025-03-03T23:21:56.331365
16,0.8531324000752759,"[[201.67669369 643.20547176 389.06226464 478.32812432]
 [366.35740816 567.97081459 560.87196431 430.86564114]
 [236.19111946  19.11221451   1.76139043  25.23009618]
 [ 93.21904089  11.6586727  414.13791194 505.72459083]
 [353.5415398  576.91051529  16.15221512 497.88563055]
 [509.2898992  490.78901379 574.65134203 579.97791187]
 [557.56382289 747.06751868 410.22653755 114.95468644]
 [218.0476248  206.40661913 338.46492461 659.28707926]
 [123.79273043  38.34516558 343.98423511 213.59534566]
 [286.97296819 270.34679733 506.937061   398.55046979]]","[0.66577947 0.23820081 0.65383919 0.68783673 0.45048885 0.80709071
 0.41897962 0.29120062 0.57526134 0.9733418 ]",905,2025-03-03T23:21:56.338535
31,0.9056945143635098,"[[455.01270467 546.23073684   2.50921509  79.53857952]
 [104.71327062 122.35954462 428.80522728 750.0702084 ]
 [ 56.43157658 613.84439717 264.37121403 226.90688555]
 [159.61819022  72.74344036 422.48764593 345.28013582]
 [221.24620873  29.17625682 379.00678752 796.00570865]
 [790.31245573 538.66745155 591.71285201 262.29616086]
 [653.33259714 768.46651143 354.68709487 137.08204298]
 [541.84593065  62.45763314 128.88915734  67.01258605]
 [521.48847117 252.56508547 617.70699207 619.59962139]
 [552.48750839 112.01209171 282.76556488 391.96450656]]","[0.28233234 0.54593596 0.26594101 0.89213572 0.92730986 0.52144612
 0.38496621 0.49795912 0.21708663 0.93196752]",906,2025-03-03T23:21:56.345123
20,0.8656176801687194,"[[ 32.02773801 243.93934932 252.90682566 410.41077084]
 [153.36812448 740.20553921 406.81828789  54.00188951]
 [660.15227576 759.9722425  282.57345994  91.0776458 ]
 [762.75023933 451.31245254 390.64073959 385.14459731]
 [250.15632139 521.61767279 659.91437042  61.01046204]
 [300.5420762  268.8661341  431.78389545 333.32111643]
 [172.35573394  91.70943245 530.15365643 762.07552119]
 [647.76054191 387.73337499 100.82643952 158.90803268]
 [709.14747734 503.69549871  20.09799312 793.15719286]
 [168.03015251 246.45584525 732.36037862 779.31888679]]","[0.71216693 0.68514987 0.17205058 0.97088692 0.25063117 0.69552777
 0.19227674 0.27174106 0.26503488 0.77110082]",907,2025-03-03T23:21:56.351474
45,0.9253913630477829,"[[707.36740958 756.56888984 549.2781306  283.794366  ]
 [548.43469146 148.07563485 674.43172304 690.15757905]
 [510.64850009 665.50433078  16.03013596 232.86861142]
 [494.01804472 529.55632234 451.30490027 187.82403516]
 [564.96180267 543.0184288  619.91641941  42.20604985]
 [679.87366546 220.78851916 520.65183345 213.62158956]
 [136.70824667 788.44496763 355.2407309  135.93683679]
 [199.03293962 710.97506437 101.77491901  62.27110395]
 [148.10253172 471.07581844  84.89023388 623.51539465]
 [431.46578034 769.28944864  48.19373166  37.15900195]]","[0.26443658 0.91965516 0.40497672 0.0123205  0.7949921  0.29803859
 0.62884475 0.62894961 0.7833854  0.70439741]",908,2025-03-03T23:21:56.357603
43,0.8037156688051419,"[[416.03133995 456.11151702  21.0915929   82.7328947 ]
 [649.05432555 155.33680168 208.88508932 188.85324102]
 [415.0879046  748.49891523 198.45241414 347.30662621]
 [571.45026607 416.44822268 379.79196745 736.3143263 ]
 [ 83.66759167 468.30816437 663.67012276 176.06672373]
 [511.43331142 446.30478131 305.15301886 482.88891693]
 [679.13301715  79.34033124  47.28453582 205.88080831]
 [780.30514346 799.67637674 701.56257894 293.08492284]
 [353.46351603  68.16305571 640.82173547 712.44003224]
 [316.58341707 398.85798006  78.47083219 154.40759927]]","[0.16681042 0.34583843 0.66313093 0.73859858 0.00342617 0.25399729
 0.84028638 0.97143726 0.61754808 0.93958749]",909,2025-03-03T23:21:56.363697
20,0.8697554601582824,"[[792.41114179 579.21499219 128.12122468 599.99258269]
 [ 85.54214407 560.66278029 220.15738215 687.73887634]
 [541.08512159 103.79346012 189.03733288 683.26570002]
 [476.39632917 394.89669638 246.44144702 340.16380625]
 [383.21399165 121.27277268 214.7071093  553.6260502 ]
 [760.91598548 586.72648598  11.28285921 316.0224414 ]
 [493.76090809 795.84204616 304.76950088 315.21846221]
 [444.50930658 718.26223907  45.82228631 448.45566509]
 [581.96074525 650.0903041  247.56622036 304.10381692]
 [296.55903615 377.03167621 328.86014803 790.25270241]]","[0.44093873 0.86364358 0.18679791 0.25665552 0.45344464 0.79287112
 0.37305959 0.75727787 0.73942982 0.84722553]",910,2025-03-03T23:21:56.371415
26,0.8733056367782093,"[[462.4326435  588.29513128 729.43944916 597.84075228]
 [148.1645044  182.46020414 244.95342986  23.99451302]
 [431.23650111 591.97572992 223.892642   700.21262846]
 [447.19807772 267.00825417 558.92644564 238.51242968]
 [597.47126893 536.36514195 621.17476042 148.53248278]
 [707.08761067 604.53537277  70.81171231 103.71238495]
 [344.69749652 224.49600785 428.76552618 638.41053318]
 [401.72017191 113.14108765 394.78221148 415.26458472]
 [663.36463409 755.19022506 657.8506542  317.82346897]
 [521.93579746 794.77569585 222.77922523 670.1085571 ]]","[0.501841   0.54772666 0.1425012  0.75200953 0.27592252 0.09828441
 0.6872819  0.03239862 0.60879506 0.87094568]",911,2025-03-03T23:21:56.380505
41,0.8015905251030853,"[[ 29.74317556 786.97043209 114.01441824 720.21946126]
 [390.64492062 185.98119613 652.47573943 394.02653288]
 [ 77.15070391 451.18101662  24.30486475 485.53018959]
 [ 99.2137081  237.95165469 650.27766881 186.17727295]
 [221.16482605 233.6002843  114.93507391 401.62542128]
 [659.98806387 248.03511924 730.25650829 156.52111257]
 [304.52733123 409.5767506   26.14699704 554.87913201]
 [645.95883032 210.52166157 523.93602562 360.50504467]
 [535.7657004  633.18927972 692.00564378  43.99044893]
 [ 24.39434917 285.61400426  20.41986191 639.06059949]]","[0.990662   0.05653184 0.36511265 0.3193507  0.89658588 0.43516025
 0.1927436  0.86844902 0.84967628 0.25832354]",912,2025-03-03T23:21:56.386570
31,0.8006985392400492,"[[462.53656982 781.62883917 308.14632425 619.35226315]
 [637.76563167 737.01354774 757.46439046 297.17540555]
 [319.01947752 631.46600886  58.44015556 622.5439345 ]
 [445.89028453 387.24645049 207.35797797 382.81139103]
 [246.81007957 787.12268004 136.09895379  16.14013658]
 [764.60751541 346.61182991 457.24975447  16.52530559]
 [415.32701667 530.36025279 107.43277208  61.48472264]
 [740.0582417  251.89038139 353.20058828 326.55805155]
 [417.30580919 490.94281703 596.94645787 364.64317054]
 [257.22309812 757.30579309 328.3295501  747.34729123]]","[9.91433832e-01 7.47631069e-01 6.42592120e-01 9.36881754e-01
 4.23795311e-02 4.48871264e-01 5.02702661e-04 9.44864614e-01
 9.37928275e-01 2.09040575e-01]",913,2025-03-03T23:21:56.392531
43,0.8199986017915385,"[[540.95887518 721.23409816 269.99162978 265.04738322]
 [329.33012124  62.30430296 502.5096344  264.21086407]
 [653.81223686 273.9672423  307.05037758  92.53199183]
 [ 61.33756224 458.33922764 644.04183961 377.77626731]
 [469.99571074 187.71580981  88.0511526  492.51112958]
 [743.44535488  41.15497653 306.36120163 414.14512687]
 [785.03841413 659.58375712  14.96972275 722.3281744 ]
 [103.63275036 460.15417291 140.91005038 267.63302457]
 [448.73034618 593.0920148  600.32736025 576.07740404]
 [ 85.17793874  88.84031928 717.10654945 633.05732954]]","[0.40018521 0.6380666  0.49709207 0.71371505 0.19485816 0.23457761
 0.96370846 0.61058694 0.09396657 0.28065845]",914,2025-03-03T23:21:56.398642
40,0.9386921899833204,"[[441.60952446 599.64841932 351.5392684  340.26082788]
 [ 75.7598282  734.65550649 482.56821436 730.88159886]
 [284.47894913 648.22406311 126.40777349 274.6157802 ]
 [247.50047718 789.92062254 259.1516419  527.40758621]
 [389.31124647 673.93700167 766.10025236 318.47063898]
 [230.31659778 252.89097231 769.45297014 743.19865716]
 [224.00224711 181.92236481 549.65830686 595.49717971]
 [782.58224776 127.12116017 636.21225036 515.2093569 ]
 [158.1508148  648.09489055 711.29139978 576.90060354]
 [128.0886264  794.2609226  536.00490189 238.24613534]]","[0.02281947 0.0239423  0.02185268 0.99156642 0.07955117 0.39440516
 0.86568585 0.69972034 0.33117427 0.00610213]",915,2025-03-03T23:21:56.404187
34,0.8896434056258925,"[[318.78022729 709.34266971 201.16367146 632.21617478]
 [253.26240903 585.64274146 785.34337898 276.22736597]
 [136.66385933 371.82872848 376.29297449 531.31778552]
 [566.42871088 360.26564844 618.45633058 660.70380989]
 [ 81.35736446 590.67950634 152.73541735 775.95928275]
 [709.51056212 740.68345817 664.74523623 396.28588441]
 [582.40824554 424.3542327  239.4009179  345.06477405]
 [490.47134485 135.34932863  75.24048609 497.458412  ]
 [797.79823702 325.85319396 766.41152673 253.08834857]
 [171.6401053  271.59699938 568.94386807 538.73952504]]","[0.79275539 0.66962097 0.7952791  0.59426969 0.78458046 0.01358271
 0.1920174  0.11527876 0.97055912 0.74580356]",916,2025-03-03T23:21:56.410767
22,0.8815685379366904,"[[233.54145185 564.79583136 480.54350571 617.99363118]
 [363.28614262 141.28711023 390.3107577  716.73894761]
 [481.40284655 294.99332276 235.0674745  609.7003959 ]
 [609.9300686  240.68649181   6.20428575  57.79976162]
 [117.32861268  48.79208278 666.33756335 440.45244869]
 [205.86839965 535.83986873 229.41149946 489.22575964]
 [289.75900977 111.80623664  32.77699232 426.75551468]
 [236.38477548 512.90026538  24.95847296 321.65571867]
 [497.07366284 134.67181658  81.54180362 571.43886646]
 [364.53864435 748.54843765 437.36866678 321.64564237]]","[0.42820741 0.14785404 0.39817581 0.99470173 0.91946504 0.01040494
 0.32758445 0.60462237 0.96652822 0.47073995]",917,2025-03-03T23:21:56.416151
36,0.8674507345110913,"[[ 38.4596157  212.2884104   57.92913282 189.16187541]
 [113.46616342 626.22759677 152.32260176 145.02108523]
 [375.74175112 400.93398409 697.59485499 467.98134785]
 [556.93920122 156.12846488 267.71800652 402.60857568]
 [736.93750958 636.9754282  342.3656423  675.52074214]
 [688.90608968 269.21578804 298.56662282  89.03939138]
 [538.35613309  19.51307374 595.6139194  764.78012209]
 [585.20354235 373.6146241  611.38776723 628.2885916 ]
 [684.63144979 373.93135856 147.22586192 579.96187522]
 [437.37000859 488.1459193  296.19695968 528.02413613]]","[0.74689729 0.84440975 0.10815855 0.04453565 0.67774889 0.54141384
 0.05118041 0.90458853 0.12962137 0.51461889]",918,2025-03-03T23:21:56.421973
20,0.8168893674647358,"[[ 13.90148314 597.29373983  39.24011896 503.07140437]
 [537.03537754 365.06739444 304.65571951 402.50684677]
 [523.84831271 210.15530128 516.08664569  38.04851982]
 [513.54234069 676.36503208 374.55255356 149.25686018]
 [128.28006866  11.49903278 508.12491632  52.13843541]
 [690.84590872 761.95940811  29.14769525 567.88538234]
 [168.59048263 692.70395158 426.36665394 587.2445963 ]
 [553.17506465 268.62950398 658.12667427 118.51311141]
 [422.16307591 194.22453243 558.01514894 157.91150582]
 [458.93247791 306.63219099 682.92210475 544.10591719]]","[5.67386516e-01 1.29507439e-01 8.15802410e-04 4.78602007e-01
 4.62470972e-01 9.01090041e-01 2.00037295e-01 5.20807457e-01
 1.16610718e-01 5.91989504e-01]",919,2025-03-03T23:21:56.428852
23,0.9140090768755761,"[[7.24930495e+02 4.99570707e+02 7.71322499e+02 9.12882354e+01]
 [5.10733288e+02 5.52725837e+00 2.49440795e+02 3.52513191e+02]
 [1.34689594e+02 4.44831483e+02 7.71082212e+02 4.52423351e+02]
 [1.77532684e+02 4.24119278e+02 5.94481679e+02 5.09538821e+02]
 [9.50533995e+01 2.92119061e-01 1.17951942e+02 2.46856108e+02]
 [5.00447424e+02 6.79881049e+02 1.51099490e+02 7.34886857e+02]
 [7.87619366e+02 5.98581387e+02 6.54447718e+02 3.04193841e+02]
 [5.61844878e+02 7.29424908e+02 3.06504830e+01 2.38321064e+02]
 [1.55819025e+02 7.66376694e+02 3.17064883e+01 5.29600310e+02]
 [6.21591344e+02 7.76714847e+02 1.99103604e+02 5.75878425e+02]]","[0.927914   0.56319468 0.18644826 0.10074746 0.03122221 0.89878626
 0.95001861 0.4584156  0.74897455 0.5985745 ]",920,2025-03-03T23:21:56.434854
44,0.8151783754043379,"[[623.16204258 598.85032166 617.5758196  516.39511027]
 [720.55169215 275.10938941 559.35113574 119.19484468]
 [501.86179715 728.70842353 621.18044313  99.53113505]
 [251.93398944 316.83752503 459.33130637  52.16042052]
 [789.15542238 735.40270135 277.06217451 225.49015031]
 [735.40017902 198.25539244  95.16595119 522.8227903 ]
 [546.92868499 252.79992211 469.74708109 117.73135278]
 [107.96968642 258.05077218 113.97438114 199.92851277]
 [223.03705224 726.39344535 594.76162157 179.11926334]
 [475.06638417 422.47164995 798.02888892 524.2366454 ]]","[0.96265206 0.66763746 0.76672447 0.84619186 0.337906   0.20671389
 0.27215531 0.58415039 0.37448618 0.81492494]",921,2025-03-03T23:21:56.442152
38,0.8232294097850351,"[[155.44142383 162.32543201 272.87833546 613.13776419]
 [279.08114629 663.02686915 568.06281144 515.57532222]
 [139.16056561 382.1575925  379.71026767 326.05571146]
 [461.02374187 204.19660378 520.66313765 497.67283682]
 [337.93768806 578.89785306 553.90049043 354.48947931]
 [598.01474468 358.51829846 201.03285888 745.14769504]
 [327.59552635 503.49512776 553.91009831 633.99505317]
 [320.60186028 575.23133848  66.37301253 194.1532067 ]
 [295.12060856 652.81380275 506.09154466 214.10660307]
 [195.50318785 772.74376803 117.57730398 710.32791906]]","[0.08902971 0.03159484 0.33013231 0.8885634  0.25341212 0.73010179
 0.15655822 0.75556688 0.45484474 0.51877359]",922,2025-03-03T23:21:56.448781
49,0.8381060329904956,"[[182.1336716  328.93477593 180.80563863 670.10255073]
 [374.91027692 463.33462294 485.45441088 310.347846  ]
 [536.99242206 448.31557229  28.22799054 507.71291636]
 [613.24004651 548.21786333 313.43604583 333.58495397]
 [213.36385919 256.49708973  41.43034119 483.41498557]
 [753.00777731 121.5520482  342.50517542 663.70275928]
 [105.91648432 681.66831111 274.39874657 788.2360531 ]
 [671.57339848 422.49557773  72.24523627 755.57377651]
 [104.38462967 457.74050918 746.15875164 463.78378548]
 [213.49970787 664.00875908 455.46455801 759.89828915]]","[0.93000502 0.64478101 0.0201033  0.38930294 0.42116892 0.4559067
 0.87080909 0.0121506  0.77629273 0.22731129]",923,2025-03-03T23:21:56.455230
38,0.8160497518160619,"[[215.95383512 620.68741566 393.98518963 398.71370875]
 [653.84607028 505.13184979 734.98379845 518.63913276]
 [532.57003693 629.55860986 571.97202418 104.66811802]
 [ 78.8405126  502.58572599 490.02814424 731.23858259]
 [ 97.62263399 183.83388    167.37351858 334.61145053]
 [110.873095   559.08166698 249.08427311  25.80349493]
 [189.31878541 362.46580032 231.73116336 113.38578162]
 [775.96933156 144.17968875 278.65186894 334.96995912]
 [503.51891316 125.64276855 103.18099026 125.60979622]
 [313.43517001 495.84633918 453.78057308 766.99799167]]","[0.87986222 0.95939938 0.06887172 0.16068338 0.69073292 0.54762
 0.1816588  0.55374177 0.16370175 0.548082  ]",924,2025-03-03T23:21:56.460844
21,0.8795347500540864,"[[444.10454267 578.31913473 226.73380909 670.67455812]
 [ 79.9212856  715.87701099 559.28374899  96.53168584]
 [143.08428089 708.18217448 401.3674016  262.71777934]
 [666.04598726 186.3640994  566.39856176 231.97068987]
 [120.16482671 340.2070073  518.28818279 372.07499667]
 [ 94.61972115  59.58140699 190.75173361 301.01838453]
 [ 60.30736334 763.98978408  73.85357442 384.34129322]
 [ 25.27989171 585.86179883 700.73113688 152.06250327]
 [650.7044362  713.61219083 165.67133134 517.87514546]
 [534.96189018 222.77226461  98.08247819 106.46720258]]","[0.48195657 0.63977792 0.80861739 0.21751953 0.01310396 0.05578685
 0.58983944 0.64112198 0.66670985 0.33197042]",925,2025-03-03T23:21:56.465733
49,0.9401579412622969,"[[347.65184187 147.99443776 206.83216136 613.40008718]
 [140.38366879 476.06799703 130.21069053 150.9643017 ]
 [447.43541978 130.99120864 546.93164844 734.93340485]
 [222.12012197 606.28148456 768.40640199 435.57971827]
 [307.00759105 536.0172792  589.73773562 740.99902373]
 [432.77130727  80.23811775 402.55986774 599.74465883]
 [178.9105253  275.60080986 193.78345883 391.36608647]
 [567.17089988 404.87356373 685.19754204 252.25529976]
 [353.67266705 272.25314333 162.05794945 179.37500408]
 [410.46316018  17.88245732  20.19222975 106.36212602]]","[0.70427735 0.59540393 0.23168183 0.45916153 0.06643963 0.02297132
 0.55117957 0.22562327 0.68134271 0.55773101]",926,2025-03-03T23:21:56.471552
46,0.9481755021024589,"[[558.9555472  365.04339647 506.24667477 267.55866297]
 [148.86349811  64.75305428 647.76278626   6.97482714]
 [441.3439918  199.0310898  327.25273256 420.86280623]
 [ 69.23004302 675.36318497 772.8939371  209.06616154]
 [320.92512318 774.43931984 611.27479659 100.32305268]
 [527.78303976 181.77869858 719.83192652 671.53294169]
 [111.66615045 468.53153561 597.06855283 374.99258185]
 [396.35265326 392.96779015  16.01372276 504.61651978]
 [481.54544597 255.44455513 777.99976024 659.85397384]
 [106.92296099 583.37080811 307.95817431 544.78249554]]","[0.9524481  0.81725644 0.68993376 0.25736052 0.69185988 0.25705091
 0.90513456 0.7950236  0.30572269 0.86528344]",927,2025-03-03T23:21:56.477956
47,0.8568976106662286,"[[290.69417878 747.36448877 131.24470016 160.70646713]
 [103.81592032 688.69814384 778.96291998 207.60492968]
 [355.31027258 595.41030628  40.94068939 137.08529647]
 [458.27822575 700.38173923 579.42650133 220.69193493]
 [406.63292748 594.89174855 649.07753803 600.95388853]
 [224.15421203 307.96292406 376.26290713 607.53197756]
 [268.01267336 682.19020551 726.07279551  27.14142165]
 [378.8745077  505.82823238 542.41841296  19.57740836]
 [212.49766126 436.77934007 749.98553478  15.41102486]
 [117.50986593  48.37300063 455.30279489 303.300731  ]]","[0.31502481 0.33314777 0.15674238 0.6342523  0.49124185 0.8399683
 0.80617259 0.74943094 0.34602751 0.13256244]",928,2025-03-03T23:21:56.483265
13,0.8912372211776715,"[[694.44685309 273.55211552 378.84858359 463.13038538]
 [ 12.6852793  401.66771289 415.34113169 246.74018377]
 [616.41186179 613.66804398 584.57357884 377.05934003]
 [619.82709882 486.65465955 369.59601804 430.95385248]
 [  4.26650556  31.78817858 654.22057593 327.43605123]
 [630.23220138  31.1599471  310.45060168 578.61223433]
 [ 43.17500413 566.71745586  69.85154239 224.94692347]
 [136.56620652 519.94512891 397.19009509 270.86633921]
 [730.13128964 315.17130904 253.81583805 177.52358513]
 [610.44669067 465.60079572 446.24470364 319.83320391]]","[0.71130484 0.79415894 0.13497106 0.68832764 0.78129016 0.63501676
 0.19760085 0.86645158 0.74162865 0.21140964]",929,2025-03-03T23:21:56.489517
46,0.8974889690720824,"[[399.61330897 129.25543115 591.75269891 334.321617  ]
 [740.67728582 363.79287672 638.02873153 412.7393982 ]
 [ 75.4445259  692.46719092 513.03178924 124.69618858]
 [ 90.59952273  72.22557388 701.36735618 292.08705579]
 [ 24.75168899 623.50117861 341.35907907 339.18493518]
 [350.00173618 523.91026116 720.7443512  745.40520527]
 [720.10666786 517.47789233 397.95053258 693.53993747]
 [357.95730556 480.25583112 372.59651015  23.85601274]
 [750.88303967 762.78193437 691.30319781  66.5661413 ]
 [752.0407313  723.82112342 481.02257703 509.13522775]]","[0.43146769 0.49037631 0.73067993 0.42202545 0.47032016 0.9586133
 0.85448299 0.85027208 0.89136561 0.35672621]",930,2025-03-03T23:21:56.495603
30,0.8675798072996476,"[[373.96342863 705.56982441 655.07410385 764.72090841]
 [576.5303819  162.42079187 510.84762819  13.44260891]
 [470.79963855 293.58603276 465.82562168  82.07165571]
 [765.26125242  73.4422157  295.89700362 752.6156356 ]
 [354.43486224 385.96001785 641.12421999 124.140111  ]
 [569.81991741 147.40441047 513.77378269 642.15654004]
 [174.63319855 634.17454633 540.90057947  86.32491392]
 [321.97937295 368.47859649 373.35801069 332.68847525]
 [283.21712143 127.73062958 753.82572914 436.80679711]
 [224.23796877 572.17320034  21.76393196  59.33728042]]","[0.62698409 0.45279897 0.41333751 0.56621685 0.39417727 0.33096282
 0.80363467 0.67762472 0.99963318 0.91605542]",931,2025-03-03T23:21:56.502933
49,0.9403391415919395,"[[752.55419081 674.69298348  97.46318974 370.65873721]
 [689.3909113  601.59220237 693.40365192 296.44935826]
 [ 51.98501576   4.37855583 256.38477549  45.52546313]
 [487.98802083 243.83417575 572.69169235  41.61928614]
 [640.6522204  667.35711169 549.90063309  55.96821765]
 [218.41195954 531.04184542 582.64554532 188.90138017]
 [335.64435043 153.54506072  93.04283266 601.32809136]
 [258.07944398 152.41730834 728.16540812  29.67077984]
 [607.40475204 168.10703825 113.41564954 219.69673181]
 [489.57134902 640.74213632 369.425748   349.50545195]]","[0.90794613 0.4817396  0.81493988 0.82873516 0.51484601 0.81717626
 0.63412196 0.32536094 0.16274459 0.93086428]",932,2025-03-03T23:21:56.508780
33,0.9277522306723126,"[[144.31837334 108.41466106 209.91079742 572.684458  ]
 [648.52374546 580.13212213 717.59672353 159.95546014]
 [ 93.51681689 372.94604659 257.44659962 363.51040258]
 [ 44.18706657 369.9506315  425.68290672 518.93884602]
 [ 57.03580025 464.06375939 225.85176136 465.32840083]
 [570.07410172 233.96601211 635.42736312 184.41734533]
 [778.3153878  476.37344807 686.4738353  276.69820255]
 [468.55406386 702.32846288 632.67492112  11.65792011]
 [712.87452011 552.51436486 650.54175775 733.54053341]
 [594.88164184 331.97849057 145.87216712 413.08013175]]","[0.89976083 0.58799773 0.06222203 0.93005943 0.85539476 0.61492588
 0.21344697 0.9743666  0.71645302 0.50768069]",933,2025-03-03T23:21:56.514979
45,0.850268042091479,"[[263.72879107 260.11794301 407.76430996  35.03562877]
 [180.31486993 556.67697095 693.89836772 222.20007169]
 [208.0641433  548.1051465  288.04003476 383.81534126]
 [615.71748409 466.80438753 560.54799053 678.20181974]
 [ 90.6546059   41.57011474  74.34671134 652.35595627]
 [168.56942999 628.66448388 125.92320896 754.35341106]
 [779.10986739 462.93417125  89.54750915 208.20136016]
 [290.88264109  96.62448862 111.7133279   48.32358469]
 [727.79935932 610.70826451  39.03994479 630.12166589]
 [277.23012322 408.84398594 743.6025528  146.50685505]]","[0.84947385 0.55696356 0.82644822 0.6218081  0.09022508 0.54327974
 0.63679035 0.89723853 0.04704404 0.54220947]",934,2025-03-03T23:21:56.521812
24,0.8611513973731939,"[[515.87770284 183.26953426 399.05225357 699.41655091]
 [773.9269656  345.90554998 489.98380717  72.66262687]
 [344.75940936 142.20359522  25.21938999 647.36825665]
 [461.5722189  740.14396758 343.92334844 242.75587259]
 [ 60.1023985  531.22419488 454.43522748 410.19665389]
 [543.52491099 745.53423565 465.34315992 330.18841229]
 [466.99195878 465.42551397 694.0425322  375.49708749]
 [273.61006154 422.13100426 107.91805246 549.34408188]
 [631.43257588 319.77077231 221.47639071 681.24162722]
 [216.78249554 314.16502287 279.94419632 530.80223074]]","[0.19454919 0.62076383 0.77382437 0.31007505 0.90898614 0.43483001
 0.02375715 0.83021935 0.09489185 0.96829911]",935,2025-03-03T23:21:56.527811
13,0.9407090978160325,"[[615.12646969 453.2663187  515.43162987 261.36754643]
 [379.705812   608.81277997 739.04094642 423.2031656 ]
 [283.04759262 767.78767736 384.99860965 761.6763049 ]
 [ 36.25716753 478.69673422  58.66191621 280.87023756]
 [ 34.65558847 314.74454653  77.48932412  86.30224914]
 [664.69844344 741.30750324 579.49357941 317.71380031]
 [351.29487827 682.62530646  11.36583152 487.30111123]
 [ 93.41992341 135.68546582 728.8674768   78.15379689]
 [752.50451912 565.79087104 305.27896883 449.81777423]
 [163.66332676 429.61017854 119.39288708 235.64519737]]","[0.72704565 0.93311154 0.69530568 0.775403   0.36487459 0.12898372
 0.0273949  0.43522164 0.69017268 0.92284786]",936,2025-03-03T23:21:56.534812
15,0.8741530360624121,"[[777.91140961 311.40018634 458.83252633 216.67924597]
 [662.78847569 369.67531134 332.19871183 464.99274694]
 [ 33.26189697 352.81192919 504.4293207  631.16811375]
 [580.49782035 595.17218294 612.60474595 735.6812546 ]
 [774.07143373 202.40077079 728.84864253 503.68808183]
 [164.89383982 641.20701135 136.04872303 466.74930324]
 [476.65830852 280.53817195 257.23695385 373.76761521]
 [640.54310756 569.03557262 214.63368024  81.58216527]
 [774.66712637  67.74175051 363.83312617 531.73936641]
 [634.33816117 506.18475399 733.00403292 667.6617298 ]]","[0.15920911 0.27683402 0.50420705 0.06792168 0.1495217  0.54225437
 0.07399841 0.27845182 0.74136821 0.00411688]",937,2025-03-03T23:21:56.540753
29,0.9131771254620707,"[[590.21141786 363.20200511  17.0779441  185.46963255]
 [674.61318075 211.00153747   9.78469279 413.99647156]
 [614.09545738 175.22048641 555.18338496  98.4184838 ]
 [358.05939423 499.6316946  342.72417182 788.75428985]
 [501.46186961 458.00898512 209.38606089  82.15503993]
 [618.19374233 475.00779583 630.19821257 402.55895218]
 [666.28957502  40.88615324 778.5386456   94.96715051]
 [709.24554419 670.72302655 570.23694981 201.63596892]
 [407.62072112 721.49185546 343.62538128 415.22175457]
 [275.16919688 280.44267173 399.57378542 553.43055029]]","[0.77584806 0.9087078  0.90286906 0.67446112 0.79599777 0.61079784
 0.33201402 0.43254363 0.61968584 0.65953803]",938,2025-03-03T23:21:56.547108
14,0.9391077686766722,"[[731.32630823 577.06381557 612.90295256  29.09414445]
 [485.99928395 500.71822093  94.23590674 449.41718164]
 [771.30746269 755.40290886 667.6669026  621.27717197]
 [ 21.22676804 168.97392073 443.08083654 773.35315833]
 [209.05112805 608.30702331 346.76575161 151.44956871]
 [542.13688593 135.43326229 546.37647207 789.89404733]
 [205.19724868 649.1193078   85.98061188 655.12100635]
 [353.32366381 557.49211144 491.60639057 658.38589687]
 [617.02882649 649.20683697 242.16352659 475.6690757 ]
 [300.38021601 155.29377316 265.05326204 606.82885399]]","[0.58573675 0.9481528  0.80797071 0.9043018  0.80342095 0.4661112
 0.18767338 0.39021797 0.47303899 0.52386206]",939,2025-03-03T23:21:56.553614
44,0.9086085186835536,"[[ 59.47008613 762.84719117 318.60852854 709.83287902]
 [ 63.31129584 791.77554106 258.09055244 145.79498672]
 [296.99877192 575.38924709 559.7870071  589.06019413]
 [213.97822317 162.59953749 599.55072772  17.13037387]
 [260.98321136 379.83721869  85.18691773 498.82122484]
 [506.47726887  81.22640361 329.95642385 410.02127671]
 [ 89.92827342 637.03080412 670.20146537 180.44301681]
 [259.54268375 619.25466158 386.94553245 674.74310215]
 [650.78912795 231.11440586  52.69644579 447.96047552]
 [342.04133464 657.63579529 419.12937785 725.63832618]]","[0.69350709 0.53082653 0.35859942 0.66241832 0.53610119 0.62391735
 0.48135268 0.83624968 0.48679055 0.88908629]",940,2025-03-03T23:21:56.559808
22,0.9442534480352758,"[[395.26991952 641.9064161  316.72405017 130.97812051]
 [113.24143029 410.35443412 203.11195308  70.66166327]
 [510.45214965 729.42167186 315.01235081 535.56325096]
 [ 93.060201   797.39307947 597.9815558  785.09640496]
 [412.25198452 101.84374109 113.10454182 263.20349207]
 [771.07541807 190.30941242 738.35485597 634.64519207]
 [232.1183872  206.18102786  49.13141602 332.96781803]
 [392.55806777 680.11126909 473.03195288 784.86283853]
 [164.58096686 108.74325684 314.81238777 669.35326706]
 [501.63959378 473.29214615 540.90428462  69.90555298]]","[0.16444289 0.90806871 0.2327732  0.69380651 0.61362797 0.51215536
 0.99463824 0.86227964 0.62554492 0.53137937]",941,2025-03-03T23:21:56.567649
12,0.9131715781974963,"[[513.51582745 634.60356178 341.21490949 377.63628928]
 [319.91597725 532.05004337  87.34330304 186.18734335]
 [230.97941107 721.5522477   82.81163748 450.39204086]
 [562.68592911  68.24351924 773.01213353  58.21274568]
 [219.7568415   30.58236783 405.87026772 590.48516443]
 [453.67252031 305.28014736 307.02076661 514.62034654]
 [685.17291332 333.86519533 221.39456643 118.30032288]
 [107.86427428 693.46618028 755.48948131  47.47884293]
 [187.10081755 564.31889062 112.50882856 581.60707086]
 [569.30847548 318.72144401 416.81426119 554.68708408]]","[0.83716382 0.03398849 0.27071366 0.86463231 0.44000687 0.74416489
 0.02697168 0.60142881 0.74783012 0.27685748]",942,2025-03-03T23:21:56.573768
38,0.8732961282837572,"[[6.12024620e+02 7.61044554e+02 1.90488712e+02 6.48030750e+02]
 [3.83239561e+02 1.86712488e-01 6.53056889e+02 6.68663613e+02]
 [7.20593760e+01 1.05250942e+02 1.51143900e+01 3.86999930e+02]
 [6.16549385e+02 7.47432504e+01 3.10430460e+01 6.17898755e+02]
 [5.53561094e+02 4.43229135e+02 7.78416953e+02 6.25230665e+02]
 [6.31346737e+02 1.77249016e+01 9.59540332e+01 2.76764156e+02]
 [1.43150966e+02 4.53359856e+01 7.87133907e+02 5.66184898e+02]
 [3.97077607e+02 7.31294768e+02 5.81926192e+01 5.09264544e+02]
 [2.14482019e+01 3.93162377e+02 3.11451945e+02 9.63731622e+01]
 [3.43855695e+02 4.88530336e+02 4.87628903e+02 2.48545917e+02]]","[0.74644968 0.04026388 0.67759291 0.040063   0.59575057 0.70447784
 0.19238177 0.33973406 0.7594669  0.34224662]",943,2025-03-03T23:21:56.579411
40,0.8235866193310774,"[[609.21876224 380.60200202 554.8906853   77.67113021]
 [ 37.96107624 419.42693413 175.43645872 273.68469356]
 [396.07860905 733.68409817 486.01444538 373.60409149]
 [268.82047755 461.13004574 461.76110302  88.21274154]
 [638.61835057 214.18578162 512.04985241 430.75235026]
 [588.80537839  81.91498077 509.91220467 393.40937408]
 [328.77984396 248.70627027 285.37259426 378.33457069]
 [375.87720266 187.69301979 144.50366977 477.66627204]
 [373.11113708 732.53701525  78.25944967 352.21290042]
 [560.61118221 765.98730019 681.1776244  256.2387021 ]]","[0.25208362 0.11287609 0.35215296 0.27543903 0.16105966 0.74243489
 0.31587937 0.09088542 0.22873825 0.9993818 ]",944,2025-03-03T23:21:56.585489
21,0.8859661888749166,"[[735.95640954 393.44830398 557.26118282  89.39897015]
 [765.71343343 218.750218   289.63822756 722.63702233]
 [523.96300913 439.65600661 641.33572318 289.77896544]
 [682.20483805 784.44402305 404.70317321 656.17597605]
 [150.39429056 578.07444886 406.29425126 566.13730788]
 [ 97.97312448 456.56755686 216.21286426 318.28692967]
 [715.77365097 750.83054555 508.33401137 672.78999125]
 [ 40.86065055 537.83324527 426.10062204 590.33722348]
 [161.0805381  579.47800996 678.06721546 231.79177266]
 [134.23825379 468.91569932 515.7111261  458.9297463 ]]","[0.10800202 0.72101261 0.52115563 0.12534376 0.57794824 0.28483231
 0.42752815 0.78949049 0.92970545 0.54460019]",945,2025-03-03T23:21:56.591277
24,0.9036523755247755,"[[131.903776   798.6222807  550.09816778 609.87288127]
 [745.7987684  488.72469314  88.89698169 541.06180699]
 [137.8319891   11.56762044 285.7188724  519.542773  ]
 [673.25148438 687.59735041 262.46896041 714.51215186]
 [652.03621583   7.61085291 721.50323434 406.60933062]
 [656.43654152 454.64699064  51.87253464 793.91982474]
 [301.32534693 571.98160953 497.28346316 155.48761502]
 [ 81.71245154 373.15153078 540.1455266   27.36494642]
 [505.92591911  72.417785   287.5239552  498.06856904]
 [471.24208    719.47960642 274.7212397  665.65494803]]","[0.68138407 0.20884891 0.32296247 0.91785153 0.75905837 0.01408719
 0.74334298 0.29219473 0.4583039  0.8686706 ]",946,2025-03-03T23:21:56.597526
25,0.8029679053183215,"[[271.22059282 363.20656817 160.99209988  99.52106974]
 [164.01206195 540.7382551  306.24132319 213.8408576 ]
 [429.68020444  99.1328024  284.95135818 491.90647733]
 [344.23278608 664.63156346 669.78854872 350.02196481]
 [661.91483535 499.72228747 622.73928262  94.92619148]
 [655.68332127 409.06911463 788.36976526 244.63690436]
 [224.8057301  451.82332289 257.90094852 200.53304056]
 [391.86493318 580.84938663 627.2217516  334.32961458]
 [572.49646263 473.72220665 505.32423035 628.7549392 ]
 [799.29469975 172.05416711 305.24193917 541.28504276]]","[0.11769896 0.20506071 0.45982282 0.37880239 0.72335089 0.68750871
 0.29223253 0.20095285 0.36034273 0.81092555]",947,2025-03-03T23:21:56.603700
29,0.8815021827714254,"[[493.77270782 110.49754338 737.51800553 280.32325583]
 [406.08050078 122.83526529 300.08178702  70.25330497]
 [737.24949137 620.17969815 694.08869334 427.68003877]
 [574.94302455 140.91237212 761.0678529  784.11978833]
 [ 27.9011378  385.65221193 738.18752884 466.02206165]
 [263.95667136 259.72019127 623.89468274 684.10736935]
 [787.11296264 461.71175887 573.70356664 608.9844013 ]
 [695.769538   761.741827   699.53375781 695.76647405]
 [766.47249812 258.69207101 721.18632649 186.69868856]
 [278.31064504  22.49827247 152.87870558  49.58409273]]","[0.24570958 0.78993764 0.75734271 0.55123251 0.451434   0.71407782
 0.25335365 0.16988029 0.37952561 0.30260722]",948,2025-03-03T23:21:56.609174
50,0.844411815782805,"[[363.66463987 764.59590646 396.55512246 418.56651771]
 [275.19815676  16.04027718 677.59834036  84.09609838]
 [  8.9976531  241.1941201  343.37634159 694.7724462 ]
 [584.92017236 387.25697655 426.81162638 487.92294127]
 [600.62032031 128.49871555 173.63213838 719.07124664]
 [429.79373142 253.8595052  398.45125649 247.202055  ]
 [572.89788619 398.92855767 516.49145949 400.72872609]
 [135.12148712 386.94273917 719.27662359 726.5057576 ]
 [490.79191566  54.75487013 389.14006616 470.63430158]
 [444.19115963 649.99234702 111.55063063 535.02834862]]","[0.76794541 0.62975736 0.41695149 0.06980286 0.45216839 0.73456448
 0.44058777 0.30359454 0.19087396 0.63277338]",949,2025-03-03T23:21:56.614293
24,0.8135065242197218,"[[523.86776943 148.71592848 368.32192453 762.90649859]
 [203.68385481 167.44049509  88.94214524 265.14960592]
 [ 27.71922423 739.65133118 319.33291605 491.91749745]
 [317.44405613  55.4489549  654.71044991   3.16234352]
 [338.3896021  682.29925082 317.75392231 157.03700069]
 [551.40093057 787.85943137 786.0117452  415.8638816 ]
 [ 34.80941501 754.92754647 573.06311006 375.6535613 ]
 [382.19051322 365.37178557 490.05641081 793.81038941]
 [342.14422612 303.32453746 143.54205568 471.07298272]
 [463.12400495 575.33057747 351.42793241  11.00469086]]","[0.18776328 0.63510463 0.27397096 0.71001133 0.12095367 0.6840581
 0.26299191 0.14073029 0.57559161 0.70185805]",950,2025-03-03T23:21:56.620392
22,0.8254215946315221,"[[ 40.32570909 401.93985551 754.41292899 228.37486892]
 [119.16332641 419.37611568 159.60924371 213.50613609]
 [409.18778058 119.58483652 526.52462361 590.20761648]
 [259.38046286 620.78967222 105.87750338 610.49509334]
 [120.24560118 577.10113008 776.64391389  31.91340825]
 [620.16705961 661.63065621 453.21710914 138.13606231]
 [ 81.94926207 109.97549745 746.57189209  36.71791318]
 [554.08481239 678.71294577 566.56463557 520.11216814]
 [723.91226608 361.65184364  21.58227095 217.69670426]
 [168.58113512 310.35976814 792.09778884 729.71661602]]","[0.60740178 0.52364879 0.25279576 0.0225229  0.55263282 0.3706962
 0.88054545 0.02033678 0.34417984 0.07356025]",951,2025-03-03T23:21:56.626726
23,0.858873582944019,"[[433.3737506  375.6385604  612.92972211 197.15214955]
 [372.38785115 660.10392351 500.91230817 563.32106527]
 [ 75.33243318 431.98544438  78.35204635 787.92285992]
 [300.13106469   2.18665668  53.32918694 715.28993737]
 [ 64.83948743 446.53649025 785.50355592 249.47490741]
 [623.06238175 436.64078827 460.31680837 143.00406934]
 [141.69817085 601.08063979 764.32799629 324.88096927]
 [546.75334977 621.86118201 556.11892694 139.93184869]
 [334.4762017  552.30999669 745.53087325 443.48314577]
 [347.85345862  69.82199958 134.6302257  522.24590184]]","[0.25481864 0.94344071 0.63707413 0.72931536 0.7975063  0.59524589
 0.99313656 0.22175574 0.7223336  0.85578632]",952,2025-03-03T23:21:56.633168
26,0.8364217274609799,"[[673.16788086 299.41144313 221.3440286   39.32576709]
 [707.04207781 122.1974263  150.57954567 177.96391612]
 [597.34816334 710.46295512 465.3450884  207.57133972]
 [165.97635567 547.50241167 360.42897279  49.46676823]
 [709.66580694 525.9220308  388.1738499  775.13881978]
 [698.7131245   33.54789699 191.13392732 562.11392906]
 [196.71807276 245.71840715 766.79254035 228.09588732]
 [326.8782979  501.86785218 385.97692144  88.69603263]
 [408.41976404 105.36237284 615.25339141 450.42034758]
 [720.8404349  501.22886579 777.51235876 437.97378829]]","[0.99307834 0.52718849 0.11732353 0.07963145 0.59365054 0.07301677
 0.25046026 0.18886611 0.38795738 0.01500384]",953,2025-03-03T23:21:56.639889
31,0.8698733723688563,"[[473.74574891 701.2769663  287.66824505 769.92560943]
 [363.07305173 642.66113551 327.0308907  621.30311559]
 [161.89552749  42.05428779 683.12052127 695.26129376]
 [660.06676249  76.91249408 771.71977147 239.39729613]
 [460.84434565 240.69274321 553.38101595 313.59432327]
 [293.46712604 565.16835032 313.54214621 272.54425831]
 [266.52201457 337.8797296  791.99541684 675.18759002]
 [132.92431695 687.95839227 224.97140154 449.95816109]
 [528.8807359  664.24497645 659.63665708 617.88885814]
 [242.44959789 777.926364   741.54768304 154.27571164]]","[0.21979852 0.13681986 0.7722943  0.49035028 0.57749257 0.04737833
 0.09473964 0.44850827 0.77722755 0.57990612]",954,2025-03-03T23:21:56.644987
17,0.935738809172878,"[[405.64345795 391.76988944  24.12679941 265.82960941]
 [522.2738471  344.10854861 526.35133055 202.19626542]
 [194.76628667 527.51959347  29.60973697 692.98112599]
 [547.1127671  169.03605716 373.19594882 727.48145058]
 [655.234769   706.82317837 612.63742596 468.44417022]
 [382.6228372  780.26264647 389.31709511 426.73718893]
 [316.28811268 416.51631262 585.52887267 204.09578279]
 [575.14288135 206.39806318 110.17260297 527.72482815]
 [597.49255537 303.87174713 799.50033348 677.53350281]
 [532.68734953 464.94128771 332.28021568 537.53043605]]","[0.38965056 0.61927323 0.57512115 0.37115453 0.27673234 0.73596351
 0.43482583 0.75060213 0.37357133 0.12817998]",955,2025-03-03T23:21:56.651241
15,0.9119034153111507,"[[ 76.96460974  77.14111379 770.74812401 361.53618302]
 [111.23496072 522.30825086 225.017307   188.79813957]
 [366.03506991  10.53043021 272.20187709 447.90963297]
 [672.30783345 348.36943822 627.12605902 450.31555359]
 [ 10.40939234 533.84373641 561.59828223 425.67439164]
 [184.33188211 521.6745246  264.6564953  368.90616838]
 [ 56.37742963 111.91502033 406.604412   111.28186202]
 [608.36746527  43.75206665 283.17471968 371.4224631 ]
 [ 47.58624827 277.59461157 471.08974364 104.36525233]
 [495.60251596 241.25992376 787.6788531  103.144774  ]]","[0.87170177 0.69597031 0.24939989 0.54377653 0.24377721 0.86346418
 0.58092993 0.37461173 0.49545272 0.01185858]",956,2025-03-03T23:21:56.658031
21,0.8954952203939981,"[[200.14274702 763.89745175 173.97815146 158.66609929]
 [575.56516418 115.61829013 348.34208014 265.17585142]
 [ 83.95334463 351.33980875 425.72138696 293.20115606]
 [139.93359982  55.47839443 676.20532984 217.28032953]
 [393.79899753 117.20413047 201.13407899 370.56824802]
 [133.13742621 579.10401169 582.22998521 215.84068054]
 [378.86253384 306.75138528 367.37132825 261.71318365]
 [414.339739   358.11559272 511.15070754 733.98639821]
 [113.56592816 510.26055972 570.83169767 660.91075925]
 [192.12537915 742.40791567 386.93931079 150.08369196]]","[0.15791648 0.16609161 0.38062161 0.78290091 0.39252329 0.14428172
 0.61121437 0.84766434 0.75974428 0.68863229]",957,2025-03-03T23:21:56.663276
48,0.9278743553732209,"[[631.56974418 639.02613781   0.93100611 218.6955918 ]
 [410.48162688 235.55214975 696.42802319 159.30097634]
 [702.18300774  63.46433005 398.84815472 609.73255084]
 [ 28.51177166 661.91084755 391.55005942 343.47533506]
 [ 23.87141191 518.48751941 325.83645011 504.46817142]
 [441.34601954 596.3700219  233.26505496 706.38336095]
 [557.10922353 376.53715384  16.21861888 257.14259014]
 [ 10.93935545  73.362123   548.9741206   39.12026121]
 [566.23082462 147.45581218 771.18071309 441.75657275]
 [411.79529935  56.37342804 149.39920618 234.38357945]]","[0.69833058 0.11077601 0.3930812  0.57857274 0.79756939 0.38032298
 0.23576406 0.91878568 0.3213938  0.74618893]",958,2025-03-03T23:21:56.669355
33,0.9117213825537593,"[[365.68519613 733.13860644 180.08638385 506.19142045]
 [517.01818995 508.65811981  43.81922318 432.18305195]
 [404.05819826 416.18194648 767.08413386 196.48756776]
 [481.32507322 652.67421708 602.37916591 605.43760174]
 [459.77148709 395.11118241 305.6475103  771.20038399]
 [181.76915843 574.23809077 144.96414924 457.41514485]
 [451.74162018 222.45319867 796.96487798 275.82817961]
 [457.71994447 598.39899024 665.93668661   5.23080483]
 [236.66890494 789.10081659 724.59666896 394.20749052]
 [557.3438999  470.34070424 708.71543153 426.92724641]]","[0.03630303 0.20089122 0.92740665 0.83798595 0.71158719 0.65565134
 0.9812321  0.44012727 0.03423177 0.73566256]",959,2025-03-03T23:21:56.675267
22,0.9318063809064654,"[[585.59849154 493.7439853  188.70475542 720.31702373]
 [141.98953602 747.48880856 696.03641693 757.28095204]
 [  4.46722592  30.56490867 563.73826223 293.45937728]
 [287.35282942 574.23197562  63.27698372 239.91186304]
 [143.33929684 293.3901845  378.8135714  285.58884567]
 [564.62635246 784.45161239 418.24551529 203.63852001]
 [764.05721    260.63250519 274.45628994 570.27078669]
 [ 50.05563167 464.29793916 473.7665288  441.34504422]
 [160.96022224 477.07707696 368.58125219 347.84954033]
 [679.17059082 797.49839395  88.85404433 439.26134147]]","[0.06932479 0.92467321 0.09717657 0.51948294 0.39359314 0.33772328
 0.62946578 0.35912166 0.29969618 0.10935233]",960,2025-03-03T23:21:56.680958
15,0.8879631687351817,"[[616.47517249 618.37865593 792.10205684 778.16336327]
 [463.12379609 540.63934908 637.5339902  689.45504684]
 [241.67024635 229.16581486 768.07790162 782.62969295]
 [625.30217126 761.99623735 353.30006554 268.57718435]
 [ 27.287305   716.46247476 662.43574613 426.77546584]
 [624.49571992   7.19614448 425.48056801 470.31959307]
 [341.39004907 158.0999475  688.57614505 343.59677224]
 [ 30.09473103  15.72195115  62.51475168 456.58950544]
 [524.08679416 513.24778689 483.70270881 278.66239741]
 [ 52.21023329 665.71500162 779.11181984 102.60822818]]","[0.63327491 0.93810342 0.92874132 0.87229692 0.04134388 0.07344674
 0.63469995 0.69521715 0.20842065 0.20190908]",961,2025-03-03T23:21:56.687150
21,0.8157006590151098,"[[327.9153617  250.72863159 187.19593648 168.62194914]
 [777.5596576  577.90624821  87.18213032 335.0293489 ]
 [ 25.09572166 622.65559211 166.12832975 501.45076505]
 [695.92159615  68.75209214 576.95538059 262.79635201]
 [318.80388176 242.15050219 499.18570556 794.90712305]
 [241.91408943 449.80791429 250.59991778 160.37184244]
 [121.15806754 157.05063545  54.51781254 655.66176594]
 [532.87596042  84.35695541 383.74652273 649.69204069]
 [302.83131112 412.40366896  96.99707617 405.18523488]
 [447.09298255 403.84075361  59.70447617 694.65932834]]","[0.42562036 0.46248766 0.83697149 0.69910925 0.68934926 0.64064652
 0.74898488 0.57483927 0.99666373 0.28451172]",962,2025-03-03T23:21:56.694439
35,0.8481243383049875,"[[648.88313593 653.09330109  56.22406488 247.35368691]
 [ 16.34489557 591.47777581 718.50884282 173.45862214]
 [487.9674251   81.05256832 447.22834707  60.51717647]
 [244.80804602 281.02385558 390.68619051 556.16571868]
 [372.36628788 694.50866647 568.98366468 628.11622042]
 [647.6523748  239.21826143 495.29749246 706.29744953]
 [532.36867819 350.26162852 148.60245647  36.06352183]
 [ 91.68786466 601.66679    233.67113558 686.80751064]
 [124.41707474 606.27072915 568.79287588 247.26323348]
 [127.18214446  16.0389653  421.32592445   3.66494206]]","[0.08951512 0.9142194  0.98264923 0.16002829 0.95289336 0.96600342
 0.76900307 0.10660359 0.37689911 0.35538827]",963,2025-03-03T23:21:56.700930
47,0.8878115334313424,"[[116.3197846  258.93762754 270.84493574 422.75952124]
 [412.24425105 198.0185527  118.35140817 694.31601731]
 [360.61068156   3.71336902 260.58953203 681.52486807]
 [190.90569766 665.20935883  74.75021434  48.74923223]
 [579.23538633 462.72117422 350.48113493 371.99992347]
 [288.637816   303.25283866 605.04696113 151.31231288]
 [735.57520168  45.47611508 110.78480763 149.20782605]
 [205.57570458 270.45300491 798.47428056 252.58191732]
 [237.71594163 171.48482891 460.66428795 614.38246524]
 [593.00882104 223.10644771 329.54463947 595.27800768]]","[0.88333251 0.31853334 0.45154126 0.48680564 0.35406724 0.82289626
 0.51670682 0.16950953 0.13706644 0.05349548]",964,2025-03-03T23:21:56.706370
35,0.8695750714807646,"[[308.20083941  65.41308347 445.98518364 634.31851223]
 [261.03438297 606.85076653 563.44075165 549.13133647]
 [595.12831403 511.29401251 351.89204704 284.76351204]
 [193.66539845 547.51687477  98.8854659  602.7564252 ]
 [140.2669446  223.2613253  233.79944796 163.46254367]
 [699.13616989 645.06623828  24.48580068  56.79608519]
 [425.40468084  24.39336324 585.45941563 678.65093881]
 [346.65715742  74.13571299 100.08698375 306.00368503]
 [ 59.49543554 392.30539829 703.42061338 577.53757623]
 [598.54292652 784.8983968  667.99685279 388.7360627 ]]","[0.01613123 0.72775478 0.62798293 0.14657372 0.97457232 0.3098904
 0.03823933 0.22017341 0.71998421 0.8094473 ]",965,2025-03-03T23:21:56.712950
11,0.9223456863031376,"[[783.04394795 490.34587492 165.67220671 240.69606752]
 [547.65617595 239.59829428 362.70383022 255.63445848]
 [487.60161566 350.53179691 396.84261775 355.26626848]
 [500.26630524 271.1093587   30.6672419  242.45065805]
 [173.78907425 435.97738125  35.90668873 311.98471164]
 [351.36161023 712.30635667 142.01209528 237.97045866]
 [257.42334393 310.07957329 394.3636912  430.27729811]
 [595.31469884 311.01398848 147.72357243  67.94221954]
 [484.50724548 531.35189198  99.08122207 629.04120894]
 [298.98674439  90.73465759 714.25842859 478.02332485]]","[0.80300879 0.07435536 0.37476981 0.16483101 0.58033691 0.03428265
 0.18383945 0.40268501 0.22875494 0.44826866]",966,2025-03-03T23:21:56.718980
24,0.929010154750382,"[[112.85616758 778.14606363 433.79023078 756.48569582]
 [471.23905086 716.57253246 472.78823403 455.34615622]
 [632.19608155 521.65012453  46.84829335 126.53195152]
 [591.88605046 771.83818925 644.43115015 702.71992496]
 [119.2621464  443.29110185 647.58965672 281.12583945]
 [291.62492356 455.78462812 166.90973103 384.75089616]
 [177.13472538  26.73314839 125.24575784 264.85993448]
 [698.74423519 131.21365903 137.50395287 257.43349016]
 [456.7519786  627.17433726 362.50182176 762.14072147]
 [799.48356221 223.68245495  40.20782716 662.9546906 ]]","[0.98485904 0.26072484 0.82648817 0.45796113 0.67583754 0.6882135
 0.80848867 0.10313442 0.69421658 0.14038481]",967,2025-03-03T23:21:56.726062
12,0.9273769775359495,"[[712.12796333 153.3996475  723.74003513 745.69389765]
 [ 21.12794005 759.73601596  82.1613503  580.82528013]
 [644.17076329 431.4904802  107.94370414  99.72174329]
 [733.7279037  377.45060639 426.94255655  47.77149926]
 [ 11.87758308 365.27461972 448.70380335 346.45626868]
 [110.63541553 197.68061895 446.59675789 552.58253054]
 [256.55839135 407.47063406 727.86904821 425.75507069]
 [ 17.2809584  240.06372833 472.50253187 688.83616074]
 [276.55473717 256.13097871 307.7153449  133.48873655]
 [214.63202074  24.71471241 736.62690854 192.80529412]]","[0.49350359 0.11494495 0.2343003  0.97079815 0.07967818 0.37901
 0.82513795 0.81450722 0.97772241 0.03067881]",968,2025-03-03T23:21:56.731948
48,0.829572090748478,"[[695.07392802 689.56719088 305.83151023 396.67082326]
 [420.53956117 582.40631653 689.04819445  10.36727434]
 [179.65576232 365.67227159 209.83972154 196.56218679]
 [366.56976034 663.54053517 711.15744002 759.71160182]
 [589.75280858 268.63594086 649.51409601 168.95546938]
 [710.61144688 590.8894771  180.78203489 179.52543255]
 [301.25279372 506.71539457 633.24156289 659.53615384]
 [ 91.11225126 148.44966397   9.45358802 656.3053383 ]
 [596.83377817 393.34978893 335.11216475 575.52675643]
 [333.64480022  79.77638385 339.44016317  20.5872005 ]]","[0.33289631 0.27045447 0.69615475 0.59300563 0.05354358 0.49233004
 0.46739038 0.32070547 0.53688517 0.57921727]",969,2025-03-03T23:21:56.737104
49,0.8509298976677191,"[[ 21.2407414  398.98986484 363.49148372 593.37175185]
 [742.02041837 380.30645981 460.34523421 433.25101724]
 [730.44566541 112.33763571   2.0921379  607.9243705 ]
 [367.33997138 536.23530279 267.3824223  127.34839355]
 [200.34301982 400.6777668  687.41801948 668.36027293]
 [797.12339116 418.82499223 308.84649041 469.48532984]
 [183.48782495   8.74062915  69.15193443 553.17826326]
 [379.08075684   3.52509553 396.09243588 323.69853152]
 [446.16269823  26.46885459  63.32795212 388.28432371]
 [458.75280911 748.15702984  13.23512678   4.68458765]]","[0.52733832 0.30187564 0.19755264 0.95885085 0.55737922 0.05363419
 0.06045523 0.15969605 0.21908939 0.6189178 ]",970,2025-03-03T23:21:56.743173
11,0.8869465432083548,"[[463.21899347 722.35263704 233.22476096 248.05797305]
 [144.39773267 299.56021085 671.01145758  68.11616445]
 [448.06364982 204.6656616   20.69348395 797.02132081]
 [387.13124726 716.05516392 417.02165867 160.16941648]
 [370.09078604  89.79756243   7.65724439 308.87438885]
 [374.16554623 704.15045155 674.29297785 169.79033721]
 [405.17366531 315.03685638 763.88065783 707.59301834]
 [406.30429938 188.9204505  527.41483641 162.15825452]
 [181.49552114  97.42808847 370.02104266 514.82251827]
 [769.19998384  81.52153387 676.10007824 207.70497555]]","[0.42424626 0.40791368 0.92574556 0.69818489 0.19722583 0.51504186
 0.41296012 0.47399682 0.77001558 0.35597983]",971,2025-03-03T23:21:56.748598
46,0.8856533789999445,"[[763.08104113 674.85710019 283.53905241  42.79839508]
 [140.56343706 747.61407155 131.66213485 214.16570029]
 [132.83669788 704.6503754  247.91489485 663.13767016]
 [324.01263507 673.10783196 665.75947057 523.03577351]
 [690.23423685 722.57104323 110.68322755  66.51693866]
 [422.84643864  34.77493234 175.80761015 113.1852443 ]
 [213.26508054  50.54930792  94.75466298 294.6727172 ]
 [254.31480465 278.97567111 775.50583264 639.76244579]
 [543.83443176 150.0841128  369.31532029 519.06561599]
 [127.90956527  72.69055602 566.78756605 107.1819393 ]]","[0.67548931 0.18217634 0.97090622 0.34522819 0.79458572 0.07917145
 0.29480318 0.23396131 0.28815765 0.87526587]",972,2025-03-03T23:21:56.756115
20,0.8847831339158152,"[[545.53704424 565.03968916 576.40272196 337.93389411]
 [329.96923376  26.23955463 454.69227134 153.14712142]
 [413.7496173  373.48309662 659.41785358 728.93154816]
 [351.62233199 391.24713371 295.70583731 297.21547256]
 [515.37832722 137.28271182 795.02519858 428.26556942]
 [210.51118933 140.90844854 788.60519549 202.57153794]
 [779.94925414  86.99900414 664.15675712 331.70287041]
 [633.46702821  14.31720375  28.56278433 414.69699123]
 [631.13706761 674.5235117  699.88025007 245.53573643]
 [387.16606163 368.71958458 441.8641388  385.5458397 ]]","[0.91449815 0.45839084 0.9711959  0.01862026 0.75290246 0.32780252
 0.40364337 0.12226266 0.01880945 0.80938382]",973,2025-03-03T23:21:56.761457
13,0.839885330292182,"[[ 12.81338412 172.3343155  637.83043788 144.26317087]
 [245.22860483 226.10378488 732.27242301 635.01874301]
 [300.4544145  543.98861475 770.74712791  98.06050985]
 [361.02783327  64.5100283  560.9479466  771.44646829]
 [342.59307381 742.69595071 229.34580469 573.20689745]
 [151.14319212 700.73733129  43.68127518 680.49494331]
 [189.1927469  722.95621432 335.70906227 334.49627925]
 [ 41.66168137 755.81564538 346.76636716 746.68458423]
 [421.12595376 670.68173421 551.21306776 220.45327129]
 [793.36059315 436.86342765 461.05838165 356.93273107]]","[0.16245178 0.46211912 0.38498306 0.0023878  0.03108511 0.63490803
 0.37868129 0.62215475 0.07653025 0.22128139]",974,2025-03-03T23:21:56.767093
39,0.8855657326780026,"[[274.14439092 183.3588568   18.07852897 351.42912808]
 [337.36973044 396.87494244 262.97046004  95.23248998]
 [ 89.96023667 357.30586961 483.06927416 460.66054429]
 [692.61737294 752.55791999 593.57603335 757.03077453]
 [420.48791044 432.75402882 594.50379678 479.99140625]
 [303.85095252 617.51350299 680.31889263 175.63209335]
 [325.91584622 526.43960194 411.02171126 489.09706587]
 [484.08003151 362.21361356 640.95700409 250.47687354]
 [568.76799736 414.30004564 540.60164375  42.27632903]
 [281.32519737 179.64458943  42.84772047 253.6055945 ]]","[0.59005276 0.66202856 0.49052944 0.23575861 0.21160952 0.5381298
 0.16303777 0.43448784 0.1997362  0.70638557]",975,2025-03-03T23:21:56.773307
47,0.8512218794018103,"[[618.62276126 297.65544787 614.11549096  95.32098645]
 [646.42671258 593.04700832 611.75023043 706.43178349]
 [770.81447313 586.109372   445.84396045 584.63636817]
 [765.53046835 171.65766282 358.45591375 743.8871959 ]
 [430.3364069  463.21029333 172.73511421 616.4719858 ]
 [599.25217323 723.61283949 454.61933247 536.78642937]
 [310.23651402 253.36578094 773.826378   237.88016368]
 [215.76578319 333.62172843 411.73942348 155.76444097]
 [ 83.12625995 625.43857544 757.55886568 753.32018581]
 [ 84.04518123 110.34904408 492.67331084 561.62864674]]","[0.86860887 0.8388604  0.49748109 0.69846163 0.92668603 0.48178676
 0.5566561  0.61642505 0.68427112 0.43499585]",976,2025-03-03T23:21:56.779442
27,0.8308077014577905,"[[425.71521344 569.37183195 554.33552703 309.57681905]
 [428.25950259 173.58436313 526.4474733  529.76727354]
 [514.88049819 127.28662218 451.9949045  382.94191144]
 [226.48539936 287.78790544 104.30697803 709.38883501]
 [751.51320582  68.33701623 507.63707023 525.90224674]
 [710.20926333 173.95299894 466.79789541 624.19729191]
 [399.26575466 750.22370183 351.0472827  254.38167318]
 [789.514728   104.16078071  36.16792677 234.08363138]
 [541.63416435  84.39328537  16.86608568 111.60456684]
 [423.33624302 714.09158796 234.558956   261.98882514]]","[0.11815018 0.20159982 0.77294504 0.15539536 0.75731197 0.96824793
 0.79656893 0.40782704 0.67024263 0.8659361 ]",977,2025-03-03T23:21:56.785925
16,0.8261945733124669,"[[355.30252926 787.12148433 387.70411646 388.42775357]
 [115.40131839 464.62301591 180.33348483 306.69097755]
 [146.81869516  40.41408787 263.7876441  459.86515696]
 [225.13563602 300.32941178 148.33441002 737.78446838]
 [141.18980202  34.45150259 699.793848   486.37172858]
 [243.47294847 175.22443702 264.92768133  44.83679044]
 [631.8234704   47.94655897 690.45040838 113.69379231]
 [563.73769609 604.66829487 611.2648222  343.31577718]
 [ 30.63991562   2.64153853 586.08990337 226.2329294 ]
 [264.10447639 492.96720799 573.66121996 144.24234841]]","[0.80994594 0.94456482 0.18484358 0.76371733 0.92764594 0.77988467
 0.86760637 0.08926731 0.25440133 0.34157669]",978,2025-03-03T23:21:56.792022
21,0.9083875715257455,"[[481.37090877 783.92761421 607.45924762 692.07287026]
 [681.26081958 589.43423769 296.8173714  262.93601306]
 [347.85607097 140.97537188 427.3814108  578.6043407 ]
 [ 41.28946417 500.7384229  446.56245834  71.999906  ]
 [449.06752615 719.6037077  357.48994769 725.81679552]
 [625.28123352 226.51407595 213.25116821 255.10604337]
 [272.2789233  765.17664653 222.06596921 260.07819185]
 [298.74501323 792.131103   610.77660079 198.82168308]
 [687.56940326   9.90265865 750.37047363 445.56522732]
 [719.95719988 456.00859    438.78678668 393.26146262]]","[0.13421216 0.91529143 0.80767162 0.5250913  0.77268683 0.2742186
 0.53329555 0.30614532 0.68562034 0.78828762]",979,2025-03-03T23:21:56.797115
45,0.8530219566511384,"[[547.18618407 780.56329654 783.62944618 467.09246002]
 [117.50304887 607.00754208 211.10023168 402.19031312]
 [719.44900931  92.25331677 752.95104416 102.04482536]
 [ 33.22228431 153.14360857 432.63517411 514.07830337]
 [308.94052291 408.20028516 791.56204818 491.26273103]
 [640.44217646 279.75521051 726.45890668 360.44285066]
 [624.49321505 722.2495344  702.4643781  315.08530578]
 [728.13041695 473.09512844 520.80081372 417.23472286]
 [732.5053715  786.44023803 526.78688996  20.1785427 ]
 [699.4289127  798.20971368 583.4133302  370.95589409]]","[0.89235713 0.7805885  0.41498503 0.33785265 0.31805313 0.77785273
 0.3522024  0.55721926 0.10585477 0.69799693]",980,2025-03-03T23:21:56.804217
19,0.8820270404275438,"[[742.65063448 250.85307585 410.54416517 260.4762733 ]
 [ 42.42748609 261.47859111 378.62692923 349.73462717]
 [176.95285689 789.03462579 656.62634133 466.21888354]
 [439.48203153 273.52593839 207.88602113 774.73176819]
 [110.70212291 361.72175468  40.88760889 221.49591311]
 [683.14883961  63.48178611 120.39328848 394.27152834]
 [667.93324982 781.86137142 465.59809511 465.6758863 ]
 [662.19899914 336.22033618 722.49411278  69.18254863]
 [300.67710129 642.86581588 697.96574714 733.24706084]
 [105.97363518 329.30388076 473.16011874 679.31993356]]","[0.17272431 0.16045489 0.68329304 0.8361391  0.27365946 0.77413659
 0.67329957 0.20730734 0.9234977  0.24794363]",981,2025-03-03T23:21:56.810272
15,0.9167889106866765,"[[577.02888245 689.23084482 773.13759447  11.21052157]
 [367.2888537  188.63325003 107.97576304 131.71636934]
 [240.10172635 466.26881663 673.77980379 728.58164434]
 [346.96472209 302.20515955 110.57353938 397.17826417]
 [763.23238316 496.34051027 681.63978741 453.68427701]
 [690.19418072 258.78919417 349.7322417  720.55824743]
 [206.77622663   3.37398928 110.6633519  132.77448214]
 [763.46149316 658.71661277 743.50396015 367.88268489]
 [740.25072404 311.06497359 147.22065118 233.20588899]
 [139.41325894 558.37315141 365.5582131  280.11232376]]","[0.30722847 0.88732359 0.59501811 0.09849282 0.35254727 0.8720013
 0.17251397 0.06455752 0.82779387 0.94740133]",982,2025-03-03T23:21:56.817288
16,0.8732684520221432,"[[356.86058543 286.23794381 325.38405119 324.44114304]
 [639.10184795 518.4885915   40.34466704 500.35637387]
 [764.78312    605.03729177 233.57401418 697.84116478]
 [202.24601825 168.00565556 163.04370647  83.19852299]
 [734.73133628 514.17062764 604.02764607 252.792628  ]
 [750.7630457  198.51076516 352.04107653 176.43703404]
 [415.80580996 511.89877884 427.88396167 459.4236435 ]
 [271.18623895 688.14160029 141.35429829 633.00735105]
 [420.43098392 757.47943402 647.41367368  87.51470804]
 [546.25390198 738.08333702 133.01011241 449.36767528]]","[0.42160128 0.17544603 0.34934672 0.54998322 0.1191456  0.29517438
 0.23568915 0.57880605 0.53909716 0.84751419]",983,2025-03-03T23:21:56.823239
50,0.8952931286980378,"[[408.12862999 642.90392436 367.34551144 472.57553966]
 [493.94768776 371.38351484  70.42282161 437.76618776]
 [411.25008307 518.46052842  66.89945313 169.52741007]
 [639.66008215 165.04219929 283.28317761 508.24363819]
 [124.89823032 457.59397045 282.64862979  24.33234359]
 [471.68686275  34.98374255 136.89764549 101.74972562]
 [156.25325329 104.97141826 591.20386299 659.20135724]
 [ 92.16538517 312.13637334 503.09009132 638.22374098]
 [465.02881964 479.67402842 368.59267223  89.82442105]
 [643.04772836 546.90136145  49.22820764 230.11664653]]","[0.85077648 0.8727555  0.21345881 0.06338251 0.82273368 0.67661402
 0.68072081 0.2144327  0.69090775 0.54713548]",984,2025-03-03T23:21:56.829555
20,0.8040025076971039,"[[ 31.04397853  84.83995625 265.57268628 582.61593593]
 [779.06414187 675.69393428 740.76856376 599.74152814]
 [367.82608119 722.43423226 251.87358451 169.72966693]
 [532.03089455 174.93589428 214.85776167 196.12204064]
 [313.89287735 191.86773892 235.57899382  42.88560344]
 [430.07610244 486.2020541   34.39832267 666.91376484]
 [507.4786371  716.76099913 209.32286906 600.1725506 ]
 [584.71035104 530.64656629 538.92172733  45.29584449]
 [625.81221655 488.30918719 336.5462297  527.14389726]
 [366.27116635 613.57846589 739.47773248 344.06477084]]","[0.88464082 0.62777972 0.51078011 0.5360506  0.30914535 0.97906682
 0.67771377 0.03023405 0.50781153 0.44065709]",985,2025-03-03T23:21:56.835731
39,0.8356537778348833,"[[776.5179375  325.47997539 731.57883117 271.3633252 ]
 [310.9891288  131.06832728 476.11379624 714.76606888]
 [160.29900575 627.61111998 752.5564931  422.32262322]
 [407.90402212  38.43236105  32.01350361 138.34450939]
 [ 52.14861461  15.67597755 705.86604538 405.24966055]
 [788.09626683 180.84992863  46.48275131 334.67745634]
 [ 76.83983244 255.82574316 153.84502229  32.15767883]
 [598.58529045 121.46606343 535.72148866 344.974406  ]
 [179.0739261  546.64106469 496.52787844 128.6772835 ]
 [247.73817818 722.75978905 438.626984    96.39397618]]","[0.48529883 0.1170486  0.7296707  0.13341867 0.788093   0.60378135
 0.18351704 0.84323925 0.35479954 0.85719664]",986,2025-03-03T23:21:56.841765
12,0.8029092111431426,"[[ 50.08093142 119.26130232 168.1481196  711.18631189]
 [703.86745612 449.10783254 478.0153154  364.94109019]
 [121.75966168 122.7895982  485.88852559 625.65072137]
 [355.24942795  21.00503743 482.96996283 754.72655838]
 [124.41470815 362.71205574 508.55366289 577.38998758]
 [359.41738407 138.0105383  441.81888751  46.14972969]
 [135.1856457  750.93344685 727.85805737  86.65538336]
 [783.25871914 506.66146793 227.1139985  115.91704072]
 [245.87618043 779.33636538 775.04866105 357.64364035]
 [678.33256633 177.79297544 493.66798046  15.11737229]]","[0.78836811 0.04016022 0.92174579 0.91659926 0.19358133 0.01715669
 0.3333843  0.69440473 0.73463244 0.76480093]",987,2025-03-03T23:21:56.848197
14,0.8290883169010422,"[[680.04078457  20.38350575 484.11977446  99.34277875]
 [552.87945594 528.243484   679.11179273 630.90873205]
 [ 84.44366432 460.30205494 626.64077871 130.86635882]
 [296.61422566 552.19356919 589.66349914 362.44144807]
 [794.45339182 739.0610727  115.59366192 674.26228961]
 [ 80.81275827 684.19513388  28.28060712 463.83451879]
 [320.885426   231.43879006 284.22429334 505.84395313]
 [404.97610482 486.56875168  59.03278124 182.48951522]
 [202.86249542  33.5194919  276.95862671 173.14139026]
 [539.93053768 528.13944112 182.36058826 552.42539873]]","[0.12672095 0.47828453 0.02610293 0.20817674 0.5863992  0.41591791
 0.21942399 0.1885763  0.32926518 0.59998999]",988,2025-03-03T23:21:56.853744
23,0.8449009680765974,"[[441.39900691 724.78103582   6.26550895 515.14948307]
 [631.93475959 436.64766936 510.97699492 334.21157816]
 [149.33852148 475.62679142 367.48006169 177.07484919]
 [285.30377412 784.16430661 502.57397263 150.78892072]
 [360.63759028 441.64959065 546.77917619 582.0008232 ]
 [594.20415211 283.9273391  384.47950866 249.27634799]
 [119.07247849 220.07130538 235.72221584   9.20181169]
 [620.32027443 792.88831764 292.09515359 263.45021178]
 [407.36755771 476.22482504 552.5350409  541.06485249]
 [634.70032081 124.27517915  77.9705209  625.5223875 ]]","[0.95018075 0.66178387 0.98516523 0.89377792 0.94147742 0.26067632
 0.29627049 0.00623426 0.08345106 0.27899947]",989,2025-03-03T23:21:56.859787
40,0.8557876888793907,"[[2.07478019e+02 1.58612942e+01 7.64083157e+02 7.37160620e+02]
 [3.05472588e+02 2.24835062e+02 5.56564885e+02 2.44124774e+02]
 [2.90790167e+02 7.65181993e+02 1.16448272e+02 6.42568037e+02]
 [6.30642168e+02 4.89157937e+02 5.45593378e+02 3.18686681e+02]
 [6.63251688e+02 8.53379951e+01 6.21376731e+01 7.20455967e+02]
 [3.12736584e+02 7.34208653e+02 3.80838193e+01 5.78926501e+02]
 [8.27855577e+01 7.46863568e+02 7.30207203e+02 4.91038942e+02]
 [3.66008254e+02 1.71398900e+02 3.98429718e+02 1.81682542e+02]
 [4.90564645e-01 6.59551752e+02 1.75037628e+02 1.85743915e+02]
 [2.08148033e+02 8.07826874e+01 7.29076914e+02 6.63946252e+02]]","[0.98935482 0.6863197  0.78066989 0.2171557  0.27077712 0.33846755
 0.1770118  0.38006231 0.50786886 0.56753682]",990,2025-03-03T23:21:56.865579
40,0.8565062431185554,"[[3.73003128e+02 5.57419951e+02 5.01148749e+02 4.68194513e+02]
 [1.76114171e+02 3.20522815e+02 4.22446391e+01 7.91782278e+02]
 [3.68716795e+01 7.26528599e+01 3.19766272e+02 4.85432187e+02]
 [4.46397096e+02 1.07694921e+02 5.91460733e+02 5.41869873e+02]
 [1.34257819e+02 1.90857108e+01 4.61354338e+02 1.55063517e+02]
 [1.46737397e+02 4.89977706e+02 6.35517255e+02 4.39345977e+02]
 [7.10953295e+02 1.70885113e+02 1.08702496e+02 3.27148819e+02]
 [7.27792776e+02 1.64250413e+02 3.36113771e+02 1.96461518e+02]
 [8.24693511e+01 5.47998913e-02 6.39074727e+02 3.17923499e+02]
 [6.51142876e+02 5.03953589e+02 2.16206522e+02 8.41912195e+01]]","[0.48808087 0.05549199 0.09488601 0.04057424 0.69812992 0.64598188
 0.9062736  0.94581226 0.33301729 0.77418753]",991,2025-03-03T23:21:56.871322
12,0.9187260366701719,"[[ 49.39733094 291.11266114 795.86127615 762.05579833]
 [360.12054251 290.64651185 159.46073203 721.15016334]
 [376.69211196 100.4126712  333.74410222 105.75657305]
 [298.04501446 789.18355285 670.84765947 750.0668361 ]
 [656.12864285 309.01182009 262.09997407 462.55035005]
 [213.53138118 108.41566279 225.26737509 798.63309242]
 [752.23684156 344.30990742 450.54547559 385.32329836]
 [450.17066516 693.79951687 772.55917157 708.95898942]
 [345.00264188 725.15514834 655.64498424 640.63522495]
 [153.07525445 224.92761663 366.05676968 745.63628789]]","[0.27291827 0.12256128 0.15603236 0.6267025  0.86132461 0.20326021
 0.40983799 0.03596393 0.14353963 0.25753941]",992,2025-03-03T23:21:56.877875
39,0.8555967899061995,"[[436.33576459 401.40212269 643.13578132 172.61306802]
 [336.46429409  85.39277331 660.46392763 427.85754781]
 [796.66042611 118.11214898 658.50303859  59.92061157]
 [607.32601104 604.76666946 341.82041455 596.17737208]
 [ 53.66135849 739.5125249  511.01027499 763.2990575 ]
 [660.25822732 613.6570334  681.82507312 397.99845433]
 [309.49629145  26.3745919    3.910202   631.47008244]
 [341.66493575 319.42178897 730.31931583 677.03802621]
 [ 62.86305959 761.88073607 594.74937907 371.72906102]
 [459.17506403 383.68714463 138.2347708  282.42037876]]","[0.36518539 0.31378335 0.19600768 0.84199391 0.45380443 0.00680907
 0.10018162 0.58344173 0.73099728 0.22021849]",993,2025-03-03T23:21:56.883994
23,0.8406460601446458,"[[548.59382045 793.80631202 786.1219843  199.09314543]
 [448.5286275  600.36584258 669.2030949  350.78924207]
 [ 71.79789792 768.89366014 527.15668836 128.80616025]
 [182.57268678 528.16591123 495.38330238 105.46089078]
 [202.6299668  728.18170009 707.64261301 330.17503252]
 [618.34266814 660.40199679 620.82939814 289.84648562]
 [488.42191676 755.92015329 782.41829272 287.67531929]
 [211.81845737 488.7023387  771.11457914 624.41072474]
 [ 79.09957542 505.78005712  75.95116273  81.20194354]
 [230.80306232 577.09187563 382.47977383  92.94925291]]","[0.45353587 0.52899147 0.38650342 0.07399819 0.56282227 0.48152197
 0.05244806 0.98358266 0.83409571 0.11267037]",994,2025-03-03T23:21:56.889121
18,0.8543315898923887,"[[327.63236911 469.0100537  706.73540001  47.15655627]
 [291.2222461   62.97541415 279.17064276 710.41174549]
 [670.12995089 615.55977081 546.58012279 745.22419505]
 [775.21332556 230.14239769 698.88211723 767.86402166]
 [447.38264514 777.87987999 177.95744353  30.3029031 ]
 [523.35262455 604.11691141 763.48599515 741.57744232]
 [663.00733237 782.99466729 343.05938999 444.18163174]
 [286.68841251 224.90392669   6.44369318 791.43010511]
 [439.46514257 393.88891003 123.53382855 379.46438497]
 [666.57743187 349.0464418  292.53847965 639.88680959]]","[0.63930667 0.80376981 0.05278768 0.37082675 0.6175949  0.02331724
 0.78250531 0.19982193 0.7692615  0.39219249]",995,2025-03-03T23:21:56.895283
41,0.8412121801805461,"[[444.38601338 597.93699957 658.38611842 748.1375897 ]
 [139.33922965 212.41511696 270.56360816 630.86089795]
 [173.11566107  21.22190739 650.77991089 278.32262493]
 [ 37.53972402 678.47974942 699.67953817 305.95784301]
 [636.65723686 288.14147061 629.49685501 744.00772703]
 [ 53.81127793 341.50737395 154.12964399 186.73503514]
 [499.43408649 604.5930481  629.39977229 363.60083578]
 [599.44001097 350.20883969 137.94691326 138.00891722]
 [157.89244067 784.68844008 544.21329495 721.7105819 ]
 [495.77218174 487.50702167 457.95784966 211.70008123]]","[0.03139884 0.61603035 0.68946657 0.39061436 0.73186855 0.10638131
 0.84364451 0.85881985 0.88548468 0.06833198]",996,2025-03-03T23:21:56.901139
22,0.9078167561641594,"[[271.88449469 729.01875918 787.74282222 196.6201188 ]
 [320.15336365 239.0299248  670.91053131 273.91866652]
 [ 55.44135766 732.09083565 669.23188791 479.1547281 ]
 [657.74988775 439.07800178  37.63947556 292.33525402]
 [577.61528736  71.71064894 620.32688377 661.79713484]
 [245.47003671 290.26105816 298.82047525 489.13318755]
 [548.37045714 678.204424   776.57510003 276.13085051]
 [ 57.31268194 785.10475116 608.64106738 646.82359063]
 [260.00121867 237.50703566 379.61331018 592.50636187]
 [780.13246991 230.99279884 739.95791643 474.65693174]]","[0.72582653 0.91218878 0.14205535 0.40757094 0.25372059 0.19784009
 0.73974367 0.29448365 0.75589424 0.37885428]",997,2025-03-03T23:21:56.906670
17,0.8205266599269853,"[[ 10.24260539  67.47942557 300.59184035 557.67692021]
 [521.6517513  357.10772826 113.94965622 694.33219963]
 [117.75508909 299.06365121 259.56270378 185.18240908]
 [369.97547358 592.98006462  15.2462113  788.97450516]
 [475.66462231 271.59863754 750.84152067  70.60729508]
 [557.98335355  11.91309718 194.86401553   9.85504892]
 [773.50943089 685.35237946 384.12124527  79.14004177]
 [145.61981761 329.02158951 577.3980544  534.74814415]
 [770.22194465 271.70595079 327.27779381  86.40601304]
 [378.86841252 261.81520961 343.13784342 737.13341825]]","[0.09373402 0.57532694 0.11887794 0.83453267 0.35686171 0.33235192
 0.60200048 0.51606778 0.33144818 0.14332227]",998,2025-03-03T23:21:56.912834
12,0.9249620643783403,"[[566.00470185 654.8350365   77.81152543 425.58215745]
 [531.98768358 148.55428895 211.09541201 683.16176591]
 [630.0897858  344.64388958 588.90755253 739.63666393]
 [641.35135683 713.90636602 207.02005717 606.28641639]
 [531.44422273 460.38351082 603.6092687  374.76634471]
 [115.2027911  193.53919281 705.81313073 760.48273444]
 [361.04474703 524.20874569 307.00259721 376.27672348]
 [727.85296232 592.96052529 512.87646664 469.83031083]
 [ 37.23150369  81.58266397 781.25212273 487.05591478]
 [775.89263101 183.72915842 527.74481061 549.79768034]]","[0.71195493 0.53543519 0.44287872 0.16105521 0.12497931 0.5786872
 0.27600523 0.59149253 0.59053152 0.07863942]",999,2025-03-03T23:21:56.919317
42,0.8638790553355109,"[[1.51031495e+02 6.95738314e+02 9.72074058e-01 4.60066106e+02]
 [4.37804889e+02 6.33871335e+02 4.45538594e+02 5.25843709e+02]
 [1.46061266e+02 5.38976739e+01 5.62627928e+02 7.41268931e+02]
 [6.56482753e+02 1.09569119e+02 5.50859603e+02 2.13305123e-01]
 [7.25714253e+02 5.84269297e+01 8.63369918e+01 3.62085935e+02]
 [1.01686106e+02 7.23171032e+00 7.45007395e+02 5.52490398e+01]
 [7.12903739e+02 3.59156700e+01 4.21008821e+01 1.80133966e+02]
 [5.41111594e+02 4.57987039e+02 5.55846375e+02 6.50497420e+02]
 [3.32470266e+02 6.39070244e+02 2.36709629e+02 3.13040334e+02]
 [6.71386350e+02 4.01671219e+02 6.69415446e+02 6.43699332e+02]]","[0.33963528 0.33208127 0.16977291 0.45034509 0.22700674 0.43002923
 0.36811011 0.01759343 0.63574182 0.671487  ]",1000,2025-03-03T23:21:56.924892
