2025-03-08 00:08:36,858 - __main__ - INFO - Logging initialized
2025-03-08 00:08:36,861 - app.utils.path_manager - INFO - Application directories created successfully
2025-03-08 00:08:36,861 - __main__ - INFO - Application directories created
2025-03-08 00:08:36,861 - app.utils.config - INFO - Loading configuration
2025-03-08 00:08:36,864 - app.utils.config - INFO - Configuration loaded from file
2025-03-08 00:08:36,865 - app.utils.config - INFO - Loading configuration
2025-03-08 00:08:36,867 - app.utils.config - INFO - Configuration loaded from file
2025-03-08 00:08:36,867 - __main__ - INFO - Configuration initialized
2025-03-08 00:08:36,988 - app.utils.i18n - INFO - Loading translations
2025-03-08 00:08:36,992 - app.utils.i18n - INFO - Loaded 8 translations for en
2025-03-08 00:08:36,992 - app.utils.i18n - INFO - Loaded 8 translations for zh_CN
2025-03-08 00:08:36,992 - app.utils.i18n - INFO - Total loaded translations: 16
2025-03-08 00:08:36,994 - app.utils.i18n - INFO - Available locales: ['en', 'zh_CN']
2025-03-08 00:08:36,995 - app.utils.i18n - INFO - Set locale to en
2025-03-08 00:08:36,996 - app.utils.i18n - INFO - === Translation Status ===
2025-03-08 00:08:36,997 - app.utils.i18n - INFO - Current locale: en
2025-03-08 00:08:36,997 - app.utils.i18n - INFO - Available locales: ['en', 'zh_CN']
2025-03-08 00:08:36,998 - app.utils.i18n - INFO - Initialized: False
2025-03-08 00:08:36,999 - app.utils.i18n - INFO - Loaded strings for current locale: 8
2025-03-08 00:08:36,999 - app.utils.i18n - INFO - =====================
2025-03-08 00:08:36,999 - app.utils.i18n - INFO - Translations initialized successfully
2025-03-08 00:08:37,022 - __main__ - INFO - Loading theme from: c:\Users\ETPau\Documents\GitHub\CNN-\app\resources\themes\py_onedark.qss
2025-03-08 00:08:37,024 - __main__ - INFO - Theme applied successfully
2025-03-08 00:08:37,024 - __main__ - INFO - Creating main window...
2025-03-08 00:08:37,028 - app.gui.main_window - INFO - Initializing MainWindow
2025-03-08 00:08:37,033 - app.gui.image_list_widget - INFO - Initializing ImageBrowser
2025-03-08 00:08:37,037 - app.gui.image_list_widget - INFO - Preview label initialized
2025-03-08 00:08:37,038 - app.gui.image_list_widget - INFO - btn_import created
2025-03-08 00:08:37,039 - app.gui.image_list_widget - INFO - btn_remove created
2025-03-08 00:08:37,040 - app.gui.image_list_widget - INFO - btn_clear created
2025-03-08 00:08:37,040 - app.gui.image_list_widget - INFO - Buttons created
2025-03-08 00:08:37,040 - app.gui.image_list_widget - INFO - Setting up ImageBrowser UI
2025-03-08 00:08:37,041 - app.gui.image_list_widget - INFO - QHBoxLayout created
2025-03-08 00:08:37,042 - app.gui.image_list_widget - INFO - QVBoxLayout created
2025-03-08 00:08:37,044 - app.gui.image_list_widget - INFO - btn_import added
2025-03-08 00:08:37,045 - app.gui.image_list_widget - INFO - btn_remove added
2025-03-08 00:08:37,045 - app.gui.image_list_widget - INFO - btn_clear added
2025-03-08 00:08:37,045 - app.gui.image_list_widget - INFO - list_widget added
2025-03-08 00:08:37,047 - app.gui.image_list_widget - INFO - Left panel added to layout
2025-03-08 00:08:37,047 - app.gui.image_list_widget - INFO - Preview label added to layout
2025-03-08 00:08:37,049 - app.gui.image_list_widget - INFO - Layout set
2025-03-08 00:08:37,050 - app.gui.image_list_widget - INFO - Button states updated
2025-03-08 00:08:37,050 - app.gui.image_list_widget - INFO - UI setup complete
2025-03-08 00:08:37,051 - app.gui.image_list_widget - INFO - Signals connected
2025-03-08 00:08:37,052 - app.gui.image_list_widget - INFO - ImageBrowser initialization complete
2025-03-08 00:08:37,052 - app.gui.result_visualizer - INFO - Initializing ResultVisualizer
2025-03-08 00:08:37,055 - app.gui.result_visualizer - INFO - ResultVisualizer initialization complete
2025-03-08 00:08:37,169 - app.gui.main_window - INFO - MainWindow initialization complete
2025-03-08 00:08:37,169 - __main__ - INFO - Main window created successfully
2025-03-08 00:08:38,325 - __main__ - INFO - Main window shown
2025-03-08 00:08:42,074 - app.gui.about_dialog - INFO - Initializing AboutDialog
2025-03-08 00:08:42,097 - app.gui.about_dialog - INFO - AboutDialog initialization complete
2025-03-08 00:13:14,742 - __main__ - INFO - Logging initialized
2025-03-08 00:13:14,759 - app.utils.path_manager - INFO - Application directories created successfully
2025-03-08 00:13:14,759 - __main__ - INFO - Application directories created
2025-03-08 00:13:14,760 - app.utils.config - INFO - Loading configuration
2025-03-08 00:13:14,761 - app.utils.config - INFO - Configuration loaded from file
2025-03-08 00:13:14,761 - app.utils.config - INFO - Loading configuration
2025-03-08 00:13:14,764 - app.utils.config - INFO - Configuration loaded from file
2025-03-08 00:13:14,766 - __main__ - INFO - Configuration initialized
2025-03-08 00:13:14,860 - app.utils.i18n - INFO - Loading translations
2025-03-08 00:13:14,863 - app.utils.i18n - INFO - Loaded 8 translations for en
2025-03-08 00:13:14,864 - app.utils.i18n - INFO - Loaded 8 translations for zh_CN
2025-03-08 00:13:14,864 - app.utils.i18n - INFO - Total loaded translations: 16
2025-03-08 00:13:14,864 - app.utils.i18n - INFO - Available locales: ['en', 'zh_CN']
2025-03-08 00:13:14,865 - app.utils.i18n - INFO - Set locale to en
2025-03-08 00:13:14,866 - app.utils.i18n - INFO - === Translation Status ===
2025-03-08 00:13:14,866 - app.utils.i18n - INFO - Current locale: en
2025-03-08 00:13:14,867 - app.utils.i18n - INFO - Available locales: ['en', 'zh_CN']
2025-03-08 00:13:14,867 - app.utils.i18n - INFO - Initialized: False
2025-03-08 00:13:14,868 - app.utils.i18n - INFO - Loaded strings for current locale: 8
2025-03-08 00:13:14,868 - app.utils.i18n - INFO - =====================
2025-03-08 00:13:14,869 - app.utils.i18n - INFO - Translations initialized successfully
2025-03-08 00:13:14,890 - __main__ - INFO - Loading theme from: c:\Users\ETPau\Documents\GitHub\CNN-\app\resources\themes\py_onedark.qss
2025-03-08 00:13:14,891 - __main__ - INFO - Theme applied successfully
2025-03-08 00:13:14,892 - __main__ - INFO - Creating main window...
2025-03-08 00:13:14,894 - app.gui.main_window - INFO - Initializing MainWindow
2025-03-08 00:13:14,897 - app.gui.image_list_widget - INFO - Initializing ImageBrowser
2025-03-08 00:13:14,898 - app.gui.image_list_widget - INFO - Preview label initialized
2025-03-08 00:13:14,899 - app.gui.image_list_widget - INFO - btn_import created
2025-03-08 00:13:14,900 - app.gui.image_list_widget - INFO - btn_remove created
2025-03-08 00:13:14,900 - app.gui.image_list_widget - INFO - btn_clear created
2025-03-08 00:13:14,902 - app.gui.image_list_widget - INFO - Buttons created
2025-03-08 00:13:14,903 - app.gui.image_list_widget - INFO - Setting up ImageBrowser UI
2025-03-08 00:13:14,903 - app.gui.image_list_widget - INFO - QHBoxLayout created
2025-03-08 00:13:14,904 - app.gui.image_list_widget - INFO - QVBoxLayout created
2025-03-08 00:13:14,904 - app.gui.image_list_widget - INFO - btn_import added
2025-03-08 00:13:14,905 - app.gui.image_list_widget - INFO - btn_remove added
2025-03-08 00:13:14,905 - app.gui.image_list_widget - INFO - btn_clear added
2025-03-08 00:13:14,906 - app.gui.image_list_widget - INFO - list_widget added
2025-03-08 00:13:14,908 - app.gui.image_list_widget - INFO - Left panel added to layout
2025-03-08 00:13:14,909 - app.gui.image_list_widget - INFO - Preview label added to layout
2025-03-08 00:13:14,911 - app.gui.image_list_widget - INFO - Layout set
2025-03-08 00:13:14,912 - app.gui.image_list_widget - INFO - Button states updated
2025-03-08 00:13:14,912 - app.gui.image_list_widget - INFO - UI setup complete
2025-03-08 00:13:14,913 - app.gui.image_list_widget - INFO - Signals connected
2025-03-08 00:13:14,914 - app.gui.image_list_widget - INFO - ImageBrowser initialization complete
2025-03-08 00:13:14,915 - app.gui.result_visualizer - INFO - Initializing ResultVisualizer
2025-03-08 00:13:14,917 - app.gui.result_visualizer - INFO - ResultVisualizer initialization complete
2025-03-08 00:13:14,984 - app.gui.main_window - INFO - MainWindow initialization complete
2025-03-08 00:13:14,985 - __main__ - INFO - Main window created successfully
2025-03-08 00:13:15,433 - __main__ - INFO - Main window shown
2025-03-08 00:13:18,248 - app.gui.about_dialog - INFO - Initializing AboutDialog
2025-03-08 00:13:18,270 - app.gui.about_dialog - INFO - AboutDialog initialization complete
2025-03-08 12:45:35,006 - __main__ - INFO - Logging initialized
2025-03-08 12:45:35,080 - __main__ - INFO - Application started: Colony Detection 1.0.0
2025-03-08 12:45:35,080 - __main__ - INFO - Platform: win32, Python: 3.11.0 (main, Oct 24 2022, 18:26:48) [MSC v.1933 64 bit (AMD64)]
2025-03-08 12:45:35,084 - app.utils.path_manager - INFO - Application directories created successfully
2025-03-08 12:45:35,084 - __main__ - INFO - Application directories created
2025-03-08 12:45:35,086 - app.utils.config - INFO - Configuration loaded successfully
2025-03-08 12:45:35,087 - app.utils.config - INFO - Configuration loaded successfully
2025-03-08 12:45:35,088 - __main__ - INFO - Configuration initialized: {'default_path': 'C:\\Users\\ETPau/Desktop/MicroAI_Detect', 'export_formats': ['json', 'csv', 'xlsx'], 'analysis_iterations': 100, 'language': 'zh', 'theme': 'light'}
2025-03-08 12:45:35,088 - app.utils.i18n - INFO - Loading translations
2025-03-08 12:45:35,090 - app.utils.i18n - INFO - Loaded 8 translations for en
2025-03-08 12:45:35,092 - app.utils.i18n - INFO - Loaded 8 translations for zh_CN
2025-03-08 12:45:35,092 - app.utils.i18n - INFO - Total loaded translations: 16
2025-03-08 12:45:35,092 - app.utils.i18n - INFO - Available locales: ['en', 'zh_CN']
2025-03-08 12:45:35,093 - app.utils.i18n - INFO - Set locale to en
2025-03-08 12:45:35,093 - app.utils.i18n - INFO - === Translation Status ===
2025-03-08 12:45:35,095 - app.utils.i18n - INFO - Current locale: en
2025-03-08 12:45:35,095 - app.utils.i18n - INFO - Available locales: ['en', 'zh_CN']
2025-03-08 12:45:35,095 - app.utils.i18n - INFO - Initialized: False
2025-03-08 12:45:35,095 - app.utils.i18n - INFO - Loaded strings for current locale: 8
2025-03-08 12:45:35,096 - app.utils.i18n - INFO - =====================
2025-03-08 12:45:35,096 - app.utils.i18n - INFO - Translations initialized successfully
2025-03-08 12:45:35,096 - __main__ - INFO - Translations initialized. Current locale: en
2025-03-08 12:45:35,112 - __main__ - INFO - Theme applied successfully
2025-03-08 12:45:35,113 - __main__ - INFO - Creating main window...
2025-03-08 12:45:35,115 - app.gui.main_window - INFO - Initializing MainWindow
2025-03-08 12:45:35,119 - app.gui.image_list_widget - INFO - Initializing ImageBrowser
2025-03-08 12:45:35,120 - app.gui.image_list_widget - INFO - Preview label initialized
2025-03-08 12:45:35,120 - app.gui.image_list_widget - INFO - btn_import created
2025-03-08 12:45:35,121 - app.gui.image_list_widget - INFO - btn_remove created
2025-03-08 12:45:35,122 - app.gui.image_list_widget - INFO - btn_clear created
2025-03-08 12:45:35,122 - app.gui.image_list_widget - INFO - Buttons created
2025-03-08 12:45:35,123 - app.gui.image_list_widget - INFO - Setting up ImageBrowser UI
2025-03-08 12:45:35,123 - app.gui.image_list_widget - INFO - QHBoxLayout created
2025-03-08 12:45:35,124 - app.gui.image_list_widget - INFO - Button group created
2025-03-08 12:45:35,125 - app.gui.image_list_widget - INFO - List group created
2025-03-08 12:45:35,126 - app.gui.image_list_widget - INFO - QVBoxLayout created
2025-03-08 12:45:35,126 - app.gui.image_list_widget - INFO - Groups added to left panel
2025-03-08 12:45:35,129 - app.gui.image_list_widget - INFO - Left panel added to layout
2025-03-08 12:45:35,130 - app.gui.image_list_widget - INFO - Preview group added to layout
2025-03-08 12:45:35,130 - app.gui.image_list_widget - INFO - Layout set
2025-03-08 12:45:35,132 - app.gui.image_list_widget - INFO - Button states updated
2025-03-08 12:45:35,132 - app.gui.image_list_widget - INFO - UI setup complete
2025-03-08 12:45:35,134 - app.gui.image_list_widget - INFO - Signals connected
2025-03-08 12:45:35,134 - app.gui.image_list_widget - INFO - ImageBrowser initialization complete
2025-03-08 12:45:35,173 - app.gui.result_visualizer - INFO - Initializing ResultVisualizer
2025-03-08 12:45:35,179 - app.gui.result_visualizer - INFO - ResultVisualizer initialization complete
2025-03-08 12:45:35,291 - app.gui.main_window - INFO - MainWindow initialization complete
2025-03-08 12:45:35,556 - __main__ - INFO - Main window initialized and shown
2025-03-08 12:46:23,354 - app.gui.settings_dialog - INFO - Initializing SettingsDialog
2025-03-08 12:46:23,359 - app.gui.settings_dialog - INFO - SettingsDialog initialization complete
2025-03-08 12:47:38,187 - app.gui.settings_dialog - INFO - Initializing SettingsDialog
2025-03-08 12:47:38,190 - app.gui.settings_dialog - INFO - SettingsDialog initialization complete
2025-03-08 12:48:55,396 - __main__ - INFO - Logging initialized
2025-03-08 12:48:55,436 - __main__ - INFO - Application started: Colony Detection 1.0.0
2025-03-08 12:48:55,436 - __main__ - INFO - Platform: win32, Python: 3.11.0 (main, Oct 24 2022, 18:26:48) [MSC v.1933 64 bit (AMD64)]
2025-03-08 12:48:55,440 - __main__ - INFO - Using font: Microsoft YaHei
2025-03-08 12:48:55,441 - app.utils.path_manager - INFO - Application directories created successfully
2025-03-08 12:48:55,441 - __main__ - INFO - Application directories created
2025-03-08 12:48:55,442 - app.utils.config - INFO - Configuration loaded successfully
2025-03-08 12:48:55,443 - app.utils.config - INFO - Configuration loaded successfully
2025-03-08 12:48:55,443 - __main__ - INFO - Configuration initialized: {'default_path': 'C:\\Users\\ETPau/Desktop/MicroAI_Detect', 'export_formats': ['json', 'csv', 'xlsx'], 'analysis_iterations': 100, 'language': 'zh', 'theme': 'light'}
2025-03-08 12:48:55,443 - app.utils.i18n - INFO - Loading translations
2025-03-08 12:48:55,445 - app.utils.i18n - INFO - Loaded 8 translations for en
2025-03-08 12:48:55,445 - app.utils.i18n - INFO - Loaded 8 translations for zh_CN
2025-03-08 12:48:55,445 - app.utils.i18n - INFO - Total loaded translations: 16
2025-03-08 12:48:55,445 - app.utils.i18n - INFO - Available locales: ['en', 'zh_CN']
2025-03-08 12:48:55,445 - app.utils.i18n - INFO - Set locale to en
2025-03-08 12:48:55,446 - app.utils.i18n - INFO - === Translation Status ===
2025-03-08 12:48:55,446 - app.utils.i18n - INFO - Current locale: en
2025-03-08 12:48:55,446 - app.utils.i18n - INFO - Available locales: ['en', 'zh_CN']
2025-03-08 12:48:55,446 - app.utils.i18n - INFO - Initialized: False
2025-03-08 12:48:55,447 - app.utils.i18n - INFO - Loaded strings for current locale: 8
2025-03-08 12:48:55,447 - app.utils.i18n - INFO - =====================
2025-03-08 12:48:55,447 - app.utils.i18n - INFO - Translations initialized successfully
2025-03-08 12:48:55,447 - __main__ - INFO - Translations initialized. Current locale: en
2025-03-08 12:48:55,456 - __main__ - INFO - Theme applied successfully
2025-03-08 12:48:55,457 - __main__ - INFO - Creating main window...
2025-03-08 12:48:55,459 - app.gui.main_window - INFO - Initializing MainWindow
2025-03-08 12:48:55,463 - app.gui.image_list_widget - INFO - Initializing ImageBrowser
2025-03-08 12:48:55,464 - app.gui.image_list_widget - INFO - Preview label initialized
2025-03-08 12:48:55,465 - app.gui.image_list_widget - INFO - btn_import created
2025-03-08 12:48:55,465 - app.gui.image_list_widget - INFO - btn_remove created
2025-03-08 12:48:55,466 - app.gui.image_list_widget - INFO - btn_clear created
2025-03-08 12:48:55,466 - app.gui.image_list_widget - INFO - Buttons created
2025-03-08 12:48:55,466 - app.gui.image_list_widget - INFO - Setting up ImageBrowser UI
2025-03-08 12:48:55,466 - app.gui.image_list_widget - INFO - QHBoxLayout created
2025-03-08 12:48:55,467 - app.gui.image_list_widget - INFO - Button group created
2025-03-08 12:48:55,468 - app.gui.image_list_widget - INFO - List group created
2025-03-08 12:48:55,468 - app.gui.image_list_widget - INFO - QVBoxLayout created
2025-03-08 12:48:55,468 - app.gui.image_list_widget - INFO - Groups added to left panel
2025-03-08 12:48:55,470 - app.gui.image_list_widget - INFO - Left panel added to layout
2025-03-08 12:48:55,470 - app.gui.image_list_widget - INFO - Preview group added to layout
2025-03-08 12:48:55,471 - app.gui.image_list_widget - INFO - Layout set
2025-03-08 12:48:55,471 - app.gui.image_list_widget - INFO - Button states updated
2025-03-08 12:48:55,471 - app.gui.image_list_widget - INFO - UI setup complete
2025-03-08 12:48:55,472 - app.gui.image_list_widget - INFO - Signals connected
2025-03-08 12:48:55,472 - app.gui.image_list_widget - INFO - ImageBrowser initialization complete
2025-03-08 12:48:55,481 - app.gui.result_visualizer - INFO - Initializing ResultVisualizer
2025-03-08 12:48:55,484 - app.gui.result_visualizer - INFO - ResultVisualizer initialization complete
2025-03-08 12:48:55,530 - app.gui.main_window - INFO - MainWindow initialization complete
2025-03-08 12:48:55,682 - __main__ - INFO - Main window initialized and shown
2025-03-08 12:51:23,672 - __main__ - INFO - Logging initialized
2025-03-08 12:51:23,710 - __main__ - INFO - Application started: Colony Detection 1.0.0
2025-03-08 12:51:23,710 - __main__ - INFO - Platform: win32, Python: 3.11.0 (main, Oct 24 2022, 18:26:48) [MSC v.1933 64 bit (AMD64)]
2025-03-08 12:51:23,711 - __main__ - INFO - Using font: Microsoft YaHei UI
2025-03-08 12:51:23,711 - app.utils.path_manager - INFO - Application directories created successfully
2025-03-08 12:51:23,711 - __main__ - INFO - Application directories created
2025-03-08 12:51:23,713 - app.utils.config - INFO - Configuration loaded successfully
2025-03-08 12:51:23,713 - app.utils.config - INFO - Configuration loaded successfully
2025-03-08 12:51:23,714 - __main__ - INFO - Configuration initialized
2025-03-08 12:51:23,714 - app.utils.i18n - INFO - Loading translations
2025-03-08 12:51:23,715 - app.utils.i18n - INFO - Loaded 8 translations for en
2025-03-08 12:51:23,715 - app.utils.i18n - INFO - Loaded 8 translations for zh_CN
2025-03-08 12:51:23,716 - app.utils.i18n - INFO - Total loaded translations: 16
2025-03-08 12:51:23,716 - app.utils.i18n - INFO - Available locales: ['en', 'zh_CN']
2025-03-08 12:51:23,716 - app.utils.i18n - INFO - Set locale to en
2025-03-08 12:51:23,716 - app.utils.i18n - INFO - === Translation Status ===
2025-03-08 12:51:23,717 - app.utils.i18n - INFO - Current locale: en
2025-03-08 12:51:23,717 - app.utils.i18n - INFO - Available locales: ['en', 'zh_CN']
2025-03-08 12:51:23,717 - app.utils.i18n - INFO - Initialized: False
2025-03-08 12:51:23,717 - app.utils.i18n - INFO - Loaded strings for current locale: 8
2025-03-08 12:51:23,717 - app.utils.i18n - INFO - =====================
2025-03-08 12:51:23,717 - app.utils.i18n - INFO - Translations initialized successfully
2025-03-08 12:51:23,717 - __main__ - INFO - Translations initialized. Current locale: en
2025-03-08 12:51:23,727 - __main__ - INFO - Theme applied successfully
2025-03-08 12:51:23,727 - __main__ - INFO - Creating main window...
2025-03-08 12:51:23,728 - app.gui.main_window - INFO - Initializing MainWindow
2025-03-08 12:51:23,729 - app.gui.image_list_widget - INFO - Initializing ImageBrowser
2025-03-08 12:51:23,731 - app.gui.image_list_widget - INFO - Preview label initialized
2025-03-08 12:51:23,731 - app.gui.image_list_widget - INFO - btn_import created
2025-03-08 12:51:23,731 - app.gui.image_list_widget - INFO - btn_remove created
2025-03-08 12:51:23,731 - app.gui.image_list_widget - INFO - btn_clear created
2025-03-08 12:51:23,731 - app.gui.image_list_widget - INFO - Buttons created
2025-03-08 12:51:23,733 - app.gui.image_list_widget - INFO - Setting up ImageBrowser UI
2025-03-08 12:51:23,733 - app.gui.image_list_widget - INFO - QHBoxLayout created
2025-03-08 12:51:23,734 - app.gui.image_list_widget - INFO - Button group created
2025-03-08 12:51:23,735 - app.gui.image_list_widget - INFO - List group created
2025-03-08 12:51:23,735 - app.gui.image_list_widget - INFO - QVBoxLayout created
2025-03-08 12:51:23,735 - app.gui.image_list_widget - INFO - Groups added to left panel
2025-03-08 12:51:23,736 - app.gui.image_list_widget - INFO - Left panel added to layout
2025-03-08 12:51:23,736 - app.gui.image_list_widget - INFO - Preview group added to layout
2025-03-08 12:51:23,736 - app.gui.image_list_widget - INFO - Layout set
2025-03-08 12:51:23,737 - app.gui.image_list_widget - INFO - Button states updated
2025-03-08 12:51:23,737 - app.gui.image_list_widget - INFO - UI setup complete
2025-03-08 12:51:23,737 - app.gui.image_list_widget - INFO - Signals connected
2025-03-08 12:51:23,738 - app.gui.image_list_widget - INFO - ImageBrowser initialization complete
2025-03-08 12:51:23,746 - app.gui.result_visualizer - INFO - Initializing ResultVisualizer
2025-03-08 12:51:23,748 - app.gui.result_visualizer - INFO - ResultVisualizer initialization complete
2025-03-08 12:51:23,788 - app.gui.main_window - INFO - MainWindow initialization complete
2025-03-08 12:51:23,957 - __main__ - INFO - Main window initialized and shown
2025-03-08 12:51:38,457 - app.gui.settings_dialog - INFO - Initializing SettingsDialog
2025-03-08 12:51:38,466 - app.gui.settings_dialog - INFO - SettingsDialog initialization complete
2025-03-08 12:52:00,175 - app.utils.config - INFO - Configuration saved successfully
2025-03-08 12:52:00,175 - app.utils.config - INFO - Configuration updated: default_path = C:\Users\ETPau/Desktop/MicroAI_Detect
2025-03-08 12:52:00,178 - app.utils.config - INFO - Configuration saved successfully
2025-03-08 12:52:00,178 - app.utils.config - INFO - Configuration updated: export_formats = ['json', 'csv', 'xlsx']
2025-03-08 12:52:00,179 - app.utils.config - INFO - Configuration saved successfully
2025-03-08 12:52:00,179 - app.utils.config - INFO - Configuration updated: analysis_iterations = 100
2025-03-08 12:52:00,180 - app.utils.config - INFO - Configuration saved successfully
2025-03-08 12:52:00,180 - app.utils.config - INFO - Configuration updated: window.maximized = False
2025-03-08 12:52:00,194 - app.utils.config - INFO - Configuration saved successfully
2025-03-08 13:03:06,245 - __main__ - INFO - Logging initialized
2025-03-08 13:03:06,399 - __main__ - INFO - Application started: MicroAI-Colony 1.0.0
2025-03-08 13:03:06,400 - __main__ - INFO - Platform: win32, Python: 3.11.0 (main, Oct 24 2022, 18:26:48) [MSC v.1933 64 bit (AMD64)]
2025-03-08 13:03:06,402 - __main__ - INFO - Using font: Microsoft YaHei UI
2025-03-08 13:03:06,405 - app.utils.path_manager - INFO - Application directories created successfully
2025-03-08 13:03:06,406 - __main__ - INFO - Application directories created
2025-03-08 13:03:06,407 - app.utils.config - INFO - Configuration loaded successfully
2025-03-08 13:03:06,408 - app.utils.config - INFO - Configuration loaded successfully
2025-03-08 13:03:06,409 - __main__ - INFO - Configuration initialized
2025-03-08 13:03:06,410 - app.utils.i18n - INFO - Loading translations
2025-03-08 13:03:06,411 - app.utils.i18n - INFO - Loaded 76 translations for en
2025-03-08 13:03:06,412 - app.utils.i18n - INFO - Loaded 76 translations for zh_CN
2025-03-08 13:03:06,412 - app.utils.i18n - INFO - Total loaded translations: 152
2025-03-08 13:03:06,412 - app.utils.i18n - INFO - Available locales: ['en', 'zh_CN']
2025-03-08 13:03:06,414 - app.utils.i18n - INFO - Using system locale: zh_CN
2025-03-08 13:03:06,414 - app.utils.i18n - INFO - === Translation Status ===
2025-03-08 13:03:06,414 - app.utils.i18n - INFO - Current locale: zh_CN
2025-03-08 13:03:06,414 - app.utils.i18n - INFO - Available locales: ['en', 'zh_CN']
2025-03-08 13:03:06,415 - app.utils.i18n - INFO - Initialized: True
2025-03-08 13:03:06,415 - app.utils.i18n - INFO - Loaded strings for current locale: 76
2025-03-08 13:03:06,415 - app.utils.i18n - INFO - =====================
2025-03-08 13:03:06,416 - app.utils.i18n - INFO - Loading translations
2025-03-08 13:03:06,417 - app.utils.i18n - INFO - Loaded 76 translations for en
2025-03-08 13:03:06,418 - app.utils.i18n - INFO - Loaded 76 translations for zh_CN
2025-03-08 13:03:06,419 - app.utils.i18n - INFO - Total loaded translations: 152
2025-03-08 13:03:06,419 - app.utils.i18n - INFO - Available locales: ['en', 'zh_CN']
2025-03-08 13:03:06,419 - app.utils.i18n - INFO - Using system locale: zh_CN
2025-03-08 13:03:06,421 - app.utils.i18n - INFO - === Translation Status ===
2025-03-08 13:03:06,421 - app.utils.i18n - INFO - Current locale: zh_CN
2025-03-08 13:03:06,421 - app.utils.i18n - INFO - Available locales: ['en', 'zh_CN']
2025-03-08 13:03:06,422 - app.utils.i18n - INFO - Initialized: True
2025-03-08 13:03:06,422 - app.utils.i18n - INFO - Loaded strings for current locale: 76
2025-03-08 13:03:06,422 - app.utils.i18n - INFO - =====================
2025-03-08 13:03:06,423 - app.utils.i18n - INFO - Translations initialized successfully
2025-03-08 13:03:06,423 - __main__ - INFO - Translations initialized. Current locale: zh_CN
2025-03-08 13:03:06,450 - __main__ - INFO - Theme applied successfully
2025-03-08 13:03:06,450 - __main__ - INFO - Creating main window...
2025-03-08 13:03:06,461 - app.gui.main_window - INFO - Initializing MainWindow
2025-03-08 13:03:06,469 - app.gui.image_list_widget - INFO - Initializing ImageBrowser
2025-03-08 13:03:06,477 - app.gui.image_list_widget - INFO - Preview label initialized
2025-03-08 13:03:06,477 - app.gui.image_list_widget - INFO - btn_import created
2025-03-08 13:03:06,478 - app.gui.image_list_widget - INFO - btn_remove created
2025-03-08 13:03:06,479 - app.gui.image_list_widget - INFO - btn_clear created
2025-03-08 13:03:06,479 - app.gui.image_list_widget - INFO - Buttons created
2025-03-08 13:03:06,479 - app.gui.image_list_widget - INFO - Setting up ImageBrowser UI
2025-03-08 13:03:06,479 - app.gui.image_list_widget - INFO - QHBoxLayout created
2025-03-08 13:03:06,483 - app.gui.image_list_widget - INFO - Button group created
2025-03-08 13:03:06,484 - app.gui.image_list_widget - INFO - List group created
2025-03-08 13:03:06,484 - app.gui.image_list_widget - INFO - QVBoxLayout created
2025-03-08 13:03:06,485 - app.gui.image_list_widget - INFO - Groups added to left panel
2025-03-08 13:03:06,486 - app.gui.image_list_widget - INFO - Left panel added to layout
2025-03-08 13:03:06,486 - app.gui.image_list_widget - INFO - Preview group added to layout
2025-03-08 13:03:06,489 - app.gui.image_list_widget - INFO - Layout set
2025-03-08 13:03:06,489 - app.gui.image_list_widget - INFO - Button states updated
2025-03-08 13:03:06,491 - app.gui.image_list_widget - INFO - UI setup complete
2025-03-08 13:03:06,493 - app.gui.image_list_widget - INFO - Signals connected
2025-03-08 13:03:06,493 - app.gui.image_list_widget - INFO - ImageBrowser initialization complete
2025-03-08 13:03:06,527 - app.gui.result_visualizer - INFO - Initializing ResultVisualizer
2025-03-08 13:03:06,531 - app.gui.result_visualizer - INFO - ResultVisualizer initialization complete
2025-03-08 13:03:06,631 - app.gui.main_window - INFO - MainWindow initialization complete
2025-03-08 13:03:07,057 - __main__ - INFO - Main window initialized and shown
2025-03-08 13:03:10,559 - app.gui.settings_dialog - INFO - Initializing SettingsDialog
2025-03-08 13:03:10,568 - app.gui.settings_dialog - INFO - SettingsDialog initialization complete
2025-03-08 13:03:25,202 - app.gui.about_dialog - INFO - Initializing AboutDialog
2025-03-08 13:03:25,234 - app.gui.about_dialog - INFO - AboutDialog initialization complete
2025-03-08 13:03:45,070 - app.gui.settings_dialog - INFO - Initializing SettingsDialog
2025-03-08 13:03:45,076 - app.gui.settings_dialog - INFO - SettingsDialog initialization complete
2025-03-08 13:05:06,487 - __main__ - INFO - Logging initialized
2025-03-08 13:05:06,600 - __main__ - INFO - Application started: MicroAI-Colony 1.0.0
2025-03-08 13:05:06,602 - __main__ - INFO - Platform: win32, Python: 3.11.0 (main, Oct 24 2022, 18:26:48) [MSC v.1933 64 bit (AMD64)]
2025-03-08 13:05:06,604 - __main__ - INFO - Using font: Microsoft YaHei UI
2025-03-08 13:05:06,606 - app.utils.path_manager - INFO - Application directories created successfully
2025-03-08 13:05:06,606 - __main__ - INFO - Application directories created
2025-03-08 13:05:06,609 - app.utils.config - INFO - Configuration loaded successfully
2025-03-08 13:05:06,610 - app.utils.config - INFO - Configuration loaded successfully
2025-03-08 13:05:06,611 - __main__ - INFO - Configuration initialized
2025-03-08 13:05:06,611 - app.utils.i18n - INFO - Loading translations
2025-03-08 13:05:06,614 - app.utils.i18n - INFO - Loaded 76 translations for en
2025-03-08 13:05:06,616 - app.utils.i18n - INFO - Loaded 76 translations for zh_CN
2025-03-08 13:05:06,617 - app.utils.i18n - INFO - Total loaded translations: 152
2025-03-08 13:05:06,617 - app.utils.i18n - INFO - Available locales: ['en', 'zh_CN']
2025-03-08 13:05:06,618 - app.utils.i18n - INFO - Using system locale: zh_CN
2025-03-08 13:05:06,619 - app.utils.i18n - INFO - === Translation Status ===
2025-03-08 13:05:06,620 - app.utils.i18n - INFO - Current locale: zh_CN
2025-03-08 13:05:06,623 - app.utils.i18n - INFO - Available locales: ['en', 'zh_CN']
2025-03-08 13:05:06,624 - app.utils.i18n - INFO - Initialized: True
2025-03-08 13:05:06,627 - app.utils.i18n - INFO - Loaded strings for current locale: 76
2025-03-08 13:05:06,628 - app.utils.i18n - INFO - =====================
2025-03-08 13:05:06,629 - app.utils.i18n - INFO - Translations initialized successfully
2025-03-08 13:05:06,630 - __main__ - INFO - Translations initialized. Current locale: zh_CN
2025-03-08 13:05:06,655 - __main__ - INFO - Theme applied successfully
2025-03-08 13:05:06,658 - __main__ - INFO - Creating main window...
2025-03-08 13:05:06,660 - app.gui.main_window - INFO - Initializing MainWindow
2025-03-08 13:05:06,663 - app.gui.image_list_widget - INFO - Initializing ImageBrowser
2025-03-08 13:05:06,666 - app.gui.image_list_widget - INFO - Preview label initialized
2025-03-08 13:05:06,666 - app.gui.image_list_widget - INFO - btn_import created
2025-03-08 13:05:06,668 - app.gui.image_list_widget - INFO - btn_remove created
2025-03-08 13:05:06,668 - app.gui.image_list_widget - INFO - btn_clear created
2025-03-08 13:05:06,669 - app.gui.image_list_widget - INFO - Buttons created
2025-03-08 13:05:06,670 - app.gui.image_list_widget - INFO - Setting up ImageBrowser UI
2025-03-08 13:05:06,671 - app.gui.image_list_widget - INFO - QHBoxLayout created
2025-03-08 13:05:06,673 - app.gui.image_list_widget - INFO - Button group created
2025-03-08 13:05:06,675 - app.gui.image_list_widget - INFO - List group created
2025-03-08 13:05:06,676 - app.gui.image_list_widget - INFO - QVBoxLayout created
2025-03-08 13:05:06,676 - app.gui.image_list_widget - INFO - Groups added to left panel
2025-03-08 13:05:06,677 - app.gui.image_list_widget - INFO - Left panel added to layout
2025-03-08 13:05:06,678 - app.gui.image_list_widget - INFO - Preview group added to layout
2025-03-08 13:05:06,679 - app.gui.image_list_widget - INFO - Layout set
2025-03-08 13:05:06,680 - app.gui.image_list_widget - INFO - Button states updated
2025-03-08 13:05:06,681 - app.gui.image_list_widget - INFO - UI setup complete
2025-03-08 13:05:06,682 - app.gui.image_list_widget - INFO - Signals connected
2025-03-08 13:05:06,683 - app.gui.image_list_widget - INFO - ImageBrowser initialization complete
2025-03-08 13:05:06,713 - app.gui.result_visualizer - INFO - Initializing ResultVisualizer
2025-03-08 13:05:06,729 - app.gui.result_visualizer - INFO - ResultVisualizer initialization complete
2025-03-08 13:05:06,799 - app.gui.main_window - INFO - MainWindow initialization complete
2025-03-08 13:05:07,156 - __main__ - INFO - Main window initialized and shown
2025-03-08 13:07:01,893 - app.gui.settings_dialog - INFO - Initializing SettingsDialog
2025-03-08 13:07:01,896 - app.gui.settings_dialog - INFO - SettingsDialog initialization complete
2025-03-08 13:07:05,674 - app.gui.about_dialog - INFO - Initializing AboutDialog
2025-03-08 13:07:05,683 - app.gui.about_dialog - INFO - AboutDialog initialization complete
2025-03-08 13:15:06,424 - __main__ - INFO - Logging initialized
2025-03-08 13:15:06,499 - __main__ - INFO - Application started: MicroAI-Colony 1.0.0
2025-03-08 13:15:06,499 - __main__ - INFO - Platform: win32, Python: 3.11.0 (main, Oct 24 2022, 18:26:48) [MSC v.1933 64 bit (AMD64)]
2025-03-08 13:15:06,500 - __main__ - INFO - Using font: Microsoft YaHei UI
2025-03-08 13:15:06,501 - app.utils.path_manager - INFO - Application directories created successfully
2025-03-08 13:15:06,501 - __main__ - INFO - Application directories created
2025-03-08 13:15:06,503 - app.utils.config - INFO - Configuration loaded successfully
2025-03-08 13:15:06,504 - app.utils.config - INFO - Configuration loaded successfully
2025-03-08 13:15:06,505 - __main__ - INFO - Configuration initialized
2025-03-08 13:15:06,505 - app.utils.i18n - INFO - Loading translations
2025-03-08 13:15:06,506 - app.utils.i18n - INFO - Loaded 76 translations for en
2025-03-08 13:15:06,507 - app.utils.i18n - INFO - Loaded 76 translations for zh_CN
2025-03-08 13:15:06,507 - app.utils.i18n - INFO - Total loaded translations: 152
2025-03-08 13:15:06,507 - app.utils.i18n - INFO - Available locales: ['en', 'zh_CN']
2025-03-08 13:15:06,507 - app.utils.i18n - INFO - Using system locale: zh_CN
2025-03-08 13:15:06,509 - app.utils.i18n - INFO - === Translation Status ===
2025-03-08 13:15:06,509 - app.utils.i18n - INFO - Current locale: zh_CN
2025-03-08 13:15:06,509 - app.utils.i18n - INFO - Available locales: ['en', 'zh_CN']
2025-03-08 13:15:06,509 - app.utils.i18n - INFO - Initialized: True
2025-03-08 13:15:06,510 - app.utils.i18n - INFO - Loaded strings for current locale: 76
2025-03-08 13:15:06,510 - app.utils.i18n - INFO - =====================
2025-03-08 13:15:06,510 - app.utils.i18n - INFO - Translations initialized successfully
2025-03-08 13:15:06,514 - __main__ - INFO - Installed Qt translation for zh_CN
2025-03-08 13:15:06,514 - __main__ - INFO - Translations initialized. Current locale: zh_CN
2025-03-08 13:15:06,532 - __main__ - INFO - Theme applied successfully
2025-03-08 13:15:06,532 - __main__ - INFO - Creating main window...
2025-03-08 13:15:06,534 - app.gui.main_window - INFO - Initializing MainWindow
2025-03-08 13:15:06,536 - app.gui.image_list_widget - INFO - Initializing ImageBrowser
2025-03-08 13:15:06,537 - app.gui.image_list_widget - INFO - Preview label initialized
2025-03-08 13:15:06,537 - app.gui.image_list_widget - INFO - btn_import created
2025-03-08 13:15:06,539 - app.gui.image_list_widget - INFO - btn_remove created
2025-03-08 13:15:06,539 - app.gui.image_list_widget - INFO - btn_clear created
2025-03-08 13:15:06,539 - app.gui.image_list_widget - INFO - Buttons created
2025-03-08 13:15:06,539 - app.gui.image_list_widget - INFO - Setting up ImageBrowser UI
2025-03-08 13:15:06,540 - app.gui.image_list_widget - INFO - QHBoxLayout created
2025-03-08 13:15:06,540 - app.gui.image_list_widget - INFO - Button group created
2025-03-08 13:15:06,541 - app.gui.image_list_widget - INFO - List group created
2025-03-08 13:15:06,541 - app.gui.image_list_widget - INFO - QVBoxLayout created
2025-03-08 13:15:06,542 - app.gui.image_list_widget - INFO - Groups added to left panel
2025-03-08 13:15:06,542 - app.gui.image_list_widget - INFO - Left panel added to layout
2025-03-08 13:15:06,542 - app.gui.image_list_widget - INFO - Preview group added to layout
2025-03-08 13:15:06,543 - app.gui.image_list_widget - INFO - Layout set
2025-03-08 13:15:06,543 - app.gui.image_list_widget - INFO - Button states updated
2025-03-08 13:15:06,544 - app.gui.image_list_widget - INFO - UI setup complete
2025-03-08 13:15:06,544 - app.gui.image_list_widget - INFO - Signals connected
2025-03-08 13:15:06,544 - app.gui.image_list_widget - INFO - ImageBrowser initialization complete
2025-03-08 13:15:06,556 - app.gui.result_visualizer - INFO - Initializing ResultVisualizer
2025-03-08 13:15:06,558 - app.gui.result_visualizer - INFO - ResultVisualizer initialization complete
2025-03-08 13:15:06,603 - app.gui.main_window - INFO - MainWindow initialization complete
2025-03-08 13:15:06,825 - __main__ - INFO - Main window initialized and shown
2025-03-08 13:15:40,716 - app.gui.settings_dialog - INFO - Initializing SettingsDialog
2025-03-08 13:15:40,720 - app.gui.settings_dialog - INFO - SettingsDialog initialization complete
2025-03-08 13:17:25,933 - __main__ - INFO - Logging initialized
2025-03-08 13:17:25,979 - __main__ - INFO - Application started: MicroAI-Colony 1.0.0
2025-03-08 13:17:25,979 - __main__ - INFO - Platform: win32, Python: 3.11.0 (main, Oct 24 2022, 18:26:48) [MSC v.1933 64 bit (AMD64)]
2025-03-08 13:17:25,980 - __main__ - INFO - Using font: Microsoft YaHei UI
2025-03-08 13:17:25,981 - app.utils.path_manager - INFO - Application directories created successfully
2025-03-08 13:17:25,981 - __main__ - INFO - Application directories created
2025-03-08 13:17:25,982 - app.utils.config - INFO - Configuration loaded successfully
2025-03-08 13:17:25,982 - app.utils.config - INFO - Configuration loaded successfully
2025-03-08 13:17:25,983 - __main__ - INFO - Configuration initialized
2025-03-08 13:17:25,983 - app.utils.i18n - INFO - Loading translations
2025-03-08 13:17:25,985 - app.utils.i18n - INFO - Loaded 76 translations for en
2025-03-08 13:17:25,986 - app.utils.i18n - INFO - Loaded 76 translations for zh_CN
2025-03-08 13:17:25,986 - app.utils.i18n - INFO - Total loaded translations: 152
2025-03-08 13:17:25,986 - app.utils.i18n - INFO - Available locales: ['en', 'zh_CN']
2025-03-08 13:17:25,986 - app.utils.i18n - INFO - Using system locale: zh_CN
2025-03-08 13:17:25,986 - app.utils.i18n - INFO - === Translation Status ===
2025-03-08 13:17:25,987 - app.utils.i18n - INFO - Current locale: zh_CN
2025-03-08 13:17:25,987 - app.utils.i18n - INFO - Available locales: ['en', 'zh_CN']
2025-03-08 13:17:25,987 - app.utils.i18n - INFO - Initialized: True
2025-03-08 13:17:25,987 - app.utils.i18n - INFO - Loaded strings for current locale: 76
2025-03-08 13:17:25,987 - app.utils.i18n - INFO - =====================
2025-03-08 13:17:25,987 - app.utils.i18n - INFO - Translations initialized successfully
2025-03-08 13:17:25,988 - __main__ - INFO - Installed Qt translation for zh_CN
2025-03-08 13:17:25,988 - __main__ - INFO - Translations initialized. Current locale: zh_CN
2025-03-08 13:17:26,000 - __main__ - INFO - Theme applied successfully
2025-03-08 13:17:26,000 - __main__ - INFO - Creating main window...
2025-03-08 13:17:26,001 - app.gui.main_window - INFO - Initializing MainWindow
2025-03-08 13:17:26,003 - app.gui.image_list_widget - INFO - Initializing ImageBrowser
2025-03-08 13:17:26,004 - app.gui.image_list_widget - INFO - Preview label initialized
2025-03-08 13:17:26,004 - app.gui.image_list_widget - INFO - btn_import created
2025-03-08 13:17:26,005 - app.gui.image_list_widget - INFO - btn_remove created
2025-03-08 13:17:26,005 - app.gui.image_list_widget - INFO - btn_clear created
2025-03-08 13:17:26,005 - app.gui.image_list_widget - INFO - Buttons created
2025-03-08 13:17:26,005 - app.gui.image_list_widget - INFO - Setting up ImageBrowser UI
2025-03-08 13:17:26,007 - app.gui.image_list_widget - INFO - QHBoxLayout created
2025-03-08 13:17:26,007 - app.gui.image_list_widget - INFO - Button group created
2025-03-08 13:17:26,008 - app.gui.image_list_widget - INFO - List group created
2025-03-08 13:17:26,008 - app.gui.image_list_widget - INFO - QVBoxLayout created
2025-03-08 13:17:26,008 - app.gui.image_list_widget - INFO - Groups added to left panel
2025-03-08 13:17:26,009 - app.gui.image_list_widget - INFO - Left panel added to layout
2025-03-08 13:17:26,009 - app.gui.image_list_widget - INFO - Preview group added to layout
2025-03-08 13:17:26,010 - app.gui.image_list_widget - INFO - Layout set
2025-03-08 13:17:26,010 - app.gui.image_list_widget - INFO - Button states updated
2025-03-08 13:17:26,010 - app.gui.image_list_widget - INFO - UI setup complete
2025-03-08 13:17:26,011 - app.gui.image_list_widget - INFO - Signals connected
2025-03-08 13:17:26,011 - app.gui.image_list_widget - INFO - ImageBrowser initialization complete
2025-03-08 13:17:26,022 - app.gui.result_visualizer - INFO - Initializing ResultVisualizer
2025-03-08 13:17:26,024 - app.gui.result_visualizer - INFO - ResultVisualizer initialization complete
2025-03-08 13:17:26,060 - app.gui.main_window - INFO - MainWindow initialization complete
2025-03-08 13:17:26,209 - __main__ - INFO - Main window initialized and shown
2025-03-08 13:17:32,644 - app.gui.settings_dialog - INFO - Initializing SettingsDialog
2025-03-08 13:17:32,649 - app.gui.settings_dialog - INFO - SettingsDialog initialization complete
2025-03-08 13:23:49,974 - __main__ - INFO - Logging initialized
2025-03-08 13:23:50,087 - __main__ - INFO - Application started: MicroAI-Colony 1.0.0
2025-03-08 13:23:50,087 - __main__ - INFO - Platform: win32, Python: 3.11.0 (main, Oct 24 2022, 18:26:48) [MSC v.1933 64 bit (AMD64)]
2025-03-08 13:23:50,090 - __main__ - INFO - Using font: Microsoft YaHei UI
2025-03-08 13:23:50,092 - app.utils.path_manager - INFO - Application directories created successfully
2025-03-08 13:23:50,092 - __main__ - INFO - Application directories created
2025-03-08 13:23:50,093 - app.utils.config - INFO - Configuration loaded successfully
2025-03-08 13:23:50,094 - app.utils.config - INFO - Configuration loaded successfully
2025-03-08 13:23:50,095 - __main__ - INFO - Configuration initialized
2025-03-08 13:23:50,095 - app.utils.i18n - INFO - Loading translations
2025-03-08 13:23:50,096 - app.utils.i18n - INFO - Loaded 76 translations for en
2025-03-08 13:23:50,098 - app.utils.i18n - INFO - Loaded 76 translations for zh_CN
2025-03-08 13:23:50,098 - app.utils.i18n - INFO - Total loaded translations: 152
2025-03-08 13:23:50,099 - app.utils.i18n - INFO - Available locales: ['en', 'zh_CN']
2025-03-08 13:23:50,099 - app.utils.i18n - INFO - Using system locale: zh_CN
2025-03-08 13:23:50,099 - app.utils.i18n - INFO - === Translation Status ===
2025-03-08 13:23:50,100 - app.utils.i18n - INFO - Current locale: zh_CN
2025-03-08 13:23:50,100 - app.utils.i18n - INFO - Available locales: ['en', 'zh_CN']
2025-03-08 13:23:50,100 - app.utils.i18n - INFO - Initialized: True
2025-03-08 13:23:50,100 - app.utils.i18n - INFO - Loaded strings for current locale: 76
2025-03-08 13:23:50,101 - app.utils.i18n - INFO - =====================
2025-03-08 13:23:50,101 - app.utils.i18n - INFO - Translations initialized successfully
2025-03-08 13:23:50,104 - __main__ - INFO - Installed Qt translation for zh_CN
2025-03-08 13:23:50,106 - __main__ - INFO - Translations initialized. Current locale: zh_CN
2025-03-08 13:23:50,133 - __main__ - INFO - Theme applied successfully
2025-03-08 13:23:50,133 - __main__ - INFO - Creating main window...
2025-03-08 13:23:50,142 - app.gui.main_window - INFO - Initializing MainWindow
2025-03-08 13:23:50,149 - app.gui.image_list_widget - INFO - Initializing ImageBrowser
2025-03-08 13:23:50,156 - app.gui.image_list_widget - INFO - Preview label initialized
2025-03-08 13:23:50,156 - app.gui.image_list_widget - INFO - btn_import created
2025-03-08 13:23:50,156 - app.gui.image_list_widget - INFO - btn_remove created
2025-03-08 13:23:50,156 - app.gui.image_list_widget - INFO - btn_clear created
2025-03-08 13:23:50,157 - app.gui.image_list_widget - INFO - Buttons created
2025-03-08 13:23:50,157 - app.gui.image_list_widget - INFO - Setting up ImageBrowser UI
2025-03-08 13:23:50,157 - app.gui.image_list_widget - INFO - QHBoxLayout created
2025-03-08 13:23:50,158 - app.gui.image_list_widget - INFO - Button group created
2025-03-08 13:23:50,159 - app.gui.image_list_widget - INFO - List group created
2025-03-08 13:23:50,160 - app.gui.image_list_widget - INFO - QVBoxLayout created
2025-03-08 13:23:50,160 - app.gui.image_list_widget - INFO - Groups added to left panel
2025-03-08 13:23:50,161 - app.gui.image_list_widget - INFO - Left panel added to layout
2025-03-08 13:23:50,161 - app.gui.image_list_widget - INFO - Preview group added to layout
2025-03-08 13:23:50,163 - app.gui.image_list_widget - INFO - Layout set
2025-03-08 13:23:50,163 - app.gui.image_list_widget - INFO - Button states updated
2025-03-08 13:23:50,164 - app.gui.image_list_widget - INFO - UI setup complete
2025-03-08 13:23:50,166 - app.gui.image_list_widget - INFO - Signals connected
2025-03-08 13:23:50,167 - app.gui.image_list_widget - INFO - ImageBrowser initialization complete
2025-03-08 13:23:50,197 - __main__ - ERROR - Failed to initialize main window: name 'params_group' is not defined
Traceback (most recent call last):
  File "C:\Users\ETPau\Documents\GitHub\CNN-\app\main.py", line 140, in main
    window = MainWindow()
             ^^^^^^^^^^^^
  File "C:\Users\ETPau\Documents\GitHub\CNN-\app\gui\main_window.py", line 37, in __init__
    self._setup_central_widget()
  File "C:\Users\ETPau\Documents\GitHub\CNN-\app\gui\main_window.py", line 217, in _setup_central_widget
    params_group.setLayout(params_layout)
    ^^^^^^^^^^^^
NameError: name 'params_group' is not defined
2025-03-08 13:26:24,326 - __main__ - INFO - Logging initialized
2025-03-08 13:26:24,364 - __main__ - INFO - Application started: MicroAI-Colony 1.0.0
2025-03-08 13:26:24,364 - __main__ - INFO - Platform: win32, Python: 3.11.0 (main, Oct 24 2022, 18:26:48) [MSC v.1933 64 bit (AMD64)]
2025-03-08 13:26:24,364 - __main__ - INFO - Using font: Microsoft YaHei UI
2025-03-08 13:26:24,365 - app.utils.path_manager - INFO - Application directories created successfully
2025-03-08 13:26:24,365 - __main__ - INFO - Application directories created
2025-03-08 13:26:24,367 - app.utils.config - INFO - Configuration loaded successfully
2025-03-08 13:26:24,368 - app.utils.config - INFO - Configuration loaded successfully
2025-03-08 13:26:24,368 - __main__ - INFO - Configuration initialized
2025-03-08 13:26:24,368 - app.utils.i18n - INFO - Loading translations
2025-03-08 13:26:24,369 - app.utils.i18n - INFO - Loaded 76 translations for en
2025-03-08 13:26:24,369 - app.utils.i18n - INFO - Loaded 76 translations for zh_CN
2025-03-08 13:26:24,370 - app.utils.i18n - INFO - Total loaded translations: 152
2025-03-08 13:26:24,370 - app.utils.i18n - INFO - Available locales: ['en', 'zh_CN']
2025-03-08 13:26:24,370 - app.utils.i18n - INFO - Using system locale: zh_CN
2025-03-08 13:26:24,370 - app.utils.i18n - INFO - === Translation Status ===
2025-03-08 13:26:24,370 - app.utils.i18n - INFO - Current locale: zh_CN
2025-03-08 13:26:24,370 - app.utils.i18n - INFO - Available locales: ['en', 'zh_CN']
2025-03-08 13:26:24,370 - app.utils.i18n - INFO - Initialized: True
2025-03-08 13:26:24,371 - app.utils.i18n - INFO - Loaded strings for current locale: 76
2025-03-08 13:26:24,371 - app.utils.i18n - INFO - =====================
2025-03-08 13:26:24,371 - app.utils.i18n - INFO - Translations initialized successfully
2025-03-08 13:26:24,372 - __main__ - INFO - Installed Qt translation for zh_CN
2025-03-08 13:26:24,372 - __main__ - INFO - Translations initialized. Current locale: zh_CN
2025-03-08 13:26:24,379 - __main__ - INFO - Theme applied successfully
2025-03-08 13:26:24,380 - __main__ - INFO - Creating main window...
2025-03-08 13:26:24,382 - app.gui.main_window - INFO - Initializing MainWindow
2025-03-08 13:26:24,383 - app.gui.image_list_widget - INFO - Initializing ImageBrowser
2025-03-08 13:26:24,383 - app.gui.image_list_widget - INFO - Preview label initialized
2025-03-08 13:26:24,384 - app.gui.image_list_widget - INFO - btn_import created
2025-03-08 13:26:24,384 - app.gui.image_list_widget - INFO - btn_remove created
2025-03-08 13:26:24,384 - app.gui.image_list_widget - INFO - btn_clear created
2025-03-08 13:26:24,384 - app.gui.image_list_widget - INFO - Buttons created
2025-03-08 13:26:24,385 - app.gui.image_list_widget - INFO - Setting up ImageBrowser UI
2025-03-08 13:26:24,385 - app.gui.image_list_widget - INFO - QHBoxLayout created
2025-03-08 13:26:24,385 - app.gui.image_list_widget - INFO - Button group created
2025-03-08 13:26:24,386 - app.gui.image_list_widget - INFO - List group created
2025-03-08 13:26:24,386 - app.gui.image_list_widget - INFO - QVBoxLayout created
2025-03-08 13:26:24,386 - app.gui.image_list_widget - INFO - Groups added to left panel
2025-03-08 13:26:24,386 - app.gui.image_list_widget - INFO - Left panel added to layout
2025-03-08 13:26:24,387 - app.gui.image_list_widget - INFO - Preview group added to layout
2025-03-08 13:26:24,387 - app.gui.image_list_widget - INFO - Layout set
2025-03-08 13:26:24,387 - app.gui.image_list_widget - INFO - Button states updated
2025-03-08 13:26:24,387 - app.gui.image_list_widget - INFO - UI setup complete
2025-03-08 13:26:24,387 - app.gui.image_list_widget - INFO - Signals connected
2025-03-08 13:26:24,389 - app.gui.image_list_widget - INFO - ImageBrowser initialization complete
2025-03-08 13:26:24,397 - __main__ - ERROR - Failed to initialize main window: name 'params_group' is not defined
Traceback (most recent call last):
  File "C:\Users\ETPau\Documents\GitHub\CNN-\app\main.py", line 140, in main
    window = MainWindow()
             ^^^^^^^^^^^^
  File "C:\Users\ETPau\Documents\GitHub\CNN-\app\gui\main_window.py", line 37, in __init__
    self._setup_central_widget()
  File "C:\Users\ETPau\Documents\GitHub\CNN-\app\gui\main_window.py", line 217, in _setup_central_widget
    params_group.setLayout(params_layout)
    ^^^^^^^^^^^^
NameError: name 'params_group' is not defined
2025-03-08 13:27:17,954 - __main__ - INFO - Logging initialized
2025-03-08 13:27:18,000 - __main__ - INFO - Application started: MicroAI-Colony 1.0.0
2025-03-08 13:27:18,001 - __main__ - INFO - Platform: win32, Python: 3.11.0 (main, Oct 24 2022, 18:26:48) [MSC v.1933 64 bit (AMD64)]
2025-03-08 13:27:18,001 - __main__ - INFO - Using font: Microsoft YaHei UI
2025-03-08 13:27:18,002 - app.utils.path_manager - INFO - Application directories created successfully
2025-03-08 13:27:18,003 - __main__ - INFO - Application directories created
2025-03-08 13:27:18,003 - app.utils.config - INFO - Configuration loaded successfully
2025-03-08 13:27:18,005 - app.utils.config - INFO - Configuration loaded successfully
2025-03-08 13:27:18,005 - __main__ - INFO - Configuration initialized
2025-03-08 13:27:18,005 - app.utils.i18n - INFO - Loading translations
2025-03-08 13:27:18,006 - app.utils.i18n - INFO - Loaded 76 translations for en
2025-03-08 13:27:18,007 - app.utils.i18n - INFO - Loaded 76 translations for zh_CN
2025-03-08 13:27:18,007 - app.utils.i18n - INFO - Total loaded translations: 152
2025-03-08 13:27:18,007 - app.utils.i18n - INFO - Available locales: ['en', 'zh_CN']
2025-03-08 13:27:18,008 - app.utils.i18n - INFO - Using system locale: zh_CN
2025-03-08 13:27:18,008 - app.utils.i18n - INFO - === Translation Status ===
2025-03-08 13:27:18,008 - app.utils.i18n - INFO - Current locale: zh_CN
2025-03-08 13:27:18,008 - app.utils.i18n - INFO - Available locales: ['en', 'zh_CN']
2025-03-08 13:27:18,008 - app.utils.i18n - INFO - Initialized: True
2025-03-08 13:27:18,008 - app.utils.i18n - INFO - Loaded strings for current locale: 76
2025-03-08 13:27:18,009 - app.utils.i18n - INFO - =====================
2025-03-08 13:27:18,009 - app.utils.i18n - INFO - Translations initialized successfully
2025-03-08 13:27:18,010 - __main__ - INFO - Installed Qt translation for zh_CN
2025-03-08 13:27:18,010 - __main__ - INFO - Translations initialized. Current locale: zh_CN
2025-03-08 13:27:18,020 - __main__ - INFO - Theme applied successfully
2025-03-08 13:27:18,020 - __main__ - INFO - Creating main window...
2025-03-08 13:27:18,021 - app.gui.main_window - INFO - Initializing MainWindow
2025-03-08 13:27:18,023 - app.gui.image_list_widget - INFO - Initializing ImageBrowser
2025-03-08 13:27:18,024 - app.gui.image_list_widget - INFO - Preview label initialized
2025-03-08 13:27:18,024 - app.gui.image_list_widget - INFO - btn_import created
2025-03-08 13:27:18,024 - app.gui.image_list_widget - INFO - btn_remove created
2025-03-08 13:27:18,025 - app.gui.image_list_widget - INFO - btn_clear created
2025-03-08 13:27:18,025 - app.gui.image_list_widget - INFO - Buttons created
2025-03-08 13:27:18,025 - app.gui.image_list_widget - INFO - Setting up ImageBrowser UI
2025-03-08 13:27:18,025 - app.gui.image_list_widget - INFO - QHBoxLayout created
2025-03-08 13:27:18,027 - app.gui.image_list_widget - INFO - Button group created
2025-03-08 13:27:18,027 - app.gui.image_list_widget - INFO - List group created
2025-03-08 13:27:18,028 - app.gui.image_list_widget - INFO - QVBoxLayout created
2025-03-08 13:27:18,028 - app.gui.image_list_widget - INFO - Groups added to left panel
2025-03-08 13:27:18,028 - app.gui.image_list_widget - INFO - Left panel added to layout
2025-03-08 13:27:18,029 - app.gui.image_list_widget - INFO - Preview group added to layout
2025-03-08 13:27:18,029 - app.gui.image_list_widget - INFO - Layout set
2025-03-08 13:27:18,030 - app.gui.image_list_widget - INFO - Button states updated
2025-03-08 13:27:18,030 - app.gui.image_list_widget - INFO - UI setup complete
2025-03-08 13:27:18,030 - app.gui.image_list_widget - INFO - Signals connected
2025-03-08 13:27:18,030 - app.gui.image_list_widget - INFO - ImageBrowser initialization complete
2025-03-08 13:27:18,039 - __main__ - ERROR - Failed to initialize main window: name 'params_group' is not defined
Traceback (most recent call last):
  File "C:\Users\ETPau\Documents\GitHub\CNN-\app\main.py", line 140, in main
    window = MainWindow()
             ^^^^^^^^^^^^
  File "C:\Users\ETPau\Documents\GitHub\CNN-\app\gui\main_window.py", line 37, in __init__
    self._setup_central_widget()
  File "C:\Users\ETPau\Documents\GitHub\CNN-\app\gui\main_window.py", line 217, in _setup_central_widget
    params_group.setLayout(params_layout)
    ^^^^^^^^^^^^
NameError: name 'params_group' is not defined
2025-03-08 13:28:12,677 - __main__ - INFO - Logging initialized
2025-03-08 13:28:12,726 - __main__ - INFO - Application started: MicroAI-Colony 1.0.0
2025-03-08 13:28:12,726 - __main__ - INFO - Platform: win32, Python: 3.11.0 (main, Oct 24 2022, 18:26:48) [MSC v.1933 64 bit (AMD64)]
2025-03-08 13:28:12,727 - __main__ - INFO - Using font: Microsoft YaHei UI
2025-03-08 13:28:12,728 - app.utils.path_manager - INFO - Application directories created successfully
2025-03-08 13:28:12,728 - __main__ - INFO - Application directories created
2025-03-08 13:28:12,728 - app.utils.config - INFO - Configuration loaded successfully
2025-03-08 13:28:12,729 - app.utils.config - INFO - Configuration loaded successfully
2025-03-08 13:28:12,729 - __main__ - INFO - Configuration initialized
2025-03-08 13:28:12,729 - app.utils.i18n - INFO - Loading translations
2025-03-08 13:28:12,731 - app.utils.i18n - INFO - Loaded 76 translations for en
2025-03-08 13:28:12,731 - app.utils.i18n - INFO - Loaded 76 translations for zh_CN
2025-03-08 13:28:12,731 - app.utils.i18n - INFO - Total loaded translations: 152
2025-03-08 13:28:12,731 - app.utils.i18n - INFO - Available locales: ['en', 'zh_CN']
2025-03-08 13:28:12,731 - app.utils.i18n - INFO - Using system locale: zh_CN
2025-03-08 13:28:12,732 - app.utils.i18n - INFO - === Translation Status ===
2025-03-08 13:28:12,732 - app.utils.i18n - INFO - Current locale: zh_CN
2025-03-08 13:28:12,732 - app.utils.i18n - INFO - Available locales: ['en', 'zh_CN']
2025-03-08 13:28:12,732 - app.utils.i18n - INFO - Initialized: True
2025-03-08 13:28:12,732 - app.utils.i18n - INFO - Loaded strings for current locale: 76
2025-03-08 13:28:12,732 - app.utils.i18n - INFO - =====================
2025-03-08 13:28:12,732 - app.utils.i18n - INFO - Translations initialized successfully
2025-03-08 13:28:12,733 - __main__ - INFO - Installed Qt translation for zh_CN
2025-03-08 13:28:12,733 - __main__ - INFO - Translations initialized. Current locale: zh_CN
2025-03-08 13:28:12,741 - __main__ - INFO - Theme applied successfully
2025-03-08 13:28:12,741 - __main__ - INFO - Creating main window...
2025-03-08 13:28:12,742 - app.gui.main_window - INFO - Initializing MainWindow
2025-03-08 13:28:12,744 - app.gui.image_list_widget - INFO - Initializing ImageBrowser
2025-03-08 13:28:12,745 - app.gui.image_list_widget - INFO - Preview label initialized
2025-03-08 13:28:12,745 - app.gui.image_list_widget - INFO - btn_import created
2025-03-08 13:28:12,745 - app.gui.image_list_widget - INFO - btn_remove created
2025-03-08 13:28:12,746 - app.gui.image_list_widget - INFO - btn_clear created
2025-03-08 13:28:12,746 - app.gui.image_list_widget - INFO - Buttons created
2025-03-08 13:28:12,746 - app.gui.image_list_widget - INFO - Setting up ImageBrowser UI
2025-03-08 13:28:12,746 - app.gui.image_list_widget - INFO - QHBoxLayout created
2025-03-08 13:28:12,747 - app.gui.image_list_widget - INFO - Button group created
2025-03-08 13:28:12,748 - app.gui.image_list_widget - INFO - List group created
2025-03-08 13:28:12,748 - app.gui.image_list_widget - INFO - QVBoxLayout created
2025-03-08 13:28:12,748 - app.gui.image_list_widget - INFO - Groups added to left panel
2025-03-08 13:28:12,749 - app.gui.image_list_widget - INFO - Left panel added to layout
2025-03-08 13:28:12,749 - app.gui.image_list_widget - INFO - Preview group added to layout
2025-03-08 13:28:12,749 - app.gui.image_list_widget - INFO - Layout set
2025-03-08 13:28:12,750 - app.gui.image_list_widget - INFO - Button states updated
2025-03-08 13:28:12,750 - app.gui.image_list_widget - INFO - UI setup complete
2025-03-08 13:28:12,750 - app.gui.image_list_widget - INFO - Signals connected
2025-03-08 13:28:12,750 - app.gui.image_list_widget - INFO - ImageBrowser initialization complete
2025-03-08 13:28:12,759 - __main__ - ERROR - Failed to initialize main window: name 'params_group' is not defined
Traceback (most recent call last):
  File "C:\Users\ETPau\Documents\GitHub\CNN-\app\main.py", line 140, in main
    window = MainWindow()
             ^^^^^^^^^^^^
  File "C:\Users\ETPau\Documents\GitHub\CNN-\app\gui\main_window.py", line 37, in __init__
    self._setup_central_widget()
  File "C:\Users\ETPau\Documents\GitHub\CNN-\app\gui\main_window.py", line 217, in _setup_central_widget
    params_group.setLayout(params_layout)
    ^^^^^^^^^^^^
NameError: name 'params_group' is not defined
2025-03-08 13:29:35,082 - __main__ - INFO - Logging initialized
2025-03-08 13:29:35,171 - __main__ - INFO - Application started: MicroAI-Colony 1.0.0
2025-03-08 13:29:35,172 - __main__ - INFO - Platform: win32, Python: 3.11.0 (main, Oct 24 2022, 18:26:48) [MSC v.1933 64 bit (AMD64)]
2025-03-08 13:29:35,172 - __main__ - INFO - Using font: Microsoft YaHei UI
2025-03-08 13:29:35,174 - app.utils.path_manager - INFO - Application directories created successfully
2025-03-08 13:29:35,174 - __main__ - INFO - Application directories created
2025-03-08 13:29:35,176 - app.utils.config - INFO - Configuration loaded successfully
2025-03-08 13:29:35,177 - app.utils.config - INFO - Configuration loaded successfully
2025-03-08 13:29:35,177 - __main__ - INFO - Configuration initialized
2025-03-08 13:29:35,178 - app.utils.i18n - INFO - Loading translations
2025-03-08 13:29:35,180 - app.utils.i18n - INFO - Loaded 76 translations for en
2025-03-08 13:29:35,181 - app.utils.i18n - INFO - Loaded 76 translations for zh_CN
2025-03-08 13:29:35,182 - app.utils.i18n - INFO - Total loaded translations: 152
2025-03-08 13:29:35,182 - app.utils.i18n - INFO - Available locales: ['en', 'zh_CN']
2025-03-08 13:29:35,183 - app.utils.i18n - INFO - Using system locale: zh_CN
2025-03-08 13:29:35,184 - app.utils.i18n - INFO - === Translation Status ===
2025-03-08 13:29:35,184 - app.utils.i18n - INFO - Current locale: zh_CN
2025-03-08 13:29:35,184 - app.utils.i18n - INFO - Available locales: ['en', 'zh_CN']
2025-03-08 13:29:35,186 - app.utils.i18n - INFO - Initialized: True
2025-03-08 13:29:35,186 - app.utils.i18n - INFO - Loaded strings for current locale: 76
2025-03-08 13:29:35,186 - app.utils.i18n - INFO - =====================
2025-03-08 13:29:35,187 - app.utils.i18n - INFO - Translations initialized successfully
2025-03-08 13:29:35,188 - __main__ - INFO - Installed Qt translation for zh_CN
2025-03-08 13:29:35,189 - __main__ - INFO - Translations initialized. Current locale: zh_CN
2025-03-08 13:29:35,206 - __main__ - INFO - Theme applied successfully
2025-03-08 13:29:35,207 - __main__ - INFO - Creating main window...
2025-03-08 13:29:35,211 - app.gui.main_window - INFO - Initializing MainWindow
2025-03-08 13:29:35,213 - app.gui.image_list_widget - INFO - Initializing ImageBrowser
2025-03-08 13:29:35,215 - app.gui.image_list_widget - INFO - Preview label initialized
2025-03-08 13:29:35,216 - app.gui.image_list_widget - INFO - btn_import created
2025-03-08 13:29:35,216 - app.gui.image_list_widget - INFO - btn_remove created
2025-03-08 13:29:35,216 - app.gui.image_list_widget - INFO - btn_clear created
2025-03-08 13:29:35,218 - app.gui.image_list_widget - INFO - Buttons created
2025-03-08 13:29:35,218 - app.gui.image_list_widget - INFO - Setting up ImageBrowser UI
2025-03-08 13:29:35,218 - app.gui.image_list_widget - INFO - QHBoxLayout created
2025-03-08 13:29:35,219 - app.gui.image_list_widget - INFO - Button group created
2025-03-08 13:29:35,220 - app.gui.image_list_widget - INFO - List group created
2025-03-08 13:29:35,220 - app.gui.image_list_widget - INFO - QVBoxLayout created
2025-03-08 13:29:35,221 - app.gui.image_list_widget - INFO - Groups added to left panel
2025-03-08 13:29:35,221 - app.gui.image_list_widget - INFO - Left panel added to layout
2025-03-08 13:29:35,222 - app.gui.image_list_widget - INFO - Preview group added to layout
2025-03-08 13:29:35,223 - app.gui.image_list_widget - INFO - Layout set
2025-03-08 13:29:35,223 - app.gui.image_list_widget - INFO - Button states updated
2025-03-08 13:29:35,223 - app.gui.image_list_widget - INFO - UI setup complete
2025-03-08 13:29:35,224 - app.gui.image_list_widget - INFO - Signals connected
2025-03-08 13:29:35,224 - app.gui.image_list_widget - INFO - ImageBrowser initialization complete
2025-03-08 13:29:35,237 - app.gui.result_visualizer - INFO - Initializing ResultVisualizer
2025-03-08 13:29:35,250 - app.gui.result_visualizer - INFO - ResultVisualizer initialization complete
2025-03-08 13:29:35,368 - app.gui.main_window - INFO - MainWindow initialization complete
2025-03-08 13:29:35,368 - __main__ - ERROR - Failed to initialize main window: name 'SettingsDialog' is not defined
Traceback (most recent call last):
  File "C:\Users\ETPau\Documents\GitHub\CNN-\app\main.py", line 171, in main
    window.settings_dialog = SettingsDialog(window)  # Create instance
                             ^^^^^^^^^^^^^^
NameError: name 'SettingsDialog' is not defined
2025-03-08 13:30:32,567 - __main__ - INFO - Logging initialized
2025-03-08 13:30:32,609 - __main__ - INFO - Application started: MicroAI-Colony 1.0.0
2025-03-08 13:30:32,609 - __main__ - INFO - Platform: win32, Python: 3.11.0 (main, Oct 24 2022, 18:26:48) [MSC v.1933 64 bit (AMD64)]
2025-03-08 13:30:32,611 - __main__ - INFO - Using font: Microsoft YaHei UI
2025-03-08 13:30:32,611 - app.utils.path_manager - INFO - Application directories created successfully
2025-03-08 13:30:32,612 - __main__ - INFO - Application directories created
2025-03-08 13:30:32,612 - app.utils.config - INFO - Configuration loaded successfully
2025-03-08 13:30:32,613 - app.utils.config - INFO - Configuration loaded successfully
2025-03-08 13:30:32,613 - __main__ - INFO - Configuration initialized
2025-03-08 13:30:32,613 - app.utils.i18n - INFO - Loading translations
2025-03-08 13:30:32,614 - app.utils.i18n - INFO - Loaded 76 translations for en
2025-03-08 13:30:32,615 - app.utils.i18n - INFO - Loaded 76 translations for zh_CN
2025-03-08 13:30:32,615 - app.utils.i18n - INFO - Total loaded translations: 152
2025-03-08 13:30:32,615 - app.utils.i18n - INFO - Available locales: ['en', 'zh_CN']
2025-03-08 13:30:32,616 - app.utils.i18n - INFO - Using system locale: zh_CN
2025-03-08 13:30:32,616 - app.utils.i18n - INFO - === Translation Status ===
2025-03-08 13:30:32,616 - app.utils.i18n - INFO - Current locale: zh_CN
2025-03-08 13:30:32,616 - app.utils.i18n - INFO - Available locales: ['en', 'zh_CN']
2025-03-08 13:30:32,616 - app.utils.i18n - INFO - Initialized: True
2025-03-08 13:30:32,617 - app.utils.i18n - INFO - Loaded strings for current locale: 76
2025-03-08 13:30:32,617 - app.utils.i18n - INFO - =====================
2025-03-08 13:30:32,617 - app.utils.i18n - INFO - Translations initialized successfully
2025-03-08 13:30:32,618 - __main__ - INFO - Installed Qt translation for zh_CN
2025-03-08 13:30:32,618 - __main__ - INFO - Translations initialized. Current locale: zh_CN
2025-03-08 13:30:32,627 - __main__ - INFO - Theme applied successfully
2025-03-08 13:30:32,627 - __main__ - INFO - Creating main window...
2025-03-08 13:30:32,629 - app.gui.main_window - INFO - Initializing MainWindow
2025-03-08 13:30:32,630 - app.gui.image_list_widget - INFO - Initializing ImageBrowser
2025-03-08 13:30:32,631 - app.gui.image_list_widget - INFO - Preview label initialized
2025-03-08 13:30:32,632 - app.gui.image_list_widget - INFO - btn_import created
2025-03-08 13:30:32,632 - app.gui.image_list_widget - INFO - btn_remove created
2025-03-08 13:30:32,632 - app.gui.image_list_widget - INFO - btn_clear created
2025-03-08 13:30:32,632 - app.gui.image_list_widget - INFO - Buttons created
2025-03-08 13:30:32,632 - app.gui.image_list_widget - INFO - Setting up ImageBrowser UI
2025-03-08 13:30:32,632 - app.gui.image_list_widget - INFO - QHBoxLayout created
2025-03-08 13:30:32,633 - app.gui.image_list_widget - INFO - Button group created
2025-03-08 13:30:32,634 - app.gui.image_list_widget - INFO - List group created
2025-03-08 13:30:32,634 - app.gui.image_list_widget - INFO - QVBoxLayout created
2025-03-08 13:30:32,634 - app.gui.image_list_widget - INFO - Groups added to left panel
2025-03-08 13:30:32,635 - app.gui.image_list_widget - INFO - Left panel added to layout
2025-03-08 13:30:32,635 - app.gui.image_list_widget - INFO - Preview group added to layout
2025-03-08 13:30:32,636 - app.gui.image_list_widget - INFO - Layout set
2025-03-08 13:30:32,636 - app.gui.image_list_widget - INFO - Button states updated
2025-03-08 13:30:32,636 - app.gui.image_list_widget - INFO - UI setup complete
2025-03-08 13:30:32,637 - app.gui.image_list_widget - INFO - Signals connected
2025-03-08 13:30:32,637 - app.gui.image_list_widget - INFO - ImageBrowser initialization complete
2025-03-08 13:30:32,646 - app.gui.result_visualizer - INFO - Initializing ResultVisualizer
2025-03-08 13:30:32,648 - app.gui.result_visualizer - INFO - ResultVisualizer initialization complete
2025-03-08 13:30:32,687 - app.gui.main_window - INFO - MainWindow initialization complete
2025-03-08 13:30:32,689 - app.gui.settings_dialog - INFO - Initializing SettingsDialog
2025-03-08 13:30:32,704 - app.gui.settings_dialog - INFO - SettingsDialog initialization complete
2025-03-08 13:30:33,065 - __main__ - INFO - Main window initialized and shown
2025-03-08 13:30:37,288 - app.gui.settings_dialog - INFO - Initializing SettingsDialog
2025-03-08 13:30:37,310 - app.gui.settings_dialog - INFO - SettingsDialog initialization complete
2025-03-08 13:30:41,378 - app.utils.config - INFO - Configuration saved successfully
2025-03-08 13:30:41,378 - app.utils.config - INFO - Configuration updated: default_path = C:\Users\ETPau/Desktop/MicroAI_Detect
2025-03-08 13:30:41,382 - app.utils.config - INFO - Configuration saved successfully
2025-03-08 13:30:41,382 - app.utils.config - INFO - Configuration updated: export_formats = ['json', 'csv', 'xlsx']
2025-03-08 13:30:41,394 - app.utils.config - INFO - Configuration saved successfully
2025-03-08 13:30:41,395 - app.utils.config - INFO - Configuration updated: analysis_iterations = 100
2025-03-08 13:30:41,397 - app.utils.config - INFO - Configuration saved successfully
2025-03-08 13:30:41,397 - app.utils.config - INFO - Configuration updated: window.maximized = False
2025-03-08 13:30:41,399 - app.utils.config - INFO - Configuration saved successfully
2025-03-08 13:30:41,399 - app.utils.config - INFO - Configuration updated: language = zh_CN
2025-03-08 13:30:41,400 - app.utils.config - INFO - Configuration saved successfully
2025-03-08 13:30:41,416 - app.utils.config - INFO - Configuration saved successfully
2025-03-08 13:30:43,593 - app.gui.settings_dialog - INFO - Initializing SettingsDialog
2025-03-08 13:30:43,615 - app.gui.settings_dialog - INFO - SettingsDialog initialization complete
2025-03-08 13:30:45,833 - app.utils.config - INFO - Configuration saved successfully
2025-03-08 13:30:45,833 - app.utils.config - INFO - Configuration updated: default_path = C:\Users\ETPau/Desktop/MicroAI_Detect
2025-03-08 13:30:45,836 - app.utils.config - INFO - Configuration saved successfully
2025-03-08 13:30:45,836 - app.utils.config - INFO - Configuration updated: export_formats = ['json', 'csv', 'xlsx']
2025-03-08 13:30:45,838 - app.utils.config - INFO - Configuration saved successfully
2025-03-08 13:30:45,839 - app.utils.config - INFO - Configuration updated: analysis_iterations = 100
2025-03-08 13:30:45,841 - app.utils.config - INFO - Configuration saved successfully
2025-03-08 13:30:45,841 - app.utils.config - INFO - Configuration updated: window.maximized = False
2025-03-08 13:30:45,843 - app.utils.config - INFO - Configuration saved successfully
2025-03-08 13:30:45,843 - app.utils.config - INFO - Configuration updated: language = zh_CN
2025-03-08 13:30:45,847 - app.utils.config - INFO - Configuration saved successfully
2025-03-08 13:30:45,867 - app.utils.config - INFO - Configuration saved successfully
2025-03-08 13:31:49,539 - __main__ - INFO - Logging initialized
2025-03-08 13:31:49,585 - __main__ - INFO - Application started: MicroAI-Colony 1.0.0
2025-03-08 13:31:49,585 - __main__ - INFO - Platform: win32, Python: 3.11.0 (main, Oct 24 2022, 18:26:48) [MSC v.1933 64 bit (AMD64)]
2025-03-08 13:31:49,585 - __main__ - INFO - Using font: Microsoft YaHei UI
2025-03-08 13:31:49,587 - app.utils.path_manager - INFO - Application directories created successfully
2025-03-08 13:31:49,587 - __main__ - INFO - Application directories created
2025-03-08 13:31:49,588 - app.utils.config - INFO - Configuration loaded successfully
2025-03-08 13:31:49,589 - app.utils.config - INFO - Configuration loaded successfully
2025-03-08 13:31:49,589 - __main__ - INFO - Configuration initialized
2025-03-08 13:31:49,589 - app.utils.i18n - INFO - Loading translations
2025-03-08 13:31:49,590 - app.utils.i18n - INFO - Loaded 76 translations for en
2025-03-08 13:31:49,590 - app.utils.i18n - INFO - Loaded 76 translations for zh_CN
2025-03-08 13:31:49,590 - app.utils.i18n - INFO - Total loaded translations: 152
2025-03-08 13:31:49,591 - app.utils.i18n - INFO - Available locales: ['en', 'zh_CN']
2025-03-08 13:31:49,591 - app.utils.i18n - INFO - Using configured locale: zh_CN
2025-03-08 13:31:49,591 - app.utils.i18n - INFO - === Translation Status ===
2025-03-08 13:31:49,591 - app.utils.i18n - INFO - Current locale: zh_CN
2025-03-08 13:31:49,591 - app.utils.i18n - INFO - Available locales: ['en', 'zh_CN']
2025-03-08 13:31:49,591 - app.utils.i18n - INFO - Initialized: True
2025-03-08 13:31:49,591 - app.utils.i18n - INFO - Loaded strings for current locale: 76
2025-03-08 13:31:49,592 - app.utils.i18n - INFO - =====================
2025-03-08 13:31:49,592 - app.utils.i18n - INFO - Translations initialized successfully
2025-03-08 13:31:49,592 - __main__ - INFO - Installed Qt translation for zh_CN
2025-03-08 13:31:49,594 - __main__ - INFO - Translations initialized. Current locale: zh_CN
2025-03-08 13:31:49,601 - __main__ - INFO - Theme applied successfully
2025-03-08 13:31:49,601 - __main__ - INFO - Creating main window...
2025-03-08 13:31:49,603 - app.gui.main_window - INFO - Initializing MainWindow
2025-03-08 13:31:49,603 - app.gui.image_list_widget - INFO - Initializing ImageBrowser
2025-03-08 13:31:49,604 - app.gui.image_list_widget - INFO - Preview label initialized
2025-03-08 13:31:49,605 - app.gui.image_list_widget - INFO - btn_import created
2025-03-08 13:31:49,605 - app.gui.image_list_widget - INFO - btn_remove created
2025-03-08 13:31:49,605 - app.gui.image_list_widget - INFO - btn_clear created
2025-03-08 13:31:49,605 - app.gui.image_list_widget - INFO - Buttons created
2025-03-08 13:31:49,606 - app.gui.image_list_widget - INFO - Setting up ImageBrowser UI
2025-03-08 13:31:49,606 - app.gui.image_list_widget - INFO - QHBoxLayout created
2025-03-08 13:31:49,606 - app.gui.image_list_widget - INFO - Button group created
2025-03-08 13:31:49,607 - app.gui.image_list_widget - INFO - List group created
2025-03-08 13:31:49,607 - app.gui.image_list_widget - INFO - QVBoxLayout created
2025-03-08 13:31:49,607 - app.gui.image_list_widget - INFO - Groups added to left panel
2025-03-08 13:31:49,607 - app.gui.image_list_widget - INFO - Left panel added to layout
2025-03-08 13:31:49,608 - app.gui.image_list_widget - INFO - Preview group added to layout
2025-03-08 13:31:49,608 - app.gui.image_list_widget - INFO - Layout set
2025-03-08 13:31:49,608 - app.gui.image_list_widget - INFO - Button states updated
2025-03-08 13:31:49,608 - app.gui.image_list_widget - INFO - UI setup complete
2025-03-08 13:31:49,609 - app.gui.image_list_widget - INFO - Signals connected
2025-03-08 13:31:49,609 - app.gui.image_list_widget - INFO - ImageBrowser initialization complete
2025-03-08 13:31:49,616 - app.gui.result_visualizer - INFO - Initializing ResultVisualizer
2025-03-08 13:31:49,618 - app.gui.result_visualizer - INFO - ResultVisualizer initialization complete
2025-03-08 13:31:49,644 - app.gui.main_window - INFO - MainWindow initialization complete
2025-03-08 13:31:49,644 - app.gui.settings_dialog - INFO - Initializing SettingsDialog
2025-03-08 13:31:49,649 - app.gui.settings_dialog - INFO - SettingsDialog initialization complete
2025-03-08 13:31:49,787 - __main__ - INFO - Main window initialized and shown
2025-03-08 13:32:02,981 - app.gui.settings_dialog - INFO - Initializing SettingsDialog
2025-03-08 13:32:02,993 - app.gui.settings_dialog - INFO - SettingsDialog initialization complete
2025-03-08 13:32:05,690 - app.utils.config - INFO - Configuration saved successfully
2025-03-08 13:32:05,690 - app.utils.config - INFO - Configuration updated: default_path = C:\Users\ETPau/Desktop/MicroAI_Detect
2025-03-08 13:32:05,692 - app.utils.config - INFO - Configuration saved successfully
2025-03-08 13:32:05,692 - app.utils.config - INFO - Configuration updated: export_formats = ['json', 'csv', 'xlsx']
2025-03-08 13:32:05,694 - app.utils.config - INFO - Configuration saved successfully
2025-03-08 13:32:05,694 - app.utils.config - INFO - Configuration updated: analysis_iterations = 100
2025-03-08 13:32:05,695 - app.utils.config - INFO - Configuration saved successfully
2025-03-08 13:32:05,696 - app.utils.config - INFO - Configuration updated: window.maximized = False
2025-03-08 13:32:05,697 - app.utils.config - INFO - Configuration saved successfully
2025-03-08 13:32:05,698 - app.utils.config - INFO - Configuration updated: language = en
2025-03-08 13:32:05,699 - app.utils.config - INFO - Configuration saved successfully
2025-03-08 13:32:05,717 - app.utils.config - INFO - Configuration saved successfully
2025-03-08 13:32:07,291 - app.gui.settings_dialog - INFO - Initializing SettingsDialog
2025-03-08 13:32:07,297 - app.gui.settings_dialog - INFO - SettingsDialog initialization complete
2025-03-08 13:32:09,402 - app.utils.config - INFO - Configuration saved successfully
2025-03-08 13:32:09,402 - app.utils.config - INFO - Configuration updated: default_path = C:\Users\ETPau/Desktop/MicroAI_Detect
2025-03-08 13:32:09,403 - app.utils.config - INFO - Configuration saved successfully
2025-03-08 13:32:09,403 - app.utils.config - INFO - Configuration updated: export_formats = ['json', 'csv', 'xlsx']
2025-03-08 13:32:09,405 - app.utils.config - INFO - Configuration saved successfully
2025-03-08 13:32:09,405 - app.utils.config - INFO - Configuration updated: analysis_iterations = 100
2025-03-08 13:32:09,406 - app.utils.config - INFO - Configuration saved successfully
2025-03-08 13:32:09,406 - app.utils.config - INFO - Configuration updated: window.maximized = False
2025-03-08 13:32:09,407 - app.utils.config - INFO - Configuration saved successfully
2025-03-08 13:32:09,408 - app.utils.config - INFO - Configuration updated: language = zh_CN
2025-03-08 13:32:09,409 - app.utils.config - INFO - Configuration saved successfully
2025-03-08 13:32:09,424 - app.utils.config - INFO - Configuration saved successfully
2025-03-08 13:32:11,190 - app.gui.settings_dialog - INFO - Initializing SettingsDialog
2025-03-08 13:32:11,195 - app.gui.settings_dialog - INFO - SettingsDialog initialization complete
2025-03-08 13:32:12,799 - app.utils.config - INFO - Configuration saved successfully
2025-03-08 13:32:12,799 - app.utils.config - INFO - Configuration updated: default_path = C:\Users\ETPau/Desktop/MicroAI_Detect
2025-03-08 13:32:12,800 - app.utils.config - INFO - Configuration saved successfully
2025-03-08 13:32:12,801 - app.utils.config - INFO - Configuration updated: export_formats = ['json', 'csv', 'xlsx']
2025-03-08 13:32:12,802 - app.utils.config - INFO - Configuration saved successfully
2025-03-08 13:32:12,802 - app.utils.config - INFO - Configuration updated: analysis_iterations = 100
2025-03-08 13:32:12,803 - app.utils.config - INFO - Configuration saved successfully
2025-03-08 13:32:12,803 - app.utils.config - INFO - Configuration updated: window.maximized = False
2025-03-08 13:32:12,806 - app.utils.config - INFO - Configuration saved successfully
2025-03-08 13:32:12,806 - app.utils.config - INFO - Configuration updated: language = zh_CN
2025-03-08 13:32:12,807 - app.utils.config - INFO - Configuration saved successfully
2025-03-08 13:32:12,822 - app.utils.config - INFO - Configuration saved successfully
2025-03-08 13:33:10,148 - __main__ - INFO - Logging initialized
2025-03-08 13:33:10,223 - __main__ - INFO - Application started: MicroAI-Colony 1.0.0
2025-03-08 13:33:10,223 - __main__ - INFO - Platform: win32, Python: 3.11.0 (main, Oct 24 2022, 18:26:48) [MSC v.1933 64 bit (AMD64)]
2025-03-08 13:33:10,224 - __main__ - INFO - Using font: Microsoft YaHei UI
2025-03-08 13:33:10,226 - app.utils.path_manager - INFO - Application directories created successfully
2025-03-08 13:33:10,226 - __main__ - INFO - Application directories created
2025-03-08 13:33:10,227 - app.utils.config - INFO - Configuration loaded successfully
2025-03-08 13:33:10,228 - app.utils.config - INFO - Configuration loaded successfully
2025-03-08 13:33:10,228 - __main__ - INFO - Configuration initialized
2025-03-08 13:33:10,228 - app.utils.i18n - INFO - Loading translations
2025-03-08 13:33:10,231 - app.utils.i18n - INFO - Loaded 76 translations for en
2025-03-08 13:33:10,233 - app.utils.i18n - INFO - Loaded 76 translations for zh_CN
2025-03-08 13:33:10,233 - app.utils.i18n - INFO - Total loaded translations: 152
2025-03-08 13:33:10,233 - app.utils.i18n - INFO - Available locales: ['en', 'zh_CN']
2025-03-08 13:33:10,233 - app.utils.i18n - INFO - Using configured locale: zh_CN
2025-03-08 13:33:10,235 - app.utils.i18n - INFO - === Translation Status ===
2025-03-08 13:33:10,238 - app.utils.i18n - INFO - Current locale: zh_CN
2025-03-08 13:33:10,238 - app.utils.i18n - INFO - Available locales: ['en', 'zh_CN']
2025-03-08 13:33:10,239 - app.utils.i18n - INFO - Initialized: True
2025-03-08 13:33:10,239 - app.utils.i18n - INFO - Loaded strings for current locale: 76
2025-03-08 13:33:10,239 - app.utils.i18n - INFO - =====================
2025-03-08 13:33:10,239 - app.utils.i18n - INFO - Translations initialized successfully
2025-03-08 13:33:10,240 - __main__ - INFO - Installed Qt translation for zh_CN
2025-03-08 13:33:10,242 - __main__ - INFO - Translations initialized. Current locale: zh_CN
2025-03-08 13:33:10,253 - __main__ - INFO - Theme applied successfully
2025-03-08 13:33:10,253 - __main__ - INFO - Creating main window...
2025-03-08 13:33:10,254 - app.gui.main_window - INFO - Initializing MainWindow
2025-03-08 13:33:10,256 - app.gui.image_list_widget - INFO - Initializing ImageBrowser
2025-03-08 13:33:10,257 - app.gui.image_list_widget - INFO - Preview label initialized
2025-03-08 13:33:10,257 - app.gui.image_list_widget - INFO - btn_import created
2025-03-08 13:33:10,258 - app.gui.image_list_widget - INFO - btn_remove created
2025-03-08 13:33:10,258 - app.gui.image_list_widget - INFO - btn_clear created
2025-03-08 13:33:10,258 - app.gui.image_list_widget - INFO - Buttons created
2025-03-08 13:33:10,258 - app.gui.image_list_widget - INFO - Setting up ImageBrowser UI
2025-03-08 13:33:10,259 - app.gui.image_list_widget - INFO - QHBoxLayout created
2025-03-08 13:33:10,259 - app.gui.image_list_widget - INFO - Button group created
2025-03-08 13:33:10,261 - app.gui.image_list_widget - INFO - List group created
2025-03-08 13:33:10,261 - app.gui.image_list_widget - INFO - QVBoxLayout created
2025-03-08 13:33:10,262 - app.gui.image_list_widget - INFO - Groups added to left panel
2025-03-08 13:33:10,262 - app.gui.image_list_widget - INFO - Left panel added to layout
2025-03-08 13:33:10,262 - app.gui.image_list_widget - INFO - Preview group added to layout
2025-03-08 13:33:10,263 - app.gui.image_list_widget - INFO - Layout set
2025-03-08 13:33:10,263 - app.gui.image_list_widget - INFO - Button states updated
2025-03-08 13:33:10,264 - app.gui.image_list_widget - INFO - UI setup complete
2025-03-08 13:33:10,264 - app.gui.image_list_widget - INFO - Signals connected
2025-03-08 13:33:10,264 - app.gui.image_list_widget - INFO - ImageBrowser initialization complete
2025-03-08 13:33:10,274 - app.gui.result_visualizer - INFO - Initializing ResultVisualizer
2025-03-08 13:33:10,276 - app.gui.result_visualizer - INFO - ResultVisualizer initialization complete
2025-03-08 13:33:10,315 - app.gui.main_window - INFO - MainWindow initialization complete
2025-03-08 13:33:10,316 - __main__ - ERROR - Failed to initialize main window: name 'SettingsDialog' is not defined
Traceback (most recent call last):
  File "C:\Users\ETPau\Documents\GitHub\CNN-\app\main.py", line 176, in main
    window.settings_dialog = SettingsDialog(window)  # Create instance
                             ^^^^^^^^^^^^^^
NameError: name 'SettingsDialog' is not defined
2025-03-08 13:34:05,164 - __main__ - INFO - Logging initialized
2025-03-08 13:34:05,209 - __main__ - INFO - Application started: MicroAI-Colony 1.0.0
2025-03-08 13:34:05,209 - __main__ - INFO - Platform: win32, Python: 3.11.0 (main, Oct 24 2022, 18:26:48) [MSC v.1933 64 bit (AMD64)]
2025-03-08 13:34:05,209 - __main__ - INFO - Using font: Microsoft YaHei UI
2025-03-08 13:34:05,210 - app.utils.path_manager - INFO - Application directories created successfully
2025-03-08 13:34:05,210 - __main__ - INFO - Application directories created
2025-03-08 13:34:05,212 - app.utils.config - INFO - Configuration loaded successfully
2025-03-08 13:34:05,212 - app.utils.config - INFO - Configuration loaded successfully
2025-03-08 13:34:05,212 - __main__ - INFO - Configuration initialized
2025-03-08 13:34:05,213 - app.utils.i18n - INFO - Loading translations
2025-03-08 13:34:05,214 - app.utils.i18n - INFO - Loaded 76 translations for en
2025-03-08 13:34:05,214 - app.utils.i18n - INFO - Loaded 76 translations for zh_CN
2025-03-08 13:34:05,214 - app.utils.i18n - INFO - Total loaded translations: 152
2025-03-08 13:34:05,215 - app.utils.i18n - INFO - Available locales: ['en', 'zh_CN']
2025-03-08 13:34:05,215 - app.utils.i18n - INFO - Using configured locale: zh_CN
2025-03-08 13:34:05,215 - app.utils.i18n - INFO - === Translation Status ===
2025-03-08 13:34:05,215 - app.utils.i18n - INFO - Current locale: zh_CN
2025-03-08 13:34:05,215 - app.utils.i18n - INFO - Available locales: ['en', 'zh_CN']
2025-03-08 13:34:05,215 - app.utils.i18n - INFO - Initialized: True
2025-03-08 13:34:05,215 - app.utils.i18n - INFO - Loaded strings for current locale: 76
2025-03-08 13:34:05,216 - app.utils.i18n - INFO - =====================
2025-03-08 13:34:05,216 - app.utils.i18n - INFO - Translations initialized successfully
2025-03-08 13:34:05,217 - __main__ - INFO - Installed Qt translation for zh_CN
2025-03-08 13:34:05,217 - __main__ - INFO - Translations initialized. Current locale: zh_CN
2025-03-08 13:34:05,230 - __main__ - INFO - Theme applied successfully
2025-03-08 13:34:05,230 - __main__ - INFO - Creating main window...
2025-03-08 13:34:05,232 - app.gui.main_window - INFO - Initializing MainWindow
2025-03-08 13:34:05,232 - app.gui.image_list_widget - INFO - Initializing ImageBrowser
2025-03-08 13:34:05,233 - app.gui.image_list_widget - INFO - Preview label initialized
2025-03-08 13:34:05,234 - app.gui.image_list_widget - INFO - btn_import created
2025-03-08 13:34:05,234 - app.gui.image_list_widget - INFO - btn_remove created
2025-03-08 13:34:05,235 - app.gui.image_list_widget - INFO - btn_clear created
2025-03-08 13:34:05,235 - app.gui.image_list_widget - INFO - Buttons created
2025-03-08 13:34:05,235 - app.gui.image_list_widget - INFO - Setting up ImageBrowser UI
2025-03-08 13:34:05,235 - app.gui.image_list_widget - INFO - QHBoxLayout created
2025-03-08 13:34:05,237 - app.gui.image_list_widget - INFO - Button group created
2025-03-08 13:34:05,238 - app.gui.image_list_widget - INFO - List group created
2025-03-08 13:34:05,238 - app.gui.image_list_widget - INFO - QVBoxLayout created
2025-03-08 13:34:05,238 - app.gui.image_list_widget - INFO - Groups added to left panel
2025-03-08 13:34:05,239 - app.gui.image_list_widget - INFO - Left panel added to layout
2025-03-08 13:34:05,240 - app.gui.image_list_widget - INFO - Preview group added to layout
2025-03-08 13:34:05,240 - app.gui.image_list_widget - INFO - Layout set
2025-03-08 13:34:05,241 - app.gui.image_list_widget - INFO - Button states updated
2025-03-08 13:34:05,241 - app.gui.image_list_widget - INFO - UI setup complete
2025-03-08 13:34:05,241 - app.gui.image_list_widget - INFO - Signals connected
2025-03-08 13:34:05,242 - app.gui.image_list_widget - INFO - ImageBrowser initialization complete
2025-03-08 13:34:05,252 - app.gui.result_visualizer - INFO - Initializing ResultVisualizer
2025-03-08 13:34:05,255 - app.gui.result_visualizer - INFO - ResultVisualizer initialization complete
2025-03-08 13:34:05,289 - app.gui.main_window - INFO - MainWindow initialization complete
2025-03-08 13:34:05,290 - app.gui.settings_dialog - INFO - Initializing SettingsDialog
2025-03-08 13:34:05,295 - app.gui.settings_dialog - INFO - SettingsDialog initialization complete
2025-03-08 13:34:05,509 - __main__ - INFO - Main window initialized and shown
2025-03-08 13:34:08,275 - app.gui.settings_dialog - INFO - Initializing SettingsDialog
2025-03-08 13:34:08,285 - app.gui.settings_dialog - INFO - SettingsDialog initialization complete
2025-03-08 13:34:10,282 - app.utils.config - INFO - Configuration saved successfully
2025-03-08 13:34:10,283 - app.utils.config - INFO - Configuration updated: default_path = C:\Users\ETPau/Desktop/MicroAI_Detect
2025-03-08 13:34:10,285 - app.utils.config - INFO - Configuration saved successfully
2025-03-08 13:34:10,286 - app.utils.config - INFO - Configuration updated: export_formats = ['json', 'csv', 'xlsx']
2025-03-08 13:34:10,288 - app.utils.config - INFO - Configuration saved successfully
2025-03-08 13:34:10,288 - app.utils.config - INFO - Configuration updated: analysis_iterations = 100
2025-03-08 13:34:10,290 - app.utils.config - INFO - Configuration saved successfully
2025-03-08 13:34:10,290 - app.utils.config - INFO - Configuration updated: window.maximized = False
2025-03-08 13:34:10,293 - app.utils.config - INFO - Configuration saved successfully
2025-03-08 13:34:10,294 - app.utils.config - INFO - Configuration updated: language = zh_CN
2025-03-08 13:34:10,295 - app.utils.config - INFO - Configuration saved successfully
2025-03-08 13:34:10,315 - app.utils.config - INFO - Configuration saved successfully
2025-03-08 13:34:14,832 - app.gui.settings_dialog - INFO - Initializing SettingsDialog
2025-03-08 13:34:14,841 - app.gui.settings_dialog - INFO - SettingsDialog initialization complete
2025-03-08 13:34:16,547 - app.utils.config - INFO - Configuration saved successfully
2025-03-08 13:34:16,547 - app.utils.config - INFO - Configuration updated: default_path = C:\Users\ETPau/Desktop/MicroAI_Detect
2025-03-08 13:34:16,549 - app.utils.config - INFO - Configuration saved successfully
2025-03-08 13:34:16,549 - app.utils.config - INFO - Configuration updated: export_formats = ['json', 'csv', 'xlsx']
2025-03-08 13:34:16,550 - app.utils.config - INFO - Configuration saved successfully
2025-03-08 13:34:16,551 - app.utils.config - INFO - Configuration updated: analysis_iterations = 100
2025-03-08 13:34:16,552 - app.utils.config - INFO - Configuration saved successfully
2025-03-08 13:34:16,553 - app.utils.config - INFO - Configuration updated: window.maximized = False
2025-03-08 13:34:16,554 - app.utils.config - INFO - Configuration saved successfully
2025-03-08 13:34:16,554 - app.utils.config - INFO - Configuration updated: language = en
2025-03-08 13:34:16,555 - app.utils.config - INFO - Configuration saved successfully
2025-03-08 13:34:16,575 - app.utils.config - INFO - Configuration saved successfully
2025-03-08 13:34:18,078 - app.gui.settings_dialog - INFO - Initializing SettingsDialog
2025-03-08 13:34:18,086 - app.gui.settings_dialog - INFO - SettingsDialog initialization complete
2025-03-08 13:34:20,657 - app.utils.config - INFO - Configuration saved successfully
2025-03-08 13:34:20,657 - app.utils.config - INFO - Configuration updated: default_path = C:\Users\ETPau/Desktop/MicroAI_Detect
2025-03-08 13:34:20,658 - app.utils.config - INFO - Configuration saved successfully
2025-03-08 13:34:20,658 - app.utils.config - INFO - Configuration updated: export_formats = ['json', 'csv', 'xlsx']
2025-03-08 13:34:20,659 - app.utils.config - INFO - Configuration saved successfully
2025-03-08 13:34:20,660 - app.utils.config - INFO - Configuration updated: analysis_iterations = 100
2025-03-08 13:34:20,661 - app.utils.config - INFO - Configuration saved successfully
2025-03-08 13:34:20,661 - app.utils.config - INFO - Configuration updated: window.maximized = False
2025-03-08 13:34:20,662 - app.utils.config - INFO - Configuration saved successfully
2025-03-08 13:34:20,664 - app.utils.config - INFO - Configuration updated: language = zh_CN
2025-03-08 13:34:20,665 - app.utils.config - INFO - Configuration saved successfully
2025-03-08 13:34:20,681 - app.utils.config - INFO - Configuration saved successfully
2025-03-08 13:46:20,013 - __main__ - INFO - Logging initialized
2025-03-08 13:46:20,138 - __main__ - INFO - Application started: MicroAI-Colony 1.0.0
2025-03-08 13:46:20,138 - __main__ - INFO - Platform: win32, Python: 3.11.0 (main, Oct 24 2022, 18:26:48) [MSC v.1933 64 bit (AMD64)]
2025-03-08 13:46:20,140 - __main__ - INFO - Using font: Microsoft YaHei UI
2025-03-08 13:46:20,142 - app.utils.path_manager - INFO - Application directories created successfully
2025-03-08 13:46:20,143 - __main__ - INFO - Application directories created
2025-03-08 13:46:20,144 - app.utils.config - INFO - Configuration loaded successfully
2025-03-08 13:46:20,146 - app.utils.config - INFO - Configuration loaded successfully
2025-03-08 13:46:20,146 - __main__ - INFO - Configuration initialized
2025-03-08 13:46:20,147 - app.utils.i18n - INFO - Loading translations
2025-03-08 13:46:20,149 - app.utils.i18n - INFO - Loaded 76 translations for en
2025-03-08 13:46:20,150 - app.utils.i18n - INFO - Loaded 76 translations for zh_CN
2025-03-08 13:46:20,150 - app.utils.i18n - INFO - Total loaded translations: 152
2025-03-08 13:46:20,150 - app.utils.i18n - INFO - Available locales: ['en', 'zh_CN']
2025-03-08 13:46:20,150 - app.utils.i18n - INFO - Using configured locale: zh_CN
2025-03-08 13:46:20,150 - app.utils.i18n - INFO - === Translation Status ===
2025-03-08 13:46:20,152 - app.utils.i18n - INFO - Current locale: zh_CN
2025-03-08 13:46:20,152 - app.utils.i18n - INFO - Available locales: ['en', 'zh_CN']
2025-03-08 13:46:20,152 - app.utils.i18n - INFO - Initialized: True
2025-03-08 13:46:20,152 - app.utils.i18n - INFO - Loaded strings for current locale: 76
2025-03-08 13:46:20,153 - app.utils.i18n - INFO - =====================
2025-03-08 13:46:20,153 - app.utils.i18n - INFO - Translations initialized successfully
2025-03-08 13:46:20,153 - __main__ - ERROR - Failed to initialize application components: name 'QTranslator' is not defined
2025-03-08 13:46:35,454 - __main__ - INFO - Logging initialized
2025-03-08 13:46:35,510 - __main__ - INFO - Application started: MicroAI-Colony 1.0.0
2025-03-08 13:46:35,510 - __main__ - INFO - Platform: win32, Python: 3.11.0 (main, Oct 24 2022, 18:26:48) [MSC v.1933 64 bit (AMD64)]
2025-03-08 13:46:35,511 - __main__ - INFO - Using font: Microsoft YaHei UI
2025-03-08 13:46:35,512 - app.utils.path_manager - INFO - Application directories created successfully
2025-03-08 13:46:35,512 - __main__ - INFO - Application directories created
2025-03-08 13:46:35,512 - app.utils.config - INFO - Configuration loaded successfully
2025-03-08 13:46:35,514 - app.utils.config - INFO - Configuration loaded successfully
2025-03-08 13:46:35,514 - __main__ - INFO - Configuration initialized
2025-03-08 13:46:35,514 - app.utils.i18n - INFO - Loading translations
2025-03-08 13:46:35,517 - app.utils.i18n - INFO - Loaded 76 translations for en
2025-03-08 13:46:35,517 - app.utils.i18n - INFO - Loaded 76 translations for zh_CN
2025-03-08 13:46:35,517 - app.utils.i18n - INFO - Total loaded translations: 152
2025-03-08 13:46:35,518 - app.utils.i18n - INFO - Available locales: ['en', 'zh_CN']
2025-03-08 13:46:35,518 - app.utils.i18n - INFO - Using configured locale: zh_CN
2025-03-08 13:46:35,518 - app.utils.i18n - INFO - === Translation Status ===
2025-03-08 13:46:35,519 - app.utils.i18n - INFO - Current locale: zh_CN
2025-03-08 13:46:35,519 - app.utils.i18n - INFO - Available locales: ['en', 'zh_CN']
2025-03-08 13:46:35,519 - app.utils.i18n - INFO - Initialized: True
2025-03-08 13:46:35,520 - app.utils.i18n - INFO - Loaded strings for current locale: 76
2025-03-08 13:46:35,520 - app.utils.i18n - INFO - =====================
2025-03-08 13:46:35,520 - app.utils.i18n - INFO - Translations initialized successfully
2025-03-08 13:46:35,520 - __main__ - ERROR - Failed to initialize application components: name 'QTranslator' is not defined
2025-03-08 13:47:46,736 - __main__ - INFO - Logging initialized
2025-03-08 13:47:46,779 - __main__ - INFO - Application started: MicroAI-Colony 1.0.0
2025-03-08 13:47:46,780 - __main__ - INFO - Platform: win32, Python: 3.11.0 (main, Oct 24 2022, 18:26:48) [MSC v.1933 64 bit (AMD64)]
2025-03-08 13:47:46,780 - __main__ - INFO - Using font: Microsoft YaHei UI
2025-03-08 13:47:46,781 - app.utils.path_manager - INFO - Application directories created successfully
2025-03-08 13:47:46,781 - __main__ - INFO - Application directories created
2025-03-08 13:47:46,782 - app.utils.config - INFO - Configuration loaded successfully
2025-03-08 13:47:46,783 - app.utils.config - INFO - Configuration loaded successfully
2025-03-08 13:47:46,783 - __main__ - INFO - Configuration initialized
2025-03-08 13:47:46,783 - app.utils.i18n - INFO - Loading translations
2025-03-08 13:47:46,784 - app.utils.i18n - INFO - Loaded 76 translations for en
2025-03-08 13:47:46,785 - app.utils.i18n - INFO - Loaded 76 translations for zh_CN
2025-03-08 13:47:46,786 - app.utils.i18n - INFO - Total loaded translations: 152
2025-03-08 13:47:46,786 - app.utils.i18n - INFO - Available locales: ['en', 'zh_CN']
2025-03-08 13:47:46,786 - app.utils.i18n - INFO - Using configured locale: zh_CN
2025-03-08 13:47:46,786 - app.utils.i18n - INFO - === Translation Status ===
2025-03-08 13:47:46,787 - app.utils.i18n - INFO - Current locale: zh_CN
2025-03-08 13:47:46,787 - app.utils.i18n - INFO - Available locales: ['en', 'zh_CN']
2025-03-08 13:47:46,787 - app.utils.i18n - INFO - Initialized: True
2025-03-08 13:47:46,787 - app.utils.i18n - INFO - Loaded strings for current locale: 76
2025-03-08 13:47:46,787 - app.utils.i18n - INFO - =====================
2025-03-08 13:47:46,788 - app.utils.i18n - INFO - Translations initialized successfully
2025-03-08 13:47:46,792 - __main__ - INFO - Installed Qt translation for zh_CN
2025-03-08 13:47:46,793 - __main__ - INFO - Translations initialized. Current locale: zh_CN
2025-03-08 13:47:46,793 - __main__ - ERROR - Application failed to start: module 'siui' has no attribute 'theme'
Traceback (most recent call last):
  File "C:\Users\ETPau\Documents\GitHub\CNN-\app\main.py", line 130, in main
    app.setStyleSheet(siui.theme.get_stylesheet("dark"))
                      ^^^^^^^^^^
AttributeError: module 'siui' has no attribute 'theme'
2025-03-08 13:51:32,352 - __main__ - INFO - Logging initialized
2025-03-08 13:51:32,391 - __main__ - INFO - Application started: MicroAI-Colony 1.0.0
2025-03-08 13:51:32,392 - __main__ - INFO - Platform: win32, Python: 3.11.0 (main, Oct 24 2022, 18:26:48) [MSC v.1933 64 bit (AMD64)]
2025-03-08 13:51:32,392 - __main__ - INFO - Using font: Microsoft YaHei UI
2025-03-08 13:51:32,393 - app.utils.path_manager - INFO - Application directories created successfully
2025-03-08 13:51:32,394 - __main__ - INFO - Application directories created
2025-03-08 13:51:32,394 - app.utils.config - INFO - Configuration loaded successfully
2025-03-08 13:51:32,395 - app.utils.config - INFO - Configuration loaded successfully
2025-03-08 13:51:32,395 - __main__ - INFO - Configuration initialized
2025-03-08 13:51:32,395 - app.utils.i18n - INFO - Loading translations
2025-03-08 13:51:32,396 - app.utils.i18n - INFO - Loaded 76 translations for en
2025-03-08 13:51:32,397 - app.utils.i18n - INFO - Loaded 76 translations for zh_CN
2025-03-08 13:51:32,397 - app.utils.i18n - INFO - Total loaded translations: 152
2025-03-08 13:51:32,397 - app.utils.i18n - INFO - Available locales: ['en', 'zh_CN']
2025-03-08 13:51:32,398 - app.utils.i18n - INFO - Using configured locale: zh_CN
2025-03-08 13:51:32,398 - app.utils.i18n - INFO - === Translation Status ===
2025-03-08 13:51:32,398 - app.utils.i18n - INFO - Current locale: zh_CN
2025-03-08 13:51:32,398 - app.utils.i18n - INFO - Available locales: ['en', 'zh_CN']
2025-03-08 13:51:32,398 - app.utils.i18n - INFO - Initialized: True
2025-03-08 13:51:32,398 - app.utils.i18n - INFO - Loaded strings for current locale: 76
2025-03-08 13:51:32,400 - app.utils.i18n - INFO - =====================
2025-03-08 13:51:32,400 - app.utils.i18n - INFO - Translations initialized successfully
2025-03-08 13:51:32,401 - __main__ - INFO - Installed Qt translation for zh_CN
2025-03-08 13:51:32,401 - __main__ - INFO - Translations initialized. Current locale: zh_CN
2025-03-08 13:51:32,403 - __main__ - INFO - Theme applied successfully
2025-03-08 13:51:32,404 - __main__ - INFO - Creating main window...
2025-03-08 13:51:32,407 - app.gui.main_window - INFO - Initializing MainWindow
2025-03-08 13:51:32,411 - app.gui.image_list_widget - INFO - Initializing ImageBrowser
2025-03-08 13:51:32,417 - app.gui.image_list_widget - INFO - Preview label initialized
2025-03-08 13:51:32,417 - app.gui.image_list_widget - INFO - btn_import created
2025-03-08 13:51:32,418 - app.gui.image_list_widget - INFO - btn_remove created
2025-03-08 13:51:32,418 - app.gui.image_list_widget - INFO - btn_clear created
2025-03-08 13:51:32,418 - app.gui.image_list_widget - INFO - Buttons created
2025-03-08 13:51:32,418 - app.gui.image_list_widget - INFO - Setting up ImageBrowser UI
2025-03-08 13:51:32,419 - app.gui.image_list_widget - INFO - QHBoxLayout created
2025-03-08 13:51:32,420 - app.gui.image_list_widget - INFO - Button group created
2025-03-08 13:51:32,421 - app.gui.image_list_widget - INFO - List group created
2025-03-08 13:51:32,421 - app.gui.image_list_widget - INFO - QVBoxLayout created
2025-03-08 13:51:32,423 - app.gui.image_list_widget - INFO - Groups added to left panel
2025-03-08 13:51:32,423 - app.gui.image_list_widget - INFO - Left panel added to layout
2025-03-08 13:51:32,423 - app.gui.image_list_widget - INFO - Preview group added to layout
2025-03-08 13:51:32,425 - app.gui.image_list_widget - INFO - Layout set
2025-03-08 13:51:32,426 - app.gui.image_list_widget - INFO - Button states updated
2025-03-08 13:51:32,426 - app.gui.image_list_widget - INFO - UI setup complete
2025-03-08 13:51:32,426 - app.gui.image_list_widget - INFO - Signals connected
2025-03-08 13:51:32,427 - app.gui.image_list_widget - INFO - ImageBrowser initialization complete
2025-03-08 13:51:32,443 - app.gui.result_visualizer - INFO - Initializing ResultVisualizer
2025-03-08 13:51:32,446 - app.gui.result_visualizer - INFO - ResultVisualizer initialization complete
2025-03-08 13:51:32,516 - app.gui.main_window - INFO - MainWindow initialization complete
2025-03-08 13:51:32,518 - app.gui.settings_dialog - INFO - Initializing SettingsDialog
2025-03-08 13:51:32,536 - app.gui.settings_dialog - INFO - SettingsDialog initialization complete
2025-03-08 13:51:32,784 - __main__ - INFO - Main window initialized and shown
2025-03-08 13:52:13,559 - app.gui.settings_dialog - INFO - Initializing SettingsDialog
2025-03-08 13:52:13,566 - app.gui.settings_dialog - INFO - SettingsDialog initialization complete
2025-03-08 13:52:17,494 - app.utils.config - INFO - Configuration saved successfully
2025-03-08 13:52:17,494 - app.utils.config - INFO - Configuration updated: default_path = C:\Users\ETPau/Desktop/MicroAI_Detect
2025-03-08 13:52:17,495 - app.utils.config - INFO - Configuration saved successfully
2025-03-08 13:52:17,496 - app.utils.config - INFO - Configuration updated: export_formats = ['json', 'csv', 'xlsx']
2025-03-08 13:52:17,497 - app.utils.config - INFO - Configuration saved successfully
2025-03-08 13:52:17,497 - app.utils.config - INFO - Configuration updated: analysis_iterations = 100
2025-03-08 13:52:17,498 - app.utils.config - INFO - Configuration saved successfully
2025-03-08 13:52:17,499 - app.utils.config - INFO - Configuration updated: window.maximized = False
2025-03-08 13:52:17,500 - app.utils.config - INFO - Configuration saved successfully
2025-03-08 13:52:17,500 - app.utils.config - INFO - Configuration updated: language = zh_CN
2025-03-08 13:52:17,502 - app.utils.config - INFO - Configuration saved successfully
2025-03-08 13:52:17,527 - app.utils.config - INFO - Configuration saved successfully
2025-03-08 13:52:20,867 - app.gui.settings_dialog - INFO - Initializing SettingsDialog
2025-03-08 13:52:20,875 - app.gui.settings_dialog - INFO - SettingsDialog initialization complete
2025-03-08 13:52:22,937 - app.utils.config - INFO - Configuration saved successfully
2025-03-08 13:52:22,938 - app.utils.config - INFO - Configuration updated: default_path = C:\Users\ETPau/Desktop/MicroAI_Detect
2025-03-08 13:52:22,939 - app.utils.config - INFO - Configuration saved successfully
2025-03-08 13:52:22,940 - app.utils.config - INFO - Configuration updated: export_formats = ['json', 'csv', 'xlsx']
2025-03-08 13:52:22,941 - app.utils.config - INFO - Configuration saved successfully
2025-03-08 13:52:22,941 - app.utils.config - INFO - Configuration updated: analysis_iterations = 100
2025-03-08 13:52:22,942 - app.utils.config - INFO - Configuration saved successfully
2025-03-08 13:52:22,943 - app.utils.config - INFO - Configuration updated: window.maximized = False
2025-03-08 13:52:22,944 - app.utils.config - INFO - Configuration saved successfully
2025-03-08 13:52:22,944 - app.utils.config - INFO - Configuration updated: language = en
2025-03-08 13:52:22,945 - app.utils.config - INFO - Configuration saved successfully
2025-03-08 13:52:22,958 - app.utils.config - INFO - Configuration saved successfully
2025-03-08 13:52:24,444 - app.gui.settings_dialog - INFO - Initializing SettingsDialog
2025-03-08 13:52:24,452 - app.gui.settings_dialog - INFO - SettingsDialog initialization complete
2025-03-08 13:52:26,523 - app.utils.config - INFO - Configuration saved successfully
2025-03-08 13:52:26,523 - app.utils.config - INFO - Configuration updated: default_path = C:\Users\ETPau/Desktop/MicroAI_Detect
2025-03-08 13:52:26,525 - app.utils.config - INFO - Configuration saved successfully
2025-03-08 13:52:26,525 - app.utils.config - INFO - Configuration updated: export_formats = ['json', 'csv', 'xlsx']
2025-03-08 13:52:26,526 - app.utils.config - INFO - Configuration saved successfully
2025-03-08 13:52:26,526 - app.utils.config - INFO - Configuration updated: analysis_iterations = 100
2025-03-08 13:52:26,528 - app.utils.config - INFO - Configuration saved successfully
2025-03-08 13:52:26,528 - app.utils.config - INFO - Configuration updated: window.maximized = False
2025-03-08 13:52:26,529 - app.utils.config - INFO - Configuration saved successfully
2025-03-08 13:52:26,530 - app.utils.config - INFO - Configuration updated: language = zh_CN
2025-03-08 13:52:26,531 - app.utils.config - INFO - Configuration saved successfully
2025-03-08 13:52:26,546 - app.utils.config - INFO - Configuration saved successfully
2025-03-08 13:57:50,117 - __main__ - INFO - Logging initialized
2025-03-08 13:57:50,172 - __main__ - INFO - Application started: MicroAI-Colony 1.0.0
2025-03-08 13:57:50,173 - __main__ - INFO - Platform: win32, Python: 3.11.0 (main, Oct 24 2022, 18:26:48) [MSC v.1933 64 bit (AMD64)]
2025-03-08 13:57:50,173 - __main__ - INFO - Using font: Microsoft YaHei UI
2025-03-08 13:57:50,174 - app.utils.path_manager - INFO - Application directories created successfully
2025-03-08 13:57:50,174 - __main__ - INFO - Application directories created
2025-03-08 13:57:50,175 - app.utils.config - INFO - Configuration loaded successfully
2025-03-08 13:57:50,176 - app.utils.config - INFO - Configuration loaded successfully
2025-03-08 13:57:50,176 - __main__ - INFO - Configuration initialized
2025-03-08 13:57:50,176 - app.utils.i18n - INFO - Loading translations
2025-03-08 13:57:50,178 - app.utils.i18n - INFO - Loaded 76 translations for en
2025-03-08 13:57:50,178 - app.utils.i18n - INFO - Loaded 76 translations for zh_CN
2025-03-08 13:57:50,178 - app.utils.i18n - INFO - Total loaded translations: 152
2025-03-08 13:57:50,179 - app.utils.i18n - INFO - Available locales: ['en', 'zh_CN']
2025-03-08 13:57:50,179 - app.utils.i18n - INFO - Using configured locale: zh_CN
2025-03-08 13:57:50,179 - app.utils.i18n - INFO - === Translation Status ===
2025-03-08 13:57:50,179 - app.utils.i18n - INFO - Current locale: zh_CN
2025-03-08 13:57:50,179 - app.utils.i18n - INFO - Available locales: ['en', 'zh_CN']
2025-03-08 13:57:50,180 - app.utils.i18n - INFO - Initialized: True
2025-03-08 13:57:50,180 - app.utils.i18n - INFO - Loaded strings for current locale: 76
2025-03-08 13:57:50,180 - app.utils.i18n - INFO - =====================
2025-03-08 13:57:50,180 - app.utils.i18n - INFO - Translations initialized successfully
2025-03-08 13:57:50,181 - __main__ - INFO - Installed Qt translation for zh_CN
2025-03-08 13:57:50,181 - __main__ - INFO - Translations initialized. Current locale: zh_CN
2025-03-08 13:57:50,182 - __main__ - INFO - Theme applied successfully
2025-03-08 13:57:50,183 - __main__ - INFO - Creating main window...
2025-03-08 13:57:50,184 - app.gui.main_window - INFO - Initializing MainWindow
2025-03-08 13:57:50,185 - app.gui.image_list_widget - INFO - Initializing ImageBrowser
2025-03-08 13:57:50,187 - app.gui.image_list_widget - INFO - Preview label initialized
2025-03-08 13:57:50,187 - app.gui.image_list_widget - INFO - btn_import created
2025-03-08 13:57:50,188 - app.gui.image_list_widget - INFO - btn_remove created
2025-03-08 13:57:50,188 - app.gui.image_list_widget - INFO - btn_clear created
2025-03-08 13:57:50,188 - app.gui.image_list_widget - INFO - Buttons created
2025-03-08 13:57:50,190 - app.gui.image_list_widget - INFO - Setting up ImageBrowser UI
2025-03-08 13:57:50,190 - app.gui.image_list_widget - INFO - QHBoxLayout created
2025-03-08 13:57:50,191 - app.gui.image_list_widget - INFO - Button group created
2025-03-08 13:57:50,191 - app.gui.image_list_widget - INFO - List group created
2025-03-08 13:57:50,192 - app.gui.image_list_widget - INFO - QVBoxLayout created
2025-03-08 13:57:50,192 - app.gui.image_list_widget - INFO - Groups added to left panel
2025-03-08 13:57:50,192 - app.gui.image_list_widget - INFO - Left panel added to layout
2025-03-08 13:57:50,192 - app.gui.image_list_widget - INFO - Preview group added to layout
2025-03-08 13:57:50,193 - app.gui.image_list_widget - INFO - Layout set
2025-03-08 13:57:50,193 - app.gui.image_list_widget - INFO - Button states updated
2025-03-08 13:57:50,194 - app.gui.image_list_widget - INFO - UI setup complete
2025-03-08 13:57:50,194 - app.gui.image_list_widget - INFO - Signals connected
2025-03-08 13:57:50,194 - app.gui.image_list_widget - INFO - ImageBrowser initialization complete
2025-03-08 13:57:50,206 - app.gui.result_visualizer - INFO - Initializing ResultVisualizer
2025-03-08 13:57:50,209 - app.gui.result_visualizer - INFO - ResultVisualizer initialization complete
2025-03-08 13:57:50,251 - app.gui.main_window - INFO - MainWindow initialization complete
2025-03-08 13:57:50,254 - app.gui.settings_dialog - INFO - Initializing SettingsDialog
2025-03-08 13:57:50,264 - app.gui.settings_dialog - INFO - SettingsDialog initialization complete
2025-03-08 13:57:50,407 - __main__ - INFO - Main window initialized and shown
2025-03-08 13:58:05,359 - app.gui.settings_dialog - INFO - Initializing SettingsDialog
2025-03-08 13:58:05,368 - app.gui.settings_dialog - INFO - SettingsDialog initialization complete
2025-03-08 13:58:07,243 - app.utils.config - INFO - Configuration saved successfully
2025-03-08 13:58:07,245 - app.utils.config - INFO - Configuration updated: default_path = C:\Users\ETPau/Desktop/MicroAI_Detect
2025-03-08 13:58:07,247 - app.utils.config - INFO - Configuration saved successfully
2025-03-08 13:58:07,247 - app.utils.config - INFO - Configuration updated: export_formats = ['json', 'csv', 'xlsx']
2025-03-08 13:58:07,248 - app.utils.config - INFO - Configuration saved successfully
2025-03-08 13:58:07,248 - app.utils.config - INFO - Configuration updated: analysis_iterations = 100
2025-03-08 13:58:07,251 - app.utils.config - INFO - Configuration saved successfully
2025-03-08 13:58:07,251 - app.utils.config - INFO - Configuration updated: window.maximized = False
2025-03-08 13:58:07,253 - app.utils.config - INFO - Configuration saved successfully
2025-03-08 13:58:07,253 - app.utils.config - INFO - Configuration updated: language = zh_CN
2025-03-08 13:58:07,255 - app.utils.config - INFO - Configuration saved successfully
2025-03-08 13:58:07,275 - app.utils.config - INFO - Configuration saved successfully
2025-03-08 13:58:09,276 - app.gui.settings_dialog - INFO - Initializing SettingsDialog
2025-03-08 13:58:09,284 - app.gui.settings_dialog - INFO - SettingsDialog initialization complete
2025-03-08 13:58:11,011 - app.utils.config - INFO - Configuration saved successfully
2025-03-08 13:58:11,012 - app.utils.config - INFO - Configuration updated: default_path = C:\Users\ETPau/Desktop/MicroAI_Detect
2025-03-08 13:58:11,014 - app.utils.config - INFO - Configuration saved successfully
2025-03-08 13:58:11,014 - app.utils.config - INFO - Configuration updated: export_formats = ['json', 'csv', 'xlsx']
2025-03-08 13:58:11,017 - app.utils.config - INFO - Configuration saved successfully
2025-03-08 13:58:11,017 - app.utils.config - INFO - Configuration updated: analysis_iterations = 100
2025-03-08 13:58:11,018 - app.utils.config - INFO - Configuration saved successfully
2025-03-08 13:58:11,019 - app.utils.config - INFO - Configuration updated: window.maximized = False
2025-03-08 13:58:11,022 - app.utils.config - INFO - Configuration saved successfully
2025-03-08 13:58:11,023 - app.utils.config - INFO - Configuration updated: language = en
2025-03-08 13:58:11,026 - app.utils.config - INFO - Configuration saved successfully
2025-03-08 13:58:11,044 - app.utils.config - INFO - Configuration saved successfully
2025-03-08 13:58:13,089 - app.gui.settings_dialog - INFO - Initializing SettingsDialog
2025-03-08 13:58:13,096 - app.gui.settings_dialog - INFO - SettingsDialog initialization complete
2025-03-08 13:58:15,463 - app.utils.config - INFO - Configuration saved successfully
2025-03-08 13:58:15,463 - app.utils.config - INFO - Configuration updated: default_path = C:\Users\ETPau/Desktop/MicroAI_Detect
2025-03-08 13:58:15,465 - app.utils.config - INFO - Configuration saved successfully
2025-03-08 13:58:15,465 - app.utils.config - INFO - Configuration updated: export_formats = ['json', 'csv', 'xlsx']
2025-03-08 13:58:15,466 - app.utils.config - INFO - Configuration saved successfully
2025-03-08 13:58:15,466 - app.utils.config - INFO - Configuration updated: analysis_iterations = 100
2025-03-08 13:58:15,467 - app.utils.config - INFO - Configuration saved successfully
2025-03-08 13:58:15,467 - app.utils.config - INFO - Configuration updated: window.maximized = False
2025-03-08 13:58:15,470 - app.utils.config - INFO - Configuration saved successfully
2025-03-08 13:58:15,470 - app.utils.config - INFO - Configuration updated: language = zh_CN
2025-03-08 13:58:15,471 - app.utils.config - INFO - Configuration saved successfully
2025-03-08 13:58:15,486 - app.utils.config - INFO - Configuration saved successfully
2025-03-08 13:58:17,767 - app.gui.settings_dialog - INFO - Initializing SettingsDialog
2025-03-08 13:58:17,780 - app.gui.settings_dialog - INFO - SettingsDialog initialization complete
2025-03-08 13:58:19,110 - app.utils.config - INFO - Configuration saved successfully
2025-03-08 13:58:19,110 - app.utils.config - INFO - Configuration updated: default_path = C:\Users\ETPau/Desktop/MicroAI_Detect
2025-03-08 13:58:19,113 - app.utils.config - INFO - Configuration saved successfully
2025-03-08 13:58:19,113 - app.utils.config - INFO - Configuration updated: export_formats = ['json', 'csv', 'xlsx']
2025-03-08 13:58:19,115 - app.utils.config - INFO - Configuration saved successfully
2025-03-08 13:58:19,115 - app.utils.config - INFO - Configuration updated: analysis_iterations = 100
2025-03-08 13:58:19,117 - app.utils.config - INFO - Configuration saved successfully
2025-03-08 13:58:19,117 - app.utils.config - INFO - Configuration updated: window.maximized = True
2025-03-08 13:58:19,119 - app.utils.config - INFO - Configuration saved successfully
2025-03-08 13:58:19,120 - app.utils.config - INFO - Configuration updated: language = zh_CN
2025-03-08 13:58:19,122 - app.utils.config - INFO - Configuration saved successfully
2025-03-08 13:58:19,139 - app.utils.config - INFO - Configuration saved successfully
2025-03-08 14:03:30,192 - __main__ - INFO - Logging initialized
2025-03-08 14:03:30,326 - __main__ - INFO - Application started: MicroAI-Colony 1.0.0
2025-03-08 14:03:30,326 - __main__ - INFO - Platform: win32, Python: 3.11.0 (main, Oct 24 2022, 18:26:48) [MSC v.1933 64 bit (AMD64)]
2025-03-08 14:03:30,328 - __main__ - INFO - Using font: Microsoft YaHei UI
2025-03-08 14:03:30,329 - app.utils.path_manager - INFO - Application directories created successfully
2025-03-08 14:03:30,329 - __main__ - INFO - Application directories created
2025-03-08 14:03:30,330 - app.utils.config - INFO - Configuration loaded successfully
2025-03-08 14:03:30,331 - app.utils.config - INFO - Configuration loaded successfully
2025-03-08 14:03:30,331 - __main__ - INFO - Configuration initialized
2025-03-08 14:03:30,331 - app.utils.i18n - INFO - Loading translations
2025-03-08 14:03:30,333 - app.utils.i18n - INFO - Loaded 76 translations for en
2025-03-08 14:03:30,334 - app.utils.i18n - INFO - Loaded 76 translations for zh_CN
2025-03-08 14:03:30,334 - app.utils.i18n - INFO - Total loaded translations: 152
2025-03-08 14:03:30,334 - app.utils.i18n - INFO - Available locales: ['en', 'zh_CN']
2025-03-08 14:03:30,334 - app.utils.i18n - INFO - Using configured locale: zh_CN
2025-03-08 14:03:30,334 - app.utils.i18n - INFO - === Translation Status ===
2025-03-08 14:03:30,336 - app.utils.i18n - INFO - Current locale: zh_CN
2025-03-08 14:03:30,336 - app.utils.i18n - INFO - Available locales: ['en', 'zh_CN']
2025-03-08 14:03:30,336 - app.utils.i18n - INFO - Initialized: True
2025-03-08 14:03:30,337 - app.utils.i18n - INFO - Loaded strings for current locale: 76
2025-03-08 14:03:30,337 - app.utils.i18n - INFO - =====================
2025-03-08 14:03:30,337 - app.utils.i18n - INFO - Translations initialized successfully
2025-03-08 14:03:30,341 - __main__ - INFO - Installed Qt translation for zh_CN
2025-03-08 14:03:30,342 - __main__ - INFO - Translations initialized. Current locale: zh_CN
2025-03-08 14:03:30,345 - __main__ - INFO - Theme applied successfully
2025-03-08 14:03:30,345 - __main__ - INFO - Creating main window...
2025-03-08 14:03:30,358 - app.gui.main_window - INFO - Initializing MainWindow
2025-03-08 14:03:30,367 - app.gui.image_list_widget - INFO - Initializing ImageBrowser
2025-03-08 14:03:30,374 - app.gui.image_list_widget - INFO - Preview label initialized
2025-03-08 14:03:30,375 - app.gui.image_list_widget - INFO - btn_import created
2025-03-08 14:03:30,376 - app.gui.image_list_widget - INFO - btn_remove created
2025-03-08 14:03:30,376 - app.gui.image_list_widget - INFO - btn_clear created
2025-03-08 14:03:30,376 - app.gui.image_list_widget - INFO - Buttons created
2025-03-08 14:03:30,377 - app.gui.image_list_widget - INFO - Setting up ImageBrowser UI
2025-03-08 14:03:30,377 - app.gui.image_list_widget - INFO - QHBoxLayout created
2025-03-08 14:03:30,379 - app.gui.image_list_widget - INFO - Button group created
2025-03-08 14:03:30,381 - app.gui.image_list_widget - INFO - List group created
2025-03-08 14:03:30,381 - app.gui.image_list_widget - INFO - QVBoxLayout created
2025-03-08 14:03:30,382 - app.gui.image_list_widget - INFO - Groups added to left panel
2025-03-08 14:03:30,383 - app.gui.image_list_widget - INFO - Left panel added to layout
2025-03-08 14:03:30,383 - app.gui.image_list_widget - INFO - Preview group added to layout
2025-03-08 14:03:30,384 - app.gui.image_list_widget - INFO - Layout set
2025-03-08 14:03:30,385 - app.gui.image_list_widget - INFO - Button states updated
2025-03-08 14:03:30,386 - app.gui.image_list_widget - INFO - UI setup complete
2025-03-08 14:03:30,387 - app.gui.image_list_widget - INFO - Signals connected
2025-03-08 14:03:30,389 - app.gui.image_list_widget - INFO - ImageBrowser initialization complete
2025-03-08 14:03:30,419 - app.gui.result_visualizer - INFO - Initializing ResultVisualizer
2025-03-08 14:03:30,426 - app.gui.result_visualizer - INFO - ResultVisualizer initialization complete
2025-03-08 14:03:30,499 - app.gui.main_window - INFO - MainWindow initialization complete
2025-03-08 14:03:30,798 - app.gui.settings_dialog - INFO - Initializing SettingsDialog
2025-03-08 14:03:30,813 - app.gui.settings_dialog - INFO - SettingsDialog initialization complete
2025-03-08 14:03:30,978 - __main__ - INFO - Main window initialized and shown
2025-03-08 14:03:36,799 - app.gui.settings_dialog - INFO - Initializing SettingsDialog
2025-03-08 14:03:36,813 - app.gui.settings_dialog - INFO - SettingsDialog initialization complete
2025-03-08 14:03:38,594 - app.utils.config - INFO - Configuration saved successfully
2025-03-08 14:03:38,594 - app.utils.config - INFO - Configuration updated: default_path = C:\Users\ETPau/Desktop/MicroAI_Detect
2025-03-08 14:03:38,596 - app.utils.config - INFO - Configuration saved successfully
2025-03-08 14:03:38,596 - app.utils.config - INFO - Configuration updated: export_formats = ['json', 'csv', 'xlsx']
2025-03-08 14:03:38,599 - app.utils.config - INFO - Configuration saved successfully
2025-03-08 14:03:38,599 - app.utils.config - INFO - Configuration updated: analysis_iterations = 100
2025-03-08 14:03:38,602 - app.utils.config - INFO - Configuration saved successfully
2025-03-08 14:03:38,602 - app.utils.config - INFO - Configuration updated: window.maximized = False
2025-03-08 14:03:38,603 - app.utils.config - INFO - Configuration saved successfully
2025-03-08 14:03:38,603 - app.utils.config - INFO - Configuration updated: language = zh_CN
2025-03-08 14:03:38,606 - app.utils.config - INFO - Configuration saved successfully
2025-03-08 14:03:38,636 - app.utils.config - INFO - Configuration saved successfully
2025-03-08 14:03:43,000 - app.gui.about_dialog - INFO - Initializing AboutDialog
2025-03-08 14:03:43,020 - app.gui.about_dialog - INFO - AboutDialog initialization complete
2025-03-08 14:03:48,012 - app.gui.settings_dialog - INFO - Initializing SettingsDialog
2025-03-08 14:03:48,022 - app.gui.settings_dialog - INFO - SettingsDialog initialization complete
2025-03-08 14:03:50,102 - app.utils.config - INFO - Configuration saved successfully
2025-03-08 14:03:50,103 - app.utils.config - INFO - Configuration updated: default_path = C:\Users\ETPau/Desktop/MicroAI_Detect
2025-03-08 14:03:50,104 - app.utils.config - INFO - Configuration saved successfully
2025-03-08 14:03:50,104 - app.utils.config - INFO - Configuration updated: export_formats = ['json', 'csv', 'xlsx']
2025-03-08 14:03:50,105 - app.utils.config - INFO - Configuration saved successfully
2025-03-08 14:03:50,105 - app.utils.config - INFO - Configuration updated: analysis_iterations = 100
2025-03-08 14:03:50,107 - app.utils.config - INFO - Configuration saved successfully
2025-03-08 14:03:50,107 - app.utils.config - INFO - Configuration updated: window.maximized = False
2025-03-08 14:03:50,108 - app.utils.config - INFO - Configuration saved successfully
2025-03-08 14:03:50,109 - app.utils.config - INFO - Configuration updated: language = en
2025-03-08 14:03:50,110 - app.utils.config - INFO - Configuration saved successfully
2025-03-08 14:03:50,125 - app.utils.config - INFO - Configuration saved successfully
2025-03-08 14:03:52,055 - app.gui.settings_dialog - INFO - Initializing SettingsDialog
2025-03-08 14:03:52,063 - app.gui.settings_dialog - INFO - SettingsDialog initialization complete
2025-03-08 14:03:54,378 - app.utils.config - INFO - Configuration saved successfully
2025-03-08 14:03:54,379 - app.utils.config - INFO - Configuration updated: default_path = C:\Users\ETPau/Desktop/MicroAI_Detect
2025-03-08 14:03:54,380 - app.utils.config - INFO - Configuration saved successfully
2025-03-08 14:03:54,382 - app.utils.config - INFO - Configuration updated: export_formats = ['json', 'csv', 'xlsx']
2025-03-08 14:03:54,383 - app.utils.config - INFO - Configuration saved successfully
2025-03-08 14:03:54,383 - app.utils.config - INFO - Configuration updated: analysis_iterations = 100
2025-03-08 14:03:54,384 - app.utils.config - INFO - Configuration saved successfully
2025-03-08 14:03:54,385 - app.utils.config - INFO - Configuration updated: window.maximized = False
2025-03-08 14:03:54,386 - app.utils.config - INFO - Configuration saved successfully
2025-03-08 14:03:54,386 - app.utils.config - INFO - Configuration updated: language = zh_CN
2025-03-08 14:03:54,387 - app.utils.config - INFO - Configuration saved successfully
2025-03-08 14:03:54,400 - app.utils.config - INFO - Configuration saved successfully
2025-03-08 14:10:14,564 - __main__ - INFO - Logging initialized
2025-03-08 14:10:14,615 - __main__ - INFO - Application started: MicroAI-Colony 1.0.0
2025-03-08 14:10:14,616 - __main__ - INFO - Platform: win32, Python: 3.11.0 (main, Oct 24 2022, 18:26:48) [MSC v.1933 64 bit (AMD64)]
2025-03-08 14:10:14,617 - __main__ - INFO - Using font: Microsoft YaHei UI
2025-03-08 14:10:14,618 - app.utils.path_manager - INFO - Application directories created successfully
2025-03-08 14:10:14,618 - __main__ - INFO - Application directories created
2025-03-08 14:10:14,619 - app.utils.config - INFO - Configuration loaded successfully
2025-03-08 14:10:14,619 - app.utils.config - INFO - Configuration loaded successfully
2025-03-08 14:10:14,620 - __main__ - INFO - Configuration initialized
2025-03-08 14:10:14,620 - app.utils.i18n - INFO - Loading translations
2025-03-08 14:10:14,621 - app.utils.i18n - INFO - Loaded 76 translations for en
2025-03-08 14:10:14,623 - app.utils.i18n - INFO - Loaded 76 translations for zh_CN
2025-03-08 14:10:14,623 - app.utils.i18n - INFO - Total loaded translations: 152
2025-03-08 14:10:14,623 - app.utils.i18n - INFO - Available locales: ['en', 'zh_CN']
2025-03-08 14:10:14,624 - app.utils.i18n - INFO - Using configured locale: zh_CN
2025-03-08 14:10:14,624 - app.utils.i18n - INFO - === Translation Status ===
2025-03-08 14:10:14,625 - app.utils.i18n - INFO - Current locale: zh_CN
2025-03-08 14:10:14,625 - app.utils.i18n - INFO - Available locales: ['en', 'zh_CN']
2025-03-08 14:10:14,625 - app.utils.i18n - INFO - Initialized: True
2025-03-08 14:10:14,625 - app.utils.i18n - INFO - Loaded strings for current locale: 76
2025-03-08 14:10:14,625 - app.utils.i18n - INFO - =====================
2025-03-08 14:10:14,625 - app.utils.i18n - INFO - Translations initialized successfully
2025-03-08 14:10:14,626 - __main__ - INFO - Installed Qt translation for zh_CN
2025-03-08 14:10:14,627 - __main__ - INFO - Translations initialized. Current locale: zh_CN
2025-03-08 14:10:14,627 - __main__ - INFO - Theme applied successfully
2025-03-08 14:10:14,629 - __main__ - INFO - Creating main window...
2025-03-08 14:10:14,630 - app.gui.main_window - INFO - Initializing MainWindow
2025-03-08 14:10:14,631 - app.gui.image_list_widget - INFO - Initializing ImageBrowser
2025-03-08 14:10:14,632 - app.gui.image_list_widget - INFO - Preview label initialized
2025-03-08 14:10:14,632 - app.gui.image_list_widget - INFO - btn_import created
2025-03-08 14:10:14,632 - app.gui.image_list_widget - INFO - btn_remove created
2025-03-08 14:10:14,634 - app.gui.image_list_widget - INFO - btn_clear created
2025-03-08 14:10:14,634 - app.gui.image_list_widget - INFO - Buttons created
2025-03-08 14:10:14,634 - app.gui.image_list_widget - INFO - Setting up ImageBrowser UI
2025-03-08 14:10:14,634 - app.gui.image_list_widget - INFO - QHBoxLayout created
2025-03-08 14:10:14,635 - app.gui.image_list_widget - INFO - Button group created
2025-03-08 14:10:14,635 - app.gui.image_list_widget - INFO - List group created
2025-03-08 14:10:14,636 - app.gui.image_list_widget - INFO - QVBoxLayout created
2025-03-08 14:10:14,636 - app.gui.image_list_widget - INFO - Groups added to left panel
2025-03-08 14:10:14,636 - app.gui.image_list_widget - INFO - Left panel added to layout
2025-03-08 14:10:14,637 - app.gui.image_list_widget - INFO - Preview group added to layout
2025-03-08 14:10:14,637 - app.gui.image_list_widget - INFO - Layout set
2025-03-08 14:10:14,638 - app.gui.image_list_widget - INFO - Button states updated
2025-03-08 14:10:14,638 - app.gui.image_list_widget - INFO - UI setup complete
2025-03-08 14:10:14,638 - app.gui.image_list_widget - INFO - Signals connected
2025-03-08 14:10:14,638 - app.gui.image_list_widget - INFO - ImageBrowser initialization complete
2025-03-08 14:10:14,651 - app.gui.result_visualizer - INFO - Initializing ResultVisualizer
2025-03-08 14:10:14,654 - app.gui.result_visualizer - INFO - ResultVisualizer initialization complete
2025-03-08 14:10:14,690 - app.gui.main_window - INFO - MainWindow initialization complete
2025-03-08 14:10:14,691 - app.gui.settings_dialog - INFO - Initializing SettingsDialog
2025-03-08 14:10:14,697 - app.gui.settings_dialog - INFO - SettingsDialog initialization complete
2025-03-08 14:10:14,897 - __main__ - INFO - Main window initialized and shown
2025-03-08 14:10:47,274 - app.gui.settings_dialog - INFO - Initializing SettingsDialog
2025-03-08 14:10:47,281 - app.gui.settings_dialog - INFO - SettingsDialog initialization complete
2025-03-08 14:10:49,503 - app.utils.config - INFO - Configuration saved successfully
2025-03-08 14:10:49,504 - app.utils.config - INFO - Configuration updated: default_path = C:\Users\ETPau/Desktop/MicroAI_Detect
2025-03-08 14:10:49,506 - app.utils.config - INFO - Configuration saved successfully
2025-03-08 14:10:49,506 - app.utils.config - INFO - Configuration updated: export_formats = ['json', 'csv', 'xlsx']
2025-03-08 14:10:49,507 - app.utils.config - INFO - Configuration saved successfully
2025-03-08 14:10:49,508 - app.utils.config - INFO - Configuration updated: analysis_iterations = 100
2025-03-08 14:10:49,509 - app.utils.config - INFO - Configuration saved successfully
2025-03-08 14:10:49,509 - app.utils.config - INFO - Configuration updated: window.maximized = False
2025-03-08 14:10:49,511 - app.utils.config - INFO - Configuration saved successfully
2025-03-08 14:10:49,511 - app.utils.config - INFO - Configuration updated: language = zh_CN
2025-03-08 14:10:49,513 - app.utils.config - INFO - Configuration saved successfully
2025-03-08 14:10:49,529 - app.utils.config - INFO - Configuration saved successfully
2025-03-08 14:10:53,008 - app.gui.settings_dialog - INFO - Initializing SettingsDialog
2025-03-08 14:10:53,027 - app.gui.settings_dialog - INFO - SettingsDialog initialization complete
2025-03-08 14:10:55,004 - app.utils.config - INFO - Configuration saved successfully
2025-03-08 14:10:55,004 - app.utils.config - INFO - Configuration updated: default_path = C:\Users\ETPau/Desktop/MicroAI_Detect
2025-03-08 14:10:55,007 - app.utils.config - INFO - Configuration saved successfully
2025-03-08 14:10:55,007 - app.utils.config - INFO - Configuration updated: export_formats = ['json', 'csv', 'xlsx']
2025-03-08 14:10:55,008 - app.utils.config - INFO - Configuration saved successfully
2025-03-08 14:10:55,008 - app.utils.config - INFO - Configuration updated: analysis_iterations = 100
2025-03-08 14:10:55,010 - app.utils.config - INFO - Configuration saved successfully
2025-03-08 14:10:55,010 - app.utils.config - INFO - Configuration updated: window.maximized = False
2025-03-08 14:10:55,012 - app.utils.config - INFO - Configuration saved successfully
2025-03-08 14:10:55,013 - app.utils.config - INFO - Configuration updated: language = en
2025-03-08 14:10:55,013 - app.utils.config - INFO - Configuration saved successfully
2025-03-08 14:10:55,032 - app.utils.config - INFO - Configuration saved successfully
2025-03-08 14:10:56,456 - app.gui.settings_dialog - INFO - Initializing SettingsDialog
2025-03-08 14:10:56,462 - app.gui.settings_dialog - INFO - SettingsDialog initialization complete
2025-03-08 14:10:58,377 - app.utils.config - INFO - Configuration saved successfully
2025-03-08 14:10:58,379 - app.utils.config - INFO - Configuration updated: default_path = C:\Users\ETPau/Desktop/MicroAI_Detect
2025-03-08 14:10:58,383 - app.utils.config - INFO - Configuration saved successfully
2025-03-08 14:10:58,383 - app.utils.config - INFO - Configuration updated: export_formats = ['json', 'csv', 'xlsx']
2025-03-08 14:10:58,388 - app.utils.config - INFO - Configuration saved successfully
2025-03-08 14:10:58,389 - app.utils.config - INFO - Configuration updated: analysis_iterations = 100
2025-03-08 14:10:58,393 - app.utils.config - INFO - Configuration saved successfully
2025-03-08 14:10:58,394 - app.utils.config - INFO - Configuration updated: window.maximized = False
2025-03-08 14:10:58,397 - app.utils.config - INFO - Configuration saved successfully
2025-03-08 14:10:58,398 - app.utils.config - INFO - Configuration updated: language = zh_CN
2025-03-08 14:10:58,402 - app.utils.config - INFO - Configuration saved successfully
2025-03-08 14:10:58,429 - app.utils.config - INFO - Configuration saved successfully
2025-03-08 14:12:44,448 - __main__ - INFO - Logging initialized
2025-03-08 14:12:44,482 - __main__ - INFO - Application started: MicroAI-Colony 1.0.0
2025-03-08 14:12:44,483 - __main__ - INFO - Platform: win32, Python: 3.11.0 (main, Oct 24 2022, 18:26:48) [MSC v.1933 64 bit (AMD64)]
2025-03-08 14:12:44,483 - __main__ - INFO - Using font: Microsoft YaHei UI
2025-03-08 14:12:44,484 - app.utils.path_manager - INFO - Application directories created successfully
2025-03-08 14:12:44,484 - __main__ - INFO - Application directories created
2025-03-08 14:12:44,485 - app.utils.config - INFO - Configuration loaded successfully
2025-03-08 14:12:44,486 - app.utils.config - INFO - Configuration loaded successfully
2025-03-08 14:12:44,486 - __main__ - INFO - Configuration initialized
2025-03-08 14:12:44,486 - app.utils.i18n - INFO - Loading translations
2025-03-08 14:12:44,487 - app.utils.i18n - INFO - Loaded 76 translations for en
2025-03-08 14:12:44,487 - app.utils.i18n - INFO - Loaded 76 translations for zh_CN
2025-03-08 14:12:44,488 - app.utils.i18n - INFO - Total loaded translations: 152
2025-03-08 14:12:44,488 - app.utils.i18n - INFO - Available locales: ['en', 'zh_CN']
2025-03-08 14:12:44,488 - app.utils.i18n - INFO - Using configured locale: zh_CN
2025-03-08 14:12:44,489 - app.utils.i18n - INFO - === Translation Status ===
2025-03-08 14:12:44,489 - app.utils.i18n - INFO - Current locale: zh_CN
2025-03-08 14:12:44,489 - app.utils.i18n - INFO - Available locales: ['en', 'zh_CN']
2025-03-08 14:12:44,489 - app.utils.i18n - INFO - Initialized: True
2025-03-08 14:12:44,489 - app.utils.i18n - INFO - Loaded strings for current locale: 76
2025-03-08 14:12:44,489 - app.utils.i18n - INFO - =====================
2025-03-08 14:12:44,489 - app.utils.i18n - INFO - Translations initialized successfully
2025-03-08 14:12:44,490 - __main__ - INFO - Installed Qt translation for zh_CN
2025-03-08 14:12:44,490 - __main__ - INFO - Translations initialized. Current locale: zh_CN
2025-03-08 14:12:44,492 - __main__ - INFO - Theme applied successfully
2025-03-08 14:12:44,492 - __main__ - INFO - Creating main window...
2025-03-08 14:12:44,492 - app.gui.main_window - INFO - Initializing MainWindow
2025-03-08 14:12:44,493 - app.gui.image_list_widget - INFO - Initializing ImageBrowser
2025-03-08 14:12:44,495 - app.gui.image_list_widget - INFO - Preview label initialized
2025-03-08 14:12:44,495 - app.gui.image_list_widget - INFO - btn_import created
2025-03-08 14:12:44,495 - app.gui.image_list_widget - INFO - btn_remove created
2025-03-08 14:12:44,496 - app.gui.image_list_widget - INFO - btn_clear created
2025-03-08 14:12:44,496 - app.gui.image_list_widget - INFO - Buttons created
2025-03-08 14:12:44,496 - app.gui.image_list_widget - INFO - Setting up ImageBrowser UI
2025-03-08 14:12:44,496 - app.gui.image_list_widget - INFO - QHBoxLayout created
2025-03-08 14:12:44,496 - app.gui.image_list_widget - INFO - Button group created
2025-03-08 14:12:44,498 - app.gui.image_list_widget - INFO - List group created
2025-03-08 14:12:44,498 - app.gui.image_list_widget - INFO - QVBoxLayout created
2025-03-08 14:12:44,498 - app.gui.image_list_widget - INFO - Groups added to left panel
2025-03-08 14:12:44,498 - app.gui.image_list_widget - INFO - Left panel added to layout
2025-03-08 14:12:44,499 - app.gui.image_list_widget - INFO - Preview group added to layout
2025-03-08 14:12:44,499 - app.gui.image_list_widget - INFO - Layout set
2025-03-08 14:12:44,499 - app.gui.image_list_widget - INFO - Button states updated
2025-03-08 14:12:44,499 - app.gui.image_list_widget - INFO - UI setup complete
2025-03-08 14:12:44,500 - app.gui.image_list_widget - INFO - Signals connected
2025-03-08 14:12:44,500 - app.gui.image_list_widget - INFO - ImageBrowser initialization complete
2025-03-08 14:12:44,508 - app.gui.result_visualizer - INFO - Initializing ResultVisualizer
2025-03-08 14:12:44,510 - app.gui.result_visualizer - INFO - ResultVisualizer initialization complete
2025-03-08 14:12:44,538 - app.gui.main_window - INFO - MainWindow initialization complete
2025-03-08 14:12:44,538 - app.gui.settings_dialog - INFO - Initializing SettingsDialog
2025-03-08 14:12:44,542 - app.gui.settings_dialog - INFO - SettingsDialog initialization complete
2025-03-08 14:12:44,726 - __main__ - INFO - Main window initialized and shown
2025-03-08 14:14:54,781 - app.gui.settings_dialog - INFO - Initializing SettingsDialog
2025-03-08 14:14:54,786 - app.gui.settings_dialog - INFO - SettingsDialog initialization complete
2025-03-08 14:14:57,153 - app.utils.config - INFO - Configuration saved successfully
2025-03-08 14:14:57,154 - app.utils.config - INFO - Configuration updated: default_path = C:\Users\ETPau/Desktop/MicroAI_Detect
2025-03-08 14:14:57,155 - app.utils.config - INFO - Configuration saved successfully
2025-03-08 14:14:57,155 - app.utils.config - INFO - Configuration updated: export_formats = ['json', 'csv', 'xlsx']
2025-03-08 14:14:57,157 - app.utils.config - INFO - Configuration saved successfully
2025-03-08 14:14:57,157 - app.utils.config - INFO - Configuration updated: analysis_iterations = 100
2025-03-08 14:14:57,158 - app.utils.config - INFO - Configuration saved successfully
2025-03-08 14:14:57,158 - app.utils.config - INFO - Configuration updated: window.maximized = False
2025-03-08 14:14:57,159 - app.utils.config - INFO - Configuration saved successfully
2025-03-08 14:14:57,160 - app.utils.config - INFO - Configuration updated: language = zh_CN
2025-03-08 14:14:57,160 - app.utils.config - INFO - Configuration saved successfully
2025-03-08 14:14:57,175 - app.utils.config - INFO - Configuration saved successfully
2025-03-08 14:15:01,028 - app.gui.settings_dialog - INFO - Initializing SettingsDialog
2025-03-08 14:15:01,034 - app.gui.settings_dialog - INFO - SettingsDialog initialization complete
2025-03-08 14:15:02,896 - app.utils.config - INFO - Configuration saved successfully
2025-03-08 14:15:02,897 - app.utils.config - INFO - Configuration updated: default_path = C:\Users\ETPau/Desktop/MicroAI_Detect
2025-03-08 14:15:02,900 - app.utils.config - INFO - Configuration saved successfully
2025-03-08 14:15:02,901 - app.utils.config - INFO - Configuration updated: export_formats = ['json', 'csv', 'xlsx']
2025-03-08 14:15:02,904 - app.utils.config - INFO - Configuration saved successfully
2025-03-08 14:15:02,905 - app.utils.config - INFO - Configuration updated: analysis_iterations = 100
2025-03-08 14:15:02,908 - app.utils.config - INFO - Configuration saved successfully
2025-03-08 14:15:02,908 - app.utils.config - INFO - Configuration updated: window.maximized = False
2025-03-08 14:15:02,911 - app.utils.config - INFO - Configuration saved successfully
2025-03-08 14:15:02,911 - app.utils.config - INFO - Configuration updated: language = zh_CN
2025-03-08 14:15:02,915 - app.utils.config - INFO - Configuration saved successfully
2025-03-08 14:15:02,937 - app.utils.config - INFO - Configuration saved successfully
2025-03-08 14:16:49,128 - __main__ - INFO - Logging initialized
2025-03-08 14:16:49,178 - __main__ - INFO - Application started: MicroAI-Colony 1.0.0
2025-03-08 14:16:49,178 - __main__ - INFO - Platform: win32, Python: 3.11.0 (main, Oct 24 2022, 18:26:48) [MSC v.1933 64 bit (AMD64)]
2025-03-08 14:16:49,178 - __main__ - INFO - Using font: Microsoft YaHei UI
2025-03-08 14:16:49,179 - app.utils.path_manager - INFO - Application directories created successfully
2025-03-08 14:16:49,179 - __main__ - INFO - Application directories created
2025-03-08 14:16:49,180 - app.utils.config - INFO - Configuration loaded successfully
2025-03-08 14:16:49,180 - app.utils.config - INFO - Configuration loaded successfully
2025-03-08 14:16:49,181 - __main__ - INFO - Configuration initialized
2025-03-08 14:16:49,181 - app.utils.i18n - INFO - Loading translations
2025-03-08 14:16:49,181 - app.utils.i18n - INFO - Loaded 76 translations for en
2025-03-08 14:16:49,182 - app.utils.i18n - INFO - Loaded 76 translations for zh_CN
2025-03-08 14:16:49,182 - app.utils.i18n - INFO - Total loaded translations: 152
2025-03-08 14:16:49,182 - app.utils.i18n - INFO - Available locales: ['en', 'zh_CN']
2025-03-08 14:16:49,182 - app.utils.i18n - INFO - Using configured locale: zh_CN
2025-03-08 14:16:49,182 - app.utils.i18n - INFO - === Translation Status ===
2025-03-08 14:16:49,182 - app.utils.i18n - INFO - Current locale: zh_CN
2025-03-08 14:16:49,182 - app.utils.i18n - INFO - Available locales: ['en', 'zh_CN']
2025-03-08 14:16:49,182 - app.utils.i18n - INFO - Initialized: True
2025-03-08 14:16:49,184 - app.utils.i18n - INFO - Loaded strings for current locale: 76
2025-03-08 14:16:49,184 - app.utils.i18n - INFO - =====================
2025-03-08 14:16:49,185 - app.utils.i18n - INFO - Translations initialized successfully
2025-03-08 14:16:49,185 - __main__ - INFO - Installed Qt translation for zh_CN
2025-03-08 14:16:49,185 - __main__ - INFO - Translations initialized. Current locale: zh_CN
2025-03-08 14:16:49,186 - __main__ - INFO - Theme applied successfully
2025-03-08 14:16:49,186 - __main__ - INFO - Creating main window...
2025-03-08 14:16:49,187 - app.gui.main_window - INFO - Initializing MainWindow
2025-03-08 14:16:49,188 - app.gui.image_list_widget - INFO - Initializing ImageBrowser
2025-03-08 14:16:49,189 - app.gui.image_list_widget - INFO - Preview label initialized
2025-03-08 14:16:49,189 - app.gui.image_list_widget - INFO - btn_import created
2025-03-08 14:16:49,189 - app.gui.image_list_widget - INFO - btn_remove created
2025-03-08 14:16:49,190 - app.gui.image_list_widget - INFO - btn_clear created
2025-03-08 14:16:49,190 - app.gui.image_list_widget - INFO - Buttons created
2025-03-08 14:16:49,190 - app.gui.image_list_widget - INFO - Setting up ImageBrowser UI
2025-03-08 14:16:49,190 - app.gui.image_list_widget - INFO - QHBoxLayout created
2025-03-08 14:16:49,190 - app.gui.image_list_widget - INFO - Button group created
2025-03-08 14:16:49,192 - app.gui.image_list_widget - INFO - List group created
2025-03-08 14:16:49,192 - app.gui.image_list_widget - INFO - QVBoxLayout created
2025-03-08 14:16:49,192 - app.gui.image_list_widget - INFO - Groups added to left panel
2025-03-08 14:16:49,192 - app.gui.image_list_widget - INFO - Left panel added to layout
2025-03-08 14:16:49,193 - app.gui.image_list_widget - INFO - Preview group added to layout
2025-03-08 14:16:49,193 - app.gui.image_list_widget - INFO - Layout set
2025-03-08 14:16:49,193 - app.gui.image_list_widget - INFO - Button states updated
2025-03-08 14:16:49,195 - app.gui.image_list_widget - INFO - UI setup complete
2025-03-08 14:16:49,195 - app.gui.image_list_widget - INFO - Signals connected
2025-03-08 14:16:49,195 - app.gui.image_list_widget - INFO - ImageBrowser initialization complete
2025-03-08 14:16:49,204 - app.gui.result_visualizer - INFO - Initializing ResultVisualizer
2025-03-08 14:16:49,206 - app.gui.result_visualizer - INFO - ResultVisualizer initialization complete
2025-03-08 14:16:49,238 - app.gui.main_window - INFO - MainWindow initialization complete
2025-03-08 14:16:49,238 - app.gui.settings_dialog - INFO - Initializing SettingsDialog
2025-03-08 14:16:49,244 - app.gui.settings_dialog - INFO - SettingsDialog initialization complete
2025-03-08 14:16:49,413 - __main__ - INFO - Main window initialized and shown
2025-03-08 14:17:23,089 - app.gui.settings_dialog - INFO - Initializing SettingsDialog
2025-03-08 14:17:23,095 - app.gui.settings_dialog - INFO - SettingsDialog initialization complete
2025-03-08 14:17:26,335 - app.utils.config - INFO - Configuration saved successfully
2025-03-08 14:17:26,336 - app.utils.config - INFO - Configuration updated: default_path = C:\Users\ETPau/Desktop/MicroAI_Detect
2025-03-08 14:17:26,337 - app.utils.config - INFO - Configuration saved successfully
2025-03-08 14:17:26,337 - app.utils.config - INFO - Configuration updated: export_formats = ['json', 'csv', 'xlsx']
2025-03-08 14:17:26,338 - app.utils.config - INFO - Configuration saved successfully
2025-03-08 14:17:26,338 - app.utils.config - INFO - Configuration updated: analysis_iterations = 100
2025-03-08 14:17:26,341 - app.utils.config - INFO - Configuration saved successfully
2025-03-08 14:17:26,341 - app.utils.config - INFO - Configuration updated: window.maximized = False
2025-03-08 14:17:26,343 - app.utils.config - INFO - Configuration saved successfully
2025-03-08 14:17:26,343 - app.utils.config - INFO - Configuration updated: language = zh_CN
2025-03-08 14:17:26,344 - app.utils.config - INFO - Configuration saved successfully
2025-03-08 14:17:26,359 - app.utils.config - INFO - Configuration saved successfully
2025-03-08 14:21:39,268 - __main__ - INFO - Logging initialized
2025-03-08 14:21:39,302 - __main__ - INFO - Application started: MicroAI-Colony 1.0.0
2025-03-08 14:21:39,303 - __main__ - INFO - Platform: win32, Python: 3.11.0 (main, Oct 24 2022, 18:26:48) [MSC v.1933 64 bit (AMD64)]
2025-03-08 14:21:39,303 - __main__ - INFO - Using font: Microsoft YaHei UI
2025-03-08 14:21:39,304 - app.utils.path_manager - INFO - Application directories created successfully
2025-03-08 14:21:39,304 - __main__ - INFO - Application directories created
2025-03-08 14:21:39,305 - app.utils.config - INFO - Configuration loaded successfully
2025-03-08 14:21:39,306 - app.utils.config - INFO - Configuration loaded successfully
2025-03-08 14:21:39,306 - __main__ - INFO - Configuration initialized
2025-03-08 14:21:39,306 - app.utils.i18n - INFO - Loading translations
2025-03-08 14:21:39,307 - app.utils.i18n - INFO - Loaded 76 translations for en
2025-03-08 14:21:39,307 - app.utils.i18n - INFO - Loaded 76 translations for zh_CN
2025-03-08 14:21:39,307 - app.utils.i18n - INFO - Total loaded translations: 152
2025-03-08 14:21:39,308 - app.utils.i18n - INFO - Available locales: ['en', 'zh_CN']
2025-03-08 14:21:39,308 - app.utils.i18n - INFO - Using configured locale: zh_CN
2025-03-08 14:21:39,308 - app.utils.i18n - INFO - === Translation Status ===
2025-03-08 14:21:39,308 - app.utils.i18n - INFO - Current locale: zh_CN
2025-03-08 14:21:39,308 - app.utils.i18n - INFO - Available locales: ['en', 'zh_CN']
2025-03-08 14:21:39,308 - app.utils.i18n - INFO - Initialized: True
2025-03-08 14:21:39,309 - app.utils.i18n - INFO - Loaded strings for current locale: 76
2025-03-08 14:21:39,309 - app.utils.i18n - INFO - =====================
2025-03-08 14:21:39,309 - app.utils.i18n - INFO - Translations initialized successfully
2025-03-08 14:21:39,309 - __main__ - INFO - Installed Qt translation for zh_CN
2025-03-08 14:21:39,310 - __main__ - INFO - Translations initialized. Current locale: zh_CN
2025-03-08 14:21:39,310 - __main__ - INFO - Theme applied successfully
2025-03-08 14:21:39,310 - __main__ - INFO - Creating main window...
2025-03-08 14:21:39,312 - app.gui.main_window - INFO - Initializing MainWindow
2025-03-08 14:21:39,313 - app.gui.image_list_widget - INFO - Initializing ImageBrowser
2025-03-08 14:21:39,314 - app.gui.image_list_widget - INFO - Preview label initialized
2025-03-08 14:21:39,314 - app.gui.image_list_widget - INFO - btn_import created
2025-03-08 14:21:39,315 - app.gui.image_list_widget - INFO - btn_remove created
2025-03-08 14:21:39,315 - app.gui.image_list_widget - INFO - btn_clear created
2025-03-08 14:21:39,315 - app.gui.image_list_widget - INFO - Buttons created
2025-03-08 14:21:39,315 - app.gui.image_list_widget - INFO - Setting up ImageBrowser UI
2025-03-08 14:21:39,315 - app.gui.image_list_widget - INFO - QHBoxLayout created
2025-03-08 14:21:39,316 - app.gui.image_list_widget - INFO - Button group created
2025-03-08 14:21:39,316 - app.gui.image_list_widget - INFO - List group created
2025-03-08 14:21:39,317 - app.gui.image_list_widget - INFO - QVBoxLayout created
2025-03-08 14:21:39,317 - app.gui.image_list_widget - INFO - Groups added to left panel
2025-03-08 14:21:39,317 - app.gui.image_list_widget - INFO - Left panel added to layout
2025-03-08 14:21:39,317 - app.gui.image_list_widget - INFO - Preview group added to layout
2025-03-08 14:21:39,318 - app.gui.image_list_widget - INFO - Layout set
2025-03-08 14:21:39,318 - app.gui.image_list_widget - INFO - Button states updated
2025-03-08 14:21:39,318 - app.gui.image_list_widget - INFO - UI setup complete
2025-03-08 14:21:39,319 - app.gui.image_list_widget - INFO - Signals connected
2025-03-08 14:21:39,319 - app.gui.image_list_widget - INFO - ImageBrowser initialization complete
2025-03-08 14:21:39,328 - app.gui.result_visualizer - INFO - Initializing ResultVisualizer
2025-03-08 14:21:39,330 - app.gui.result_visualizer - INFO - ResultVisualizer initialization complete
2025-03-08 14:21:39,359 - __main__ - ERROR - Failed to initialize main window: 'ImageBrowser' object has no attribute 'retranslate_ui'
Traceback (most recent call last):
  File "C:\Users\ETPau\Documents\GitHub\CNN-\app\main.py", line 142, in main
    window = MainWindow()
             ^^^^^^^^^^^^
  File "C:\Users\ETPau\Documents\GitHub\CNN-\app\gui\main_window.py", line 88, in __init__
    self._load_translation(self.current_locale)
  File "C:\Users\ETPau\Documents\GitHub\CNN-\app\gui\main_window.py", line 107, in _load_translation
    self.retranslateUi()
  File "C:\Users\ETPau\Documents\GitHub\CNN-\app\gui\main_window.py", line 121, in retranslateUi
    self.image_browser.retranslate_ui()
    ^^^^^^^^^^^^^^^^^^^^^^^^^^^^^^^^^
AttributeError: 'ImageBrowser' object has no attribute 'retranslate_ui'
2025-03-08 14:22:01,442 - __main__ - INFO - Logging initialized
2025-03-08 14:22:01,477 - __main__ - INFO - Application started: MicroAI-Colony 1.0.0
2025-03-08 14:22:01,478 - __main__ - INFO - Platform: win32, Python: 3.11.0 (main, Oct 24 2022, 18:26:48) [MSC v.1933 64 bit (AMD64)]
2025-03-08 14:22:01,478 - __main__ - INFO - Using font: Microsoft YaHei UI
2025-03-08 14:22:01,479 - app.utils.path_manager - INFO - Application directories created successfully
2025-03-08 14:22:01,479 - __main__ - INFO - Application directories created
2025-03-08 14:22:01,479 - app.utils.config - INFO - Configuration loaded successfully
2025-03-08 14:22:01,480 - app.utils.config - INFO - Configuration loaded successfully
2025-03-08 14:22:01,480 - __main__ - INFO - Configuration initialized
2025-03-08 14:22:01,480 - app.utils.i18n - INFO - Loading translations
2025-03-08 14:22:01,481 - app.utils.i18n - INFO - Loaded 76 translations for en
2025-03-08 14:22:01,482 - app.utils.i18n - INFO - Loaded 76 translations for zh_CN
2025-03-08 14:22:01,482 - app.utils.i18n - INFO - Total loaded translations: 152
2025-03-08 14:22:01,482 - app.utils.i18n - INFO - Available locales: ['en', 'zh_CN']
2025-03-08 14:22:01,482 - app.utils.i18n - INFO - Using configured locale: zh_CN
2025-03-08 14:22:01,483 - app.utils.i18n - INFO - === Translation Status ===
2025-03-08 14:22:01,483 - app.utils.i18n - INFO - Current locale: zh_CN
2025-03-08 14:22:01,483 - app.utils.i18n - INFO - Available locales: ['en', 'zh_CN']
2025-03-08 14:22:01,483 - app.utils.i18n - INFO - Initialized: True
2025-03-08 14:22:01,483 - app.utils.i18n - INFO - Loaded strings for current locale: 76
2025-03-08 14:22:01,483 - app.utils.i18n - INFO - =====================
2025-03-08 14:22:01,484 - app.utils.i18n - INFO - Translations initialized successfully
2025-03-08 14:22:01,484 - __main__ - INFO - Installed Qt translation for zh_CN
2025-03-08 14:22:01,485 - __main__ - INFO - Translations initialized. Current locale: zh_CN
2025-03-08 14:22:01,485 - __main__ - INFO - Theme applied successfully
2025-03-08 14:22:01,485 - __main__ - INFO - Creating main window...
2025-03-08 14:22:01,486 - app.gui.main_window - INFO - Initializing MainWindow
2025-03-08 14:22:01,487 - app.gui.image_list_widget - INFO - Initializing ImageBrowser
2025-03-08 14:22:01,488 - app.gui.image_list_widget - INFO - Preview label initialized
2025-03-08 14:22:01,488 - app.gui.image_list_widget - INFO - btn_import created
2025-03-08 14:22:01,490 - app.gui.image_list_widget - INFO - btn_remove created
2025-03-08 14:22:01,490 - app.gui.image_list_widget - INFO - btn_clear created
2025-03-08 14:22:01,490 - app.gui.image_list_widget - INFO - Buttons created
2025-03-08 14:22:01,490 - app.gui.image_list_widget - INFO - Setting up ImageBrowser UI
2025-03-08 14:22:01,490 - app.gui.image_list_widget - INFO - QHBoxLayout created
2025-03-08 14:22:01,490 - app.gui.image_list_widget - INFO - Button group created
2025-03-08 14:22:01,491 - app.gui.image_list_widget - INFO - List group created
2025-03-08 14:22:01,491 - app.gui.image_list_widget - INFO - QVBoxLayout created
2025-03-08 14:22:01,491 - app.gui.image_list_widget - INFO - Groups added to left panel
2025-03-08 14:22:01,492 - app.gui.image_list_widget - INFO - Left panel added to layout
2025-03-08 14:22:01,492 - app.gui.image_list_widget - INFO - Preview group added to layout
2025-03-08 14:22:01,493 - app.gui.image_list_widget - INFO - Layout set
2025-03-08 14:22:01,493 - app.gui.image_list_widget - INFO - Button states updated
2025-03-08 14:22:01,493 - app.gui.image_list_widget - INFO - UI setup complete
2025-03-08 14:22:01,493 - app.gui.image_list_widget - INFO - Signals connected
2025-03-08 14:22:01,493 - app.gui.image_list_widget - INFO - ImageBrowser initialization complete
2025-03-08 14:22:01,503 - app.gui.result_visualizer - INFO - Initializing ResultVisualizer
2025-03-08 14:22:01,504 - app.gui.result_visualizer - INFO - ResultVisualizer initialization complete
2025-03-08 14:22:01,533 - __main__ - ERROR - Failed to initialize main window: 'ImageBrowser' object has no attribute 'retranslate_ui'
Traceback (most recent call last):
  File "C:\Users\ETPau\Documents\GitHub\CNN-\app\main.py", line 142, in main
    window = MainWindow()
             ^^^^^^^^^^^^
  File "C:\Users\ETPau\Documents\GitHub\CNN-\app\gui\main_window.py", line 88, in __init__
    self._load_translation(self.current_locale)
  File "C:\Users\ETPau\Documents\GitHub\CNN-\app\gui\main_window.py", line 107, in _load_translation
    self.retranslateUi()
  File "C:\Users\ETPau\Documents\GitHub\CNN-\app\gui\main_window.py", line 121, in retranslateUi
    self.image_browser.retranslate_ui()
    ^^^^^^^^^^^^^^^^^^^^^^^^^^^^^^^^^
AttributeError: 'ImageBrowser' object has no attribute 'retranslate_ui'
2025-03-08 14:26:05,724 - __main__ - INFO - Logging initialized
2025-03-08 14:26:05,779 - __main__ - INFO - Application started: MicroAI-Colony 1.0.0
2025-03-08 14:26:05,779 - __main__ - INFO - Platform: win32, Python: 3.11.0 (main, Oct 24 2022, 18:26:48) [MSC v.1933 64 bit (AMD64)]
2025-03-08 14:26:05,779 - __main__ - INFO - Using font: Microsoft YaHei UI
2025-03-08 14:26:05,782 - app.utils.path_manager - INFO - Application directories created successfully
2025-03-08 14:26:05,782 - __main__ - INFO - Application directories created
2025-03-08 14:26:05,783 - app.utils.config - INFO - Configuration loaded successfully
2025-03-08 14:26:05,784 - app.utils.config - INFO - Configuration loaded successfully
2025-03-08 14:26:05,784 - __main__ - INFO - Configuration initialized
2025-03-08 14:26:05,784 - app.utils.i18n - INFO - Loading translations
2025-03-08 14:26:05,786 - app.utils.i18n - INFO - Loaded 76 translations for en
2025-03-08 14:26:05,786 - app.utils.i18n - INFO - Loaded 76 translations for zh_CN
2025-03-08 14:26:05,787 - app.utils.i18n - INFO - Total loaded translations: 152
2025-03-08 14:26:05,787 - app.utils.i18n - INFO - Available locales: ['en', 'zh_CN']
2025-03-08 14:26:05,787 - app.utils.i18n - INFO - Using configured locale: zh_CN
2025-03-08 14:26:05,788 - app.utils.i18n - INFO - === Translation Status ===
2025-03-08 14:26:05,788 - app.utils.i18n - INFO - Current locale: zh_CN
2025-03-08 14:26:05,788 - app.utils.i18n - INFO - Available locales: ['en', 'zh_CN']
2025-03-08 14:26:05,788 - app.utils.i18n - INFO - Initialized: True
2025-03-08 14:26:05,789 - app.utils.i18n - INFO - Loaded strings for current locale: 76
2025-03-08 14:26:05,789 - app.utils.i18n - INFO - =====================
2025-03-08 14:26:05,789 - app.utils.i18n - INFO - Translations initialized successfully
2025-03-08 14:26:05,790 - __main__ - INFO - Installed Qt translation for zh_CN
2025-03-08 14:26:05,791 - __main__ - INFO - Translations initialized. Current locale: zh_CN
2025-03-08 14:26:05,793 - __main__ - INFO - Theme applied successfully
2025-03-08 14:26:05,793 - __main__ - INFO - Creating main window...
2025-03-08 14:26:05,794 - app.gui.main_window - INFO - Initializing MainWindow
2025-03-08 14:26:05,796 - app.gui.image_list_widget - INFO - Initializing ImageBrowser
2025-03-08 14:26:05,798 - app.gui.image_list_widget - INFO - Preview label initialized
2025-03-08 14:26:05,799 - app.utils.i18n - WARNING - Missing translation for key 'image_browser.import_images_tooltip' in locale '<module 'locale' from 'C:\\Users\\ETPau\\AppData\\Local\\Programs\\Python\\Python311\\Lib\\locale.py'>'
2025-03-08 14:26:05,799 - app.utils.i18n - WARNING - Using default value for key 'image_browser.import_images_tooltip': Import images for analysis
2025-03-08 14:26:05,800 - app.gui.image_list_widget - INFO - btn_import created
2025-03-08 14:26:05,800 - app.utils.i18n - WARNING - Missing translation for key 'image_browser.remove_selected_tooltip' in locale '<module 'locale' from 'C:\\Users\\ETPau\\AppData\\Local\\Programs\\Python\\Python311\\Lib\\locale.py'>'
2025-03-08 14:26:05,801 - app.utils.i18n - WARNING - Using default value for key 'image_browser.remove_selected_tooltip': Remove selected images
2025-03-08 14:26:05,801 - app.gui.image_list_widget - INFO - btn_remove created
2025-03-08 14:26:05,801 - app.utils.i18n - WARNING - Missing translation for key 'image_browser.clear_all_tooltip' in locale '<module 'locale' from 'C:\\Users\\ETPau\\AppData\\Local\\Programs\\Python\\Python311\\Lib\\locale.py'>'
2025-03-08 14:26:05,803 - app.utils.i18n - WARNING - Using default value for key 'image_browser.clear_all_tooltip': Clear all images
2025-03-08 14:26:05,803 - app.gui.image_list_widget - INFO - btn_clear created
2025-03-08 14:26:05,803 - app.gui.image_list_widget - INFO - Buttons created
2025-03-08 14:26:05,803 - app.gui.image_list_widget - INFO - Setting up ImageBrowser UI
2025-03-08 14:26:05,804 - app.gui.image_list_widget - INFO - QHBoxLayout created
2025-03-08 14:26:05,804 - app.utils.i18n - WARNING - Missing translation for key 'image_browser.actions' in locale '<module 'locale' from 'C:\\Users\\ETPau\\AppData\\Local\\Programs\\Python\\Python311\\Lib\\locale.py'>'
2025-03-08 14:26:05,804 - app.utils.i18n - WARNING - Using default value for key 'image_browser.actions': Actions
2025-03-08 14:26:05,805 - app.gui.image_list_widget - INFO - Button group created
2025-03-08 14:26:05,805 - app.utils.i18n - WARNING - Missing translation for key 'image_browser.image_list' in locale '<module 'locale' from 'C:\\Users\\ETPau\\AppData\\Local\\Programs\\Python\\Python311\\Lib\\locale.py'>'
2025-03-08 14:26:05,806 - app.utils.i18n - WARNING - Using default value for key 'image_browser.image_list': Image List
2025-03-08 14:26:05,807 - app.gui.image_list_widget - INFO - List group created
2025-03-08 14:26:05,807 - app.gui.image_list_widget - INFO - QVBoxLayout created
2025-03-08 14:26:05,808 - app.gui.image_list_widget - INFO - Groups added to left panel
2025-03-08 14:26:05,808 - app.utils.i18n - WARNING - Missing translation for key 'image_browser.preview' in locale '<module 'locale' from 'C:\\Users\\ETPau\\AppData\\Local\\Programs\\Python\\Python311\\Lib\\locale.py'>'
2025-03-08 14:26:05,808 - app.utils.i18n - WARNING - Using default value for key 'image_browser.preview': Preview
2025-03-08 14:26:05,810 - app.gui.image_list_widget - INFO - Left panel added to layout
2025-03-08 14:26:05,810 - app.gui.image_list_widget - INFO - Preview group added to layout
2025-03-08 14:26:05,811 - app.gui.image_list_widget - INFO - Layout set
2025-03-08 14:26:05,811 - app.gui.image_list_widget - INFO - Button states updated
2025-03-08 14:26:05,812 - app.utils.i18n - WARNING - Missing translation for key 'image_browser.no_image_selected' in locale '<module 'locale' from 'C:\\Users\\ETPau\\AppData\\Local\\Programs\\Python\\Python311\\Lib\\locale.py'>'
2025-03-08 14:26:05,812 - app.utils.i18n - WARNING - Using default value for key 'image_browser.no_image_selected': No image selected
2025-03-08 14:26:05,812 - app.gui.image_list_widget - INFO - UI setup complete
2025-03-08 14:26:05,813 - app.gui.image_list_widget - INFO - Signals connected
2025-03-08 14:26:05,813 - app.gui.image_list_widget - INFO - ImageBrowser initialization complete
2025-03-08 14:26:05,814 - app.utils.i18n - WARNING - Missing translation for key 'main_window.single_image_tooltip' in locale '<module 'locale' from 'C:\\Users\\ETPau\\AppData\\Local\\Programs\\Python\\Python311\\Lib\\locale.py'>'
2025-03-08 14:26:05,814 - app.utils.i18n - WARNING - Using default value for key 'main_window.single_image_tooltip': Analyze one image at a time
2025-03-08 14:26:05,815 - app.utils.i18n - WARNING - Missing translation for key 'main_window.batch_analysis_tooltip' in locale '<module 'locale' from 'C:\\Users\\ETPau\\AppData\\Local\\Programs\\Python\\Python311\\Lib\\locale.py'>'
2025-03-08 14:26:05,815 - app.utils.i18n - WARNING - Using default value for key 'main_window.batch_analysis_tooltip': Analyze multiple images at once
2025-03-08 14:26:05,826 - app.utils.i18n - WARNING - Missing translation for key 'main_window.iterations_tooltip' in locale '<module 'locale' from 'C:\\Users\\ETPau\\AppData\\Local\\Programs\\Python\\Python311\\Lib\\locale.py'>'
2025-03-08 14:26:05,827 - app.utils.i18n - WARNING - Using default value for key 'main_window.iterations_tooltip': Number of analysis iterations
2025-03-08 14:26:05,827 - app.utils.i18n - WARNING - Missing translation for key 'main_window.start_analysis_tooltip' in locale '<module 'locale' from 'C:\\Users\\ETPau\\AppData\\Local\\Programs\\Python\\Python311\\Lib\\locale.py'>'
2025-03-08 14:26:05,829 - app.utils.i18n - WARNING - Using default value for key 'main_window.start_analysis_tooltip': Start colony detection analysis
2025-03-08 14:26:05,829 - app.utils.i18n - WARNING - Missing translation for key 'main_window.stop_tooltip' in locale '<module 'locale' from 'C:\\Users\\ETPau\\AppData\\Local\\Programs\\Python\\Python311\\Lib\\locale.py'>'
2025-03-08 14:26:05,830 - app.utils.i18n - WARNING - Using default value for key 'main_window.stop_tooltip': Stop current analysis
2025-03-08 14:26:05,832 - app.utils.i18n - WARNING - Missing translation for key 'main_window.language' in locale '<module 'locale' from 'C:\\Users\\ETPau\\AppData\\Local\\Programs\\Python\\Python311\\Lib\\locale.py'>'
2025-03-08 14:26:05,832 - app.utils.i18n - WARNING - Using default value for key 'main_window.language': Language
2025-03-08 14:26:05,833 - app.gui.result_visualizer - INFO - Initializing ResultVisualizer
2025-03-08 14:26:05,836 - app.gui.result_visualizer - INFO - ResultVisualizer initialization complete
2025-03-08 14:26:05,900 - app.utils.i18n - WARNING - Missing translation for key 'main_window.new_project_tooltip' in locale '<module 'locale' from 'C:\\Users\\ETPau\\AppData\\Local\\Programs\\Python\\Python311\\Lib\\locale.py'>'
2025-03-08 14:26:05,900 - app.utils.i18n - WARNING - Using default value for key 'main_window.new_project_tooltip': Create a new project
2025-03-08 14:26:05,901 - app.utils.i18n - WARNING - Missing translation for key 'main_window.open_project_tooltip' in locale '<module 'locale' from 'C:\\Users\\ETPau\\AppData\\Local\\Programs\\Python\\Python311\\Lib\\locale.py'>'
2025-03-08 14:26:05,901 - app.utils.i18n - WARNING - Using default value for key 'main_window.open_project_tooltip': Open an existing project
2025-03-08 14:26:05,903 - app.utils.i18n - WARNING - Missing translation for key 'main_window.import_images_tooltip' in locale '<module 'locale' from 'C:\\Users\\ETPau\\AppData\\Local\\Programs\\Python\\Python311\\Lib\\locale.py'>'
2025-03-08 14:26:05,903 - app.utils.i18n - WARNING - Using default value for key 'main_window.import_images_tooltip': Import images to current project
2025-03-08 14:26:05,905 - app.utils.i18n - WARNING - Missing translation for key 'main_window.ready' in locale '<module 'locale' from 'C:\\Users\\ETPau\\AppData\\Local\\Programs\\Python\\Python311\\Lib\\locale.py'>'
2025-03-08 14:26:05,906 - app.utils.i18n - WARNING - Using default value for key 'main_window.ready': Ready
2025-03-08 14:26:05,906 - app.utils.i18n - WARNING - Missing translation for key 'image_browser.actions' in locale '<module 'locale' from 'C:\\Users\\ETPau\\AppData\\Local\\Programs\\Python\\Python311\\Lib\\locale.py'>'
2025-03-08 14:26:05,906 - app.utils.i18n - WARNING - Using default value for key 'image_browser.actions': Actions
2025-03-08 14:26:05,907 - app.utils.i18n - WARNING - Missing translation for key 'image_browser.image_list' in locale '<module 'locale' from 'C:\\Users\\ETPau\\AppData\\Local\\Programs\\Python\\Python311\\Lib\\locale.py'>'
2025-03-08 14:26:05,908 - app.utils.i18n - WARNING - Using default value for key 'image_browser.image_list': Image List
2025-03-08 14:26:05,909 - app.utils.i18n - WARNING - Missing translation for key 'image_browser.preview' in locale '<module 'locale' from 'C:\\Users\\ETPau\\AppData\\Local\\Programs\\Python\\Python311\\Lib\\locale.py'>'
2025-03-08 14:26:05,910 - app.utils.i18n - WARNING - Using default value for key 'image_browser.preview': Preview
2025-03-08 14:26:05,910 - app.utils.i18n - WARNING - Missing translation for key 'image_browser.import_images_tooltip' in locale '<module 'locale' from 'C:\\Users\\ETPau\\AppData\\Local\\Programs\\Python\\Python311\\Lib\\locale.py'>'
2025-03-08 14:26:05,911 - app.utils.i18n - WARNING - Using default value for key 'image_browser.import_images_tooltip': Import images for analysis
2025-03-08 14:26:05,911 - app.utils.i18n - WARNING - Missing translation for key 'image_browser.remove_selected_tooltip' in locale '<module 'locale' from 'C:\\Users\\ETPau\\AppData\\Local\\Programs\\Python\\Python311\\Lib\\locale.py'>'
2025-03-08 14:26:05,912 - app.utils.i18n - WARNING - Using default value for key 'image_browser.remove_selected_tooltip': Remove selected images
2025-03-08 14:26:05,912 - app.utils.i18n - WARNING - Missing translation for key 'image_browser.clear_all_tooltip' in locale '<module 'locale' from 'C:\\Users\\ETPau\\AppData\\Local\\Programs\\Python\\Python311\\Lib\\locale.py'>'
2025-03-08 14:26:05,912 - app.utils.i18n - WARNING - Using default value for key 'image_browser.clear_all_tooltip': Clear all images
2025-03-08 14:26:05,913 - app.utils.i18n - WARNING - Missing translation for key 'image_browser.no_image_selected' in locale '<module 'locale' from 'C:\\Users\\ETPau\\AppData\\Local\\Programs\\Python\\Python311\\Lib\\locale.py'>'
2025-03-08 14:26:05,913 - app.utils.i18n - WARNING - Using default value for key 'image_browser.no_image_selected': No image selected
2025-03-08 14:26:05,916 - app.utils.i18n - WARNING - Missing translation for key 'main_window.new_project_tooltip' in locale '<module 'locale' from 'C:\\Users\\ETPau\\AppData\\Local\\Programs\\Python\\Python311\\Lib\\locale.py'>'
2025-03-08 14:26:05,917 - app.utils.i18n - WARNING - Using default value for key 'main_window.new_project_tooltip': Create a new project
2025-03-08 14:26:05,918 - app.utils.i18n - WARNING - Missing translation for key 'main_window.open_project_tooltip' in locale '<module 'locale' from 'C:\\Users\\ETPau\\AppData\\Local\\Programs\\Python\\Python311\\Lib\\locale.py'>'
2025-03-08 14:26:05,918 - app.utils.i18n - WARNING - Using default value for key 'main_window.open_project_tooltip': Open an existing project
2025-03-08 14:26:05,919 - app.utils.i18n - WARNING - Missing translation for key 'main_window.import_images_tooltip' in locale '<module 'locale' from 'C:\\Users\\ETPau\\AppData\\Local\\Programs\\Python\\Python311\\Lib\\locale.py'>'
2025-03-08 14:26:05,919 - app.utils.i18n - WARNING - Using default value for key 'main_window.import_images_tooltip': Import images to current project
2025-03-08 14:26:05,920 - app.utils.i18n - WARNING - Missing translation for key 'main_window.ready' in locale '<module 'locale' from 'C:\\Users\\ETPau\\AppData\\Local\\Programs\\Python\\Python311\\Lib\\locale.py'>'
2025-03-08 14:26:05,921 - app.utils.i18n - WARNING - Using default value for key 'main_window.ready': Ready
2025-03-08 14:26:05,921 - app.utils.i18n - WARNING - Missing translation for key 'main_window.single_image_tooltip' in locale '<module 'locale' from 'C:\\Users\\ETPau\\AppData\\Local\\Programs\\Python\\Python311\\Lib\\locale.py'>'
2025-03-08 14:26:05,921 - app.utils.i18n - WARNING - Using default value for key 'main_window.single_image_tooltip': Analyze one image at a time
2025-03-08 14:26:05,923 - app.utils.i18n - WARNING - Missing translation for key 'main_window.batch_analysis_tooltip' in locale '<module 'locale' from 'C:\\Users\\ETPau\\AppData\\Local\\Programs\\Python\\Python311\\Lib\\locale.py'>'
2025-03-08 14:26:05,923 - app.utils.i18n - WARNING - Using default value for key 'main_window.batch_analysis_tooltip': Analyze multiple images at once
2025-03-08 14:26:05,924 - app.utils.i18n - WARNING - Missing translation for key 'main_window.start_analysis_tooltip' in locale '<module 'locale' from 'C:\\Users\\ETPau\\AppData\\Local\\Programs\\Python\\Python311\\Lib\\locale.py'>'
2025-03-08 14:26:05,924 - app.utils.i18n - WARNING - Using default value for key 'main_window.start_analysis_tooltip': Start colony detection analysis
2025-03-08 14:26:05,924 - app.utils.i18n - WARNING - Missing translation for key 'main_window.stop_tooltip' in locale '<module 'locale' from 'C:\\Users\\ETPau\\AppData\\Local\\Programs\\Python\\Python311\\Lib\\locale.py'>'
2025-03-08 14:26:05,924 - app.utils.i18n - WARNING - Using default value for key 'main_window.stop_tooltip': Stop current analysis
2025-03-08 14:26:05,925 - app.utils.i18n - WARNING - Missing translation for key 'main_window.language' in locale '<module 'locale' from 'C:\\Users\\ETPau\\AppData\\Local\\Programs\\Python\\Python311\\Lib\\locale.py'>'
2025-03-08 14:26:05,925 - app.utils.i18n - WARNING - Using default value for key 'main_window.language': Language
2025-03-08 14:26:05,926 - app.gui.main_window - INFO - MainWindow initialization complete
2025-03-08 14:26:05,927 - app.gui.settings_dialog - INFO - Initializing SettingsDialog
2025-03-08 14:26:05,938 - app.gui.settings_dialog - INFO - SettingsDialog initialization complete
2025-03-08 14:26:06,252 - __main__ - INFO - Main window initialized and shown
2025-03-08 14:26:39,392 - app.gui.settings_dialog - INFO - Initializing SettingsDialog
2025-03-08 14:26:39,398 - app.gui.settings_dialog - INFO - SettingsDialog initialization complete
2025-03-08 14:26:41,801 - app.utils.config - INFO - Configuration saved successfully
2025-03-08 14:26:41,802 - app.utils.config - INFO - Configuration updated: default_path = C:\Users\ETPau/Desktop/MicroAI_Detect
2025-03-08 14:26:41,803 - app.utils.config - INFO - Configuration saved successfully
2025-03-08 14:26:41,803 - app.utils.config - INFO - Configuration updated: export_formats = ['json', 'csv', 'xlsx']
2025-03-08 14:26:41,805 - app.utils.config - INFO - Configuration saved successfully
2025-03-08 14:26:41,805 - app.utils.config - INFO - Configuration updated: analysis_iterations = 100
2025-03-08 14:26:41,806 - app.utils.config - INFO - Configuration saved successfully
2025-03-08 14:26:41,806 - app.utils.config - INFO - Configuration updated: window.maximized = False
2025-03-08 14:26:41,807 - app.utils.config - INFO - Configuration saved successfully
2025-03-08 14:26:41,807 - app.utils.config - INFO - Configuration updated: language = en
2025-03-08 14:26:41,809 - app.utils.config - INFO - Configuration saved successfully
2025-03-08 14:26:41,825 - app.utils.config - INFO - Configuration saved successfully
2025-03-08 14:26:43,427 - app.gui.settings_dialog - INFO - Initializing SettingsDialog
2025-03-08 14:26:43,433 - app.gui.settings_dialog - INFO - SettingsDialog initialization complete
2025-03-08 14:26:45,633 - app.utils.config - INFO - Configuration saved successfully
2025-03-08 14:26:45,634 - app.utils.config - INFO - Configuration updated: default_path = C:\Users\ETPau/Desktop/MicroAI_Detect
2025-03-08 14:26:45,635 - app.utils.config - INFO - Configuration saved successfully
2025-03-08 14:26:45,635 - app.utils.config - INFO - Configuration updated: export_formats = ['json', 'csv', 'xlsx']
2025-03-08 14:26:45,637 - app.utils.config - INFO - Configuration saved successfully
2025-03-08 14:26:45,637 - app.utils.config - INFO - Configuration updated: analysis_iterations = 100
2025-03-08 14:26:45,638 - app.utils.config - INFO - Configuration saved successfully
2025-03-08 14:26:45,639 - app.utils.config - INFO - Configuration updated: window.maximized = False
2025-03-08 14:26:45,640 - app.utils.config - INFO - Configuration saved successfully
2025-03-08 14:26:45,640 - app.utils.config - INFO - Configuration updated: language = zh_CN
2025-03-08 14:26:45,642 - app.utils.config - INFO - Configuration saved successfully
2025-03-08 14:26:45,654 - app.utils.config - INFO - Configuration saved successfully
2025-03-08 14:26:47,653 - app.utils.i18n - INFO - Set locale to en
2025-03-08 14:26:47,653 - app.utils.i18n - WARNING - Missing translation for key 'image_browser.actions' in locale '<module 'locale' from 'C:\\Users\\ETPau\\AppData\\Local\\Programs\\Python\\Python311\\Lib\\locale.py'>'
2025-03-08 14:26:47,653 - app.utils.i18n - WARNING - Using default value for key 'image_browser.actions': Actions
2025-03-08 14:26:47,653 - app.utils.i18n - WARNING - Missing translation for key 'image_browser.image_list' in locale '<module 'locale' from 'C:\\Users\\ETPau\\AppData\\Local\\Programs\\Python\\Python311\\Lib\\locale.py'>'
2025-03-08 14:26:47,653 - app.utils.i18n - WARNING - Using default value for key 'image_browser.image_list': Image List
2025-03-08 14:26:47,655 - app.utils.i18n - WARNING - Missing translation for key 'image_browser.preview' in locale '<module 'locale' from 'C:\\Users\\ETPau\\AppData\\Local\\Programs\\Python\\Python311\\Lib\\locale.py'>'
2025-03-08 14:26:47,655 - app.utils.i18n - WARNING - Using default value for key 'image_browser.preview': Preview
2025-03-08 14:26:47,655 - app.utils.i18n - WARNING - Missing translation for key 'image_browser.import_images_tooltip' in locale '<module 'locale' from 'C:\\Users\\ETPau\\AppData\\Local\\Programs\\Python\\Python311\\Lib\\locale.py'>'
2025-03-08 14:26:47,655 - app.utils.i18n - WARNING - Using default value for key 'image_browser.import_images_tooltip': Import images for analysis
2025-03-08 14:26:47,656 - app.utils.i18n - WARNING - Missing translation for key 'image_browser.remove_selected_tooltip' in locale '<module 'locale' from 'C:\\Users\\ETPau\\AppData\\Local\\Programs\\Python\\Python311\\Lib\\locale.py'>'
2025-03-08 14:26:47,656 - app.utils.i18n - WARNING - Using default value for key 'image_browser.remove_selected_tooltip': Remove selected images
2025-03-08 14:26:47,656 - app.utils.i18n - WARNING - Missing translation for key 'image_browser.clear_all_tooltip' in locale '<module 'locale' from 'C:\\Users\\ETPau\\AppData\\Local\\Programs\\Python\\Python311\\Lib\\locale.py'>'
2025-03-08 14:26:47,656 - app.utils.i18n - WARNING - Using default value for key 'image_browser.clear_all_tooltip': Clear all images
2025-03-08 14:26:47,657 - app.utils.i18n - WARNING - Missing translation for key 'image_browser.no_image_selected' in locale '<module 'locale' from 'C:\\Users\\ETPau\\AppData\\Local\\Programs\\Python\\Python311\\Lib\\locale.py'>'
2025-03-08 14:26:47,657 - app.utils.i18n - WARNING - Using default value for key 'image_browser.no_image_selected': No image selected
2025-03-08 14:26:47,657 - app.utils.i18n - WARNING - Missing translation for key 'main_window.new_project_tooltip' in locale '<module 'locale' from 'C:\\Users\\ETPau\\AppData\\Local\\Programs\\Python\\Python311\\Lib\\locale.py'>'
2025-03-08 14:26:47,657 - app.utils.i18n - WARNING - Using default value for key 'main_window.new_project_tooltip': Create a new project
2025-03-08 14:26:47,659 - app.utils.i18n - WARNING - Missing translation for key 'main_window.open_project_tooltip' in locale '<module 'locale' from 'C:\\Users\\ETPau\\AppData\\Local\\Programs\\Python\\Python311\\Lib\\locale.py'>'
2025-03-08 14:26:47,659 - app.utils.i18n - WARNING - Using default value for key 'main_window.open_project_tooltip': Open an existing project
2025-03-08 14:26:47,659 - app.utils.i18n - WARNING - Missing translation for key 'main_window.import_images_tooltip' in locale '<module 'locale' from 'C:\\Users\\ETPau\\AppData\\Local\\Programs\\Python\\Python311\\Lib\\locale.py'>'
2025-03-08 14:26:47,659 - app.utils.i18n - WARNING - Using default value for key 'main_window.import_images_tooltip': Import images to current project
2025-03-08 14:26:47,660 - app.utils.i18n - WARNING - Missing translation for key 'main_window.ready' in locale '<module 'locale' from 'C:\\Users\\ETPau\\AppData\\Local\\Programs\\Python\\Python311\\Lib\\locale.py'>'
2025-03-08 14:26:47,660 - app.utils.i18n - WARNING - Using default value for key 'main_window.ready': Ready
2025-03-08 14:26:47,660 - app.utils.i18n - WARNING - Missing translation for key 'main_window.single_image_tooltip' in locale '<module 'locale' from 'C:\\Users\\ETPau\\AppData\\Local\\Programs\\Python\\Python311\\Lib\\locale.py'>'
2025-03-08 14:26:47,660 - app.utils.i18n - WARNING - Using default value for key 'main_window.single_image_tooltip': Analyze one image at a time
2025-03-08 14:26:47,660 - app.utils.i18n - WARNING - Missing translation for key 'main_window.batch_analysis_tooltip' in locale '<module 'locale' from 'C:\\Users\\ETPau\\AppData\\Local\\Programs\\Python\\Python311\\Lib\\locale.py'>'
2025-03-08 14:26:47,660 - app.utils.i18n - WARNING - Using default value for key 'main_window.batch_analysis_tooltip': Analyze multiple images at once
2025-03-08 14:26:47,661 - app.utils.i18n - WARNING - Missing translation for key 'main_window.start_analysis_tooltip' in locale '<module 'locale' from 'C:\\Users\\ETPau\\AppData\\Local\\Programs\\Python\\Python311\\Lib\\locale.py'>'
2025-03-08 14:26:47,662 - app.utils.i18n - WARNING - Using default value for key 'main_window.start_analysis_tooltip': Start colony detection analysis
2025-03-08 14:26:47,662 - app.utils.i18n - WARNING - Missing translation for key 'main_window.stop_tooltip' in locale '<module 'locale' from 'C:\\Users\\ETPau\\AppData\\Local\\Programs\\Python\\Python311\\Lib\\locale.py'>'
2025-03-08 14:26:47,662 - app.utils.i18n - WARNING - Using default value for key 'main_window.stop_tooltip': Stop current analysis
2025-03-08 14:26:47,662 - app.utils.i18n - WARNING - Missing translation for key 'main_window.language' in locale '<module 'locale' from 'C:\\Users\\ETPau\\AppData\\Local\\Programs\\Python\\Python311\\Lib\\locale.py'>'
2025-03-08 14:26:47,662 - app.utils.i18n - WARNING - Using default value for key 'main_window.language': Language
2025-03-08 14:26:48,383 - app.utils.i18n - INFO - Set locale to zh_CN
2025-03-08 14:26:48,383 - app.utils.i18n - WARNING - Missing translation for key 'image_browser.actions' in locale '<module 'locale' from 'C:\\Users\\ETPau\\AppData\\Local\\Programs\\Python\\Python311\\Lib\\locale.py'>'
2025-03-08 14:26:48,384 - app.utils.i18n - WARNING - Using default value for key 'image_browser.actions': Actions
2025-03-08 14:26:48,384 - app.utils.i18n - WARNING - Missing translation for key 'image_browser.image_list' in locale '<module 'locale' from 'C:\\Users\\ETPau\\AppData\\Local\\Programs\\Python\\Python311\\Lib\\locale.py'>'
2025-03-08 14:26:48,384 - app.utils.i18n - WARNING - Using default value for key 'image_browser.image_list': Image List
2025-03-08 14:26:48,385 - app.utils.i18n - WARNING - Missing translation for key 'image_browser.preview' in locale '<module 'locale' from 'C:\\Users\\ETPau\\AppData\\Local\\Programs\\Python\\Python311\\Lib\\locale.py'>'
2025-03-08 14:26:48,385 - app.utils.i18n - WARNING - Using default value for key 'image_browser.preview': Preview
2025-03-08 14:26:48,385 - app.utils.i18n - WARNING - Missing translation for key 'image_browser.import_images_tooltip' in locale '<module 'locale' from 'C:\\Users\\ETPau\\AppData\\Local\\Programs\\Python\\Python311\\Lib\\locale.py'>'
2025-03-08 14:26:48,386 - app.utils.i18n - WARNING - Using default value for key 'image_browser.import_images_tooltip': Import images for analysis
2025-03-08 14:26:48,386 - app.utils.i18n - WARNING - Missing translation for key 'image_browser.remove_selected_tooltip' in locale '<module 'locale' from 'C:\\Users\\ETPau\\AppData\\Local\\Programs\\Python\\Python311\\Lib\\locale.py'>'
2025-03-08 14:26:48,386 - app.utils.i18n - WARNING - Using default value for key 'image_browser.remove_selected_tooltip': Remove selected images
2025-03-08 14:26:48,387 - app.utils.i18n - WARNING - Missing translation for key 'image_browser.clear_all_tooltip' in locale '<module 'locale' from 'C:\\Users\\ETPau\\AppData\\Local\\Programs\\Python\\Python311\\Lib\\locale.py'>'
2025-03-08 14:26:48,387 - app.utils.i18n - WARNING - Using default value for key 'image_browser.clear_all_tooltip': Clear all images
2025-03-08 14:26:48,387 - app.utils.i18n - WARNING - Missing translation for key 'image_browser.no_image_selected' in locale '<module 'locale' from 'C:\\Users\\ETPau\\AppData\\Local\\Programs\\Python\\Python311\\Lib\\locale.py'>'
2025-03-08 14:26:48,388 - app.utils.i18n - WARNING - Using default value for key 'image_browser.no_image_selected': No image selected
2025-03-08 14:26:48,389 - app.utils.i18n - WARNING - Missing translation for key 'main_window.new_project_tooltip' in locale '<module 'locale' from 'C:\\Users\\ETPau\\AppData\\Local\\Programs\\Python\\Python311\\Lib\\locale.py'>'
2025-03-08 14:26:48,389 - app.utils.i18n - WARNING - Using default value for key 'main_window.new_project_tooltip': Create a new project
2025-03-08 14:26:48,390 - app.utils.i18n - WARNING - Missing translation for key 'main_window.open_project_tooltip' in locale '<module 'locale' from 'C:\\Users\\ETPau\\AppData\\Local\\Programs\\Python\\Python311\\Lib\\locale.py'>'
2025-03-08 14:26:48,390 - app.utils.i18n - WARNING - Using default value for key 'main_window.open_project_tooltip': Open an existing project
2025-03-08 14:26:48,391 - app.utils.i18n - WARNING - Missing translation for key 'main_window.import_images_tooltip' in locale '<module 'locale' from 'C:\\Users\\ETPau\\AppData\\Local\\Programs\\Python\\Python311\\Lib\\locale.py'>'
2025-03-08 14:26:48,391 - app.utils.i18n - WARNING - Using default value for key 'main_window.import_images_tooltip': Import images to current project
2025-03-08 14:26:48,391 - app.utils.i18n - WARNING - Missing translation for key 'main_window.ready' in locale '<module 'locale' from 'C:\\Users\\ETPau\\AppData\\Local\\Programs\\Python\\Python311\\Lib\\locale.py'>'
2025-03-08 14:26:48,391 - app.utils.i18n - WARNING - Using default value for key 'main_window.ready': Ready
2025-03-08 14:26:48,392 - app.utils.i18n - WARNING - Missing translation for key 'main_window.single_image_tooltip' in locale '<module 'locale' from 'C:\\Users\\ETPau\\AppData\\Local\\Programs\\Python\\Python311\\Lib\\locale.py'>'
2025-03-08 14:26:48,392 - app.utils.i18n - WARNING - Using default value for key 'main_window.single_image_tooltip': Analyze one image at a time
2025-03-08 14:26:48,392 - app.utils.i18n - WARNING - Missing translation for key 'main_window.batch_analysis_tooltip' in locale '<module 'locale' from 'C:\\Users\\ETPau\\AppData\\Local\\Programs\\Python\\Python311\\Lib\\locale.py'>'
2025-03-08 14:26:48,393 - app.utils.i18n - WARNING - Using default value for key 'main_window.batch_analysis_tooltip': Analyze multiple images at once
2025-03-08 14:26:48,393 - app.utils.i18n - WARNING - Missing translation for key 'main_window.start_analysis_tooltip' in locale '<module 'locale' from 'C:\\Users\\ETPau\\AppData\\Local\\Programs\\Python\\Python311\\Lib\\locale.py'>'
2025-03-08 14:26:48,393 - app.utils.i18n - WARNING - Using default value for key 'main_window.start_analysis_tooltip': Start colony detection analysis
2025-03-08 14:26:48,394 - app.utils.i18n - WARNING - Missing translation for key 'main_window.stop_tooltip' in locale '<module 'locale' from 'C:\\Users\\ETPau\\AppData\\Local\\Programs\\Python\\Python311\\Lib\\locale.py'>'
2025-03-08 14:26:48,394 - app.utils.i18n - WARNING - Using default value for key 'main_window.stop_tooltip': Stop current analysis
2025-03-08 14:26:48,394 - app.utils.i18n - WARNING - Missing translation for key 'main_window.language' in locale '<module 'locale' from 'C:\\Users\\ETPau\\AppData\\Local\\Programs\\Python\\Python311\\Lib\\locale.py'>'
2025-03-08 14:26:48,395 - app.utils.i18n - WARNING - Using default value for key 'main_window.language': Language
2025-03-08 14:26:48,886 - app.utils.i18n - INFO - Set locale to en
2025-03-08 14:26:48,886 - app.utils.i18n - WARNING - Missing translation for key 'image_browser.actions' in locale '<module 'locale' from 'C:\\Users\\ETPau\\AppData\\Local\\Programs\\Python\\Python311\\Lib\\locale.py'>'
2025-03-08 14:26:48,886 - app.utils.i18n - WARNING - Using default value for key 'image_browser.actions': Actions
2025-03-08 14:26:48,887 - app.utils.i18n - WARNING - Missing translation for key 'image_browser.image_list' in locale '<module 'locale' from 'C:\\Users\\ETPau\\AppData\\Local\\Programs\\Python\\Python311\\Lib\\locale.py'>'
2025-03-08 14:26:48,887 - app.utils.i18n - WARNING - Using default value for key 'image_browser.image_list': Image List
2025-03-08 14:26:48,887 - app.utils.i18n - WARNING - Missing translation for key 'image_browser.preview' in locale '<module 'locale' from 'C:\\Users\\ETPau\\AppData\\Local\\Programs\\Python\\Python311\\Lib\\locale.py'>'
2025-03-08 14:26:48,887 - app.utils.i18n - WARNING - Using default value for key 'image_browser.preview': Preview
2025-03-08 14:26:48,888 - app.utils.i18n - WARNING - Missing translation for key 'image_browser.import_images_tooltip' in locale '<module 'locale' from 'C:\\Users\\ETPau\\AppData\\Local\\Programs\\Python\\Python311\\Lib\\locale.py'>'
2025-03-08 14:26:48,888 - app.utils.i18n - WARNING - Using default value for key 'image_browser.import_images_tooltip': Import images for analysis
2025-03-08 14:26:48,888 - app.utils.i18n - WARNING - Missing translation for key 'image_browser.remove_selected_tooltip' in locale '<module 'locale' from 'C:\\Users\\ETPau\\AppData\\Local\\Programs\\Python\\Python311\\Lib\\locale.py'>'
2025-03-08 14:26:48,888 - app.utils.i18n - WARNING - Using default value for key 'image_browser.remove_selected_tooltip': Remove selected images
2025-03-08 14:26:48,888 - app.utils.i18n - WARNING - Missing translation for key 'image_browser.clear_all_tooltip' in locale '<module 'locale' from 'C:\\Users\\ETPau\\AppData\\Local\\Programs\\Python\\Python311\\Lib\\locale.py'>'
2025-03-08 14:26:48,890 - app.utils.i18n - WARNING - Using default value for key 'image_browser.clear_all_tooltip': Clear all images
2025-03-08 14:26:48,890 - app.utils.i18n - WARNING - Missing translation for key 'image_browser.no_image_selected' in locale '<module 'locale' from 'C:\\Users\\ETPau\\AppData\\Local\\Programs\\Python\\Python311\\Lib\\locale.py'>'
2025-03-08 14:26:48,890 - app.utils.i18n - WARNING - Using default value for key 'image_browser.no_image_selected': No image selected
2025-03-08 14:26:48,891 - app.utils.i18n - WARNING - Missing translation for key 'main_window.new_project_tooltip' in locale '<module 'locale' from 'C:\\Users\\ETPau\\AppData\\Local\\Programs\\Python\\Python311\\Lib\\locale.py'>'
2025-03-08 14:26:48,891 - app.utils.i18n - WARNING - Using default value for key 'main_window.new_project_tooltip': Create a new project
2025-03-08 14:26:48,892 - app.utils.i18n - WARNING - Missing translation for key 'main_window.open_project_tooltip' in locale '<module 'locale' from 'C:\\Users\\ETPau\\AppData\\Local\\Programs\\Python\\Python311\\Lib\\locale.py'>'
2025-03-08 14:26:48,892 - app.utils.i18n - WARNING - Using default value for key 'main_window.open_project_tooltip': Open an existing project
2025-03-08 14:26:48,892 - app.utils.i18n - WARNING - Missing translation for key 'main_window.import_images_tooltip' in locale '<module 'locale' from 'C:\\Users\\ETPau\\AppData\\Local\\Programs\\Python\\Python311\\Lib\\locale.py'>'
2025-03-08 14:26:48,893 - app.utils.i18n - WARNING - Using default value for key 'main_window.import_images_tooltip': Import images to current project
2025-03-08 14:26:48,893 - app.utils.i18n - WARNING - Missing translation for key 'main_window.ready' in locale '<module 'locale' from 'C:\\Users\\ETPau\\AppData\\Local\\Programs\\Python\\Python311\\Lib\\locale.py'>'
2025-03-08 14:26:48,893 - app.utils.i18n - WARNING - Using default value for key 'main_window.ready': Ready
2025-03-08 14:26:48,893 - app.utils.i18n - WARNING - Missing translation for key 'main_window.single_image_tooltip' in locale '<module 'locale' from 'C:\\Users\\ETPau\\AppData\\Local\\Programs\\Python\\Python311\\Lib\\locale.py'>'
2025-03-08 14:26:48,893 - app.utils.i18n - WARNING - Using default value for key 'main_window.single_image_tooltip': Analyze one image at a time
2025-03-08 14:26:48,893 - app.utils.i18n - WARNING - Missing translation for key 'main_window.batch_analysis_tooltip' in locale '<module 'locale' from 'C:\\Users\\ETPau\\AppData\\Local\\Programs\\Python\\Python311\\Lib\\locale.py'>'
2025-03-08 14:26:48,895 - app.utils.i18n - WARNING - Using default value for key 'main_window.batch_analysis_tooltip': Analyze multiple images at once
2025-03-08 14:26:48,895 - app.utils.i18n - WARNING - Missing translation for key 'main_window.start_analysis_tooltip' in locale '<module 'locale' from 'C:\\Users\\ETPau\\AppData\\Local\\Programs\\Python\\Python311\\Lib\\locale.py'>'
2025-03-08 14:26:48,895 - app.utils.i18n - WARNING - Using default value for key 'main_window.start_analysis_tooltip': Start colony detection analysis
2025-03-08 14:26:48,896 - app.utils.i18n - WARNING - Missing translation for key 'main_window.stop_tooltip' in locale '<module 'locale' from 'C:\\Users\\ETPau\\AppData\\Local\\Programs\\Python\\Python311\\Lib\\locale.py'>'
2025-03-08 14:26:48,896 - app.utils.i18n - WARNING - Using default value for key 'main_window.stop_tooltip': Stop current analysis
2025-03-08 14:26:48,896 - app.utils.i18n - WARNING - Missing translation for key 'main_window.language' in locale '<module 'locale' from 'C:\\Users\\ETPau\\AppData\\Local\\Programs\\Python\\Python311\\Lib\\locale.py'>'
2025-03-08 14:26:48,897 - app.utils.i18n - WARNING - Using default value for key 'main_window.language': Language
2025-03-08 14:26:49,286 - app.utils.i18n - INFO - Set locale to zh_CN
2025-03-08 14:26:49,286 - app.utils.i18n - WARNING - Missing translation for key 'image_browser.actions' in locale '<module 'locale' from 'C:\\Users\\ETPau\\AppData\\Local\\Programs\\Python\\Python311\\Lib\\locale.py'>'
2025-03-08 14:26:49,287 - app.utils.i18n - WARNING - Using default value for key 'image_browser.actions': Actions
2025-03-08 14:26:49,288 - app.utils.i18n - WARNING - Missing translation for key 'image_browser.image_list' in locale '<module 'locale' from 'C:\\Users\\ETPau\\AppData\\Local\\Programs\\Python\\Python311\\Lib\\locale.py'>'
2025-03-08 14:26:49,288 - app.utils.i18n - WARNING - Using default value for key 'image_browser.image_list': Image List
2025-03-08 14:26:49,288 - app.utils.i18n - WARNING - Missing translation for key 'image_browser.preview' in locale '<module 'locale' from 'C:\\Users\\ETPau\\AppData\\Local\\Programs\\Python\\Python311\\Lib\\locale.py'>'
2025-03-08 14:26:49,288 - app.utils.i18n - WARNING - Using default value for key 'image_browser.preview': Preview
2025-03-08 14:26:49,289 - app.utils.i18n - WARNING - Missing translation for key 'image_browser.import_images_tooltip' in locale '<module 'locale' from 'C:\\Users\\ETPau\\AppData\\Local\\Programs\\Python\\Python311\\Lib\\locale.py'>'
2025-03-08 14:26:49,289 - app.utils.i18n - WARNING - Using default value for key 'image_browser.import_images_tooltip': Import images for analysis
2025-03-08 14:26:49,291 - app.utils.i18n - WARNING - Missing translation for key 'image_browser.remove_selected_tooltip' in locale '<module 'locale' from 'C:\\Users\\ETPau\\AppData\\Local\\Programs\\Python\\Python311\\Lib\\locale.py'>'
2025-03-08 14:26:49,292 - app.utils.i18n - WARNING - Using default value for key 'image_browser.remove_selected_tooltip': Remove selected images
2025-03-08 14:26:49,293 - app.utils.i18n - WARNING - Missing translation for key 'image_browser.clear_all_tooltip' in locale '<module 'locale' from 'C:\\Users\\ETPau\\AppData\\Local\\Programs\\Python\\Python311\\Lib\\locale.py'>'
2025-03-08 14:26:49,293 - app.utils.i18n - WARNING - Using default value for key 'image_browser.clear_all_tooltip': Clear all images
2025-03-08 14:26:49,294 - app.utils.i18n - WARNING - Missing translation for key 'image_browser.no_image_selected' in locale '<module 'locale' from 'C:\\Users\\ETPau\\AppData\\Local\\Programs\\Python\\Python311\\Lib\\locale.py'>'
2025-03-08 14:26:49,294 - app.utils.i18n - WARNING - Using default value for key 'image_browser.no_image_selected': No image selected
2025-03-08 14:26:49,296 - app.utils.i18n - WARNING - Missing translation for key 'main_window.new_project_tooltip' in locale '<module 'locale' from 'C:\\Users\\ETPau\\AppData\\Local\\Programs\\Python\\Python311\\Lib\\locale.py'>'
2025-03-08 14:26:49,296 - app.utils.i18n - WARNING - Using default value for key 'main_window.new_project_tooltip': Create a new project
2025-03-08 14:26:49,297 - app.utils.i18n - WARNING - Missing translation for key 'main_window.open_project_tooltip' in locale '<module 'locale' from 'C:\\Users\\ETPau\\AppData\\Local\\Programs\\Python\\Python311\\Lib\\locale.py'>'
2025-03-08 14:26:49,297 - app.utils.i18n - WARNING - Using default value for key 'main_window.open_project_tooltip': Open an existing project
2025-03-08 14:26:49,297 - app.utils.i18n - WARNING - Missing translation for key 'main_window.import_images_tooltip' in locale '<module 'locale' from 'C:\\Users\\ETPau\\AppData\\Local\\Programs\\Python\\Python311\\Lib\\locale.py'>'
2025-03-08 14:26:49,298 - app.utils.i18n - WARNING - Using default value for key 'main_window.import_images_tooltip': Import images to current project
2025-03-08 14:26:49,298 - app.utils.i18n - WARNING - Missing translation for key 'main_window.ready' in locale '<module 'locale' from 'C:\\Users\\ETPau\\AppData\\Local\\Programs\\Python\\Python311\\Lib\\locale.py'>'
2025-03-08 14:26:49,298 - app.utils.i18n - WARNING - Using default value for key 'main_window.ready': Ready
2025-03-08 14:26:49,299 - app.utils.i18n - WARNING - Missing translation for key 'main_window.single_image_tooltip' in locale '<module 'locale' from 'C:\\Users\\ETPau\\AppData\\Local\\Programs\\Python\\Python311\\Lib\\locale.py'>'
2025-03-08 14:26:49,299 - app.utils.i18n - WARNING - Using default value for key 'main_window.single_image_tooltip': Analyze one image at a time
2025-03-08 14:26:49,300 - app.utils.i18n - WARNING - Missing translation for key 'main_window.batch_analysis_tooltip' in locale '<module 'locale' from 'C:\\Users\\ETPau\\AppData\\Local\\Programs\\Python\\Python311\\Lib\\locale.py'>'
2025-03-08 14:26:49,300 - app.utils.i18n - WARNING - Using default value for key 'main_window.batch_analysis_tooltip': Analyze multiple images at once
2025-03-08 14:26:49,300 - app.utils.i18n - WARNING - Missing translation for key 'main_window.start_analysis_tooltip' in locale '<module 'locale' from 'C:\\Users\\ETPau\\AppData\\Local\\Programs\\Python\\Python311\\Lib\\locale.py'>'
2025-03-08 14:26:49,301 - app.utils.i18n - WARNING - Using default value for key 'main_window.start_analysis_tooltip': Start colony detection analysis
2025-03-08 14:26:49,301 - app.utils.i18n - WARNING - Missing translation for key 'main_window.stop_tooltip' in locale '<module 'locale' from 'C:\\Users\\ETPau\\AppData\\Local\\Programs\\Python\\Python311\\Lib\\locale.py'>'
2025-03-08 14:26:49,303 - app.utils.i18n - WARNING - Using default value for key 'main_window.stop_tooltip': Stop current analysis
2025-03-08 14:26:49,303 - app.utils.i18n - WARNING - Missing translation for key 'main_window.language' in locale '<module 'locale' from 'C:\\Users\\ETPau\\AppData\\Local\\Programs\\Python\\Python311\\Lib\\locale.py'>'
2025-03-08 14:26:49,305 - app.utils.i18n - WARNING - Using default value for key 'main_window.language': Language
2025-03-08 14:26:49,700 - app.utils.i18n - INFO - Set locale to en
2025-03-08 14:26:49,701 - app.utils.i18n - WARNING - Missing translation for key 'image_browser.actions' in locale '<module 'locale' from 'C:\\Users\\ETPau\\AppData\\Local\\Programs\\Python\\Python311\\Lib\\locale.py'>'
2025-03-08 14:26:49,702 - app.utils.i18n - WARNING - Using default value for key 'image_browser.actions': Actions
2025-03-08 14:26:49,702 - app.utils.i18n - WARNING - Missing translation for key 'image_browser.image_list' in locale '<module 'locale' from 'C:\\Users\\ETPau\\AppData\\Local\\Programs\\Python\\Python311\\Lib\\locale.py'>'
2025-03-08 14:26:49,702 - app.utils.i18n - WARNING - Using default value for key 'image_browser.image_list': Image List
2025-03-08 14:26:49,702 - app.utils.i18n - WARNING - Missing translation for key 'image_browser.preview' in locale '<module 'locale' from 'C:\\Users\\ETPau\\AppData\\Local\\Programs\\Python\\Python311\\Lib\\locale.py'>'
2025-03-08 14:26:49,703 - app.utils.i18n - WARNING - Using default value for key 'image_browser.preview': Preview
2025-03-08 14:26:49,703 - app.utils.i18n - WARNING - Missing translation for key 'image_browser.import_images_tooltip' in locale '<module 'locale' from 'C:\\Users\\ETPau\\AppData\\Local\\Programs\\Python\\Python311\\Lib\\locale.py'>'
2025-03-08 14:26:49,703 - app.utils.i18n - WARNING - Using default value for key 'image_browser.import_images_tooltip': Import images for analysis
2025-03-08 14:26:49,703 - app.utils.i18n - WARNING - Missing translation for key 'image_browser.remove_selected_tooltip' in locale '<module 'locale' from 'C:\\Users\\ETPau\\AppData\\Local\\Programs\\Python\\Python311\\Lib\\locale.py'>'
2025-03-08 14:26:49,703 - app.utils.i18n - WARNING - Using default value for key 'image_browser.remove_selected_tooltip': Remove selected images
2025-03-08 14:26:49,704 - app.utils.i18n - WARNING - Missing translation for key 'image_browser.clear_all_tooltip' in locale '<module 'locale' from 'C:\\Users\\ETPau\\AppData\\Local\\Programs\\Python\\Python311\\Lib\\locale.py'>'
2025-03-08 14:26:49,704 - app.utils.i18n - WARNING - Using default value for key 'image_browser.clear_all_tooltip': Clear all images
2025-03-08 14:26:49,704 - app.utils.i18n - WARNING - Missing translation for key 'image_browser.no_image_selected' in locale '<module 'locale' from 'C:\\Users\\ETPau\\AppData\\Local\\Programs\\Python\\Python311\\Lib\\locale.py'>'
2025-03-08 14:26:49,704 - app.utils.i18n - WARNING - Using default value for key 'image_browser.no_image_selected': No image selected
2025-03-08 14:26:49,705 - app.utils.i18n - WARNING - Missing translation for key 'main_window.new_project_tooltip' in locale '<module 'locale' from 'C:\\Users\\ETPau\\AppData\\Local\\Programs\\Python\\Python311\\Lib\\locale.py'>'
2025-03-08 14:26:49,705 - app.utils.i18n - WARNING - Using default value for key 'main_window.new_project_tooltip': Create a new project
2025-03-08 14:26:49,705 - app.utils.i18n - WARNING - Missing translation for key 'main_window.open_project_tooltip' in locale '<module 'locale' from 'C:\\Users\\ETPau\\AppData\\Local\\Programs\\Python\\Python311\\Lib\\locale.py'>'
2025-03-08 14:26:49,705 - app.utils.i18n - WARNING - Using default value for key 'main_window.open_project_tooltip': Open an existing project
2025-03-08 14:26:49,707 - app.utils.i18n - WARNING - Missing translation for key 'main_window.import_images_tooltip' in locale '<module 'locale' from 'C:\\Users\\ETPau\\AppData\\Local\\Programs\\Python\\Python311\\Lib\\locale.py'>'
2025-03-08 14:26:49,707 - app.utils.i18n - WARNING - Using default value for key 'main_window.import_images_tooltip': Import images to current project
2025-03-08 14:26:49,707 - app.utils.i18n - WARNING - Missing translation for key 'main_window.ready' in locale '<module 'locale' from 'C:\\Users\\ETPau\\AppData\\Local\\Programs\\Python\\Python311\\Lib\\locale.py'>'
2025-03-08 14:26:49,707 - app.utils.i18n - WARNING - Using default value for key 'main_window.ready': Ready
2025-03-08 14:26:49,707 - app.utils.i18n - WARNING - Missing translation for key 'main_window.single_image_tooltip' in locale '<module 'locale' from 'C:\\Users\\ETPau\\AppData\\Local\\Programs\\Python\\Python311\\Lib\\locale.py'>'
2025-03-08 14:26:49,707 - app.utils.i18n - WARNING - Using default value for key 'main_window.single_image_tooltip': Analyze one image at a time
2025-03-08 14:26:49,708 - app.utils.i18n - WARNING - Missing translation for key 'main_window.batch_analysis_tooltip' in locale '<module 'locale' from 'C:\\Users\\ETPau\\AppData\\Local\\Programs\\Python\\Python311\\Lib\\locale.py'>'
2025-03-08 14:26:49,708 - app.utils.i18n - WARNING - Using default value for key 'main_window.batch_analysis_tooltip': Analyze multiple images at once
2025-03-08 14:26:49,708 - app.utils.i18n - WARNING - Missing translation for key 'main_window.start_analysis_tooltip' in locale '<module 'locale' from 'C:\\Users\\ETPau\\AppData\\Local\\Programs\\Python\\Python311\\Lib\\locale.py'>'
2025-03-08 14:26:49,708 - app.utils.i18n - WARNING - Using default value for key 'main_window.start_analysis_tooltip': Start colony detection analysis
2025-03-08 14:26:49,709 - app.utils.i18n - WARNING - Missing translation for key 'main_window.stop_tooltip' in locale '<module 'locale' from 'C:\\Users\\ETPau\\AppData\\Local\\Programs\\Python\\Python311\\Lib\\locale.py'>'
2025-03-08 14:26:49,709 - app.utils.i18n - WARNING - Using default value for key 'main_window.stop_tooltip': Stop current analysis
2025-03-08 14:26:49,709 - app.utils.i18n - WARNING - Missing translation for key 'main_window.language' in locale '<module 'locale' from 'C:\\Users\\ETPau\\AppData\\Local\\Programs\\Python\\Python311\\Lib\\locale.py'>'
2025-03-08 14:26:49,709 - app.utils.i18n - WARNING - Using default value for key 'main_window.language': Language
2025-03-08 14:26:50,075 - app.utils.i18n - INFO - Set locale to zh_CN
2025-03-08 14:26:50,075 - app.utils.i18n - WARNING - Missing translation for key 'image_browser.actions' in locale '<module 'locale' from 'C:\\Users\\ETPau\\AppData\\Local\\Programs\\Python\\Python311\\Lib\\locale.py'>'
2025-03-08 14:26:50,075 - app.utils.i18n - WARNING - Using default value for key 'image_browser.actions': Actions
2025-03-08 14:26:50,076 - app.utils.i18n - WARNING - Missing translation for key 'image_browser.image_list' in locale '<module 'locale' from 'C:\\Users\\ETPau\\AppData\\Local\\Programs\\Python\\Python311\\Lib\\locale.py'>'
2025-03-08 14:26:50,076 - app.utils.i18n - WARNING - Using default value for key 'image_browser.image_list': Image List
2025-03-08 14:26:50,076 - app.utils.i18n - WARNING - Missing translation for key 'image_browser.preview' in locale '<module 'locale' from 'C:\\Users\\ETPau\\AppData\\Local\\Programs\\Python\\Python311\\Lib\\locale.py'>'
2025-03-08 14:26:50,076 - app.utils.i18n - WARNING - Using default value for key 'image_browser.preview': Preview
2025-03-08 14:26:50,077 - app.utils.i18n - WARNING - Missing translation for key 'image_browser.import_images_tooltip' in locale '<module 'locale' from 'C:\\Users\\ETPau\\AppData\\Local\\Programs\\Python\\Python311\\Lib\\locale.py'>'
2025-03-08 14:26:50,077 - app.utils.i18n - WARNING - Using default value for key 'image_browser.import_images_tooltip': Import images for analysis
2025-03-08 14:26:50,077 - app.utils.i18n - WARNING - Missing translation for key 'image_browser.remove_selected_tooltip' in locale '<module 'locale' from 'C:\\Users\\ETPau\\AppData\\Local\\Programs\\Python\\Python311\\Lib\\locale.py'>'
2025-03-08 14:26:50,077 - app.utils.i18n - WARNING - Using default value for key 'image_browser.remove_selected_tooltip': Remove selected images
2025-03-08 14:26:50,077 - app.utils.i18n - WARNING - Missing translation for key 'image_browser.clear_all_tooltip' in locale '<module 'locale' from 'C:\\Users\\ETPau\\AppData\\Local\\Programs\\Python\\Python311\\Lib\\locale.py'>'
2025-03-08 14:26:50,079 - app.utils.i18n - WARNING - Using default value for key 'image_browser.clear_all_tooltip': Clear all images
2025-03-08 14:26:50,079 - app.utils.i18n - WARNING - Missing translation for key 'image_browser.no_image_selected' in locale '<module 'locale' from 'C:\\Users\\ETPau\\AppData\\Local\\Programs\\Python\\Python311\\Lib\\locale.py'>'
2025-03-08 14:26:50,079 - app.utils.i18n - WARNING - Using default value for key 'image_browser.no_image_selected': No image selected
2025-03-08 14:26:50,080 - app.utils.i18n - WARNING - Missing translation for key 'main_window.new_project_tooltip' in locale '<module 'locale' from 'C:\\Users\\ETPau\\AppData\\Local\\Programs\\Python\\Python311\\Lib\\locale.py'>'
2025-03-08 14:26:50,080 - app.utils.i18n - WARNING - Using default value for key 'main_window.new_project_tooltip': Create a new project
2025-03-08 14:26:50,080 - app.utils.i18n - WARNING - Missing translation for key 'main_window.open_project_tooltip' in locale '<module 'locale' from 'C:\\Users\\ETPau\\AppData\\Local\\Programs\\Python\\Python311\\Lib\\locale.py'>'
2025-03-08 14:26:50,080 - app.utils.i18n - WARNING - Using default value for key 'main_window.open_project_tooltip': Open an existing project
2025-03-08 14:26:50,081 - app.utils.i18n - WARNING - Missing translation for key 'main_window.import_images_tooltip' in locale '<module 'locale' from 'C:\\Users\\ETPau\\AppData\\Local\\Programs\\Python\\Python311\\Lib\\locale.py'>'
2025-03-08 14:26:50,081 - app.utils.i18n - WARNING - Using default value for key 'main_window.import_images_tooltip': Import images to current project
2025-03-08 14:26:50,081 - app.utils.i18n - WARNING - Missing translation for key 'main_window.ready' in locale '<module 'locale' from 'C:\\Users\\ETPau\\AppData\\Local\\Programs\\Python\\Python311\\Lib\\locale.py'>'
2025-03-08 14:26:50,081 - app.utils.i18n - WARNING - Using default value for key 'main_window.ready': Ready
2025-03-08 14:26:50,082 - app.utils.i18n - WARNING - Missing translation for key 'main_window.single_image_tooltip' in locale '<module 'locale' from 'C:\\Users\\ETPau\\AppData\\Local\\Programs\\Python\\Python311\\Lib\\locale.py'>'
2025-03-08 14:26:50,082 - app.utils.i18n - WARNING - Using default value for key 'main_window.single_image_tooltip': Analyze one image at a time
2025-03-08 14:26:50,082 - app.utils.i18n - WARNING - Missing translation for key 'main_window.batch_analysis_tooltip' in locale '<module 'locale' from 'C:\\Users\\ETPau\\AppData\\Local\\Programs\\Python\\Python311\\Lib\\locale.py'>'
2025-03-08 14:26:50,082 - app.utils.i18n - WARNING - Using default value for key 'main_window.batch_analysis_tooltip': Analyze multiple images at once
2025-03-08 14:26:50,083 - app.utils.i18n - WARNING - Missing translation for key 'main_window.start_analysis_tooltip' in locale '<module 'locale' from 'C:\\Users\\ETPau\\AppData\\Local\\Programs\\Python\\Python311\\Lib\\locale.py'>'
2025-03-08 14:26:50,083 - app.utils.i18n - WARNING - Using default value for key 'main_window.start_analysis_tooltip': Start colony detection analysis
2025-03-08 14:26:50,083 - app.utils.i18n - WARNING - Missing translation for key 'main_window.stop_tooltip' in locale '<module 'locale' from 'C:\\Users\\ETPau\\AppData\\Local\\Programs\\Python\\Python311\\Lib\\locale.py'>'
2025-03-08 14:26:50,085 - app.utils.i18n - WARNING - Using default value for key 'main_window.stop_tooltip': Stop current analysis
2025-03-08 14:26:50,086 - app.utils.i18n - WARNING - Missing translation for key 'main_window.language' in locale '<module 'locale' from 'C:\\Users\\ETPau\\AppData\\Local\\Programs\\Python\\Python311\\Lib\\locale.py'>'
2025-03-08 14:26:50,088 - app.utils.i18n - WARNING - Using default value for key 'main_window.language': Language
2025-03-08 14:26:50,563 - app.utils.i18n - INFO - Set locale to en
2025-03-08 14:26:50,564 - app.utils.i18n - WARNING - Missing translation for key 'image_browser.actions' in locale '<module 'locale' from 'C:\\Users\\ETPau\\AppData\\Local\\Programs\\Python\\Python311\\Lib\\locale.py'>'
2025-03-08 14:26:50,564 - app.utils.i18n - WARNING - Using default value for key 'image_browser.actions': Actions
2025-03-08 14:26:50,564 - app.utils.i18n - WARNING - Missing translation for key 'image_browser.image_list' in locale '<module 'locale' from 'C:\\Users\\ETPau\\AppData\\Local\\Programs\\Python\\Python311\\Lib\\locale.py'>'
2025-03-08 14:26:50,565 - app.utils.i18n - WARNING - Using default value for key 'image_browser.image_list': Image List
2025-03-08 14:26:50,565 - app.utils.i18n - WARNING - Missing translation for key 'image_browser.preview' in locale '<module 'locale' from 'C:\\Users\\ETPau\\AppData\\Local\\Programs\\Python\\Python311\\Lib\\locale.py'>'
2025-03-08 14:26:50,565 - app.utils.i18n - WARNING - Using default value for key 'image_browser.preview': Preview
2025-03-08 14:26:50,565 - app.utils.i18n - WARNING - Missing translation for key 'image_browser.import_images_tooltip' in locale '<module 'locale' from 'C:\\Users\\ETPau\\AppData\\Local\\Programs\\Python\\Python311\\Lib\\locale.py'>'
2025-03-08 14:26:50,565 - app.utils.i18n - WARNING - Using default value for key 'image_browser.import_images_tooltip': Import images for analysis
2025-03-08 14:26:50,566 - app.utils.i18n - WARNING - Missing translation for key 'image_browser.remove_selected_tooltip' in locale '<module 'locale' from 'C:\\Users\\ETPau\\AppData\\Local\\Programs\\Python\\Python311\\Lib\\locale.py'>'
2025-03-08 14:26:50,566 - app.utils.i18n - WARNING - Using default value for key 'image_browser.remove_selected_tooltip': Remove selected images
2025-03-08 14:26:50,566 - app.utils.i18n - WARNING - Missing translation for key 'image_browser.clear_all_tooltip' in locale '<module 'locale' from 'C:\\Users\\ETPau\\AppData\\Local\\Programs\\Python\\Python311\\Lib\\locale.py'>'
2025-03-08 14:26:50,566 - app.utils.i18n - WARNING - Using default value for key 'image_browser.clear_all_tooltip': Clear all images
2025-03-08 14:26:50,566 - app.utils.i18n - WARNING - Missing translation for key 'image_browser.no_image_selected' in locale '<module 'locale' from 'C:\\Users\\ETPau\\AppData\\Local\\Programs\\Python\\Python311\\Lib\\locale.py'>'
2025-03-08 14:26:50,568 - app.utils.i18n - WARNING - Using default value for key 'image_browser.no_image_selected': No image selected
2025-03-08 14:26:50,568 - app.utils.i18n - WARNING - Missing translation for key 'main_window.new_project_tooltip' in locale '<module 'locale' from 'C:\\Users\\ETPau\\AppData\\Local\\Programs\\Python\\Python311\\Lib\\locale.py'>'
2025-03-08 14:26:50,568 - app.utils.i18n - WARNING - Using default value for key 'main_window.new_project_tooltip': Create a new project
2025-03-08 14:26:50,569 - app.utils.i18n - WARNING - Missing translation for key 'main_window.open_project_tooltip' in locale '<module 'locale' from 'C:\\Users\\ETPau\\AppData\\Local\\Programs\\Python\\Python311\\Lib\\locale.py'>'
2025-03-08 14:26:50,569 - app.utils.i18n - WARNING - Using default value for key 'main_window.open_project_tooltip': Open an existing project
2025-03-08 14:26:50,569 - app.utils.i18n - WARNING - Missing translation for key 'main_window.import_images_tooltip' in locale '<module 'locale' from 'C:\\Users\\ETPau\\AppData\\Local\\Programs\\Python\\Python311\\Lib\\locale.py'>'
2025-03-08 14:26:50,569 - app.utils.i18n - WARNING - Using default value for key 'main_window.import_images_tooltip': Import images to current project
2025-03-08 14:26:50,570 - app.utils.i18n - WARNING - Missing translation for key 'main_window.ready' in locale '<module 'locale' from 'C:\\Users\\ETPau\\AppData\\Local\\Programs\\Python\\Python311\\Lib\\locale.py'>'
2025-03-08 14:26:50,570 - app.utils.i18n - WARNING - Using default value for key 'main_window.ready': Ready
2025-03-08 14:26:50,570 - app.utils.i18n - WARNING - Missing translation for key 'main_window.single_image_tooltip' in locale '<module 'locale' from 'C:\\Users\\ETPau\\AppData\\Local\\Programs\\Python\\Python311\\Lib\\locale.py'>'
2025-03-08 14:26:50,570 - app.utils.i18n - WARNING - Using default value for key 'main_window.single_image_tooltip': Analyze one image at a time
2025-03-08 14:26:50,571 - app.utils.i18n - WARNING - Missing translation for key 'main_window.batch_analysis_tooltip' in locale '<module 'locale' from 'C:\\Users\\ETPau\\AppData\\Local\\Programs\\Python\\Python311\\Lib\\locale.py'>'
2025-03-08 14:26:50,571 - app.utils.i18n - WARNING - Using default value for key 'main_window.batch_analysis_tooltip': Analyze multiple images at once
2025-03-08 14:26:50,571 - app.utils.i18n - WARNING - Missing translation for key 'main_window.start_analysis_tooltip' in locale '<module 'locale' from 'C:\\Users\\ETPau\\AppData\\Local\\Programs\\Python\\Python311\\Lib\\locale.py'>'
2025-03-08 14:26:50,572 - app.utils.i18n - WARNING - Using default value for key 'main_window.start_analysis_tooltip': Start colony detection analysis
2025-03-08 14:26:50,572 - app.utils.i18n - WARNING - Missing translation for key 'main_window.stop_tooltip' in locale '<module 'locale' from 'C:\\Users\\ETPau\\AppData\\Local\\Programs\\Python\\Python311\\Lib\\locale.py'>'
2025-03-08 14:26:50,572 - app.utils.i18n - WARNING - Using default value for key 'main_window.stop_tooltip': Stop current analysis
2025-03-08 14:26:50,572 - app.utils.i18n - WARNING - Missing translation for key 'main_window.language' in locale '<module 'locale' from 'C:\\Users\\ETPau\\AppData\\Local\\Programs\\Python\\Python311\\Lib\\locale.py'>'
2025-03-08 14:26:50,572 - app.utils.i18n - WARNING - Using default value for key 'main_window.language': Language
2025-03-08 14:26:51,105 - app.utils.i18n - INFO - Set locale to zh_CN
2025-03-08 14:26:51,105 - app.utils.i18n - WARNING - Missing translation for key 'image_browser.actions' in locale '<module 'locale' from 'C:\\Users\\ETPau\\AppData\\Local\\Programs\\Python\\Python311\\Lib\\locale.py'>'
2025-03-08 14:26:51,106 - app.utils.i18n - WARNING - Using default value for key 'image_browser.actions': Actions
2025-03-08 14:26:51,106 - app.utils.i18n - WARNING - Missing translation for key 'image_browser.image_list' in locale '<module 'locale' from 'C:\\Users\\ETPau\\AppData\\Local\\Programs\\Python\\Python311\\Lib\\locale.py'>'
2025-03-08 14:26:51,106 - app.utils.i18n - WARNING - Using default value for key 'image_browser.image_list': Image List
2025-03-08 14:26:51,106 - app.utils.i18n - WARNING - Missing translation for key 'image_browser.preview' in locale '<module 'locale' from 'C:\\Users\\ETPau\\AppData\\Local\\Programs\\Python\\Python311\\Lib\\locale.py'>'
2025-03-08 14:26:51,106 - app.utils.i18n - WARNING - Using default value for key 'image_browser.preview': Preview
2025-03-08 14:26:51,106 - app.utils.i18n - WARNING - Missing translation for key 'image_browser.import_images_tooltip' in locale '<module 'locale' from 'C:\\Users\\ETPau\\AppData\\Local\\Programs\\Python\\Python311\\Lib\\locale.py'>'
2025-03-08 14:26:51,107 - app.utils.i18n - WARNING - Using default value for key 'image_browser.import_images_tooltip': Import images for analysis
2025-03-08 14:26:51,107 - app.utils.i18n - WARNING - Missing translation for key 'image_browser.remove_selected_tooltip' in locale '<module 'locale' from 'C:\\Users\\ETPau\\AppData\\Local\\Programs\\Python\\Python311\\Lib\\locale.py'>'
2025-03-08 14:26:51,107 - app.utils.i18n - WARNING - Using default value for key 'image_browser.remove_selected_tooltip': Remove selected images
2025-03-08 14:26:51,107 - app.utils.i18n - WARNING - Missing translation for key 'image_browser.clear_all_tooltip' in locale '<module 'locale' from 'C:\\Users\\ETPau\\AppData\\Local\\Programs\\Python\\Python311\\Lib\\locale.py'>'
2025-03-08 14:26:51,107 - app.utils.i18n - WARNING - Using default value for key 'image_browser.clear_all_tooltip': Clear all images
2025-03-08 14:26:51,107 - app.utils.i18n - WARNING - Missing translation for key 'image_browser.no_image_selected' in locale '<module 'locale' from 'C:\\Users\\ETPau\\AppData\\Local\\Programs\\Python\\Python311\\Lib\\locale.py'>'
2025-03-08 14:26:51,109 - app.utils.i18n - WARNING - Using default value for key 'image_browser.no_image_selected': No image selected
2025-03-08 14:26:51,109 - app.utils.i18n - WARNING - Missing translation for key 'main_window.new_project_tooltip' in locale '<module 'locale' from 'C:\\Users\\ETPau\\AppData\\Local\\Programs\\Python\\Python311\\Lib\\locale.py'>'
2025-03-08 14:26:51,109 - app.utils.i18n - WARNING - Using default value for key 'main_window.new_project_tooltip': Create a new project
2025-03-08 14:26:51,110 - app.utils.i18n - WARNING - Missing translation for key 'main_window.open_project_tooltip' in locale '<module 'locale' from 'C:\\Users\\ETPau\\AppData\\Local\\Programs\\Python\\Python311\\Lib\\locale.py'>'
2025-03-08 14:26:51,110 - app.utils.i18n - WARNING - Using default value for key 'main_window.open_project_tooltip': Open an existing project
2025-03-08 14:26:51,110 - app.utils.i18n - WARNING - Missing translation for key 'main_window.import_images_tooltip' in locale '<module 'locale' from 'C:\\Users\\ETPau\\AppData\\Local\\Programs\\Python\\Python311\\Lib\\locale.py'>'
2025-03-08 14:26:51,110 - app.utils.i18n - WARNING - Using default value for key 'main_window.import_images_tooltip': Import images to current project
2025-03-08 14:26:51,111 - app.utils.i18n - WARNING - Missing translation for key 'main_window.ready' in locale '<module 'locale' from 'C:\\Users\\ETPau\\AppData\\Local\\Programs\\Python\\Python311\\Lib\\locale.py'>'
2025-03-08 14:26:51,111 - app.utils.i18n - WARNING - Using default value for key 'main_window.ready': Ready
2025-03-08 14:26:51,112 - app.utils.i18n - WARNING - Missing translation for key 'main_window.single_image_tooltip' in locale '<module 'locale' from 'C:\\Users\\ETPau\\AppData\\Local\\Programs\\Python\\Python311\\Lib\\locale.py'>'
2025-03-08 14:26:51,112 - app.utils.i18n - WARNING - Using default value for key 'main_window.single_image_tooltip': Analyze one image at a time
2025-03-08 14:26:51,112 - app.utils.i18n - WARNING - Missing translation for key 'main_window.batch_analysis_tooltip' in locale '<module 'locale' from 'C:\\Users\\ETPau\\AppData\\Local\\Programs\\Python\\Python311\\Lib\\locale.py'>'
2025-03-08 14:26:51,112 - app.utils.i18n - WARNING - Using default value for key 'main_window.batch_analysis_tooltip': Analyze multiple images at once
2025-03-08 14:26:51,113 - app.utils.i18n - WARNING - Missing translation for key 'main_window.start_analysis_tooltip' in locale '<module 'locale' from 'C:\\Users\\ETPau\\AppData\\Local\\Programs\\Python\\Python311\\Lib\\locale.py'>'
2025-03-08 14:26:51,113 - app.utils.i18n - WARNING - Using default value for key 'main_window.start_analysis_tooltip': Start colony detection analysis
2025-03-08 14:26:51,113 - app.utils.i18n - WARNING - Missing translation for key 'main_window.stop_tooltip' in locale '<module 'locale' from 'C:\\Users\\ETPau\\AppData\\Local\\Programs\\Python\\Python311\\Lib\\locale.py'>'
2025-03-08 14:26:51,113 - app.utils.i18n - WARNING - Using default value for key 'main_window.stop_tooltip': Stop current analysis
2025-03-08 14:26:51,113 - app.utils.i18n - WARNING - Missing translation for key 'main_window.language' in locale '<module 'locale' from 'C:\\Users\\ETPau\\AppData\\Local\\Programs\\Python\\Python311\\Lib\\locale.py'>'
2025-03-08 14:26:51,114 - app.utils.i18n - WARNING - Using default value for key 'main_window.language': Language
2025-03-08 14:26:51,529 - app.utils.i18n - INFO - Set locale to en
2025-03-08 14:26:51,531 - app.utils.i18n - WARNING - Missing translation for key 'image_browser.actions' in locale '<module 'locale' from 'C:\\Users\\ETPau\\AppData\\Local\\Programs\\Python\\Python311\\Lib\\locale.py'>'
2025-03-08 14:26:51,531 - app.utils.i18n - WARNING - Using default value for key 'image_browser.actions': Actions
2025-03-08 14:26:51,531 - app.utils.i18n - WARNING - Missing translation for key 'image_browser.image_list' in locale '<module 'locale' from 'C:\\Users\\ETPau\\AppData\\Local\\Programs\\Python\\Python311\\Lib\\locale.py'>'
2025-03-08 14:26:51,531 - app.utils.i18n - WARNING - Using default value for key 'image_browser.image_list': Image List
2025-03-08 14:26:51,532 - app.utils.i18n - WARNING - Missing translation for key 'image_browser.preview' in locale '<module 'locale' from 'C:\\Users\\ETPau\\AppData\\Local\\Programs\\Python\\Python311\\Lib\\locale.py'>'
2025-03-08 14:26:51,532 - app.utils.i18n - WARNING - Using default value for key 'image_browser.preview': Preview
2025-03-08 14:26:51,532 - app.utils.i18n - WARNING - Missing translation for key 'image_browser.import_images_tooltip' in locale '<module 'locale' from 'C:\\Users\\ETPau\\AppData\\Local\\Programs\\Python\\Python311\\Lib\\locale.py'>'
2025-03-08 14:26:51,532 - app.utils.i18n - WARNING - Using default value for key 'image_browser.import_images_tooltip': Import images for analysis
2025-03-08 14:26:51,533 - app.utils.i18n - WARNING - Missing translation for key 'image_browser.remove_selected_tooltip' in locale '<module 'locale' from 'C:\\Users\\ETPau\\AppData\\Local\\Programs\\Python\\Python311\\Lib\\locale.py'>'
2025-03-08 14:26:51,533 - app.utils.i18n - WARNING - Using default value for key 'image_browser.remove_selected_tooltip': Remove selected images
2025-03-08 14:26:51,533 - app.utils.i18n - WARNING - Missing translation for key 'image_browser.clear_all_tooltip' in locale '<module 'locale' from 'C:\\Users\\ETPau\\AppData\\Local\\Programs\\Python\\Python311\\Lib\\locale.py'>'
2025-03-08 14:26:51,533 - app.utils.i18n - WARNING - Using default value for key 'image_browser.clear_all_tooltip': Clear all images
2025-03-08 14:26:51,534 - app.utils.i18n - WARNING - Missing translation for key 'image_browser.no_image_selected' in locale '<module 'locale' from 'C:\\Users\\ETPau\\AppData\\Local\\Programs\\Python\\Python311\\Lib\\locale.py'>'
2025-03-08 14:26:51,534 - app.utils.i18n - WARNING - Using default value for key 'image_browser.no_image_selected': No image selected
2025-03-08 14:26:51,535 - app.utils.i18n - WARNING - Missing translation for key 'main_window.new_project_tooltip' in locale '<module 'locale' from 'C:\\Users\\ETPau\\AppData\\Local\\Programs\\Python\\Python311\\Lib\\locale.py'>'
2025-03-08 14:26:51,535 - app.utils.i18n - WARNING - Using default value for key 'main_window.new_project_tooltip': Create a new project
2025-03-08 14:26:51,536 - app.utils.i18n - WARNING - Missing translation for key 'main_window.open_project_tooltip' in locale '<module 'locale' from 'C:\\Users\\ETPau\\AppData\\Local\\Programs\\Python\\Python311\\Lib\\locale.py'>'
2025-03-08 14:26:51,536 - app.utils.i18n - WARNING - Using default value for key 'main_window.open_project_tooltip': Open an existing project
2025-03-08 14:26:51,536 - app.utils.i18n - WARNING - Missing translation for key 'main_window.import_images_tooltip' in locale '<module 'locale' from 'C:\\Users\\ETPau\\AppData\\Local\\Programs\\Python\\Python311\\Lib\\locale.py'>'
2025-03-08 14:26:51,536 - app.utils.i18n - WARNING - Using default value for key 'main_window.import_images_tooltip': Import images to current project
2025-03-08 14:26:51,536 - app.utils.i18n - WARNING - Missing translation for key 'main_window.ready' in locale '<module 'locale' from 'C:\\Users\\ETPau\\AppData\\Local\\Programs\\Python\\Python311\\Lib\\locale.py'>'
2025-03-08 14:26:51,536 - app.utils.i18n - WARNING - Using default value for key 'main_window.ready': Ready
2025-03-08 14:26:51,536 - app.utils.i18n - WARNING - Missing translation for key 'main_window.single_image_tooltip' in locale '<module 'locale' from 'C:\\Users\\ETPau\\AppData\\Local\\Programs\\Python\\Python311\\Lib\\locale.py'>'
2025-03-08 14:26:51,537 - app.utils.i18n - WARNING - Using default value for key 'main_window.single_image_tooltip': Analyze one image at a time
2025-03-08 14:26:51,537 - app.utils.i18n - WARNING - Missing translation for key 'main_window.batch_analysis_tooltip' in locale '<module 'locale' from 'C:\\Users\\ETPau\\AppData\\Local\\Programs\\Python\\Python311\\Lib\\locale.py'>'
2025-03-08 14:26:51,537 - app.utils.i18n - WARNING - Using default value for key 'main_window.batch_analysis_tooltip': Analyze multiple images at once
2025-03-08 14:26:51,537 - app.utils.i18n - WARNING - Missing translation for key 'main_window.start_analysis_tooltip' in locale '<module 'locale' from 'C:\\Users\\ETPau\\AppData\\Local\\Programs\\Python\\Python311\\Lib\\locale.py'>'
2025-03-08 14:26:51,538 - app.utils.i18n - WARNING - Using default value for key 'main_window.start_analysis_tooltip': Start colony detection analysis
2025-03-08 14:26:51,538 - app.utils.i18n - WARNING - Missing translation for key 'main_window.stop_tooltip' in locale '<module 'locale' from 'C:\\Users\\ETPau\\AppData\\Local\\Programs\\Python\\Python311\\Lib\\locale.py'>'
2025-03-08 14:26:51,539 - app.utils.i18n - WARNING - Using default value for key 'main_window.stop_tooltip': Stop current analysis
2025-03-08 14:26:51,539 - app.utils.i18n - WARNING - Missing translation for key 'main_window.language' in locale '<module 'locale' from 'C:\\Users\\ETPau\\AppData\\Local\\Programs\\Python\\Python311\\Lib\\locale.py'>'
2025-03-08 14:26:51,539 - app.utils.i18n - WARNING - Using default value for key 'main_window.language': Language
2025-03-08 14:26:51,954 - app.utils.i18n - INFO - Set locale to zh_CN
2025-03-08 14:26:51,954 - app.utils.i18n - WARNING - Missing translation for key 'image_browser.actions' in locale '<module 'locale' from 'C:\\Users\\ETPau\\AppData\\Local\\Programs\\Python\\Python311\\Lib\\locale.py'>'
2025-03-08 14:26:51,955 - app.utils.i18n - WARNING - Using default value for key 'image_browser.actions': Actions
2025-03-08 14:26:51,955 - app.utils.i18n - WARNING - Missing translation for key 'image_browser.image_list' in locale '<module 'locale' from 'C:\\Users\\ETPau\\AppData\\Local\\Programs\\Python\\Python311\\Lib\\locale.py'>'
2025-03-08 14:26:51,955 - app.utils.i18n - WARNING - Using default value for key 'image_browser.image_list': Image List
2025-03-08 14:26:51,956 - app.utils.i18n - WARNING - Missing translation for key 'image_browser.preview' in locale '<module 'locale' from 'C:\\Users\\ETPau\\AppData\\Local\\Programs\\Python\\Python311\\Lib\\locale.py'>'
2025-03-08 14:26:51,956 - app.utils.i18n - WARNING - Using default value for key 'image_browser.preview': Preview
2025-03-08 14:26:51,956 - app.utils.i18n - WARNING - Missing translation for key 'image_browser.import_images_tooltip' in locale '<module 'locale' from 'C:\\Users\\ETPau\\AppData\\Local\\Programs\\Python\\Python311\\Lib\\locale.py'>'
2025-03-08 14:26:51,956 - app.utils.i18n - WARNING - Using default value for key 'image_browser.import_images_tooltip': Import images for analysis
2025-03-08 14:26:51,957 - app.utils.i18n - WARNING - Missing translation for key 'image_browser.remove_selected_tooltip' in locale '<module 'locale' from 'C:\\Users\\ETPau\\AppData\\Local\\Programs\\Python\\Python311\\Lib\\locale.py'>'
2025-03-08 14:26:51,957 - app.utils.i18n - WARNING - Using default value for key 'image_browser.remove_selected_tooltip': Remove selected images
2025-03-08 14:26:51,957 - app.utils.i18n - WARNING - Missing translation for key 'image_browser.clear_all_tooltip' in locale '<module 'locale' from 'C:\\Users\\ETPau\\AppData\\Local\\Programs\\Python\\Python311\\Lib\\locale.py'>'
2025-03-08 14:26:51,958 - app.utils.i18n - WARNING - Using default value for key 'image_browser.clear_all_tooltip': Clear all images
2025-03-08 14:26:51,958 - app.utils.i18n - WARNING - Missing translation for key 'image_browser.no_image_selected' in locale '<module 'locale' from 'C:\\Users\\ETPau\\AppData\\Local\\Programs\\Python\\Python311\\Lib\\locale.py'>'
2025-03-08 14:26:51,959 - app.utils.i18n - WARNING - Using default value for key 'image_browser.no_image_selected': No image selected
2025-03-08 14:26:51,959 - app.utils.i18n - WARNING - Missing translation for key 'main_window.new_project_tooltip' in locale '<module 'locale' from 'C:\\Users\\ETPau\\AppData\\Local\\Programs\\Python\\Python311\\Lib\\locale.py'>'
2025-03-08 14:26:51,959 - app.utils.i18n - WARNING - Using default value for key 'main_window.new_project_tooltip': Create a new project
2025-03-08 14:26:51,959 - app.utils.i18n - WARNING - Missing translation for key 'main_window.open_project_tooltip' in locale '<module 'locale' from 'C:\\Users\\ETPau\\AppData\\Local\\Programs\\Python\\Python311\\Lib\\locale.py'>'
2025-03-08 14:26:51,960 - app.utils.i18n - WARNING - Using default value for key 'main_window.open_project_tooltip': Open an existing project
2025-03-08 14:26:51,960 - app.utils.i18n - WARNING - Missing translation for key 'main_window.import_images_tooltip' in locale '<module 'locale' from 'C:\\Users\\ETPau\\AppData\\Local\\Programs\\Python\\Python311\\Lib\\locale.py'>'
2025-03-08 14:26:51,960 - app.utils.i18n - WARNING - Using default value for key 'main_window.import_images_tooltip': Import images to current project
2025-03-08 14:26:51,960 - app.utils.i18n - WARNING - Missing translation for key 'main_window.ready' in locale '<module 'locale' from 'C:\\Users\\ETPau\\AppData\\Local\\Programs\\Python\\Python311\\Lib\\locale.py'>'
2025-03-08 14:26:51,960 - app.utils.i18n - WARNING - Using default value for key 'main_window.ready': Ready
2025-03-08 14:26:51,962 - app.utils.i18n - WARNING - Missing translation for key 'main_window.single_image_tooltip' in locale '<module 'locale' from 'C:\\Users\\ETPau\\AppData\\Local\\Programs\\Python\\Python311\\Lib\\locale.py'>'
2025-03-08 14:26:51,962 - app.utils.i18n - WARNING - Using default value for key 'main_window.single_image_tooltip': Analyze one image at a time
2025-03-08 14:26:51,962 - app.utils.i18n - WARNING - Missing translation for key 'main_window.batch_analysis_tooltip' in locale '<module 'locale' from 'C:\\Users\\ETPau\\AppData\\Local\\Programs\\Python\\Python311\\Lib\\locale.py'>'
2025-03-08 14:26:51,962 - app.utils.i18n - WARNING - Using default value for key 'main_window.batch_analysis_tooltip': Analyze multiple images at once
2025-03-08 14:26:51,963 - app.utils.i18n - WARNING - Missing translation for key 'main_window.start_analysis_tooltip' in locale '<module 'locale' from 'C:\\Users\\ETPau\\AppData\\Local\\Programs\\Python\\Python311\\Lib\\locale.py'>'
2025-03-08 14:26:51,963 - app.utils.i18n - WARNING - Using default value for key 'main_window.start_analysis_tooltip': Start colony detection analysis
2025-03-08 14:26:51,963 - app.utils.i18n - WARNING - Missing translation for key 'main_window.stop_tooltip' in locale '<module 'locale' from 'C:\\Users\\ETPau\\AppData\\Local\\Programs\\Python\\Python311\\Lib\\locale.py'>'
2025-03-08 14:26:51,964 - app.utils.i18n - WARNING - Using default value for key 'main_window.stop_tooltip': Stop current analysis
2025-03-08 14:26:51,964 - app.utils.i18n - WARNING - Missing translation for key 'main_window.language' in locale '<module 'locale' from 'C:\\Users\\ETPau\\AppData\\Local\\Programs\\Python\\Python311\\Lib\\locale.py'>'
2025-03-08 14:26:51,964 - app.utils.i18n - WARNING - Using default value for key 'main_window.language': Language
2025-03-08 14:26:52,426 - app.utils.i18n - INFO - Set locale to en
2025-03-08 14:26:52,427 - app.utils.i18n - WARNING - Missing translation for key 'image_browser.actions' in locale '<module 'locale' from 'C:\\Users\\ETPau\\AppData\\Local\\Programs\\Python\\Python311\\Lib\\locale.py'>'
2025-03-08 14:26:52,427 - app.utils.i18n - WARNING - Using default value for key 'image_browser.actions': Actions
2025-03-08 14:26:52,427 - app.utils.i18n - WARNING - Missing translation for key 'image_browser.image_list' in locale '<module 'locale' from 'C:\\Users\\ETPau\\AppData\\Local\\Programs\\Python\\Python311\\Lib\\locale.py'>'
2025-03-08 14:26:52,427 - app.utils.i18n - WARNING - Using default value for key 'image_browser.image_list': Image List
2025-03-08 14:26:52,427 - app.utils.i18n - WARNING - Missing translation for key 'image_browser.preview' in locale '<module 'locale' from 'C:\\Users\\ETPau\\AppData\\Local\\Programs\\Python\\Python311\\Lib\\locale.py'>'
2025-03-08 14:26:52,427 - app.utils.i18n - WARNING - Using default value for key 'image_browser.preview': Preview
2025-03-08 14:26:52,428 - app.utils.i18n - WARNING - Missing translation for key 'image_browser.import_images_tooltip' in locale '<module 'locale' from 'C:\\Users\\ETPau\\AppData\\Local\\Programs\\Python\\Python311\\Lib\\locale.py'>'
2025-03-08 14:26:52,428 - app.utils.i18n - WARNING - Using default value for key 'image_browser.import_images_tooltip': Import images for analysis
2025-03-08 14:26:52,428 - app.utils.i18n - WARNING - Missing translation for key 'image_browser.remove_selected_tooltip' in locale '<module 'locale' from 'C:\\Users\\ETPau\\AppData\\Local\\Programs\\Python\\Python311\\Lib\\locale.py'>'
2025-03-08 14:26:52,428 - app.utils.i18n - WARNING - Using default value for key 'image_browser.remove_selected_tooltip': Remove selected images
2025-03-08 14:26:52,429 - app.utils.i18n - WARNING - Missing translation for key 'image_browser.clear_all_tooltip' in locale '<module 'locale' from 'C:\\Users\\ETPau\\AppData\\Local\\Programs\\Python\\Python311\\Lib\\locale.py'>'
2025-03-08 14:26:52,429 - app.utils.i18n - WARNING - Using default value for key 'image_browser.clear_all_tooltip': Clear all images
2025-03-08 14:26:52,429 - app.utils.i18n - WARNING - Missing translation for key 'image_browser.no_image_selected' in locale '<module 'locale' from 'C:\\Users\\ETPau\\AppData\\Local\\Programs\\Python\\Python311\\Lib\\locale.py'>'
2025-03-08 14:26:52,429 - app.utils.i18n - WARNING - Using default value for key 'image_browser.no_image_selected': No image selected
2025-03-08 14:26:52,429 - app.utils.i18n - WARNING - Missing translation for key 'main_window.new_project_tooltip' in locale '<module 'locale' from 'C:\\Users\\ETPau\\AppData\\Local\\Programs\\Python\\Python311\\Lib\\locale.py'>'
2025-03-08 14:26:52,431 - app.utils.i18n - WARNING - Using default value for key 'main_window.new_project_tooltip': Create a new project
2025-03-08 14:26:52,431 - app.utils.i18n - WARNING - Missing translation for key 'main_window.open_project_tooltip' in locale '<module 'locale' from 'C:\\Users\\ETPau\\AppData\\Local\\Programs\\Python\\Python311\\Lib\\locale.py'>'
2025-03-08 14:26:52,431 - app.utils.i18n - WARNING - Using default value for key 'main_window.open_project_tooltip': Open an existing project
2025-03-08 14:26:52,431 - app.utils.i18n - WARNING - Missing translation for key 'main_window.import_images_tooltip' in locale '<module 'locale' from 'C:\\Users\\ETPau\\AppData\\Local\\Programs\\Python\\Python311\\Lib\\locale.py'>'
2025-03-08 14:26:52,431 - app.utils.i18n - WARNING - Using default value for key 'main_window.import_images_tooltip': Import images to current project
2025-03-08 14:26:52,431 - app.utils.i18n - WARNING - Missing translation for key 'main_window.ready' in locale '<module 'locale' from 'C:\\Users\\ETPau\\AppData\\Local\\Programs\\Python\\Python311\\Lib\\locale.py'>'
2025-03-08 14:26:52,433 - app.utils.i18n - WARNING - Using default value for key 'main_window.ready': Ready
2025-03-08 14:26:52,433 - app.utils.i18n - WARNING - Missing translation for key 'main_window.single_image_tooltip' in locale '<module 'locale' from 'C:\\Users\\ETPau\\AppData\\Local\\Programs\\Python\\Python311\\Lib\\locale.py'>'
2025-03-08 14:26:52,433 - app.utils.i18n - WARNING - Using default value for key 'main_window.single_image_tooltip': Analyze one image at a time
2025-03-08 14:26:52,434 - app.utils.i18n - WARNING - Missing translation for key 'main_window.batch_analysis_tooltip' in locale '<module 'locale' from 'C:\\Users\\ETPau\\AppData\\Local\\Programs\\Python\\Python311\\Lib\\locale.py'>'
2025-03-08 14:26:52,434 - app.utils.i18n - WARNING - Using default value for key 'main_window.batch_analysis_tooltip': Analyze multiple images at once
2025-03-08 14:26:52,434 - app.utils.i18n - WARNING - Missing translation for key 'main_window.start_analysis_tooltip' in locale '<module 'locale' from 'C:\\Users\\ETPau\\AppData\\Local\\Programs\\Python\\Python311\\Lib\\locale.py'>'
2025-03-08 14:26:52,434 - app.utils.i18n - WARNING - Using default value for key 'main_window.start_analysis_tooltip': Start colony detection analysis
2025-03-08 14:26:52,434 - app.utils.i18n - WARNING - Missing translation for key 'main_window.stop_tooltip' in locale '<module 'locale' from 'C:\\Users\\ETPau\\AppData\\Local\\Programs\\Python\\Python311\\Lib\\locale.py'>'
2025-03-08 14:26:52,435 - app.utils.i18n - WARNING - Using default value for key 'main_window.stop_tooltip': Stop current analysis
2025-03-08 14:26:52,435 - app.utils.i18n - WARNING - Missing translation for key 'main_window.language' in locale '<module 'locale' from 'C:\\Users\\ETPau\\AppData\\Local\\Programs\\Python\\Python311\\Lib\\locale.py'>'
2025-03-08 14:26:52,435 - app.utils.i18n - WARNING - Using default value for key 'main_window.language': Language
2025-03-08 14:26:52,834 - app.utils.i18n - INFO - Set locale to zh_CN
2025-03-08 14:26:52,834 - app.utils.i18n - WARNING - Missing translation for key 'image_browser.actions' in locale '<module 'locale' from 'C:\\Users\\ETPau\\AppData\\Local\\Programs\\Python\\Python311\\Lib\\locale.py'>'
2025-03-08 14:26:52,835 - app.utils.i18n - WARNING - Using default value for key 'image_browser.actions': Actions
2025-03-08 14:26:52,835 - app.utils.i18n - WARNING - Missing translation for key 'image_browser.image_list' in locale '<module 'locale' from 'C:\\Users\\ETPau\\AppData\\Local\\Programs\\Python\\Python311\\Lib\\locale.py'>'
2025-03-08 14:26:52,835 - app.utils.i18n - WARNING - Using default value for key 'image_browser.image_list': Image List
2025-03-08 14:26:52,835 - app.utils.i18n - WARNING - Missing translation for key 'image_browser.preview' in locale '<module 'locale' from 'C:\\Users\\ETPau\\AppData\\Local\\Programs\\Python\\Python311\\Lib\\locale.py'>'
2025-03-08 14:26:52,835 - app.utils.i18n - WARNING - Using default value for key 'image_browser.preview': Preview
2025-03-08 14:26:52,836 - app.utils.i18n - WARNING - Missing translation for key 'image_browser.import_images_tooltip' in locale '<module 'locale' from 'C:\\Users\\ETPau\\AppData\\Local\\Programs\\Python\\Python311\\Lib\\locale.py'>'
2025-03-08 14:26:52,836 - app.utils.i18n - WARNING - Using default value for key 'image_browser.import_images_tooltip': Import images for analysis
2025-03-08 14:26:52,837 - app.utils.i18n - WARNING - Missing translation for key 'image_browser.remove_selected_tooltip' in locale '<module 'locale' from 'C:\\Users\\ETPau\\AppData\\Local\\Programs\\Python\\Python311\\Lib\\locale.py'>'
2025-03-08 14:26:52,837 - app.utils.i18n - WARNING - Using default value for key 'image_browser.remove_selected_tooltip': Remove selected images
2025-03-08 14:26:52,837 - app.utils.i18n - WARNING - Missing translation for key 'image_browser.clear_all_tooltip' in locale '<module 'locale' from 'C:\\Users\\ETPau\\AppData\\Local\\Programs\\Python\\Python311\\Lib\\locale.py'>'
2025-03-08 14:26:52,837 - app.utils.i18n - WARNING - Using default value for key 'image_browser.clear_all_tooltip': Clear all images
2025-03-08 14:26:52,838 - app.utils.i18n - WARNING - Missing translation for key 'image_browser.no_image_selected' in locale '<module 'locale' from 'C:\\Users\\ETPau\\AppData\\Local\\Programs\\Python\\Python311\\Lib\\locale.py'>'
2025-03-08 14:26:52,838 - app.utils.i18n - WARNING - Using default value for key 'image_browser.no_image_selected': No image selected
2025-03-08 14:26:52,838 - app.utils.i18n - WARNING - Missing translation for key 'main_window.new_project_tooltip' in locale '<module 'locale' from 'C:\\Users\\ETPau\\AppData\\Local\\Programs\\Python\\Python311\\Lib\\locale.py'>'
2025-03-08 14:26:52,839 - app.utils.i18n - WARNING - Using default value for key 'main_window.new_project_tooltip': Create a new project
2025-03-08 14:26:52,839 - app.utils.i18n - WARNING - Missing translation for key 'main_window.open_project_tooltip' in locale '<module 'locale' from 'C:\\Users\\ETPau\\AppData\\Local\\Programs\\Python\\Python311\\Lib\\locale.py'>'
2025-03-08 14:26:52,839 - app.utils.i18n - WARNING - Using default value for key 'main_window.open_project_tooltip': Open an existing project
2025-03-08 14:26:52,839 - app.utils.i18n - WARNING - Missing translation for key 'main_window.import_images_tooltip' in locale '<module 'locale' from 'C:\\Users\\ETPau\\AppData\\Local\\Programs\\Python\\Python311\\Lib\\locale.py'>'
2025-03-08 14:26:52,840 - app.utils.i18n - WARNING - Using default value for key 'main_window.import_images_tooltip': Import images to current project
2025-03-08 14:26:52,840 - app.utils.i18n - WARNING - Missing translation for key 'main_window.ready' in locale '<module 'locale' from 'C:\\Users\\ETPau\\AppData\\Local\\Programs\\Python\\Python311\\Lib\\locale.py'>'
2025-03-08 14:26:52,840 - app.utils.i18n - WARNING - Using default value for key 'main_window.ready': Ready
2025-03-08 14:26:52,840 - app.utils.i18n - WARNING - Missing translation for key 'main_window.single_image_tooltip' in locale '<module 'locale' from 'C:\\Users\\ETPau\\AppData\\Local\\Programs\\Python\\Python311\\Lib\\locale.py'>'
2025-03-08 14:26:52,841 - app.utils.i18n - WARNING - Using default value for key 'main_window.single_image_tooltip': Analyze one image at a time
2025-03-08 14:26:52,841 - app.utils.i18n - WARNING - Missing translation for key 'main_window.batch_analysis_tooltip' in locale '<module 'locale' from 'C:\\Users\\ETPau\\AppData\\Local\\Programs\\Python\\Python311\\Lib\\locale.py'>'
2025-03-08 14:26:52,841 - app.utils.i18n - WARNING - Using default value for key 'main_window.batch_analysis_tooltip': Analyze multiple images at once
2025-03-08 14:26:52,842 - app.utils.i18n - WARNING - Missing translation for key 'main_window.start_analysis_tooltip' in locale '<module 'locale' from 'C:\\Users\\ETPau\\AppData\\Local\\Programs\\Python\\Python311\\Lib\\locale.py'>'
2025-03-08 14:26:52,842 - app.utils.i18n - WARNING - Using default value for key 'main_window.start_analysis_tooltip': Start colony detection analysis
2025-03-08 14:26:52,843 - app.utils.i18n - WARNING - Missing translation for key 'main_window.stop_tooltip' in locale '<module 'locale' from 'C:\\Users\\ETPau\\AppData\\Local\\Programs\\Python\\Python311\\Lib\\locale.py'>'
2025-03-08 14:26:52,843 - app.utils.i18n - WARNING - Using default value for key 'main_window.stop_tooltip': Stop current analysis
2025-03-08 14:26:52,843 - app.utils.i18n - WARNING - Missing translation for key 'main_window.language' in locale '<module 'locale' from 'C:\\Users\\ETPau\\AppData\\Local\\Programs\\Python\\Python311\\Lib\\locale.py'>'
2025-03-08 14:26:52,843 - app.utils.i18n - WARNING - Using default value for key 'main_window.language': Language
2025-03-08 14:26:53,348 - app.utils.i18n - INFO - Set locale to en
2025-03-08 14:26:53,348 - app.utils.i18n - WARNING - Missing translation for key 'image_browser.actions' in locale '<module 'locale' from 'C:\\Users\\ETPau\\AppData\\Local\\Programs\\Python\\Python311\\Lib\\locale.py'>'
2025-03-08 14:26:53,348 - app.utils.i18n - WARNING - Using default value for key 'image_browser.actions': Actions
2025-03-08 14:26:53,349 - app.utils.i18n - WARNING - Missing translation for key 'image_browser.image_list' in locale '<module 'locale' from 'C:\\Users\\ETPau\\AppData\\Local\\Programs\\Python\\Python311\\Lib\\locale.py'>'
2025-03-08 14:26:53,349 - app.utils.i18n - WARNING - Using default value for key 'image_browser.image_list': Image List
2025-03-08 14:26:53,349 - app.utils.i18n - WARNING - Missing translation for key 'image_browser.preview' in locale '<module 'locale' from 'C:\\Users\\ETPau\\AppData\\Local\\Programs\\Python\\Python311\\Lib\\locale.py'>'
2025-03-08 14:26:53,349 - app.utils.i18n - WARNING - Using default value for key 'image_browser.preview': Preview
2025-03-08 14:26:53,350 - app.utils.i18n - WARNING - Missing translation for key 'image_browser.import_images_tooltip' in locale '<module 'locale' from 'C:\\Users\\ETPau\\AppData\\Local\\Programs\\Python\\Python311\\Lib\\locale.py'>'
2025-03-08 14:26:53,350 - app.utils.i18n - WARNING - Using default value for key 'image_browser.import_images_tooltip': Import images for analysis
2025-03-08 14:26:53,350 - app.utils.i18n - WARNING - Missing translation for key 'image_browser.remove_selected_tooltip' in locale '<module 'locale' from 'C:\\Users\\ETPau\\AppData\\Local\\Programs\\Python\\Python311\\Lib\\locale.py'>'
2025-03-08 14:26:53,350 - app.utils.i18n - WARNING - Using default value for key 'image_browser.remove_selected_tooltip': Remove selected images
2025-03-08 14:26:53,350 - app.utils.i18n - WARNING - Missing translation for key 'image_browser.clear_all_tooltip' in locale '<module 'locale' from 'C:\\Users\\ETPau\\AppData\\Local\\Programs\\Python\\Python311\\Lib\\locale.py'>'
2025-03-08 14:26:53,351 - app.utils.i18n - WARNING - Using default value for key 'image_browser.clear_all_tooltip': Clear all images
2025-03-08 14:26:53,351 - app.utils.i18n - WARNING - Missing translation for key 'image_browser.no_image_selected' in locale '<module 'locale' from 'C:\\Users\\ETPau\\AppData\\Local\\Programs\\Python\\Python311\\Lib\\locale.py'>'
2025-03-08 14:26:53,351 - app.utils.i18n - WARNING - Using default value for key 'image_browser.no_image_selected': No image selected
2025-03-08 14:26:53,352 - app.utils.i18n - WARNING - Missing translation for key 'main_window.new_project_tooltip' in locale '<module 'locale' from 'C:\\Users\\ETPau\\AppData\\Local\\Programs\\Python\\Python311\\Lib\\locale.py'>'
2025-03-08 14:26:53,352 - app.utils.i18n - WARNING - Using default value for key 'main_window.new_project_tooltip': Create a new project
2025-03-08 14:26:53,352 - app.utils.i18n - WARNING - Missing translation for key 'main_window.open_project_tooltip' in locale '<module 'locale' from 'C:\\Users\\ETPau\\AppData\\Local\\Programs\\Python\\Python311\\Lib\\locale.py'>'
2025-03-08 14:26:53,353 - app.utils.i18n - WARNING - Using default value for key 'main_window.open_project_tooltip': Open an existing project
2025-03-08 14:26:53,353 - app.utils.i18n - WARNING - Missing translation for key 'main_window.import_images_tooltip' in locale '<module 'locale' from 'C:\\Users\\ETPau\\AppData\\Local\\Programs\\Python\\Python311\\Lib\\locale.py'>'
2025-03-08 14:26:53,353 - app.utils.i18n - WARNING - Using default value for key 'main_window.import_images_tooltip': Import images to current project
2025-03-08 14:26:53,353 - app.utils.i18n - WARNING - Missing translation for key 'main_window.ready' in locale '<module 'locale' from 'C:\\Users\\ETPau\\AppData\\Local\\Programs\\Python\\Python311\\Lib\\locale.py'>'
2025-03-08 14:26:53,353 - app.utils.i18n - WARNING - Using default value for key 'main_window.ready': Ready
2025-03-08 14:26:53,355 - app.utils.i18n - WARNING - Missing translation for key 'main_window.single_image_tooltip' in locale '<module 'locale' from 'C:\\Users\\ETPau\\AppData\\Local\\Programs\\Python\\Python311\\Lib\\locale.py'>'
2025-03-08 14:26:53,355 - app.utils.i18n - WARNING - Using default value for key 'main_window.single_image_tooltip': Analyze one image at a time
2025-03-08 14:26:53,355 - app.utils.i18n - WARNING - Missing translation for key 'main_window.batch_analysis_tooltip' in locale '<module 'locale' from 'C:\\Users\\ETPau\\AppData\\Local\\Programs\\Python\\Python311\\Lib\\locale.py'>'
2025-03-08 14:26:53,356 - app.utils.i18n - WARNING - Using default value for key 'main_window.batch_analysis_tooltip': Analyze multiple images at once
2025-03-08 14:26:53,356 - app.utils.i18n - WARNING - Missing translation for key 'main_window.start_analysis_tooltip' in locale '<module 'locale' from 'C:\\Users\\ETPau\\AppData\\Local\\Programs\\Python\\Python311\\Lib\\locale.py'>'
2025-03-08 14:26:53,356 - app.utils.i18n - WARNING - Using default value for key 'main_window.start_analysis_tooltip': Start colony detection analysis
2025-03-08 14:26:53,357 - app.utils.i18n - WARNING - Missing translation for key 'main_window.stop_tooltip' in locale '<module 'locale' from 'C:\\Users\\ETPau\\AppData\\Local\\Programs\\Python\\Python311\\Lib\\locale.py'>'
2025-03-08 14:26:53,357 - app.utils.i18n - WARNING - Using default value for key 'main_window.stop_tooltip': Stop current analysis
2025-03-08 14:26:53,357 - app.utils.i18n - WARNING - Missing translation for key 'main_window.language' in locale '<module 'locale' from 'C:\\Users\\ETPau\\AppData\\Local\\Programs\\Python\\Python311\\Lib\\locale.py'>'
2025-03-08 14:26:53,357 - app.utils.i18n - WARNING - Using default value for key 'main_window.language': Language
2025-03-08 14:26:53,744 - app.utils.i18n - INFO - Set locale to zh_CN
2025-03-08 14:26:53,745 - app.utils.i18n - WARNING - Missing translation for key 'image_browser.actions' in locale '<module 'locale' from 'C:\\Users\\ETPau\\AppData\\Local\\Programs\\Python\\Python311\\Lib\\locale.py'>'
2025-03-08 14:26:53,746 - app.utils.i18n - WARNING - Using default value for key 'image_browser.actions': Actions
2025-03-08 14:26:53,746 - app.utils.i18n - WARNING - Missing translation for key 'image_browser.image_list' in locale '<module 'locale' from 'C:\\Users\\ETPau\\AppData\\Local\\Programs\\Python\\Python311\\Lib\\locale.py'>'
2025-03-08 14:26:53,747 - app.utils.i18n - WARNING - Using default value for key 'image_browser.image_list': Image List
2025-03-08 14:26:53,747 - app.utils.i18n - WARNING - Missing translation for key 'image_browser.preview' in locale '<module 'locale' from 'C:\\Users\\ETPau\\AppData\\Local\\Programs\\Python\\Python311\\Lib\\locale.py'>'
2025-03-08 14:26:53,747 - app.utils.i18n - WARNING - Using default value for key 'image_browser.preview': Preview
2025-03-08 14:26:53,748 - app.utils.i18n - WARNING - Missing translation for key 'image_browser.import_images_tooltip' in locale '<module 'locale' from 'C:\\Users\\ETPau\\AppData\\Local\\Programs\\Python\\Python311\\Lib\\locale.py'>'
2025-03-08 14:26:53,748 - app.utils.i18n - WARNING - Using default value for key 'image_browser.import_images_tooltip': Import images for analysis
2025-03-08 14:26:53,748 - app.utils.i18n - WARNING - Missing translation for key 'image_browser.remove_selected_tooltip' in locale '<module 'locale' from 'C:\\Users\\ETPau\\AppData\\Local\\Programs\\Python\\Python311\\Lib\\locale.py'>'
2025-03-08 14:26:53,749 - app.utils.i18n - WARNING - Using default value for key 'image_browser.remove_selected_tooltip': Remove selected images
2025-03-08 14:26:53,749 - app.utils.i18n - WARNING - Missing translation for key 'image_browser.clear_all_tooltip' in locale '<module 'locale' from 'C:\\Users\\ETPau\\AppData\\Local\\Programs\\Python\\Python311\\Lib\\locale.py'>'
2025-03-08 14:26:53,749 - app.utils.i18n - WARNING - Using default value for key 'image_browser.clear_all_tooltip': Clear all images
2025-03-08 14:26:53,750 - app.utils.i18n - WARNING - Missing translation for key 'image_browser.no_image_selected' in locale '<module 'locale' from 'C:\\Users\\ETPau\\AppData\\Local\\Programs\\Python\\Python311\\Lib\\locale.py'>'
2025-03-08 14:26:53,750 - app.utils.i18n - WARNING - Using default value for key 'image_browser.no_image_selected': No image selected
2025-03-08 14:26:53,751 - app.utils.i18n - WARNING - Missing translation for key 'main_window.new_project_tooltip' in locale '<module 'locale' from 'C:\\Users\\ETPau\\AppData\\Local\\Programs\\Python\\Python311\\Lib\\locale.py'>'
2025-03-08 14:26:53,751 - app.utils.i18n - WARNING - Using default value for key 'main_window.new_project_tooltip': Create a new project
2025-03-08 14:26:53,751 - app.utils.i18n - WARNING - Missing translation for key 'main_window.open_project_tooltip' in locale '<module 'locale' from 'C:\\Users\\ETPau\\AppData\\Local\\Programs\\Python\\Python311\\Lib\\locale.py'>'
2025-03-08 14:26:53,751 - app.utils.i18n - WARNING - Using default value for key 'main_window.open_project_tooltip': Open an existing project
2025-03-08 14:26:53,752 - app.utils.i18n - WARNING - Missing translation for key 'main_window.import_images_tooltip' in locale '<module 'locale' from 'C:\\Users\\ETPau\\AppData\\Local\\Programs\\Python\\Python311\\Lib\\locale.py'>'
2025-03-08 14:26:53,752 - app.utils.i18n - WARNING - Using default value for key 'main_window.import_images_tooltip': Import images to current project
2025-03-08 14:26:53,752 - app.utils.i18n - WARNING - Missing translation for key 'main_window.ready' in locale '<module 'locale' from 'C:\\Users\\ETPau\\AppData\\Local\\Programs\\Python\\Python311\\Lib\\locale.py'>'
2025-03-08 14:26:53,753 - app.utils.i18n - WARNING - Using default value for key 'main_window.ready': Ready
2025-03-08 14:26:53,753 - app.utils.i18n - WARNING - Missing translation for key 'main_window.single_image_tooltip' in locale '<module 'locale' from 'C:\\Users\\ETPau\\AppData\\Local\\Programs\\Python\\Python311\\Lib\\locale.py'>'
2025-03-08 14:26:53,753 - app.utils.i18n - WARNING - Using default value for key 'main_window.single_image_tooltip': Analyze one image at a time
2025-03-08 14:26:53,754 - app.utils.i18n - WARNING - Missing translation for key 'main_window.batch_analysis_tooltip' in locale '<module 'locale' from 'C:\\Users\\ETPau\\AppData\\Local\\Programs\\Python\\Python311\\Lib\\locale.py'>'
2025-03-08 14:26:53,754 - app.utils.i18n - WARNING - Using default value for key 'main_window.batch_analysis_tooltip': Analyze multiple images at once
2025-03-08 14:26:53,754 - app.utils.i18n - WARNING - Missing translation for key 'main_window.start_analysis_tooltip' in locale '<module 'locale' from 'C:\\Users\\ETPau\\AppData\\Local\\Programs\\Python\\Python311\\Lib\\locale.py'>'
2025-03-08 14:26:53,755 - app.utils.i18n - WARNING - Using default value for key 'main_window.start_analysis_tooltip': Start colony detection analysis
2025-03-08 14:26:53,755 - app.utils.i18n - WARNING - Missing translation for key 'main_window.stop_tooltip' in locale '<module 'locale' from 'C:\\Users\\ETPau\\AppData\\Local\\Programs\\Python\\Python311\\Lib\\locale.py'>'
2025-03-08 14:26:53,755 - app.utils.i18n - WARNING - Using default value for key 'main_window.stop_tooltip': Stop current analysis
2025-03-08 14:26:53,756 - app.utils.i18n - WARNING - Missing translation for key 'main_window.language' in locale '<module 'locale' from 'C:\\Users\\ETPau\\AppData\\Local\\Programs\\Python\\Python311\\Lib\\locale.py'>'
2025-03-08 14:26:53,756 - app.utils.i18n - WARNING - Using default value for key 'main_window.language': Language
2025-03-08 14:26:54,073 - app.utils.i18n - INFO - Set locale to en
2025-03-08 14:26:54,075 - app.utils.i18n - WARNING - Missing translation for key 'image_browser.actions' in locale '<module 'locale' from 'C:\\Users\\ETPau\\AppData\\Local\\Programs\\Python\\Python311\\Lib\\locale.py'>'
2025-03-08 14:26:54,075 - app.utils.i18n - WARNING - Using default value for key 'image_browser.actions': Actions
2025-03-08 14:26:54,075 - app.utils.i18n - WARNING - Missing translation for key 'image_browser.image_list' in locale '<module 'locale' from 'C:\\Users\\ETPau\\AppData\\Local\\Programs\\Python\\Python311\\Lib\\locale.py'>'
2025-03-08 14:26:54,075 - app.utils.i18n - WARNING - Using default value for key 'image_browser.image_list': Image List
2025-03-08 14:26:54,076 - app.utils.i18n - WARNING - Missing translation for key 'image_browser.preview' in locale '<module 'locale' from 'C:\\Users\\ETPau\\AppData\\Local\\Programs\\Python\\Python311\\Lib\\locale.py'>'
2025-03-08 14:26:54,076 - app.utils.i18n - WARNING - Using default value for key 'image_browser.preview': Preview
2025-03-08 14:26:54,076 - app.utils.i18n - WARNING - Missing translation for key 'image_browser.import_images_tooltip' in locale '<module 'locale' from 'C:\\Users\\ETPau\\AppData\\Local\\Programs\\Python\\Python311\\Lib\\locale.py'>'
2025-03-08 14:26:54,076 - app.utils.i18n - WARNING - Using default value for key 'image_browser.import_images_tooltip': Import images for analysis
2025-03-08 14:26:54,077 - app.utils.i18n - WARNING - Missing translation for key 'image_browser.remove_selected_tooltip' in locale '<module 'locale' from 'C:\\Users\\ETPau\\AppData\\Local\\Programs\\Python\\Python311\\Lib\\locale.py'>'
2025-03-08 14:26:54,077 - app.utils.i18n - WARNING - Using default value for key 'image_browser.remove_selected_tooltip': Remove selected images
2025-03-08 14:26:54,077 - app.utils.i18n - WARNING - Missing translation for key 'image_browser.clear_all_tooltip' in locale '<module 'locale' from 'C:\\Users\\ETPau\\AppData\\Local\\Programs\\Python\\Python311\\Lib\\locale.py'>'
2025-03-08 14:26:54,077 - app.utils.i18n - WARNING - Using default value for key 'image_browser.clear_all_tooltip': Clear all images
2025-03-08 14:26:54,077 - app.utils.i18n - WARNING - Missing translation for key 'image_browser.no_image_selected' in locale '<module 'locale' from 'C:\\Users\\ETPau\\AppData\\Local\\Programs\\Python\\Python311\\Lib\\locale.py'>'
2025-03-08 14:26:54,078 - app.utils.i18n - WARNING - Using default value for key 'image_browser.no_image_selected': No image selected
2025-03-08 14:26:54,078 - app.utils.i18n - WARNING - Missing translation for key 'main_window.new_project_tooltip' in locale '<module 'locale' from 'C:\\Users\\ETPau\\AppData\\Local\\Programs\\Python\\Python311\\Lib\\locale.py'>'
2025-03-08 14:26:54,079 - app.utils.i18n - WARNING - Using default value for key 'main_window.new_project_tooltip': Create a new project
2025-03-08 14:26:54,079 - app.utils.i18n - WARNING - Missing translation for key 'main_window.open_project_tooltip' in locale '<module 'locale' from 'C:\\Users\\ETPau\\AppData\\Local\\Programs\\Python\\Python311\\Lib\\locale.py'>'
2025-03-08 14:26:54,079 - app.utils.i18n - WARNING - Using default value for key 'main_window.open_project_tooltip': Open an existing project
2025-03-08 14:26:54,080 - app.utils.i18n - WARNING - Missing translation for key 'main_window.import_images_tooltip' in locale '<module 'locale' from 'C:\\Users\\ETPau\\AppData\\Local\\Programs\\Python\\Python311\\Lib\\locale.py'>'
2025-03-08 14:26:54,080 - app.utils.i18n - WARNING - Using default value for key 'main_window.import_images_tooltip': Import images to current project
2025-03-08 14:26:54,080 - app.utils.i18n - WARNING - Missing translation for key 'main_window.ready' in locale '<module 'locale' from 'C:\\Users\\ETPau\\AppData\\Local\\Programs\\Python\\Python311\\Lib\\locale.py'>'
2025-03-08 14:26:54,080 - app.utils.i18n - WARNING - Using default value for key 'main_window.ready': Ready
2025-03-08 14:26:54,082 - app.utils.i18n - WARNING - Missing translation for key 'main_window.single_image_tooltip' in locale '<module 'locale' from 'C:\\Users\\ETPau\\AppData\\Local\\Programs\\Python\\Python311\\Lib\\locale.py'>'
2025-03-08 14:26:54,082 - app.utils.i18n - WARNING - Using default value for key 'main_window.single_image_tooltip': Analyze one image at a time
2025-03-08 14:26:54,082 - app.utils.i18n - WARNING - Missing translation for key 'main_window.batch_analysis_tooltip' in locale '<module 'locale' from 'C:\\Users\\ETPau\\AppData\\Local\\Programs\\Python\\Python311\\Lib\\locale.py'>'
2025-03-08 14:26:54,082 - app.utils.i18n - WARNING - Using default value for key 'main_window.batch_analysis_tooltip': Analyze multiple images at once
2025-03-08 14:26:54,083 - app.utils.i18n - WARNING - Missing translation for key 'main_window.start_analysis_tooltip' in locale '<module 'locale' from 'C:\\Users\\ETPau\\AppData\\Local\\Programs\\Python\\Python311\\Lib\\locale.py'>'
2025-03-08 14:26:54,083 - app.utils.i18n - WARNING - Using default value for key 'main_window.start_analysis_tooltip': Start colony detection analysis
2025-03-08 14:26:54,083 - app.utils.i18n - WARNING - Missing translation for key 'main_window.stop_tooltip' in locale '<module 'locale' from 'C:\\Users\\ETPau\\AppData\\Local\\Programs\\Python\\Python311\\Lib\\locale.py'>'
2025-03-08 14:26:54,083 - app.utils.i18n - WARNING - Using default value for key 'main_window.stop_tooltip': Stop current analysis
2025-03-08 14:26:54,084 - app.utils.i18n - WARNING - Missing translation for key 'main_window.language' in locale '<module 'locale' from 'C:\\Users\\ETPau\\AppData\\Local\\Programs\\Python\\Python311\\Lib\\locale.py'>'
2025-03-08 14:26:54,084 - app.utils.i18n - WARNING - Using default value for key 'main_window.language': Language
2025-03-08 14:26:54,391 - app.utils.i18n - INFO - Set locale to zh_CN
2025-03-08 14:26:54,391 - app.utils.i18n - WARNING - Missing translation for key 'image_browser.actions' in locale '<module 'locale' from 'C:\\Users\\ETPau\\AppData\\Local\\Programs\\Python\\Python311\\Lib\\locale.py'>'
2025-03-08 14:26:54,391 - app.utils.i18n - WARNING - Using default value for key 'image_browser.actions': Actions
2025-03-08 14:26:54,391 - app.utils.i18n - WARNING - Missing translation for key 'image_browser.image_list' in locale '<module 'locale' from 'C:\\Users\\ETPau\\AppData\\Local\\Programs\\Python\\Python311\\Lib\\locale.py'>'
2025-03-08 14:26:54,391 - app.utils.i18n - WARNING - Using default value for key 'image_browser.image_list': Image List
2025-03-08 14:26:54,393 - app.utils.i18n - WARNING - Missing translation for key 'image_browser.preview' in locale '<module 'locale' from 'C:\\Users\\ETPau\\AppData\\Local\\Programs\\Python\\Python311\\Lib\\locale.py'>'
2025-03-08 14:26:54,393 - app.utils.i18n - WARNING - Using default value for key 'image_browser.preview': Preview
2025-03-08 14:26:54,393 - app.utils.i18n - WARNING - Missing translation for key 'image_browser.import_images_tooltip' in locale '<module 'locale' from 'C:\\Users\\ETPau\\AppData\\Local\\Programs\\Python\\Python311\\Lib\\locale.py'>'
2025-03-08 14:26:54,394 - app.utils.i18n - WARNING - Using default value for key 'image_browser.import_images_tooltip': Import images for analysis
2025-03-08 14:26:54,394 - app.utils.i18n - WARNING - Missing translation for key 'image_browser.remove_selected_tooltip' in locale '<module 'locale' from 'C:\\Users\\ETPau\\AppData\\Local\\Programs\\Python\\Python311\\Lib\\locale.py'>'
2025-03-08 14:26:54,394 - app.utils.i18n - WARNING - Using default value for key 'image_browser.remove_selected_tooltip': Remove selected images
2025-03-08 14:26:54,394 - app.utils.i18n - WARNING - Missing translation for key 'image_browser.clear_all_tooltip' in locale '<module 'locale' from 'C:\\Users\\ETPau\\AppData\\Local\\Programs\\Python\\Python311\\Lib\\locale.py'>'
2025-03-08 14:26:54,395 - app.utils.i18n - WARNING - Using default value for key 'image_browser.clear_all_tooltip': Clear all images
2025-03-08 14:26:54,395 - app.utils.i18n - WARNING - Missing translation for key 'image_browser.no_image_selected' in locale '<module 'locale' from 'C:\\Users\\ETPau\\AppData\\Local\\Programs\\Python\\Python311\\Lib\\locale.py'>'
2025-03-08 14:26:54,395 - app.utils.i18n - WARNING - Using default value for key 'image_browser.no_image_selected': No image selected
2025-03-08 14:26:54,396 - app.utils.i18n - WARNING - Missing translation for key 'main_window.new_project_tooltip' in locale '<module 'locale' from 'C:\\Users\\ETPau\\AppData\\Local\\Programs\\Python\\Python311\\Lib\\locale.py'>'
2025-03-08 14:26:54,396 - app.utils.i18n - WARNING - Using default value for key 'main_window.new_project_tooltip': Create a new project
2025-03-08 14:26:54,396 - app.utils.i18n - WARNING - Missing translation for key 'main_window.open_project_tooltip' in locale '<module 'locale' from 'C:\\Users\\ETPau\\AppData\\Local\\Programs\\Python\\Python311\\Lib\\locale.py'>'
2025-03-08 14:26:54,396 - app.utils.i18n - WARNING - Using default value for key 'main_window.open_project_tooltip': Open an existing project
2025-03-08 14:26:54,397 - app.utils.i18n - WARNING - Missing translation for key 'main_window.import_images_tooltip' in locale '<module 'locale' from 'C:\\Users\\ETPau\\AppData\\Local\\Programs\\Python\\Python311\\Lib\\locale.py'>'
2025-03-08 14:26:54,397 - app.utils.i18n - WARNING - Using default value for key 'main_window.import_images_tooltip': Import images to current project
2025-03-08 14:26:54,397 - app.utils.i18n - WARNING - Missing translation for key 'main_window.ready' in locale '<module 'locale' from 'C:\\Users\\ETPau\\AppData\\Local\\Programs\\Python\\Python311\\Lib\\locale.py'>'
2025-03-08 14:26:54,397 - app.utils.i18n - WARNING - Using default value for key 'main_window.ready': Ready
2025-03-08 14:26:54,398 - app.utils.i18n - WARNING - Missing translation for key 'main_window.single_image_tooltip' in locale '<module 'locale' from 'C:\\Users\\ETPau\\AppData\\Local\\Programs\\Python\\Python311\\Lib\\locale.py'>'
2025-03-08 14:26:54,398 - app.utils.i18n - WARNING - Using default value for key 'main_window.single_image_tooltip': Analyze one image at a time
2025-03-08 14:26:54,398 - app.utils.i18n - WARNING - Missing translation for key 'main_window.batch_analysis_tooltip' in locale '<module 'locale' from 'C:\\Users\\ETPau\\AppData\\Local\\Programs\\Python\\Python311\\Lib\\locale.py'>'
2025-03-08 14:26:54,398 - app.utils.i18n - WARNING - Using default value for key 'main_window.batch_analysis_tooltip': Analyze multiple images at once
2025-03-08 14:26:54,398 - app.utils.i18n - WARNING - Missing translation for key 'main_window.start_analysis_tooltip' in locale '<module 'locale' from 'C:\\Users\\ETPau\\AppData\\Local\\Programs\\Python\\Python311\\Lib\\locale.py'>'
2025-03-08 14:26:54,399 - app.utils.i18n - WARNING - Using default value for key 'main_window.start_analysis_tooltip': Start colony detection analysis
2025-03-08 14:26:54,399 - app.utils.i18n - WARNING - Missing translation for key 'main_window.stop_tooltip' in locale '<module 'locale' from 'C:\\Users\\ETPau\\AppData\\Local\\Programs\\Python\\Python311\\Lib\\locale.py'>'
2025-03-08 14:26:54,399 - app.utils.i18n - WARNING - Using default value for key 'main_window.stop_tooltip': Stop current analysis
2025-03-08 14:26:54,399 - app.utils.i18n - WARNING - Missing translation for key 'main_window.language' in locale '<module 'locale' from 'C:\\Users\\ETPau\\AppData\\Local\\Programs\\Python\\Python311\\Lib\\locale.py'>'
2025-03-08 14:26:54,401 - app.utils.i18n - WARNING - Using default value for key 'main_window.language': Language
2025-03-08 14:26:54,705 - app.utils.i18n - INFO - Set locale to en
2025-03-08 14:26:54,705 - app.utils.i18n - WARNING - Missing translation for key 'image_browser.actions' in locale '<module 'locale' from 'C:\\Users\\ETPau\\AppData\\Local\\Programs\\Python\\Python311\\Lib\\locale.py'>'
2025-03-08 14:26:54,705 - app.utils.i18n - WARNING - Using default value for key 'image_browser.actions': Actions
2025-03-08 14:26:54,705 - app.utils.i18n - WARNING - Missing translation for key 'image_browser.image_list' in locale '<module 'locale' from 'C:\\Users\\ETPau\\AppData\\Local\\Programs\\Python\\Python311\\Lib\\locale.py'>'
2025-03-08 14:26:54,705 - app.utils.i18n - WARNING - Using default value for key 'image_browser.image_list': Image List
2025-03-08 14:26:54,707 - app.utils.i18n - WARNING - Missing translation for key 'image_browser.preview' in locale '<module 'locale' from 'C:\\Users\\ETPau\\AppData\\Local\\Programs\\Python\\Python311\\Lib\\locale.py'>'
2025-03-08 14:26:54,707 - app.utils.i18n - WARNING - Using default value for key 'image_browser.preview': Preview
2025-03-08 14:26:54,707 - app.utils.i18n - WARNING - Missing translation for key 'image_browser.import_images_tooltip' in locale '<module 'locale' from 'C:\\Users\\ETPau\\AppData\\Local\\Programs\\Python\\Python311\\Lib\\locale.py'>'
2025-03-08 14:26:54,707 - app.utils.i18n - WARNING - Using default value for key 'image_browser.import_images_tooltip': Import images for analysis
2025-03-08 14:26:54,708 - app.utils.i18n - WARNING - Missing translation for key 'image_browser.remove_selected_tooltip' in locale '<module 'locale' from 'C:\\Users\\ETPau\\AppData\\Local\\Programs\\Python\\Python311\\Lib\\locale.py'>'
2025-03-08 14:26:54,708 - app.utils.i18n - WARNING - Using default value for key 'image_browser.remove_selected_tooltip': Remove selected images
2025-03-08 14:26:54,708 - app.utils.i18n - WARNING - Missing translation for key 'image_browser.clear_all_tooltip' in locale '<module 'locale' from 'C:\\Users\\ETPau\\AppData\\Local\\Programs\\Python\\Python311\\Lib\\locale.py'>'
2025-03-08 14:26:54,708 - app.utils.i18n - WARNING - Using default value for key 'image_browser.clear_all_tooltip': Clear all images
2025-03-08 14:26:54,708 - app.utils.i18n - WARNING - Missing translation for key 'image_browser.no_image_selected' in locale '<module 'locale' from 'C:\\Users\\ETPau\\AppData\\Local\\Programs\\Python\\Python311\\Lib\\locale.py'>'
2025-03-08 14:26:54,709 - app.utils.i18n - WARNING - Using default value for key 'image_browser.no_image_selected': No image selected
2025-03-08 14:26:54,709 - app.utils.i18n - WARNING - Missing translation for key 'main_window.new_project_tooltip' in locale '<module 'locale' from 'C:\\Users\\ETPau\\AppData\\Local\\Programs\\Python\\Python311\\Lib\\locale.py'>'
2025-03-08 14:26:54,709 - app.utils.i18n - WARNING - Using default value for key 'main_window.new_project_tooltip': Create a new project
2025-03-08 14:26:54,710 - app.utils.i18n - WARNING - Missing translation for key 'main_window.open_project_tooltip' in locale '<module 'locale' from 'C:\\Users\\ETPau\\AppData\\Local\\Programs\\Python\\Python311\\Lib\\locale.py'>'
2025-03-08 14:26:54,710 - app.utils.i18n - WARNING - Using default value for key 'main_window.open_project_tooltip': Open an existing project
2025-03-08 14:26:54,710 - app.utils.i18n - WARNING - Missing translation for key 'main_window.import_images_tooltip' in locale '<module 'locale' from 'C:\\Users\\ETPau\\AppData\\Local\\Programs\\Python\\Python311\\Lib\\locale.py'>'
2025-03-08 14:26:54,710 - app.utils.i18n - WARNING - Using default value for key 'main_window.import_images_tooltip': Import images to current project
2025-03-08 14:26:54,711 - app.utils.i18n - WARNING - Missing translation for key 'main_window.ready' in locale '<module 'locale' from 'C:\\Users\\ETPau\\AppData\\Local\\Programs\\Python\\Python311\\Lib\\locale.py'>'
2025-03-08 14:26:54,711 - app.utils.i18n - WARNING - Using default value for key 'main_window.ready': Ready
2025-03-08 14:26:54,712 - app.utils.i18n - WARNING - Missing translation for key 'main_window.single_image_tooltip' in locale '<module 'locale' from 'C:\\Users\\ETPau\\AppData\\Local\\Programs\\Python\\Python311\\Lib\\locale.py'>'
2025-03-08 14:26:54,712 - app.utils.i18n - WARNING - Using default value for key 'main_window.single_image_tooltip': Analyze one image at a time
2025-03-08 14:26:54,712 - app.utils.i18n - WARNING - Missing translation for key 'main_window.batch_analysis_tooltip' in locale '<module 'locale' from 'C:\\Users\\ETPau\\AppData\\Local\\Programs\\Python\\Python311\\Lib\\locale.py'>'
2025-03-08 14:26:54,712 - app.utils.i18n - WARNING - Using default value for key 'main_window.batch_analysis_tooltip': Analyze multiple images at once
2025-03-08 14:26:54,712 - app.utils.i18n - WARNING - Missing translation for key 'main_window.start_analysis_tooltip' in locale '<module 'locale' from 'C:\\Users\\ETPau\\AppData\\Local\\Programs\\Python\\Python311\\Lib\\locale.py'>'
2025-03-08 14:26:54,712 - app.utils.i18n - WARNING - Using default value for key 'main_window.start_analysis_tooltip': Start colony detection analysis
2025-03-08 14:26:54,713 - app.utils.i18n - WARNING - Missing translation for key 'main_window.stop_tooltip' in locale '<module 'locale' from 'C:\\Users\\ETPau\\AppData\\Local\\Programs\\Python\\Python311\\Lib\\locale.py'>'
2025-03-08 14:26:54,713 - app.utils.i18n - WARNING - Using default value for key 'main_window.stop_tooltip': Stop current analysis
2025-03-08 14:26:54,713 - app.utils.i18n - WARNING - Missing translation for key 'main_window.language' in locale '<module 'locale' from 'C:\\Users\\ETPau\\AppData\\Local\\Programs\\Python\\Python311\\Lib\\locale.py'>'
2025-03-08 14:26:54,713 - app.utils.i18n - WARNING - Using default value for key 'main_window.language': Language
2025-03-08 14:26:54,992 - app.utils.i18n - INFO - Set locale to zh_CN
2025-03-08 14:26:54,993 - app.utils.i18n - WARNING - Missing translation for key 'image_browser.actions' in locale '<module 'locale' from 'C:\\Users\\ETPau\\AppData\\Local\\Programs\\Python\\Python311\\Lib\\locale.py'>'
2025-03-08 14:26:54,993 - app.utils.i18n - WARNING - Using default value for key 'image_browser.actions': Actions
2025-03-08 14:26:54,993 - app.utils.i18n - WARNING - Missing translation for key 'image_browser.image_list' in locale '<module 'locale' from 'C:\\Users\\ETPau\\AppData\\Local\\Programs\\Python\\Python311\\Lib\\locale.py'>'
2025-03-08 14:26:54,994 - app.utils.i18n - WARNING - Using default value for key 'image_browser.image_list': Image List
2025-03-08 14:26:54,994 - app.utils.i18n - WARNING - Missing translation for key 'image_browser.preview' in locale '<module 'locale' from 'C:\\Users\\ETPau\\AppData\\Local\\Programs\\Python\\Python311\\Lib\\locale.py'>'
2025-03-08 14:26:54,994 - app.utils.i18n - WARNING - Using default value for key 'image_browser.preview': Preview
2025-03-08 14:26:54,994 - app.utils.i18n - WARNING - Missing translation for key 'image_browser.import_images_tooltip' in locale '<module 'locale' from 'C:\\Users\\ETPau\\AppData\\Local\\Programs\\Python\\Python311\\Lib\\locale.py'>'
2025-03-08 14:26:54,994 - app.utils.i18n - WARNING - Using default value for key 'image_browser.import_images_tooltip': Import images for analysis
2025-03-08 14:26:54,996 - app.utils.i18n - WARNING - Missing translation for key 'image_browser.remove_selected_tooltip' in locale '<module 'locale' from 'C:\\Users\\ETPau\\AppData\\Local\\Programs\\Python\\Python311\\Lib\\locale.py'>'
2025-03-08 14:26:54,996 - app.utils.i18n - WARNING - Using default value for key 'image_browser.remove_selected_tooltip': Remove selected images
2025-03-08 14:26:54,996 - app.utils.i18n - WARNING - Missing translation for key 'image_browser.clear_all_tooltip' in locale '<module 'locale' from 'C:\\Users\\ETPau\\AppData\\Local\\Programs\\Python\\Python311\\Lib\\locale.py'>'
2025-03-08 14:26:54,996 - app.utils.i18n - WARNING - Using default value for key 'image_browser.clear_all_tooltip': Clear all images
2025-03-08 14:26:54,996 - app.utils.i18n - WARNING - Missing translation for key 'image_browser.no_image_selected' in locale '<module 'locale' from 'C:\\Users\\ETPau\\AppData\\Local\\Programs\\Python\\Python311\\Lib\\locale.py'>'
2025-03-08 14:26:54,996 - app.utils.i18n - WARNING - Using default value for key 'image_browser.no_image_selected': No image selected
2025-03-08 14:26:54,997 - app.utils.i18n - WARNING - Missing translation for key 'main_window.new_project_tooltip' in locale '<module 'locale' from 'C:\\Users\\ETPau\\AppData\\Local\\Programs\\Python\\Python311\\Lib\\locale.py'>'
2025-03-08 14:26:54,997 - app.utils.i18n - WARNING - Using default value for key 'main_window.new_project_tooltip': Create a new project
2025-03-08 14:26:54,997 - app.utils.i18n - WARNING - Missing translation for key 'main_window.open_project_tooltip' in locale '<module 'locale' from 'C:\\Users\\ETPau\\AppData\\Local\\Programs\\Python\\Python311\\Lib\\locale.py'>'
2025-03-08 14:26:54,998 - app.utils.i18n - WARNING - Using default value for key 'main_window.open_project_tooltip': Open an existing project
2025-03-08 14:26:54,998 - app.utils.i18n - WARNING - Missing translation for key 'main_window.import_images_tooltip' in locale '<module 'locale' from 'C:\\Users\\ETPau\\AppData\\Local\\Programs\\Python\\Python311\\Lib\\locale.py'>'
2025-03-08 14:26:54,998 - app.utils.i18n - WARNING - Using default value for key 'main_window.import_images_tooltip': Import images to current project
2025-03-08 14:26:54,998 - app.utils.i18n - WARNING - Missing translation for key 'main_window.ready' in locale '<module 'locale' from 'C:\\Users\\ETPau\\AppData\\Local\\Programs\\Python\\Python311\\Lib\\locale.py'>'
2025-03-08 14:26:54,998 - app.utils.i18n - WARNING - Using default value for key 'main_window.ready': Ready
2025-03-08 14:26:54,999 - app.utils.i18n - WARNING - Missing translation for key 'main_window.single_image_tooltip' in locale '<module 'locale' from 'C:\\Users\\ETPau\\AppData\\Local\\Programs\\Python\\Python311\\Lib\\locale.py'>'
2025-03-08 14:26:54,999 - app.utils.i18n - WARNING - Using default value for key 'main_window.single_image_tooltip': Analyze one image at a time
2025-03-08 14:26:54,999 - app.utils.i18n - WARNING - Missing translation for key 'main_window.batch_analysis_tooltip' in locale '<module 'locale' from 'C:\\Users\\ETPau\\AppData\\Local\\Programs\\Python\\Python311\\Lib\\locale.py'>'
2025-03-08 14:26:54,999 - app.utils.i18n - WARNING - Using default value for key 'main_window.batch_analysis_tooltip': Analyze multiple images at once
2025-03-08 14:26:55,000 - app.utils.i18n - WARNING - Missing translation for key 'main_window.start_analysis_tooltip' in locale '<module 'locale' from 'C:\\Users\\ETPau\\AppData\\Local\\Programs\\Python\\Python311\\Lib\\locale.py'>'
2025-03-08 14:26:55,000 - app.utils.i18n - WARNING - Using default value for key 'main_window.start_analysis_tooltip': Start colony detection analysis
2025-03-08 14:26:55,000 - app.utils.i18n - WARNING - Missing translation for key 'main_window.stop_tooltip' in locale '<module 'locale' from 'C:\\Users\\ETPau\\AppData\\Local\\Programs\\Python\\Python311\\Lib\\locale.py'>'
2025-03-08 14:26:55,000 - app.utils.i18n - WARNING - Using default value for key 'main_window.stop_tooltip': Stop current analysis
2025-03-08 14:26:55,001 - app.utils.i18n - WARNING - Missing translation for key 'main_window.language' in locale '<module 'locale' from 'C:\\Users\\ETPau\\AppData\\Local\\Programs\\Python\\Python311\\Lib\\locale.py'>'
2025-03-08 14:26:55,001 - app.utils.i18n - WARNING - Using default value for key 'main_window.language': Language
2025-03-08 14:26:55,353 - app.utils.i18n - INFO - Set locale to en
2025-03-08 14:26:55,354 - app.utils.i18n - WARNING - Missing translation for key 'image_browser.actions' in locale '<module 'locale' from 'C:\\Users\\ETPau\\AppData\\Local\\Programs\\Python\\Python311\\Lib\\locale.py'>'
2025-03-08 14:26:55,354 - app.utils.i18n - WARNING - Using default value for key 'image_browser.actions': Actions
2025-03-08 14:26:55,354 - app.utils.i18n - WARNING - Missing translation for key 'image_browser.image_list' in locale '<module 'locale' from 'C:\\Users\\ETPau\\AppData\\Local\\Programs\\Python\\Python311\\Lib\\locale.py'>'
2025-03-08 14:26:55,354 - app.utils.i18n - WARNING - Using default value for key 'image_browser.image_list': Image List
2025-03-08 14:26:55,354 - app.utils.i18n - WARNING - Missing translation for key 'image_browser.preview' in locale '<module 'locale' from 'C:\\Users\\ETPau\\AppData\\Local\\Programs\\Python\\Python311\\Lib\\locale.py'>'
2025-03-08 14:26:55,354 - app.utils.i18n - WARNING - Using default value for key 'image_browser.preview': Preview
2025-03-08 14:26:55,356 - app.utils.i18n - WARNING - Missing translation for key 'image_browser.import_images_tooltip' in locale '<module 'locale' from 'C:\\Users\\ETPau\\AppData\\Local\\Programs\\Python\\Python311\\Lib\\locale.py'>'
2025-03-08 14:26:55,356 - app.utils.i18n - WARNING - Using default value for key 'image_browser.import_images_tooltip': Import images for analysis
2025-03-08 14:26:55,356 - app.utils.i18n - WARNING - Missing translation for key 'image_browser.remove_selected_tooltip' in locale '<module 'locale' from 'C:\\Users\\ETPau\\AppData\\Local\\Programs\\Python\\Python311\\Lib\\locale.py'>'
2025-03-08 14:26:55,356 - app.utils.i18n - WARNING - Using default value for key 'image_browser.remove_selected_tooltip': Remove selected images
2025-03-08 14:26:55,356 - app.utils.i18n - WARNING - Missing translation for key 'image_browser.clear_all_tooltip' in locale '<module 'locale' from 'C:\\Users\\ETPau\\AppData\\Local\\Programs\\Python\\Python311\\Lib\\locale.py'>'
2025-03-08 14:26:55,356 - app.utils.i18n - WARNING - Using default value for key 'image_browser.clear_all_tooltip': Clear all images
2025-03-08 14:26:55,357 - app.utils.i18n - WARNING - Missing translation for key 'image_browser.no_image_selected' in locale '<module 'locale' from 'C:\\Users\\ETPau\\AppData\\Local\\Programs\\Python\\Python311\\Lib\\locale.py'>'
2025-03-08 14:26:55,357 - app.utils.i18n - WARNING - Using default value for key 'image_browser.no_image_selected': No image selected
2025-03-08 14:26:55,357 - app.utils.i18n - WARNING - Missing translation for key 'main_window.new_project_tooltip' in locale '<module 'locale' from 'C:\\Users\\ETPau\\AppData\\Local\\Programs\\Python\\Python311\\Lib\\locale.py'>'
2025-03-08 14:26:55,357 - app.utils.i18n - WARNING - Using default value for key 'main_window.new_project_tooltip': Create a new project
2025-03-08 14:26:55,359 - app.utils.i18n - WARNING - Missing translation for key 'main_window.open_project_tooltip' in locale '<module 'locale' from 'C:\\Users\\ETPau\\AppData\\Local\\Programs\\Python\\Python311\\Lib\\locale.py'>'
2025-03-08 14:26:55,359 - app.utils.i18n - WARNING - Using default value for key 'main_window.open_project_tooltip': Open an existing project
2025-03-08 14:26:55,359 - app.utils.i18n - WARNING - Missing translation for key 'main_window.import_images_tooltip' in locale '<module 'locale' from 'C:\\Users\\ETPau\\AppData\\Local\\Programs\\Python\\Python311\\Lib\\locale.py'>'
2025-03-08 14:26:55,359 - app.utils.i18n - WARNING - Using default value for key 'main_window.import_images_tooltip': Import images to current project
2025-03-08 14:26:55,359 - app.utils.i18n - WARNING - Missing translation for key 'main_window.ready' in locale '<module 'locale' from 'C:\\Users\\ETPau\\AppData\\Local\\Programs\\Python\\Python311\\Lib\\locale.py'>'
2025-03-08 14:26:55,359 - app.utils.i18n - WARNING - Using default value for key 'main_window.ready': Ready
2025-03-08 14:26:55,360 - app.utils.i18n - WARNING - Missing translation for key 'main_window.single_image_tooltip' in locale '<module 'locale' from 'C:\\Users\\ETPau\\AppData\\Local\\Programs\\Python\\Python311\\Lib\\locale.py'>'
2025-03-08 14:26:55,360 - app.utils.i18n - WARNING - Using default value for key 'main_window.single_image_tooltip': Analyze one image at a time
2025-03-08 14:26:55,360 - app.utils.i18n - WARNING - Missing translation for key 'main_window.batch_analysis_tooltip' in locale '<module 'locale' from 'C:\\Users\\ETPau\\AppData\\Local\\Programs\\Python\\Python311\\Lib\\locale.py'>'
2025-03-08 14:26:55,360 - app.utils.i18n - WARNING - Using default value for key 'main_window.batch_analysis_tooltip': Analyze multiple images at once
2025-03-08 14:26:55,361 - app.utils.i18n - WARNING - Missing translation for key 'main_window.start_analysis_tooltip' in locale '<module 'locale' from 'C:\\Users\\ETPau\\AppData\\Local\\Programs\\Python\\Python311\\Lib\\locale.py'>'
2025-03-08 14:26:55,361 - app.utils.i18n - WARNING - Using default value for key 'main_window.start_analysis_tooltip': Start colony detection analysis
2025-03-08 14:26:55,362 - app.utils.i18n - WARNING - Missing translation for key 'main_window.stop_tooltip' in locale '<module 'locale' from 'C:\\Users\\ETPau\\AppData\\Local\\Programs\\Python\\Python311\\Lib\\locale.py'>'
2025-03-08 14:26:55,362 - app.utils.i18n - WARNING - Using default value for key 'main_window.stop_tooltip': Stop current analysis
2025-03-08 14:26:55,362 - app.utils.i18n - WARNING - Missing translation for key 'main_window.language' in locale '<module 'locale' from 'C:\\Users\\ETPau\\AppData\\Local\\Programs\\Python\\Python311\\Lib\\locale.py'>'
2025-03-08 14:26:55,362 - app.utils.i18n - WARNING - Using default value for key 'main_window.language': Language
2025-03-08 14:36:31,893 - __main__ - INFO - Logging initialized
2025-03-08 14:36:31,946 - __main__ - INFO - Application started: MicroAI-Colony 1.0.0
2025-03-08 14:36:31,946 - __main__ - INFO - Platform: win32, Python: 3.11.0 (main, Oct 24 2022, 18:26:48) [MSC v.1933 64 bit (AMD64)]
2025-03-08 14:36:31,946 - __main__ - INFO - Using font: Microsoft YaHei UI
2025-03-08 14:36:31,947 - app.utils.path_manager - INFO - Application directories created successfully
2025-03-08 14:36:31,947 - __main__ - INFO - Application directories created
2025-03-08 14:36:31,948 - app.utils.config - INFO - Configuration loaded successfully
2025-03-08 14:36:31,948 - app.utils.config - INFO - Configuration loaded successfully
2025-03-08 14:36:31,949 - __main__ - INFO - Configuration initialized
2025-03-08 14:36:31,949 - app.utils.i18n - INFO - Loading translations
2025-03-08 14:36:31,950 - app.utils.i18n - INFO - Loaded 98 translations for en
2025-03-08 14:36:31,950 - app.utils.i18n - INFO - Loaded 98 translations for zh_CN
2025-03-08 14:36:31,950 - app.utils.i18n - INFO - Total loaded translations: 196
2025-03-08 14:36:31,951 - app.utils.i18n - INFO - Available locales: ['en', 'zh_CN']
2025-03-08 14:36:31,951 - app.utils.i18n - INFO - Using configured locale: zh_CN
2025-03-08 14:36:31,951 - app.utils.i18n - INFO - === Translation Status ===
2025-03-08 14:36:31,951 - app.utils.i18n - INFO - Current locale: zh_CN
2025-03-08 14:36:31,951 - app.utils.i18n - INFO - Available locales: ['en', 'zh_CN']
2025-03-08 14:36:31,952 - app.utils.i18n - INFO - Initialized: True
2025-03-08 14:36:31,952 - app.utils.i18n - INFO - Loaded strings for current locale: 98
2025-03-08 14:36:31,952 - app.utils.i18n - INFO - =====================
2025-03-08 14:36:31,952 - app.utils.i18n - INFO - Translations initialized successfully
2025-03-08 14:36:31,953 - __main__ - INFO - Installed Qt translation for zh_CN
2025-03-08 14:36:31,953 - __main__ - INFO - Translations initialized. Current locale: zh_CN
2025-03-08 14:36:31,953 - __main__ - INFO - Theme applied successfully
2025-03-08 14:36:31,953 - __main__ - INFO - Creating main window...
2025-03-08 14:36:31,955 - app.gui.main_window - INFO - Initializing MainWindow
2025-03-08 14:36:31,956 - app.gui.image_list_widget - INFO - Initializing ImageBrowser
2025-03-08 14:36:31,957 - app.gui.image_list_widget - INFO - Preview label initialized
2025-03-08 14:36:31,957 - app.gui.image_list_widget - INFO - btn_import created
2025-03-08 14:36:31,958 - app.gui.image_list_widget - INFO - btn_remove created
2025-03-08 14:36:31,958 - app.gui.image_list_widget - INFO - btn_clear created
2025-03-08 14:36:31,959 - app.gui.image_list_widget - INFO - Buttons created
2025-03-08 14:36:31,959 - app.gui.image_list_widget - INFO - Setting up ImageBrowser UI
2025-03-08 14:36:31,959 - app.gui.image_list_widget - INFO - QHBoxLayout created
2025-03-08 14:36:31,959 - app.gui.image_list_widget - INFO - Button group created
2025-03-08 14:36:31,960 - app.gui.image_list_widget - INFO - List group created
2025-03-08 14:36:31,960 - app.gui.image_list_widget - INFO - QVBoxLayout created
2025-03-08 14:36:31,960 - app.gui.image_list_widget - INFO - Groups added to left panel
2025-03-08 14:36:31,961 - app.gui.image_list_widget - INFO - Left panel added to layout
2025-03-08 14:36:31,961 - app.gui.image_list_widget - INFO - Preview group added to layout
2025-03-08 14:36:31,962 - app.gui.image_list_widget - INFO - Layout set
2025-03-08 14:36:31,962 - app.gui.image_list_widget - INFO - Button states updated
2025-03-08 14:36:31,962 - app.gui.image_list_widget - INFO - UI setup complete
2025-03-08 14:36:31,962 - app.gui.image_list_widget - INFO - Signals connected
2025-03-08 14:36:31,963 - app.gui.image_list_widget - INFO - ImageBrowser initialization complete
2025-03-08 14:36:31,970 - app.utils.i18n - WARNING - Missing translation for key 'main_window.iterations_tooltip' in locale '<module 'locale' from 'C:\\Users\\ETPau\\AppData\\Local\\Programs\\Python\\Python311\\Lib\\locale.py'>'
2025-03-08 14:36:31,971 - app.utils.i18n - WARNING - Using default value for key 'main_window.iterations_tooltip': Number of analysis iterations
2025-03-08 14:36:31,972 - app.gui.result_visualizer - INFO - Initializing ResultVisualizer
2025-03-08 14:36:31,974 - app.gui.result_visualizer - INFO - ResultVisualizer initialization complete
2025-03-08 14:36:32,005 - app.gui.main_window - INFO - MainWindow initialization complete
2025-03-08 14:36:32,005 - app.gui.settings_dialog - INFO - Initializing SettingsDialog
2025-03-08 14:36:32,010 - app.gui.settings_dialog - INFO - SettingsDialog initialization complete
2025-03-08 14:36:32,179 - __main__ - INFO - Main window initialized and shown
2025-03-08 14:37:18,325 - app.gui.settings_dialog - INFO - Initializing SettingsDialog
2025-03-08 14:37:18,332 - app.gui.settings_dialog - INFO - SettingsDialog initialization complete
2025-03-08 14:37:20,677 - app.utils.config - INFO - Configuration saved successfully
2025-03-08 14:37:20,677 - app.utils.config - INFO - Configuration updated: default_path = C:\Users\ETPau/Desktop/MicroAI_Detect
2025-03-08 14:37:20,678 - app.utils.config - INFO - Configuration saved successfully
2025-03-08 14:37:20,679 - app.utils.config - INFO - Configuration updated: export_formats = ['json', 'csv', 'xlsx']
2025-03-08 14:37:20,681 - app.utils.config - INFO - Configuration saved successfully
2025-03-08 14:37:20,681 - app.utils.config - INFO - Configuration updated: analysis_iterations = 100
2025-03-08 14:37:20,682 - app.utils.config - INFO - Configuration saved successfully
2025-03-08 14:37:20,682 - app.utils.config - INFO - Configuration updated: window.maximized = False
2025-03-08 14:37:20,683 - app.utils.config - INFO - Configuration saved successfully
2025-03-08 14:37:20,683 - app.utils.config - INFO - Configuration updated: language = en
2025-03-08 14:37:20,684 - app.utils.config - INFO - Configuration saved successfully
2025-03-08 14:37:20,698 - app.utils.config - INFO - Configuration saved successfully
2025-03-08 14:37:22,172 - app.gui.settings_dialog - INFO - Initializing SettingsDialog
2025-03-08 14:37:22,179 - app.gui.settings_dialog - INFO - SettingsDialog initialization complete
2025-03-08 14:37:23,900 - app.utils.config - INFO - Configuration saved successfully
2025-03-08 14:37:23,901 - app.utils.config - INFO - Configuration updated: default_path = C:\Users\ETPau/Desktop/MicroAI_Detect
2025-03-08 14:37:23,902 - app.utils.config - INFO - Configuration saved successfully
2025-03-08 14:37:23,902 - app.utils.config - INFO - Configuration updated: export_formats = ['json', 'csv', 'xlsx']
2025-03-08 14:37:23,903 - app.utils.config - INFO - Configuration saved successfully
2025-03-08 14:37:23,903 - app.utils.config - INFO - Configuration updated: analysis_iterations = 100
2025-03-08 14:37:23,905 - app.utils.config - INFO - Configuration saved successfully
2025-03-08 14:37:23,906 - app.utils.config - INFO - Configuration updated: window.maximized = False
2025-03-08 14:37:23,907 - app.utils.config - INFO - Configuration saved successfully
2025-03-08 14:37:23,907 - app.utils.config - INFO - Configuration updated: language = zh_CN
2025-03-08 14:37:23,908 - app.utils.config - INFO - Configuration saved successfully
2025-03-08 14:37:23,921 - app.utils.config - INFO - Configuration saved successfully
2025-03-08 14:37:24,578 - app.utils.i18n - INFO - Set locale to en
2025-03-08 14:37:25,586 - app.utils.i18n - INFO - Set locale to zh_CN
2025-03-08 14:37:26,127 - app.utils.i18n - INFO - Set locale to en
2025-03-08 14:37:26,450 - app.utils.i18n - INFO - Set locale to zh_CN
2025-03-08 14:37:26,849 - app.utils.i18n - INFO - Set locale to en
2025-03-08 14:37:27,225 - app.utils.i18n - INFO - Set locale to zh_CN
2025-03-08 15:23:05,945 - __main__ - INFO - Logging initialized
2025-03-08 15:23:06,053 - __main__ - INFO - Application started: MicroAI-Colony 1.0.0
2025-03-08 15:23:06,053 - __main__ - INFO - Platform: win32, Python: 3.11.0 (main, Oct 24 2022, 18:26:48) [MSC v.1933 64 bit (AMD64)]
2025-03-08 15:23:06,056 - __main__ - INFO - Using font: Microsoft YaHei UI
2025-03-08 15:23:06,058 - app.utils.path_manager - INFO - Application directories created successfully
2025-03-08 15:23:06,058 - __main__ - INFO - Application directories created
2025-03-08 15:23:06,059 - app.utils.config - INFO - Configuration loaded successfully
2025-03-08 15:23:06,061 - app.utils.config - INFO - Configuration loaded successfully
2025-03-08 15:23:06,061 - __main__ - INFO - Configuration initialized
2025-03-08 15:23:06,062 - app.utils.i18n - INFO - Loading translations
2025-03-08 15:23:06,063 - app.utils.i18n - INFO - Loaded 99 translations for en
2025-03-08 15:23:06,064 - app.utils.i18n - INFO - Loaded 99 translations for zh_CN
2025-03-08 15:23:06,064 - app.utils.i18n - INFO - Total loaded translations: 198
2025-03-08 15:23:06,064 - app.utils.i18n - INFO - Available locales: ['en', 'zh_CN']
2025-03-08 15:23:06,064 - app.utils.i18n - INFO - Using configured locale: zh_CN
2025-03-08 15:23:06,065 - app.utils.i18n - INFO - === Translation Status ===
2025-03-08 15:23:06,065 - app.utils.i18n - INFO - Current locale: zh_CN
2025-03-08 15:23:06,065 - app.utils.i18n - INFO - Available locales: ['en', 'zh_CN']
2025-03-08 15:23:06,065 - app.utils.i18n - INFO - Initialized: True
2025-03-08 15:23:06,066 - app.utils.i18n - INFO - Loaded strings for current locale: 99
2025-03-08 15:23:06,066 - app.utils.i18n - INFO - =====================
2025-03-08 15:23:06,066 - app.utils.i18n - INFO - Translations initialized successfully
2025-03-08 15:23:06,070 - __main__ - INFO - Installed Qt translation for zh_CN
2025-03-08 15:23:06,070 - __main__ - INFO - Translations initialized. Current locale: zh_CN
2025-03-08 15:23:06,073 - __main__ - INFO - Theme applied successfully
2025-03-08 15:23:06,074 - __main__ - INFO - Creating main window...
2025-03-08 15:23:06,082 - app.gui.main_window - INFO - Initializing MainWindow
2025-03-08 15:23:06,090 - app.gui.image_list_widget - INFO - Initializing ImageBrowser
2025-03-08 15:23:06,097 - app.gui.image_list_widget - INFO - Preview label initialized
2025-03-08 15:23:06,097 - app.gui.image_list_widget - INFO - btn_import created
2025-03-08 15:23:06,098 - app.gui.image_list_widget - INFO - btn_remove created
2025-03-08 15:23:06,098 - app.gui.image_list_widget - INFO - btn_clear created
2025-03-08 15:23:06,098 - app.gui.image_list_widget - INFO - Buttons created
2025-03-08 15:23:06,099 - app.gui.image_list_widget - INFO - Setting up ImageBrowser UI
2025-03-08 15:23:06,099 - app.gui.image_list_widget - INFO - QHBoxLayout created
2025-03-08 15:23:06,101 - app.gui.image_list_widget - INFO - Button group created
2025-03-08 15:23:06,103 - app.gui.image_list_widget - INFO - List group created
2025-03-08 15:23:06,103 - app.gui.image_list_widget - INFO - QVBoxLayout created
2025-03-08 15:23:06,104 - app.gui.image_list_widget - INFO - Groups added to left panel
2025-03-08 15:23:06,104 - app.gui.image_list_widget - INFO - Left panel added to layout
2025-03-08 15:23:06,104 - app.gui.image_list_widget - INFO - Preview group added to layout
2025-03-08 15:23:06,106 - app.gui.image_list_widget - INFO - Layout set
2025-03-08 15:23:06,108 - app.gui.image_list_widget - INFO - Button states updated
2025-03-08 15:23:06,109 - app.gui.image_list_widget - INFO - UI setup complete
2025-03-08 15:23:06,110 - app.gui.image_list_widget - INFO - Signals connected
2025-03-08 15:23:06,111 - app.gui.image_list_widget - INFO - ImageBrowser initialization complete
2025-03-08 15:23:06,145 - app.gui.result_visualizer - INFO - Initializing ResultVisualizer
2025-03-08 15:23:06,154 - app.gui.result_visualizer - INFO - ResultVisualizer initialization complete
2025-03-08 15:23:06,255 - app.gui.main_window - INFO - MainWindow initialization complete
2025-03-08 15:23:06,256 - app.gui.settings_dialog - INFO - Initializing SettingsDialog
2025-03-08 15:23:06,271 - app.gui.settings_dialog - INFO - SettingsDialog initialization complete
2025-03-08 15:23:06,532 - __main__ - INFO - Main window initialized and shown
2025-03-08 15:23:09,506 - app.utils.i18n - INFO - Set locale to en
2025-03-08 15:23:10,138 - app.utils.i18n - INFO - Set locale to zh_CN
2025-03-08 15:23:11,736 - app.gui.settings_dialog - INFO - Initializing SettingsDialog
2025-03-08 15:23:11,743 - app.gui.settings_dialog - INFO - SettingsDialog initialization complete
2025-03-08 15:23:14,407 - app.utils.config - INFO - Configuration saved successfully
2025-03-08 15:23:14,408 - app.utils.config - INFO - Configuration updated: default_path = C:\Users\ETPau/Desktop/MicroAI_Detect
2025-03-08 15:23:14,409 - app.utils.config - INFO - Configuration saved successfully
2025-03-08 15:23:14,409 - app.utils.config - INFO - Configuration updated: export_formats = ['json', 'csv', 'xlsx']
2025-03-08 15:23:14,411 - app.utils.config - INFO - Configuration saved successfully
2025-03-08 15:23:14,411 - app.utils.config - INFO - Configuration updated: analysis_iterations = 100
2025-03-08 15:23:14,413 - app.utils.config - INFO - Configuration saved successfully
2025-03-08 15:23:14,413 - app.utils.config - INFO - Configuration updated: window.maximized = False
2025-03-08 15:23:14,414 - app.utils.config - INFO - Configuration saved successfully
2025-03-08 15:23:14,414 - app.utils.config - INFO - Configuration updated: language = zh_CN
2025-03-08 15:23:14,416 - app.utils.config - INFO - Configuration saved successfully
2025-03-08 15:23:14,440 - app.utils.config - INFO - Configuration saved successfully
2025-03-08 15:23:16,417 - app.gui.settings_dialog - INFO - Initializing SettingsDialog
2025-03-08 15:23:16,423 - app.gui.settings_dialog - INFO - SettingsDialog initialization complete
2025-03-08 15:23:18,381 - app.utils.config - INFO - Configuration saved successfully
2025-03-08 15:23:18,382 - app.utils.config - INFO - Configuration updated: default_path = C:\Users\ETPau/Desktop/MicroAI_Detect
2025-03-08 15:23:18,383 - app.utils.config - INFO - Configuration saved successfully
2025-03-08 15:23:18,383 - app.utils.config - INFO - Configuration updated: export_formats = ['json', 'csv', 'xlsx']
2025-03-08 15:23:18,385 - app.utils.config - INFO - Configuration saved successfully
2025-03-08 15:23:18,386 - app.utils.config - INFO - Configuration updated: analysis_iterations = 100
2025-03-08 15:23:18,387 - app.utils.config - INFO - Configuration saved successfully
2025-03-08 15:23:18,387 - app.utils.config - INFO - Configuration updated: window.maximized = False
2025-03-08 15:23:18,388 - app.utils.config - INFO - Configuration saved successfully
2025-03-08 15:23:18,388 - app.utils.config - INFO - Configuration updated: language = en
2025-03-08 15:23:18,390 - app.utils.config - INFO - Configuration saved successfully
2025-03-08 15:23:18,403 - app.utils.config - INFO - Configuration saved successfully
2025-03-08 15:23:19,739 - app.utils.i18n - INFO - Set locale to en
2025-03-08 15:29:52,371 - __main__ - INFO - Logging initialized
2025-03-08 15:29:52,419 - __main__ - INFO - Application started: MicroAI-Colony 1.0.0
2025-03-08 15:29:52,419 - __main__ - INFO - Platform: win32, Python: 3.11.0 (main, Oct 24 2022, 18:26:48) [MSC v.1933 64 bit (AMD64)]
2025-03-08 15:29:52,420 - __main__ - INFO - Using font: Microsoft YaHei UI
2025-03-08 15:29:52,421 - app.utils.path_manager - INFO - Application directories created successfully
2025-03-08 15:29:52,421 - __main__ - INFO - Application directories created
2025-03-08 15:29:52,421 - app.utils.config - INFO - Configuration loaded successfully
2025-03-08 15:29:52,422 - app.utils.config - INFO - Configuration loaded successfully
2025-03-08 15:29:52,422 - __main__ - INFO - Configuration initialized
2025-03-08 15:29:52,422 - app.utils.i18n - INFO - Loading translations
2025-03-08 15:29:52,423 - app.utils.i18n - INFO - Loaded 99 translations for en
2025-03-08 15:29:52,424 - app.utils.i18n - INFO - Loaded 99 translations for zh_CN
2025-03-08 15:29:52,424 - app.utils.i18n - INFO - Total loaded translations: 198
2025-03-08 15:29:52,424 - app.utils.i18n - INFO - Available locales: ['en', 'zh_CN']
2025-03-08 15:29:52,424 - app.utils.i18n - INFO - Using configured locale: en
2025-03-08 15:29:52,424 - app.utils.i18n - INFO - === Translation Status ===
2025-03-08 15:29:52,424 - app.utils.i18n - INFO - Current locale: en
2025-03-08 15:29:52,424 - app.utils.i18n - INFO - Available locales: ['en', 'zh_CN']
2025-03-08 15:29:52,425 - app.utils.i18n - INFO - Initialized: True
2025-03-08 15:29:52,425 - app.utils.i18n - INFO - Loaded strings for current locale: 99
2025-03-08 15:29:52,425 - app.utils.i18n - INFO - =====================
2025-03-08 15:29:52,425 - app.utils.i18n - INFO - Translations initialized successfully
2025-03-08 15:29:52,427 - __main__ - INFO - Installed Qt translation for en
2025-03-08 15:29:52,427 - __main__ - INFO - Translations initialized. Current locale: en
2025-03-08 15:29:52,427 - __main__ - INFO - Theme applied successfully
2025-03-08 15:29:52,427 - __main__ - INFO - Creating main window...
2025-03-08 15:29:52,428 - app.gui.main_window - INFO - Initializing MainWindow
2025-03-08 15:29:52,429 - app.gui.image_list_widget - INFO - Initializing ImageBrowser
2025-03-08 15:29:52,430 - app.gui.image_list_widget - INFO - Preview label initialized
2025-03-08 15:29:52,430 - app.gui.image_list_widget - INFO - btn_import created
2025-03-08 15:29:52,430 - app.gui.image_list_widget - INFO - btn_remove created
2025-03-08 15:29:52,430 - app.gui.image_list_widget - INFO - btn_clear created
2025-03-08 15:29:52,432 - app.gui.image_list_widget - INFO - Buttons created
2025-03-08 15:29:52,432 - app.gui.image_list_widget - INFO - Setting up ImageBrowser UI
2025-03-08 15:29:52,432 - app.gui.image_list_widget - INFO - QHBoxLayout created
2025-03-08 15:29:52,432 - app.gui.image_list_widget - INFO - Button group created
2025-03-08 15:29:52,433 - app.gui.image_list_widget - INFO - List group created
2025-03-08 15:29:52,433 - app.gui.image_list_widget - INFO - QVBoxLayout created
2025-03-08 15:29:52,433 - app.gui.image_list_widget - INFO - Groups added to left panel
2025-03-08 15:29:52,434 - app.gui.image_list_widget - INFO - Left panel added to layout
2025-03-08 15:29:52,434 - app.gui.image_list_widget - INFO - Preview group added to layout
2025-03-08 15:29:52,434 - app.gui.image_list_widget - INFO - Layout set
2025-03-08 15:29:52,435 - app.gui.image_list_widget - INFO - Button states updated
2025-03-08 15:29:52,435 - app.gui.image_list_widget - INFO - UI setup complete
2025-03-08 15:29:52,435 - app.gui.image_list_widget - INFO - Signals connected
2025-03-08 15:29:52,435 - app.gui.image_list_widget - INFO - ImageBrowser initialization complete
2025-03-08 15:29:52,442 - app.gui.result_visualizer - INFO - Initializing ResultVisualizer
2025-03-08 15:29:52,443 - app.gui.result_visualizer - INFO - ResultVisualizer initialization complete
2025-03-08 15:29:52,471 - app.gui.main_window - INFO - MainWindow initialization complete
2025-03-08 15:29:52,472 - app.gui.settings_dialog - INFO - Initializing SettingsDialog
2025-03-08 15:29:52,477 - app.gui.settings_dialog - INFO - SettingsDialog initialization complete
2025-03-08 15:29:52,620 - __main__ - INFO - Main window initialized and shown
2025-03-08 15:35:26,328 - app.utils.i18n - INFO - Set locale to zh_CN
2025-03-08 15:35:26,651 - app.utils.i18n - INFO - Set locale to en
2025-03-08 15:35:26,950 - app.utils.i18n - INFO - Set locale to zh_CN
2025-03-08 15:35:28,215 - app.gui.settings_dialog - INFO - Initializing SettingsDialog
2025-03-08 15:35:28,221 - app.gui.settings_dialog - INFO - SettingsDialog initialization complete
2025-03-08 15:35:31,063 - app.utils.config - INFO - Configuration saved successfully
2025-03-08 15:35:31,063 - app.utils.config - INFO - Configuration updated: default_path = C:\Users\ETPau/Desktop/MicroAI_Detect
2025-03-08 15:35:31,064 - app.utils.config - INFO - Configuration saved successfully
2025-03-08 15:35:31,064 - app.utils.config - INFO - Configuration updated: export_formats = ['json', 'csv', 'xlsx']
2025-03-08 15:35:31,066 - app.utils.config - INFO - Configuration saved successfully
2025-03-08 15:35:31,066 - app.utils.config - INFO - Configuration updated: analysis_iterations = 100
2025-03-08 15:35:31,067 - app.utils.config - INFO - Configuration saved successfully
2025-03-08 15:35:31,067 - app.utils.config - INFO - Configuration updated: window.maximized = False
2025-03-08 15:35:31,070 - app.utils.config - INFO - Configuration saved successfully
2025-03-08 15:35:31,070 - app.utils.config - INFO - Configuration updated: language = en
2025-03-08 15:35:31,072 - app.utils.config - INFO - Configuration saved successfully
2025-03-08 15:35:31,089 - app.utils.config - INFO - Configuration saved successfully
2025-03-08 15:35:32,849 - app.gui.settings_dialog - INFO - Initializing SettingsDialog
2025-03-08 15:35:32,860 - app.gui.settings_dialog - INFO - SettingsDialog initialization complete
2025-03-08 15:35:35,580 - app.utils.config - INFO - Configuration saved successfully
2025-03-08 15:35:35,582 - app.utils.config - INFO - Configuration updated: default_path = C:\Users\ETPau/Desktop/MicroAI_Detect
2025-03-08 15:35:35,583 - app.utils.config - INFO - Configuration saved successfully
2025-03-08 15:35:35,583 - app.utils.config - INFO - Configuration updated: export_formats = ['json', 'csv', 'xlsx']
2025-03-08 15:35:35,585 - app.utils.config - INFO - Configuration saved successfully
2025-03-08 15:35:35,585 - app.utils.config - INFO - Configuration updated: analysis_iterations = 100
2025-03-08 15:35:35,586 - app.utils.config - INFO - Configuration saved successfully
2025-03-08 15:35:35,587 - app.utils.config - INFO - Configuration updated: window.maximized = False
2025-03-08 15:35:35,589 - app.utils.config - INFO - Configuration saved successfully
2025-03-08 15:35:35,589 - app.utils.config - INFO - Configuration updated: language = zh_CN
2025-03-08 15:35:35,590 - app.utils.config - INFO - Configuration saved successfully
2025-03-08 15:35:35,608 - app.utils.config - INFO - Configuration saved successfully
2025-03-08 15:41:32,998 - __main__ - INFO - Logging initialized
2025-03-08 15:41:33,075 - __main__ - INFO - Application started: MicroAI-Colony 1.0.0
2025-03-08 15:41:33,076 - __main__ - INFO - Platform: win32, Python: 3.11.0 (main, Oct 24 2022, 18:26:48) [MSC v.1933 64 bit (AMD64)]
2025-03-08 15:41:33,077 - __main__ - INFO - Using font: Microsoft YaHei UI
2025-03-08 15:41:33,079 - app.utils.path_manager - INFO - Application directories created successfully
2025-03-08 15:41:33,079 - __main__ - INFO - Application directories created
2025-03-08 15:41:33,082 - app.utils.config - INFO - Configuration loaded successfully
2025-03-08 15:41:33,085 - app.utils.config - INFO - Configuration loaded successfully
2025-03-08 15:41:33,086 - __main__ - INFO - Configuration initialized
2025-03-08 15:41:33,089 - app.utils.i18n - INFO - Loading translations
2025-03-08 15:41:33,091 - app.utils.i18n - INFO - Loaded 99 translations for en
2025-03-08 15:41:33,094 - app.utils.i18n - INFO - Loaded 99 translations for zh_CN
2025-03-08 15:41:33,095 - app.utils.i18n - INFO - Total loaded translations: 198
2025-03-08 15:41:33,095 - app.utils.i18n - INFO - Available locales: ['en', 'zh_CN']
2025-03-08 15:41:33,096 - app.utils.i18n - INFO - Using configured locale: zh_CN
2025-03-08 15:41:33,096 - app.utils.i18n - INFO - === Translation Status ===
2025-03-08 15:41:33,096 - app.utils.i18n - INFO - Current locale: zh_CN
2025-03-08 15:41:33,097 - app.utils.i18n - INFO - Available locales: ['en', 'zh_CN']
2025-03-08 15:41:33,097 - app.utils.i18n - INFO - Initialized: True
2025-03-08 15:41:33,098 - app.utils.i18n - INFO - Loaded strings for current locale: 99
2025-03-08 15:41:33,098 - app.utils.i18n - INFO - =====================
2025-03-08 15:41:33,099 - app.utils.i18n - INFO - Translations initialized successfully
2025-03-08 15:41:33,101 - __main__ - INFO - Installed Qt translation for zh_CN
2025-03-08 15:41:33,102 - __main__ - INFO - Translations initialized. Current locale: zh_CN
2025-03-08 15:41:33,104 - __main__ - INFO - Theme applied successfully
2025-03-08 15:41:33,104 - __main__ - INFO - Creating main window...
2025-03-08 15:41:33,106 - app.gui.main_window - INFO - Initializing MainWindow
2025-03-08 15:41:33,108 - app.gui.image_list_widget - INFO - Initializing ImageBrowser
2025-03-08 15:41:33,109 - app.gui.image_list_widget - INFO - Preview label initialized
2025-03-08 15:41:33,111 - app.gui.image_list_widget - INFO - btn_import created
2025-03-08 15:41:33,113 - app.gui.image_list_widget - INFO - btn_remove created
2025-03-08 15:41:33,114 - app.gui.image_list_widget - INFO - btn_clear created
2025-03-08 15:41:33,114 - app.gui.image_list_widget - INFO - Buttons created
2025-03-08 15:41:33,115 - app.gui.image_list_widget - INFO - Setting up ImageBrowser UI
2025-03-08 15:41:33,115 - app.gui.image_list_widget - INFO - QHBoxLayout created
2025-03-08 15:41:33,116 - app.gui.image_list_widget - INFO - Button group created
2025-03-08 15:41:33,118 - app.gui.image_list_widget - INFO - List group created
2025-03-08 15:41:33,118 - app.gui.image_list_widget - INFO - QVBoxLayout created
2025-03-08 15:41:33,119 - app.gui.image_list_widget - INFO - Groups added to left panel
2025-03-08 15:41:33,120 - app.gui.image_list_widget - INFO - Left panel added to layout
2025-03-08 15:41:33,120 - app.gui.image_list_widget - INFO - Preview group added to layout
2025-03-08 15:41:33,120 - app.gui.image_list_widget - INFO - Layout set
2025-03-08 15:41:33,122 - app.gui.image_list_widget - INFO - Button states updated
2025-03-08 15:41:33,122 - app.gui.image_list_widget - INFO - UI setup complete
2025-03-08 15:41:33,123 - app.gui.image_list_widget - INFO - Signals connected
2025-03-08 15:41:33,125 - app.gui.image_list_widget - INFO - ImageBrowser initialization complete
2025-03-08 15:41:33,149 - app.gui.result_visualizer - INFO - Initializing ResultVisualizer
2025-03-08 15:41:33,154 - app.gui.result_visualizer - INFO - ResultVisualizer initialization complete
2025-03-08 15:41:33,220 - app.gui.settings_dialog - INFO - Initializing SettingsDialog
2025-03-08 15:41:33,223 - app.utils.i18n - WARNING - Missing translation for key 'settings.default_path_tooltip' in locale '<module 'locale' from 'C:\\Users\\ETPau\\AppData\\Local\\Programs\\Python\\Python311\\Lib\\locale.py'>'
2025-03-08 15:41:33,223 - app.utils.i18n - WARNING - Using default value for key 'settings.default_path_tooltip': Default location for new projects
2025-03-08 15:41:33,224 - app.utils.i18n - WARNING - Missing translation for key 'settings.browse_tooltip' in locale '<module 'locale' from 'C:\\Users\\ETPau\\AppData\\Local\\Programs\\Python\\Python311\\Lib\\locale.py'>'
2025-03-08 15:41:33,224 - app.utils.i18n - WARNING - Using default value for key 'settings.browse_tooltip': Select default project directory
2025-03-08 15:41:33,225 - app.utils.i18n - WARNING - Missing translation for key 'settings.json_format_tooltip' in locale '<module 'locale' from 'C:\\Users\\ETPau\\AppData\\Local\\Programs\\Python\\Python311\\Lib\\locale.py'>'
2025-03-08 15:41:33,225 - app.utils.i18n - WARNING - Using default value for key 'settings.json_format_tooltip': Export results in JSON format
2025-03-08 15:41:33,227 - app.utils.i18n - WARNING - Missing translation for key 'settings.csv_format_tooltip' in locale '<module 'locale' from 'C:\\Users\\ETPau\\AppData\\Local\\Programs\\Python\\Python311\\Lib\\locale.py'>'
2025-03-08 15:41:33,228 - app.utils.i18n - WARNING - Using default value for key 'settings.csv_format_tooltip': Export results in CSV format
2025-03-08 15:41:33,229 - app.utils.i18n - WARNING - Missing translation for key 'settings.excel_format_tooltip' in locale '<module 'locale' from 'C:\\Users\\ETPau\\AppData\\Local\\Programs\\Python\\Python311\\Lib\\locale.py'>'
2025-03-08 15:41:33,229 - app.utils.i18n - WARNING - Using default value for key 'settings.excel_format_tooltip': Export results in Excel format
2025-03-08 15:41:33,230 - app.utils.i18n - WARNING - Missing translation for key 'settings.analysis_settings' in locale '<module 'locale' from 'C:\\Users\\ETPau\\AppData\\Local\\Programs\\Python\\Python311\\Lib\\locale.py'>'
2025-03-08 15:41:33,230 - app.utils.i18n - WARNING - Using default value for key 'settings.analysis_settings': Analysis Settings
2025-03-08 15:41:33,231 - app.utils.i18n - WARNING - Missing translation for key 'settings.default_iterations' in locale '<module 'locale' from 'C:\\Users\\ETPau\\AppData\\Local\\Programs\\Python\\Python311\\Lib\\locale.py'>'
2025-03-08 15:41:33,231 - app.utils.i18n - WARNING - Using default value for key 'settings.default_iterations': Default Iterations:
2025-03-08 15:41:33,237 - app.utils.i18n - WARNING - Missing translation for key 'settings.iterations_tooltip' in locale '<module 'locale' from 'C:\\Users\\ETPau\\AppData\\Local\\Programs\\Python\\Python311\\Lib\\locale.py'>'
2025-03-08 15:41:33,238 - app.utils.i18n - WARNING - Using default value for key 'settings.iterations_tooltip': Number of iterations for analysis
2025-03-08 15:41:33,242 - app.utils.i18n - WARNING - Missing translation for key 'settings.start_maximized_tooltip' in locale '<module 'locale' from 'C:\\Users\\ETPau\\AppData\\Local\\Programs\\Python\\Python311\\Lib\\locale.py'>'
2025-03-08 15:41:33,242 - app.utils.i18n - WARNING - Using default value for key 'settings.start_maximized_tooltip': Start application in maximized state
2025-03-08 15:41:33,245 - app.utils.i18n - WARNING - Missing translation for key 'settings.ok_tooltip' in locale '<module 'locale' from 'C:\\Users\\ETPau\\AppData\\Local\\Programs\\Python\\Python311\\Lib\\locale.py'>'
2025-03-08 15:41:33,246 - app.utils.i18n - WARNING - Using default value for key 'settings.ok_tooltip': Save changes and close
2025-03-08 15:41:33,247 - app.utils.i18n - WARNING - Missing translation for key 'settings.cancel_tooltip' in locale '<module 'locale' from 'C:\\Users\\ETPau\\AppData\\Local\\Programs\\Python\\Python311\\Lib\\locale.py'>'
2025-03-08 15:41:33,248 - app.utils.i18n - WARNING - Using default value for key 'settings.cancel_tooltip': Discard changes and close
2025-03-08 15:41:33,252 - app.gui.settings_dialog - INFO - SettingsDialog initialization complete
2025-03-08 15:41:33,253 - app.gui.main_window - INFO - MainWindow initialization complete
2025-03-08 15:41:33,254 - app.gui.settings_dialog - INFO - Initializing SettingsDialog
2025-03-08 15:41:33,255 - app.utils.i18n - WARNING - Missing translation for key 'settings.default_path_tooltip' in locale '<module 'locale' from 'C:\\Users\\ETPau\\AppData\\Local\\Programs\\Python\\Python311\\Lib\\locale.py'>'
2025-03-08 15:41:33,256 - app.utils.i18n - WARNING - Using default value for key 'settings.default_path_tooltip': Default location for new projects
2025-03-08 15:41:33,258 - app.utils.i18n - WARNING - Missing translation for key 'settings.browse_tooltip' in locale '<module 'locale' from 'C:\\Users\\ETPau\\AppData\\Local\\Programs\\Python\\Python311\\Lib\\locale.py'>'
2025-03-08 15:41:33,259 - app.utils.i18n - WARNING - Using default value for key 'settings.browse_tooltip': Select default project directory
2025-03-08 15:41:33,261 - app.utils.i18n - WARNING - Missing translation for key 'settings.json_format_tooltip' in locale '<module 'locale' from 'C:\\Users\\ETPau\\AppData\\Local\\Programs\\Python\\Python311\\Lib\\locale.py'>'
2025-03-08 15:41:33,261 - app.utils.i18n - WARNING - Using default value for key 'settings.json_format_tooltip': Export results in JSON format
2025-03-08 15:41:33,261 - app.utils.i18n - WARNING - Missing translation for key 'settings.csv_format_tooltip' in locale '<module 'locale' from 'C:\\Users\\ETPau\\AppData\\Local\\Programs\\Python\\Python311\\Lib\\locale.py'>'
2025-03-08 15:41:33,261 - app.utils.i18n - WARNING - Using default value for key 'settings.csv_format_tooltip': Export results in CSV format
2025-03-08 15:41:33,263 - app.utils.i18n - WARNING - Missing translation for key 'settings.excel_format_tooltip' in locale '<module 'locale' from 'C:\\Users\\ETPau\\AppData\\Local\\Programs\\Python\\Python311\\Lib\\locale.py'>'
2025-03-08 15:41:33,265 - app.utils.i18n - WARNING - Using default value for key 'settings.excel_format_tooltip': Export results in Excel format
2025-03-08 15:41:33,266 - app.utils.i18n - WARNING - Missing translation for key 'settings.analysis_settings' in locale '<module 'locale' from 'C:\\Users\\ETPau\\AppData\\Local\\Programs\\Python\\Python311\\Lib\\locale.py'>'
2025-03-08 15:41:33,266 - app.utils.i18n - WARNING - Using default value for key 'settings.analysis_settings': Analysis Settings
2025-03-08 15:41:33,267 - app.utils.i18n - WARNING - Missing translation for key 'settings.default_iterations' in locale '<module 'locale' from 'C:\\Users\\ETPau\\AppData\\Local\\Programs\\Python\\Python311\\Lib\\locale.py'>'
2025-03-08 15:41:33,268 - app.utils.i18n - WARNING - Using default value for key 'settings.default_iterations': Default Iterations:
2025-03-08 15:41:33,269 - app.utils.i18n - WARNING - Missing translation for key 'settings.iterations_tooltip' in locale '<module 'locale' from 'C:\\Users\\ETPau\\AppData\\Local\\Programs\\Python\\Python311\\Lib\\locale.py'>'
2025-03-08 15:41:33,270 - app.utils.i18n - WARNING - Using default value for key 'settings.iterations_tooltip': Number of iterations for analysis
2025-03-08 15:41:33,273 - app.utils.i18n - WARNING - Missing translation for key 'settings.start_maximized_tooltip' in locale '<module 'locale' from 'C:\\Users\\ETPau\\AppData\\Local\\Programs\\Python\\Python311\\Lib\\locale.py'>'
2025-03-08 15:41:33,274 - app.utils.i18n - WARNING - Using default value for key 'settings.start_maximized_tooltip': Start application in maximized state
2025-03-08 15:41:33,278 - app.utils.i18n - WARNING - Missing translation for key 'settings.ok_tooltip' in locale '<module 'locale' from 'C:\\Users\\ETPau\\AppData\\Local\\Programs\\Python\\Python311\\Lib\\locale.py'>'
2025-03-08 15:41:33,278 - app.utils.i18n - WARNING - Using default value for key 'settings.ok_tooltip': Save changes and close
2025-03-08 15:41:33,279 - app.utils.i18n - WARNING - Missing translation for key 'settings.cancel_tooltip' in locale '<module 'locale' from 'C:\\Users\\ETPau\\AppData\\Local\\Programs\\Python\\Python311\\Lib\\locale.py'>'
2025-03-08 15:41:33,282 - app.utils.i18n - WARNING - Using default value for key 'settings.cancel_tooltip': Discard changes and close
2025-03-08 15:41:33,287 - app.gui.settings_dialog - INFO - SettingsDialog initialization complete
2025-03-08 15:41:33,695 - __main__ - INFO - Main window initialized and shown
2025-03-08 15:44:17,235 - app.gui.settings_dialog - INFO - Initializing SettingsDialog
2025-03-08 15:44:17,236 - app.utils.i18n - WARNING - Missing translation for key 'settings.default_path_tooltip' in locale '<module 'locale' from 'C:\\Users\\ETPau\\AppData\\Local\\Programs\\Python\\Python311\\Lib\\locale.py'>'
2025-03-08 15:44:17,236 - app.utils.i18n - WARNING - Using default value for key 'settings.default_path_tooltip': Default location for new projects
2025-03-08 15:44:17,237 - app.utils.i18n - WARNING - Missing translation for key 'settings.browse_tooltip' in locale '<module 'locale' from 'C:\\Users\\ETPau\\AppData\\Local\\Programs\\Python\\Python311\\Lib\\locale.py'>'
2025-03-08 15:44:17,237 - app.utils.i18n - WARNING - Using default value for key 'settings.browse_tooltip': Select default project directory
2025-03-08 15:44:17,237 - app.utils.i18n - WARNING - Missing translation for key 'settings.json_format_tooltip' in locale '<module 'locale' from 'C:\\Users\\ETPau\\AppData\\Local\\Programs\\Python\\Python311\\Lib\\locale.py'>'
2025-03-08 15:44:17,237 - app.utils.i18n - WARNING - Using default value for key 'settings.json_format_tooltip': Export results in JSON format
2025-03-08 15:44:17,237 - app.utils.i18n - WARNING - Missing translation for key 'settings.csv_format_tooltip' in locale '<module 'locale' from 'C:\\Users\\ETPau\\AppData\\Local\\Programs\\Python\\Python311\\Lib\\locale.py'>'
2025-03-08 15:44:17,239 - app.utils.i18n - WARNING - Using default value for key 'settings.csv_format_tooltip': Export results in CSV format
2025-03-08 15:44:17,239 - app.utils.i18n - WARNING - Missing translation for key 'settings.excel_format_tooltip' in locale '<module 'locale' from 'C:\\Users\\ETPau\\AppData\\Local\\Programs\\Python\\Python311\\Lib\\locale.py'>'
2025-03-08 15:44:17,239 - app.utils.i18n - WARNING - Using default value for key 'settings.excel_format_tooltip': Export results in Excel format
2025-03-08 15:44:17,239 - app.utils.i18n - WARNING - Missing translation for key 'settings.analysis_settings' in locale '<module 'locale' from 'C:\\Users\\ETPau\\AppData\\Local\\Programs\\Python\\Python311\\Lib\\locale.py'>'
2025-03-08 15:44:17,240 - app.utils.i18n - WARNING - Using default value for key 'settings.analysis_settings': Analysis Settings
2025-03-08 15:44:17,240 - app.utils.i18n - WARNING - Missing translation for key 'settings.default_iterations' in locale '<module 'locale' from 'C:\\Users\\ETPau\\AppData\\Local\\Programs\\Python\\Python311\\Lib\\locale.py'>'
2025-03-08 15:44:17,240 - app.utils.i18n - WARNING - Using default value for key 'settings.default_iterations': Default Iterations:
2025-03-08 15:44:17,241 - app.utils.i18n - WARNING - Missing translation for key 'settings.iterations_tooltip' in locale '<module 'locale' from 'C:\\Users\\ETPau\\AppData\\Local\\Programs\\Python\\Python311\\Lib\\locale.py'>'
2025-03-08 15:44:17,241 - app.utils.i18n - WARNING - Using default value for key 'settings.iterations_tooltip': Number of iterations for analysis
2025-03-08 15:44:17,243 - app.utils.i18n - WARNING - Missing translation for key 'settings.start_maximized_tooltip' in locale '<module 'locale' from 'C:\\Users\\ETPau\\AppData\\Local\\Programs\\Python\\Python311\\Lib\\locale.py'>'
2025-03-08 15:44:17,243 - app.utils.i18n - WARNING - Using default value for key 'settings.start_maximized_tooltip': Start application in maximized state
2025-03-08 15:44:17,244 - app.utils.i18n - WARNING - Missing translation for key 'settings.ok_tooltip' in locale '<module 'locale' from 'C:\\Users\\ETPau\\AppData\\Local\\Programs\\Python\\Python311\\Lib\\locale.py'>'
2025-03-08 15:44:17,245 - app.utils.i18n - WARNING - Using default value for key 'settings.ok_tooltip': Save changes and close
2025-03-08 15:44:17,245 - app.utils.i18n - WARNING - Missing translation for key 'settings.cancel_tooltip' in locale '<module 'locale' from 'C:\\Users\\ETPau\\AppData\\Local\\Programs\\Python\\Python311\\Lib\\locale.py'>'
2025-03-08 15:44:17,245 - app.utils.i18n - WARNING - Using default value for key 'settings.cancel_tooltip': Discard changes and close
2025-03-08 15:44:17,248 - app.gui.settings_dialog - INFO - SettingsDialog initialization complete
2025-03-08 15:44:19,427 - app.utils.config - INFO - Configuration saved successfully
2025-03-08 15:44:19,428 - app.utils.config - INFO - Configuration updated: default_path = C:\Users\ETPau/Desktop/MicroAI_Detect
2025-03-08 15:44:19,430 - app.utils.config - INFO - Configuration saved successfully
2025-03-08 15:44:19,430 - app.utils.config - INFO - Configuration updated: export_formats = ['json', 'csv', 'xlsx']
2025-03-08 15:44:19,432 - app.utils.config - INFO - Configuration saved successfully
2025-03-08 15:44:19,432 - app.utils.config - INFO - Configuration updated: analysis_iterations = 100
2025-03-08 15:44:19,433 - app.utils.config - INFO - Configuration saved successfully
2025-03-08 15:44:19,433 - app.utils.config - INFO - Configuration updated: window.maximized = False
2025-03-08 15:44:19,434 - app.utils.config - INFO - Configuration saved successfully
2025-03-08 15:44:19,435 - app.utils.config - INFO - Configuration updated: language = en
2025-03-08 15:44:19,436 - app.utils.config - INFO - Configuration saved successfully
2025-03-08 15:44:19,452 - app.utils.config - INFO - Configuration saved successfully
2025-03-08 15:44:21,222 - app.gui.settings_dialog - INFO - Initializing SettingsDialog
2025-03-08 15:44:21,222 - app.utils.i18n - WARNING - Missing translation for key 'settings.default_path_tooltip' in locale '<module 'locale' from 'C:\\Users\\ETPau\\AppData\\Local\\Programs\\Python\\Python311\\Lib\\locale.py'>'
2025-03-08 15:44:21,223 - app.utils.i18n - WARNING - Using default value for key 'settings.default_path_tooltip': Default location for new projects
2025-03-08 15:44:21,223 - app.utils.i18n - WARNING - Missing translation for key 'settings.browse_tooltip' in locale '<module 'locale' from 'C:\\Users\\ETPau\\AppData\\Local\\Programs\\Python\\Python311\\Lib\\locale.py'>'
2025-03-08 15:44:21,223 - app.utils.i18n - WARNING - Using default value for key 'settings.browse_tooltip': Select default project directory
2025-03-08 15:44:21,224 - app.utils.i18n - WARNING - Missing translation for key 'settings.json_format_tooltip' in locale '<module 'locale' from 'C:\\Users\\ETPau\\AppData\\Local\\Programs\\Python\\Python311\\Lib\\locale.py'>'
2025-03-08 15:44:21,224 - app.utils.i18n - WARNING - Using default value for key 'settings.json_format_tooltip': Export results in JSON format
2025-03-08 15:44:21,224 - app.utils.i18n - WARNING - Missing translation for key 'settings.csv_format_tooltip' in locale '<module 'locale' from 'C:\\Users\\ETPau\\AppData\\Local\\Programs\\Python\\Python311\\Lib\\locale.py'>'
2025-03-08 15:44:21,225 - app.utils.i18n - WARNING - Using default value for key 'settings.csv_format_tooltip': Export results in CSV format
2025-03-08 15:44:21,225 - app.utils.i18n - WARNING - Missing translation for key 'settings.excel_format_tooltip' in locale '<module 'locale' from 'C:\\Users\\ETPau\\AppData\\Local\\Programs\\Python\\Python311\\Lib\\locale.py'>'
2025-03-08 15:44:21,225 - app.utils.i18n - WARNING - Using default value for key 'settings.excel_format_tooltip': Export results in Excel format
2025-03-08 15:44:21,225 - app.utils.i18n - WARNING - Missing translation for key 'settings.analysis_settings' in locale '<module 'locale' from 'C:\\Users\\ETPau\\AppData\\Local\\Programs\\Python\\Python311\\Lib\\locale.py'>'
2025-03-08 15:44:21,225 - app.utils.i18n - WARNING - Using default value for key 'settings.analysis_settings': Analysis Settings
2025-03-08 15:44:21,226 - app.utils.i18n - WARNING - Missing translation for key 'settings.default_iterations' in locale '<module 'locale' from 'C:\\Users\\ETPau\\AppData\\Local\\Programs\\Python\\Python311\\Lib\\locale.py'>'
2025-03-08 15:44:21,226 - app.utils.i18n - WARNING - Using default value for key 'settings.default_iterations': Default Iterations:
2025-03-08 15:44:21,227 - app.utils.i18n - WARNING - Missing translation for key 'settings.iterations_tooltip' in locale '<module 'locale' from 'C:\\Users\\ETPau\\AppData\\Local\\Programs\\Python\\Python311\\Lib\\locale.py'>'
2025-03-08 15:44:21,227 - app.utils.i18n - WARNING - Using default value for key 'settings.iterations_tooltip': Number of iterations for analysis
2025-03-08 15:44:21,230 - app.utils.i18n - WARNING - Missing translation for key 'settings.start_maximized_tooltip' in locale '<module 'locale' from 'C:\\Users\\ETPau\\AppData\\Local\\Programs\\Python\\Python311\\Lib\\locale.py'>'
2025-03-08 15:44:21,230 - app.utils.i18n - WARNING - Using default value for key 'settings.start_maximized_tooltip': Start application in maximized state
2025-03-08 15:44:21,231 - app.utils.i18n - WARNING - Missing translation for key 'settings.ok_tooltip' in locale '<module 'locale' from 'C:\\Users\\ETPau\\AppData\\Local\\Programs\\Python\\Python311\\Lib\\locale.py'>'
2025-03-08 15:44:21,231 - app.utils.i18n - WARNING - Using default value for key 'settings.ok_tooltip': Save changes and close
2025-03-08 15:44:21,232 - app.utils.i18n - WARNING - Missing translation for key 'settings.cancel_tooltip' in locale '<module 'locale' from 'C:\\Users\\ETPau\\AppData\\Local\\Programs\\Python\\Python311\\Lib\\locale.py'>'
2025-03-08 15:44:21,232 - app.utils.i18n - WARNING - Using default value for key 'settings.cancel_tooltip': Discard changes and close
2025-03-08 15:44:21,235 - app.gui.settings_dialog - INFO - SettingsDialog initialization complete
2025-03-08 15:44:23,440 - app.utils.config - INFO - Configuration saved successfully
2025-03-08 15:44:23,440 - app.utils.config - INFO - Configuration updated: default_path = C:\Users\ETPau/Desktop/MicroAI_Detect
2025-03-08 15:44:23,442 - app.utils.config - INFO - Configuration saved successfully
2025-03-08 15:44:23,443 - app.utils.config - INFO - Configuration updated: export_formats = ['json', 'csv', 'xlsx']
2025-03-08 15:44:23,445 - app.utils.config - INFO - Configuration saved successfully
2025-03-08 15:44:23,445 - app.utils.config - INFO - Configuration updated: analysis_iterations = 100
2025-03-08 15:44:23,447 - app.utils.config - INFO - Configuration saved successfully
2025-03-08 15:44:23,447 - app.utils.config - INFO - Configuration updated: window.maximized = False
2025-03-08 15:44:23,448 - app.utils.config - INFO - Configuration saved successfully
2025-03-08 15:44:23,450 - app.utils.config - INFO - Configuration updated: language = zh_CN
2025-03-08 15:44:23,451 - app.utils.config - INFO - Configuration saved successfully
2025-03-08 15:44:23,467 - app.utils.config - INFO - Configuration saved successfully
2025-03-08 15:45:40,151 - __main__ - INFO - Logging initialized
2025-03-08 15:45:40,187 - __main__ - INFO - Application started: MicroAI-Colony 1.0.0
2025-03-08 15:45:40,187 - __main__ - INFO - Platform: win32, Python: 3.11.0 (main, Oct 24 2022, 18:26:48) [MSC v.1933 64 bit (AMD64)]
2025-03-08 15:45:40,187 - __main__ - INFO - Using font: Microsoft YaHei UI
2025-03-08 15:45:40,188 - app.utils.path_manager - INFO - Application directories created successfully
2025-03-08 15:45:40,188 - __main__ - INFO - Application directories created
2025-03-08 15:45:40,189 - app.utils.config - INFO - Configuration loaded successfully
2025-03-08 15:45:40,189 - app.utils.config - INFO - Configuration loaded successfully
2025-03-08 15:45:40,189 - __main__ - INFO - Configuration initialized
2025-03-08 15:45:40,189 - app.utils.i18n - INFO - Loading translations
2025-03-08 15:45:40,191 - app.utils.i18n - INFO - Loaded 111 translations for en
2025-03-08 15:45:40,192 - app.utils.i18n - INFO - Loaded 111 translations for zh_CN
2025-03-08 15:45:40,192 - app.utils.i18n - INFO - Total loaded translations: 222
2025-03-08 15:45:40,192 - app.utils.i18n - INFO - Available locales: ['en', 'zh_CN']
2025-03-08 15:45:40,192 - app.utils.i18n - INFO - Using configured locale: zh_CN
2025-03-08 15:45:40,192 - app.utils.i18n - INFO - === Translation Status ===
2025-03-08 15:45:40,192 - app.utils.i18n - INFO - Current locale: zh_CN
2025-03-08 15:45:40,192 - app.utils.i18n - INFO - Available locales: ['en', 'zh_CN']
2025-03-08 15:45:40,192 - app.utils.i18n - INFO - Initialized: True
2025-03-08 15:45:40,192 - app.utils.i18n - INFO - Loaded strings for current locale: 111
2025-03-08 15:45:40,194 - app.utils.i18n - INFO - =====================
2025-03-08 15:45:40,194 - app.utils.i18n - INFO - Translations initialized successfully
2025-03-08 15:45:40,195 - __main__ - INFO - Installed Qt translation for zh_CN
2025-03-08 15:45:40,195 - __main__ - INFO - Translations initialized. Current locale: zh_CN
2025-03-08 15:45:40,195 - __main__ - INFO - Theme applied successfully
2025-03-08 15:45:40,196 - __main__ - INFO - Creating main window...
2025-03-08 15:45:40,196 - app.gui.main_window - INFO - Initializing MainWindow
2025-03-08 15:45:40,197 - app.gui.image_list_widget - INFO - Initializing ImageBrowser
2025-03-08 15:45:40,199 - app.gui.image_list_widget - INFO - Preview label initialized
2025-03-08 15:45:40,199 - app.gui.image_list_widget - INFO - btn_import created
2025-03-08 15:45:40,200 - app.gui.image_list_widget - INFO - btn_remove created
2025-03-08 15:45:40,200 - app.gui.image_list_widget - INFO - btn_clear created
2025-03-08 15:45:40,200 - app.gui.image_list_widget - INFO - Buttons created
2025-03-08 15:45:40,200 - app.gui.image_list_widget - INFO - Setting up ImageBrowser UI
2025-03-08 15:45:40,201 - app.gui.image_list_widget - INFO - QHBoxLayout created
2025-03-08 15:45:40,201 - app.gui.image_list_widget - INFO - Button group created
2025-03-08 15:45:40,201 - app.gui.image_list_widget - INFO - List group created
2025-03-08 15:45:40,201 - app.gui.image_list_widget - INFO - QVBoxLayout created
2025-03-08 15:45:40,201 - app.gui.image_list_widget - INFO - Groups added to left panel
2025-03-08 15:45:40,202 - app.gui.image_list_widget - INFO - Left panel added to layout
2025-03-08 15:45:40,202 - app.gui.image_list_widget - INFO - Preview group added to layout
2025-03-08 15:45:40,202 - app.gui.image_list_widget - INFO - Layout set
2025-03-08 15:45:40,203 - app.gui.image_list_widget - INFO - Button states updated
2025-03-08 15:45:40,203 - app.gui.image_list_widget - INFO - UI setup complete
2025-03-08 15:45:40,203 - app.gui.image_list_widget - INFO - Signals connected
2025-03-08 15:45:40,203 - app.gui.image_list_widget - INFO - ImageBrowser initialization complete
2025-03-08 15:45:40,211 - app.gui.result_visualizer - INFO - Initializing ResultVisualizer
2025-03-08 15:45:40,213 - app.gui.result_visualizer - INFO - ResultVisualizer initialization complete
2025-03-08 15:45:40,245 - app.gui.settings_dialog - INFO - Initializing SettingsDialog
2025-03-08 15:45:40,252 - app.gui.settings_dialog - INFO - SettingsDialog initialization complete
2025-03-08 15:45:40,252 - app.gui.main_window - INFO - MainWindow initialization complete
2025-03-08 15:45:40,253 - app.gui.settings_dialog - INFO - Initializing SettingsDialog
2025-03-08 15:45:40,257 - app.gui.settings_dialog - INFO - SettingsDialog initialization complete
2025-03-08 15:45:40,455 - __main__ - INFO - Main window initialized and shown
2025-03-08 15:46:04,067 - app.gui.settings_dialog - INFO - Initializing SettingsDialog
2025-03-08 15:46:04,077 - app.gui.settings_dialog - INFO - SettingsDialog initialization complete
2025-03-08 15:46:06,468 - app.utils.config - INFO - Configuration saved successfully
2025-03-08 15:46:06,468 - app.utils.config - INFO - Configuration updated: default_path = C:\Users\ETPau/Desktop/MicroAI_Detect
2025-03-08 15:46:06,470 - app.utils.config - INFO - Configuration saved successfully
2025-03-08 15:46:06,470 - app.utils.config - INFO - Configuration updated: export_formats = ['json', 'csv', 'xlsx']
2025-03-08 15:46:06,474 - app.utils.config - INFO - Configuration saved successfully
2025-03-08 15:46:06,474 - app.utils.config - INFO - Configuration updated: analysis_iterations = 100
2025-03-08 15:46:06,476 - app.utils.config - INFO - Configuration saved successfully
2025-03-08 15:46:06,477 - app.utils.config - INFO - Configuration updated: window.maximized = False
2025-03-08 15:46:06,480 - app.utils.config - INFO - Configuration saved successfully
2025-03-08 15:46:06,481 - app.utils.config - INFO - Configuration updated: language = zh_CN
2025-03-08 15:46:06,483 - app.utils.config - INFO - Configuration saved successfully
2025-03-08 15:46:06,499 - app.utils.config - INFO - Configuration saved successfully
2025-03-08 15:46:08,295 - app.gui.settings_dialog - INFO - Initializing SettingsDialog
2025-03-08 15:46:08,302 - app.gui.settings_dialog - INFO - SettingsDialog initialization complete
2025-03-08 15:46:10,319 - app.utils.config - INFO - Configuration saved successfully
2025-03-08 15:46:10,319 - app.utils.config - INFO - Configuration updated: default_path = C:\Users\ETPau/Desktop/MicroAI_Detect
2025-03-08 15:46:10,321 - app.utils.config - INFO - Configuration saved successfully
2025-03-08 15:46:10,321 - app.utils.config - INFO - Configuration updated: export_formats = ['json', 'csv', 'xlsx']
2025-03-08 15:46:10,322 - app.utils.config - INFO - Configuration saved successfully
2025-03-08 15:46:10,322 - app.utils.config - INFO - Configuration updated: analysis_iterations = 100
2025-03-08 15:46:10,325 - app.utils.config - INFO - Configuration saved successfully
2025-03-08 15:46:10,325 - app.utils.config - INFO - Configuration updated: window.maximized = False
2025-03-08 15:46:10,326 - app.utils.config - INFO - Configuration saved successfully
2025-03-08 15:46:10,326 - app.utils.config - INFO - Configuration updated: language = en
2025-03-08 15:46:10,328 - app.utils.config - INFO - Configuration saved successfully
2025-03-08 15:46:10,342 - app.utils.config - INFO - Configuration saved successfully
2025-03-08 15:46:12,013 - app.utils.i18n - INFO - Set locale to en
2025-03-08 15:46:12,475 - app.utils.i18n - INFO - Set locale to zh_CN
2025-03-08 15:46:12,852 - app.utils.i18n - INFO - Set locale to en
2025-03-08 15:46:13,238 - app.utils.i18n - INFO - Set locale to zh_CN
2025-03-08 15:46:14,133 - app.utils.i18n - INFO - Set locale to en
2025-03-08 15:46:14,583 - app.utils.i18n - INFO - Set locale to zh_CN
2025-03-08 15:46:15,058 - app.utils.i18n - INFO - Set locale to en
2025-03-08 15:46:15,740 - app.utils.i18n - INFO - Set locale to zh_CN
2025-03-08 15:46:18,226 - app.utils.i18n - INFO - Set locale to en
2025-03-08 15:46:18,819 - app.utils.i18n - INFO - Set locale to zh_CN
2025-03-08 15:46:19,233 - app.utils.i18n - INFO - Set locale to en
2025-03-08 15:46:19,682 - app.utils.i18n - INFO - Set locale to zh_CN
2025-03-08 15:46:20,104 - app.utils.i18n - INFO - Set locale to en
2025-03-08 15:46:20,497 - app.utils.i18n - INFO - Set locale to zh_CN
2025-03-08 15:52:09,412 - __main__ - INFO - Logging initialized
2025-03-08 15:52:09,447 - __main__ - INFO - Application started: MicroAI-Colony 1.0.0
2025-03-08 15:52:09,449 - __main__ - INFO - Platform: win32, Python: 3.11.0 (main, Oct 24 2022, 18:26:48) [MSC v.1933 64 bit (AMD64)]
2025-03-08 15:52:09,449 - __main__ - INFO - Using font: Microsoft YaHei UI
2025-03-08 15:52:09,450 - app.utils.path_manager - INFO - Application directories created successfully
2025-03-08 15:52:09,450 - __main__ - INFO - Application directories created
2025-03-08 15:52:09,451 - app.utils.config - INFO - Configuration loaded successfully
2025-03-08 15:52:09,452 - app.utils.config - INFO - Configuration loaded successfully
2025-03-08 15:52:09,452 - __main__ - INFO - Configuration initialized
2025-03-08 15:52:09,452 - app.utils.i18n - INFO - Loading translations
2025-03-08 15:52:09,453 - app.utils.i18n - INFO - Loaded 111 translations for en
2025-03-08 15:52:09,454 - app.utils.i18n - INFO - Loaded 111 translations for zh_CN
2025-03-08 15:52:09,454 - app.utils.i18n - INFO - Total loaded translations: 222
2025-03-08 15:52:09,454 - app.utils.i18n - INFO - Available locales: ['en', 'zh_CN']
2025-03-08 15:52:09,454 - app.utils.i18n - INFO - Using configured locale: en
2025-03-08 15:52:09,454 - app.utils.i18n - INFO - === Translation Status ===
2025-03-08 15:52:09,455 - app.utils.i18n - INFO - Current locale: en
2025-03-08 15:52:09,455 - app.utils.i18n - INFO - Available locales: ['en', 'zh_CN']
2025-03-08 15:52:09,455 - app.utils.i18n - INFO - Initialized: True
2025-03-08 15:52:09,455 - app.utils.i18n - INFO - Loaded strings for current locale: 111
2025-03-08 15:52:09,455 - app.utils.i18n - INFO - =====================
2025-03-08 15:52:09,455 - app.utils.i18n - INFO - Translations initialized successfully
2025-03-08 15:52:09,456 - __main__ - INFO - Installed Qt translation for en
2025-03-08 15:52:09,456 - __main__ - INFO - Translations initialized. Current locale: en
2025-03-08 15:52:09,457 - __main__ - INFO - Theme applied successfully
2025-03-08 15:52:09,457 - __main__ - INFO - Creating main window...
2025-03-08 15:52:09,459 - app.gui.main_window - INFO - Initializing MainWindow
2025-03-08 15:52:09,460 - app.gui.image_list_widget - INFO - Initializing ImageBrowser
2025-03-08 15:52:09,460 - app.gui.image_list_widget - INFO - Preview label initialized
2025-03-08 15:52:09,460 - app.gui.image_list_widget - INFO - btn_import created
2025-03-08 15:52:09,462 - app.gui.image_list_widget - INFO - btn_remove created
2025-03-08 15:52:09,462 - app.gui.image_list_widget - INFO - btn_clear created
2025-03-08 15:52:09,462 - app.gui.image_list_widget - INFO - Buttons created
2025-03-08 15:52:09,462 - app.gui.image_list_widget - INFO - Setting up ImageBrowser UI
2025-03-08 15:52:09,463 - app.gui.image_list_widget - INFO - QHBoxLayout created
2025-03-08 15:52:09,463 - app.gui.image_list_widget - INFO - Button group created
2025-03-08 15:52:09,464 - app.gui.image_list_widget - INFO - List group created
2025-03-08 15:52:09,465 - app.gui.image_list_widget - INFO - QVBoxLayout created
2025-03-08 15:52:09,465 - app.gui.image_list_widget - INFO - Groups added to left panel
2025-03-08 15:52:09,465 - app.gui.image_list_widget - INFO - Left panel added to layout
2025-03-08 15:52:09,466 - app.gui.image_list_widget - INFO - Preview group added to layout
2025-03-08 15:52:09,466 - app.gui.image_list_widget - INFO - Layout set
2025-03-08 15:52:09,466 - app.gui.image_list_widget - INFO - Button states updated
2025-03-08 15:52:09,466 - app.gui.image_list_widget - INFO - UI setup complete
2025-03-08 15:52:09,467 - app.gui.image_list_widget - INFO - Signals connected
2025-03-08 15:52:09,467 - app.gui.image_list_widget - INFO - ImageBrowser initialization complete
2025-03-08 15:52:09,477 - app.gui.result_visualizer - INFO - Initializing ResultVisualizer
2025-03-08 15:52:09,478 - app.gui.result_visualizer - INFO - ResultVisualizer initialization complete
2025-03-08 15:52:09,516 - app.gui.settings_dialog - INFO - Initializing SettingsDialog
2025-03-08 15:52:09,524 - app.gui.settings_dialog - INFO - SettingsDialog initialization complete
2025-03-08 15:52:09,525 - app.gui.main_window - INFO - MainWindow initialization complete
2025-03-08 15:52:09,525 - app.gui.settings_dialog - INFO - Initializing SettingsDialog
2025-03-08 15:52:09,532 - app.gui.settings_dialog - INFO - SettingsDialog initialization complete
2025-03-08 15:52:09,780 - __main__ - INFO - Main window initialized and shown
2025-03-08 15:52:14,130 - app.utils.i18n - INFO - Set locale to zh_CN
2025-03-08 15:52:15,304 - app.utils.i18n - INFO - Set locale to en
2025-03-08 15:52:15,592 - app.utils.i18n - INFO - Set locale to zh_CN
2025-03-08 15:52:16,456 - app.utils.i18n - INFO - Set locale to en
2025-03-08 15:52:18,762 - app.gui.settings_dialog - INFO - Initializing SettingsDialog
2025-03-08 15:52:18,768 - app.gui.settings_dialog - INFO - SettingsDialog initialization complete
2025-03-08 15:52:22,320 - app.utils.config - INFO - Configuration saved successfully
2025-03-08 15:52:22,320 - app.utils.config - INFO - Configuration updated: default_path = C:\Users\ETPau/Desktop/MicroAI_Detect
2025-03-08 15:52:22,321 - app.utils.config - INFO - Configuration saved successfully
2025-03-08 15:52:22,321 - app.utils.config - INFO - Configuration updated: export_formats = ['json', 'csv', 'xlsx']
2025-03-08 15:52:22,324 - app.utils.config - INFO - Configuration saved successfully
2025-03-08 15:52:22,324 - app.utils.config - INFO - Configuration updated: analysis_iterations = 100
2025-03-08 15:52:22,325 - app.utils.config - INFO - Configuration saved successfully
2025-03-08 15:52:22,325 - app.utils.config - INFO - Configuration updated: window.maximized = False
2025-03-08 15:52:22,327 - app.utils.config - INFO - Configuration saved successfully
2025-03-08 15:52:22,327 - app.utils.config - INFO - Configuration updated: language = en
2025-03-08 15:52:22,328 - app.utils.config - INFO - Configuration saved successfully
2025-03-08 15:52:22,342 - app.utils.config - INFO - Configuration saved successfully
2025-03-08 15:52:24,224 - app.gui.settings_dialog - INFO - Initializing SettingsDialog
2025-03-08 15:52:24,229 - app.gui.settings_dialog - INFO - SettingsDialog initialization complete
2025-03-08 15:52:26,991 - app.utils.config - INFO - Configuration saved successfully
2025-03-08 15:52:26,991 - app.utils.config - INFO - Configuration updated: default_path = C:\Users\ETPau/Desktop/MicroAI_Detect
2025-03-08 15:52:26,992 - app.utils.config - INFO - Configuration saved successfully
2025-03-08 15:52:26,993 - app.utils.config - INFO - Configuration updated: export_formats = ['json', 'csv', 'xlsx']
2025-03-08 15:52:26,994 - app.utils.config - INFO - Configuration saved successfully
2025-03-08 15:52:26,994 - app.utils.config - INFO - Configuration updated: analysis_iterations = 100
2025-03-08 15:52:26,995 - app.utils.config - INFO - Configuration saved successfully
2025-03-08 15:52:26,995 - app.utils.config - INFO - Configuration updated: window.maximized = False
2025-03-08 15:52:26,997 - app.utils.config - INFO - Configuration saved successfully
2025-03-08 15:52:26,997 - app.utils.config - INFO - Configuration updated: language = en
2025-03-08 15:52:26,998 - app.utils.config - INFO - Configuration saved successfully
2025-03-08 15:52:27,014 - app.utils.config - INFO - Configuration saved successfully
2025-03-08 15:54:38,181 - __main__ - INFO - Logging initialized
2025-03-08 15:54:38,237 - __main__ - INFO - Application started: MicroAI-Colony 1.0.0
2025-03-08 15:54:38,237 - __main__ - INFO - Platform: win32, Python: 3.11.0 (main, Oct 24 2022, 18:26:48) [MSC v.1933 64 bit (AMD64)]
2025-03-08 15:54:38,237 - __main__ - INFO - Using font: Microsoft YaHei UI
2025-03-08 15:54:38,238 - app.utils.path_manager - INFO - Application directories created successfully
2025-03-08 15:54:38,239 - __main__ - INFO - Application directories created
2025-03-08 15:54:38,239 - app.utils.config - INFO - Configuration loaded successfully
2025-03-08 15:54:38,240 - app.utils.config - INFO - Configuration loaded successfully
2025-03-08 15:54:38,241 - __main__ - INFO - Configuration initialized
2025-03-08 15:54:38,241 - app.utils.i18n - INFO - Loading translations
2025-03-08 15:54:38,242 - app.utils.i18n - INFO - Loaded 111 translations for en
2025-03-08 15:54:38,243 - app.utils.i18n - INFO - Loaded 111 translations for zh_CN
2025-03-08 15:54:38,243 - app.utils.i18n - INFO - Total loaded translations: 222
2025-03-08 15:54:38,243 - app.utils.i18n - INFO - Available locales: ['en', 'zh_CN']
2025-03-08 15:54:38,244 - app.utils.i18n - INFO - Using configured locale: en
2025-03-08 15:54:38,244 - app.utils.i18n - INFO - === Translation Status ===
2025-03-08 15:54:38,244 - app.utils.i18n - INFO - Current locale: en
2025-03-08 15:54:38,244 - app.utils.i18n - INFO - Available locales: ['en', 'zh_CN']
2025-03-08 15:54:38,244 - app.utils.i18n - INFO - Initialized: True
2025-03-08 15:54:38,246 - app.utils.i18n - INFO - Loaded strings for current locale: 111
2025-03-08 15:54:38,246 - app.utils.i18n - INFO - =====================
2025-03-08 15:54:38,247 - app.utils.i18n - INFO - Translations initialized successfully
2025-03-08 15:54:38,248 - __main__ - INFO - Installed Qt translation for en
2025-03-08 15:54:38,248 - __main__ - INFO - Translations initialized. Current locale: en
2025-03-08 15:54:38,249 - __main__ - INFO - Theme applied successfully
2025-03-08 15:54:38,249 - __main__ - INFO - Creating main window...
2025-03-08 15:54:38,251 - app.gui.main_window - INFO - Initializing MainWindow
2025-03-08 15:54:38,252 - app.gui.image_list_widget - INFO - Initializing ImageBrowser
2025-03-08 15:54:38,253 - app.gui.image_list_widget - INFO - Preview label initialized
2025-03-08 15:54:38,255 - app.gui.image_list_widget - INFO - btn_import created
2025-03-08 15:54:38,256 - app.gui.image_list_widget - INFO - btn_remove created
2025-03-08 15:54:38,256 - app.gui.image_list_widget - INFO - btn_clear created
2025-03-08 15:54:38,256 - app.gui.image_list_widget - INFO - Buttons created
2025-03-08 15:54:38,256 - app.gui.image_list_widget - INFO - Setting up ImageBrowser UI
2025-03-08 15:54:38,256 - app.gui.image_list_widget - INFO - QHBoxLayout created
2025-03-08 15:54:38,258 - app.gui.image_list_widget - INFO - Button group created
2025-03-08 15:54:38,259 - app.gui.image_list_widget - INFO - List group created
2025-03-08 15:54:38,260 - app.gui.image_list_widget - INFO - QVBoxLayout created
2025-03-08 15:54:38,260 - app.gui.image_list_widget - INFO - Groups added to left panel
2025-03-08 15:54:38,261 - app.gui.image_list_widget - INFO - Left panel added to layout
2025-03-08 15:54:38,261 - app.gui.image_list_widget - INFO - Preview group added to layout
2025-03-08 15:54:38,262 - app.gui.image_list_widget - INFO - Layout set
2025-03-08 15:54:38,262 - app.gui.image_list_widget - INFO - Button states updated
2025-03-08 15:54:38,262 - app.gui.image_list_widget - INFO - UI setup complete
2025-03-08 15:54:38,263 - app.gui.image_list_widget - INFO - Signals connected
2025-03-08 15:54:38,263 - app.gui.image_list_widget - INFO - ImageBrowser initialization complete
2025-03-08 15:54:38,278 - app.gui.result_visualizer - INFO - Initializing ResultVisualizer
2025-03-08 15:54:38,281 - app.gui.result_visualizer - INFO - ResultVisualizer initialization complete
2025-03-08 15:54:38,332 - app.gui.main_window - INFO - MainWindow initialization complete
2025-03-08 15:54:38,332 - app.gui.settings_dialog - INFO - Initializing SettingsDialog
2025-03-08 15:54:38,336 - app.gui.settings_dialog - INFO - SettingsDialog initialization complete
2025-03-08 15:54:38,337 - __main__ - ERROR - Failed to initialize main window: 'SettingsDialog' object has no attribute 'language_changed'
Traceback (most recent call last):
  File "C:\Users\ETPau\Documents\GitHub\CNN-\app\main.py", line 176, in main
    window.settings_dialog.language_changed.connect(on_language_changed)
    ^^^^^^^^^^^^^^^^^^^^^^^^^^^^^^^^^^^^^^^
AttributeError: 'SettingsDialog' object has no attribute 'language_changed'
2025-03-08 15:58:32,787 - __main__ - INFO - Logging initialized
2025-03-08 15:58:32,825 - __main__ - INFO - Application started: MicroAI-Colony 1.0.0
2025-03-08 15:58:32,825 - __main__ - INFO - Platform: win32, Python: 3.11.0 (main, Oct 24 2022, 18:26:48) [MSC v.1933 64 bit (AMD64)]
2025-03-08 15:58:32,825 - __main__ - INFO - Using font: Microsoft YaHei UI
2025-03-08 15:58:32,827 - app.utils.path_manager - INFO - Application directories created successfully
2025-03-08 15:58:32,827 - __main__ - INFO - Application directories created
2025-03-08 15:58:32,828 - app.utils.config - INFO - Configuration loaded successfully
2025-03-08 15:58:32,829 - app.utils.config - INFO - Configuration loaded successfully
2025-03-08 15:58:32,829 - __main__ - INFO - Configuration initialized
2025-03-08 15:58:32,829 - app.utils.i18n - INFO - Loading translations
2025-03-08 15:58:32,830 - app.utils.i18n - INFO - Loaded 111 translations for en
2025-03-08 15:58:32,832 - app.utils.i18n - INFO - Loaded 111 translations for zh_CN
2025-03-08 15:58:32,832 - app.utils.i18n - INFO - Total loaded translations: 222
2025-03-08 15:58:32,832 - app.utils.i18n - INFO - Available locales: ['en', 'zh_CN']
2025-03-08 15:58:32,832 - app.utils.i18n - INFO - Using configured locale: en
2025-03-08 15:58:32,833 - app.utils.i18n - INFO - === Translation Status ===
2025-03-08 15:58:32,833 - app.utils.i18n - INFO - Current locale: en
2025-03-08 15:58:32,833 - app.utils.i18n - INFO - Available locales: ['en', 'zh_CN']
2025-03-08 15:58:32,833 - app.utils.i18n - INFO - Initialized: True
2025-03-08 15:58:32,834 - app.utils.i18n - INFO - Loaded strings for current locale: 111
2025-03-08 15:58:32,834 - app.utils.i18n - INFO - =====================
2025-03-08 15:58:32,834 - app.utils.i18n - INFO - Translations initialized successfully
2025-03-08 15:58:32,835 - __main__ - INFO - Installed Qt translation for en
2025-03-08 15:58:32,836 - __main__ - INFO - Translations initialized. Current locale: en
2025-03-08 15:58:32,837 - __main__ - INFO - Theme applied successfully
2025-03-08 15:58:32,837 - __main__ - INFO - Creating main window...
2025-03-08 15:58:32,838 - app.gui.main_window - INFO - Initializing MainWindow
2025-03-08 15:58:32,839 - app.gui.image_list_widget - INFO - Initializing ImageBrowser
2025-03-08 15:58:32,840 - app.gui.image_list_widget - INFO - Preview label initialized
2025-03-08 15:58:32,842 - app.gui.image_list_widget - INFO - btn_import created
2025-03-08 15:58:32,842 - app.gui.image_list_widget - INFO - btn_remove created
2025-03-08 15:58:32,843 - app.gui.image_list_widget - INFO - btn_clear created
2025-03-08 15:58:32,843 - app.gui.image_list_widget - INFO - Buttons created
2025-03-08 15:58:32,843 - app.gui.image_list_widget - INFO - Setting up ImageBrowser UI
2025-03-08 15:58:32,843 - app.gui.image_list_widget - INFO - QHBoxLayout created
2025-03-08 15:58:32,845 - app.gui.image_list_widget - INFO - Button group created
2025-03-08 15:58:32,846 - app.gui.image_list_widget - INFO - List group created
2025-03-08 15:58:32,847 - app.gui.image_list_widget - INFO - QVBoxLayout created
2025-03-08 15:58:32,847 - app.gui.image_list_widget - INFO - Groups added to left panel
2025-03-08 15:58:32,847 - app.gui.image_list_widget - INFO - Left panel added to layout
2025-03-08 15:58:32,848 - app.gui.image_list_widget - INFO - Preview group added to layout
2025-03-08 15:58:32,849 - app.gui.image_list_widget - INFO - Layout set
2025-03-08 15:58:32,850 - app.gui.image_list_widget - INFO - Button states updated
2025-03-08 15:58:32,850 - app.gui.image_list_widget - INFO - UI setup complete
2025-03-08 15:58:32,851 - app.gui.image_list_widget - INFO - Signals connected
2025-03-08 15:58:32,851 - app.gui.image_list_widget - INFO - ImageBrowser initialization complete
2025-03-08 15:58:32,865 - app.gui.result_visualizer - INFO - Initializing ResultVisualizer
2025-03-08 15:58:32,869 - app.gui.result_visualizer - INFO - ResultVisualizer initialization complete
2025-03-08 15:58:32,930 - __main__ - ERROR - Failed to initialize main window: 'NoneType' object has no attribute 'retranslateUi'
Traceback (most recent call last):
  File "C:\Users\ETPau\Documents\GitHub\CNN-\app\main.py", line 142, in main
    window = MainWindow()
             ^^^^^^^^^^^^
  File "C:\Users\ETPau\Documents\GitHub\CNN-\app\gui\main_window.py", line 94, in __init__
    self.retranslateUi()
  File "C:\Users\ETPau\Documents\GitHub\CNN-\app\gui\main_window.py", line 115, in retranslateUi
    self.settings_dialog.retranslateUi()
    ^^^^^^^^^^^^^^^^^^^^^^^^^^^^^^^^^^
AttributeError: 'NoneType' object has no attribute 'retranslateUi'
2025-03-08 16:01:15,838 - __main__ - INFO - Logging initialized
2025-03-08 16:01:15,892 - __main__ - INFO - Application started: MicroAI-Colony 1.0.0
2025-03-08 16:01:15,893 - __main__ - INFO - Platform: win32, Python: 3.11.0 (main, Oct 24 2022, 18:26:48) [MSC v.1933 64 bit (AMD64)]
2025-03-08 16:01:15,893 - __main__ - INFO - Using font: Microsoft YaHei UI
2025-03-08 16:01:15,894 - app.utils.path_manager - INFO - Application directories created successfully
2025-03-08 16:01:15,894 - __main__ - INFO - Application directories created
2025-03-08 16:01:15,895 - app.utils.config - INFO - Configuration loaded successfully
2025-03-08 16:01:15,895 - app.utils.config - INFO - Configuration loaded successfully
2025-03-08 16:01:15,895 - __main__ - INFO - Configuration initialized
2025-03-08 16:01:15,895 - app.utils.i18n - INFO - Loading translations
2025-03-08 16:01:15,896 - app.utils.i18n - INFO - Loaded 111 translations for en
2025-03-08 16:01:15,897 - app.utils.i18n - INFO - Loaded 111 translations for zh_CN
2025-03-08 16:01:15,897 - app.utils.i18n - INFO - Total loaded translations: 222
2025-03-08 16:01:15,897 - app.utils.i18n - INFO - Available locales: ['en', 'zh_CN']
2025-03-08 16:01:15,897 - app.utils.i18n - INFO - Using configured locale: en
2025-03-08 16:01:15,898 - app.utils.i18n - INFO - === Translation Status ===
2025-03-08 16:01:15,898 - app.utils.i18n - INFO - Current locale: en
2025-03-08 16:01:15,898 - app.utils.i18n - INFO - Available locales: ['en', 'zh_CN']
2025-03-08 16:01:15,898 - app.utils.i18n - INFO - Initialized: True
2025-03-08 16:01:15,898 - app.utils.i18n - INFO - Loaded strings for current locale: 111
2025-03-08 16:01:15,898 - app.utils.i18n - INFO - =====================
2025-03-08 16:01:15,898 - app.utils.i18n - INFO - Translations initialized successfully
2025-03-08 16:01:15,899 - __main__ - INFO - Installed Qt translation for en
2025-03-08 16:01:15,899 - __main__ - INFO - Translations initialized. Current locale: en
2025-03-08 16:01:15,900 - __main__ - INFO - Theme applied successfully
2025-03-08 16:01:15,900 - __main__ - INFO - Creating main window...
2025-03-08 16:01:15,902 - app.gui.main_window - INFO - Initializing MainWindow
2025-03-08 16:01:15,903 - app.gui.image_list_widget - INFO - Initializing ImageBrowser
2025-03-08 16:01:15,903 - app.gui.image_list_widget - INFO - Preview label initialized
2025-03-08 16:01:15,904 - app.gui.image_list_widget - INFO - btn_import created
2025-03-08 16:01:15,904 - app.gui.image_list_widget - INFO - btn_remove created
2025-03-08 16:01:15,904 - app.gui.image_list_widget - INFO - btn_clear created
2025-03-08 16:01:15,905 - app.gui.image_list_widget - INFO - Buttons created
2025-03-08 16:01:15,905 - app.gui.image_list_widget - INFO - Setting up ImageBrowser UI
2025-03-08 16:01:15,905 - app.gui.image_list_widget - INFO - QHBoxLayout created
2025-03-08 16:01:15,905 - app.gui.image_list_widget - INFO - Button group created
2025-03-08 16:01:15,906 - app.gui.image_list_widget - INFO - List group created
2025-03-08 16:01:15,909 - app.gui.image_list_widget - INFO - QVBoxLayout created
2025-03-08 16:01:15,909 - app.gui.image_list_widget - INFO - Groups added to left panel
2025-03-08 16:01:15,909 - app.gui.image_list_widget - INFO - Left panel added to layout
2025-03-08 16:01:15,909 - app.gui.image_list_widget - INFO - Preview group added to layout
2025-03-08 16:01:15,910 - app.gui.image_list_widget - INFO - Layout set
2025-03-08 16:01:15,910 - app.gui.image_list_widget - INFO - Button states updated
2025-03-08 16:01:15,910 - app.gui.image_list_widget - INFO - UI setup complete
2025-03-08 16:01:15,910 - app.gui.image_list_widget - INFO - Signals connected
2025-03-08 16:01:15,910 - app.gui.image_list_widget - INFO - ImageBrowser initialization complete
2025-03-08 16:01:15,919 - app.gui.result_visualizer - INFO - Initializing ResultVisualizer
2025-03-08 16:01:15,921 - app.gui.result_visualizer - INFO - ResultVisualizer initialization complete
2025-03-08 16:01:15,952 - __main__ - ERROR - Failed to initialize main window: 'NoneType' object has no attribute 'retranslateUi'
Traceback (most recent call last):
  File "C:\Users\ETPau\Documents\GitHub\CNN-\app\main.py", line 142, in main
    window = MainWindow()
             ^^^^^^^^^^^^
  File "C:\Users\ETPau\Documents\GitHub\CNN-\app\gui\main_window.py", line 94, in __init__
    self.retranslateUi()
  File "C:\Users\ETPau\Documents\GitHub\CNN-\app\gui\main_window.py", line 114, in retranslateUi
    self.settings_dialog.retranslateUi()
    ^^^^^^^^^^^^^^^^^^^^^^^^^^^^^^^^^^
AttributeError: 'NoneType' object has no attribute 'retranslateUi'
2025-03-08 16:03:50,227 - __main__ - INFO - Logging initialized
2025-03-08 16:03:50,277 - __main__ - INFO - Application started: MicroAI-Colony 1.0.0
2025-03-08 16:03:50,277 - __main__ - INFO - Platform: win32, Python: 3.11.0 (main, Oct 24 2022, 18:26:48) [MSC v.1933 64 bit (AMD64)]
2025-03-08 16:03:50,278 - __main__ - INFO - Using font: Microsoft YaHei UI
2025-03-08 16:03:50,279 - app.utils.path_manager - INFO - Application directories created successfully
2025-03-08 16:03:50,279 - __main__ - INFO - Application directories created
2025-03-08 16:03:50,279 - app.utils.config - INFO - Configuration loaded successfully
2025-03-08 16:03:50,280 - app.utils.config - INFO - Configuration loaded successfully
2025-03-08 16:03:50,280 - __main__ - INFO - Configuration initialized
2025-03-08 16:03:50,280 - app.utils.i18n - INFO - Loading translations
2025-03-08 16:03:50,282 - app.utils.i18n - INFO - Loaded 111 translations for en
2025-03-08 16:03:50,282 - app.utils.i18n - INFO - Loaded 111 translations for zh_CN
2025-03-08 16:03:50,282 - app.utils.i18n - INFO - Total loaded translations: 222
2025-03-08 16:03:50,282 - app.utils.i18n - INFO - Available locales: ['en', 'zh_CN']
2025-03-08 16:03:50,282 - app.utils.i18n - INFO - Using configured locale: en
2025-03-08 16:03:50,284 - app.utils.i18n - INFO - === Translation Status ===
2025-03-08 16:03:50,284 - app.utils.i18n - INFO - Current locale: en
2025-03-08 16:03:50,284 - app.utils.i18n - INFO - Available locales: ['en', 'zh_CN']
2025-03-08 16:03:50,284 - app.utils.i18n - INFO - Initialized: True
2025-03-08 16:03:50,284 - app.utils.i18n - INFO - Loaded strings for current locale: 111
2025-03-08 16:03:50,284 - app.utils.i18n - INFO - =====================
2025-03-08 16:03:50,285 - app.utils.i18n - INFO - Translations initialized successfully
2025-03-08 16:03:50,285 - __main__ - INFO - Installed Qt translation for en
2025-03-08 16:03:50,286 - __main__ - INFO - Translations initialized. Current locale: en
2025-03-08 16:03:50,286 - __main__ - INFO - Theme applied successfully
2025-03-08 16:03:50,286 - __main__ - INFO - Creating main window...
2025-03-08 16:03:50,287 - app.gui.main_window - INFO - Initializing MainWindow
2025-03-08 16:03:50,288 - app.gui.image_list_widget - INFO - Initializing ImageBrowser
2025-03-08 16:03:50,289 - app.gui.image_list_widget - INFO - Preview label initialized
2025-03-08 16:03:50,289 - app.gui.image_list_widget - INFO - btn_import created
2025-03-08 16:03:50,289 - app.gui.image_list_widget - INFO - btn_remove created
2025-03-08 16:03:50,290 - app.gui.image_list_widget - INFO - btn_clear created
2025-03-08 16:03:50,290 - app.gui.image_list_widget - INFO - Buttons created
2025-03-08 16:03:50,290 - app.gui.image_list_widget - INFO - Setting up ImageBrowser UI
2025-03-08 16:03:50,290 - app.gui.image_list_widget - INFO - QHBoxLayout created
2025-03-08 16:03:50,292 - app.gui.image_list_widget - INFO - Button group created
2025-03-08 16:03:50,292 - app.gui.image_list_widget - INFO - List group created
2025-03-08 16:03:50,293 - app.gui.image_list_widget - INFO - QVBoxLayout created
2025-03-08 16:03:50,293 - app.gui.image_list_widget - INFO - Groups added to left panel
2025-03-08 16:03:50,293 - app.gui.image_list_widget - INFO - Left panel added to layout
2025-03-08 16:03:50,293 - app.gui.image_list_widget - INFO - Preview group added to layout
2025-03-08 16:03:50,295 - app.gui.image_list_widget - INFO - Layout set
2025-03-08 16:03:50,295 - app.gui.image_list_widget - INFO - Button states updated
2025-03-08 16:03:50,296 - app.gui.image_list_widget - INFO - UI setup complete
2025-03-08 16:03:50,296 - app.gui.image_list_widget - INFO - Signals connected
2025-03-08 16:03:50,296 - app.gui.image_list_widget - INFO - ImageBrowser initialization complete
2025-03-08 16:03:50,306 - app.gui.result_visualizer - INFO - Initializing ResultVisualizer
2025-03-08 16:03:50,308 - app.gui.result_visualizer - INFO - ResultVisualizer initialization complete
2025-03-08 16:03:50,341 - app.gui.main_window - INFO - MainWindow initialization complete
2025-03-08 16:03:50,341 - app.gui.settings_dialog - INFO - Initializing SettingsDialog
2025-03-08 16:03:50,344 - app.gui.settings_dialog - INFO - SettingsDialog initialization complete
2025-03-08 16:03:50,345 - __main__ - ERROR - Failed to initialize main window: 'SettingsDialog' object has no attribute 'language_changed'
Traceback (most recent call last):
  File "C:\Users\ETPau\Documents\GitHub\CNN-\app\main.py", line 176, in main
    window.settings_dialog.language_changed.connect(on_language_changed)
    ^^^^^^^^^^^^^^^^^^^^^^^^^^^^^^^^^^^^^^^
AttributeError: 'SettingsDialog' object has no attribute 'language_changed'
2025-03-08 16:13:18,839 - __main__ - INFO - Logging initialized
2025-03-08 16:13:18,875 - __main__ - INFO - Application started: MicroAI-Colony 1.0.0
2025-03-08 16:13:18,875 - __main__ - INFO - Platform: win32, Python: 3.11.0 (main, Oct 24 2022, 18:26:48) [MSC v.1933 64 bit (AMD64)]
2025-03-08 16:13:18,875 - __main__ - INFO - Using font: Microsoft YaHei UI
2025-03-08 16:13:18,876 - app.utils.path_manager - INFO - Application directories created successfully
2025-03-08 16:13:18,876 - __main__ - INFO - Application directories created
2025-03-08 16:13:18,877 - app.utils.config - INFO - Configuration loaded successfully
2025-03-08 16:13:18,877 - app.utils.config - INFO - Configuration loaded successfully
2025-03-08 16:13:18,877 - __main__ - INFO - Configuration initialized
2025-03-08 16:13:18,877 - app.utils.i18n - INFO - Loading translations
2025-03-08 16:13:18,879 - app.utils.i18n - INFO - Loaded 111 translations for en
2025-03-08 16:13:18,880 - app.utils.i18n - INFO - Loaded 111 translations for zh_CN
2025-03-08 16:13:18,880 - app.utils.i18n - INFO - Total loaded translations: 222
2025-03-08 16:13:18,880 - app.utils.i18n - INFO - Available locales: ['en', 'zh_CN']
2025-03-08 16:13:18,880 - app.utils.i18n - INFO - Using configured locale: en
2025-03-08 16:13:18,880 - app.utils.i18n - INFO - === Translation Status ===
2025-03-08 16:13:18,880 - app.utils.i18n - INFO - Current locale: en
2025-03-08 16:13:18,881 - app.utils.i18n - INFO - Available locales: ['en', 'zh_CN']
2025-03-08 16:13:18,881 - app.utils.i18n - INFO - Initialized: True
2025-03-08 16:13:18,881 - app.utils.i18n - INFO - Loaded strings for current locale: 111
2025-03-08 16:13:18,881 - app.utils.i18n - INFO - =====================
2025-03-08 16:13:18,881 - app.utils.i18n - INFO - Translations initialized successfully
2025-03-08 16:13:18,882 - __main__ - INFO - Installed Qt translation for en
2025-03-08 16:13:18,882 - __main__ - INFO - Translations initialized. Current locale: en
2025-03-08 16:13:18,883 - __main__ - INFO - Theme applied successfully
2025-03-08 16:13:18,883 - __main__ - INFO - Creating main window...
2025-03-08 16:13:18,884 - app.gui.main_window - INFO - Initializing MainWindow
2025-03-08 16:13:18,885 - app.gui.image_list_widget - INFO - Initializing ImageBrowser
2025-03-08 16:13:18,885 - app.gui.image_list_widget - INFO - Preview label initialized
2025-03-08 16:13:18,885 - app.gui.image_list_widget - INFO - btn_import created
2025-03-08 16:13:18,886 - app.gui.image_list_widget - INFO - btn_remove created
2025-03-08 16:13:18,886 - app.gui.image_list_widget - INFO - btn_clear created
2025-03-08 16:13:18,886 - app.gui.image_list_widget - INFO - Buttons created
2025-03-08 16:13:18,886 - app.gui.image_list_widget - INFO - Setting up ImageBrowser UI
2025-03-08 16:13:18,886 - app.gui.image_list_widget - INFO - QHBoxLayout created
2025-03-08 16:13:18,888 - app.gui.image_list_widget - INFO - Button group created
2025-03-08 16:13:18,888 - app.gui.image_list_widget - INFO - List group created
2025-03-08 16:13:18,888 - app.gui.image_list_widget - INFO - QVBoxLayout created
2025-03-08 16:13:18,889 - app.gui.image_list_widget - INFO - Groups added to left panel
2025-03-08 16:13:18,889 - app.gui.image_list_widget - INFO - Left panel added to layout
2025-03-08 16:13:18,889 - app.gui.image_list_widget - INFO - Preview group added to layout
2025-03-08 16:13:18,890 - app.gui.image_list_widget - INFO - Layout set
2025-03-08 16:13:18,890 - app.gui.image_list_widget - INFO - Button states updated
2025-03-08 16:13:18,890 - app.gui.image_list_widget - INFO - UI setup complete
2025-03-08 16:13:18,890 - app.gui.image_list_widget - INFO - Signals connected
2025-03-08 16:13:18,891 - app.gui.image_list_widget - INFO - ImageBrowser initialization complete
2025-03-08 16:13:18,898 - app.gui.result_visualizer - INFO - Initializing ResultVisualizer
2025-03-08 16:13:18,900 - app.gui.result_visualizer - INFO - ResultVisualizer initialization complete
2025-03-08 16:13:18,944 - app.gui.main_window - INFO - MainWindow initialization complete
2025-03-08 16:13:18,944 - app.gui.settings_dialog - INFO - Initializing SettingsDialog
2025-03-08 16:13:18,953 - app.gui.settings_dialog - INFO - SettingsDialog initialization complete
2025-03-08 16:13:19,130 - __main__ - INFO - Main window initialized and shown
2025-03-08 16:13:25,475 - app.gui.settings_dialog - INFO - Initializing SettingsDialog
2025-03-08 16:13:25,481 - app.gui.settings_dialog - INFO - SettingsDialog initialization complete
2025-03-08 16:13:28,676 - app.utils.i18n - INFO - Set locale to zh_CN
2025-03-08 16:13:28,676 - app.utils.i18n - INFO - Set locale to zh_CN
2025-03-08 16:13:31,042 - app.utils.i18n - INFO - Set locale to en
2025-03-08 16:13:31,042 - app.utils.i18n - INFO - Set locale to en
2025-03-08 16:16:46,293 - __main__ - INFO - Logging initialized
2025-03-08 16:16:46,327 - __main__ - INFO - Application started: MicroAI-Colony 1.0.0
2025-03-08 16:16:46,328 - __main__ - INFO - Platform: win32, Python: 3.11.0 (main, Oct 24 2022, 18:26:48) [MSC v.1933 64 bit (AMD64)]
2025-03-08 16:16:46,328 - __main__ - INFO - Using font: Microsoft YaHei UI
2025-03-08 16:16:46,329 - app.utils.path_manager - INFO - Application directories created successfully
2025-03-08 16:16:46,329 - __main__ - INFO - Application directories created
2025-03-08 16:16:46,330 - app.utils.config - INFO - Configuration loaded successfully
2025-03-08 16:16:46,330 - app.utils.config - INFO - Configuration loaded successfully
2025-03-08 16:16:46,330 - __main__ - INFO - Configuration initialized
2025-03-08 16:16:46,330 - app.utils.i18n - INFO - Loading translations
2025-03-08 16:16:46,332 - app.utils.i18n - INFO - Loaded 111 translations for en
2025-03-08 16:16:46,333 - app.utils.i18n - INFO - Loaded 111 translations for zh_CN
2025-03-08 16:16:46,333 - app.utils.i18n - INFO - Loaded 72 translations for zh_TW
2025-03-08 16:16:46,333 - app.utils.i18n - INFO - Total loaded translations: 294
2025-03-08 16:16:46,333 - app.utils.i18n - INFO - Available locales: ['en', 'zh_CN', 'zh_TW']
2025-03-08 16:16:46,334 - app.utils.i18n - INFO - Using configured locale: en
2025-03-08 16:16:46,334 - app.utils.i18n - INFO - === Translation Status ===
2025-03-08 16:16:46,334 - app.utils.i18n - INFO - Current locale: en
2025-03-08 16:16:46,334 - app.utils.i18n - INFO - Available locales: ['en', 'zh_CN', 'zh_TW']
2025-03-08 16:16:46,334 - app.utils.i18n - INFO - Initialized: True
2025-03-08 16:16:46,334 - app.utils.i18n - INFO - Loaded strings for current locale: 111
2025-03-08 16:16:46,335 - app.utils.i18n - INFO - =====================
2025-03-08 16:16:46,335 - app.utils.i18n - INFO - Translations initialized successfully
2025-03-08 16:16:46,335 - __main__ - INFO - Installed Qt translation for en
2025-03-08 16:16:46,335 - __main__ - INFO - Translations initialized. Current locale: en
2025-03-08 16:16:46,336 - __main__ - INFO - Theme applied successfully
2025-03-08 16:16:46,336 - __main__ - INFO - Creating main window...
2025-03-08 16:16:46,337 - app.gui.main_window - INFO - Initializing MainWindow
2025-03-08 16:16:46,338 - app.gui.image_list_widget - INFO - Initializing ImageBrowser
2025-03-08 16:16:46,338 - app.gui.image_list_widget - INFO - Preview label initialized
2025-03-08 16:16:46,338 - app.gui.image_list_widget - INFO - btn_import created
2025-03-08 16:16:46,340 - app.gui.image_list_widget - INFO - btn_remove created
2025-03-08 16:16:46,340 - app.gui.image_list_widget - INFO - btn_clear created
2025-03-08 16:16:46,340 - app.gui.image_list_widget - INFO - Buttons created
2025-03-08 16:16:46,340 - app.gui.image_list_widget - INFO - Setting up ImageBrowser UI
2025-03-08 16:16:46,341 - app.gui.image_list_widget - INFO - QHBoxLayout created
2025-03-08 16:16:46,341 - app.gui.image_list_widget - INFO - Button group created
2025-03-08 16:16:46,342 - app.gui.image_list_widget - INFO - List group created
2025-03-08 16:16:46,342 - app.gui.image_list_widget - INFO - QVBoxLayout created
2025-03-08 16:16:46,342 - app.gui.image_list_widget - INFO - Groups added to left panel
2025-03-08 16:16:46,342 - app.gui.image_list_widget - INFO - Left panel added to layout
2025-03-08 16:16:46,342 - app.gui.image_list_widget - INFO - Preview group added to layout
2025-03-08 16:16:46,343 - app.gui.image_list_widget - INFO - Layout set
2025-03-08 16:16:46,343 - app.gui.image_list_widget - INFO - Button states updated
2025-03-08 16:16:46,343 - app.gui.image_list_widget - INFO - UI setup complete
2025-03-08 16:16:46,344 - app.gui.image_list_widget - INFO - Signals connected
2025-03-08 16:16:46,344 - app.gui.image_list_widget - INFO - ImageBrowser initialization complete
2025-03-08 16:16:46,353 - app.gui.result_visualizer - INFO - Initializing ResultVisualizer
2025-03-08 16:16:46,355 - app.gui.result_visualizer - INFO - ResultVisualizer initialization complete
2025-03-08 16:16:46,382 - app.gui.main_window - INFO - MainWindow initialization complete
2025-03-08 16:16:46,382 - app.gui.settings_dialog - INFO - Initializing SettingsDialog
2025-03-08 16:16:46,388 - app.gui.settings_dialog - INFO - SettingsDialog initialization complete
2025-03-08 16:16:46,570 - __main__ - INFO - Main window initialized and shown
2025-03-08 16:17:08,517 - app.gui.settings_dialog - INFO - Initializing SettingsDialog
2025-03-08 16:17:08,524 - app.gui.settings_dialog - INFO - SettingsDialog initialization complete
2025-03-08 16:17:11,625 - app.utils.i18n - INFO - Set locale to zh_TW
2025-03-08 16:17:11,627 - app.utils.i18n - INFO - Set locale to zh_TW
2025-03-08 16:17:11,627 - app.utils.i18n - WARNING - Missing translation for key 'main_window.title' in locale '<module 'locale' from 'C:\\Users\\ETPau\\AppData\\Local\\Programs\\Python\\Python311\\Lib\\locale.py'>'
2025-03-08 16:17:11,627 - app.utils.i18n - INFO - Using fallback translation for key 'main_window.title': MicroAI-Colony
2025-03-08 16:17:11,627 - app.utils.i18n - WARNING - Missing translation for key 'image_browser.actions' in locale '<module 'locale' from 'C:\\Users\\ETPau\\AppData\\Local\\Programs\\Python\\Python311\\Lib\\locale.py'>'
2025-03-08 16:17:11,627 - app.utils.i18n - INFO - Using fallback translation for key 'image_browser.actions': Actions
2025-03-08 16:17:11,628 - app.utils.i18n - WARNING - Missing translation for key 'image_browser.image_list' in locale '<module 'locale' from 'C:\\Users\\ETPau\\AppData\\Local\\Programs\\Python\\Python311\\Lib\\locale.py'>'
2025-03-08 16:17:11,628 - app.utils.i18n - INFO - Using fallback translation for key 'image_browser.image_list': Image List
2025-03-08 16:17:11,628 - app.utils.i18n - WARNING - Missing translation for key 'image_browser.preview' in locale '<module 'locale' from 'C:\\Users\\ETPau\\AppData\\Local\\Programs\\Python\\Python311\\Lib\\locale.py'>'
2025-03-08 16:17:11,628 - app.utils.i18n - INFO - Using fallback translation for key 'image_browser.preview': Preview
2025-03-08 16:17:11,628 - app.utils.i18n - WARNING - Missing translation for key 'image_browser.import_images' in locale '<module 'locale' from 'C:\\Users\\ETPau\\AppData\\Local\\Programs\\Python\\Python311\\Lib\\locale.py'>'
2025-03-08 16:17:11,629 - app.utils.i18n - INFO - Using fallback translation for key 'image_browser.import_images': Import Images
2025-03-08 16:17:11,629 - app.utils.i18n - WARNING - Missing translation for key 'image_browser.import_images_tooltip' in locale '<module 'locale' from 'C:\\Users\\ETPau\\AppData\\Local\\Programs\\Python\\Python311\\Lib\\locale.py'>'
2025-03-08 16:17:11,629 - app.utils.i18n - INFO - Using fallback translation for key 'image_browser.import_images_tooltip': Import images for analysis
2025-03-08 16:17:11,629 - app.utils.i18n - WARNING - Missing translation for key 'image_browser.remove_selected' in locale '<module 'locale' from 'C:\\Users\\ETPau\\AppData\\Local\\Programs\\Python\\Python311\\Lib\\locale.py'>'
2025-03-08 16:17:11,629 - app.utils.i18n - INFO - Using fallback translation for key 'image_browser.remove_selected': Remove Selected
2025-03-08 16:17:11,630 - app.utils.i18n - WARNING - Missing translation for key 'image_browser.remove_selected_tooltip' in locale '<module 'locale' from 'C:\\Users\\ETPau\\AppData\\Local\\Programs\\Python\\Python311\\Lib\\locale.py'>'
2025-03-08 16:17:11,630 - app.utils.i18n - INFO - Using fallback translation for key 'image_browser.remove_selected_tooltip': Remove selected images
2025-03-08 16:17:11,630 - app.utils.i18n - WARNING - Missing translation for key 'image_browser.clear_all' in locale '<module 'locale' from 'C:\\Users\\ETPau\\AppData\\Local\\Programs\\Python\\Python311\\Lib\\locale.py'>'
2025-03-08 16:17:11,630 - app.utils.i18n - INFO - Using fallback translation for key 'image_browser.clear_all': Clear All
2025-03-08 16:17:11,630 - app.utils.i18n - WARNING - Missing translation for key 'image_browser.clear_all_tooltip' in locale '<module 'locale' from 'C:\\Users\\ETPau\\AppData\\Local\\Programs\\Python\\Python311\\Lib\\locale.py'>'
2025-03-08 16:17:11,631 - app.utils.i18n - INFO - Using fallback translation for key 'image_browser.clear_all_tooltip': Clear all images
2025-03-08 16:17:11,631 - app.utils.i18n - WARNING - Missing translation for key 'image_browser.no_image_selected' in locale '<module 'locale' from 'C:\\Users\\ETPau\\AppData\\Local\\Programs\\Python\\Python311\\Lib\\locale.py'>'
2025-03-08 16:17:11,631 - app.utils.i18n - INFO - Using fallback translation for key 'image_browser.no_image_selected': No image selected
2025-03-08 16:17:11,631 - app.utils.i18n - WARNING - Missing translation for key 'main_window.file_menu' in locale '<module 'locale' from 'C:\\Users\\ETPau\\AppData\\Local\\Programs\\Python\\Python311\\Lib\\locale.py'>'
2025-03-08 16:17:11,631 - app.utils.i18n - INFO - Using fallback translation for key 'main_window.file_menu': &File
2025-03-08 16:17:11,631 - app.utils.i18n - WARNING - Missing translation for key 'main_window.new_project' in locale '<module 'locale' from 'C:\\Users\\ETPau\\AppData\\Local\\Programs\\Python\\Python311\\Lib\\locale.py'>'
2025-03-08 16:17:11,631 - app.utils.i18n - INFO - Using fallback translation for key 'main_window.new_project': &New Project
2025-03-08 16:17:11,631 - app.utils.i18n - WARNING - Missing translation for key 'main_window.open_project' in locale '<module 'locale' from 'C:\\Users\\ETPau\\AppData\\Local\\Programs\\Python\\Python311\\Lib\\locale.py'>'
2025-03-08 16:17:11,633 - app.utils.i18n - INFO - Using fallback translation for key 'main_window.open_project': &Open Project
2025-03-08 16:17:11,633 - app.utils.i18n - WARNING - Missing translation for key 'main_window.import_images' in locale '<module 'locale' from 'C:\\Users\\ETPau\\AppData\\Local\\Programs\\Python\\Python311\\Lib\\locale.py'>'
2025-03-08 16:17:11,633 - app.utils.i18n - INFO - Using fallback translation for key 'main_window.import_images': &Import Images
2025-03-08 16:17:11,633 - app.utils.i18n - WARNING - Missing translation for key 'main_window.exit' in locale '<module 'locale' from 'C:\\Users\\ETPau\\AppData\\Local\\Programs\\Python\\Python311\\Lib\\locale.py'>'
2025-03-08 16:17:11,633 - app.utils.i18n - INFO - Using fallback translation for key 'main_window.exit': E&xit
2025-03-08 16:17:11,633 - app.utils.i18n - WARNING - Missing translation for key 'main_window.settings_menu' in locale '<module 'locale' from 'C:\\Users\\ETPau\\AppData\\Local\\Programs\\Python\\Python311\\Lib\\locale.py'>'
2025-03-08 16:17:11,634 - app.utils.i18n - INFO - Using fallback translation for key 'main_window.settings_menu': &Settings
2025-03-08 16:17:11,634 - app.utils.i18n - WARNING - Missing translation for key 'main_window.preferences' in locale '<module 'locale' from 'C:\\Users\\ETPau\\AppData\\Local\\Programs\\Python\\Python311\\Lib\\locale.py'>'
2025-03-08 16:17:11,634 - app.utils.i18n - INFO - Using fallback translation for key 'main_window.preferences': &Preferences
2025-03-08 16:17:11,634 - app.utils.i18n - WARNING - Missing translation for key 'main_window.help_menu' in locale '<module 'locale' from 'C:\\Users\\ETPau\\AppData\\Local\\Programs\\Python\\Python311\\Lib\\locale.py'>'
2025-03-08 16:17:11,634 - app.utils.i18n - INFO - Using fallback translation for key 'main_window.help_menu': &Help
2025-03-08 16:17:11,635 - app.utils.i18n - WARNING - Missing translation for key 'main_window.about' in locale '<module 'locale' from 'C:\\Users\\ETPau\\AppData\\Local\\Programs\\Python\\Python311\\Lib\\locale.py'>'
2025-03-08 16:17:11,635 - app.utils.i18n - INFO - Using fallback translation for key 'main_window.about': &About
2025-03-08 16:17:11,635 - app.utils.i18n - WARNING - Missing translation for key 'main_window.new_project' in locale '<module 'locale' from 'C:\\Users\\ETPau\\AppData\\Local\\Programs\\Python\\Python311\\Lib\\locale.py'>'
2025-03-08 16:17:11,635 - app.utils.i18n - INFO - Using fallback translation for key 'main_window.new_project': &New Project
2025-03-08 16:17:11,635 - app.utils.i18n - WARNING - Missing translation for key 'main_window.new_project_tooltip' in locale '<module 'locale' from 'C:\\Users\\ETPau\\AppData\\Local\\Programs\\Python\\Python311\\Lib\\locale.py'>'
2025-03-08 16:17:11,635 - app.utils.i18n - INFO - Using fallback translation for key 'main_window.new_project_tooltip': Create a new project
2025-03-08 16:17:11,636 - app.utils.i18n - WARNING - Missing translation for key 'main_window.open_project' in locale '<module 'locale' from 'C:\\Users\\ETPau\\AppData\\Local\\Programs\\Python\\Python311\\Lib\\locale.py'>'
2025-03-08 16:17:11,636 - app.utils.i18n - INFO - Using fallback translation for key 'main_window.open_project': &Open Project
2025-03-08 16:17:11,636 - app.utils.i18n - WARNING - Missing translation for key 'main_window.open_project_tooltip' in locale '<module 'locale' from 'C:\\Users\\ETPau\\AppData\\Local\\Programs\\Python\\Python311\\Lib\\locale.py'>'
2025-03-08 16:17:11,636 - app.utils.i18n - INFO - Using fallback translation for key 'main_window.open_project_tooltip': Open an existing project
2025-03-08 16:17:11,636 - app.utils.i18n - WARNING - Missing translation for key 'main_window.import_images' in locale '<module 'locale' from 'C:\\Users\\ETPau\\AppData\\Local\\Programs\\Python\\Python311\\Lib\\locale.py'>'
2025-03-08 16:17:11,637 - app.utils.i18n - INFO - Using fallback translation for key 'main_window.import_images': &Import Images
2025-03-08 16:17:11,637 - app.utils.i18n - WARNING - Missing translation for key 'main_window.import_images_tooltip' in locale '<module 'locale' from 'C:\\Users\\ETPau\\AppData\\Local\\Programs\\Python\\Python311\\Lib\\locale.py'>'
2025-03-08 16:17:11,638 - app.utils.i18n - INFO - Using fallback translation for key 'main_window.import_images_tooltip': Import images to current project
2025-03-08 16:17:11,638 - app.utils.i18n - WARNING - Missing translation for key 'main_window.ready' in locale '<module 'locale' from 'C:\\Users\\ETPau\\AppData\\Local\\Programs\\Python\\Python311\\Lib\\locale.py'>'
2025-03-08 16:17:11,638 - app.utils.i18n - INFO - Using fallback translation for key 'main_window.ready': Ready
2025-03-08 16:17:11,638 - app.utils.i18n - WARNING - Missing translation for key 'main_window.image_management' in locale '<module 'locale' from 'C:\\Users\\ETPau\\AppData\\Local\\Programs\\Python\\Python311\\Lib\\locale.py'>'
2025-03-08 16:17:11,638 - app.utils.i18n - INFO - Using fallback translation for key 'main_window.image_management': Image Management
2025-03-08 16:17:11,638 - app.utils.i18n - WARNING - Missing translation for key 'main_window.analysis_controls' in locale '<module 'locale' from 'C:\\Users\\ETPau\\AppData\\Local\\Programs\\Python\\Python311\\Lib\\locale.py'>'
2025-03-08 16:17:11,638 - app.utils.i18n - INFO - Using fallback translation for key 'main_window.analysis_controls': Analysis Controls
2025-03-08 16:17:11,639 - app.utils.i18n - WARNING - Missing translation for key 'main_window.analysis_mode' in locale '<module 'locale' from 'C:\\Users\\ETPau\\AppData\\Local\\Programs\\Python\\Python311\\Lib\\locale.py'>'
2025-03-08 16:17:11,639 - app.utils.i18n - INFO - Using fallback translation for key 'main_window.analysis_mode': Analysis Mode
2025-03-08 16:17:11,639 - app.utils.i18n - WARNING - Missing translation for key 'main_window.single_image' in locale '<module 'locale' from 'C:\\Users\\ETPau\\AppData\\Local\\Programs\\Python\\Python311\\Lib\\locale.py'>'
2025-03-08 16:17:11,639 - app.utils.i18n - INFO - Using fallback translation for key 'main_window.single_image': Single Image
2025-03-08 16:17:11,639 - app.utils.i18n - WARNING - Missing translation for key 'main_window.single_image_tooltip' in locale '<module 'locale' from 'C:\\Users\\ETPau\\AppData\\Local\\Programs\\Python\\Python311\\Lib\\locale.py'>'
2025-03-08 16:17:11,639 - app.utils.i18n - INFO - Using fallback translation for key 'main_window.single_image_tooltip': Analyze one image at a time
2025-03-08 16:17:11,640 - app.utils.i18n - WARNING - Missing translation for key 'main_window.batch_analysis' in locale '<module 'locale' from 'C:\\Users\\ETPau\\AppData\\Local\\Programs\\Python\\Python311\\Lib\\locale.py'>'
2025-03-08 16:17:11,640 - app.utils.i18n - INFO - Using fallback translation for key 'main_window.batch_analysis': Batch Analysis
2025-03-08 16:17:11,640 - app.utils.i18n - WARNING - Missing translation for key 'main_window.batch_analysis_tooltip' in locale '<module 'locale' from 'C:\\Users\\ETPau\\AppData\\Local\\Programs\\Python\\Python311\\Lib\\locale.py'>'
2025-03-08 16:17:11,640 - app.utils.i18n - INFO - Using fallback translation for key 'main_window.batch_analysis_tooltip': Analyze multiple images at once
2025-03-08 16:17:11,640 - app.utils.i18n - WARNING - Missing translation for key 'main_window.parameters' in locale '<module 'locale' from 'C:\\Users\\ETPau\\AppData\\Local\\Programs\\Python\\Python311\\Lib\\locale.py'>'
2025-03-08 16:17:11,640 - app.utils.i18n - INFO - Using fallback translation for key 'main_window.parameters': Parameters
2025-03-08 16:17:11,642 - app.utils.i18n - WARNING - Missing translation for key 'main_window.detection_settings' in locale '<module 'locale' from 'C:\\Users\\ETPau\\AppData\\Local\\Programs\\Python\\Python311\\Lib\\locale.py'>'
2025-03-08 16:17:11,642 - app.utils.i18n - INFO - Using fallback translation for key 'main_window.detection_settings': Detection Settings
2025-03-08 16:17:11,642 - app.utils.i18n - WARNING - Missing translation for key 'main_window.confidence_threshold' in locale '<module 'locale' from 'C:\\Users\\ETPau\\AppData\\Local\\Programs\\Python\\Python311\\Lib\\locale.py'>'
2025-03-08 16:17:11,642 - app.utils.i18n - INFO - Using fallback translation for key 'main_window.confidence_threshold': Confidence Threshold:
2025-03-08 16:17:11,642 - app.utils.i18n - WARNING - Missing translation for key 'main_window.quantitative_analysis' in locale '<module 'locale' from 'C:\\Users\\ETPau\\AppData\\Local\\Programs\\Python\\Python311\\Lib\\locale.py'>'
2025-03-08 16:17:11,642 - app.utils.i18n - INFO - Using fallback translation for key 'main_window.quantitative_analysis': Quantitative Analysis
2025-03-08 16:17:11,643 - app.utils.i18n - WARNING - Missing translation for key 'main_window.iterations' in locale '<module 'locale' from 'C:\\Users\\ETPau\\AppData\\Local\\Programs\\Python\\Python311\\Lib\\locale.py'>'
2025-03-08 16:17:11,643 - app.utils.i18n - INFO - Using fallback translation for key 'main_window.iterations': Iterations:
2025-03-08 16:17:11,643 - app.utils.i18n - WARNING - Missing translation for key 'main_window.progress' in locale '<module 'locale' from 'C:\\Users\\ETPau\\AppData\\Local\\Programs\\Python\\Python311\\Lib\\locale.py'>'
2025-03-08 16:17:11,643 - app.utils.i18n - INFO - Using fallback translation for key 'main_window.progress': Progress
2025-03-08 16:17:11,643 - app.utils.i18n - WARNING - Missing translation for key 'main_window.analysis_progress' in locale '<module 'locale' from 'C:\\Users\\ETPau\\AppData\\Local\\Programs\\Python\\Python311\\Lib\\locale.py'>'
2025-03-08 16:17:11,644 - app.utils.i18n - INFO - Using fallback translation for key 'main_window.analysis_progress': Analysis Progress:
2025-03-08 16:17:11,644 - app.utils.i18n - WARNING - Missing translation for key 'main_window.start_analysis' in locale '<module 'locale' from 'C:\\Users\\ETPau\\AppData\\Local\\Programs\\Python\\Python311\\Lib\\locale.py'>'
2025-03-08 16:17:11,644 - app.utils.i18n - INFO - Using fallback translation for key 'main_window.start_analysis': Start Analysis
2025-03-08 16:17:11,644 - app.utils.i18n - WARNING - Missing translation for key 'main_window.start_analysis_tooltip' in locale '<module 'locale' from 'C:\\Users\\ETPau\\AppData\\Local\\Programs\\Python\\Python311\\Lib\\locale.py'>'
2025-03-08 16:17:11,644 - app.utils.i18n - INFO - Using fallback translation for key 'main_window.start_analysis_tooltip': Start colony detection analysis
2025-03-08 16:17:11,645 - app.utils.i18n - WARNING - Missing translation for key 'main_window.stop' in locale '<module 'locale' from 'C:\\Users\\ETPau\\AppData\\Local\\Programs\\Python\\Python311\\Lib\\locale.py'>'
2025-03-08 16:17:11,645 - app.utils.i18n - INFO - Using fallback translation for key 'main_window.stop': Stop
2025-03-08 16:17:11,645 - app.utils.i18n - WARNING - Missing translation for key 'main_window.stop_tooltip' in locale '<module 'locale' from 'C:\\Users\\ETPau\\AppData\\Local\\Programs\\Python\\Python311\\Lib\\locale.py'>'
2025-03-08 16:17:11,645 - app.utils.i18n - INFO - Using fallback translation for key 'main_window.stop_tooltip': Stop current analysis
2025-03-08 16:17:11,645 - app.utils.i18n - WARNING - Missing translation for key 'main_window.analysis_results' in locale '<module 'locale' from 'C:\\Users\\ETPau\\AppData\\Local\\Programs\\Python\\Python311\\Lib\\locale.py'>'
2025-03-08 16:17:11,645 - app.utils.i18n - INFO - Using fallback translation for key 'main_window.analysis_results': Analysis Results
2025-03-08 16:17:11,646 - app.utils.i18n - WARNING - Missing translation for key 'main_window.language' in locale '<module 'locale' from 'C:\\Users\\ETPau\\AppData\\Local\\Programs\\Python\\Python311\\Lib\\locale.py'>'
2025-03-08 16:17:11,646 - app.utils.i18n - INFO - Using fallback translation for key 'main_window.language': Language
2025-03-08 16:17:16,971 - app.utils.config - INFO - Configuration saved successfully
2025-03-08 16:17:16,972 - app.utils.config - INFO - Configuration updated: default_path = C:\Users\ETPau/Desktop/MicroAI_Detect
2025-03-08 16:17:16,974 - app.utils.config - INFO - Configuration saved successfully
2025-03-08 16:17:16,974 - app.utils.config - INFO - Configuration updated: export_formats = ['json', 'csv', 'xlsx']
2025-03-08 16:17:16,975 - app.utils.config - INFO - Configuration saved successfully
2025-03-08 16:17:16,976 - app.utils.config - INFO - Configuration updated: analysis_iterations = 100
2025-03-08 16:17:16,977 - app.utils.config - INFO - Configuration saved successfully
2025-03-08 16:17:16,977 - app.utils.config - INFO - Configuration updated: window.maximized = False
2025-03-08 16:17:16,980 - app.utils.config - INFO - Configuration saved successfully
2025-03-08 16:17:16,997 - app.utils.config - INFO - Configuration saved successfully
2025-03-08 16:17:17,930 - app.utils.i18n - INFO - Set locale to zh_TW
2025-03-08 16:17:17,931 - app.utils.i18n - WARNING - Missing translation for key 'main_window.title' in locale '<module 'locale' from 'C:\\Users\\ETPau\\AppData\\Local\\Programs\\Python\\Python311\\Lib\\locale.py'>'
2025-03-08 16:17:17,931 - app.utils.i18n - INFO - Using fallback translation for key 'main_window.title': MicroAI-Colony
2025-03-08 16:17:17,931 - app.utils.i18n - WARNING - Missing translation for key 'image_browser.actions' in locale '<module 'locale' from 'C:\\Users\\ETPau\\AppData\\Local\\Programs\\Python\\Python311\\Lib\\locale.py'>'
2025-03-08 16:17:17,932 - app.utils.i18n - INFO - Using fallback translation for key 'image_browser.actions': Actions
2025-03-08 16:17:17,932 - app.utils.i18n - WARNING - Missing translation for key 'image_browser.image_list' in locale '<module 'locale' from 'C:\\Users\\ETPau\\AppData\\Local\\Programs\\Python\\Python311\\Lib\\locale.py'>'
2025-03-08 16:17:17,932 - app.utils.i18n - INFO - Using fallback translation for key 'image_browser.image_list': Image List
2025-03-08 16:17:17,932 - app.utils.i18n - WARNING - Missing translation for key 'image_browser.preview' in locale '<module 'locale' from 'C:\\Users\\ETPau\\AppData\\Local\\Programs\\Python\\Python311\\Lib\\locale.py'>'
2025-03-08 16:17:17,932 - app.utils.i18n - INFO - Using fallback translation for key 'image_browser.preview': Preview
2025-03-08 16:17:17,933 - app.utils.i18n - WARNING - Missing translation for key 'image_browser.import_images' in locale '<module 'locale' from 'C:\\Users\\ETPau\\AppData\\Local\\Programs\\Python\\Python311\\Lib\\locale.py'>'
2025-03-08 16:17:17,933 - app.utils.i18n - INFO - Using fallback translation for key 'image_browser.import_images': Import Images
2025-03-08 16:17:17,933 - app.utils.i18n - WARNING - Missing translation for key 'image_browser.import_images_tooltip' in locale '<module 'locale' from 'C:\\Users\\ETPau\\AppData\\Local\\Programs\\Python\\Python311\\Lib\\locale.py'>'
2025-03-08 16:17:17,933 - app.utils.i18n - INFO - Using fallback translation for key 'image_browser.import_images_tooltip': Import images for analysis
2025-03-08 16:17:17,933 - app.utils.i18n - WARNING - Missing translation for key 'image_browser.remove_selected' in locale '<module 'locale' from 'C:\\Users\\ETPau\\AppData\\Local\\Programs\\Python\\Python311\\Lib\\locale.py'>'
2025-03-08 16:17:17,934 - app.utils.i18n - INFO - Using fallback translation for key 'image_browser.remove_selected': Remove Selected
2025-03-08 16:17:17,934 - app.utils.i18n - WARNING - Missing translation for key 'image_browser.remove_selected_tooltip' in locale '<module 'locale' from 'C:\\Users\\ETPau\\AppData\\Local\\Programs\\Python\\Python311\\Lib\\locale.py'>'
2025-03-08 16:17:17,934 - app.utils.i18n - INFO - Using fallback translation for key 'image_browser.remove_selected_tooltip': Remove selected images
2025-03-08 16:17:17,934 - app.utils.i18n - WARNING - Missing translation for key 'image_browser.clear_all' in locale '<module 'locale' from 'C:\\Users\\ETPau\\AppData\\Local\\Programs\\Python\\Python311\\Lib\\locale.py'>'
2025-03-08 16:17:17,934 - app.utils.i18n - INFO - Using fallback translation for key 'image_browser.clear_all': Clear All
2025-03-08 16:17:17,935 - app.utils.i18n - WARNING - Missing translation for key 'image_browser.clear_all_tooltip' in locale '<module 'locale' from 'C:\\Users\\ETPau\\AppData\\Local\\Programs\\Python\\Python311\\Lib\\locale.py'>'
2025-03-08 16:17:17,935 - app.utils.i18n - INFO - Using fallback translation for key 'image_browser.clear_all_tooltip': Clear all images
2025-03-08 16:17:17,935 - app.utils.i18n - WARNING - Missing translation for key 'image_browser.no_image_selected' in locale '<module 'locale' from 'C:\\Users\\ETPau\\AppData\\Local\\Programs\\Python\\Python311\\Lib\\locale.py'>'
2025-03-08 16:17:17,935 - app.utils.i18n - INFO - Using fallback translation for key 'image_browser.no_image_selected': No image selected
2025-03-08 16:17:17,935 - app.utils.i18n - WARNING - Missing translation for key 'main_window.file_menu' in locale '<module 'locale' from 'C:\\Users\\ETPau\\AppData\\Local\\Programs\\Python\\Python311\\Lib\\locale.py'>'
2025-03-08 16:17:17,935 - app.utils.i18n - INFO - Using fallback translation for key 'main_window.file_menu': &File
2025-03-08 16:17:17,937 - app.utils.i18n - WARNING - Missing translation for key 'main_window.new_project' in locale '<module 'locale' from 'C:\\Users\\ETPau\\AppData\\Local\\Programs\\Python\\Python311\\Lib\\locale.py'>'
2025-03-08 16:17:17,937 - app.utils.i18n - INFO - Using fallback translation for key 'main_window.new_project': &New Project
2025-03-08 16:17:17,937 - app.utils.i18n - WARNING - Missing translation for key 'main_window.open_project' in locale '<module 'locale' from 'C:\\Users\\ETPau\\AppData\\Local\\Programs\\Python\\Python311\\Lib\\locale.py'>'
2025-03-08 16:17:17,937 - app.utils.i18n - INFO - Using fallback translation for key 'main_window.open_project': &Open Project
2025-03-08 16:17:17,937 - app.utils.i18n - WARNING - Missing translation for key 'main_window.import_images' in locale '<module 'locale' from 'C:\\Users\\ETPau\\AppData\\Local\\Programs\\Python\\Python311\\Lib\\locale.py'>'
2025-03-08 16:17:17,937 - app.utils.i18n - INFO - Using fallback translation for key 'main_window.import_images': &Import Images
2025-03-08 16:17:17,938 - app.utils.i18n - WARNING - Missing translation for key 'main_window.exit' in locale '<module 'locale' from 'C:\\Users\\ETPau\\AppData\\Local\\Programs\\Python\\Python311\\Lib\\locale.py'>'
2025-03-08 16:17:17,938 - app.utils.i18n - INFO - Using fallback translation for key 'main_window.exit': E&xit
2025-03-08 16:17:17,938 - app.utils.i18n - WARNING - Missing translation for key 'main_window.settings_menu' in locale '<module 'locale' from 'C:\\Users\\ETPau\\AppData\\Local\\Programs\\Python\\Python311\\Lib\\locale.py'>'
2025-03-08 16:17:17,938 - app.utils.i18n - INFO - Using fallback translation for key 'main_window.settings_menu': &Settings
2025-03-08 16:17:17,938 - app.utils.i18n - WARNING - Missing translation for key 'main_window.preferences' in locale '<module 'locale' from 'C:\\Users\\ETPau\\AppData\\Local\\Programs\\Python\\Python311\\Lib\\locale.py'>'
2025-03-08 16:17:17,940 - app.utils.i18n - INFO - Using fallback translation for key 'main_window.preferences': &Preferences
2025-03-08 16:17:17,940 - app.utils.i18n - WARNING - Missing translation for key 'main_window.help_menu' in locale '<module 'locale' from 'C:\\Users\\ETPau\\AppData\\Local\\Programs\\Python\\Python311\\Lib\\locale.py'>'
2025-03-08 16:17:17,940 - app.utils.i18n - INFO - Using fallback translation for key 'main_window.help_menu': &Help
2025-03-08 16:17:17,940 - app.utils.i18n - WARNING - Missing translation for key 'main_window.about' in locale '<module 'locale' from 'C:\\Users\\ETPau\\AppData\\Local\\Programs\\Python\\Python311\\Lib\\locale.py'>'
2025-03-08 16:17:17,940 - app.utils.i18n - INFO - Using fallback translation for key 'main_window.about': &About
2025-03-08 16:17:17,941 - app.utils.i18n - WARNING - Missing translation for key 'main_window.new_project' in locale '<module 'locale' from 'C:\\Users\\ETPau\\AppData\\Local\\Programs\\Python\\Python311\\Lib\\locale.py'>'
2025-03-08 16:17:17,941 - app.utils.i18n - INFO - Using fallback translation for key 'main_window.new_project': &New Project
2025-03-08 16:17:17,941 - app.utils.i18n - WARNING - Missing translation for key 'main_window.new_project_tooltip' in locale '<module 'locale' from 'C:\\Users\\ETPau\\AppData\\Local\\Programs\\Python\\Python311\\Lib\\locale.py'>'
2025-03-08 16:17:17,941 - app.utils.i18n - INFO - Using fallback translation for key 'main_window.new_project_tooltip': Create a new project
2025-03-08 16:17:17,941 - app.utils.i18n - WARNING - Missing translation for key 'main_window.open_project' in locale '<module 'locale' from 'C:\\Users\\ETPau\\AppData\\Local\\Programs\\Python\\Python311\\Lib\\locale.py'>'
2025-03-08 16:17:17,941 - app.utils.i18n - INFO - Using fallback translation for key 'main_window.open_project': &Open Project
2025-03-08 16:17:17,942 - app.utils.i18n - WARNING - Missing translation for key 'main_window.open_project_tooltip' in locale '<module 'locale' from 'C:\\Users\\ETPau\\AppData\\Local\\Programs\\Python\\Python311\\Lib\\locale.py'>'
2025-03-08 16:17:17,942 - app.utils.i18n - INFO - Using fallback translation for key 'main_window.open_project_tooltip': Open an existing project
2025-03-08 16:17:17,942 - app.utils.i18n - WARNING - Missing translation for key 'main_window.import_images' in locale '<module 'locale' from 'C:\\Users\\ETPau\\AppData\\Local\\Programs\\Python\\Python311\\Lib\\locale.py'>'
2025-03-08 16:17:17,942 - app.utils.i18n - INFO - Using fallback translation for key 'main_window.import_images': &Import Images
2025-03-08 16:17:17,943 - app.utils.i18n - WARNING - Missing translation for key 'main_window.import_images_tooltip' in locale '<module 'locale' from 'C:\\Users\\ETPau\\AppData\\Local\\Programs\\Python\\Python311\\Lib\\locale.py'>'
2025-03-08 16:17:17,943 - app.utils.i18n - INFO - Using fallback translation for key 'main_window.import_images_tooltip': Import images to current project
2025-03-08 16:17:17,943 - app.utils.i18n - WARNING - Missing translation for key 'main_window.ready' in locale '<module 'locale' from 'C:\\Users\\ETPau\\AppData\\Local\\Programs\\Python\\Python311\\Lib\\locale.py'>'
2025-03-08 16:17:17,943 - app.utils.i18n - INFO - Using fallback translation for key 'main_window.ready': Ready
2025-03-08 16:17:17,943 - app.utils.i18n - WARNING - Missing translation for key 'main_window.image_management' in locale '<module 'locale' from 'C:\\Users\\ETPau\\AppData\\Local\\Programs\\Python\\Python311\\Lib\\locale.py'>'
2025-03-08 16:17:17,944 - app.utils.i18n - INFO - Using fallback translation for key 'main_window.image_management': Image Management
2025-03-08 16:17:17,944 - app.utils.i18n - WARNING - Missing translation for key 'main_window.analysis_controls' in locale '<module 'locale' from 'C:\\Users\\ETPau\\AppData\\Local\\Programs\\Python\\Python311\\Lib\\locale.py'>'
2025-03-08 16:17:17,944 - app.utils.i18n - INFO - Using fallback translation for key 'main_window.analysis_controls': Analysis Controls
2025-03-08 16:17:17,944 - app.utils.i18n - WARNING - Missing translation for key 'main_window.analysis_mode' in locale '<module 'locale' from 'C:\\Users\\ETPau\\AppData\\Local\\Programs\\Python\\Python311\\Lib\\locale.py'>'
2025-03-08 16:17:17,944 - app.utils.i18n - INFO - Using fallback translation for key 'main_window.analysis_mode': Analysis Mode
2025-03-08 16:17:17,945 - app.utils.i18n - WARNING - Missing translation for key 'main_window.single_image' in locale '<module 'locale' from 'C:\\Users\\ETPau\\AppData\\Local\\Programs\\Python\\Python311\\Lib\\locale.py'>'
2025-03-08 16:17:17,945 - app.utils.i18n - INFO - Using fallback translation for key 'main_window.single_image': Single Image
2025-03-08 16:17:17,945 - app.utils.i18n - WARNING - Missing translation for key 'main_window.single_image_tooltip' in locale '<module 'locale' from 'C:\\Users\\ETPau\\AppData\\Local\\Programs\\Python\\Python311\\Lib\\locale.py'>'
2025-03-08 16:17:17,945 - app.utils.i18n - INFO - Using fallback translation for key 'main_window.single_image_tooltip': Analyze one image at a time
2025-03-08 16:17:17,946 - app.utils.i18n - WARNING - Missing translation for key 'main_window.batch_analysis' in locale '<module 'locale' from 'C:\\Users\\ETPau\\AppData\\Local\\Programs\\Python\\Python311\\Lib\\locale.py'>'
2025-03-08 16:17:17,946 - app.utils.i18n - INFO - Using fallback translation for key 'main_window.batch_analysis': Batch Analysis
2025-03-08 16:17:17,946 - app.utils.i18n - WARNING - Missing translation for key 'main_window.batch_analysis_tooltip' in locale '<module 'locale' from 'C:\\Users\\ETPau\\AppData\\Local\\Programs\\Python\\Python311\\Lib\\locale.py'>'
2025-03-08 16:17:17,946 - app.utils.i18n - INFO - Using fallback translation for key 'main_window.batch_analysis_tooltip': Analyze multiple images at once
2025-03-08 16:17:17,947 - app.utils.i18n - WARNING - Missing translation for key 'main_window.parameters' in locale '<module 'locale' from 'C:\\Users\\ETPau\\AppData\\Local\\Programs\\Python\\Python311\\Lib\\locale.py'>'
2025-03-08 16:17:17,947 - app.utils.i18n - INFO - Using fallback translation for key 'main_window.parameters': Parameters
2025-03-08 16:17:17,947 - app.utils.i18n - WARNING - Missing translation for key 'main_window.detection_settings' in locale '<module 'locale' from 'C:\\Users\\ETPau\\AppData\\Local\\Programs\\Python\\Python311\\Lib\\locale.py'>'
2025-03-08 16:17:17,947 - app.utils.i18n - INFO - Using fallback translation for key 'main_window.detection_settings': Detection Settings
2025-03-08 16:17:17,947 - app.utils.i18n - WARNING - Missing translation for key 'main_window.confidence_threshold' in locale '<module 'locale' from 'C:\\Users\\ETPau\\AppData\\Local\\Programs\\Python\\Python311\\Lib\\locale.py'>'
2025-03-08 16:17:17,947 - app.utils.i18n - INFO - Using fallback translation for key 'main_window.confidence_threshold': Confidence Threshold:
2025-03-08 16:17:17,947 - app.utils.i18n - WARNING - Missing translation for key 'main_window.quantitative_analysis' in locale '<module 'locale' from 'C:\\Users\\ETPau\\AppData\\Local\\Programs\\Python\\Python311\\Lib\\locale.py'>'
2025-03-08 16:17:17,949 - app.utils.i18n - INFO - Using fallback translation for key 'main_window.quantitative_analysis': Quantitative Analysis
2025-03-08 16:17:17,949 - app.utils.i18n - WARNING - Missing translation for key 'main_window.iterations' in locale '<module 'locale' from 'C:\\Users\\ETPau\\AppData\\Local\\Programs\\Python\\Python311\\Lib\\locale.py'>'
2025-03-08 16:17:17,949 - app.utils.i18n - INFO - Using fallback translation for key 'main_window.iterations': Iterations:
2025-03-08 16:17:17,949 - app.utils.i18n - WARNING - Missing translation for key 'main_window.progress' in locale '<module 'locale' from 'C:\\Users\\ETPau\\AppData\\Local\\Programs\\Python\\Python311\\Lib\\locale.py'>'
2025-03-08 16:17:17,950 - app.utils.i18n - INFO - Using fallback translation for key 'main_window.progress': Progress
2025-03-08 16:17:17,950 - app.utils.i18n - WARNING - Missing translation for key 'main_window.analysis_progress' in locale '<module 'locale' from 'C:\\Users\\ETPau\\AppData\\Local\\Programs\\Python\\Python311\\Lib\\locale.py'>'
2025-03-08 16:17:17,950 - app.utils.i18n - INFO - Using fallback translation for key 'main_window.analysis_progress': Analysis Progress:
2025-03-08 16:17:17,950 - app.utils.i18n - WARNING - Missing translation for key 'main_window.start_analysis' in locale '<module 'locale' from 'C:\\Users\\ETPau\\AppData\\Local\\Programs\\Python\\Python311\\Lib\\locale.py'>'
2025-03-08 16:17:17,950 - app.utils.i18n - INFO - Using fallback translation for key 'main_window.start_analysis': Start Analysis
2025-03-08 16:17:17,951 - app.utils.i18n - WARNING - Missing translation for key 'main_window.start_analysis_tooltip' in locale '<module 'locale' from 'C:\\Users\\ETPau\\AppData\\Local\\Programs\\Python\\Python311\\Lib\\locale.py'>'
2025-03-08 16:17:17,951 - app.utils.i18n - INFO - Using fallback translation for key 'main_window.start_analysis_tooltip': Start colony detection analysis
2025-03-08 16:17:17,951 - app.utils.i18n - WARNING - Missing translation for key 'main_window.stop' in locale '<module 'locale' from 'C:\\Users\\ETPau\\AppData\\Local\\Programs\\Python\\Python311\\Lib\\locale.py'>'
2025-03-08 16:17:17,951 - app.utils.i18n - INFO - Using fallback translation for key 'main_window.stop': Stop
2025-03-08 16:17:17,951 - app.utils.i18n - WARNING - Missing translation for key 'main_window.stop_tooltip' in locale '<module 'locale' from 'C:\\Users\\ETPau\\AppData\\Local\\Programs\\Python\\Python311\\Lib\\locale.py'>'
2025-03-08 16:17:17,951 - app.utils.i18n - INFO - Using fallback translation for key 'main_window.stop_tooltip': Stop current analysis
2025-03-08 16:17:17,953 - app.utils.i18n - WARNING - Missing translation for key 'main_window.analysis_results' in locale '<module 'locale' from 'C:\\Users\\ETPau\\AppData\\Local\\Programs\\Python\\Python311\\Lib\\locale.py'>'
2025-03-08 16:17:17,953 - app.utils.i18n - INFO - Using fallback translation for key 'main_window.analysis_results': Analysis Results
2025-03-08 16:17:17,953 - app.utils.i18n - WARNING - Missing translation for key 'main_window.language' in locale '<module 'locale' from 'C:\\Users\\ETPau\\AppData\\Local\\Programs\\Python\\Python311\\Lib\\locale.py'>'
2025-03-08 16:17:17,953 - app.utils.i18n - INFO - Using fallback translation for key 'main_window.language': Language
2025-03-08 16:17:18,520 - app.utils.i18n - INFO - Set locale to zh_CN
2025-03-08 16:17:19,153 - app.utils.i18n - INFO - Set locale to en
2025-03-08 16:17:19,681 - app.utils.i18n - INFO - Set locale to zh_CN
2025-03-08 16:17:20,045 - app.utils.i18n - INFO - Set locale to zh_TW
2025-03-08 16:17:20,045 - app.utils.i18n - WARNING - Missing translation for key 'main_window.title' in locale '<module 'locale' from 'C:\\Users\\ETPau\\AppData\\Local\\Programs\\Python\\Python311\\Lib\\locale.py'>'
2025-03-08 16:17:20,046 - app.utils.i18n - INFO - Using fallback translation for key 'main_window.title': MicroAI-Colony
2025-03-08 16:17:20,046 - app.utils.i18n - WARNING - Missing translation for key 'image_browser.actions' in locale '<module 'locale' from 'C:\\Users\\ETPau\\AppData\\Local\\Programs\\Python\\Python311\\Lib\\locale.py'>'
2025-03-08 16:17:20,047 - app.utils.i18n - INFO - Using fallback translation for key 'image_browser.actions': Actions
2025-03-08 16:17:20,047 - app.utils.i18n - WARNING - Missing translation for key 'image_browser.image_list' in locale '<module 'locale' from 'C:\\Users\\ETPau\\AppData\\Local\\Programs\\Python\\Python311\\Lib\\locale.py'>'
2025-03-08 16:17:20,047 - app.utils.i18n - INFO - Using fallback translation for key 'image_browser.image_list': Image List
2025-03-08 16:17:20,048 - app.utils.i18n - WARNING - Missing translation for key 'image_browser.preview' in locale '<module 'locale' from 'C:\\Users\\ETPau\\AppData\\Local\\Programs\\Python\\Python311\\Lib\\locale.py'>'
2025-03-08 16:17:20,048 - app.utils.i18n - INFO - Using fallback translation for key 'image_browser.preview': Preview
2025-03-08 16:17:20,048 - app.utils.i18n - WARNING - Missing translation for key 'image_browser.import_images' in locale '<module 'locale' from 'C:\\Users\\ETPau\\AppData\\Local\\Programs\\Python\\Python311\\Lib\\locale.py'>'
2025-03-08 16:17:20,048 - app.utils.i18n - INFO - Using fallback translation for key 'image_browser.import_images': Import Images
2025-03-08 16:17:20,048 - app.utils.i18n - WARNING - Missing translation for key 'image_browser.import_images_tooltip' in locale '<module 'locale' from 'C:\\Users\\ETPau\\AppData\\Local\\Programs\\Python\\Python311\\Lib\\locale.py'>'
2025-03-08 16:17:20,049 - app.utils.i18n - INFO - Using fallback translation for key 'image_browser.import_images_tooltip': Import images for analysis
2025-03-08 16:17:20,049 - app.utils.i18n - WARNING - Missing translation for key 'image_browser.remove_selected' in locale '<module 'locale' from 'C:\\Users\\ETPau\\AppData\\Local\\Programs\\Python\\Python311\\Lib\\locale.py'>'
2025-03-08 16:17:20,049 - app.utils.i18n - INFO - Using fallback translation for key 'image_browser.remove_selected': Remove Selected
2025-03-08 16:17:20,049 - app.utils.i18n - WARNING - Missing translation for key 'image_browser.remove_selected_tooltip' in locale '<module 'locale' from 'C:\\Users\\ETPau\\AppData\\Local\\Programs\\Python\\Python311\\Lib\\locale.py'>'
2025-03-08 16:17:20,050 - app.utils.i18n - INFO - Using fallback translation for key 'image_browser.remove_selected_tooltip': Remove selected images
2025-03-08 16:17:20,050 - app.utils.i18n - WARNING - Missing translation for key 'image_browser.clear_all' in locale '<module 'locale' from 'C:\\Users\\ETPau\\AppData\\Local\\Programs\\Python\\Python311\\Lib\\locale.py'>'
2025-03-08 16:17:20,050 - app.utils.i18n - INFO - Using fallback translation for key 'image_browser.clear_all': Clear All
2025-03-08 16:17:20,050 - app.utils.i18n - WARNING - Missing translation for key 'image_browser.clear_all_tooltip' in locale '<module 'locale' from 'C:\\Users\\ETPau\\AppData\\Local\\Programs\\Python\\Python311\\Lib\\locale.py'>'
2025-03-08 16:17:20,050 - app.utils.i18n - INFO - Using fallback translation for key 'image_browser.clear_all_tooltip': Clear all images
2025-03-08 16:17:20,052 - app.utils.i18n - WARNING - Missing translation for key 'image_browser.no_image_selected' in locale '<module 'locale' from 'C:\\Users\\ETPau\\AppData\\Local\\Programs\\Python\\Python311\\Lib\\locale.py'>'
2025-03-08 16:17:20,052 - app.utils.i18n - INFO - Using fallback translation for key 'image_browser.no_image_selected': No image selected
2025-03-08 16:17:20,052 - app.utils.i18n - WARNING - Missing translation for key 'main_window.file_menu' in locale '<module 'locale' from 'C:\\Users\\ETPau\\AppData\\Local\\Programs\\Python\\Python311\\Lib\\locale.py'>'
2025-03-08 16:17:20,052 - app.utils.i18n - INFO - Using fallback translation for key 'main_window.file_menu': &File
2025-03-08 16:17:20,052 - app.utils.i18n - WARNING - Missing translation for key 'main_window.new_project' in locale '<module 'locale' from 'C:\\Users\\ETPau\\AppData\\Local\\Programs\\Python\\Python311\\Lib\\locale.py'>'
2025-03-08 16:17:20,053 - app.utils.i18n - INFO - Using fallback translation for key 'main_window.new_project': &New Project
2025-03-08 16:17:20,053 - app.utils.i18n - WARNING - Missing translation for key 'main_window.open_project' in locale '<module 'locale' from 'C:\\Users\\ETPau\\AppData\\Local\\Programs\\Python\\Python311\\Lib\\locale.py'>'
2025-03-08 16:17:20,053 - app.utils.i18n - INFO - Using fallback translation for key 'main_window.open_project': &Open Project
2025-03-08 16:17:20,053 - app.utils.i18n - WARNING - Missing translation for key 'main_window.import_images' in locale '<module 'locale' from 'C:\\Users\\ETPau\\AppData\\Local\\Programs\\Python\\Python311\\Lib\\locale.py'>'
2025-03-08 16:17:20,054 - app.utils.i18n - INFO - Using fallback translation for key 'main_window.import_images': &Import Images
2025-03-08 16:17:20,054 - app.utils.i18n - WARNING - Missing translation for key 'main_window.exit' in locale '<module 'locale' from 'C:\\Users\\ETPau\\AppData\\Local\\Programs\\Python\\Python311\\Lib\\locale.py'>'
2025-03-08 16:17:20,054 - app.utils.i18n - INFO - Using fallback translation for key 'main_window.exit': E&xit
2025-03-08 16:17:20,054 - app.utils.i18n - WARNING - Missing translation for key 'main_window.settings_menu' in locale '<module 'locale' from 'C:\\Users\\ETPau\\AppData\\Local\\Programs\\Python\\Python311\\Lib\\locale.py'>'
2025-03-08 16:17:20,055 - app.utils.i18n - INFO - Using fallback translation for key 'main_window.settings_menu': &Settings
2025-03-08 16:17:20,055 - app.utils.i18n - WARNING - Missing translation for key 'main_window.preferences' in locale '<module 'locale' from 'C:\\Users\\ETPau\\AppData\\Local\\Programs\\Python\\Python311\\Lib\\locale.py'>'
2025-03-08 16:17:20,056 - app.utils.i18n - INFO - Using fallback translation for key 'main_window.preferences': &Preferences
2025-03-08 16:17:20,056 - app.utils.i18n - WARNING - Missing translation for key 'main_window.help_menu' in locale '<module 'locale' from 'C:\\Users\\ETPau\\AppData\\Local\\Programs\\Python\\Python311\\Lib\\locale.py'>'
2025-03-08 16:17:20,056 - app.utils.i18n - INFO - Using fallback translation for key 'main_window.help_menu': &Help
2025-03-08 16:17:20,056 - app.utils.i18n - WARNING - Missing translation for key 'main_window.about' in locale '<module 'locale' from 'C:\\Users\\ETPau\\AppData\\Local\\Programs\\Python\\Python311\\Lib\\locale.py'>'
2025-03-08 16:17:20,057 - app.utils.i18n - INFO - Using fallback translation for key 'main_window.about': &About
2025-03-08 16:17:20,057 - app.utils.i18n - WARNING - Missing translation for key 'main_window.new_project' in locale '<module 'locale' from 'C:\\Users\\ETPau\\AppData\\Local\\Programs\\Python\\Python311\\Lib\\locale.py'>'
2025-03-08 16:17:20,057 - app.utils.i18n - INFO - Using fallback translation for key 'main_window.new_project': &New Project
2025-03-08 16:17:20,057 - app.utils.i18n - WARNING - Missing translation for key 'main_window.new_project_tooltip' in locale '<module 'locale' from 'C:\\Users\\ETPau\\AppData\\Local\\Programs\\Python\\Python311\\Lib\\locale.py'>'
2025-03-08 16:17:20,057 - app.utils.i18n - INFO - Using fallback translation for key 'main_window.new_project_tooltip': Create a new project
2025-03-08 16:17:20,058 - app.utils.i18n - WARNING - Missing translation for key 'main_window.open_project' in locale '<module 'locale' from 'C:\\Users\\ETPau\\AppData\\Local\\Programs\\Python\\Python311\\Lib\\locale.py'>'
2025-03-08 16:17:20,058 - app.utils.i18n - INFO - Using fallback translation for key 'main_window.open_project': &Open Project
2025-03-08 16:17:20,058 - app.utils.i18n - WARNING - Missing translation for key 'main_window.open_project_tooltip' in locale '<module 'locale' from 'C:\\Users\\ETPau\\AppData\\Local\\Programs\\Python\\Python311\\Lib\\locale.py'>'
2025-03-08 16:17:20,058 - app.utils.i18n - INFO - Using fallback translation for key 'main_window.open_project_tooltip': Open an existing project
2025-03-08 16:17:20,060 - app.utils.i18n - WARNING - Missing translation for key 'main_window.import_images' in locale '<module 'locale' from 'C:\\Users\\ETPau\\AppData\\Local\\Programs\\Python\\Python311\\Lib\\locale.py'>'
2025-03-08 16:17:20,060 - app.utils.i18n - INFO - Using fallback translation for key 'main_window.import_images': &Import Images
2025-03-08 16:17:20,060 - app.utils.i18n - WARNING - Missing translation for key 'main_window.import_images_tooltip' in locale '<module 'locale' from 'C:\\Users\\ETPau\\AppData\\Local\\Programs\\Python\\Python311\\Lib\\locale.py'>'
2025-03-08 16:17:20,060 - app.utils.i18n - INFO - Using fallback translation for key 'main_window.import_images_tooltip': Import images to current project
2025-03-08 16:17:20,061 - app.utils.i18n - WARNING - Missing translation for key 'main_window.ready' in locale '<module 'locale' from 'C:\\Users\\ETPau\\AppData\\Local\\Programs\\Python\\Python311\\Lib\\locale.py'>'
2025-03-08 16:17:20,061 - app.utils.i18n - INFO - Using fallback translation for key 'main_window.ready': Ready
2025-03-08 16:17:20,061 - app.utils.i18n - WARNING - Missing translation for key 'main_window.image_management' in locale '<module 'locale' from 'C:\\Users\\ETPau\\AppData\\Local\\Programs\\Python\\Python311\\Lib\\locale.py'>'
2025-03-08 16:17:20,062 - app.utils.i18n - INFO - Using fallback translation for key 'main_window.image_management': Image Management
2025-03-08 16:17:20,062 - app.utils.i18n - WARNING - Missing translation for key 'main_window.analysis_controls' in locale '<module 'locale' from 'C:\\Users\\ETPau\\AppData\\Local\\Programs\\Python\\Python311\\Lib\\locale.py'>'
2025-03-08 16:17:20,062 - app.utils.i18n - INFO - Using fallback translation for key 'main_window.analysis_controls': Analysis Controls
2025-03-08 16:17:20,062 - app.utils.i18n - WARNING - Missing translation for key 'main_window.analysis_mode' in locale '<module 'locale' from 'C:\\Users\\ETPau\\AppData\\Local\\Programs\\Python\\Python311\\Lib\\locale.py'>'
2025-03-08 16:17:20,062 - app.utils.i18n - INFO - Using fallback translation for key 'main_window.analysis_mode': Analysis Mode
2025-03-08 16:17:20,062 - app.utils.i18n - WARNING - Missing translation for key 'main_window.single_image' in locale '<module 'locale' from 'C:\\Users\\ETPau\\AppData\\Local\\Programs\\Python\\Python311\\Lib\\locale.py'>'
2025-03-08 16:17:20,063 - app.utils.i18n - INFO - Using fallback translation for key 'main_window.single_image': Single Image
2025-03-08 16:17:20,063 - app.utils.i18n - WARNING - Missing translation for key 'main_window.single_image_tooltip' in locale '<module 'locale' from 'C:\\Users\\ETPau\\AppData\\Local\\Programs\\Python\\Python311\\Lib\\locale.py'>'
2025-03-08 16:17:20,063 - app.utils.i18n - INFO - Using fallback translation for key 'main_window.single_image_tooltip': Analyze one image at a time
2025-03-08 16:17:20,063 - app.utils.i18n - WARNING - Missing translation for key 'main_window.batch_analysis' in locale '<module 'locale' from 'C:\\Users\\ETPau\\AppData\\Local\\Programs\\Python\\Python311\\Lib\\locale.py'>'
2025-03-08 16:17:20,063 - app.utils.i18n - INFO - Using fallback translation for key 'main_window.batch_analysis': Batch Analysis
2025-03-08 16:17:20,065 - app.utils.i18n - WARNING - Missing translation for key 'main_window.batch_analysis_tooltip' in locale '<module 'locale' from 'C:\\Users\\ETPau\\AppData\\Local\\Programs\\Python\\Python311\\Lib\\locale.py'>'
2025-03-08 16:17:20,065 - app.utils.i18n - INFO - Using fallback translation for key 'main_window.batch_analysis_tooltip': Analyze multiple images at once
2025-03-08 16:17:20,065 - app.utils.i18n - WARNING - Missing translation for key 'main_window.parameters' in locale '<module 'locale' from 'C:\\Users\\ETPau\\AppData\\Local\\Programs\\Python\\Python311\\Lib\\locale.py'>'
2025-03-08 16:17:20,065 - app.utils.i18n - INFO - Using fallback translation for key 'main_window.parameters': Parameters
2025-03-08 16:17:20,066 - app.utils.i18n - WARNING - Missing translation for key 'main_window.detection_settings' in locale '<module 'locale' from 'C:\\Users\\ETPau\\AppData\\Local\\Programs\\Python\\Python311\\Lib\\locale.py'>'
2025-03-08 16:17:20,066 - app.utils.i18n - INFO - Using fallback translation for key 'main_window.detection_settings': Detection Settings
2025-03-08 16:17:20,066 - app.utils.i18n - WARNING - Missing translation for key 'main_window.confidence_threshold' in locale '<module 'locale' from 'C:\\Users\\ETPau\\AppData\\Local\\Programs\\Python\\Python311\\Lib\\locale.py'>'
2025-03-08 16:17:20,066 - app.utils.i18n - INFO - Using fallback translation for key 'main_window.confidence_threshold': Confidence Threshold:
2025-03-08 16:17:20,067 - app.utils.i18n - WARNING - Missing translation for key 'main_window.quantitative_analysis' in locale '<module 'locale' from 'C:\\Users\\ETPau\\AppData\\Local\\Programs\\Python\\Python311\\Lib\\locale.py'>'
2025-03-08 16:17:20,067 - app.utils.i18n - INFO - Using fallback translation for key 'main_window.quantitative_analysis': Quantitative Analysis
2025-03-08 16:17:20,067 - app.utils.i18n - WARNING - Missing translation for key 'main_window.iterations' in locale '<module 'locale' from 'C:\\Users\\ETPau\\AppData\\Local\\Programs\\Python\\Python311\\Lib\\locale.py'>'
2025-03-08 16:17:20,067 - app.utils.i18n - INFO - Using fallback translation for key 'main_window.iterations': Iterations:
2025-03-08 16:17:20,067 - app.utils.i18n - WARNING - Missing translation for key 'main_window.progress' in locale '<module 'locale' from 'C:\\Users\\ETPau\\AppData\\Local\\Programs\\Python\\Python311\\Lib\\locale.py'>'
2025-03-08 16:17:20,067 - app.utils.i18n - INFO - Using fallback translation for key 'main_window.progress': Progress
2025-03-08 16:17:20,068 - app.utils.i18n - WARNING - Missing translation for key 'main_window.analysis_progress' in locale '<module 'locale' from 'C:\\Users\\ETPau\\AppData\\Local\\Programs\\Python\\Python311\\Lib\\locale.py'>'
2025-03-08 16:17:20,068 - app.utils.i18n - INFO - Using fallback translation for key 'main_window.analysis_progress': Analysis Progress:
2025-03-08 16:17:20,068 - app.utils.i18n - WARNING - Missing translation for key 'main_window.start_analysis' in locale '<module 'locale' from 'C:\\Users\\ETPau\\AppData\\Local\\Programs\\Python\\Python311\\Lib\\locale.py'>'
2025-03-08 16:17:20,068 - app.utils.i18n - INFO - Using fallback translation for key 'main_window.start_analysis': Start Analysis
2025-03-08 16:17:20,070 - app.utils.i18n - WARNING - Missing translation for key 'main_window.start_analysis_tooltip' in locale '<module 'locale' from 'C:\\Users\\ETPau\\AppData\\Local\\Programs\\Python\\Python311\\Lib\\locale.py'>'
2025-03-08 16:17:20,070 - app.utils.i18n - INFO - Using fallback translation for key 'main_window.start_analysis_tooltip': Start colony detection analysis
2025-03-08 16:17:20,071 - app.utils.i18n - WARNING - Missing translation for key 'main_window.stop' in locale '<module 'locale' from 'C:\\Users\\ETPau\\AppData\\Local\\Programs\\Python\\Python311\\Lib\\locale.py'>'
2025-03-08 16:17:20,071 - app.utils.i18n - INFO - Using fallback translation for key 'main_window.stop': Stop
2025-03-08 16:17:20,071 - app.utils.i18n - WARNING - Missing translation for key 'main_window.stop_tooltip' in locale '<module 'locale' from 'C:\\Users\\ETPau\\AppData\\Local\\Programs\\Python\\Python311\\Lib\\locale.py'>'
2025-03-08 16:17:20,071 - app.utils.i18n - INFO - Using fallback translation for key 'main_window.stop_tooltip': Stop current analysis
2025-03-08 16:17:20,071 - app.utils.i18n - WARNING - Missing translation for key 'main_window.analysis_results' in locale '<module 'locale' from 'C:\\Users\\ETPau\\AppData\\Local\\Programs\\Python\\Python311\\Lib\\locale.py'>'
2025-03-08 16:17:20,071 - app.utils.i18n - INFO - Using fallback translation for key 'main_window.analysis_results': Analysis Results
2025-03-08 16:17:20,072 - app.utils.i18n - WARNING - Missing translation for key 'main_window.language' in locale '<module 'locale' from 'C:\\Users\\ETPau\\AppData\\Local\\Programs\\Python\\Python311\\Lib\\locale.py'>'
2025-03-08 16:17:20,072 - app.utils.i18n - INFO - Using fallback translation for key 'main_window.language': Language
2025-03-08 16:24:39,335 - __main__ - INFO - Logging initialized
2025-03-08 16:24:39,370 - __main__ - INFO - Application started: MicroAI-Colony 1.0.0
2025-03-08 16:24:39,370 - __main__ - INFO - Platform: win32, Python: 3.11.0 (main, Oct 24 2022, 18:26:48) [MSC v.1933 64 bit (AMD64)]
2025-03-08 16:24:39,371 - __main__ - INFO - Using font: Microsoft YaHei UI
2025-03-08 16:24:39,371 - app.utils.path_manager - INFO - Application directories created successfully
2025-03-08 16:24:39,372 - __main__ - INFO - Application directories created
2025-03-08 16:24:39,372 - app.utils.config - INFO - Configuration loaded successfully
2025-03-08 16:24:39,373 - app.utils.config - INFO - Configuration loaded successfully
2025-03-08 16:24:39,373 - __main__ - INFO - Configuration initialized
2025-03-08 16:24:39,373 - app.utils.i18n - INFO - Loading translations
2025-03-08 16:24:39,374 - app.utils.i18n - INFO - Loaded 111 translations for en
2025-03-08 16:24:39,375 - app.utils.i18n - INFO - Loaded 111 translations for zh_CN
2025-03-08 16:24:39,375 - app.utils.i18n - INFO - Loaded 72 translations for zh_TW
2025-03-08 16:24:39,375 - app.utils.i18n - INFO - Total loaded translations: 294
2025-03-08 16:24:39,375 - app.utils.i18n - INFO - Available locales: ['en', 'zh_CN', 'zh_TW']
2025-03-08 16:24:39,376 - app.utils.i18n - INFO - Using configured locale: en
2025-03-08 16:24:39,376 - app.utils.i18n - INFO - === Translation Status ===
2025-03-08 16:24:39,376 - app.utils.i18n - INFO - Current locale: en
2025-03-08 16:24:39,376 - app.utils.i18n - INFO - Available locales: ['en', 'zh_CN', 'zh_TW']
2025-03-08 16:24:39,376 - app.utils.i18n - INFO - Initialized: True
2025-03-08 16:24:39,377 - app.utils.i18n - INFO - Loaded strings for current locale: 111
2025-03-08 16:24:39,377 - app.utils.i18n - INFO - =====================
2025-03-08 16:24:39,377 - app.utils.i18n - INFO - Translations initialized successfully
2025-03-08 16:24:39,378 - __main__ - INFO - Installed Qt translation for en
2025-03-08 16:24:39,378 - __main__ - INFO - Translations initialized. Current locale: en
2025-03-08 16:24:39,378 - __main__ - INFO - Theme applied successfully
2025-03-08 16:24:39,379 - __main__ - INFO - Creating main window...
2025-03-08 16:24:39,379 - app.gui.main_window - INFO - Initializing MainWindow
2025-03-08 16:24:39,380 - app.gui.image_list_widget - INFO - Initializing ImageBrowser
2025-03-08 16:24:39,382 - app.gui.image_list_widget - INFO - Preview label initialized
2025-03-08 16:24:39,382 - app.gui.image_list_widget - INFO - btn_import created
2025-03-08 16:24:39,382 - app.gui.image_list_widget - INFO - btn_remove created
2025-03-08 16:24:39,383 - app.gui.image_list_widget - INFO - btn_clear created
2025-03-08 16:24:39,383 - app.gui.image_list_widget - INFO - Buttons created
2025-03-08 16:24:39,383 - app.gui.image_list_widget - INFO - Setting up ImageBrowser UI
2025-03-08 16:24:39,383 - app.gui.image_list_widget - INFO - QHBoxLayout created
2025-03-08 16:24:39,384 - app.gui.image_list_widget - INFO - Button group created
2025-03-08 16:24:39,385 - app.gui.image_list_widget - INFO - List group created
2025-03-08 16:24:39,385 - app.gui.image_list_widget - INFO - QVBoxLayout created
2025-03-08 16:24:39,385 - app.gui.image_list_widget - INFO - Groups added to left panel
2025-03-08 16:24:39,386 - app.gui.image_list_widget - INFO - Left panel added to layout
2025-03-08 16:24:39,386 - app.gui.image_list_widget - INFO - Preview group added to layout
2025-03-08 16:24:39,386 - app.gui.image_list_widget - INFO - Layout set
2025-03-08 16:24:39,387 - app.gui.image_list_widget - INFO - Button states updated
2025-03-08 16:24:39,387 - app.gui.image_list_widget - INFO - UI setup complete
2025-03-08 16:24:39,387 - app.gui.image_list_widget - INFO - Signals connected
2025-03-08 16:24:39,387 - app.gui.image_list_widget - INFO - ImageBrowser initialization complete
2025-03-08 16:24:39,396 - app.gui.result_visualizer - INFO - Initializing ResultVisualizer
2025-03-08 16:24:39,398 - app.gui.result_visualizer - INFO - ResultVisualizer initialization complete
2025-03-08 16:24:39,427 - app.gui.main_window - INFO - MainWindow initialization complete
2025-03-08 16:24:39,428 - app.gui.settings_dialog - INFO - Initializing SettingsDialog
2025-03-08 16:24:39,432 - app.utils.i18n - WARNING - Missing translation for key 'settings.tab.general' in locale '<module 'locale' from 'C:\\Users\\ETPau\\AppData\\Local\\Programs\\Python\\Python311\\Lib\\locale.py'>'
2025-03-08 16:24:39,433 - app.utils.i18n - WARNING - Using default value for key 'settings.tab.general': General
2025-03-08 16:24:39,435 - app.utils.i18n - WARNING - Missing translation for key 'settings.tab.export' in locale '<module 'locale' from 'C:\\Users\\ETPau\\AppData\\Local\\Programs\\Python\\Python311\\Lib\\locale.py'>'
2025-03-08 16:24:39,436 - app.utils.i18n - WARNING - Using default value for key 'settings.tab.export': Export
2025-03-08 16:24:39,437 - app.utils.i18n - WARNING - Missing translation for key 'settings.tab.analysis' in locale '<module 'locale' from 'C:\\Users\\ETPau\\AppData\\Local\\Programs\\Python\\Python311\\Lib\\locale.py'>'
2025-03-08 16:24:39,437 - app.utils.i18n - WARNING - Using default value for key 'settings.tab.analysis': Analysis
2025-03-08 16:24:39,437 - app.utils.i18n - WARNING - Missing translation for key 'settings.language_settings' in locale '<module 'locale' from 'C:\\Users\\ETPau\\AppData\\Local\\Programs\\Python\\Python311\\Lib\\locale.py'>'
2025-03-08 16:24:39,437 - app.utils.i18n - WARNING - Using default value for key 'settings.language_settings': Language Settings
2025-03-08 16:24:39,437 - app.utils.i18n - WARNING - Missing translation for key 'settings.select_language' in locale '<module 'locale' from 'C:\\Users\\ETPau\\AppData\\Local\\Programs\\Python\\Python311\\Lib\\locale.py'>'
2025-03-08 16:24:39,439 - app.utils.i18n - WARNING - Using default value for key 'settings.select_language': Select Language:
2025-03-08 16:24:39,439 - app.utils.i18n - WARNING - Missing translation for key 'settings.tab.language' in locale '<module 'locale' from 'C:\\Users\\ETPau\\AppData\\Local\\Programs\\Python\\Python311\\Lib\\locale.py'>'
2025-03-08 16:24:39,440 - app.utils.i18n - WARNING - Using default value for key 'settings.tab.language': Language
2025-03-08 16:24:39,444 - app.gui.settings_dialog - INFO - SettingsDialog initialization complete
2025-03-08 16:24:39,619 - __main__ - INFO - Main window initialized and shown
2025-03-08 16:25:11,150 - app.utils.i18n - INFO - Set locale to zh_TW
2025-03-08 16:25:11,150 - app.utils.i18n - WARNING - Missing translation for key 'main_window.title' in locale '<module 'locale' from 'C:\\Users\\ETPau\\AppData\\Local\\Programs\\Python\\Python311\\Lib\\locale.py'>'
2025-03-08 16:25:11,150 - app.utils.i18n - INFO - Using fallback translation for key 'main_window.title': MicroAI-Colony
2025-03-08 16:25:11,150 - app.utils.i18n - WARNING - Missing translation for key 'image_browser.actions' in locale '<module 'locale' from 'C:\\Users\\ETPau\\AppData\\Local\\Programs\\Python\\Python311\\Lib\\locale.py'>'
2025-03-08 16:25:11,150 - app.utils.i18n - INFO - Using fallback translation for key 'image_browser.actions': Actions
2025-03-08 16:25:11,150 - app.utils.i18n - WARNING - Missing translation for key 'image_browser.image_list' in locale '<module 'locale' from 'C:\\Users\\ETPau\\AppData\\Local\\Programs\\Python\\Python311\\Lib\\locale.py'>'
2025-03-08 16:25:11,152 - app.utils.i18n - INFO - Using fallback translation for key 'image_browser.image_list': Image List
2025-03-08 16:25:11,152 - app.utils.i18n - WARNING - Missing translation for key 'image_browser.preview' in locale '<module 'locale' from 'C:\\Users\\ETPau\\AppData\\Local\\Programs\\Python\\Python311\\Lib\\locale.py'>'
2025-03-08 16:25:11,152 - app.utils.i18n - INFO - Using fallback translation for key 'image_browser.preview': Preview
2025-03-08 16:25:11,152 - app.utils.i18n - WARNING - Missing translation for key 'image_browser.import_images' in locale '<module 'locale' from 'C:\\Users\\ETPau\\AppData\\Local\\Programs\\Python\\Python311\\Lib\\locale.py'>'
2025-03-08 16:25:11,152 - app.utils.i18n - INFO - Using fallback translation for key 'image_browser.import_images': Import Images
2025-03-08 16:25:11,152 - app.utils.i18n - WARNING - Missing translation for key 'image_browser.import_images_tooltip' in locale '<module 'locale' from 'C:\\Users\\ETPau\\AppData\\Local\\Programs\\Python\\Python311\\Lib\\locale.py'>'
2025-03-08 16:25:11,152 - app.utils.i18n - INFO - Using fallback translation for key 'image_browser.import_images_tooltip': Import images for analysis
2025-03-08 16:25:11,153 - app.utils.i18n - WARNING - Missing translation for key 'image_browser.remove_selected' in locale '<module 'locale' from 'C:\\Users\\ETPau\\AppData\\Local\\Programs\\Python\\Python311\\Lib\\locale.py'>'
2025-03-08 16:25:11,153 - app.utils.i18n - INFO - Using fallback translation for key 'image_browser.remove_selected': Remove Selected
2025-03-08 16:25:11,153 - app.utils.i18n - WARNING - Missing translation for key 'image_browser.remove_selected_tooltip' in locale '<module 'locale' from 'C:\\Users\\ETPau\\AppData\\Local\\Programs\\Python\\Python311\\Lib\\locale.py'>'
2025-03-08 16:25:11,153 - app.utils.i18n - INFO - Using fallback translation for key 'image_browser.remove_selected_tooltip': Remove selected images
2025-03-08 16:25:11,153 - app.utils.i18n - WARNING - Missing translation for key 'image_browser.clear_all' in locale '<module 'locale' from 'C:\\Users\\ETPau\\AppData\\Local\\Programs\\Python\\Python311\\Lib\\locale.py'>'
2025-03-08 16:25:11,153 - app.utils.i18n - INFO - Using fallback translation for key 'image_browser.clear_all': Clear All
2025-03-08 16:25:11,154 - app.utils.i18n - WARNING - Missing translation for key 'image_browser.clear_all_tooltip' in locale '<module 'locale' from 'C:\\Users\\ETPau\\AppData\\Local\\Programs\\Python\\Python311\\Lib\\locale.py'>'
2025-03-08 16:25:11,154 - app.utils.i18n - INFO - Using fallback translation for key 'image_browser.clear_all_tooltip': Clear all images
2025-03-08 16:25:11,154 - app.utils.i18n - WARNING - Missing translation for key 'image_browser.no_image_selected' in locale '<module 'locale' from 'C:\\Users\\ETPau\\AppData\\Local\\Programs\\Python\\Python311\\Lib\\locale.py'>'
2025-03-08 16:25:11,154 - app.utils.i18n - INFO - Using fallback translation for key 'image_browser.no_image_selected': No image selected
2025-03-08 16:25:11,154 - app.utils.i18n - WARNING - Missing translation for key 'main_window.file_menu' in locale '<module 'locale' from 'C:\\Users\\ETPau\\AppData\\Local\\Programs\\Python\\Python311\\Lib\\locale.py'>'
2025-03-08 16:25:11,155 - app.utils.i18n - INFO - Using fallback translation for key 'main_window.file_menu': &File
2025-03-08 16:25:11,155 - app.utils.i18n - WARNING - Missing translation for key 'main_window.new_project' in locale '<module 'locale' from 'C:\\Users\\ETPau\\AppData\\Local\\Programs\\Python\\Python311\\Lib\\locale.py'>'
2025-03-08 16:25:11,156 - app.utils.i18n - INFO - Using fallback translation for key 'main_window.new_project': &New Project
2025-03-08 16:25:11,156 - app.utils.i18n - WARNING - Missing translation for key 'main_window.open_project' in locale '<module 'locale' from 'C:\\Users\\ETPau\\AppData\\Local\\Programs\\Python\\Python311\\Lib\\locale.py'>'
2025-03-08 16:25:11,156 - app.utils.i18n - INFO - Using fallback translation for key 'main_window.open_project': &Open Project
2025-03-08 16:25:11,156 - app.utils.i18n - WARNING - Missing translation for key 'main_window.import_images' in locale '<module 'locale' from 'C:\\Users\\ETPau\\AppData\\Local\\Programs\\Python\\Python311\\Lib\\locale.py'>'
2025-03-08 16:25:11,156 - app.utils.i18n - INFO - Using fallback translation for key 'main_window.import_images': &Import Images
2025-03-08 16:25:11,157 - app.utils.i18n - WARNING - Missing translation for key 'main_window.exit' in locale '<module 'locale' from 'C:\\Users\\ETPau\\AppData\\Local\\Programs\\Python\\Python311\\Lib\\locale.py'>'
2025-03-08 16:25:11,157 - app.utils.i18n - INFO - Using fallback translation for key 'main_window.exit': E&xit
2025-03-08 16:25:11,157 - app.utils.i18n - WARNING - Missing translation for key 'main_window.settings_menu' in locale '<module 'locale' from 'C:\\Users\\ETPau\\AppData\\Local\\Programs\\Python\\Python311\\Lib\\locale.py'>'
2025-03-08 16:25:11,157 - app.utils.i18n - INFO - Using fallback translation for key 'main_window.settings_menu': &Settings
2025-03-08 16:25:11,157 - app.utils.i18n - WARNING - Missing translation for key 'main_window.preferences' in locale '<module 'locale' from 'C:\\Users\\ETPau\\AppData\\Local\\Programs\\Python\\Python311\\Lib\\locale.py'>'
2025-03-08 16:25:11,157 - app.utils.i18n - INFO - Using fallback translation for key 'main_window.preferences': &Preferences
2025-03-08 16:25:11,157 - app.utils.i18n - WARNING - Missing translation for key 'main_window.help_menu' in locale '<module 'locale' from 'C:\\Users\\ETPau\\AppData\\Local\\Programs\\Python\\Python311\\Lib\\locale.py'>'
2025-03-08 16:25:11,157 - app.utils.i18n - INFO - Using fallback translation for key 'main_window.help_menu': &Help
2025-03-08 16:25:11,158 - app.utils.i18n - WARNING - Missing translation for key 'main_window.about' in locale '<module 'locale' from 'C:\\Users\\ETPau\\AppData\\Local\\Programs\\Python\\Python311\\Lib\\locale.py'>'
2025-03-08 16:25:11,158 - app.utils.i18n - INFO - Using fallback translation for key 'main_window.about': &About
2025-03-08 16:25:11,159 - app.utils.i18n - WARNING - Missing translation for key 'main_window.new_project' in locale '<module 'locale' from 'C:\\Users\\ETPau\\AppData\\Local\\Programs\\Python\\Python311\\Lib\\locale.py'>'
2025-03-08 16:25:11,159 - app.utils.i18n - INFO - Using fallback translation for key 'main_window.new_project': &New Project
2025-03-08 16:25:11,159 - app.utils.i18n - WARNING - Missing translation for key 'main_window.new_project_tooltip' in locale '<module 'locale' from 'C:\\Users\\ETPau\\AppData\\Local\\Programs\\Python\\Python311\\Lib\\locale.py'>'
2025-03-08 16:25:11,159 - app.utils.i18n - INFO - Using fallback translation for key 'main_window.new_project_tooltip': Create a new project
2025-03-08 16:25:11,160 - app.utils.i18n - WARNING - Missing translation for key 'main_window.open_project' in locale '<module 'locale' from 'C:\\Users\\ETPau\\AppData\\Local\\Programs\\Python\\Python311\\Lib\\locale.py'>'
2025-03-08 16:25:11,160 - app.utils.i18n - INFO - Using fallback translation for key 'main_window.open_project': &Open Project
2025-03-08 16:25:11,160 - app.utils.i18n - WARNING - Missing translation for key 'main_window.open_project_tooltip' in locale '<module 'locale' from 'C:\\Users\\ETPau\\AppData\\Local\\Programs\\Python\\Python311\\Lib\\locale.py'>'
2025-03-08 16:25:11,160 - app.utils.i18n - INFO - Using fallback translation for key 'main_window.open_project_tooltip': Open an existing project
2025-03-08 16:25:11,160 - app.utils.i18n - WARNING - Missing translation for key 'main_window.import_images' in locale '<module 'locale' from 'C:\\Users\\ETPau\\AppData\\Local\\Programs\\Python\\Python311\\Lib\\locale.py'>'
2025-03-08 16:25:11,160 - app.utils.i18n - INFO - Using fallback translation for key 'main_window.import_images': &Import Images
2025-03-08 16:25:11,160 - app.utils.i18n - WARNING - Missing translation for key 'main_window.import_images_tooltip' in locale '<module 'locale' from 'C:\\Users\\ETPau\\AppData\\Local\\Programs\\Python\\Python311\\Lib\\locale.py'>'
2025-03-08 16:25:11,160 - app.utils.i18n - INFO - Using fallback translation for key 'main_window.import_images_tooltip': Import images to current project
2025-03-08 16:25:11,162 - app.utils.i18n - WARNING - Missing translation for key 'main_window.ready' in locale '<module 'locale' from 'C:\\Users\\ETPau\\AppData\\Local\\Programs\\Python\\Python311\\Lib\\locale.py'>'
2025-03-08 16:25:11,162 - app.utils.i18n - INFO - Using fallback translation for key 'main_window.ready': Ready
2025-03-08 16:25:11,162 - app.utils.i18n - WARNING - Missing translation for key 'main_window.image_management' in locale '<module 'locale' from 'C:\\Users\\ETPau\\AppData\\Local\\Programs\\Python\\Python311\\Lib\\locale.py'>'
2025-03-08 16:25:11,162 - app.utils.i18n - INFO - Using fallback translation for key 'main_window.image_management': Image Management
2025-03-08 16:25:11,163 - app.utils.i18n - WARNING - Missing translation for key 'main_window.analysis_controls' in locale '<module 'locale' from 'C:\\Users\\ETPau\\AppData\\Local\\Programs\\Python\\Python311\\Lib\\locale.py'>'
2025-03-08 16:25:11,163 - app.utils.i18n - INFO - Using fallback translation for key 'main_window.analysis_controls': Analysis Controls
2025-03-08 16:25:11,163 - app.utils.i18n - WARNING - Missing translation for key 'main_window.analysis_mode' in locale '<module 'locale' from 'C:\\Users\\ETPau\\AppData\\Local\\Programs\\Python\\Python311\\Lib\\locale.py'>'
2025-03-08 16:25:11,163 - app.utils.i18n - INFO - Using fallback translation for key 'main_window.analysis_mode': Analysis Mode
2025-03-08 16:25:11,163 - app.utils.i18n - WARNING - Missing translation for key 'main_window.single_image' in locale '<module 'locale' from 'C:\\Users\\ETPau\\AppData\\Local\\Programs\\Python\\Python311\\Lib\\locale.py'>'
2025-03-08 16:25:11,163 - app.utils.i18n - INFO - Using fallback translation for key 'main_window.single_image': Single Image
2025-03-08 16:25:11,163 - app.utils.i18n - WARNING - Missing translation for key 'main_window.single_image_tooltip' in locale '<module 'locale' from 'C:\\Users\\ETPau\\AppData\\Local\\Programs\\Python\\Python311\\Lib\\locale.py'>'
2025-03-08 16:25:11,164 - app.utils.i18n - INFO - Using fallback translation for key 'main_window.single_image_tooltip': Analyze one image at a time
2025-03-08 16:25:11,164 - app.utils.i18n - WARNING - Missing translation for key 'main_window.batch_analysis' in locale '<module 'locale' from 'C:\\Users\\ETPau\\AppData\\Local\\Programs\\Python\\Python311\\Lib\\locale.py'>'
2025-03-08 16:25:11,164 - app.utils.i18n - INFO - Using fallback translation for key 'main_window.batch_analysis': Batch Analysis
2025-03-08 16:25:11,164 - app.utils.i18n - WARNING - Missing translation for key 'main_window.batch_analysis_tooltip' in locale '<module 'locale' from 'C:\\Users\\ETPau\\AppData\\Local\\Programs\\Python\\Python311\\Lib\\locale.py'>'
2025-03-08 16:25:11,164 - app.utils.i18n - INFO - Using fallback translation for key 'main_window.batch_analysis_tooltip': Analyze multiple images at once
2025-03-08 16:25:11,165 - app.utils.i18n - WARNING - Missing translation for key 'main_window.parameters' in locale '<module 'locale' from 'C:\\Users\\ETPau\\AppData\\Local\\Programs\\Python\\Python311\\Lib\\locale.py'>'
2025-03-08 16:25:11,165 - app.utils.i18n - INFO - Using fallback translation for key 'main_window.parameters': Parameters
2025-03-08 16:25:11,165 - app.utils.i18n - WARNING - Missing translation for key 'main_window.detection_settings' in locale '<module 'locale' from 'C:\\Users\\ETPau\\AppData\\Local\\Programs\\Python\\Python311\\Lib\\locale.py'>'
2025-03-08 16:25:11,165 - app.utils.i18n - INFO - Using fallback translation for key 'main_window.detection_settings': Detection Settings
2025-03-08 16:25:11,165 - app.utils.i18n - WARNING - Missing translation for key 'main_window.confidence_threshold' in locale '<module 'locale' from 'C:\\Users\\ETPau\\AppData\\Local\\Programs\\Python\\Python311\\Lib\\locale.py'>'
2025-03-08 16:25:11,166 - app.utils.i18n - INFO - Using fallback translation for key 'main_window.confidence_threshold': Confidence Threshold:
2025-03-08 16:25:11,166 - app.utils.i18n - WARNING - Missing translation for key 'main_window.quantitative_analysis' in locale '<module 'locale' from 'C:\\Users\\ETPau\\AppData\\Local\\Programs\\Python\\Python311\\Lib\\locale.py'>'
2025-03-08 16:25:11,166 - app.utils.i18n - INFO - Using fallback translation for key 'main_window.quantitative_analysis': Quantitative Analysis
2025-03-08 16:25:11,166 - app.utils.i18n - WARNING - Missing translation for key 'main_window.iterations' in locale '<module 'locale' from 'C:\\Users\\ETPau\\AppData\\Local\\Programs\\Python\\Python311\\Lib\\locale.py'>'
2025-03-08 16:25:11,166 - app.utils.i18n - INFO - Using fallback translation for key 'main_window.iterations': Iterations:
2025-03-08 16:25:11,167 - app.utils.i18n - WARNING - Missing translation for key 'main_window.progress' in locale '<module 'locale' from 'C:\\Users\\ETPau\\AppData\\Local\\Programs\\Python\\Python311\\Lib\\locale.py'>'
2025-03-08 16:25:11,167 - app.utils.i18n - INFO - Using fallback translation for key 'main_window.progress': Progress
2025-03-08 16:25:11,167 - app.utils.i18n - WARNING - Missing translation for key 'main_window.analysis_progress' in locale '<module 'locale' from 'C:\\Users\\ETPau\\AppData\\Local\\Programs\\Python\\Python311\\Lib\\locale.py'>'
2025-03-08 16:25:11,167 - app.utils.i18n - INFO - Using fallback translation for key 'main_window.analysis_progress': Analysis Progress:
2025-03-08 16:25:11,167 - app.utils.i18n - WARNING - Missing translation for key 'main_window.start_analysis' in locale '<module 'locale' from 'C:\\Users\\ETPau\\AppData\\Local\\Programs\\Python\\Python311\\Lib\\locale.py'>'
2025-03-08 16:25:11,168 - app.utils.i18n - INFO - Using fallback translation for key 'main_window.start_analysis': Start Analysis
2025-03-08 16:25:11,168 - app.utils.i18n - WARNING - Missing translation for key 'main_window.start_analysis_tooltip' in locale '<module 'locale' from 'C:\\Users\\ETPau\\AppData\\Local\\Programs\\Python\\Python311\\Lib\\locale.py'>'
2025-03-08 16:25:11,169 - app.utils.i18n - INFO - Using fallback translation for key 'main_window.start_analysis_tooltip': Start colony detection analysis
2025-03-08 16:25:11,169 - app.utils.i18n - WARNING - Missing translation for key 'main_window.stop' in locale '<module 'locale' from 'C:\\Users\\ETPau\\AppData\\Local\\Programs\\Python\\Python311\\Lib\\locale.py'>'
2025-03-08 16:25:11,169 - app.utils.i18n - INFO - Using fallback translation for key 'main_window.stop': Stop
2025-03-08 16:25:11,169 - app.utils.i18n - WARNING - Missing translation for key 'main_window.stop_tooltip' in locale '<module 'locale' from 'C:\\Users\\ETPau\\AppData\\Local\\Programs\\Python\\Python311\\Lib\\locale.py'>'
2025-03-08 16:25:11,169 - app.utils.i18n - INFO - Using fallback translation for key 'main_window.stop_tooltip': Stop current analysis
2025-03-08 16:25:11,169 - app.utils.i18n - WARNING - Missing translation for key 'main_window.analysis_results' in locale '<module 'locale' from 'C:\\Users\\ETPau\\AppData\\Local\\Programs\\Python\\Python311\\Lib\\locale.py'>'
2025-03-08 16:25:11,169 - app.utils.i18n - INFO - Using fallback translation for key 'main_window.analysis_results': Analysis Results
2025-03-08 16:25:11,170 - app.utils.i18n - WARNING - Missing translation for key 'main_window.language' in locale '<module 'locale' from 'C:\\Users\\ETPau\\AppData\\Local\\Programs\\Python\\Python311\\Lib\\locale.py'>'
2025-03-08 16:25:11,170 - app.utils.i18n - INFO - Using fallback translation for key 'main_window.language': Language
2025-03-08 16:25:12,116 - app.utils.i18n - INFO - Set locale to zh_CN
2025-03-08 16:25:12,691 - app.utils.i18n - INFO - Set locale to en
2025-03-08 16:25:14,261 - app.utils.i18n - INFO - Set locale to zh_CN
2025-03-08 16:25:19,949 - app.utils.i18n - WARNING - Missing translation for key 'main_window.start_batch_analysis' in locale '<module 'locale' from 'C:\\Users\\ETPau\\AppData\\Local\\Programs\\Python\\Python311\\Lib\\locale.py'>'
2025-03-08 16:25:19,950 - app.utils.i18n - WARNING - Using default value for key 'main_window.start_batch_analysis': Start Batch Analysis
2025-03-08 16:25:20,623 - app.utils.i18n - WARNING - Missing translation for key 'main_window.analyze_image' in locale '<module 'locale' from 'C:\\Users\\ETPau\\AppData\\Local\\Programs\\Python\\Python311\\Lib\\locale.py'>'
2025-03-08 16:25:20,624 - app.utils.i18n - WARNING - Using default value for key 'main_window.analyze_image': Analyze Image
2025-03-08 16:25:21,095 - app.utils.i18n - WARNING - Missing translation for key 'main_window.start_batch_analysis' in locale '<module 'locale' from 'C:\\Users\\ETPau\\AppData\\Local\\Programs\\Python\\Python311\\Lib\\locale.py'>'
2025-03-08 16:25:21,095 - app.utils.i18n - WARNING - Using default value for key 'main_window.start_batch_analysis': Start Batch Analysis
2025-03-08 16:25:21,796 - app.utils.i18n - INFO - Set locale to zh_CN
2025-03-08 16:25:22,995 - app.utils.i18n - WARNING - Missing translation for key 'main_window.analyze_image' in locale '<module 'locale' from 'C:\\Users\\ETPau\\AppData\\Local\\Programs\\Python\\Python311\\Lib\\locale.py'>'
2025-03-08 16:25:22,996 - app.utils.i18n - WARNING - Using default value for key 'main_window.analyze_image': Analyze Image
2025-03-08 16:25:24,409 - app.utils.i18n - INFO - Set locale to en
2025-03-08 16:25:24,740 - app.utils.i18n - INFO - Set locale to zh_CN
2025-03-08 16:25:25,977 - app.utils.i18n - WARNING - Missing translation for key 'main_window.start_batch_analysis' in locale '<module 'locale' from 'C:\\Users\\ETPau\\AppData\\Local\\Programs\\Python\\Python311\\Lib\\locale.py'>'
2025-03-08 16:25:25,979 - app.utils.i18n - WARNING - Using default value for key 'main_window.start_batch_analysis': Start Batch Analysis
2025-03-08 16:25:27,136 - app.utils.i18n - INFO - Set locale to zh_CN
2025-03-08 16:25:29,696 - app.utils.i18n - WARNING - Missing translation for key 'main_window.project_file' in locale '<module 'locale' from 'C:\\Users\\ETPau\\AppData\\Local\\Programs\\Python\\Python311\\Lib\\locale.py'>'
2025-03-08 16:25:29,696 - app.utils.i18n - WARNING - Using default value for key 'main_window.project_file': MicroAI-Colony Project (*.maip)
2025-03-08 16:25:36,338 - app.gui.about_dialog - INFO - Initializing AboutDialog
2025-03-08 16:25:36,372 - app.gui.about_dialog - INFO - AboutDialog initialization complete
2025-03-08 16:25:39,606 - app.gui.settings_dialog - INFO - Initializing SettingsDialog
2025-03-08 16:25:39,607 - app.utils.i18n - WARNING - Missing translation for key 'settings.tab.general' in locale '<module 'locale' from 'C:\\Users\\ETPau\\AppData\\Local\\Programs\\Python\\Python311\\Lib\\locale.py'>'
2025-03-08 16:25:39,608 - app.utils.i18n - WARNING - Using default value for key 'settings.tab.general': General
2025-03-08 16:25:39,609 - app.utils.i18n - WARNING - Missing translation for key 'settings.tab.export' in locale '<module 'locale' from 'C:\\Users\\ETPau\\AppData\\Local\\Programs\\Python\\Python311\\Lib\\locale.py'>'
2025-03-08 16:25:39,609 - app.utils.i18n - WARNING - Using default value for key 'settings.tab.export': Export
2025-03-08 16:25:39,611 - app.utils.i18n - WARNING - Missing translation for key 'settings.tab.analysis' in locale '<module 'locale' from 'C:\\Users\\ETPau\\AppData\\Local\\Programs\\Python\\Python311\\Lib\\locale.py'>'
2025-03-08 16:25:39,611 - app.utils.i18n - WARNING - Using default value for key 'settings.tab.analysis': Analysis
2025-03-08 16:25:39,611 - app.utils.i18n - WARNING - Missing translation for key 'settings.language_settings' in locale '<module 'locale' from 'C:\\Users\\ETPau\\AppData\\Local\\Programs\\Python\\Python311\\Lib\\locale.py'>'
2025-03-08 16:25:39,611 - app.utils.i18n - WARNING - Using default value for key 'settings.language_settings': Language Settings
2025-03-08 16:25:39,613 - app.utils.i18n - WARNING - Missing translation for key 'settings.select_language' in locale '<module 'locale' from 'C:\\Users\\ETPau\\AppData\\Local\\Programs\\Python\\Python311\\Lib\\locale.py'>'
2025-03-08 16:25:39,613 - app.utils.i18n - WARNING - Using default value for key 'settings.select_language': Select Language:
2025-03-08 16:25:39,614 - app.utils.i18n - WARNING - Missing translation for key 'settings.tab.language' in locale '<module 'locale' from 'C:\\Users\\ETPau\\AppData\\Local\\Programs\\Python\\Python311\\Lib\\locale.py'>'
2025-03-08 16:25:39,614 - app.utils.i18n - WARNING - Using default value for key 'settings.tab.language': Language
2025-03-08 16:25:39,616 - app.gui.settings_dialog - INFO - SettingsDialog initialization complete
2025-03-08 16:25:39,618 - app.utils.i18n - WARNING - Missing translation for key 'settings.tab.general' in locale '<module 'locale' from 'C:\\Users\\ETPau\\AppData\\Local\\Programs\\Python\\Python311\\Lib\\locale.py'>'
2025-03-08 16:25:39,618 - app.utils.i18n - WARNING - Using default value for key 'settings.tab.general': General
2025-03-08 16:25:39,631 - app.utils.i18n - WARNING - Missing translation for key 'settings.tab.export' in locale '<module 'locale' from 'C:\\Users\\ETPau\\AppData\\Local\\Programs\\Python\\Python311\\Lib\\locale.py'>'
2025-03-08 16:25:39,631 - app.utils.i18n - WARNING - Using default value for key 'settings.tab.export': Export
2025-03-08 16:25:39,631 - app.utils.i18n - WARNING - Missing translation for key 'settings.tab.analysis' in locale '<module 'locale' from 'C:\\Users\\ETPau\\AppData\\Local\\Programs\\Python\\Python311\\Lib\\locale.py'>'
2025-03-08 16:25:39,631 - app.utils.i18n - WARNING - Using default value for key 'settings.tab.analysis': Analysis
2025-03-08 16:25:39,631 - app.utils.i18n - WARNING - Missing translation for key 'settings.tab.language' in locale '<module 'locale' from 'C:\\Users\\ETPau\\AppData\\Local\\Programs\\Python\\Python311\\Lib\\locale.py'>'
2025-03-08 16:25:39,632 - app.utils.i18n - WARNING - Using default value for key 'settings.tab.language': Language
2025-03-08 16:25:42,381 - app.utils.i18n - INFO - Set locale to zh_TW
2025-03-08 16:25:42,388 - app.utils.i18n - WARNING - Missing translation for key 'main_window.title' in locale '<module 'locale' from 'C:\\Users\\ETPau\\AppData\\Local\\Programs\\Python\\Python311\\Lib\\locale.py'>'
2025-03-08 16:25:42,389 - app.utils.i18n - INFO - Using fallback translation for key 'main_window.title': MicroAI-Colony
2025-03-08 16:25:42,389 - app.utils.i18n - WARNING - Missing translation for key 'image_browser.actions' in locale '<module 'locale' from 'C:\\Users\\ETPau\\AppData\\Local\\Programs\\Python\\Python311\\Lib\\locale.py'>'
2025-03-08 16:25:42,390 - app.utils.i18n - INFO - Using fallback translation for key 'image_browser.actions': Actions
2025-03-08 16:25:42,391 - app.utils.i18n - WARNING - Missing translation for key 'image_browser.image_list' in locale '<module 'locale' from 'C:\\Users\\ETPau\\AppData\\Local\\Programs\\Python\\Python311\\Lib\\locale.py'>'
2025-03-08 16:25:42,391 - app.utils.i18n - INFO - Using fallback translation for key 'image_browser.image_list': Image List
2025-03-08 16:25:42,392 - app.utils.i18n - WARNING - Missing translation for key 'image_browser.preview' in locale '<module 'locale' from 'C:\\Users\\ETPau\\AppData\\Local\\Programs\\Python\\Python311\\Lib\\locale.py'>'
2025-03-08 16:25:42,392 - app.utils.i18n - INFO - Using fallback translation for key 'image_browser.preview': Preview
2025-03-08 16:25:42,392 - app.utils.i18n - WARNING - Missing translation for key 'image_browser.import_images' in locale '<module 'locale' from 'C:\\Users\\ETPau\\AppData\\Local\\Programs\\Python\\Python311\\Lib\\locale.py'>'
2025-03-08 16:25:42,393 - app.utils.i18n - INFO - Using fallback translation for key 'image_browser.import_images': Import Images
2025-03-08 16:25:42,393 - app.utils.i18n - WARNING - Missing translation for key 'image_browser.import_images_tooltip' in locale '<module 'locale' from 'C:\\Users\\ETPau\\AppData\\Local\\Programs\\Python\\Python311\\Lib\\locale.py'>'
2025-03-08 16:25:42,394 - app.utils.i18n - INFO - Using fallback translation for key 'image_browser.import_images_tooltip': Import images for analysis
2025-03-08 16:25:42,394 - app.utils.i18n - WARNING - Missing translation for key 'image_browser.remove_selected' in locale '<module 'locale' from 'C:\\Users\\ETPau\\AppData\\Local\\Programs\\Python\\Python311\\Lib\\locale.py'>'
2025-03-08 16:25:42,394 - app.utils.i18n - INFO - Using fallback translation for key 'image_browser.remove_selected': Remove Selected
2025-03-08 16:25:42,394 - app.utils.i18n - WARNING - Missing translation for key 'image_browser.remove_selected_tooltip' in locale '<module 'locale' from 'C:\\Users\\ETPau\\AppData\\Local\\Programs\\Python\\Python311\\Lib\\locale.py'>'
2025-03-08 16:25:42,395 - app.utils.i18n - INFO - Using fallback translation for key 'image_browser.remove_selected_tooltip': Remove selected images
2025-03-08 16:25:42,395 - app.utils.i18n - WARNING - Missing translation for key 'image_browser.clear_all' in locale '<module 'locale' from 'C:\\Users\\ETPau\\AppData\\Local\\Programs\\Python\\Python311\\Lib\\locale.py'>'
2025-03-08 16:25:42,395 - app.utils.i18n - INFO - Using fallback translation for key 'image_browser.clear_all': Clear All
2025-03-08 16:25:42,396 - app.utils.i18n - WARNING - Missing translation for key 'image_browser.clear_all_tooltip' in locale '<module 'locale' from 'C:\\Users\\ETPau\\AppData\\Local\\Programs\\Python\\Python311\\Lib\\locale.py'>'
2025-03-08 16:25:42,396 - app.utils.i18n - INFO - Using fallback translation for key 'image_browser.clear_all_tooltip': Clear all images
2025-03-08 16:25:42,396 - app.utils.i18n - WARNING - Missing translation for key 'image_browser.no_image_selected' in locale '<module 'locale' from 'C:\\Users\\ETPau\\AppData\\Local\\Programs\\Python\\Python311\\Lib\\locale.py'>'
2025-03-08 16:25:42,396 - app.utils.i18n - INFO - Using fallback translation for key 'image_browser.no_image_selected': No image selected
2025-03-08 16:25:42,397 - app.utils.i18n - WARNING - Missing translation for key 'main_window.file_menu' in locale '<module 'locale' from 'C:\\Users\\ETPau\\AppData\\Local\\Programs\\Python\\Python311\\Lib\\locale.py'>'
2025-03-08 16:25:42,397 - app.utils.i18n - INFO - Using fallback translation for key 'main_window.file_menu': &File
2025-03-08 16:25:42,397 - app.utils.i18n - WARNING - Missing translation for key 'main_window.new_project' in locale '<module 'locale' from 'C:\\Users\\ETPau\\AppData\\Local\\Programs\\Python\\Python311\\Lib\\locale.py'>'
2025-03-08 16:25:42,399 - app.utils.i18n - INFO - Using fallback translation for key 'main_window.new_project': &New Project
2025-03-08 16:25:42,399 - app.utils.i18n - WARNING - Missing translation for key 'main_window.open_project' in locale '<module 'locale' from 'C:\\Users\\ETPau\\AppData\\Local\\Programs\\Python\\Python311\\Lib\\locale.py'>'
2025-03-08 16:25:42,399 - app.utils.i18n - INFO - Using fallback translation for key 'main_window.open_project': &Open Project
2025-03-08 16:25:42,400 - app.utils.i18n - WARNING - Missing translation for key 'main_window.import_images' in locale '<module 'locale' from 'C:\\Users\\ETPau\\AppData\\Local\\Programs\\Python\\Python311\\Lib\\locale.py'>'
2025-03-08 16:25:42,400 - app.utils.i18n - INFO - Using fallback translation for key 'main_window.import_images': &Import Images
2025-03-08 16:25:42,400 - app.utils.i18n - WARNING - Missing translation for key 'main_window.exit' in locale '<module 'locale' from 'C:\\Users\\ETPau\\AppData\\Local\\Programs\\Python\\Python311\\Lib\\locale.py'>'
2025-03-08 16:25:42,400 - app.utils.i18n - INFO - Using fallback translation for key 'main_window.exit': E&xit
2025-03-08 16:25:42,401 - app.utils.i18n - WARNING - Missing translation for key 'main_window.settings_menu' in locale '<module 'locale' from 'C:\\Users\\ETPau\\AppData\\Local\\Programs\\Python\\Python311\\Lib\\locale.py'>'
2025-03-08 16:25:42,401 - app.utils.i18n - INFO - Using fallback translation for key 'main_window.settings_menu': &Settings
2025-03-08 16:25:42,402 - app.utils.i18n - WARNING - Missing translation for key 'main_window.preferences' in locale '<module 'locale' from 'C:\\Users\\ETPau\\AppData\\Local\\Programs\\Python\\Python311\\Lib\\locale.py'>'
2025-03-08 16:25:42,402 - app.utils.i18n - INFO - Using fallback translation for key 'main_window.preferences': &Preferences
2025-03-08 16:25:42,402 - app.utils.i18n - WARNING - Missing translation for key 'main_window.help_menu' in locale '<module 'locale' from 'C:\\Users\\ETPau\\AppData\\Local\\Programs\\Python\\Python311\\Lib\\locale.py'>'
2025-03-08 16:25:42,403 - app.utils.i18n - INFO - Using fallback translation for key 'main_window.help_menu': &Help
2025-03-08 16:25:42,404 - app.utils.i18n - WARNING - Missing translation for key 'main_window.about' in locale '<module 'locale' from 'C:\\Users\\ETPau\\AppData\\Local\\Programs\\Python\\Python311\\Lib\\locale.py'>'
2025-03-08 16:25:42,405 - app.utils.i18n - INFO - Using fallback translation for key 'main_window.about': &About
2025-03-08 16:25:42,405 - app.utils.i18n - WARNING - Missing translation for key 'main_window.new_project' in locale '<module 'locale' from 'C:\\Users\\ETPau\\AppData\\Local\\Programs\\Python\\Python311\\Lib\\locale.py'>'
2025-03-08 16:25:42,405 - app.utils.i18n - INFO - Using fallback translation for key 'main_window.new_project': &New Project
2025-03-08 16:25:42,406 - app.utils.i18n - WARNING - Missing translation for key 'main_window.new_project_tooltip' in locale '<module 'locale' from 'C:\\Users\\ETPau\\AppData\\Local\\Programs\\Python\\Python311\\Lib\\locale.py'>'
2025-03-08 16:25:42,406 - app.utils.i18n - INFO - Using fallback translation for key 'main_window.new_project_tooltip': Create a new project
2025-03-08 16:25:42,406 - app.utils.i18n - WARNING - Missing translation for key 'main_window.open_project' in locale '<module 'locale' from 'C:\\Users\\ETPau\\AppData\\Local\\Programs\\Python\\Python311\\Lib\\locale.py'>'
2025-03-08 16:25:42,407 - app.utils.i18n - INFO - Using fallback translation for key 'main_window.open_project': &Open Project
2025-03-08 16:25:42,407 - app.utils.i18n - WARNING - Missing translation for key 'main_window.open_project_tooltip' in locale '<module 'locale' from 'C:\\Users\\ETPau\\AppData\\Local\\Programs\\Python\\Python311\\Lib\\locale.py'>'
2025-03-08 16:25:42,407 - app.utils.i18n - INFO - Using fallback translation for key 'main_window.open_project_tooltip': Open an existing project
2025-03-08 16:25:42,408 - app.utils.i18n - WARNING - Missing translation for key 'main_window.import_images' in locale '<module 'locale' from 'C:\\Users\\ETPau\\AppData\\Local\\Programs\\Python\\Python311\\Lib\\locale.py'>'
2025-03-08 16:25:42,408 - app.utils.i18n - INFO - Using fallback translation for key 'main_window.import_images': &Import Images
2025-03-08 16:25:42,408 - app.utils.i18n - WARNING - Missing translation for key 'main_window.import_images_tooltip' in locale '<module 'locale' from 'C:\\Users\\ETPau\\AppData\\Local\\Programs\\Python\\Python311\\Lib\\locale.py'>'
2025-03-08 16:25:42,409 - app.utils.i18n - INFO - Using fallback translation for key 'main_window.import_images_tooltip': Import images to current project
2025-03-08 16:25:42,410 - app.utils.i18n - WARNING - Missing translation for key 'main_window.ready' in locale '<module 'locale' from 'C:\\Users\\ETPau\\AppData\\Local\\Programs\\Python\\Python311\\Lib\\locale.py'>'
2025-03-08 16:25:42,410 - app.utils.i18n - INFO - Using fallback translation for key 'main_window.ready': Ready
2025-03-08 16:25:42,410 - app.utils.i18n - WARNING - Missing translation for key 'main_window.image_management' in locale '<module 'locale' from 'C:\\Users\\ETPau\\AppData\\Local\\Programs\\Python\\Python311\\Lib\\locale.py'>'
2025-03-08 16:25:42,411 - app.utils.i18n - INFO - Using fallback translation for key 'main_window.image_management': Image Management
2025-03-08 16:25:42,412 - app.utils.i18n - WARNING - Missing translation for key 'main_window.analysis_controls' in locale '<module 'locale' from 'C:\\Users\\ETPau\\AppData\\Local\\Programs\\Python\\Python311\\Lib\\locale.py'>'
2025-03-08 16:25:42,413 - app.utils.i18n - INFO - Using fallback translation for key 'main_window.analysis_controls': Analysis Controls
2025-03-08 16:25:42,414 - app.utils.i18n - WARNING - Missing translation for key 'main_window.analysis_mode' in locale '<module 'locale' from 'C:\\Users\\ETPau\\AppData\\Local\\Programs\\Python\\Python311\\Lib\\locale.py'>'
2025-03-08 16:25:42,415 - app.utils.i18n - INFO - Using fallback translation for key 'main_window.analysis_mode': Analysis Mode
2025-03-08 16:25:42,416 - app.utils.i18n - WARNING - Missing translation for key 'main_window.single_image' in locale '<module 'locale' from 'C:\\Users\\ETPau\\AppData\\Local\\Programs\\Python\\Python311\\Lib\\locale.py'>'
2025-03-08 16:25:42,416 - app.utils.i18n - INFO - Using fallback translation for key 'main_window.single_image': Single Image
2025-03-08 16:25:42,417 - app.utils.i18n - WARNING - Missing translation for key 'main_window.single_image_tooltip' in locale '<module 'locale' from 'C:\\Users\\ETPau\\AppData\\Local\\Programs\\Python\\Python311\\Lib\\locale.py'>'
2025-03-08 16:25:42,417 - app.utils.i18n - INFO - Using fallback translation for key 'main_window.single_image_tooltip': Analyze one image at a time
2025-03-08 16:25:42,417 - app.utils.i18n - WARNING - Missing translation for key 'main_window.batch_analysis' in locale '<module 'locale' from 'C:\\Users\\ETPau\\AppData\\Local\\Programs\\Python\\Python311\\Lib\\locale.py'>'
2025-03-08 16:25:42,418 - app.utils.i18n - INFO - Using fallback translation for key 'main_window.batch_analysis': Batch Analysis
2025-03-08 16:25:42,418 - app.utils.i18n - WARNING - Missing translation for key 'main_window.batch_analysis_tooltip' in locale '<module 'locale' from 'C:\\Users\\ETPau\\AppData\\Local\\Programs\\Python\\Python311\\Lib\\locale.py'>'
2025-03-08 16:25:42,419 - app.utils.i18n - INFO - Using fallback translation for key 'main_window.batch_analysis_tooltip': Analyze multiple images at once
2025-03-08 16:25:42,419 - app.utils.i18n - WARNING - Missing translation for key 'main_window.parameters' in locale '<module 'locale' from 'C:\\Users\\ETPau\\AppData\\Local\\Programs\\Python\\Python311\\Lib\\locale.py'>'
2025-03-08 16:25:42,419 - app.utils.i18n - INFO - Using fallback translation for key 'main_window.parameters': Parameters
2025-03-08 16:25:42,419 - app.utils.i18n - WARNING - Missing translation for key 'main_window.detection_settings' in locale '<module 'locale' from 'C:\\Users\\ETPau\\AppData\\Local\\Programs\\Python\\Python311\\Lib\\locale.py'>'
2025-03-08 16:25:42,421 - app.utils.i18n - INFO - Using fallback translation for key 'main_window.detection_settings': Detection Settings
2025-03-08 16:25:42,421 - app.utils.i18n - WARNING - Missing translation for key 'main_window.confidence_threshold' in locale '<module 'locale' from 'C:\\Users\\ETPau\\AppData\\Local\\Programs\\Python\\Python311\\Lib\\locale.py'>'
2025-03-08 16:25:42,421 - app.utils.i18n - INFO - Using fallback translation for key 'main_window.confidence_threshold': Confidence Threshold:
2025-03-08 16:25:42,422 - app.utils.i18n - WARNING - Missing translation for key 'main_window.quantitative_analysis' in locale '<module 'locale' from 'C:\\Users\\ETPau\\AppData\\Local\\Programs\\Python\\Python311\\Lib\\locale.py'>'
2025-03-08 16:25:42,422 - app.utils.i18n - INFO - Using fallback translation for key 'main_window.quantitative_analysis': Quantitative Analysis
2025-03-08 16:25:42,422 - app.utils.i18n - WARNING - Missing translation for key 'main_window.iterations' in locale '<module 'locale' from 'C:\\Users\\ETPau\\AppData\\Local\\Programs\\Python\\Python311\\Lib\\locale.py'>'
2025-03-08 16:25:42,422 - app.utils.i18n - INFO - Using fallback translation for key 'main_window.iterations': Iterations:
2025-03-08 16:25:42,423 - app.utils.i18n - WARNING - Missing translation for key 'main_window.progress' in locale '<module 'locale' from 'C:\\Users\\ETPau\\AppData\\Local\\Programs\\Python\\Python311\\Lib\\locale.py'>'
2025-03-08 16:25:42,423 - app.utils.i18n - INFO - Using fallback translation for key 'main_window.progress': Progress
2025-03-08 16:25:42,423 - app.utils.i18n - WARNING - Missing translation for key 'main_window.analysis_progress' in locale '<module 'locale' from 'C:\\Users\\ETPau\\AppData\\Local\\Programs\\Python\\Python311\\Lib\\locale.py'>'
2025-03-08 16:25:42,423 - app.utils.i18n - INFO - Using fallback translation for key 'main_window.analysis_progress': Analysis Progress:
2025-03-08 16:25:42,424 - app.utils.i18n - WARNING - Missing translation for key 'main_window.start_analysis' in locale '<module 'locale' from 'C:\\Users\\ETPau\\AppData\\Local\\Programs\\Python\\Python311\\Lib\\locale.py'>'
2025-03-08 16:25:42,424 - app.utils.i18n - INFO - Using fallback translation for key 'main_window.start_analysis': Start Analysis
2025-03-08 16:25:42,424 - app.utils.i18n - WARNING - Missing translation for key 'main_window.start_analysis_tooltip' in locale '<module 'locale' from 'C:\\Users\\ETPau\\AppData\\Local\\Programs\\Python\\Python311\\Lib\\locale.py'>'
2025-03-08 16:25:42,424 - app.utils.i18n - INFO - Using fallback translation for key 'main_window.start_analysis_tooltip': Start colony detection analysis
2025-03-08 16:25:42,425 - app.utils.i18n - WARNING - Missing translation for key 'main_window.stop' in locale '<module 'locale' from 'C:\\Users\\ETPau\\AppData\\Local\\Programs\\Python\\Python311\\Lib\\locale.py'>'
2025-03-08 16:25:42,426 - app.utils.i18n - INFO - Using fallback translation for key 'main_window.stop': Stop
2025-03-08 16:25:42,426 - app.utils.i18n - WARNING - Missing translation for key 'main_window.stop_tooltip' in locale '<module 'locale' from 'C:\\Users\\ETPau\\AppData\\Local\\Programs\\Python\\Python311\\Lib\\locale.py'>'
2025-03-08 16:25:42,427 - app.utils.i18n - INFO - Using fallback translation for key 'main_window.stop_tooltip': Stop current analysis
2025-03-08 16:25:42,427 - app.utils.i18n - WARNING - Missing translation for key 'main_window.analysis_results' in locale '<module 'locale' from 'C:\\Users\\ETPau\\AppData\\Local\\Programs\\Python\\Python311\\Lib\\locale.py'>'
2025-03-08 16:25:42,427 - app.utils.i18n - INFO - Using fallback translation for key 'main_window.analysis_results': Analysis Results
2025-03-08 16:25:42,428 - app.utils.i18n - WARNING - Missing translation for key 'main_window.language' in locale '<module 'locale' from 'C:\\Users\\ETPau\\AppData\\Local\\Programs\\Python\\Python311\\Lib\\locale.py'>'
2025-03-08 16:25:42,428 - app.utils.i18n - INFO - Using fallback translation for key 'main_window.language': Language
2025-03-08 16:25:42,428 - app.utils.i18n - WARNING - Missing translation for key 'settings.title' in locale '<module 'locale' from 'C:\\Users\\ETPau\\AppData\\Local\\Programs\\Python\\Python311\\Lib\\locale.py'>'
2025-03-08 16:25:42,429 - app.utils.i18n - INFO - Using fallback translation for key 'settings.title': Settings
2025-03-08 16:25:42,429 - app.utils.i18n - WARNING - Missing translation for key 'settings.tab.general' in locale '<module 'locale' from 'C:\\Users\\ETPau\\AppData\\Local\\Programs\\Python\\Python311\\Lib\\locale.py'>'
2025-03-08 16:25:42,430 - app.utils.i18n - WARNING - Using default value for key 'settings.tab.general': General
2025-03-08 16:25:42,430 - app.utils.i18n - WARNING - Missing translation for key 'settings.tab.export' in locale '<module 'locale' from 'C:\\Users\\ETPau\\AppData\\Local\\Programs\\Python\\Python311\\Lib\\locale.py'>'
2025-03-08 16:25:42,431 - app.utils.i18n - WARNING - Using default value for key 'settings.tab.export': Export
2025-03-08 16:25:42,431 - app.utils.i18n - WARNING - Missing translation for key 'settings.tab.analysis' in locale '<module 'locale' from 'C:\\Users\\ETPau\\AppData\\Local\\Programs\\Python\\Python311\\Lib\\locale.py'>'
2025-03-08 16:25:42,431 - app.utils.i18n - WARNING - Using default value for key 'settings.tab.analysis': Analysis
2025-03-08 16:25:42,431 - app.utils.i18n - WARNING - Missing translation for key 'settings.tab.language' in locale '<module 'locale' from 'C:\\Users\\ETPau\\AppData\\Local\\Programs\\Python\\Python311\\Lib\\locale.py'>'
2025-03-08 16:25:42,431 - app.utils.i18n - WARNING - Using default value for key 'settings.tab.language': Language
2025-03-08 16:25:42,432 - app.utils.i18n - WARNING - Missing translation for key 'settings.default_path' in locale '<module 'locale' from 'C:\\Users\\ETPau\\AppData\\Local\\Programs\\Python\\Python311\\Lib\\locale.py'>'
2025-03-08 16:25:42,432 - app.utils.i18n - INFO - Using fallback translation for key 'settings.default_path': Default Project Path:
2025-03-08 16:25:42,433 - app.utils.i18n - WARNING - Missing translation for key 'settings.default_path_tooltip' in locale '<module 'locale' from 'C:\\Users\\ETPau\\AppData\\Local\\Programs\\Python\\Python311\\Lib\\locale.py'>'
2025-03-08 16:25:42,433 - app.utils.i18n - INFO - Using fallback translation for key 'settings.default_path_tooltip': Default location for new projects
2025-03-08 16:25:42,433 - app.utils.i18n - WARNING - Missing translation for key 'settings.browse' in locale '<module 'locale' from 'C:\\Users\\ETPau\\AppData\\Local\\Programs\\Python\\Python311\\Lib\\locale.py'>'
2025-03-08 16:25:42,434 - app.utils.i18n - INFO - Using fallback translation for key 'settings.browse': Browse
2025-03-08 16:25:42,434 - app.utils.i18n - WARNING - Missing translation for key 'settings.browse_tooltip' in locale '<module 'locale' from 'C:\\Users\\ETPau\\AppData\\Local\\Programs\\Python\\Python311\\Lib\\locale.py'>'
2025-03-08 16:25:42,434 - app.utils.i18n - INFO - Using fallback translation for key 'settings.browse_tooltip': Select default project directory
2025-03-08 16:25:42,435 - app.utils.i18n - WARNING - Missing translation for key 'settings.start_maximized' in locale '<module 'locale' from 'C:\\Users\\ETPau\\AppData\\Local\\Programs\\Python\\Python311\\Lib\\locale.py'>'
2025-03-08 16:25:42,435 - app.utils.i18n - INFO - Using fallback translation for key 'settings.start_maximized': Start Maximized
2025-03-08 16:25:42,435 - app.utils.i18n - WARNING - Missing translation for key 'settings.start_maximized_tooltip' in locale '<module 'locale' from 'C:\\Users\\ETPau\\AppData\\Local\\Programs\\Python\\Python311\\Lib\\locale.py'>'
2025-03-08 16:25:42,436 - app.utils.i18n - INFO - Using fallback translation for key 'settings.start_maximized_tooltip': Start application in maximized state
2025-03-08 16:25:42,436 - app.utils.i18n - WARNING - Missing translation for key 'settings.export_formats' in locale '<module 'locale' from 'C:\\Users\\ETPau\\AppData\\Local\\Programs\\Python\\Python311\\Lib\\locale.py'>'
2025-03-08 16:25:42,436 - app.utils.i18n - INFO - Using fallback translation for key 'settings.export_formats': Export Formats:
2025-03-08 16:25:42,437 - app.utils.i18n - WARNING - Missing translation for key 'settings.json_format' in locale '<module 'locale' from 'C:\\Users\\ETPau\\AppData\\Local\\Programs\\Python\\Python311\\Lib\\locale.py'>'
2025-03-08 16:25:42,437 - app.utils.i18n - INFO - Using fallback translation for key 'settings.json_format': JSON
2025-03-08 16:25:42,438 - app.utils.i18n - WARNING - Missing translation for key 'settings.json_format_tooltip' in locale '<module 'locale' from 'C:\\Users\\ETPau\\AppData\\Local\\Programs\\Python\\Python311\\Lib\\locale.py'>'
2025-03-08 16:25:42,438 - app.utils.i18n - INFO - Using fallback translation for key 'settings.json_format_tooltip': Export results in JSON format
2025-03-08 16:25:42,438 - app.utils.i18n - WARNING - Missing translation for key 'settings.csv_format' in locale '<module 'locale' from 'C:\\Users\\ETPau\\AppData\\Local\\Programs\\Python\\Python311\\Lib\\locale.py'>'
2025-03-08 16:25:42,439 - app.utils.i18n - INFO - Using fallback translation for key 'settings.csv_format': CSV
2025-03-08 16:25:42,439 - app.utils.i18n - WARNING - Missing translation for key 'settings.csv_format_tooltip' in locale '<module 'locale' from 'C:\\Users\\ETPau\\AppData\\Local\\Programs\\Python\\Python311\\Lib\\locale.py'>'
2025-03-08 16:25:42,439 - app.utils.i18n - INFO - Using fallback translation for key 'settings.csv_format_tooltip': Export results in CSV format
2025-03-08 16:25:42,440 - app.utils.i18n - WARNING - Missing translation for key 'settings.excel_format' in locale '<module 'locale' from 'C:\\Users\\ETPau\\AppData\\Local\\Programs\\Python\\Python311\\Lib\\locale.py'>'
2025-03-08 16:25:42,440 - app.utils.i18n - INFO - Using fallback translation for key 'settings.excel_format': Excel
2025-03-08 16:25:42,440 - app.utils.i18n - WARNING - Missing translation for key 'settings.excel_format_tooltip' in locale '<module 'locale' from 'C:\\Users\\ETPau\\AppData\\Local\\Programs\\Python\\Python311\\Lib\\locale.py'>'
2025-03-08 16:25:42,440 - app.utils.i18n - INFO - Using fallback translation for key 'settings.excel_format_tooltip': Export results in Excel format
2025-03-08 16:25:42,440 - app.utils.i18n - WARNING - Missing translation for key 'settings.default_iterations' in locale '<module 'locale' from 'C:\\Users\\ETPau\\AppData\\Local\\Programs\\Python\\Python311\\Lib\\locale.py'>'
2025-03-08 16:25:42,442 - app.utils.i18n - INFO - Using fallback translation for key 'settings.default_iterations': Default Iterations:
2025-03-08 16:25:42,442 - app.utils.i18n - WARNING - Missing translation for key 'settings.iterations_tooltip' in locale '<module 'locale' from 'C:\\Users\\ETPau\\AppData\\Local\\Programs\\Python\\Python311\\Lib\\locale.py'>'
2025-03-08 16:25:42,442 - app.utils.i18n - INFO - Using fallback translation for key 'settings.iterations_tooltip': Number of iterations for analysis
2025-03-08 16:25:42,442 - app.utils.i18n - WARNING - Missing translation for key 'common.ok' in locale '<module 'locale' from 'C:\\Users\\ETPau\\AppData\\Local\\Programs\\Python\\Python311\\Lib\\locale.py'>'
2025-03-08 16:25:42,443 - app.utils.i18n - INFO - Using fallback translation for key 'common.ok': OK
2025-03-08 16:25:42,443 - app.utils.i18n - WARNING - Missing translation for key 'settings.ok_tooltip' in locale '<module 'locale' from 'C:\\Users\\ETPau\\AppData\\Local\\Programs\\Python\\Python311\\Lib\\locale.py'>'
2025-03-08 16:25:42,443 - app.utils.i18n - INFO - Using fallback translation for key 'settings.ok_tooltip': Save changes and close
2025-03-08 16:25:42,443 - app.utils.i18n - WARNING - Missing translation for key 'common.cancel' in locale '<module 'locale' from 'C:\\Users\\ETPau\\AppData\\Local\\Programs\\Python\\Python311\\Lib\\locale.py'>'
2025-03-08 16:25:42,443 - app.utils.i18n - INFO - Using fallback translation for key 'common.cancel': Cancel
2025-03-08 16:25:42,443 - app.utils.i18n - WARNING - Missing translation for key 'settings.cancel_tooltip' in locale '<module 'locale' from 'C:\\Users\\ETPau\\AppData\\Local\\Programs\\Python\\Python311\\Lib\\locale.py'>'
2025-03-08 16:25:42,444 - app.utils.i18n - INFO - Using fallback translation for key 'settings.cancel_tooltip': Discard changes and close
2025-03-08 16:25:42,859 - app.utils.i18n - INFO - Set locale to en
2025-03-08 16:25:42,861 - app.utils.i18n - WARNING - Missing translation for key 'settings.tab.general' in locale '<module 'locale' from 'C:\\Users\\ETPau\\AppData\\Local\\Programs\\Python\\Python311\\Lib\\locale.py'>'
2025-03-08 16:25:42,862 - app.utils.i18n - WARNING - Using default value for key 'settings.tab.general': General
2025-03-08 16:25:42,863 - app.utils.i18n - WARNING - Missing translation for key 'settings.tab.export' in locale '<module 'locale' from 'C:\\Users\\ETPau\\AppData\\Local\\Programs\\Python\\Python311\\Lib\\locale.py'>'
2025-03-08 16:25:42,863 - app.utils.i18n - WARNING - Using default value for key 'settings.tab.export': Export
2025-03-08 16:25:42,864 - app.utils.i18n - WARNING - Missing translation for key 'settings.tab.analysis' in locale '<module 'locale' from 'C:\\Users\\ETPau\\AppData\\Local\\Programs\\Python\\Python311\\Lib\\locale.py'>'
2025-03-08 16:25:42,864 - app.utils.i18n - WARNING - Using default value for key 'settings.tab.analysis': Analysis
2025-03-08 16:25:42,865 - app.utils.i18n - WARNING - Missing translation for key 'settings.tab.language' in locale '<module 'locale' from 'C:\\Users\\ETPau\\AppData\\Local\\Programs\\Python\\Python311\\Lib\\locale.py'>'
2025-03-08 16:25:42,865 - app.utils.i18n - WARNING - Using default value for key 'settings.tab.language': Language
2025-03-08 16:25:43,539 - app.utils.i18n - INFO - Set locale to zh_TW
2025-03-08 16:25:43,539 - app.utils.i18n - WARNING - Missing translation for key 'main_window.title' in locale '<module 'locale' from 'C:\\Users\\ETPau\\AppData\\Local\\Programs\\Python\\Python311\\Lib\\locale.py'>'
2025-03-08 16:25:43,540 - app.utils.i18n - INFO - Using fallback translation for key 'main_window.title': MicroAI-Colony
2025-03-08 16:25:43,540 - app.utils.i18n - WARNING - Missing translation for key 'image_browser.actions' in locale '<module 'locale' from 'C:\\Users\\ETPau\\AppData\\Local\\Programs\\Python\\Python311\\Lib\\locale.py'>'
2025-03-08 16:25:43,540 - app.utils.i18n - INFO - Using fallback translation for key 'image_browser.actions': Actions
2025-03-08 16:25:43,540 - app.utils.i18n - WARNING - Missing translation for key 'image_browser.image_list' in locale '<module 'locale' from 'C:\\Users\\ETPau\\AppData\\Local\\Programs\\Python\\Python311\\Lib\\locale.py'>'
2025-03-08 16:25:43,541 - app.utils.i18n - INFO - Using fallback translation for key 'image_browser.image_list': Image List
2025-03-08 16:25:43,541 - app.utils.i18n - WARNING - Missing translation for key 'image_browser.preview' in locale '<module 'locale' from 'C:\\Users\\ETPau\\AppData\\Local\\Programs\\Python\\Python311\\Lib\\locale.py'>'
2025-03-08 16:25:43,541 - app.utils.i18n - INFO - Using fallback translation for key 'image_browser.preview': Preview
2025-03-08 16:25:43,541 - app.utils.i18n - WARNING - Missing translation for key 'image_browser.import_images' in locale '<module 'locale' from 'C:\\Users\\ETPau\\AppData\\Local\\Programs\\Python\\Python311\\Lib\\locale.py'>'
2025-03-08 16:25:43,542 - app.utils.i18n - INFO - Using fallback translation for key 'image_browser.import_images': Import Images
2025-03-08 16:25:43,542 - app.utils.i18n - WARNING - Missing translation for key 'image_browser.import_images_tooltip' in locale '<module 'locale' from 'C:\\Users\\ETPau\\AppData\\Local\\Programs\\Python\\Python311\\Lib\\locale.py'>'
2025-03-08 16:25:43,542 - app.utils.i18n - INFO - Using fallback translation for key 'image_browser.import_images_tooltip': Import images for analysis
2025-03-08 16:25:43,542 - app.utils.i18n - WARNING - Missing translation for key 'image_browser.remove_selected' in locale '<module 'locale' from 'C:\\Users\\ETPau\\AppData\\Local\\Programs\\Python\\Python311\\Lib\\locale.py'>'
2025-03-08 16:25:43,542 - app.utils.i18n - INFO - Using fallback translation for key 'image_browser.remove_selected': Remove Selected
2025-03-08 16:25:43,543 - app.utils.i18n - WARNING - Missing translation for key 'image_browser.remove_selected_tooltip' in locale '<module 'locale' from 'C:\\Users\\ETPau\\AppData\\Local\\Programs\\Python\\Python311\\Lib\\locale.py'>'
2025-03-08 16:25:43,543 - app.utils.i18n - INFO - Using fallback translation for key 'image_browser.remove_selected_tooltip': Remove selected images
2025-03-08 16:25:43,543 - app.utils.i18n - WARNING - Missing translation for key 'image_browser.clear_all' in locale '<module 'locale' from 'C:\\Users\\ETPau\\AppData\\Local\\Programs\\Python\\Python311\\Lib\\locale.py'>'
2025-03-08 16:25:43,543 - app.utils.i18n - INFO - Using fallback translation for key 'image_browser.clear_all': Clear All
2025-03-08 16:25:43,543 - app.utils.i18n - WARNING - Missing translation for key 'image_browser.clear_all_tooltip' in locale '<module 'locale' from 'C:\\Users\\ETPau\\AppData\\Local\\Programs\\Python\\Python311\\Lib\\locale.py'>'
2025-03-08 16:25:43,544 - app.utils.i18n - INFO - Using fallback translation for key 'image_browser.clear_all_tooltip': Clear all images
2025-03-08 16:25:43,544 - app.utils.i18n - WARNING - Missing translation for key 'image_browser.no_image_selected' in locale '<module 'locale' from 'C:\\Users\\ETPau\\AppData\\Local\\Programs\\Python\\Python311\\Lib\\locale.py'>'
2025-03-08 16:25:43,544 - app.utils.i18n - INFO - Using fallback translation for key 'image_browser.no_image_selected': No image selected
2025-03-08 16:25:43,544 - app.utils.i18n - WARNING - Missing translation for key 'main_window.file_menu' in locale '<module 'locale' from 'C:\\Users\\ETPau\\AppData\\Local\\Programs\\Python\\Python311\\Lib\\locale.py'>'
2025-03-08 16:25:43,546 - app.utils.i18n - INFO - Using fallback translation for key 'main_window.file_menu': &File
2025-03-08 16:25:43,546 - app.utils.i18n - WARNING - Missing translation for key 'main_window.new_project' in locale '<module 'locale' from 'C:\\Users\\ETPau\\AppData\\Local\\Programs\\Python\\Python311\\Lib\\locale.py'>'
2025-03-08 16:25:43,546 - app.utils.i18n - INFO - Using fallback translation for key 'main_window.new_project': &New Project
2025-03-08 16:25:43,546 - app.utils.i18n - WARNING - Missing translation for key 'main_window.open_project' in locale '<module 'locale' from 'C:\\Users\\ETPau\\AppData\\Local\\Programs\\Python\\Python311\\Lib\\locale.py'>'
2025-03-08 16:25:43,546 - app.utils.i18n - INFO - Using fallback translation for key 'main_window.open_project': &Open Project
2025-03-08 16:25:43,547 - app.utils.i18n - WARNING - Missing translation for key 'main_window.import_images' in locale '<module 'locale' from 'C:\\Users\\ETPau\\AppData\\Local\\Programs\\Python\\Python311\\Lib\\locale.py'>'
2025-03-08 16:25:43,547 - app.utils.i18n - INFO - Using fallback translation for key 'main_window.import_images': &Import Images
2025-03-08 16:25:43,547 - app.utils.i18n - WARNING - Missing translation for key 'main_window.exit' in locale '<module 'locale' from 'C:\\Users\\ETPau\\AppData\\Local\\Programs\\Python\\Python311\\Lib\\locale.py'>'
2025-03-08 16:25:43,548 - app.utils.i18n - INFO - Using fallback translation for key 'main_window.exit': E&xit
2025-03-08 16:25:43,548 - app.utils.i18n - WARNING - Missing translation for key 'main_window.settings_menu' in locale '<module 'locale' from 'C:\\Users\\ETPau\\AppData\\Local\\Programs\\Python\\Python311\\Lib\\locale.py'>'
2025-03-08 16:25:43,548 - app.utils.i18n - INFO - Using fallback translation for key 'main_window.settings_menu': &Settings
2025-03-08 16:25:43,548 - app.utils.i18n - WARNING - Missing translation for key 'main_window.preferences' in locale '<module 'locale' from 'C:\\Users\\ETPau\\AppData\\Local\\Programs\\Python\\Python311\\Lib\\locale.py'>'
2025-03-08 16:25:43,548 - app.utils.i18n - INFO - Using fallback translation for key 'main_window.preferences': &Preferences
2025-03-08 16:25:43,549 - app.utils.i18n - WARNING - Missing translation for key 'main_window.help_menu' in locale '<module 'locale' from 'C:\\Users\\ETPau\\AppData\\Local\\Programs\\Python\\Python311\\Lib\\locale.py'>'
2025-03-08 16:25:43,549 - app.utils.i18n - INFO - Using fallback translation for key 'main_window.help_menu': &Help
2025-03-08 16:25:43,549 - app.utils.i18n - WARNING - Missing translation for key 'main_window.about' in locale '<module 'locale' from 'C:\\Users\\ETPau\\AppData\\Local\\Programs\\Python\\Python311\\Lib\\locale.py'>'
2025-03-08 16:25:43,549 - app.utils.i18n - INFO - Using fallback translation for key 'main_window.about': &About
2025-03-08 16:25:43,550 - app.utils.i18n - WARNING - Missing translation for key 'main_window.new_project' in locale '<module 'locale' from 'C:\\Users\\ETPau\\AppData\\Local\\Programs\\Python\\Python311\\Lib\\locale.py'>'
2025-03-08 16:25:43,550 - app.utils.i18n - INFO - Using fallback translation for key 'main_window.new_project': &New Project
2025-03-08 16:25:43,550 - app.utils.i18n - WARNING - Missing translation for key 'main_window.new_project_tooltip' in locale '<module 'locale' from 'C:\\Users\\ETPau\\AppData\\Local\\Programs\\Python\\Python311\\Lib\\locale.py'>'
2025-03-08 16:25:43,550 - app.utils.i18n - INFO - Using fallback translation for key 'main_window.new_project_tooltip': Create a new project
2025-03-08 16:25:43,551 - app.utils.i18n - WARNING - Missing translation for key 'main_window.open_project' in locale '<module 'locale' from 'C:\\Users\\ETPau\\AppData\\Local\\Programs\\Python\\Python311\\Lib\\locale.py'>'
2025-03-08 16:25:43,551 - app.utils.i18n - INFO - Using fallback translation for key 'main_window.open_project': &Open Project
2025-03-08 16:25:43,551 - app.utils.i18n - WARNING - Missing translation for key 'main_window.open_project_tooltip' in locale '<module 'locale' from 'C:\\Users\\ETPau\\AppData\\Local\\Programs\\Python\\Python311\\Lib\\locale.py'>'
2025-03-08 16:25:43,551 - app.utils.i18n - INFO - Using fallback translation for key 'main_window.open_project_tooltip': Open an existing project
2025-03-08 16:25:43,552 - app.utils.i18n - WARNING - Missing translation for key 'main_window.import_images' in locale '<module 'locale' from 'C:\\Users\\ETPau\\AppData\\Local\\Programs\\Python\\Python311\\Lib\\locale.py'>'
2025-03-08 16:25:43,552 - app.utils.i18n - INFO - Using fallback translation for key 'main_window.import_images': &Import Images
2025-03-08 16:25:43,552 - app.utils.i18n - WARNING - Missing translation for key 'main_window.import_images_tooltip' in locale '<module 'locale' from 'C:\\Users\\ETPau\\AppData\\Local\\Programs\\Python\\Python311\\Lib\\locale.py'>'
2025-03-08 16:25:43,553 - app.utils.i18n - INFO - Using fallback translation for key 'main_window.import_images_tooltip': Import images to current project
2025-03-08 16:25:43,553 - app.utils.i18n - WARNING - Missing translation for key 'main_window.ready' in locale '<module 'locale' from 'C:\\Users\\ETPau\\AppData\\Local\\Programs\\Python\\Python311\\Lib\\locale.py'>'
2025-03-08 16:25:43,553 - app.utils.i18n - INFO - Using fallback translation for key 'main_window.ready': Ready
2025-03-08 16:25:43,553 - app.utils.i18n - WARNING - Missing translation for key 'main_window.image_management' in locale '<module 'locale' from 'C:\\Users\\ETPau\\AppData\\Local\\Programs\\Python\\Python311\\Lib\\locale.py'>'
2025-03-08 16:25:43,553 - app.utils.i18n - INFO - Using fallback translation for key 'main_window.image_management': Image Management
2025-03-08 16:25:43,554 - app.utils.i18n - WARNING - Missing translation for key 'main_window.analysis_controls' in locale '<module 'locale' from 'C:\\Users\\ETPau\\AppData\\Local\\Programs\\Python\\Python311\\Lib\\locale.py'>'
2025-03-08 16:25:43,554 - app.utils.i18n - INFO - Using fallback translation for key 'main_window.analysis_controls': Analysis Controls
2025-03-08 16:25:43,554 - app.utils.i18n - WARNING - Missing translation for key 'main_window.analysis_mode' in locale '<module 'locale' from 'C:\\Users\\ETPau\\AppData\\Local\\Programs\\Python\\Python311\\Lib\\locale.py'>'
2025-03-08 16:25:43,555 - app.utils.i18n - INFO - Using fallback translation for key 'main_window.analysis_mode': Analysis Mode
2025-03-08 16:25:43,555 - app.utils.i18n - WARNING - Missing translation for key 'main_window.single_image' in locale '<module 'locale' from 'C:\\Users\\ETPau\\AppData\\Local\\Programs\\Python\\Python311\\Lib\\locale.py'>'
2025-03-08 16:25:43,555 - app.utils.i18n - INFO - Using fallback translation for key 'main_window.single_image': Single Image
2025-03-08 16:25:43,555 - app.utils.i18n - WARNING - Missing translation for key 'main_window.single_image_tooltip' in locale '<module 'locale' from 'C:\\Users\\ETPau\\AppData\\Local\\Programs\\Python\\Python311\\Lib\\locale.py'>'
2025-03-08 16:25:43,556 - app.utils.i18n - INFO - Using fallback translation for key 'main_window.single_image_tooltip': Analyze one image at a time
2025-03-08 16:25:43,556 - app.utils.i18n - WARNING - Missing translation for key 'main_window.batch_analysis' in locale '<module 'locale' from 'C:\\Users\\ETPau\\AppData\\Local\\Programs\\Python\\Python311\\Lib\\locale.py'>'
2025-03-08 16:25:43,556 - app.utils.i18n - INFO - Using fallback translation for key 'main_window.batch_analysis': Batch Analysis
2025-03-08 16:25:43,556 - app.utils.i18n - WARNING - Missing translation for key 'main_window.batch_analysis_tooltip' in locale '<module 'locale' from 'C:\\Users\\ETPau\\AppData\\Local\\Programs\\Python\\Python311\\Lib\\locale.py'>'
2025-03-08 16:25:43,556 - app.utils.i18n - INFO - Using fallback translation for key 'main_window.batch_analysis_tooltip': Analyze multiple images at once
2025-03-08 16:25:43,557 - app.utils.i18n - WARNING - Missing translation for key 'main_window.parameters' in locale '<module 'locale' from 'C:\\Users\\ETPau\\AppData\\Local\\Programs\\Python\\Python311\\Lib\\locale.py'>'
2025-03-08 16:25:43,557 - app.utils.i18n - INFO - Using fallback translation for key 'main_window.parameters': Parameters
2025-03-08 16:25:43,557 - app.utils.i18n - WARNING - Missing translation for key 'main_window.detection_settings' in locale '<module 'locale' from 'C:\\Users\\ETPau\\AppData\\Local\\Programs\\Python\\Python311\\Lib\\locale.py'>'
2025-03-08 16:25:43,557 - app.utils.i18n - INFO - Using fallback translation for key 'main_window.detection_settings': Detection Settings
2025-03-08 16:25:43,557 - app.utils.i18n - WARNING - Missing translation for key 'main_window.confidence_threshold' in locale '<module 'locale' from 'C:\\Users\\ETPau\\AppData\\Local\\Programs\\Python\\Python311\\Lib\\locale.py'>'
2025-03-08 16:25:43,557 - app.utils.i18n - INFO - Using fallback translation for key 'main_window.confidence_threshold': Confidence Threshold:
2025-03-08 16:25:43,559 - app.utils.i18n - WARNING - Missing translation for key 'main_window.quantitative_analysis' in locale '<module 'locale' from 'C:\\Users\\ETPau\\AppData\\Local\\Programs\\Python\\Python311\\Lib\\locale.py'>'
2025-03-08 16:25:43,559 - app.utils.i18n - INFO - Using fallback translation for key 'main_window.quantitative_analysis': Quantitative Analysis
2025-03-08 16:25:43,559 - app.utils.i18n - WARNING - Missing translation for key 'main_window.iterations' in locale '<module 'locale' from 'C:\\Users\\ETPau\\AppData\\Local\\Programs\\Python\\Python311\\Lib\\locale.py'>'
2025-03-08 16:25:43,559 - app.utils.i18n - INFO - Using fallback translation for key 'main_window.iterations': Iterations:
2025-03-08 16:25:43,559 - app.utils.i18n - WARNING - Missing translation for key 'main_window.progress' in locale '<module 'locale' from 'C:\\Users\\ETPau\\AppData\\Local\\Programs\\Python\\Python311\\Lib\\locale.py'>'
2025-03-08 16:25:43,560 - app.utils.i18n - INFO - Using fallback translation for key 'main_window.progress': Progress
2025-03-08 16:25:43,560 - app.utils.i18n - WARNING - Missing translation for key 'main_window.analysis_progress' in locale '<module 'locale' from 'C:\\Users\\ETPau\\AppData\\Local\\Programs\\Python\\Python311\\Lib\\locale.py'>'
2025-03-08 16:25:43,560 - app.utils.i18n - INFO - Using fallback translation for key 'main_window.analysis_progress': Analysis Progress:
2025-03-08 16:25:43,560 - app.utils.i18n - WARNING - Missing translation for key 'main_window.start_analysis' in locale '<module 'locale' from 'C:\\Users\\ETPau\\AppData\\Local\\Programs\\Python\\Python311\\Lib\\locale.py'>'
2025-03-08 16:25:43,560 - app.utils.i18n - INFO - Using fallback translation for key 'main_window.start_analysis': Start Analysis
2025-03-08 16:25:43,560 - app.utils.i18n - WARNING - Missing translation for key 'main_window.start_analysis_tooltip' in locale '<module 'locale' from 'C:\\Users\\ETPau\\AppData\\Local\\Programs\\Python\\Python311\\Lib\\locale.py'>'
2025-03-08 16:25:43,561 - app.utils.i18n - INFO - Using fallback translation for key 'main_window.start_analysis_tooltip': Start colony detection analysis
2025-03-08 16:25:43,561 - app.utils.i18n - WARNING - Missing translation for key 'main_window.stop' in locale '<module 'locale' from 'C:\\Users\\ETPau\\AppData\\Local\\Programs\\Python\\Python311\\Lib\\locale.py'>'
2025-03-08 16:25:43,561 - app.utils.i18n - INFO - Using fallback translation for key 'main_window.stop': Stop
2025-03-08 16:25:43,561 - app.utils.i18n - WARNING - Missing translation for key 'main_window.stop_tooltip' in locale '<module 'locale' from 'C:\\Users\\ETPau\\AppData\\Local\\Programs\\Python\\Python311\\Lib\\locale.py'>'
2025-03-08 16:25:43,562 - app.utils.i18n - INFO - Using fallback translation for key 'main_window.stop_tooltip': Stop current analysis
2025-03-08 16:25:43,562 - app.utils.i18n - WARNING - Missing translation for key 'main_window.analysis_results' in locale '<module 'locale' from 'C:\\Users\\ETPau\\AppData\\Local\\Programs\\Python\\Python311\\Lib\\locale.py'>'
2025-03-08 16:25:43,562 - app.utils.i18n - INFO - Using fallback translation for key 'main_window.analysis_results': Analysis Results
2025-03-08 16:25:43,562 - app.utils.i18n - WARNING - Missing translation for key 'main_window.language' in locale '<module 'locale' from 'C:\\Users\\ETPau\\AppData\\Local\\Programs\\Python\\Python311\\Lib\\locale.py'>'
2025-03-08 16:25:43,562 - app.utils.i18n - INFO - Using fallback translation for key 'main_window.language': Language
2025-03-08 16:25:43,564 - app.utils.i18n - WARNING - Missing translation for key 'settings.title' in locale '<module 'locale' from 'C:\\Users\\ETPau\\AppData\\Local\\Programs\\Python\\Python311\\Lib\\locale.py'>'
2025-03-08 16:25:43,564 - app.utils.i18n - INFO - Using fallback translation for key 'settings.title': Settings
2025-03-08 16:25:43,564 - app.utils.i18n - WARNING - Missing translation for key 'settings.tab.general' in locale '<module 'locale' from 'C:\\Users\\ETPau\\AppData\\Local\\Programs\\Python\\Python311\\Lib\\locale.py'>'
2025-03-08 16:25:43,564 - app.utils.i18n - WARNING - Using default value for key 'settings.tab.general': General
2025-03-08 16:25:43,565 - app.utils.i18n - WARNING - Missing translation for key 'settings.tab.export' in locale '<module 'locale' from 'C:\\Users\\ETPau\\AppData\\Local\\Programs\\Python\\Python311\\Lib\\locale.py'>'
2025-03-08 16:25:43,565 - app.utils.i18n - WARNING - Using default value for key 'settings.tab.export': Export
2025-03-08 16:25:43,565 - app.utils.i18n - WARNING - Missing translation for key 'settings.tab.analysis' in locale '<module 'locale' from 'C:\\Users\\ETPau\\AppData\\Local\\Programs\\Python\\Python311\\Lib\\locale.py'>'
2025-03-08 16:25:43,565 - app.utils.i18n - WARNING - Using default value for key 'settings.tab.analysis': Analysis
2025-03-08 16:25:43,566 - app.utils.i18n - WARNING - Missing translation for key 'settings.tab.language' in locale '<module 'locale' from 'C:\\Users\\ETPau\\AppData\\Local\\Programs\\Python\\Python311\\Lib\\locale.py'>'
2025-03-08 16:25:43,566 - app.utils.i18n - WARNING - Using default value for key 'settings.tab.language': Language
2025-03-08 16:25:43,567 - app.utils.i18n - WARNING - Missing translation for key 'settings.default_path' in locale '<module 'locale' from 'C:\\Users\\ETPau\\AppData\\Local\\Programs\\Python\\Python311\\Lib\\locale.py'>'
2025-03-08 16:25:43,567 - app.utils.i18n - INFO - Using fallback translation for key 'settings.default_path': Default Project Path:
2025-03-08 16:25:43,567 - app.utils.i18n - WARNING - Missing translation for key 'settings.default_path_tooltip' in locale '<module 'locale' from 'C:\\Users\\ETPau\\AppData\\Local\\Programs\\Python\\Python311\\Lib\\locale.py'>'
2025-03-08 16:25:43,567 - app.utils.i18n - INFO - Using fallback translation for key 'settings.default_path_tooltip': Default location for new projects
2025-03-08 16:25:43,568 - app.utils.i18n - WARNING - Missing translation for key 'settings.browse' in locale '<module 'locale' from 'C:\\Users\\ETPau\\AppData\\Local\\Programs\\Python\\Python311\\Lib\\locale.py'>'
2025-03-08 16:25:43,568 - app.utils.i18n - INFO - Using fallback translation for key 'settings.browse': Browse
2025-03-08 16:25:43,568 - app.utils.i18n - WARNING - Missing translation for key 'settings.browse_tooltip' in locale '<module 'locale' from 'C:\\Users\\ETPau\\AppData\\Local\\Programs\\Python\\Python311\\Lib\\locale.py'>'
2025-03-08 16:25:43,569 - app.utils.i18n - INFO - Using fallback translation for key 'settings.browse_tooltip': Select default project directory
2025-03-08 16:25:43,569 - app.utils.i18n - WARNING - Missing translation for key 'settings.start_maximized' in locale '<module 'locale' from 'C:\\Users\\ETPau\\AppData\\Local\\Programs\\Python\\Python311\\Lib\\locale.py'>'
2025-03-08 16:25:43,569 - app.utils.i18n - INFO - Using fallback translation for key 'settings.start_maximized': Start Maximized
2025-03-08 16:25:43,569 - app.utils.i18n - WARNING - Missing translation for key 'settings.start_maximized_tooltip' in locale '<module 'locale' from 'C:\\Users\\ETPau\\AppData\\Local\\Programs\\Python\\Python311\\Lib\\locale.py'>'
2025-03-08 16:25:43,570 - app.utils.i18n - INFO - Using fallback translation for key 'settings.start_maximized_tooltip': Start application in maximized state
2025-03-08 16:25:43,570 - app.utils.i18n - WARNING - Missing translation for key 'settings.export_formats' in locale '<module 'locale' from 'C:\\Users\\ETPau\\AppData\\Local\\Programs\\Python\\Python311\\Lib\\locale.py'>'
2025-03-08 16:25:43,570 - app.utils.i18n - INFO - Using fallback translation for key 'settings.export_formats': Export Formats:
2025-03-08 16:25:43,570 - app.utils.i18n - WARNING - Missing translation for key 'settings.json_format' in locale '<module 'locale' from 'C:\\Users\\ETPau\\AppData\\Local\\Programs\\Python\\Python311\\Lib\\locale.py'>'
2025-03-08 16:25:43,570 - app.utils.i18n - INFO - Using fallback translation for key 'settings.json_format': JSON
2025-03-08 16:25:43,570 - app.utils.i18n - WARNING - Missing translation for key 'settings.json_format_tooltip' in locale '<module 'locale' from 'C:\\Users\\ETPau\\AppData\\Local\\Programs\\Python\\Python311\\Lib\\locale.py'>'
2025-03-08 16:25:43,572 - app.utils.i18n - INFO - Using fallback translation for key 'settings.json_format_tooltip': Export results in JSON format
2025-03-08 16:25:43,572 - app.utils.i18n - WARNING - Missing translation for key 'settings.csv_format' in locale '<module 'locale' from 'C:\\Users\\ETPau\\AppData\\Local\\Programs\\Python\\Python311\\Lib\\locale.py'>'
2025-03-08 16:25:43,572 - app.utils.i18n - INFO - Using fallback translation for key 'settings.csv_format': CSV
2025-03-08 16:25:43,573 - app.utils.i18n - WARNING - Missing translation for key 'settings.csv_format_tooltip' in locale '<module 'locale' from 'C:\\Users\\ETPau\\AppData\\Local\\Programs\\Python\\Python311\\Lib\\locale.py'>'
2025-03-08 16:25:43,573 - app.utils.i18n - INFO - Using fallback translation for key 'settings.csv_format_tooltip': Export results in CSV format
2025-03-08 16:25:43,573 - app.utils.i18n - WARNING - Missing translation for key 'settings.excel_format' in locale '<module 'locale' from 'C:\\Users\\ETPau\\AppData\\Local\\Programs\\Python\\Python311\\Lib\\locale.py'>'
2025-03-08 16:25:43,573 - app.utils.i18n - INFO - Using fallback translation for key 'settings.excel_format': Excel
2025-03-08 16:25:43,574 - app.utils.i18n - WARNING - Missing translation for key 'settings.excel_format_tooltip' in locale '<module 'locale' from 'C:\\Users\\ETPau\\AppData\\Local\\Programs\\Python\\Python311\\Lib\\locale.py'>'
2025-03-08 16:25:43,574 - app.utils.i18n - INFO - Using fallback translation for key 'settings.excel_format_tooltip': Export results in Excel format
2025-03-08 16:25:43,574 - app.utils.i18n - WARNING - Missing translation for key 'settings.default_iterations' in locale '<module 'locale' from 'C:\\Users\\ETPau\\AppData\\Local\\Programs\\Python\\Python311\\Lib\\locale.py'>'
2025-03-08 16:25:43,574 - app.utils.i18n - INFO - Using fallback translation for key 'settings.default_iterations': Default Iterations:
2025-03-08 16:25:43,575 - app.utils.i18n - WARNING - Missing translation for key 'settings.iterations_tooltip' in locale '<module 'locale' from 'C:\\Users\\ETPau\\AppData\\Local\\Programs\\Python\\Python311\\Lib\\locale.py'>'
2025-03-08 16:25:43,575 - app.utils.i18n - INFO - Using fallback translation for key 'settings.iterations_tooltip': Number of iterations for analysis
2025-03-08 16:25:43,575 - app.utils.i18n - WARNING - Missing translation for key 'common.ok' in locale '<module 'locale' from 'C:\\Users\\ETPau\\AppData\\Local\\Programs\\Python\\Python311\\Lib\\locale.py'>'
2025-03-08 16:25:43,575 - app.utils.i18n - INFO - Using fallback translation for key 'common.ok': OK
2025-03-08 16:25:43,576 - app.utils.i18n - WARNING - Missing translation for key 'settings.ok_tooltip' in locale '<module 'locale' from 'C:\\Users\\ETPau\\AppData\\Local\\Programs\\Python\\Python311\\Lib\\locale.py'>'
2025-03-08 16:25:43,576 - app.utils.i18n - INFO - Using fallback translation for key 'settings.ok_tooltip': Save changes and close
2025-03-08 16:25:43,576 - app.utils.i18n - WARNING - Missing translation for key 'common.cancel' in locale '<module 'locale' from 'C:\\Users\\ETPau\\AppData\\Local\\Programs\\Python\\Python311\\Lib\\locale.py'>'
2025-03-08 16:25:43,576 - app.utils.i18n - INFO - Using fallback translation for key 'common.cancel': Cancel
2025-03-08 16:25:43,576 - app.utils.i18n - WARNING - Missing translation for key 'settings.cancel_tooltip' in locale '<module 'locale' from 'C:\\Users\\ETPau\\AppData\\Local\\Programs\\Python\\Python311\\Lib\\locale.py'>'
2025-03-08 16:25:43,576 - app.utils.i18n - INFO - Using fallback translation for key 'settings.cancel_tooltip': Discard changes and close
2025-03-08 16:25:43,906 - app.utils.i18n - INFO - Set locale to zh_CN
2025-03-08 16:25:43,908 - app.utils.i18n - WARNING - Missing translation for key 'settings.tab.general' in locale '<module 'locale' from 'C:\\Users\\ETPau\\AppData\\Local\\Programs\\Python\\Python311\\Lib\\locale.py'>'
2025-03-08 16:25:43,908 - app.utils.i18n - WARNING - Using default value for key 'settings.tab.general': General
2025-03-08 16:25:43,908 - app.utils.i18n - WARNING - Missing translation for key 'settings.tab.export' in locale '<module 'locale' from 'C:\\Users\\ETPau\\AppData\\Local\\Programs\\Python\\Python311\\Lib\\locale.py'>'
2025-03-08 16:25:43,909 - app.utils.i18n - WARNING - Using default value for key 'settings.tab.export': Export
2025-03-08 16:25:43,909 - app.utils.i18n - WARNING - Missing translation for key 'settings.tab.analysis' in locale '<module 'locale' from 'C:\\Users\\ETPau\\AppData\\Local\\Programs\\Python\\Python311\\Lib\\locale.py'>'
2025-03-08 16:25:43,909 - app.utils.i18n - WARNING - Using default value for key 'settings.tab.analysis': Analysis
2025-03-08 16:25:43,909 - app.utils.i18n - WARNING - Missing translation for key 'settings.tab.language' in locale '<module 'locale' from 'C:\\Users\\ETPau\\AppData\\Local\\Programs\\Python\\Python311\\Lib\\locale.py'>'
2025-03-08 16:25:43,909 - app.utils.i18n - WARNING - Using default value for key 'settings.tab.language': Language
2025-03-08 16:25:44,267 - app.utils.i18n - INFO - Set locale to en
2025-03-08 16:25:44,268 - app.utils.i18n - WARNING - Missing translation for key 'settings.tab.general' in locale '<module 'locale' from 'C:\\Users\\ETPau\\AppData\\Local\\Programs\\Python\\Python311\\Lib\\locale.py'>'
2025-03-08 16:25:44,268 - app.utils.i18n - WARNING - Using default value for key 'settings.tab.general': General
2025-03-08 16:25:44,268 - app.utils.i18n - WARNING - Missing translation for key 'settings.tab.export' in locale '<module 'locale' from 'C:\\Users\\ETPau\\AppData\\Local\\Programs\\Python\\Python311\\Lib\\locale.py'>'
2025-03-08 16:25:44,268 - app.utils.i18n - WARNING - Using default value for key 'settings.tab.export': Export
2025-03-08 16:25:44,269 - app.utils.i18n - WARNING - Missing translation for key 'settings.tab.analysis' in locale '<module 'locale' from 'C:\\Users\\ETPau\\AppData\\Local\\Programs\\Python\\Python311\\Lib\\locale.py'>'
2025-03-08 16:25:44,270 - app.utils.i18n - WARNING - Using default value for key 'settings.tab.analysis': Analysis
2025-03-08 16:25:44,270 - app.utils.i18n - WARNING - Missing translation for key 'settings.tab.language' in locale '<module 'locale' from 'C:\\Users\\ETPau\\AppData\\Local\\Programs\\Python\\Python311\\Lib\\locale.py'>'
2025-03-08 16:25:44,270 - app.utils.i18n - WARNING - Using default value for key 'settings.tab.language': Language
2025-03-08 16:27:49,474 - __main__ - INFO - Logging initialized
2025-03-08 16:27:49,523 - __main__ - INFO - Application started: MicroAI-Colony 1.0.0
2025-03-08 16:27:49,524 - __main__ - INFO - Platform: win32, Python: 3.11.0 (main, Oct 24 2022, 18:26:48) [MSC v.1933 64 bit (AMD64)]
2025-03-08 16:27:49,524 - __main__ - INFO - Using font: Microsoft YaHei UI
2025-03-08 16:27:49,525 - app.utils.path_manager - INFO - Application directories created successfully
2025-03-08 16:27:49,525 - __main__ - INFO - Application directories created
2025-03-08 16:27:49,526 - app.utils.config - INFO - Configuration loaded successfully
2025-03-08 16:27:49,526 - app.utils.config - INFO - Configuration loaded successfully
2025-03-08 16:27:49,526 - __main__ - INFO - Configuration initialized
2025-03-08 16:27:49,527 - app.utils.i18n - INFO - Loading translations
2025-03-08 16:27:49,528 - app.utils.i18n - INFO - Loaded 111 translations for en
2025-03-08 16:27:49,528 - app.utils.i18n - INFO - Loaded 111 translations for zh_CN
2025-03-08 16:27:49,528 - app.utils.i18n - INFO - Loaded 87 translations for zh_TW
2025-03-08 16:27:49,529 - app.utils.i18n - INFO - Total loaded translations: 309
2025-03-08 16:27:49,529 - app.utils.i18n - INFO - Available locales: ['en', 'zh_CN', 'zh_TW']
2025-03-08 16:27:49,529 - app.utils.i18n - INFO - Using configured locale: en
2025-03-08 16:27:49,529 - app.utils.i18n - INFO - === Translation Status ===
2025-03-08 16:27:49,529 - app.utils.i18n - INFO - Current locale: en
2025-03-08 16:27:49,530 - app.utils.i18n - INFO - Available locales: ['en', 'zh_CN', 'zh_TW']
2025-03-08 16:27:49,530 - app.utils.i18n - INFO - Initialized: True
2025-03-08 16:27:49,530 - app.utils.i18n - INFO - Loaded strings for current locale: 111
2025-03-08 16:27:49,530 - app.utils.i18n - INFO - =====================
2025-03-08 16:27:49,530 - app.utils.i18n - INFO - Translations initialized successfully
2025-03-08 16:27:49,531 - __main__ - INFO - Installed Qt translation for en
2025-03-08 16:27:49,531 - __main__ - INFO - Translations initialized. Current locale: en
2025-03-08 16:27:49,532 - __main__ - INFO - Theme applied successfully
2025-03-08 16:27:49,532 - __main__ - INFO - Creating main window...
2025-03-08 16:27:49,533 - app.gui.main_window - INFO - Initializing MainWindow
2025-03-08 16:27:49,534 - app.gui.image_list_widget - INFO - Initializing ImageBrowser
2025-03-08 16:27:49,535 - app.gui.image_list_widget - INFO - Preview label initialized
2025-03-08 16:27:49,535 - app.gui.image_list_widget - INFO - btn_import created
2025-03-08 16:27:49,535 - app.gui.image_list_widget - INFO - btn_remove created
2025-03-08 16:27:49,536 - app.gui.image_list_widget - INFO - btn_clear created
2025-03-08 16:27:49,536 - app.gui.image_list_widget - INFO - Buttons created
2025-03-08 16:27:49,536 - app.gui.image_list_widget - INFO - Setting up ImageBrowser UI
2025-03-08 16:27:49,536 - app.gui.image_list_widget - INFO - QHBoxLayout created
2025-03-08 16:27:49,537 - app.gui.image_list_widget - INFO - Button group created
2025-03-08 16:27:49,537 - app.gui.image_list_widget - INFO - List group created
2025-03-08 16:27:49,538 - app.gui.image_list_widget - INFO - QVBoxLayout created
2025-03-08 16:27:49,538 - app.gui.image_list_widget - INFO - Groups added to left panel
2025-03-08 16:27:49,538 - app.gui.image_list_widget - INFO - Left panel added to layout
2025-03-08 16:27:49,538 - app.gui.image_list_widget - INFO - Preview group added to layout
2025-03-08 16:27:49,539 - app.gui.image_list_widget - INFO - Layout set
2025-03-08 16:27:49,539 - app.gui.image_list_widget - INFO - Button states updated
2025-03-08 16:27:49,539 - app.gui.image_list_widget - INFO - UI setup complete
2025-03-08 16:27:49,540 - app.gui.image_list_widget - INFO - Signals connected
2025-03-08 16:27:49,540 - app.gui.image_list_widget - INFO - ImageBrowser initialization complete
2025-03-08 16:27:49,547 - app.gui.result_visualizer - INFO - Initializing ResultVisualizer
2025-03-08 16:27:49,550 - app.gui.result_visualizer - INFO - ResultVisualizer initialization complete
2025-03-08 16:27:49,578 - app.gui.main_window - INFO - MainWindow initialization complete
2025-03-08 16:27:49,578 - app.gui.settings_dialog - INFO - Initializing SettingsDialog
2025-03-08 16:27:49,579 - app.utils.i18n - WARNING - Missing translation for key 'settings.tab.general' in locale '<module 'locale' from 'C:\\Users\\ETPau\\AppData\\Local\\Programs\\Python\\Python311\\Lib\\locale.py'>'
2025-03-08 16:27:49,580 - app.utils.i18n - WARNING - Using default value for key 'settings.tab.general': General
2025-03-08 16:27:49,581 - app.utils.i18n - WARNING - Missing translation for key 'settings.tab.export' in locale '<module 'locale' from 'C:\\Users\\ETPau\\AppData\\Local\\Programs\\Python\\Python311\\Lib\\locale.py'>'
2025-03-08 16:27:49,581 - app.utils.i18n - WARNING - Using default value for key 'settings.tab.export': Export
2025-03-08 16:27:49,583 - app.utils.i18n - WARNING - Missing translation for key 'settings.tab.analysis' in locale '<module 'locale' from 'C:\\Users\\ETPau\\AppData\\Local\\Programs\\Python\\Python311\\Lib\\locale.py'>'
2025-03-08 16:27:49,583 - app.utils.i18n - WARNING - Using default value for key 'settings.tab.analysis': Analysis
2025-03-08 16:27:49,584 - app.utils.i18n - WARNING - Missing translation for key 'settings.language_settings' in locale '<module 'locale' from 'C:\\Users\\ETPau\\AppData\\Local\\Programs\\Python\\Python311\\Lib\\locale.py'>'
2025-03-08 16:27:49,584 - app.utils.i18n - WARNING - Using default value for key 'settings.language_settings': Language Settings
2025-03-08 16:27:49,584 - app.utils.i18n - WARNING - Missing translation for key 'settings.select_language' in locale '<module 'locale' from 'C:\\Users\\ETPau\\AppData\\Local\\Programs\\Python\\Python311\\Lib\\locale.py'>'
2025-03-08 16:27:49,584 - app.utils.i18n - WARNING - Using default value for key 'settings.select_language': Select Language:
2025-03-08 16:27:49,585 - app.utils.i18n - WARNING - Missing translation for key 'settings.tab.language' in locale '<module 'locale' from 'C:\\Users\\ETPau\\AppData\\Local\\Programs\\Python\\Python311\\Lib\\locale.py'>'
2025-03-08 16:27:49,585 - app.utils.i18n - WARNING - Using default value for key 'settings.tab.language': Language
2025-03-08 16:27:49,587 - app.gui.settings_dialog - INFO - SettingsDialog initialization complete
2025-03-08 16:27:49,749 - __main__ - INFO - Main window initialized and shown
2025-03-08 16:28:21,950 - app.utils.i18n - INFO - Set locale to zh_TW
2025-03-08 16:28:21,950 - app.utils.i18n - WARNING - Missing translation for key 'main_window.title' in locale '<module 'locale' from 'C:\\Users\\ETPau\\AppData\\Local\\Programs\\Python\\Python311\\Lib\\locale.py'>'
2025-03-08 16:28:21,950 - app.utils.i18n - INFO - Using fallback translation for key 'main_window.title': MicroAI-Colony
2025-03-08 16:28:21,950 - app.utils.i18n - WARNING - Missing translation for key 'image_browser.actions' in locale '<module 'locale' from 'C:\\Users\\ETPau\\AppData\\Local\\Programs\\Python\\Python311\\Lib\\locale.py'>'
2025-03-08 16:28:21,951 - app.utils.i18n - INFO - Using fallback translation for key 'image_browser.actions': Actions
2025-03-08 16:28:21,951 - app.utils.i18n - WARNING - Missing translation for key 'image_browser.image_list' in locale '<module 'locale' from 'C:\\Users\\ETPau\\AppData\\Local\\Programs\\Python\\Python311\\Lib\\locale.py'>'
2025-03-08 16:28:21,951 - app.utils.i18n - INFO - Using fallback translation for key 'image_browser.image_list': Image List
2025-03-08 16:28:21,951 - app.utils.i18n - WARNING - Missing translation for key 'image_browser.preview' in locale '<module 'locale' from 'C:\\Users\\ETPau\\AppData\\Local\\Programs\\Python\\Python311\\Lib\\locale.py'>'
2025-03-08 16:28:21,951 - app.utils.i18n - INFO - Using fallback translation for key 'image_browser.preview': Preview
2025-03-08 16:28:21,952 - app.utils.i18n - WARNING - Missing translation for key 'image_browser.import_images' in locale '<module 'locale' from 'C:\\Users\\ETPau\\AppData\\Local\\Programs\\Python\\Python311\\Lib\\locale.py'>'
2025-03-08 16:28:21,952 - app.utils.i18n - INFO - Using fallback translation for key 'image_browser.import_images': Import Images
2025-03-08 16:28:21,952 - app.utils.i18n - WARNING - Missing translation for key 'image_browser.import_images_tooltip' in locale '<module 'locale' from 'C:\\Users\\ETPau\\AppData\\Local\\Programs\\Python\\Python311\\Lib\\locale.py'>'
2025-03-08 16:28:21,952 - app.utils.i18n - INFO - Using fallback translation for key 'image_browser.import_images_tooltip': Import images for analysis
2025-03-08 16:28:21,952 - app.utils.i18n - WARNING - Missing translation for key 'image_browser.remove_selected' in locale '<module 'locale' from 'C:\\Users\\ETPau\\AppData\\Local\\Programs\\Python\\Python311\\Lib\\locale.py'>'
2025-03-08 16:28:21,952 - app.utils.i18n - INFO - Using fallback translation for key 'image_browser.remove_selected': Remove Selected
2025-03-08 16:28:21,952 - app.utils.i18n - WARNING - Missing translation for key 'image_browser.remove_selected_tooltip' in locale '<module 'locale' from 'C:\\Users\\ETPau\\AppData\\Local\\Programs\\Python\\Python311\\Lib\\locale.py'>'
2025-03-08 16:28:21,953 - app.utils.i18n - INFO - Using fallback translation for key 'image_browser.remove_selected_tooltip': Remove selected images
2025-03-08 16:28:21,953 - app.utils.i18n - WARNING - Missing translation for key 'image_browser.clear_all' in locale '<module 'locale' from 'C:\\Users\\ETPau\\AppData\\Local\\Programs\\Python\\Python311\\Lib\\locale.py'>'
2025-03-08 16:28:21,953 - app.utils.i18n - INFO - Using fallback translation for key 'image_browser.clear_all': Clear All
2025-03-08 16:28:21,953 - app.utils.i18n - WARNING - Missing translation for key 'image_browser.clear_all_tooltip' in locale '<module 'locale' from 'C:\\Users\\ETPau\\AppData\\Local\\Programs\\Python\\Python311\\Lib\\locale.py'>'
2025-03-08 16:28:21,953 - app.utils.i18n - INFO - Using fallback translation for key 'image_browser.clear_all_tooltip': Clear all images
2025-03-08 16:28:21,953 - app.utils.i18n - WARNING - Missing translation for key 'image_browser.no_image_selected' in locale '<module 'locale' from 'C:\\Users\\ETPau\\AppData\\Local\\Programs\\Python\\Python311\\Lib\\locale.py'>'
2025-03-08 16:28:21,953 - app.utils.i18n - INFO - Using fallback translation for key 'image_browser.no_image_selected': No image selected
2025-03-08 16:28:21,954 - app.utils.i18n - WARNING - Missing translation for key 'main_window.file_menu' in locale '<module 'locale' from 'C:\\Users\\ETPau\\AppData\\Local\\Programs\\Python\\Python311\\Lib\\locale.py'>'
2025-03-08 16:28:21,954 - app.utils.i18n - INFO - Using fallback translation for key 'main_window.file_menu': &File
2025-03-08 16:28:21,954 - app.utils.i18n - WARNING - Missing translation for key 'main_window.new_project' in locale '<module 'locale' from 'C:\\Users\\ETPau\\AppData\\Local\\Programs\\Python\\Python311\\Lib\\locale.py'>'
2025-03-08 16:28:21,954 - app.utils.i18n - INFO - Using fallback translation for key 'main_window.new_project': &New Project
2025-03-08 16:28:21,954 - app.utils.i18n - WARNING - Missing translation for key 'main_window.open_project' in locale '<module 'locale' from 'C:\\Users\\ETPau\\AppData\\Local\\Programs\\Python\\Python311\\Lib\\locale.py'>'
2025-03-08 16:28:21,955 - app.utils.i18n - INFO - Using fallback translation for key 'main_window.open_project': &Open Project
2025-03-08 16:28:21,955 - app.utils.i18n - WARNING - Missing translation for key 'main_window.import_images' in locale '<module 'locale' from 'C:\\Users\\ETPau\\AppData\\Local\\Programs\\Python\\Python311\\Lib\\locale.py'>'
2025-03-08 16:28:21,955 - app.utils.i18n - INFO - Using fallback translation for key 'main_window.import_images': &Import Images
2025-03-08 16:28:21,955 - app.utils.i18n - WARNING - Missing translation for key 'main_window.exit' in locale '<module 'locale' from 'C:\\Users\\ETPau\\AppData\\Local\\Programs\\Python\\Python311\\Lib\\locale.py'>'
2025-03-08 16:28:21,956 - app.utils.i18n - INFO - Using fallback translation for key 'main_window.exit': E&xit
2025-03-08 16:28:21,956 - app.utils.i18n - WARNING - Missing translation for key 'main_window.settings_menu' in locale '<module 'locale' from 'C:\\Users\\ETPau\\AppData\\Local\\Programs\\Python\\Python311\\Lib\\locale.py'>'
2025-03-08 16:28:21,956 - app.utils.i18n - INFO - Using fallback translation for key 'main_window.settings_menu': &Settings
2025-03-08 16:28:21,956 - app.utils.i18n - WARNING - Missing translation for key 'main_window.preferences' in locale '<module 'locale' from 'C:\\Users\\ETPau\\AppData\\Local\\Programs\\Python\\Python311\\Lib\\locale.py'>'
2025-03-08 16:28:21,956 - app.utils.i18n - INFO - Using fallback translation for key 'main_window.preferences': &Preferences
2025-03-08 16:28:21,956 - app.utils.i18n - WARNING - Missing translation for key 'main_window.help_menu' in locale '<module 'locale' from 'C:\\Users\\ETPau\\AppData\\Local\\Programs\\Python\\Python311\\Lib\\locale.py'>'
2025-03-08 16:28:21,957 - app.utils.i18n - INFO - Using fallback translation for key 'main_window.help_menu': &Help
2025-03-08 16:28:21,957 - app.utils.i18n - WARNING - Missing translation for key 'main_window.about' in locale '<module 'locale' from 'C:\\Users\\ETPau\\AppData\\Local\\Programs\\Python\\Python311\\Lib\\locale.py'>'
2025-03-08 16:28:21,957 - app.utils.i18n - INFO - Using fallback translation for key 'main_window.about': &About
2025-03-08 16:28:21,957 - app.utils.i18n - WARNING - Missing translation for key 'main_window.new_project' in locale '<module 'locale' from 'C:\\Users\\ETPau\\AppData\\Local\\Programs\\Python\\Python311\\Lib\\locale.py'>'
2025-03-08 16:28:21,957 - app.utils.i18n - INFO - Using fallback translation for key 'main_window.new_project': &New Project
2025-03-08 16:28:21,958 - app.utils.i18n - WARNING - Missing translation for key 'main_window.new_project_tooltip' in locale '<module 'locale' from 'C:\\Users\\ETPau\\AppData\\Local\\Programs\\Python\\Python311\\Lib\\locale.py'>'
2025-03-08 16:28:21,958 - app.utils.i18n - INFO - Using fallback translation for key 'main_window.new_project_tooltip': Create a new project
2025-03-08 16:28:21,958 - app.utils.i18n - WARNING - Missing translation for key 'main_window.open_project' in locale '<module 'locale' from 'C:\\Users\\ETPau\\AppData\\Local\\Programs\\Python\\Python311\\Lib\\locale.py'>'
2025-03-08 16:28:21,958 - app.utils.i18n - INFO - Using fallback translation for key 'main_window.open_project': &Open Project
2025-03-08 16:28:21,958 - app.utils.i18n - WARNING - Missing translation for key 'main_window.open_project_tooltip' in locale '<module 'locale' from 'C:\\Users\\ETPau\\AppData\\Local\\Programs\\Python\\Python311\\Lib\\locale.py'>'
2025-03-08 16:28:21,958 - app.utils.i18n - INFO - Using fallback translation for key 'main_window.open_project_tooltip': Open an existing project
2025-03-08 16:28:21,958 - app.utils.i18n - WARNING - Missing translation for key 'main_window.import_images' in locale '<module 'locale' from 'C:\\Users\\ETPau\\AppData\\Local\\Programs\\Python\\Python311\\Lib\\locale.py'>'
2025-03-08 16:28:21,960 - app.utils.i18n - INFO - Using fallback translation for key 'main_window.import_images': &Import Images
2025-03-08 16:28:21,960 - app.utils.i18n - WARNING - Missing translation for key 'main_window.import_images_tooltip' in locale '<module 'locale' from 'C:\\Users\\ETPau\\AppData\\Local\\Programs\\Python\\Python311\\Lib\\locale.py'>'
2025-03-08 16:28:21,960 - app.utils.i18n - INFO - Using fallback translation for key 'main_window.import_images_tooltip': Import images to current project
2025-03-08 16:28:21,960 - app.utils.i18n - WARNING - Missing translation for key 'main_window.ready' in locale '<module 'locale' from 'C:\\Users\\ETPau\\AppData\\Local\\Programs\\Python\\Python311\\Lib\\locale.py'>'
2025-03-08 16:28:21,960 - app.utils.i18n - INFO - Using fallback translation for key 'main_window.ready': Ready
2025-03-08 16:28:21,960 - app.utils.i18n - WARNING - Missing translation for key 'main_window.image_management' in locale '<module 'locale' from 'C:\\Users\\ETPau\\AppData\\Local\\Programs\\Python\\Python311\\Lib\\locale.py'>'
2025-03-08 16:28:21,960 - app.utils.i18n - INFO - Using fallback translation for key 'main_window.image_management': Image Management
2025-03-08 16:28:21,960 - app.utils.i18n - WARNING - Missing translation for key 'main_window.analysis_controls' in locale '<module 'locale' from 'C:\\Users\\ETPau\\AppData\\Local\\Programs\\Python\\Python311\\Lib\\locale.py'>'
2025-03-08 16:28:21,961 - app.utils.i18n - INFO - Using fallback translation for key 'main_window.analysis_controls': Analysis Controls
2025-03-08 16:28:21,961 - app.utils.i18n - WARNING - Missing translation for key 'main_window.analysis_mode' in locale '<module 'locale' from 'C:\\Users\\ETPau\\AppData\\Local\\Programs\\Python\\Python311\\Lib\\locale.py'>'
2025-03-08 16:28:21,961 - app.utils.i18n - INFO - Using fallback translation for key 'main_window.analysis_mode': Analysis Mode
2025-03-08 16:28:21,961 - app.utils.i18n - WARNING - Missing translation for key 'main_window.single_image' in locale '<module 'locale' from 'C:\\Users\\ETPau\\AppData\\Local\\Programs\\Python\\Python311\\Lib\\locale.py'>'
2025-03-08 16:28:21,962 - app.utils.i18n - INFO - Using fallback translation for key 'main_window.single_image': Single Image
2025-03-08 16:28:21,962 - app.utils.i18n - WARNING - Missing translation for key 'main_window.single_image_tooltip' in locale '<module 'locale' from 'C:\\Users\\ETPau\\AppData\\Local\\Programs\\Python\\Python311\\Lib\\locale.py'>'
2025-03-08 16:28:21,962 - app.utils.i18n - INFO - Using fallback translation for key 'main_window.single_image_tooltip': Analyze one image at a time
2025-03-08 16:28:21,962 - app.utils.i18n - WARNING - Missing translation for key 'main_window.batch_analysis' in locale '<module 'locale' from 'C:\\Users\\ETPau\\AppData\\Local\\Programs\\Python\\Python311\\Lib\\locale.py'>'
2025-03-08 16:28:21,962 - app.utils.i18n - INFO - Using fallback translation for key 'main_window.batch_analysis': Batch Analysis
2025-03-08 16:28:21,962 - app.utils.i18n - WARNING - Missing translation for key 'main_window.batch_analysis_tooltip' in locale '<module 'locale' from 'C:\\Users\\ETPau\\AppData\\Local\\Programs\\Python\\Python311\\Lib\\locale.py'>'
2025-03-08 16:28:21,962 - app.utils.i18n - INFO - Using fallback translation for key 'main_window.batch_analysis_tooltip': Analyze multiple images at once
2025-03-08 16:28:21,962 - app.utils.i18n - WARNING - Missing translation for key 'main_window.parameters' in locale '<module 'locale' from 'C:\\Users\\ETPau\\AppData\\Local\\Programs\\Python\\Python311\\Lib\\locale.py'>'
2025-03-08 16:28:21,964 - app.utils.i18n - INFO - Using fallback translation for key 'main_window.parameters': Parameters
2025-03-08 16:28:21,964 - app.utils.i18n - WARNING - Missing translation for key 'main_window.detection_settings' in locale '<module 'locale' from 'C:\\Users\\ETPau\\AppData\\Local\\Programs\\Python\\Python311\\Lib\\locale.py'>'
2025-03-08 16:28:21,964 - app.utils.i18n - INFO - Using fallback translation for key 'main_window.detection_settings': Detection Settings
2025-03-08 16:28:21,964 - app.utils.i18n - WARNING - Missing translation for key 'main_window.confidence_threshold' in locale '<module 'locale' from 'C:\\Users\\ETPau\\AppData\\Local\\Programs\\Python\\Python311\\Lib\\locale.py'>'
2025-03-08 16:28:21,965 - app.utils.i18n - INFO - Using fallback translation for key 'main_window.confidence_threshold': Confidence Threshold:
2025-03-08 16:28:21,965 - app.utils.i18n - WARNING - Missing translation for key 'main_window.quantitative_analysis' in locale '<module 'locale' from 'C:\\Users\\ETPau\\AppData\\Local\\Programs\\Python\\Python311\\Lib\\locale.py'>'
2025-03-08 16:28:21,965 - app.utils.i18n - INFO - Using fallback translation for key 'main_window.quantitative_analysis': Quantitative Analysis
2025-03-08 16:28:21,965 - app.utils.i18n - WARNING - Missing translation for key 'main_window.iterations' in locale '<module 'locale' from 'C:\\Users\\ETPau\\AppData\\Local\\Programs\\Python\\Python311\\Lib\\locale.py'>'
2025-03-08 16:28:21,965 - app.utils.i18n - INFO - Using fallback translation for key 'main_window.iterations': Iterations:
2025-03-08 16:28:21,966 - app.utils.i18n - WARNING - Missing translation for key 'main_window.progress' in locale '<module 'locale' from 'C:\\Users\\ETPau\\AppData\\Local\\Programs\\Python\\Python311\\Lib\\locale.py'>'
2025-03-08 16:28:21,966 - app.utils.i18n - INFO - Using fallback translation for key 'main_window.progress': Progress
2025-03-08 16:28:21,966 - app.utils.i18n - WARNING - Missing translation for key 'main_window.analysis_progress' in locale '<module 'locale' from 'C:\\Users\\ETPau\\AppData\\Local\\Programs\\Python\\Python311\\Lib\\locale.py'>'
2025-03-08 16:28:21,966 - app.utils.i18n - INFO - Using fallback translation for key 'main_window.analysis_progress': Analysis Progress:
2025-03-08 16:28:21,966 - app.utils.i18n - WARNING - Missing translation for key 'main_window.start_analysis' in locale '<module 'locale' from 'C:\\Users\\ETPau\\AppData\\Local\\Programs\\Python\\Python311\\Lib\\locale.py'>'
2025-03-08 16:28:21,966 - app.utils.i18n - INFO - Using fallback translation for key 'main_window.start_analysis': Start Analysis
2025-03-08 16:28:21,966 - app.utils.i18n - WARNING - Missing translation for key 'main_window.start_analysis_tooltip' in locale '<module 'locale' from 'C:\\Users\\ETPau\\AppData\\Local\\Programs\\Python\\Python311\\Lib\\locale.py'>'
2025-03-08 16:28:21,966 - app.utils.i18n - INFO - Using fallback translation for key 'main_window.start_analysis_tooltip': Start colony detection analysis
2025-03-08 16:28:21,966 - app.utils.i18n - WARNING - Missing translation for key 'main_window.stop' in locale '<module 'locale' from 'C:\\Users\\ETPau\\AppData\\Local\\Programs\\Python\\Python311\\Lib\\locale.py'>'
2025-03-08 16:28:21,967 - app.utils.i18n - INFO - Using fallback translation for key 'main_window.stop': Stop
2025-03-08 16:28:21,967 - app.utils.i18n - WARNING - Missing translation for key 'main_window.stop_tooltip' in locale '<module 'locale' from 'C:\\Users\\ETPau\\AppData\\Local\\Programs\\Python\\Python311\\Lib\\locale.py'>'
2025-03-08 16:28:21,967 - app.utils.i18n - INFO - Using fallback translation for key 'main_window.stop_tooltip': Stop current analysis
2025-03-08 16:28:21,967 - app.utils.i18n - WARNING - Missing translation for key 'main_window.analysis_results' in locale '<module 'locale' from 'C:\\Users\\ETPau\\AppData\\Local\\Programs\\Python\\Python311\\Lib\\locale.py'>'
2025-03-08 16:28:21,967 - app.utils.i18n - INFO - Using fallback translation for key 'main_window.analysis_results': Analysis Results
2025-03-08 16:28:21,969 - app.utils.i18n - WARNING - Missing translation for key 'main_window.language' in locale '<module 'locale' from 'C:\\Users\\ETPau\\AppData\\Local\\Programs\\Python\\Python311\\Lib\\locale.py'>'
2025-03-08 16:28:21,969 - app.utils.i18n - INFO - Using fallback translation for key 'main_window.language': Language
2025-03-08 16:30:09,967 - __main__ - INFO - Logging initialized
2025-03-08 16:30:10,020 - __main__ - INFO - Application started: MicroAI-Colony 1.0.0
2025-03-08 16:30:10,020 - __main__ - INFO - Platform: win32, Python: 3.11.0 (main, Oct 24 2022, 18:26:48) [MSC v.1933 64 bit (AMD64)]
2025-03-08 16:30:10,020 - __main__ - INFO - Using font: Microsoft YaHei UI
2025-03-08 16:30:10,021 - app.utils.path_manager - INFO - Application directories created successfully
2025-03-08 16:30:10,022 - __main__ - INFO - Application directories created
2025-03-08 16:30:10,023 - app.utils.config - INFO - Configuration loaded successfully
2025-03-08 16:30:10,024 - app.utils.config - INFO - Configuration loaded successfully
2025-03-08 16:30:10,024 - __main__ - INFO - Configuration initialized
2025-03-08 16:30:10,024 - app.utils.i18n - INFO - Loading translations
2025-03-08 16:30:10,026 - app.utils.i18n - INFO - Loaded 7 translations for en
2025-03-08 16:30:10,027 - app.utils.i18n - INFO - Loaded 7 translations for zh_CN
2025-03-08 16:30:10,027 - app.utils.i18n - INFO - Loaded 87 translations for zh_TW
2025-03-08 16:30:10,028 - app.utils.i18n - INFO - Total loaded translations: 101
2025-03-08 16:30:10,028 - app.utils.i18n - INFO - Available locales: ['en', 'zh_CN', 'zh_TW']
2025-03-08 16:30:10,028 - app.utils.i18n - INFO - Using configured locale: en
2025-03-08 16:30:10,028 - app.utils.i18n - INFO - === Translation Status ===
2025-03-08 16:30:10,029 - app.utils.i18n - INFO - Current locale: en
2025-03-08 16:30:10,029 - app.utils.i18n - INFO - Available locales: ['en', 'zh_CN', 'zh_TW']
2025-03-08 16:30:10,030 - app.utils.i18n - INFO - Initialized: True
2025-03-08 16:30:10,030 - app.utils.i18n - INFO - Loaded strings for current locale: 7
2025-03-08 16:30:10,030 - app.utils.i18n - INFO - =====================
2025-03-08 16:30:10,030 - app.utils.i18n - INFO - Translations initialized successfully
2025-03-08 16:30:10,032 - __main__ - INFO - Installed Qt translation for en
2025-03-08 16:30:10,032 - __main__ - INFO - Translations initialized. Current locale: en
2025-03-08 16:30:10,033 - __main__ - INFO - Theme applied successfully
2025-03-08 16:30:10,034 - __main__ - INFO - Creating main window...
2025-03-08 16:30:10,035 - app.gui.main_window - INFO - Initializing MainWindow
2025-03-08 16:30:10,036 - app.utils.i18n - WARNING - Missing translation for key 'main_window.title' in locale en
2025-03-08 16:30:10,037 - app.utils.i18n - WARNING - Missing translation for key 'main_window.image_management' in locale en
2025-03-08 16:30:10,037 - app.gui.image_list_widget - INFO - Initializing ImageBrowser
2025-03-08 16:30:10,039 - app.gui.image_list_widget - INFO - Preview label initialized
2025-03-08 16:30:10,039 - app.utils.i18n - WARNING - Missing translation for key 'image_browser.import_images' in locale en
2025-03-08 16:30:10,040 - app.utils.i18n - WARNING - Missing translation for key 'image_browser.import_images_tooltip' in locale en
2025-03-08 16:30:10,040 - app.gui.image_list_widget - INFO - btn_import created
2025-03-08 16:30:10,042 - app.utils.i18n - WARNING - Missing translation for key 'image_browser.remove_selected' in locale en
2025-03-08 16:30:10,042 - app.utils.i18n - WARNING - Missing translation for key 'image_browser.remove_selected_tooltip' in locale en
2025-03-08 16:30:10,042 - app.gui.image_list_widget - INFO - btn_remove created
2025-03-08 16:30:10,043 - app.utils.i18n - WARNING - Missing translation for key 'image_browser.clear_all' in locale en
2025-03-08 16:30:10,043 - app.utils.i18n - WARNING - Missing translation for key 'image_browser.clear_all_tooltip' in locale en
2025-03-08 16:30:10,044 - app.gui.image_list_widget - INFO - btn_clear created
2025-03-08 16:30:10,044 - app.gui.image_list_widget - INFO - Buttons created
2025-03-08 16:30:10,044 - app.gui.image_list_widget - INFO - Setting up ImageBrowser UI
2025-03-08 16:30:10,044 - app.gui.image_list_widget - INFO - QHBoxLayout created
2025-03-08 16:30:10,045 - app.utils.i18n - WARNING - Missing translation for key 'image_browser.actions' in locale en
2025-03-08 16:30:10,045 - app.gui.image_list_widget - INFO - Button group created
2025-03-08 16:30:10,047 - app.utils.i18n - WARNING - Missing translation for key 'image_browser.image_list' in locale en
2025-03-08 16:30:10,048 - app.gui.image_list_widget - INFO - List group created
2025-03-08 16:30:10,048 - app.gui.image_list_widget - INFO - QVBoxLayout created
2025-03-08 16:30:10,049 - app.gui.image_list_widget - INFO - Groups added to left panel
2025-03-08 16:30:10,049 - app.utils.i18n - WARNING - Missing translation for key 'image_browser.preview' in locale en
2025-03-08 16:30:10,050 - app.gui.image_list_widget - INFO - Left panel added to layout
2025-03-08 16:30:10,050 - app.gui.image_list_widget - INFO - Preview group added to layout
2025-03-08 16:30:10,051 - app.gui.image_list_widget - INFO - Layout set
2025-03-08 16:30:10,051 - app.gui.image_list_widget - INFO - Button states updated
2025-03-08 16:30:10,051 - app.utils.i18n - WARNING - Missing translation for key 'image_browser.no_image_selected' in locale en
2025-03-08 16:30:10,052 - app.gui.image_list_widget - INFO - UI setup complete
2025-03-08 16:30:10,052 - app.gui.image_list_widget - INFO - Signals connected
2025-03-08 16:30:10,052 - app.gui.image_list_widget - INFO - ImageBrowser initialization complete
2025-03-08 16:30:10,053 - app.utils.i18n - WARNING - Missing translation for key 'main_window.analysis_controls' in locale en
2025-03-08 16:30:10,053 - app.utils.i18n - WARNING - Missing translation for key 'main_window.analysis_mode' in locale en
2025-03-08 16:30:10,054 - app.utils.i18n - WARNING - Missing translation for key 'main_window.single_image' in locale en
2025-03-08 16:30:10,054 - app.utils.i18n - WARNING - Missing translation for key 'main_window.single_image_tooltip' in locale en
2025-03-08 16:30:10,055 - app.utils.i18n - WARNING - Missing translation for key 'main_window.batch_analysis' in locale en
2025-03-08 16:30:10,055 - app.utils.i18n - WARNING - Missing translation for key 'main_window.batch_analysis_tooltip' in locale en
2025-03-08 16:30:10,055 - app.utils.i18n - WARNING - Missing translation for key 'main_window.parameters' in locale en
2025-03-08 16:30:10,057 - app.utils.i18n - WARNING - Missing translation for key 'main_window.detection_settings' in locale en
2025-03-08 16:30:10,057 - app.utils.i18n - WARNING - Missing translation for key 'main_window.confidence_threshold' in locale en
2025-03-08 16:30:10,064 - app.utils.i18n - WARNING - Missing translation for key 'main_window.quantitative_analysis' in locale en
2025-03-08 16:30:10,064 - app.utils.i18n - WARNING - Missing translation for key 'main_window.iterations' in locale en
2025-03-08 16:30:10,065 - app.utils.i18n - WARNING - Missing translation for key 'main_window.iterations_tooltip' in locale en
2025-03-08 16:30:10,065 - app.utils.i18n - WARNING - Missing translation for key 'main_window.progress' in locale en
2025-03-08 16:30:10,067 - app.utils.i18n - WARNING - Missing translation for key 'main_window.analysis_progress' in locale en
2025-03-08 16:30:10,067 - app.utils.i18n - WARNING - Missing translation for key 'main_window.start_analysis' in locale en
2025-03-08 16:30:10,067 - app.utils.i18n - WARNING - Missing translation for key 'main_window.start_analysis_tooltip' in locale en
2025-03-08 16:30:10,067 - app.utils.i18n - WARNING - Missing translation for key 'main_window.stop' in locale en
2025-03-08 16:30:10,068 - app.utils.i18n - WARNING - Missing translation for key 'main_window.stop_tooltip' in locale en
2025-03-08 16:30:10,068 - app.utils.i18n - WARNING - Missing translation for key 'main_window.language' in locale en
2025-03-08 16:30:10,069 - app.utils.i18n - WARNING - Missing translation for key 'main_window.analysis_results' in locale en
2025-03-08 16:30:10,069 - app.gui.result_visualizer - INFO - Initializing ResultVisualizer
2025-03-08 16:30:10,071 - app.gui.result_visualizer - INFO - ResultVisualizer initialization complete
2025-03-08 16:30:10,109 - app.utils.i18n - WARNING - Missing translation for key 'main_window.file_menu' in locale en
2025-03-08 16:30:10,109 - app.utils.i18n - WARNING - Missing translation for key 'main_window.new_project' in locale en
2025-03-08 16:30:10,112 - app.utils.i18n - WARNING - Missing translation for key 'main_window.open_project' in locale en
2025-03-08 16:30:10,112 - app.utils.i18n - WARNING - Missing translation for key 'main_window.import_images' in locale en
2025-03-08 16:30:10,113 - app.utils.i18n - WARNING - Missing translation for key 'main_window.exit' in locale en
2025-03-08 16:30:10,113 - app.utils.i18n - WARNING - Missing translation for key 'main_window.settings_menu' in locale en
2025-03-08 16:30:10,113 - app.utils.i18n - WARNING - Missing translation for key 'main_window.preferences' in locale en
2025-03-08 16:30:10,114 - app.utils.i18n - WARNING - Missing translation for key 'main_window.help_menu' in locale en
2025-03-08 16:30:10,114 - app.utils.i18n - WARNING - Missing translation for key 'main_window.about' in locale en
2025-03-08 16:30:10,115 - app.utils.i18n - WARNING - Missing translation for key 'main_window.new_project' in locale en
2025-03-08 16:30:10,115 - app.utils.i18n - WARNING - Missing translation for key 'main_window.new_project_tooltip' in locale en
2025-03-08 16:30:10,115 - app.utils.i18n - WARNING - Missing translation for key 'main_window.open_project' in locale en
2025-03-08 16:30:10,116 - app.utils.i18n - WARNING - Missing translation for key 'main_window.open_project_tooltip' in locale en
2025-03-08 16:30:10,116 - app.utils.i18n - WARNING - Missing translation for key 'main_window.import_images' in locale en
2025-03-08 16:30:10,116 - app.utils.i18n - WARNING - Missing translation for key 'main_window.import_images_tooltip' in locale en
2025-03-08 16:30:10,117 - app.utils.i18n - WARNING - Missing translation for key 'main_window.ready' in locale en
2025-03-08 16:30:10,118 - app.gui.main_window - INFO - MainWindow initialization complete
2025-03-08 16:30:10,118 - app.gui.settings_dialog - INFO - Initializing SettingsDialog
2025-03-08 16:30:10,118 - app.utils.i18n - WARNING - Missing translation for key 'settings.title' in locale en
2025-03-08 16:30:10,118 - app.utils.i18n - WARNING - Missing translation for key 'settings.project_settings' in locale en
2025-03-08 16:30:10,119 - app.utils.i18n - WARNING - Missing translation for key 'settings.default_path' in locale en
2025-03-08 16:30:10,120 - app.utils.i18n - WARNING - Missing translation for key 'settings.default_path_tooltip' in locale en
2025-03-08 16:30:10,120 - app.utils.i18n - WARNING - Missing translation for key 'settings.browse' in locale en
2025-03-08 16:30:10,120 - app.utils.i18n - WARNING - Missing translation for key 'settings.browse_tooltip' in locale en
2025-03-08 16:30:10,121 - app.utils.i18n - WARNING - Missing translation for key 'settings.interface_settings' in locale en
2025-03-08 16:30:10,121 - app.utils.i18n - WARNING - Missing translation for key 'settings.start_maximized' in locale en
2025-03-08 16:30:10,121 - app.utils.i18n - WARNING - Missing translation for key 'settings.start_maximized_tooltip' in locale en
2025-03-08 16:30:10,121 - app.utils.i18n - WARNING - Missing translation for key 'settings.tab.general' in locale en
2025-03-08 16:30:10,124 - app.utils.i18n - WARNING - Missing translation for key 'settings.export_settings' in locale en
2025-03-08 16:30:10,124 - app.utils.i18n - WARNING - Missing translation for key 'settings.export_formats' in locale en
2025-03-08 16:30:10,125 - app.utils.i18n - WARNING - Missing translation for key 'settings.json_format' in locale en
2025-03-08 16:30:10,125 - app.utils.i18n - WARNING - Missing translation for key 'settings.json_format_tooltip' in locale en
2025-03-08 16:30:10,125 - app.utils.i18n - WARNING - Missing translation for key 'settings.csv_format' in locale en
2025-03-08 16:30:10,126 - app.utils.i18n - WARNING - Missing translation for key 'settings.csv_format_tooltip' in locale en
2025-03-08 16:30:10,126 - app.utils.i18n - WARNING - Missing translation for key 'settings.excel_format' in locale en
2025-03-08 16:30:10,126 - app.utils.i18n - WARNING - Missing translation for key 'settings.excel_format_tooltip' in locale en
2025-03-08 16:30:10,127 - app.utils.i18n - WARNING - Missing translation for key 'settings.tab.export' in locale en
2025-03-08 16:30:10,127 - app.utils.i18n - WARNING - Missing translation for key 'settings.analysis_settings' in locale en
2025-03-08 16:30:10,127 - app.utils.i18n - WARNING - Missing translation for key 'settings.default_iterations' in locale en
2025-03-08 16:30:10,128 - app.utils.i18n - WARNING - Missing translation for key 'settings.iterations_tooltip' in locale en
2025-03-08 16:30:10,128 - app.utils.i18n - WARNING - Missing translation for key 'settings.tab.analysis' in locale en
2025-03-08 16:30:10,129 - app.utils.i18n - WARNING - Missing translation for key 'settings.language_settings' in locale en
2025-03-08 16:30:10,129 - app.utils.i18n - WARNING - Missing translation for key 'settings.select_language' in locale en
2025-03-08 16:30:10,130 - app.utils.i18n - WARNING - Missing translation for key 'settings.tab.language' in locale en
2025-03-08 16:30:10,132 - app.utils.i18n - WARNING - Missing translation for key 'settings.ok_tooltip' in locale en
2025-03-08 16:30:10,132 - app.utils.i18n - WARNING - Missing translation for key 'settings.cancel_tooltip' in locale en
2025-03-08 16:30:10,133 - app.gui.settings_dialog - INFO - SettingsDialog initialization complete
2025-03-08 16:30:10,394 - __main__ - INFO - Main window initialized and shown
2025-03-08 16:31:10,015 - app.utils.i18n - INFO - Set locale to zh_TW
2025-03-08 16:31:12,807 - app.utils.i18n - INFO - Set locale to en
2025-03-08 16:31:12,807 - app.utils.i18n - WARNING - Missing translation for key 'main_window.title' in locale en
2025-03-08 16:31:12,807 - app.utils.i18n - WARNING - Missing translation for key 'image_browser.actions' in locale en
2025-03-08 16:31:12,808 - app.utils.i18n - WARNING - Missing translation for key 'image_browser.image_list' in locale en
2025-03-08 16:31:12,808 - app.utils.i18n - WARNING - Missing translation for key 'image_browser.preview' in locale en
2025-03-08 16:31:12,808 - app.utils.i18n - WARNING - Missing translation for key 'image_browser.import_images' in locale en
2025-03-08 16:31:12,808 - app.utils.i18n - WARNING - Missing translation for key 'image_browser.import_images_tooltip' in locale en
2025-03-08 16:31:12,808 - app.utils.i18n - WARNING - Missing translation for key 'image_browser.remove_selected' in locale en
2025-03-08 16:31:12,809 - app.utils.i18n - WARNING - Missing translation for key 'image_browser.remove_selected_tooltip' in locale en
2025-03-08 16:31:12,809 - app.utils.i18n - WARNING - Missing translation for key 'image_browser.clear_all' in locale en
2025-03-08 16:31:12,809 - app.utils.i18n - WARNING - Missing translation for key 'image_browser.clear_all_tooltip' in locale en
2025-03-08 16:31:12,809 - app.utils.i18n - WARNING - Missing translation for key 'image_browser.no_image_selected' in locale en
2025-03-08 16:31:12,809 - app.utils.i18n - WARNING - Missing translation for key 'main_window.file_menu' in locale en
2025-03-08 16:31:12,809 - app.utils.i18n - WARNING - Missing translation for key 'main_window.new_project' in locale en
2025-03-08 16:31:12,809 - app.utils.i18n - WARNING - Missing translation for key 'main_window.open_project' in locale en
2025-03-08 16:31:12,810 - app.utils.i18n - WARNING - Missing translation for key 'main_window.import_images' in locale en
2025-03-08 16:31:12,810 - app.utils.i18n - WARNING - Missing translation for key 'main_window.exit' in locale en
2025-03-08 16:31:12,810 - app.utils.i18n - WARNING - Missing translation for key 'main_window.settings_menu' in locale en
2025-03-08 16:31:12,810 - app.utils.i18n - WARNING - Missing translation for key 'main_window.preferences' in locale en
2025-03-08 16:31:12,810 - app.utils.i18n - WARNING - Missing translation for key 'main_window.help_menu' in locale en
2025-03-08 16:31:12,810 - app.utils.i18n - WARNING - Missing translation for key 'main_window.about' in locale en
2025-03-08 16:31:12,811 - app.utils.i18n - WARNING - Missing translation for key 'main_window.new_project' in locale en
2025-03-08 16:31:12,811 - app.utils.i18n - WARNING - Missing translation for key 'main_window.new_project_tooltip' in locale en
2025-03-08 16:31:12,811 - app.utils.i18n - WARNING - Missing translation for key 'main_window.open_project' in locale en
2025-03-08 16:31:12,811 - app.utils.i18n - WARNING - Missing translation for key 'main_window.open_project_tooltip' in locale en
2025-03-08 16:31:12,811 - app.utils.i18n - WARNING - Missing translation for key 'main_window.import_images' in locale en
2025-03-08 16:31:12,811 - app.utils.i18n - WARNING - Missing translation for key 'main_window.import_images_tooltip' in locale en
2025-03-08 16:31:12,811 - app.utils.i18n - WARNING - Missing translation for key 'main_window.ready' in locale en
2025-03-08 16:31:12,811 - app.utils.i18n - WARNING - Missing translation for key 'main_window.image_management' in locale en
2025-03-08 16:31:12,813 - app.utils.i18n - WARNING - Missing translation for key 'main_window.analysis_controls' in locale en
2025-03-08 16:31:12,813 - app.utils.i18n - WARNING - Missing translation for key 'main_window.analysis_mode' in locale en
2025-03-08 16:31:12,813 - app.utils.i18n - WARNING - Missing translation for key 'main_window.single_image' in locale en
2025-03-08 16:31:12,813 - app.utils.i18n - WARNING - Missing translation for key 'main_window.single_image_tooltip' in locale en
2025-03-08 16:31:12,813 - app.utils.i18n - WARNING - Missing translation for key 'main_window.batch_analysis' in locale en
2025-03-08 16:31:12,813 - app.utils.i18n - WARNING - Missing translation for key 'main_window.batch_analysis_tooltip' in locale en
2025-03-08 16:31:12,813 - app.utils.i18n - WARNING - Missing translation for key 'main_window.parameters' in locale en
2025-03-08 16:31:12,814 - app.utils.i18n - WARNING - Missing translation for key 'main_window.detection_settings' in locale en
2025-03-08 16:31:12,814 - app.utils.i18n - WARNING - Missing translation for key 'main_window.confidence_threshold' in locale en
2025-03-08 16:31:12,814 - app.utils.i18n - WARNING - Missing translation for key 'main_window.quantitative_analysis' in locale en
2025-03-08 16:31:12,814 - app.utils.i18n - WARNING - Missing translation for key 'main_window.iterations' in locale en
2025-03-08 16:31:12,814 - app.utils.i18n - WARNING - Missing translation for key 'main_window.progress' in locale en
2025-03-08 16:31:12,814 - app.utils.i18n - WARNING - Missing translation for key 'main_window.analysis_progress' in locale en
2025-03-08 16:31:12,815 - app.utils.i18n - WARNING - Missing translation for key 'main_window.start_analysis' in locale en
2025-03-08 16:31:12,815 - app.utils.i18n - WARNING - Missing translation for key 'main_window.start_analysis_tooltip' in locale en
2025-03-08 16:31:12,815 - app.utils.i18n - WARNING - Missing translation for key 'main_window.stop' in locale en
2025-03-08 16:31:12,815 - app.utils.i18n - WARNING - Missing translation for key 'main_window.stop_tooltip' in locale en
2025-03-08 16:31:12,815 - app.utils.i18n - WARNING - Missing translation for key 'main_window.analysis_results' in locale en
2025-03-08 16:31:12,816 - app.utils.i18n - WARNING - Missing translation for key 'main_window.language' in locale en
2025-03-08 16:31:13,364 - app.utils.i18n - INFO - Set locale to zh_CN
2025-03-08 16:31:13,365 - app.utils.i18n - WARNING - Missing translation for key 'main_window.title' in locale zh_CN
2025-03-08 16:31:13,365 - app.utils.i18n - WARNING - Missing translation for key 'image_browser.actions' in locale zh_CN
2025-03-08 16:31:13,365 - app.utils.i18n - WARNING - Missing translation for key 'image_browser.image_list' in locale zh_CN
2025-03-08 16:31:13,365 - app.utils.i18n - WARNING - Missing translation for key 'image_browser.preview' in locale zh_CN
2025-03-08 16:31:13,365 - app.utils.i18n - WARNING - Missing translation for key 'image_browser.import_images' in locale zh_CN
2025-03-08 16:31:13,365 - app.utils.i18n - WARNING - Missing translation for key 'image_browser.import_images_tooltip' in locale zh_CN
2025-03-08 16:31:13,367 - app.utils.i18n - WARNING - Missing translation for key 'image_browser.remove_selected' in locale zh_CN
2025-03-08 16:31:13,367 - app.utils.i18n - WARNING - Missing translation for key 'image_browser.remove_selected_tooltip' in locale zh_CN
2025-03-08 16:31:13,367 - app.utils.i18n - WARNING - Missing translation for key 'image_browser.clear_all' in locale zh_CN
2025-03-08 16:31:13,367 - app.utils.i18n - WARNING - Missing translation for key 'image_browser.clear_all_tooltip' in locale zh_CN
2025-03-08 16:31:13,367 - app.utils.i18n - WARNING - Missing translation for key 'image_browser.no_image_selected' in locale zh_CN
2025-03-08 16:31:13,368 - app.utils.i18n - WARNING - Missing translation for key 'main_window.file_menu' in locale zh_CN
2025-03-08 16:31:13,368 - app.utils.i18n - WARNING - Missing translation for key 'main_window.new_project' in locale zh_CN
2025-03-08 16:31:13,368 - app.utils.i18n - WARNING - Missing translation for key 'main_window.open_project' in locale zh_CN
2025-03-08 16:31:13,368 - app.utils.i18n - WARNING - Missing translation for key 'main_window.import_images' in locale zh_CN
2025-03-08 16:31:13,368 - app.utils.i18n - WARNING - Missing translation for key 'main_window.exit' in locale zh_CN
2025-03-08 16:31:13,368 - app.utils.i18n - WARNING - Missing translation for key 'main_window.settings_menu' in locale zh_CN
2025-03-08 16:31:13,369 - app.utils.i18n - WARNING - Missing translation for key 'main_window.preferences' in locale zh_CN
2025-03-08 16:31:13,369 - app.utils.i18n - WARNING - Missing translation for key 'main_window.help_menu' in locale zh_CN
2025-03-08 16:31:13,369 - app.utils.i18n - WARNING - Missing translation for key 'main_window.about' in locale zh_CN
2025-03-08 16:31:13,369 - app.utils.i18n - WARNING - Missing translation for key 'main_window.new_project' in locale zh_CN
2025-03-08 16:31:13,369 - app.utils.i18n - WARNING - Missing translation for key 'main_window.new_project_tooltip' in locale zh_CN
2025-03-08 16:31:13,370 - app.utils.i18n - WARNING - Missing translation for key 'main_window.open_project' in locale zh_CN
2025-03-08 16:31:13,370 - app.utils.i18n - WARNING - Missing translation for key 'main_window.open_project_tooltip' in locale zh_CN
2025-03-08 16:31:13,370 - app.utils.i18n - WARNING - Missing translation for key 'main_window.import_images' in locale zh_CN
2025-03-08 16:31:13,370 - app.utils.i18n - WARNING - Missing translation for key 'main_window.import_images_tooltip' in locale zh_CN
2025-03-08 16:31:13,371 - app.utils.i18n - WARNING - Missing translation for key 'main_window.ready' in locale zh_CN
2025-03-08 16:31:13,371 - app.utils.i18n - WARNING - Missing translation for key 'main_window.image_management' in locale zh_CN
2025-03-08 16:31:13,371 - app.utils.i18n - WARNING - Missing translation for key 'main_window.analysis_controls' in locale zh_CN
2025-03-08 16:31:13,371 - app.utils.i18n - WARNING - Missing translation for key 'main_window.analysis_mode' in locale zh_CN
2025-03-08 16:31:13,371 - app.utils.i18n - WARNING - Missing translation for key 'main_window.single_image' in locale zh_CN
2025-03-08 16:31:13,371 - app.utils.i18n - WARNING - Missing translation for key 'main_window.single_image_tooltip' in locale zh_CN
2025-03-08 16:31:13,371 - app.utils.i18n - WARNING - Missing translation for key 'main_window.batch_analysis' in locale zh_CN
2025-03-08 16:31:13,371 - app.utils.i18n - WARNING - Missing translation for key 'main_window.batch_analysis_tooltip' in locale zh_CN
2025-03-08 16:31:13,372 - app.utils.i18n - WARNING - Missing translation for key 'main_window.parameters' in locale zh_CN
2025-03-08 16:31:13,372 - app.utils.i18n - WARNING - Missing translation for key 'main_window.detection_settings' in locale zh_CN
2025-03-08 16:31:13,372 - app.utils.i18n - WARNING - Missing translation for key 'main_window.confidence_threshold' in locale zh_CN
2025-03-08 16:31:13,372 - app.utils.i18n - WARNING - Missing translation for key 'main_window.quantitative_analysis' in locale zh_CN
2025-03-08 16:31:13,372 - app.utils.i18n - WARNING - Missing translation for key 'main_window.iterations' in locale zh_CN
2025-03-08 16:31:13,373 - app.utils.i18n - WARNING - Missing translation for key 'main_window.progress' in locale zh_CN
2025-03-08 16:31:13,373 - app.utils.i18n - WARNING - Missing translation for key 'main_window.analysis_progress' in locale zh_CN
2025-03-08 16:31:13,373 - app.utils.i18n - WARNING - Missing translation for key 'main_window.start_analysis' in locale zh_CN
2025-03-08 16:31:13,373 - app.utils.i18n - WARNING - Missing translation for key 'main_window.start_analysis_tooltip' in locale zh_CN
2025-03-08 16:31:13,373 - app.utils.i18n - WARNING - Missing translation for key 'main_window.stop' in locale zh_CN
2025-03-08 16:31:13,373 - app.utils.i18n - WARNING - Missing translation for key 'main_window.stop_tooltip' in locale zh_CN
2025-03-08 16:31:13,374 - app.utils.i18n - WARNING - Missing translation for key 'main_window.analysis_results' in locale zh_CN
2025-03-08 16:31:13,374 - app.utils.i18n - WARNING - Missing translation for key 'main_window.language' in locale zh_CN
2025-03-08 16:31:14,004 - app.utils.i18n - INFO - Set locale to zh_CN
2025-03-08 16:31:14,005 - app.utils.i18n - WARNING - Missing translation for key 'main_window.title' in locale zh_CN
2025-03-08 16:31:14,005 - app.utils.i18n - WARNING - Missing translation for key 'image_browser.actions' in locale zh_CN
2025-03-08 16:31:14,005 - app.utils.i18n - WARNING - Missing translation for key 'image_browser.image_list' in locale zh_CN
2025-03-08 16:31:14,005 - app.utils.i18n - WARNING - Missing translation for key 'image_browser.preview' in locale zh_CN
2025-03-08 16:31:14,006 - app.utils.i18n - WARNING - Missing translation for key 'image_browser.import_images' in locale zh_CN
2025-03-08 16:31:14,006 - app.utils.i18n - WARNING - Missing translation for key 'image_browser.import_images_tooltip' in locale zh_CN
2025-03-08 16:31:14,006 - app.utils.i18n - WARNING - Missing translation for key 'image_browser.remove_selected' in locale zh_CN
2025-03-08 16:31:14,006 - app.utils.i18n - WARNING - Missing translation for key 'image_browser.remove_selected_tooltip' in locale zh_CN
2025-03-08 16:31:14,007 - app.utils.i18n - WARNING - Missing translation for key 'image_browser.clear_all' in locale zh_CN
2025-03-08 16:31:14,007 - app.utils.i18n - WARNING - Missing translation for key 'image_browser.clear_all_tooltip' in locale zh_CN
2025-03-08 16:31:14,007 - app.utils.i18n - WARNING - Missing translation for key 'image_browser.no_image_selected' in locale zh_CN
2025-03-08 16:31:14,007 - app.utils.i18n - WARNING - Missing translation for key 'main_window.file_menu' in locale zh_CN
2025-03-08 16:31:14,007 - app.utils.i18n - WARNING - Missing translation for key 'main_window.new_project' in locale zh_CN
2025-03-08 16:31:14,008 - app.utils.i18n - WARNING - Missing translation for key 'main_window.open_project' in locale zh_CN
2025-03-08 16:31:14,008 - app.utils.i18n - WARNING - Missing translation for key 'main_window.import_images' in locale zh_CN
2025-03-08 16:31:14,008 - app.utils.i18n - WARNING - Missing translation for key 'main_window.exit' in locale zh_CN
2025-03-08 16:31:14,008 - app.utils.i18n - WARNING - Missing translation for key 'main_window.settings_menu' in locale zh_CN
2025-03-08 16:31:14,008 - app.utils.i18n - WARNING - Missing translation for key 'main_window.preferences' in locale zh_CN
2025-03-08 16:31:14,009 - app.utils.i18n - WARNING - Missing translation for key 'main_window.help_menu' in locale zh_CN
2025-03-08 16:31:14,009 - app.utils.i18n - WARNING - Missing translation for key 'main_window.about' in locale zh_CN
2025-03-08 16:31:14,009 - app.utils.i18n - WARNING - Missing translation for key 'main_window.new_project' in locale zh_CN
2025-03-08 16:31:14,009 - app.utils.i18n - WARNING - Missing translation for key 'main_window.new_project_tooltip' in locale zh_CN
2025-03-08 16:31:14,009 - app.utils.i18n - WARNING - Missing translation for key 'main_window.open_project' in locale zh_CN
2025-03-08 16:31:14,009 - app.utils.i18n - WARNING - Missing translation for key 'main_window.open_project_tooltip' in locale zh_CN
2025-03-08 16:31:14,010 - app.utils.i18n - WARNING - Missing translation for key 'main_window.import_images' in locale zh_CN
2025-03-08 16:31:14,010 - app.utils.i18n - WARNING - Missing translation for key 'main_window.import_images_tooltip' in locale zh_CN
2025-03-08 16:31:14,010 - app.utils.i18n - WARNING - Missing translation for key 'main_window.ready' in locale zh_CN
2025-03-08 16:31:14,010 - app.utils.i18n - WARNING - Missing translation for key 'main_window.image_management' in locale zh_CN
2025-03-08 16:31:14,011 - app.utils.i18n - WARNING - Missing translation for key 'main_window.analysis_controls' in locale zh_CN
2025-03-08 16:31:14,011 - app.utils.i18n - WARNING - Missing translation for key 'main_window.analysis_mode' in locale zh_CN
2025-03-08 16:31:14,011 - app.utils.i18n - WARNING - Missing translation for key 'main_window.single_image' in locale zh_CN
2025-03-08 16:31:14,012 - app.utils.i18n - WARNING - Missing translation for key 'main_window.single_image_tooltip' in locale zh_CN
2025-03-08 16:31:14,012 - app.utils.i18n - WARNING - Missing translation for key 'main_window.batch_analysis' in locale zh_CN
2025-03-08 16:31:14,012 - app.utils.i18n - WARNING - Missing translation for key 'main_window.batch_analysis_tooltip' in locale zh_CN
2025-03-08 16:31:14,012 - app.utils.i18n - WARNING - Missing translation for key 'main_window.parameters' in locale zh_CN
2025-03-08 16:31:14,013 - app.utils.i18n - WARNING - Missing translation for key 'main_window.detection_settings' in locale zh_CN
2025-03-08 16:31:14,013 - app.utils.i18n - WARNING - Missing translation for key 'main_window.confidence_threshold' in locale zh_CN
2025-03-08 16:31:14,013 - app.utils.i18n - WARNING - Missing translation for key 'main_window.quantitative_analysis' in locale zh_CN
2025-03-08 16:31:14,013 - app.utils.i18n - WARNING - Missing translation for key 'main_window.iterations' in locale zh_CN
2025-03-08 16:31:14,013 - app.utils.i18n - WARNING - Missing translation for key 'main_window.progress' in locale zh_CN
2025-03-08 16:31:14,013 - app.utils.i18n - WARNING - Missing translation for key 'main_window.analysis_progress' in locale zh_CN
2025-03-08 16:31:14,014 - app.utils.i18n - WARNING - Missing translation for key 'main_window.start_analysis' in locale zh_CN
2025-03-08 16:31:14,014 - app.utils.i18n - WARNING - Missing translation for key 'main_window.start_analysis_tooltip' in locale zh_CN
2025-03-08 16:31:14,014 - app.utils.i18n - WARNING - Missing translation for key 'main_window.stop' in locale zh_CN
2025-03-08 16:31:14,014 - app.utils.i18n - WARNING - Missing translation for key 'main_window.stop_tooltip' in locale zh_CN
2025-03-08 16:31:14,014 - app.utils.i18n - WARNING - Missing translation for key 'main_window.analysis_results' in locale zh_CN
2025-03-08 16:31:14,014 - app.utils.i18n - WARNING - Missing translation for key 'main_window.language' in locale zh_CN
2025-03-08 16:31:14,669 - app.utils.i18n - INFO - Set locale to zh_CN
2025-03-08 16:31:14,670 - app.utils.i18n - WARNING - Missing translation for key 'main_window.title' in locale zh_CN
2025-03-08 16:31:14,670 - app.utils.i18n - WARNING - Missing translation for key 'image_browser.actions' in locale zh_CN
2025-03-08 16:31:14,670 - app.utils.i18n - WARNING - Missing translation for key 'image_browser.image_list' in locale zh_CN
2025-03-08 16:31:14,670 - app.utils.i18n - WARNING - Missing translation for key 'image_browser.preview' in locale zh_CN
2025-03-08 16:31:14,671 - app.utils.i18n - WARNING - Missing translation for key 'image_browser.import_images' in locale zh_CN
2025-03-08 16:31:14,671 - app.utils.i18n - WARNING - Missing translation for key 'image_browser.import_images_tooltip' in locale zh_CN
2025-03-08 16:31:14,671 - app.utils.i18n - WARNING - Missing translation for key 'image_browser.remove_selected' in locale zh_CN
2025-03-08 16:31:14,672 - app.utils.i18n - WARNING - Missing translation for key 'image_browser.remove_selected_tooltip' in locale zh_CN
2025-03-08 16:31:14,672 - app.utils.i18n - WARNING - Missing translation for key 'image_browser.clear_all' in locale zh_CN
2025-03-08 16:31:14,672 - app.utils.i18n - WARNING - Missing translation for key 'image_browser.clear_all_tooltip' in locale zh_CN
2025-03-08 16:31:14,672 - app.utils.i18n - WARNING - Missing translation for key 'image_browser.no_image_selected' in locale zh_CN
2025-03-08 16:31:14,672 - app.utils.i18n - WARNING - Missing translation for key 'main_window.file_menu' in locale zh_CN
2025-03-08 16:31:14,673 - app.utils.i18n - WARNING - Missing translation for key 'main_window.new_project' in locale zh_CN
2025-03-08 16:31:14,673 - app.utils.i18n - WARNING - Missing translation for key 'main_window.open_project' in locale zh_CN
2025-03-08 16:31:14,673 - app.utils.i18n - WARNING - Missing translation for key 'main_window.import_images' in locale zh_CN
2025-03-08 16:31:14,673 - app.utils.i18n - WARNING - Missing translation for key 'main_window.exit' in locale zh_CN
2025-03-08 16:31:14,673 - app.utils.i18n - WARNING - Missing translation for key 'main_window.settings_menu' in locale zh_CN
2025-03-08 16:31:14,674 - app.utils.i18n - WARNING - Missing translation for key 'main_window.preferences' in locale zh_CN
2025-03-08 16:31:14,674 - app.utils.i18n - WARNING - Missing translation for key 'main_window.help_menu' in locale zh_CN
2025-03-08 16:31:14,674 - app.utils.i18n - WARNING - Missing translation for key 'main_window.about' in locale zh_CN
2025-03-08 16:31:14,674 - app.utils.i18n - WARNING - Missing translation for key 'main_window.new_project' in locale zh_CN
2025-03-08 16:31:14,674 - app.utils.i18n - WARNING - Missing translation for key 'main_window.new_project_tooltip' in locale zh_CN
2025-03-08 16:31:14,674 - app.utils.i18n - WARNING - Missing translation for key 'main_window.open_project' in locale zh_CN
2025-03-08 16:31:14,675 - app.utils.i18n - WARNING - Missing translation for key 'main_window.open_project_tooltip' in locale zh_CN
2025-03-08 16:31:14,675 - app.utils.i18n - WARNING - Missing translation for key 'main_window.import_images' in locale zh_CN
2025-03-08 16:31:14,675 - app.utils.i18n - WARNING - Missing translation for key 'main_window.import_images_tooltip' in locale zh_CN
2025-03-08 16:31:14,675 - app.utils.i18n - WARNING - Missing translation for key 'main_window.ready' in locale zh_CN
2025-03-08 16:31:14,675 - app.utils.i18n - WARNING - Missing translation for key 'main_window.image_management' in locale zh_CN
2025-03-08 16:31:14,675 - app.utils.i18n - WARNING - Missing translation for key 'main_window.analysis_controls' in locale zh_CN
2025-03-08 16:31:14,675 - app.utils.i18n - WARNING - Missing translation for key 'main_window.analysis_mode' in locale zh_CN
2025-03-08 16:31:14,676 - app.utils.i18n - WARNING - Missing translation for key 'main_window.single_image' in locale zh_CN
2025-03-08 16:31:14,676 - app.utils.i18n - WARNING - Missing translation for key 'main_window.single_image_tooltip' in locale zh_CN
2025-03-08 16:31:14,676 - app.utils.i18n - WARNING - Missing translation for key 'main_window.batch_analysis' in locale zh_CN
2025-03-08 16:31:14,676 - app.utils.i18n - WARNING - Missing translation for key 'main_window.batch_analysis_tooltip' in locale zh_CN
2025-03-08 16:31:14,676 - app.utils.i18n - WARNING - Missing translation for key 'main_window.parameters' in locale zh_CN
2025-03-08 16:31:14,676 - app.utils.i18n - WARNING - Missing translation for key 'main_window.detection_settings' in locale zh_CN
2025-03-08 16:31:14,677 - app.utils.i18n - WARNING - Missing translation for key 'main_window.confidence_threshold' in locale zh_CN
2025-03-08 16:31:14,677 - app.utils.i18n - WARNING - Missing translation for key 'main_window.quantitative_analysis' in locale zh_CN
2025-03-08 16:31:14,677 - app.utils.i18n - WARNING - Missing translation for key 'main_window.iterations' in locale zh_CN
2025-03-08 16:31:14,677 - app.utils.i18n - WARNING - Missing translation for key 'main_window.progress' in locale zh_CN
2025-03-08 16:31:14,677 - app.utils.i18n - WARNING - Missing translation for key 'main_window.analysis_progress' in locale zh_CN
2025-03-08 16:31:14,677 - app.utils.i18n - WARNING - Missing translation for key 'main_window.start_analysis' in locale zh_CN
2025-03-08 16:31:14,678 - app.utils.i18n - WARNING - Missing translation for key 'main_window.start_analysis_tooltip' in locale zh_CN
2025-03-08 16:31:14,678 - app.utils.i18n - WARNING - Missing translation for key 'main_window.stop' in locale zh_CN
2025-03-08 16:31:14,678 - app.utils.i18n - WARNING - Missing translation for key 'main_window.stop_tooltip' in locale zh_CN
2025-03-08 16:31:14,678 - app.utils.i18n - WARNING - Missing translation for key 'main_window.analysis_results' in locale zh_CN
2025-03-08 16:31:14,679 - app.utils.i18n - WARNING - Missing translation for key 'main_window.language' in locale zh_CN
2025-03-08 16:31:15,253 - app.utils.i18n - INFO - Set locale to zh_CN
2025-03-08 16:31:15,253 - app.utils.i18n - WARNING - Missing translation for key 'main_window.title' in locale zh_CN
2025-03-08 16:31:15,254 - app.utils.i18n - WARNING - Missing translation for key 'image_browser.actions' in locale zh_CN
2025-03-08 16:31:15,254 - app.utils.i18n - WARNING - Missing translation for key 'image_browser.image_list' in locale zh_CN
2025-03-08 16:31:15,254 - app.utils.i18n - WARNING - Missing translation for key 'image_browser.preview' in locale zh_CN
2025-03-08 16:31:15,254 - app.utils.i18n - WARNING - Missing translation for key 'image_browser.import_images' in locale zh_CN
2025-03-08 16:31:15,255 - app.utils.i18n - WARNING - Missing translation for key 'image_browser.import_images_tooltip' in locale zh_CN
2025-03-08 16:31:15,255 - app.utils.i18n - WARNING - Missing translation for key 'image_browser.remove_selected' in locale zh_CN
2025-03-08 16:31:15,255 - app.utils.i18n - WARNING - Missing translation for key 'image_browser.remove_selected_tooltip' in locale zh_CN
2025-03-08 16:31:15,255 - app.utils.i18n - WARNING - Missing translation for key 'image_browser.clear_all' in locale zh_CN
2025-03-08 16:31:15,255 - app.utils.i18n - WARNING - Missing translation for key 'image_browser.clear_all_tooltip' in locale zh_CN
2025-03-08 16:31:15,256 - app.utils.i18n - WARNING - Missing translation for key 'image_browser.no_image_selected' in locale zh_CN
2025-03-08 16:31:15,256 - app.utils.i18n - WARNING - Missing translation for key 'main_window.file_menu' in locale zh_CN
2025-03-08 16:31:15,256 - app.utils.i18n - WARNING - Missing translation for key 'main_window.new_project' in locale zh_CN
2025-03-08 16:31:15,256 - app.utils.i18n - WARNING - Missing translation for key 'main_window.open_project' in locale zh_CN
2025-03-08 16:31:15,256 - app.utils.i18n - WARNING - Missing translation for key 'main_window.import_images' in locale zh_CN
2025-03-08 16:31:15,258 - app.utils.i18n - WARNING - Missing translation for key 'main_window.exit' in locale zh_CN
2025-03-08 16:31:15,258 - app.utils.i18n - WARNING - Missing translation for key 'main_window.settings_menu' in locale zh_CN
2025-03-08 16:31:15,258 - app.utils.i18n - WARNING - Missing translation for key 'main_window.preferences' in locale zh_CN
2025-03-08 16:31:15,258 - app.utils.i18n - WARNING - Missing translation for key 'main_window.help_menu' in locale zh_CN
2025-03-08 16:31:15,258 - app.utils.i18n - WARNING - Missing translation for key 'main_window.about' in locale zh_CN
2025-03-08 16:31:15,258 - app.utils.i18n - WARNING - Missing translation for key 'main_window.new_project' in locale zh_CN
2025-03-08 16:31:15,259 - app.utils.i18n - WARNING - Missing translation for key 'main_window.new_project_tooltip' in locale zh_CN
2025-03-08 16:31:15,259 - app.utils.i18n - WARNING - Missing translation for key 'main_window.open_project' in locale zh_CN
2025-03-08 16:31:15,259 - app.utils.i18n - WARNING - Missing translation for key 'main_window.open_project_tooltip' in locale zh_CN
2025-03-08 16:31:15,259 - app.utils.i18n - WARNING - Missing translation for key 'main_window.import_images' in locale zh_CN
2025-03-08 16:31:15,259 - app.utils.i18n - WARNING - Missing translation for key 'main_window.import_images_tooltip' in locale zh_CN
2025-03-08 16:31:15,260 - app.utils.i18n - WARNING - Missing translation for key 'main_window.ready' in locale zh_CN
2025-03-08 16:31:15,260 - app.utils.i18n - WARNING - Missing translation for key 'main_window.image_management' in locale zh_CN
2025-03-08 16:31:15,260 - app.utils.i18n - WARNING - Missing translation for key 'main_window.analysis_controls' in locale zh_CN
2025-03-08 16:31:15,260 - app.utils.i18n - WARNING - Missing translation for key 'main_window.analysis_mode' in locale zh_CN
2025-03-08 16:31:15,261 - app.utils.i18n - WARNING - Missing translation for key 'main_window.single_image' in locale zh_CN
2025-03-08 16:31:15,261 - app.utils.i18n - WARNING - Missing translation for key 'main_window.single_image_tooltip' in locale zh_CN
2025-03-08 16:31:15,261 - app.utils.i18n - WARNING - Missing translation for key 'main_window.batch_analysis' in locale zh_CN
2025-03-08 16:31:15,261 - app.utils.i18n - WARNING - Missing translation for key 'main_window.batch_analysis_tooltip' in locale zh_CN
2025-03-08 16:31:15,261 - app.utils.i18n - WARNING - Missing translation for key 'main_window.parameters' in locale zh_CN
2025-03-08 16:31:15,261 - app.utils.i18n - WARNING - Missing translation for key 'main_window.detection_settings' in locale zh_CN
2025-03-08 16:31:15,261 - app.utils.i18n - WARNING - Missing translation for key 'main_window.confidence_threshold' in locale zh_CN
2025-03-08 16:31:15,262 - app.utils.i18n - WARNING - Missing translation for key 'main_window.quantitative_analysis' in locale zh_CN
2025-03-08 16:31:15,262 - app.utils.i18n - WARNING - Missing translation for key 'main_window.iterations' in locale zh_CN
2025-03-08 16:31:15,262 - app.utils.i18n - WARNING - Missing translation for key 'main_window.progress' in locale zh_CN
2025-03-08 16:31:15,262 - app.utils.i18n - WARNING - Missing translation for key 'main_window.analysis_progress' in locale zh_CN
2025-03-08 16:31:15,262 - app.utils.i18n - WARNING - Missing translation for key 'main_window.start_analysis' in locale zh_CN
2025-03-08 16:31:15,264 - app.utils.i18n - WARNING - Missing translation for key 'main_window.start_analysis_tooltip' in locale zh_CN
2025-03-08 16:31:15,264 - app.utils.i18n - WARNING - Missing translation for key 'main_window.stop' in locale zh_CN
2025-03-08 16:31:15,264 - app.utils.i18n - WARNING - Missing translation for key 'main_window.stop_tooltip' in locale zh_CN
2025-03-08 16:31:15,264 - app.utils.i18n - WARNING - Missing translation for key 'main_window.analysis_results' in locale zh_CN
2025-03-08 16:31:15,265 - app.utils.i18n - WARNING - Missing translation for key 'main_window.language' in locale zh_CN
2025-03-08 16:31:15,611 - app.utils.i18n - INFO - Set locale to zh_CN
2025-03-08 16:31:15,613 - app.utils.i18n - WARNING - Missing translation for key 'main_window.title' in locale zh_CN
2025-03-08 16:31:15,613 - app.utils.i18n - WARNING - Missing translation for key 'image_browser.actions' in locale zh_CN
2025-03-08 16:31:15,613 - app.utils.i18n - WARNING - Missing translation for key 'image_browser.image_list' in locale zh_CN
2025-03-08 16:31:15,613 - app.utils.i18n - WARNING - Missing translation for key 'image_browser.preview' in locale zh_CN
2025-03-08 16:31:15,613 - app.utils.i18n - WARNING - Missing translation for key 'image_browser.import_images' in locale zh_CN
2025-03-08 16:31:15,614 - app.utils.i18n - WARNING - Missing translation for key 'image_browser.import_images_tooltip' in locale zh_CN
2025-03-08 16:31:15,614 - app.utils.i18n - WARNING - Missing translation for key 'image_browser.remove_selected' in locale zh_CN
2025-03-08 16:31:15,614 - app.utils.i18n - WARNING - Missing translation for key 'image_browser.remove_selected_tooltip' in locale zh_CN
2025-03-08 16:31:15,614 - app.utils.i18n - WARNING - Missing translation for key 'image_browser.clear_all' in locale zh_CN
2025-03-08 16:31:15,614 - app.utils.i18n - WARNING - Missing translation for key 'image_browser.clear_all_tooltip' in locale zh_CN
2025-03-08 16:31:15,614 - app.utils.i18n - WARNING - Missing translation for key 'image_browser.no_image_selected' in locale zh_CN
2025-03-08 16:31:15,615 - app.utils.i18n - WARNING - Missing translation for key 'main_window.file_menu' in locale zh_CN
2025-03-08 16:31:15,615 - app.utils.i18n - WARNING - Missing translation for key 'main_window.new_project' in locale zh_CN
2025-03-08 16:31:15,615 - app.utils.i18n - WARNING - Missing translation for key 'main_window.open_project' in locale zh_CN
2025-03-08 16:31:15,615 - app.utils.i18n - WARNING - Missing translation for key 'main_window.import_images' in locale zh_CN
2025-03-08 16:31:15,616 - app.utils.i18n - WARNING - Missing translation for key 'main_window.exit' in locale zh_CN
2025-03-08 16:31:15,616 - app.utils.i18n - WARNING - Missing translation for key 'main_window.settings_menu' in locale zh_CN
2025-03-08 16:31:15,616 - app.utils.i18n - WARNING - Missing translation for key 'main_window.preferences' in locale zh_CN
2025-03-08 16:31:15,616 - app.utils.i18n - WARNING - Missing translation for key 'main_window.help_menu' in locale zh_CN
2025-03-08 16:31:15,616 - app.utils.i18n - WARNING - Missing translation for key 'main_window.about' in locale zh_CN
2025-03-08 16:31:15,617 - app.utils.i18n - WARNING - Missing translation for key 'main_window.new_project' in locale zh_CN
2025-03-08 16:31:15,617 - app.utils.i18n - WARNING - Missing translation for key 'main_window.new_project_tooltip' in locale zh_CN
2025-03-08 16:31:15,617 - app.utils.i18n - WARNING - Missing translation for key 'main_window.open_project' in locale zh_CN
2025-03-08 16:31:15,617 - app.utils.i18n - WARNING - Missing translation for key 'main_window.open_project_tooltip' in locale zh_CN
2025-03-08 16:31:15,617 - app.utils.i18n - WARNING - Missing translation for key 'main_window.import_images' in locale zh_CN
2025-03-08 16:31:15,618 - app.utils.i18n - WARNING - Missing translation for key 'main_window.import_images_tooltip' in locale zh_CN
2025-03-08 16:31:15,618 - app.utils.i18n - WARNING - Missing translation for key 'main_window.ready' in locale zh_CN
2025-03-08 16:31:15,618 - app.utils.i18n - WARNING - Missing translation for key 'main_window.image_management' in locale zh_CN
2025-03-08 16:31:15,619 - app.utils.i18n - WARNING - Missing translation for key 'main_window.analysis_controls' in locale zh_CN
2025-03-08 16:31:15,619 - app.utils.i18n - WARNING - Missing translation for key 'main_window.analysis_mode' in locale zh_CN
2025-03-08 16:31:15,619 - app.utils.i18n - WARNING - Missing translation for key 'main_window.single_image' in locale zh_CN
2025-03-08 16:31:15,619 - app.utils.i18n - WARNING - Missing translation for key 'main_window.single_image_tooltip' in locale zh_CN
2025-03-08 16:31:15,620 - app.utils.i18n - WARNING - Missing translation for key 'main_window.batch_analysis' in locale zh_CN
2025-03-08 16:31:15,620 - app.utils.i18n - WARNING - Missing translation for key 'main_window.batch_analysis_tooltip' in locale zh_CN
2025-03-08 16:31:15,620 - app.utils.i18n - WARNING - Missing translation for key 'main_window.parameters' in locale zh_CN
2025-03-08 16:31:15,620 - app.utils.i18n - WARNING - Missing translation for key 'main_window.detection_settings' in locale zh_CN
2025-03-08 16:31:15,621 - app.utils.i18n - WARNING - Missing translation for key 'main_window.confidence_threshold' in locale zh_CN
2025-03-08 16:31:15,621 - app.utils.i18n - WARNING - Missing translation for key 'main_window.quantitative_analysis' in locale zh_CN
2025-03-08 16:31:15,621 - app.utils.i18n - WARNING - Missing translation for key 'main_window.iterations' in locale zh_CN
2025-03-08 16:31:15,621 - app.utils.i18n - WARNING - Missing translation for key 'main_window.progress' in locale zh_CN
2025-03-08 16:31:15,621 - app.utils.i18n - WARNING - Missing translation for key 'main_window.analysis_progress' in locale zh_CN
2025-03-08 16:31:15,622 - app.utils.i18n - WARNING - Missing translation for key 'main_window.start_analysis' in locale zh_CN
2025-03-08 16:31:15,622 - app.utils.i18n - WARNING - Missing translation for key 'main_window.start_analysis_tooltip' in locale zh_CN
2025-03-08 16:31:15,622 - app.utils.i18n - WARNING - Missing translation for key 'main_window.stop' in locale zh_CN
2025-03-08 16:31:15,622 - app.utils.i18n - WARNING - Missing translation for key 'main_window.stop_tooltip' in locale zh_CN
2025-03-08 16:31:15,622 - app.utils.i18n - WARNING - Missing translation for key 'main_window.analysis_results' in locale zh_CN
2025-03-08 16:31:15,622 - app.utils.i18n - WARNING - Missing translation for key 'main_window.language' in locale zh_CN
2025-03-08 16:31:15,828 - app.utils.i18n - INFO - Set locale to zh_CN
2025-03-08 16:31:15,829 - app.utils.i18n - WARNING - Missing translation for key 'main_window.title' in locale zh_CN
2025-03-08 16:31:15,829 - app.utils.i18n - WARNING - Missing translation for key 'image_browser.actions' in locale zh_CN
2025-03-08 16:31:15,829 - app.utils.i18n - WARNING - Missing translation for key 'image_browser.image_list' in locale zh_CN
2025-03-08 16:31:15,830 - app.utils.i18n - WARNING - Missing translation for key 'image_browser.preview' in locale zh_CN
2025-03-08 16:31:15,830 - app.utils.i18n - WARNING - Missing translation for key 'image_browser.import_images' in locale zh_CN
2025-03-08 16:31:15,830 - app.utils.i18n - WARNING - Missing translation for key 'image_browser.import_images_tooltip' in locale zh_CN
2025-03-08 16:31:15,830 - app.utils.i18n - WARNING - Missing translation for key 'image_browser.remove_selected' in locale zh_CN
2025-03-08 16:31:15,830 - app.utils.i18n - WARNING - Missing translation for key 'image_browser.remove_selected_tooltip' in locale zh_CN
2025-03-08 16:31:15,830 - app.utils.i18n - WARNING - Missing translation for key 'image_browser.clear_all' in locale zh_CN
2025-03-08 16:31:15,832 - app.utils.i18n - WARNING - Missing translation for key 'image_browser.clear_all_tooltip' in locale zh_CN
2025-03-08 16:31:15,832 - app.utils.i18n - WARNING - Missing translation for key 'image_browser.no_image_selected' in locale zh_CN
2025-03-08 16:31:15,832 - app.utils.i18n - WARNING - Missing translation for key 'main_window.file_menu' in locale zh_CN
2025-03-08 16:31:15,832 - app.utils.i18n - WARNING - Missing translation for key 'main_window.new_project' in locale zh_CN
2025-03-08 16:31:15,833 - app.utils.i18n - WARNING - Missing translation for key 'main_window.open_project' in locale zh_CN
2025-03-08 16:31:15,833 - app.utils.i18n - WARNING - Missing translation for key 'main_window.import_images' in locale zh_CN
2025-03-08 16:31:15,833 - app.utils.i18n - WARNING - Missing translation for key 'main_window.exit' in locale zh_CN
2025-03-08 16:31:15,833 - app.utils.i18n - WARNING - Missing translation for key 'main_window.settings_menu' in locale zh_CN
2025-03-08 16:31:15,833 - app.utils.i18n - WARNING - Missing translation for key 'main_window.preferences' in locale zh_CN
2025-03-08 16:31:15,834 - app.utils.i18n - WARNING - Missing translation for key 'main_window.help_menu' in locale zh_CN
2025-03-08 16:31:15,834 - app.utils.i18n - WARNING - Missing translation for key 'main_window.about' in locale zh_CN
2025-03-08 16:31:15,834 - app.utils.i18n - WARNING - Missing translation for key 'main_window.new_project' in locale zh_CN
2025-03-08 16:31:15,834 - app.utils.i18n - WARNING - Missing translation for key 'main_window.new_project_tooltip' in locale zh_CN
2025-03-08 16:31:15,834 - app.utils.i18n - WARNING - Missing translation for key 'main_window.open_project' in locale zh_CN
2025-03-08 16:31:15,835 - app.utils.i18n - WARNING - Missing translation for key 'main_window.open_project_tooltip' in locale zh_CN
2025-03-08 16:31:15,835 - app.utils.i18n - WARNING - Missing translation for key 'main_window.import_images' in locale zh_CN
2025-03-08 16:31:15,835 - app.utils.i18n - WARNING - Missing translation for key 'main_window.import_images_tooltip' in locale zh_CN
2025-03-08 16:31:15,835 - app.utils.i18n - WARNING - Missing translation for key 'main_window.ready' in locale zh_CN
2025-03-08 16:31:15,836 - app.utils.i18n - WARNING - Missing translation for key 'main_window.image_management' in locale zh_CN
2025-03-08 16:31:15,836 - app.utils.i18n - WARNING - Missing translation for key 'main_window.analysis_controls' in locale zh_CN
2025-03-08 16:31:15,836 - app.utils.i18n - WARNING - Missing translation for key 'main_window.analysis_mode' in locale zh_CN
2025-03-08 16:31:15,836 - app.utils.i18n - WARNING - Missing translation for key 'main_window.single_image' in locale zh_CN
2025-03-08 16:31:15,837 - app.utils.i18n - WARNING - Missing translation for key 'main_window.single_image_tooltip' in locale zh_CN
2025-03-08 16:31:15,837 - app.utils.i18n - WARNING - Missing translation for key 'main_window.batch_analysis' in locale zh_CN
2025-03-08 16:31:15,837 - app.utils.i18n - WARNING - Missing translation for key 'main_window.batch_analysis_tooltip' in locale zh_CN
2025-03-08 16:31:15,837 - app.utils.i18n - WARNING - Missing translation for key 'main_window.parameters' in locale zh_CN
2025-03-08 16:31:15,837 - app.utils.i18n - WARNING - Missing translation for key 'main_window.detection_settings' in locale zh_CN
2025-03-08 16:31:15,837 - app.utils.i18n - WARNING - Missing translation for key 'main_window.confidence_threshold' in locale zh_CN
2025-03-08 16:31:15,839 - app.utils.i18n - WARNING - Missing translation for key 'main_window.quantitative_analysis' in locale zh_CN
2025-03-08 16:31:15,839 - app.utils.i18n - WARNING - Missing translation for key 'main_window.iterations' in locale zh_CN
2025-03-08 16:31:15,839 - app.utils.i18n - WARNING - Missing translation for key 'main_window.progress' in locale zh_CN
2025-03-08 16:31:15,839 - app.utils.i18n - WARNING - Missing translation for key 'main_window.analysis_progress' in locale zh_CN
2025-03-08 16:31:15,840 - app.utils.i18n - WARNING - Missing translation for key 'main_window.start_analysis' in locale zh_CN
2025-03-08 16:31:15,840 - app.utils.i18n - WARNING - Missing translation for key 'main_window.start_analysis_tooltip' in locale zh_CN
2025-03-08 16:31:15,840 - app.utils.i18n - WARNING - Missing translation for key 'main_window.stop' in locale zh_CN
2025-03-08 16:31:15,840 - app.utils.i18n - WARNING - Missing translation for key 'main_window.stop_tooltip' in locale zh_CN
2025-03-08 16:31:15,841 - app.utils.i18n - WARNING - Missing translation for key 'main_window.analysis_results' in locale zh_CN
2025-03-08 16:31:15,841 - app.utils.i18n - WARNING - Missing translation for key 'main_window.language' in locale zh_CN
2025-03-08 16:31:16,045 - app.utils.i18n - INFO - Set locale to zh_CN
2025-03-08 16:31:16,045 - app.utils.i18n - WARNING - Missing translation for key 'main_window.title' in locale zh_CN
2025-03-08 16:31:16,047 - app.utils.i18n - WARNING - Missing translation for key 'image_browser.actions' in locale zh_CN
2025-03-08 16:31:16,047 - app.utils.i18n - WARNING - Missing translation for key 'image_browser.image_list' in locale zh_CN
2025-03-08 16:31:16,047 - app.utils.i18n - WARNING - Missing translation for key 'image_browser.preview' in locale zh_CN
2025-03-08 16:31:16,047 - app.utils.i18n - WARNING - Missing translation for key 'image_browser.import_images' in locale zh_CN
2025-03-08 16:31:16,048 - app.utils.i18n - WARNING - Missing translation for key 'image_browser.import_images_tooltip' in locale zh_CN
2025-03-08 16:31:16,048 - app.utils.i18n - WARNING - Missing translation for key 'image_browser.remove_selected' in locale zh_CN
2025-03-08 16:31:16,048 - app.utils.i18n - WARNING - Missing translation for key 'image_browser.remove_selected_tooltip' in locale zh_CN
2025-03-08 16:31:16,048 - app.utils.i18n - WARNING - Missing translation for key 'image_browser.clear_all' in locale zh_CN
2025-03-08 16:31:16,048 - app.utils.i18n - WARNING - Missing translation for key 'image_browser.clear_all_tooltip' in locale zh_CN
2025-03-08 16:31:16,049 - app.utils.i18n - WARNING - Missing translation for key 'image_browser.no_image_selected' in locale zh_CN
2025-03-08 16:31:16,049 - app.utils.i18n - WARNING - Missing translation for key 'main_window.file_menu' in locale zh_CN
2025-03-08 16:31:16,049 - app.utils.i18n - WARNING - Missing translation for key 'main_window.new_project' in locale zh_CN
2025-03-08 16:31:16,049 - app.utils.i18n - WARNING - Missing translation for key 'main_window.open_project' in locale zh_CN
2025-03-08 16:31:16,049 - app.utils.i18n - WARNING - Missing translation for key 'main_window.import_images' in locale zh_CN
2025-03-08 16:31:16,050 - app.utils.i18n - WARNING - Missing translation for key 'main_window.exit' in locale zh_CN
2025-03-08 16:31:16,050 - app.utils.i18n - WARNING - Missing translation for key 'main_window.settings_menu' in locale zh_CN
2025-03-08 16:31:16,050 - app.utils.i18n - WARNING - Missing translation for key 'main_window.preferences' in locale zh_CN
2025-03-08 16:31:16,050 - app.utils.i18n - WARNING - Missing translation for key 'main_window.help_menu' in locale zh_CN
2025-03-08 16:31:16,050 - app.utils.i18n - WARNING - Missing translation for key 'main_window.about' in locale zh_CN
2025-03-08 16:31:16,051 - app.utils.i18n - WARNING - Missing translation for key 'main_window.new_project' in locale zh_CN
2025-03-08 16:31:16,051 - app.utils.i18n - WARNING - Missing translation for key 'main_window.new_project_tooltip' in locale zh_CN
2025-03-08 16:31:16,051 - app.utils.i18n - WARNING - Missing translation for key 'main_window.open_project' in locale zh_CN
2025-03-08 16:31:16,051 - app.utils.i18n - WARNING - Missing translation for key 'main_window.open_project_tooltip' in locale zh_CN
2025-03-08 16:31:16,051 - app.utils.i18n - WARNING - Missing translation for key 'main_window.import_images' in locale zh_CN
2025-03-08 16:31:16,052 - app.utils.i18n - WARNING - Missing translation for key 'main_window.import_images_tooltip' in locale zh_CN
2025-03-08 16:31:16,052 - app.utils.i18n - WARNING - Missing translation for key 'main_window.ready' in locale zh_CN
2025-03-08 16:31:16,053 - app.utils.i18n - WARNING - Missing translation for key 'main_window.image_management' in locale zh_CN
2025-03-08 16:31:16,053 - app.utils.i18n - WARNING - Missing translation for key 'main_window.analysis_controls' in locale zh_CN
2025-03-08 16:31:16,053 - app.utils.i18n - WARNING - Missing translation for key 'main_window.analysis_mode' in locale zh_CN
2025-03-08 16:31:16,053 - app.utils.i18n - WARNING - Missing translation for key 'main_window.single_image' in locale zh_CN
2025-03-08 16:31:16,054 - app.utils.i18n - WARNING - Missing translation for key 'main_window.single_image_tooltip' in locale zh_CN
2025-03-08 16:31:16,054 - app.utils.i18n - WARNING - Missing translation for key 'main_window.batch_analysis' in locale zh_CN
2025-03-08 16:31:16,054 - app.utils.i18n - WARNING - Missing translation for key 'main_window.batch_analysis_tooltip' in locale zh_CN
2025-03-08 16:31:16,054 - app.utils.i18n - WARNING - Missing translation for key 'main_window.parameters' in locale zh_CN
2025-03-08 16:31:16,054 - app.utils.i18n - WARNING - Missing translation for key 'main_window.detection_settings' in locale zh_CN
2025-03-08 16:31:16,055 - app.utils.i18n - WARNING - Missing translation for key 'main_window.confidence_threshold' in locale zh_CN
2025-03-08 16:31:16,055 - app.utils.i18n - WARNING - Missing translation for key 'main_window.quantitative_analysis' in locale zh_CN
2025-03-08 16:31:16,055 - app.utils.i18n - WARNING - Missing translation for key 'main_window.iterations' in locale zh_CN
2025-03-08 16:31:16,055 - app.utils.i18n - WARNING - Missing translation for key 'main_window.progress' in locale zh_CN
2025-03-08 16:31:16,055 - app.utils.i18n - WARNING - Missing translation for key 'main_window.analysis_progress' in locale zh_CN
2025-03-08 16:31:16,055 - app.utils.i18n - WARNING - Missing translation for key 'main_window.start_analysis' in locale zh_CN
2025-03-08 16:31:16,056 - app.utils.i18n - WARNING - Missing translation for key 'main_window.start_analysis_tooltip' in locale zh_CN
2025-03-08 16:31:16,056 - app.utils.i18n - WARNING - Missing translation for key 'main_window.stop' in locale zh_CN
2025-03-08 16:31:16,056 - app.utils.i18n - WARNING - Missing translation for key 'main_window.stop_tooltip' in locale zh_CN
2025-03-08 16:31:16,056 - app.utils.i18n - WARNING - Missing translation for key 'main_window.analysis_results' in locale zh_CN
2025-03-08 16:31:16,057 - app.utils.i18n - WARNING - Missing translation for key 'main_window.language' in locale zh_CN
2025-03-08 16:31:16,627 - app.utils.i18n - INFO - Set locale to en
2025-03-08 16:31:16,627 - app.utils.i18n - WARNING - Missing translation for key 'main_window.title' in locale en
2025-03-08 16:31:16,627 - app.utils.i18n - WARNING - Missing translation for key 'image_browser.actions' in locale en
2025-03-08 16:31:16,627 - app.utils.i18n - WARNING - Missing translation for key 'image_browser.image_list' in locale en
2025-03-08 16:31:16,627 - app.utils.i18n - WARNING - Missing translation for key 'image_browser.preview' in locale en
2025-03-08 16:31:16,628 - app.utils.i18n - WARNING - Missing translation for key 'image_browser.import_images' in locale en
2025-03-08 16:31:16,628 - app.utils.i18n - WARNING - Missing translation for key 'image_browser.import_images_tooltip' in locale en
2025-03-08 16:31:16,628 - app.utils.i18n - WARNING - Missing translation for key 'image_browser.remove_selected' in locale en
2025-03-08 16:31:16,628 - app.utils.i18n - WARNING - Missing translation for key 'image_browser.remove_selected_tooltip' in locale en
2025-03-08 16:31:16,628 - app.utils.i18n - WARNING - Missing translation for key 'image_browser.clear_all' in locale en
2025-03-08 16:31:16,629 - app.utils.i18n - WARNING - Missing translation for key 'image_browser.clear_all_tooltip' in locale en
2025-03-08 16:31:16,629 - app.utils.i18n - WARNING - Missing translation for key 'image_browser.no_image_selected' in locale en
2025-03-08 16:31:16,629 - app.utils.i18n - WARNING - Missing translation for key 'main_window.file_menu' in locale en
2025-03-08 16:31:16,629 - app.utils.i18n - WARNING - Missing translation for key 'main_window.new_project' in locale en
2025-03-08 16:31:16,631 - app.utils.i18n - WARNING - Missing translation for key 'main_window.open_project' in locale en
2025-03-08 16:31:16,631 - app.utils.i18n - WARNING - Missing translation for key 'main_window.import_images' in locale en
2025-03-08 16:31:16,631 - app.utils.i18n - WARNING - Missing translation for key 'main_window.exit' in locale en
2025-03-08 16:31:16,631 - app.utils.i18n - WARNING - Missing translation for key 'main_window.settings_menu' in locale en
2025-03-08 16:31:16,631 - app.utils.i18n - WARNING - Missing translation for key 'main_window.preferences' in locale en
2025-03-08 16:31:16,631 - app.utils.i18n - WARNING - Missing translation for key 'main_window.help_menu' in locale en
2025-03-08 16:31:16,631 - app.utils.i18n - WARNING - Missing translation for key 'main_window.about' in locale en
2025-03-08 16:31:16,631 - app.utils.i18n - WARNING - Missing translation for key 'main_window.new_project' in locale en
2025-03-08 16:31:16,632 - app.utils.i18n - WARNING - Missing translation for key 'main_window.new_project_tooltip' in locale en
2025-03-08 16:31:16,632 - app.utils.i18n - WARNING - Missing translation for key 'main_window.open_project' in locale en
2025-03-08 16:31:16,632 - app.utils.i18n - WARNING - Missing translation for key 'main_window.open_project_tooltip' in locale en
2025-03-08 16:31:16,632 - app.utils.i18n - WARNING - Missing translation for key 'main_window.import_images' in locale en
2025-03-08 16:31:16,632 - app.utils.i18n - WARNING - Missing translation for key 'main_window.import_images_tooltip' in locale en
2025-03-08 16:31:16,633 - app.utils.i18n - WARNING - Missing translation for key 'main_window.ready' in locale en
2025-03-08 16:31:16,633 - app.utils.i18n - WARNING - Missing translation for key 'main_window.image_management' in locale en
2025-03-08 16:31:16,633 - app.utils.i18n - WARNING - Missing translation for key 'main_window.analysis_controls' in locale en
2025-03-08 16:31:16,633 - app.utils.i18n - WARNING - Missing translation for key 'main_window.analysis_mode' in locale en
2025-03-08 16:31:16,633 - app.utils.i18n - WARNING - Missing translation for key 'main_window.single_image' in locale en
2025-03-08 16:31:16,633 - app.utils.i18n - WARNING - Missing translation for key 'main_window.single_image_tooltip' in locale en
2025-03-08 16:31:16,634 - app.utils.i18n - WARNING - Missing translation for key 'main_window.batch_analysis' in locale en
2025-03-08 16:31:16,634 - app.utils.i18n - WARNING - Missing translation for key 'main_window.batch_analysis_tooltip' in locale en
2025-03-08 16:31:16,634 - app.utils.i18n - WARNING - Missing translation for key 'main_window.parameters' in locale en
2025-03-08 16:31:16,634 - app.utils.i18n - WARNING - Missing translation for key 'main_window.detection_settings' in locale en
2025-03-08 16:31:16,634 - app.utils.i18n - WARNING - Missing translation for key 'main_window.confidence_threshold' in locale en
2025-03-08 16:31:16,634 - app.utils.i18n - WARNING - Missing translation for key 'main_window.quantitative_analysis' in locale en
2025-03-08 16:31:16,634 - app.utils.i18n - WARNING - Missing translation for key 'main_window.iterations' in locale en
2025-03-08 16:31:16,636 - app.utils.i18n - WARNING - Missing translation for key 'main_window.progress' in locale en
2025-03-08 16:31:16,636 - app.utils.i18n - WARNING - Missing translation for key 'main_window.analysis_progress' in locale en
2025-03-08 16:31:16,636 - app.utils.i18n - WARNING - Missing translation for key 'main_window.start_analysis' in locale en
2025-03-08 16:31:16,636 - app.utils.i18n - WARNING - Missing translation for key 'main_window.start_analysis_tooltip' in locale en
2025-03-08 16:31:16,636 - app.utils.i18n - WARNING - Missing translation for key 'main_window.stop' in locale en
2025-03-08 16:31:16,636 - app.utils.i18n - WARNING - Missing translation for key 'main_window.stop_tooltip' in locale en
2025-03-08 16:31:16,636 - app.utils.i18n - WARNING - Missing translation for key 'main_window.analysis_results' in locale en
2025-03-08 16:31:16,637 - app.utils.i18n - WARNING - Missing translation for key 'main_window.language' in locale en
2025-03-08 16:31:17,082 - app.utils.i18n - INFO - Set locale to zh_CN
2025-03-08 16:31:17,083 - app.utils.i18n - WARNING - Missing translation for key 'main_window.title' in locale zh_CN
2025-03-08 16:31:17,083 - app.utils.i18n - WARNING - Missing translation for key 'image_browser.actions' in locale zh_CN
2025-03-08 16:31:17,083 - app.utils.i18n - WARNING - Missing translation for key 'image_browser.image_list' in locale zh_CN
2025-03-08 16:31:17,084 - app.utils.i18n - WARNING - Missing translation for key 'image_browser.preview' in locale zh_CN
2025-03-08 16:31:17,084 - app.utils.i18n - WARNING - Missing translation for key 'image_browser.import_images' in locale zh_CN
2025-03-08 16:31:17,084 - app.utils.i18n - WARNING - Missing translation for key 'image_browser.import_images_tooltip' in locale zh_CN
2025-03-08 16:31:17,084 - app.utils.i18n - WARNING - Missing translation for key 'image_browser.remove_selected' in locale zh_CN
2025-03-08 16:31:17,084 - app.utils.i18n - WARNING - Missing translation for key 'image_browser.remove_selected_tooltip' in locale zh_CN
2025-03-08 16:31:17,086 - app.utils.i18n - WARNING - Missing translation for key 'image_browser.clear_all' in locale zh_CN
2025-03-08 16:31:17,086 - app.utils.i18n - WARNING - Missing translation for key 'image_browser.clear_all_tooltip' in locale zh_CN
2025-03-08 16:31:17,086 - app.utils.i18n - WARNING - Missing translation for key 'image_browser.no_image_selected' in locale zh_CN
2025-03-08 16:31:17,086 - app.utils.i18n - WARNING - Missing translation for key 'main_window.file_menu' in locale zh_CN
2025-03-08 16:31:17,086 - app.utils.i18n - WARNING - Missing translation for key 'main_window.new_project' in locale zh_CN
2025-03-08 16:31:17,087 - app.utils.i18n - WARNING - Missing translation for key 'main_window.open_project' in locale zh_CN
2025-03-08 16:31:17,087 - app.utils.i18n - WARNING - Missing translation for key 'main_window.import_images' in locale zh_CN
2025-03-08 16:31:17,087 - app.utils.i18n - WARNING - Missing translation for key 'main_window.exit' in locale zh_CN
2025-03-08 16:31:17,087 - app.utils.i18n - WARNING - Missing translation for key 'main_window.settings_menu' in locale zh_CN
2025-03-08 16:31:17,087 - app.utils.i18n - WARNING - Missing translation for key 'main_window.preferences' in locale zh_CN
2025-03-08 16:31:17,087 - app.utils.i18n - WARNING - Missing translation for key 'main_window.help_menu' in locale zh_CN
2025-03-08 16:31:17,088 - app.utils.i18n - WARNING - Missing translation for key 'main_window.about' in locale zh_CN
2025-03-08 16:31:17,088 - app.utils.i18n - WARNING - Missing translation for key 'main_window.new_project' in locale zh_CN
2025-03-08 16:31:17,088 - app.utils.i18n - WARNING - Missing translation for key 'main_window.new_project_tooltip' in locale zh_CN
2025-03-08 16:31:17,088 - app.utils.i18n - WARNING - Missing translation for key 'main_window.open_project' in locale zh_CN
2025-03-08 16:31:17,088 - app.utils.i18n - WARNING - Missing translation for key 'main_window.open_project_tooltip' in locale zh_CN
2025-03-08 16:31:17,089 - app.utils.i18n - WARNING - Missing translation for key 'main_window.import_images' in locale zh_CN
2025-03-08 16:31:17,089 - app.utils.i18n - WARNING - Missing translation for key 'main_window.import_images_tooltip' in locale zh_CN
2025-03-08 16:31:17,089 - app.utils.i18n - WARNING - Missing translation for key 'main_window.ready' in locale zh_CN
2025-03-08 16:31:17,089 - app.utils.i18n - WARNING - Missing translation for key 'main_window.image_management' in locale zh_CN
2025-03-08 16:31:17,090 - app.utils.i18n - WARNING - Missing translation for key 'main_window.analysis_controls' in locale zh_CN
2025-03-08 16:31:17,090 - app.utils.i18n - WARNING - Missing translation for key 'main_window.analysis_mode' in locale zh_CN
2025-03-08 16:31:17,090 - app.utils.i18n - WARNING - Missing translation for key 'main_window.single_image' in locale zh_CN
2025-03-08 16:31:17,091 - app.utils.i18n - WARNING - Missing translation for key 'main_window.single_image_tooltip' in locale zh_CN
2025-03-08 16:31:17,091 - app.utils.i18n - WARNING - Missing translation for key 'main_window.batch_analysis' in locale zh_CN
2025-03-08 16:31:17,091 - app.utils.i18n - WARNING - Missing translation for key 'main_window.batch_analysis_tooltip' in locale zh_CN
2025-03-08 16:31:17,091 - app.utils.i18n - WARNING - Missing translation for key 'main_window.parameters' in locale zh_CN
2025-03-08 16:31:17,091 - app.utils.i18n - WARNING - Missing translation for key 'main_window.detection_settings' in locale zh_CN
2025-03-08 16:31:17,092 - app.utils.i18n - WARNING - Missing translation for key 'main_window.confidence_threshold' in locale zh_CN
2025-03-08 16:31:17,092 - app.utils.i18n - WARNING - Missing translation for key 'main_window.quantitative_analysis' in locale zh_CN
2025-03-08 16:31:17,092 - app.utils.i18n - WARNING - Missing translation for key 'main_window.iterations' in locale zh_CN
2025-03-08 16:31:17,092 - app.utils.i18n - WARNING - Missing translation for key 'main_window.progress' in locale zh_CN
2025-03-08 16:31:17,092 - app.utils.i18n - WARNING - Missing translation for key 'main_window.analysis_progress' in locale zh_CN
2025-03-08 16:31:17,092 - app.utils.i18n - WARNING - Missing translation for key 'main_window.start_analysis' in locale zh_CN
2025-03-08 16:31:17,094 - app.utils.i18n - WARNING - Missing translation for key 'main_window.start_analysis_tooltip' in locale zh_CN
2025-03-08 16:31:17,094 - app.utils.i18n - WARNING - Missing translation for key 'main_window.stop' in locale zh_CN
2025-03-08 16:31:17,094 - app.utils.i18n - WARNING - Missing translation for key 'main_window.stop_tooltip' in locale zh_CN
2025-03-08 16:31:17,094 - app.utils.i18n - WARNING - Missing translation for key 'main_window.analysis_results' in locale zh_CN
2025-03-08 16:31:17,094 - app.utils.i18n - WARNING - Missing translation for key 'main_window.language' in locale zh_CN
2025-03-08 16:31:17,514 - app.utils.i18n - INFO - Set locale to en
2025-03-08 16:31:17,514 - app.utils.i18n - WARNING - Missing translation for key 'main_window.title' in locale en
2025-03-08 16:31:17,514 - app.utils.i18n - WARNING - Missing translation for key 'image_browser.actions' in locale en
2025-03-08 16:31:17,516 - app.utils.i18n - WARNING - Missing translation for key 'image_browser.image_list' in locale en
2025-03-08 16:31:17,516 - app.utils.i18n - WARNING - Missing translation for key 'image_browser.preview' in locale en
2025-03-08 16:31:17,516 - app.utils.i18n - WARNING - Missing translation for key 'image_browser.import_images' in locale en
2025-03-08 16:31:17,516 - app.utils.i18n - WARNING - Missing translation for key 'image_browser.import_images_tooltip' in locale en
2025-03-08 16:31:17,516 - app.utils.i18n - WARNING - Missing translation for key 'image_browser.remove_selected' in locale en
2025-03-08 16:31:17,517 - app.utils.i18n - WARNING - Missing translation for key 'image_browser.remove_selected_tooltip' in locale en
2025-03-08 16:31:17,517 - app.utils.i18n - WARNING - Missing translation for key 'image_browser.clear_all' in locale en
2025-03-08 16:31:17,517 - app.utils.i18n - WARNING - Missing translation for key 'image_browser.clear_all_tooltip' in locale en
2025-03-08 16:31:17,517 - app.utils.i18n - WARNING - Missing translation for key 'image_browser.no_image_selected' in locale en
2025-03-08 16:31:17,517 - app.utils.i18n - WARNING - Missing translation for key 'main_window.file_menu' in locale en
2025-03-08 16:31:17,518 - app.utils.i18n - WARNING - Missing translation for key 'main_window.new_project' in locale en
2025-03-08 16:31:17,518 - app.utils.i18n - WARNING - Missing translation for key 'main_window.open_project' in locale en
2025-03-08 16:31:17,518 - app.utils.i18n - WARNING - Missing translation for key 'main_window.import_images' in locale en
2025-03-08 16:31:17,518 - app.utils.i18n - WARNING - Missing translation for key 'main_window.exit' in locale en
2025-03-08 16:31:17,518 - app.utils.i18n - WARNING - Missing translation for key 'main_window.settings_menu' in locale en
2025-03-08 16:31:17,518 - app.utils.i18n - WARNING - Missing translation for key 'main_window.preferences' in locale en
2025-03-08 16:31:17,519 - app.utils.i18n - WARNING - Missing translation for key 'main_window.help_menu' in locale en
2025-03-08 16:31:17,519 - app.utils.i18n - WARNING - Missing translation for key 'main_window.about' in locale en
2025-03-08 16:31:17,519 - app.utils.i18n - WARNING - Missing translation for key 'main_window.new_project' in locale en
2025-03-08 16:31:17,519 - app.utils.i18n - WARNING - Missing translation for key 'main_window.new_project_tooltip' in locale en
2025-03-08 16:31:17,519 - app.utils.i18n - WARNING - Missing translation for key 'main_window.open_project' in locale en
2025-03-08 16:31:17,519 - app.utils.i18n - WARNING - Missing translation for key 'main_window.open_project_tooltip' in locale en
2025-03-08 16:31:17,520 - app.utils.i18n - WARNING - Missing translation for key 'main_window.import_images' in locale en
2025-03-08 16:31:17,520 - app.utils.i18n - WARNING - Missing translation for key 'main_window.import_images_tooltip' in locale en
2025-03-08 16:31:17,521 - app.utils.i18n - WARNING - Missing translation for key 'main_window.ready' in locale en
2025-03-08 16:31:17,521 - app.utils.i18n - WARNING - Missing translation for key 'main_window.image_management' in locale en
2025-03-08 16:31:17,521 - app.utils.i18n - WARNING - Missing translation for key 'main_window.analysis_controls' in locale en
2025-03-08 16:31:17,521 - app.utils.i18n - WARNING - Missing translation for key 'main_window.analysis_mode' in locale en
2025-03-08 16:31:17,521 - app.utils.i18n - WARNING - Missing translation for key 'main_window.single_image' in locale en
2025-03-08 16:31:17,522 - app.utils.i18n - WARNING - Missing translation for key 'main_window.single_image_tooltip' in locale en
2025-03-08 16:31:17,522 - app.utils.i18n - WARNING - Missing translation for key 'main_window.batch_analysis' in locale en
2025-03-08 16:31:17,522 - app.utils.i18n - WARNING - Missing translation for key 'main_window.batch_analysis_tooltip' in locale en
2025-03-08 16:31:17,522 - app.utils.i18n - WARNING - Missing translation for key 'main_window.parameters' in locale en
2025-03-08 16:31:17,522 - app.utils.i18n - WARNING - Missing translation for key 'main_window.detection_settings' in locale en
2025-03-08 16:31:17,523 - app.utils.i18n - WARNING - Missing translation for key 'main_window.confidence_threshold' in locale en
2025-03-08 16:31:17,523 - app.utils.i18n - WARNING - Missing translation for key 'main_window.quantitative_analysis' in locale en
2025-03-08 16:31:17,523 - app.utils.i18n - WARNING - Missing translation for key 'main_window.iterations' in locale en
2025-03-08 16:31:17,523 - app.utils.i18n - WARNING - Missing translation for key 'main_window.progress' in locale en
2025-03-08 16:31:17,523 - app.utils.i18n - WARNING - Missing translation for key 'main_window.analysis_progress' in locale en
2025-03-08 16:31:17,524 - app.utils.i18n - WARNING - Missing translation for key 'main_window.start_analysis' in locale en
2025-03-08 16:31:17,524 - app.utils.i18n - WARNING - Missing translation for key 'main_window.start_analysis_tooltip' in locale en
2025-03-08 16:31:17,524 - app.utils.i18n - WARNING - Missing translation for key 'main_window.stop' in locale en
2025-03-08 16:31:17,524 - app.utils.i18n - WARNING - Missing translation for key 'main_window.stop_tooltip' in locale en
2025-03-08 16:31:17,524 - app.utils.i18n - WARNING - Missing translation for key 'main_window.analysis_results' in locale en
2025-03-08 16:31:17,524 - app.utils.i18n - WARNING - Missing translation for key 'main_window.language' in locale en
2025-03-08 16:31:17,891 - app.utils.i18n - INFO - Set locale to zh_CN
2025-03-08 16:31:17,891 - app.utils.i18n - WARNING - Missing translation for key 'main_window.title' in locale zh_CN
2025-03-08 16:31:17,892 - app.utils.i18n - WARNING - Missing translation for key 'image_browser.actions' in locale zh_CN
2025-03-08 16:31:17,892 - app.utils.i18n - WARNING - Missing translation for key 'image_browser.image_list' in locale zh_CN
2025-03-08 16:31:17,892 - app.utils.i18n - WARNING - Missing translation for key 'image_browser.preview' in locale zh_CN
2025-03-08 16:31:17,892 - app.utils.i18n - WARNING - Missing translation for key 'image_browser.import_images' in locale zh_CN
2025-03-08 16:31:17,893 - app.utils.i18n - WARNING - Missing translation for key 'image_browser.import_images_tooltip' in locale zh_CN
2025-03-08 16:31:17,893 - app.utils.i18n - WARNING - Missing translation for key 'image_browser.remove_selected' in locale zh_CN
2025-03-08 16:31:17,893 - app.utils.i18n - WARNING - Missing translation for key 'image_browser.remove_selected_tooltip' in locale zh_CN
2025-03-08 16:31:17,893 - app.utils.i18n - WARNING - Missing translation for key 'image_browser.clear_all' in locale zh_CN
2025-03-08 16:31:17,893 - app.utils.i18n - WARNING - Missing translation for key 'image_browser.clear_all_tooltip' in locale zh_CN
2025-03-08 16:31:17,893 - app.utils.i18n - WARNING - Missing translation for key 'image_browser.no_image_selected' in locale zh_CN
2025-03-08 16:31:17,894 - app.utils.i18n - WARNING - Missing translation for key 'main_window.file_menu' in locale zh_CN
2025-03-08 16:31:17,894 - app.utils.i18n - WARNING - Missing translation for key 'main_window.new_project' in locale zh_CN
2025-03-08 16:31:17,894 - app.utils.i18n - WARNING - Missing translation for key 'main_window.open_project' in locale zh_CN
2025-03-08 16:31:17,894 - app.utils.i18n - WARNING - Missing translation for key 'main_window.import_images' in locale zh_CN
2025-03-08 16:31:17,895 - app.utils.i18n - WARNING - Missing translation for key 'main_window.exit' in locale zh_CN
2025-03-08 16:31:17,895 - app.utils.i18n - WARNING - Missing translation for key 'main_window.settings_menu' in locale zh_CN
2025-03-08 16:31:17,895 - app.utils.i18n - WARNING - Missing translation for key 'main_window.preferences' in locale zh_CN
2025-03-08 16:31:17,895 - app.utils.i18n - WARNING - Missing translation for key 'main_window.help_menu' in locale zh_CN
2025-03-08 16:31:17,896 - app.utils.i18n - WARNING - Missing translation for key 'main_window.about' in locale zh_CN
2025-03-08 16:31:17,896 - app.utils.i18n - WARNING - Missing translation for key 'main_window.new_project' in locale zh_CN
2025-03-08 16:31:17,896 - app.utils.i18n - WARNING - Missing translation for key 'main_window.new_project_tooltip' in locale zh_CN
2025-03-08 16:31:17,896 - app.utils.i18n - WARNING - Missing translation for key 'main_window.open_project' in locale zh_CN
2025-03-08 16:31:17,897 - app.utils.i18n - WARNING - Missing translation for key 'main_window.open_project_tooltip' in locale zh_CN
2025-03-08 16:31:17,898 - app.utils.i18n - WARNING - Missing translation for key 'main_window.import_images' in locale zh_CN
2025-03-08 16:31:17,898 - app.utils.i18n - WARNING - Missing translation for key 'main_window.import_images_tooltip' in locale zh_CN
2025-03-08 16:31:17,899 - app.utils.i18n - WARNING - Missing translation for key 'main_window.ready' in locale zh_CN
2025-03-08 16:31:17,899 - app.utils.i18n - WARNING - Missing translation for key 'main_window.image_management' in locale zh_CN
2025-03-08 16:31:17,899 - app.utils.i18n - WARNING - Missing translation for key 'main_window.analysis_controls' in locale zh_CN
2025-03-08 16:31:17,899 - app.utils.i18n - WARNING - Missing translation for key 'main_window.analysis_mode' in locale zh_CN
2025-03-08 16:31:17,900 - app.utils.i18n - WARNING - Missing translation for key 'main_window.single_image' in locale zh_CN
2025-03-08 16:31:17,900 - app.utils.i18n - WARNING - Missing translation for key 'main_window.single_image_tooltip' in locale zh_CN
2025-03-08 16:31:17,900 - app.utils.i18n - WARNING - Missing translation for key 'main_window.batch_analysis' in locale zh_CN
2025-03-08 16:31:17,901 - app.utils.i18n - WARNING - Missing translation for key 'main_window.batch_analysis_tooltip' in locale zh_CN
2025-03-08 16:31:17,901 - app.utils.i18n - WARNING - Missing translation for key 'main_window.parameters' in locale zh_CN
2025-03-08 16:31:17,901 - app.utils.i18n - WARNING - Missing translation for key 'main_window.detection_settings' in locale zh_CN
2025-03-08 16:31:17,901 - app.utils.i18n - WARNING - Missing translation for key 'main_window.confidence_threshold' in locale zh_CN
2025-03-08 16:31:17,901 - app.utils.i18n - WARNING - Missing translation for key 'main_window.quantitative_analysis' in locale zh_CN
2025-03-08 16:31:17,901 - app.utils.i18n - WARNING - Missing translation for key 'main_window.iterations' in locale zh_CN
2025-03-08 16:31:17,903 - app.utils.i18n - WARNING - Missing translation for key 'main_window.progress' in locale zh_CN
2025-03-08 16:31:17,904 - app.utils.i18n - WARNING - Missing translation for key 'main_window.analysis_progress' in locale zh_CN
2025-03-08 16:31:17,904 - app.utils.i18n - WARNING - Missing translation for key 'main_window.start_analysis' in locale zh_CN
2025-03-08 16:31:17,904 - app.utils.i18n - WARNING - Missing translation for key 'main_window.start_analysis_tooltip' in locale zh_CN
2025-03-08 16:31:17,905 - app.utils.i18n - WARNING - Missing translation for key 'main_window.stop' in locale zh_CN
2025-03-08 16:31:17,905 - app.utils.i18n - WARNING - Missing translation for key 'main_window.stop_tooltip' in locale zh_CN
2025-03-08 16:31:17,905 - app.utils.i18n - WARNING - Missing translation for key 'main_window.analysis_results' in locale zh_CN
2025-03-08 16:31:17,906 - app.utils.i18n - WARNING - Missing translation for key 'main_window.language' in locale zh_CN
2025-03-08 16:31:19,083 - app.utils.i18n - INFO - Set locale to zh_TW
2025-03-08 16:31:19,682 - app.utils.i18n - INFO - Set locale to zh_CN
2025-03-08 16:31:19,682 - app.utils.i18n - WARNING - Missing translation for key 'main_window.title' in locale zh_CN
2025-03-08 16:31:19,682 - app.utils.i18n - WARNING - Missing translation for key 'image_browser.actions' in locale zh_CN
2025-03-08 16:31:19,682 - app.utils.i18n - WARNING - Missing translation for key 'image_browser.image_list' in locale zh_CN
2025-03-08 16:31:19,682 - app.utils.i18n - WARNING - Missing translation for key 'image_browser.preview' in locale zh_CN
2025-03-08 16:31:19,684 - app.utils.i18n - WARNING - Missing translation for key 'image_browser.import_images' in locale zh_CN
2025-03-08 16:31:19,684 - app.utils.i18n - WARNING - Missing translation for key 'image_browser.import_images_tooltip' in locale zh_CN
2025-03-08 16:31:19,684 - app.utils.i18n - WARNING - Missing translation for key 'image_browser.remove_selected' in locale zh_CN
2025-03-08 16:31:19,684 - app.utils.i18n - WARNING - Missing translation for key 'image_browser.remove_selected_tooltip' in locale zh_CN
2025-03-08 16:31:19,685 - app.utils.i18n - WARNING - Missing translation for key 'image_browser.clear_all' in locale zh_CN
2025-03-08 16:31:19,685 - app.utils.i18n - WARNING - Missing translation for key 'image_browser.clear_all_tooltip' in locale zh_CN
2025-03-08 16:31:19,685 - app.utils.i18n - WARNING - Missing translation for key 'image_browser.no_image_selected' in locale zh_CN
2025-03-08 16:31:19,685 - app.utils.i18n - WARNING - Missing translation for key 'main_window.file_menu' in locale zh_CN
2025-03-08 16:31:19,686 - app.utils.i18n - WARNING - Missing translation for key 'main_window.new_project' in locale zh_CN
2025-03-08 16:31:19,686 - app.utils.i18n - WARNING - Missing translation for key 'main_window.open_project' in locale zh_CN
2025-03-08 16:31:19,686 - app.utils.i18n - WARNING - Missing translation for key 'main_window.import_images' in locale zh_CN
2025-03-08 16:31:19,686 - app.utils.i18n - WARNING - Missing translation for key 'main_window.exit' in locale zh_CN
2025-03-08 16:31:19,686 - app.utils.i18n - WARNING - Missing translation for key 'main_window.settings_menu' in locale zh_CN
2025-03-08 16:31:19,687 - app.utils.i18n - WARNING - Missing translation for key 'main_window.preferences' in locale zh_CN
2025-03-08 16:31:19,687 - app.utils.i18n - WARNING - Missing translation for key 'main_window.help_menu' in locale zh_CN
2025-03-08 16:31:19,687 - app.utils.i18n - WARNING - Missing translation for key 'main_window.about' in locale zh_CN
2025-03-08 16:31:19,687 - app.utils.i18n - WARNING - Missing translation for key 'main_window.new_project' in locale zh_CN
2025-03-08 16:31:19,688 - app.utils.i18n - WARNING - Missing translation for key 'main_window.new_project_tooltip' in locale zh_CN
2025-03-08 16:31:19,688 - app.utils.i18n - WARNING - Missing translation for key 'main_window.open_project' in locale zh_CN
2025-03-08 16:31:19,688 - app.utils.i18n - WARNING - Missing translation for key 'main_window.open_project_tooltip' in locale zh_CN
2025-03-08 16:31:19,689 - app.utils.i18n - WARNING - Missing translation for key 'main_window.import_images' in locale zh_CN
2025-03-08 16:31:19,689 - app.utils.i18n - WARNING - Missing translation for key 'main_window.import_images_tooltip' in locale zh_CN
2025-03-08 16:31:19,689 - app.utils.i18n - WARNING - Missing translation for key 'main_window.ready' in locale zh_CN
2025-03-08 16:31:19,690 - app.utils.i18n - WARNING - Missing translation for key 'main_window.image_management' in locale zh_CN
2025-03-08 16:31:19,690 - app.utils.i18n - WARNING - Missing translation for key 'main_window.analysis_controls' in locale zh_CN
2025-03-08 16:31:19,690 - app.utils.i18n - WARNING - Missing translation for key 'main_window.analysis_mode' in locale zh_CN
2025-03-08 16:31:19,690 - app.utils.i18n - WARNING - Missing translation for key 'main_window.single_image' in locale zh_CN
2025-03-08 16:31:19,690 - app.utils.i18n - WARNING - Missing translation for key 'main_window.single_image_tooltip' in locale zh_CN
2025-03-08 16:31:19,690 - app.utils.i18n - WARNING - Missing translation for key 'main_window.batch_analysis' in locale zh_CN
2025-03-08 16:31:19,690 - app.utils.i18n - WARNING - Missing translation for key 'main_window.batch_analysis_tooltip' in locale zh_CN
2025-03-08 16:31:19,691 - app.utils.i18n - WARNING - Missing translation for key 'main_window.parameters' in locale zh_CN
2025-03-08 16:31:19,691 - app.utils.i18n - WARNING - Missing translation for key 'main_window.detection_settings' in locale zh_CN
2025-03-08 16:31:19,691 - app.utils.i18n - WARNING - Missing translation for key 'main_window.confidence_threshold' in locale zh_CN
2025-03-08 16:31:19,691 - app.utils.i18n - WARNING - Missing translation for key 'main_window.quantitative_analysis' in locale zh_CN
2025-03-08 16:31:19,692 - app.utils.i18n - WARNING - Missing translation for key 'main_window.iterations' in locale zh_CN
2025-03-08 16:31:19,701 - app.utils.i18n - WARNING - Missing translation for key 'main_window.progress' in locale zh_CN
2025-03-08 16:31:19,701 - app.utils.i18n - WARNING - Missing translation for key 'main_window.analysis_progress' in locale zh_CN
2025-03-08 16:31:19,701 - app.utils.i18n - WARNING - Missing translation for key 'main_window.start_analysis' in locale zh_CN
2025-03-08 16:31:19,701 - app.utils.i18n - WARNING - Missing translation for key 'main_window.start_analysis_tooltip' in locale zh_CN
2025-03-08 16:31:19,701 - app.utils.i18n - WARNING - Missing translation for key 'main_window.stop' in locale zh_CN
2025-03-08 16:31:19,703 - app.utils.i18n - WARNING - Missing translation for key 'main_window.stop_tooltip' in locale zh_CN
2025-03-08 16:31:19,703 - app.utils.i18n - WARNING - Missing translation for key 'main_window.analysis_results' in locale zh_CN
2025-03-08 16:31:19,703 - app.utils.i18n - WARNING - Missing translation for key 'main_window.language' in locale zh_CN
2025-03-08 16:31:20,251 - app.utils.i18n - INFO - Set locale to zh_TW
2025-03-08 16:31:21,506 - app.utils.i18n - INFO - Set locale to en
2025-03-08 16:31:21,506 - app.utils.i18n - WARNING - Missing translation for key 'main_window.title' in locale en
2025-03-08 16:31:21,506 - app.utils.i18n - WARNING - Missing translation for key 'image_browser.actions' in locale en
2025-03-08 16:31:21,506 - app.utils.i18n - WARNING - Missing translation for key 'image_browser.image_list' in locale en
2025-03-08 16:31:21,507 - app.utils.i18n - WARNING - Missing translation for key 'image_browser.preview' in locale en
2025-03-08 16:31:21,507 - app.utils.i18n - WARNING - Missing translation for key 'image_browser.import_images' in locale en
2025-03-08 16:31:21,508 - app.utils.i18n - WARNING - Missing translation for key 'image_browser.import_images_tooltip' in locale en
2025-03-08 16:31:21,508 - app.utils.i18n - WARNING - Missing translation for key 'image_browser.remove_selected' in locale en
2025-03-08 16:31:21,508 - app.utils.i18n - WARNING - Missing translation for key 'image_browser.remove_selected_tooltip' in locale en
2025-03-08 16:31:21,508 - app.utils.i18n - WARNING - Missing translation for key 'image_browser.clear_all' in locale en
2025-03-08 16:31:21,508 - app.utils.i18n - WARNING - Missing translation for key 'image_browser.clear_all_tooltip' in locale en
2025-03-08 16:31:21,508 - app.utils.i18n - WARNING - Missing translation for key 'image_browser.no_image_selected' in locale en
2025-03-08 16:31:21,509 - app.utils.i18n - WARNING - Missing translation for key 'main_window.file_menu' in locale en
2025-03-08 16:31:21,509 - app.utils.i18n - WARNING - Missing translation for key 'main_window.new_project' in locale en
2025-03-08 16:31:21,509 - app.utils.i18n - WARNING - Missing translation for key 'main_window.open_project' in locale en
2025-03-08 16:31:21,510 - app.utils.i18n - WARNING - Missing translation for key 'main_window.import_images' in locale en
2025-03-08 16:31:21,510 - app.utils.i18n - WARNING - Missing translation for key 'main_window.exit' in locale en
2025-03-08 16:31:21,510 - app.utils.i18n - WARNING - Missing translation for key 'main_window.settings_menu' in locale en
2025-03-08 16:31:21,511 - app.utils.i18n - WARNING - Missing translation for key 'main_window.preferences' in locale en
2025-03-08 16:31:21,511 - app.utils.i18n - WARNING - Missing translation for key 'main_window.help_menu' in locale en
2025-03-08 16:31:21,511 - app.utils.i18n - WARNING - Missing translation for key 'main_window.about' in locale en
2025-03-08 16:31:21,511 - app.utils.i18n - WARNING - Missing translation for key 'main_window.new_project' in locale en
2025-03-08 16:31:21,512 - app.utils.i18n - WARNING - Missing translation for key 'main_window.new_project_tooltip' in locale en
2025-03-08 16:31:21,512 - app.utils.i18n - WARNING - Missing translation for key 'main_window.open_project' in locale en
2025-03-08 16:31:21,512 - app.utils.i18n - WARNING - Missing translation for key 'main_window.open_project_tooltip' in locale en
2025-03-08 16:31:21,512 - app.utils.i18n - WARNING - Missing translation for key 'main_window.import_images' in locale en
2025-03-08 16:31:21,512 - app.utils.i18n - WARNING - Missing translation for key 'main_window.import_images_tooltip' in locale en
2025-03-08 16:31:21,513 - app.utils.i18n - WARNING - Missing translation for key 'main_window.ready' in locale en
2025-03-08 16:31:21,513 - app.utils.i18n - WARNING - Missing translation for key 'main_window.image_management' in locale en
2025-03-08 16:31:21,513 - app.utils.i18n - WARNING - Missing translation for key 'main_window.analysis_controls' in locale en
2025-03-08 16:31:21,514 - app.utils.i18n - WARNING - Missing translation for key 'main_window.analysis_mode' in locale en
2025-03-08 16:31:21,514 - app.utils.i18n - WARNING - Missing translation for key 'main_window.single_image' in locale en
2025-03-08 16:31:21,514 - app.utils.i18n - WARNING - Missing translation for key 'main_window.single_image_tooltip' in locale en
2025-03-08 16:31:21,514 - app.utils.i18n - WARNING - Missing translation for key 'main_window.batch_analysis' in locale en
2025-03-08 16:31:21,514 - app.utils.i18n - WARNING - Missing translation for key 'main_window.batch_analysis_tooltip' in locale en
2025-03-08 16:31:21,515 - app.utils.i18n - WARNING - Missing translation for key 'main_window.parameters' in locale en
2025-03-08 16:31:21,515 - app.utils.i18n - WARNING - Missing translation for key 'main_window.detection_settings' in locale en
2025-03-08 16:31:21,515 - app.utils.i18n - WARNING - Missing translation for key 'main_window.confidence_threshold' in locale en
2025-03-08 16:31:21,515 - app.utils.i18n - WARNING - Missing translation for key 'main_window.quantitative_analysis' in locale en
2025-03-08 16:31:21,516 - app.utils.i18n - WARNING - Missing translation for key 'main_window.iterations' in locale en
2025-03-08 16:31:21,516 - app.utils.i18n - WARNING - Missing translation for key 'main_window.progress' in locale en
2025-03-08 16:31:21,516 - app.utils.i18n - WARNING - Missing translation for key 'main_window.analysis_progress' in locale en
2025-03-08 16:31:21,516 - app.utils.i18n - WARNING - Missing translation for key 'main_window.start_analysis' in locale en
2025-03-08 16:31:21,516 - app.utils.i18n - WARNING - Missing translation for key 'main_window.start_analysis_tooltip' in locale en
2025-03-08 16:31:21,517 - app.utils.i18n - WARNING - Missing translation for key 'main_window.stop' in locale en
2025-03-08 16:31:21,517 - app.utils.i18n - WARNING - Missing translation for key 'main_window.stop_tooltip' in locale en
2025-03-08 16:31:21,518 - app.utils.i18n - WARNING - Missing translation for key 'main_window.analysis_results' in locale en
2025-03-08 16:31:21,518 - app.utils.i18n - WARNING - Missing translation for key 'main_window.language' in locale en
2025-03-08 16:31:21,881 - app.utils.i18n - INFO - Set locale to zh_CN
2025-03-08 16:31:21,881 - app.utils.i18n - WARNING - Missing translation for key 'main_window.title' in locale zh_CN
2025-03-08 16:31:21,882 - app.utils.i18n - WARNING - Missing translation for key 'image_browser.actions' in locale zh_CN
2025-03-08 16:31:21,882 - app.utils.i18n - WARNING - Missing translation for key 'image_browser.image_list' in locale zh_CN
2025-03-08 16:31:21,882 - app.utils.i18n - WARNING - Missing translation for key 'image_browser.preview' in locale zh_CN
2025-03-08 16:31:21,883 - app.utils.i18n - WARNING - Missing translation for key 'image_browser.import_images' in locale zh_CN
2025-03-08 16:31:21,883 - app.utils.i18n - WARNING - Missing translation for key 'image_browser.import_images_tooltip' in locale zh_CN
2025-03-08 16:31:21,883 - app.utils.i18n - WARNING - Missing translation for key 'image_browser.remove_selected' in locale zh_CN
2025-03-08 16:31:21,883 - app.utils.i18n - WARNING - Missing translation for key 'image_browser.remove_selected_tooltip' in locale zh_CN
2025-03-08 16:31:21,883 - app.utils.i18n - WARNING - Missing translation for key 'image_browser.clear_all' in locale zh_CN
2025-03-08 16:31:21,883 - app.utils.i18n - WARNING - Missing translation for key 'image_browser.clear_all_tooltip' in locale zh_CN
2025-03-08 16:31:21,884 - app.utils.i18n - WARNING - Missing translation for key 'image_browser.no_image_selected' in locale zh_CN
2025-03-08 16:31:21,884 - app.utils.i18n - WARNING - Missing translation for key 'main_window.file_menu' in locale zh_CN
2025-03-08 16:31:21,884 - app.utils.i18n - WARNING - Missing translation for key 'main_window.new_project' in locale zh_CN
2025-03-08 16:31:21,884 - app.utils.i18n - WARNING - Missing translation for key 'main_window.open_project' in locale zh_CN
2025-03-08 16:31:21,884 - app.utils.i18n - WARNING - Missing translation for key 'main_window.import_images' in locale zh_CN
2025-03-08 16:31:21,885 - app.utils.i18n - WARNING - Missing translation for key 'main_window.exit' in locale zh_CN
2025-03-08 16:31:21,885 - app.utils.i18n - WARNING - Missing translation for key 'main_window.settings_menu' in locale zh_CN
2025-03-08 16:31:21,885 - app.utils.i18n - WARNING - Missing translation for key 'main_window.preferences' in locale zh_CN
2025-03-08 16:31:21,885 - app.utils.i18n - WARNING - Missing translation for key 'main_window.help_menu' in locale zh_CN
2025-03-08 16:31:21,886 - app.utils.i18n - WARNING - Missing translation for key 'main_window.about' in locale zh_CN
2025-03-08 16:31:21,886 - app.utils.i18n - WARNING - Missing translation for key 'main_window.new_project' in locale zh_CN
2025-03-08 16:31:21,886 - app.utils.i18n - WARNING - Missing translation for key 'main_window.new_project_tooltip' in locale zh_CN
2025-03-08 16:31:21,886 - app.utils.i18n - WARNING - Missing translation for key 'main_window.open_project' in locale zh_CN
2025-03-08 16:31:21,886 - app.utils.i18n - WARNING - Missing translation for key 'main_window.open_project_tooltip' in locale zh_CN
2025-03-08 16:31:21,887 - app.utils.i18n - WARNING - Missing translation for key 'main_window.import_images' in locale zh_CN
2025-03-08 16:31:21,887 - app.utils.i18n - WARNING - Missing translation for key 'main_window.import_images_tooltip' in locale zh_CN
2025-03-08 16:31:21,887 - app.utils.i18n - WARNING - Missing translation for key 'main_window.ready' in locale zh_CN
2025-03-08 16:31:21,887 - app.utils.i18n - WARNING - Missing translation for key 'main_window.image_management' in locale zh_CN
2025-03-08 16:31:21,887 - app.utils.i18n - WARNING - Missing translation for key 'main_window.analysis_controls' in locale zh_CN
2025-03-08 16:31:21,887 - app.utils.i18n - WARNING - Missing translation for key 'main_window.analysis_mode' in locale zh_CN
2025-03-08 16:31:21,888 - app.utils.i18n - WARNING - Missing translation for key 'main_window.single_image' in locale zh_CN
2025-03-08 16:31:21,888 - app.utils.i18n - WARNING - Missing translation for key 'main_window.single_image_tooltip' in locale zh_CN
2025-03-08 16:31:21,888 - app.utils.i18n - WARNING - Missing translation for key 'main_window.batch_analysis' in locale zh_CN
2025-03-08 16:31:21,889 - app.utils.i18n - WARNING - Missing translation for key 'main_window.batch_analysis_tooltip' in locale zh_CN
2025-03-08 16:31:21,889 - app.utils.i18n - WARNING - Missing translation for key 'main_window.parameters' in locale zh_CN
2025-03-08 16:31:21,889 - app.utils.i18n - WARNING - Missing translation for key 'main_window.detection_settings' in locale zh_CN
2025-03-08 16:31:21,889 - app.utils.i18n - WARNING - Missing translation for key 'main_window.confidence_threshold' in locale zh_CN
2025-03-08 16:31:21,889 - app.utils.i18n - WARNING - Missing translation for key 'main_window.quantitative_analysis' in locale zh_CN
2025-03-08 16:31:21,889 - app.utils.i18n - WARNING - Missing translation for key 'main_window.iterations' in locale zh_CN
2025-03-08 16:31:21,890 - app.utils.i18n - WARNING - Missing translation for key 'main_window.progress' in locale zh_CN
2025-03-08 16:31:21,890 - app.utils.i18n - WARNING - Missing translation for key 'main_window.analysis_progress' in locale zh_CN
2025-03-08 16:31:21,890 - app.utils.i18n - WARNING - Missing translation for key 'main_window.start_analysis' in locale zh_CN
2025-03-08 16:31:21,890 - app.utils.i18n - WARNING - Missing translation for key 'main_window.start_analysis_tooltip' in locale zh_CN
2025-03-08 16:31:21,890 - app.utils.i18n - WARNING - Missing translation for key 'main_window.stop' in locale zh_CN
2025-03-08 16:31:21,891 - app.utils.i18n - WARNING - Missing translation for key 'main_window.stop_tooltip' in locale zh_CN
2025-03-08 16:31:21,891 - app.utils.i18n - WARNING - Missing translation for key 'main_window.analysis_results' in locale zh_CN
2025-03-08 16:31:21,891 - app.utils.i18n - WARNING - Missing translation for key 'main_window.language' in locale zh_CN
2025-03-08 16:33:50,671 - __main__ - INFO - Logging initialized
2025-03-08 16:33:50,721 - __main__ - INFO - Application started: MicroAI-Colony 1.0.0
2025-03-08 16:33:50,721 - __main__ - INFO - Platform: win32, Python: 3.11.0 (main, Oct 24 2022, 18:26:48) [MSC v.1933 64 bit (AMD64)]
2025-03-08 16:33:50,721 - __main__ - INFO - Using font: Microsoft YaHei UI
2025-03-08 16:33:50,722 - app.utils.path_manager - INFO - Application directories created successfully
2025-03-08 16:33:50,722 - __main__ - INFO - Application directories created
2025-03-08 16:33:50,722 - app.utils.config - INFO - Configuration loaded successfully
2025-03-08 16:33:50,724 - app.utils.config - INFO - Configuration loaded successfully
2025-03-08 16:33:50,724 - __main__ - INFO - Configuration initialized
2025-03-08 16:33:50,724 - app.utils.i18n - INFO - Loading translations
2025-03-08 16:33:50,725 - app.utils.i18n - INFO - Loaded 87 translations for en
2025-03-08 16:33:50,725 - app.utils.i18n - INFO - Loaded 7 translations for zh_CN
2025-03-08 16:33:50,726 - app.utils.i18n - INFO - Loaded 87 translations for zh_TW
2025-03-08 16:33:50,726 - app.utils.i18n - INFO - Total loaded translations: 181
2025-03-08 16:33:50,726 - app.utils.i18n - INFO - Available locales: ['en', 'zh_CN', 'zh_TW']
2025-03-08 16:33:50,727 - app.utils.i18n - INFO - Using configured locale: en
2025-03-08 16:33:50,727 - app.utils.i18n - INFO - === Translation Status ===
2025-03-08 16:33:50,727 - app.utils.i18n - INFO - Current locale: en
2025-03-08 16:33:50,727 - app.utils.i18n - INFO - Available locales: ['en', 'zh_CN', 'zh_TW']
2025-03-08 16:33:50,727 - app.utils.i18n - INFO - Initialized: True
2025-03-08 16:33:50,727 - app.utils.i18n - INFO - Loaded strings for current locale: 87
2025-03-08 16:33:50,727 - app.utils.i18n - INFO - =====================
2025-03-08 16:33:50,728 - app.utils.i18n - INFO - Translations initialized successfully
2025-03-08 16:33:50,729 - __main__ - INFO - Installed Qt translation for en
2025-03-08 16:33:50,729 - __main__ - INFO - Translations initialized. Current locale: en
2025-03-08 16:33:50,730 - __main__ - INFO - Theme applied successfully
2025-03-08 16:33:50,730 - __main__ - INFO - Creating main window...
2025-03-08 16:33:50,731 - app.gui.main_window - INFO - Initializing MainWindow
2025-03-08 16:33:50,732 - app.gui.image_list_widget - INFO - Initializing ImageBrowser
2025-03-08 16:33:50,733 - app.gui.image_list_widget - INFO - Preview label initialized
2025-03-08 16:33:50,734 - app.gui.image_list_widget - INFO - btn_import created
2025-03-08 16:33:50,734 - app.gui.image_list_widget - INFO - btn_remove created
2025-03-08 16:33:50,734 - app.gui.image_list_widget - INFO - btn_clear created
2025-03-08 16:33:50,734 - app.gui.image_list_widget - INFO - Buttons created
2025-03-08 16:33:50,734 - app.gui.image_list_widget - INFO - Setting up ImageBrowser UI
2025-03-08 16:33:50,735 - app.gui.image_list_widget - INFO - QHBoxLayout created
2025-03-08 16:33:50,735 - app.gui.image_list_widget - INFO - Button group created
2025-03-08 16:33:50,736 - app.gui.image_list_widget - INFO - List group created
2025-03-08 16:33:50,736 - app.gui.image_list_widget - INFO - QVBoxLayout created
2025-03-08 16:33:50,736 - app.gui.image_list_widget - INFO - Groups added to left panel
2025-03-08 16:33:50,737 - app.gui.image_list_widget - INFO - Left panel added to layout
2025-03-08 16:33:50,737 - app.gui.image_list_widget - INFO - Preview group added to layout
2025-03-08 16:33:50,737 - app.gui.image_list_widget - INFO - Layout set
2025-03-08 16:33:50,737 - app.gui.image_list_widget - INFO - Button states updated
2025-03-08 16:33:50,738 - app.gui.image_list_widget - INFO - UI setup complete
2025-03-08 16:33:50,738 - app.gui.image_list_widget - INFO - Signals connected
2025-03-08 16:33:50,738 - app.gui.image_list_widget - INFO - ImageBrowser initialization complete
2025-03-08 16:33:50,746 - app.utils.i18n - WARNING - Missing translation for key 'main_window.iterations_tooltip' in locale en
2025-03-08 16:33:50,748 - app.gui.result_visualizer - INFO - Initializing ResultVisualizer
2025-03-08 16:33:50,750 - app.gui.result_visualizer - INFO - ResultVisualizer initialization complete
2025-03-08 16:33:50,781 - app.gui.main_window - INFO - MainWindow initialization complete
2025-03-08 16:33:50,781 - app.gui.settings_dialog - INFO - Initializing SettingsDialog
2025-03-08 16:33:50,787 - app.gui.settings_dialog - INFO - SettingsDialog initialization complete
2025-03-08 16:33:50,974 - __main__ - INFO - Main window initialized and shown
2025-03-08 16:34:18,123 - app.utils.i18n - INFO - Set locale to zh_CN
2025-03-08 16:34:18,124 - app.utils.i18n - INFO - Using fallback translation for key 'main_window.title': MicroAI-Colony
2025-03-08 16:34:18,124 - app.utils.i18n - INFO - Using fallback translation for key 'image_browser.actions': Actions
2025-03-08 16:34:18,124 - app.utils.i18n - INFO - Using fallback translation for key 'image_browser.image_list': Image List
2025-03-08 16:34:18,124 - app.utils.i18n - INFO - Using fallback translation for key 'image_browser.preview': Preview
2025-03-08 16:34:18,124 - app.utils.i18n - INFO - Using fallback translation for key 'image_browser.import_images': Import Images
2025-03-08 16:34:18,125 - app.utils.i18n - INFO - Using fallback translation for key 'image_browser.import_images_tooltip': Import images for analysis
2025-03-08 16:34:18,125 - app.utils.i18n - INFO - Using fallback translation for key 'image_browser.remove_selected': Remove Selected
2025-03-08 16:34:18,125 - app.utils.i18n - INFO - Using fallback translation for key 'image_browser.remove_selected_tooltip': Remove selected images
2025-03-08 16:34:18,125 - app.utils.i18n - INFO - Using fallback translation for key 'image_browser.clear_all': Clear All
2025-03-08 16:34:18,125 - app.utils.i18n - INFO - Using fallback translation for key 'image_browser.clear_all_tooltip': Clear all images
2025-03-08 16:34:18,126 - app.utils.i18n - INFO - Using fallback translation for key 'image_browser.no_image_selected': No image selected
2025-03-08 16:34:18,126 - app.utils.i18n - INFO - Using fallback translation for key 'main_window.file_menu': &File
2025-03-08 16:34:18,126 - app.utils.i18n - INFO - Using fallback translation for key 'main_window.new_project': &New Project
2025-03-08 16:34:18,126 - app.utils.i18n - INFO - Using fallback translation for key 'main_window.open_project': &Open Project
2025-03-08 16:34:18,126 - app.utils.i18n - INFO - Using fallback translation for key 'main_window.import_images': &Import Images
2025-03-08 16:34:18,127 - app.utils.i18n - INFO - Using fallback translation for key 'main_window.exit': E&xit
2025-03-08 16:34:18,127 - app.utils.i18n - INFO - Using fallback translation for key 'main_window.settings_menu': &Settings
2025-03-08 16:34:18,127 - app.utils.i18n - INFO - Using fallback translation for key 'main_window.preferences': &Preferences
2025-03-08 16:34:18,127 - app.utils.i18n - INFO - Using fallback translation for key 'main_window.help_menu': &Help
2025-03-08 16:34:18,127 - app.utils.i18n - INFO - Using fallback translation for key 'main_window.about': &About
2025-03-08 16:34:18,127 - app.utils.i18n - INFO - Using fallback translation for key 'main_window.new_project': &New Project
2025-03-08 16:34:18,127 - app.utils.i18n - INFO - Using fallback translation for key 'main_window.new_project_tooltip': Create a new project
2025-03-08 16:34:18,128 - app.utils.i18n - INFO - Using fallback translation for key 'main_window.open_project': &Open Project
2025-03-08 16:34:18,128 - app.utils.i18n - INFO - Using fallback translation for key 'main_window.open_project_tooltip': Open an existing project
2025-03-08 16:34:18,128 - app.utils.i18n - INFO - Using fallback translation for key 'main_window.import_images': &Import Images
2025-03-08 16:34:18,128 - app.utils.i18n - INFO - Using fallback translation for key 'main_window.import_images_tooltip': Import images to current project
2025-03-08 16:34:18,129 - app.utils.i18n - INFO - Using fallback translation for key 'main_window.ready': Ready
2025-03-08 16:34:18,129 - app.utils.i18n - INFO - Using fallback translation for key 'main_window.image_management': Image Management
2025-03-08 16:34:18,129 - app.utils.i18n - INFO - Using fallback translation for key 'main_window.analysis_controls': Analysis Controls
2025-03-08 16:34:18,129 - app.utils.i18n - INFO - Using fallback translation for key 'main_window.analysis_mode': Analysis Mode
2025-03-08 16:34:18,129 - app.utils.i18n - INFO - Using fallback translation for key 'main_window.single_image': Single Image
2025-03-08 16:34:18,129 - app.utils.i18n - INFO - Using fallback translation for key 'main_window.single_image_tooltip': Analyze one image at a time
2025-03-08 16:34:18,129 - app.utils.i18n - INFO - Using fallback translation for key 'main_window.batch_analysis': Batch Analysis
2025-03-08 16:34:18,131 - app.utils.i18n - INFO - Using fallback translation for key 'main_window.batch_analysis_tooltip': Analyze multiple images at once
2025-03-08 16:34:18,131 - app.utils.i18n - INFO - Using fallback translation for key 'main_window.parameters': Parameters
2025-03-08 16:34:18,131 - app.utils.i18n - INFO - Using fallback translation for key 'main_window.detection_settings': Detection Settings
2025-03-08 16:34:18,131 - app.utils.i18n - INFO - Using fallback translation for key 'main_window.confidence_threshold': Confidence Threshold:
2025-03-08 16:34:18,131 - app.utils.i18n - INFO - Using fallback translation for key 'main_window.quantitative_analysis': Quantitative Analysis
2025-03-08 16:34:18,132 - app.utils.i18n - INFO - Using fallback translation for key 'main_window.iterations': Iterations:
2025-03-08 16:34:18,132 - app.utils.i18n - INFO - Using fallback translation for key 'main_window.progress': Progress
2025-03-08 16:34:18,132 - app.utils.i18n - INFO - Using fallback translation for key 'main_window.analysis_progress': Analysis Progress:
2025-03-08 16:34:18,132 - app.utils.i18n - INFO - Using fallback translation for key 'main_window.start_analysis': Start Analysis
2025-03-08 16:34:18,132 - app.utils.i18n - INFO - Using fallback translation for key 'main_window.start_analysis_tooltip': Start colony detection analysis
2025-03-08 16:34:18,132 - app.utils.i18n - INFO - Using fallback translation for key 'main_window.stop': Stop
2025-03-08 16:34:18,132 - app.utils.i18n - INFO - Using fallback translation for key 'main_window.stop_tooltip': Stop current analysis
2025-03-08 16:34:18,133 - app.utils.i18n - INFO - Using fallback translation for key 'main_window.analysis_results': Analysis Results
2025-03-08 16:34:18,133 - app.utils.i18n - INFO - Using fallback translation for key 'main_window.language': Language
2025-03-08 16:35:27,592 - __main__ - INFO - Logging initialized
2025-03-08 16:35:27,626 - __main__ - INFO - Application started: MicroAI-Colony 1.0.0
2025-03-08 16:35:27,626 - __main__ - INFO - Platform: win32, Python: 3.11.0 (main, Oct 24 2022, 18:26:48) [MSC v.1933 64 bit (AMD64)]
2025-03-08 16:35:27,627 - __main__ - INFO - Using font: Microsoft YaHei UI
2025-03-08 16:35:27,627 - app.utils.path_manager - INFO - Application directories created successfully
2025-03-08 16:35:27,628 - __main__ - INFO - Application directories created
2025-03-08 16:35:27,628 - app.utils.config - INFO - Configuration loaded successfully
2025-03-08 16:35:27,629 - app.utils.config - INFO - Configuration loaded successfully
2025-03-08 16:35:27,629 - __main__ - INFO - Configuration initialized
2025-03-08 16:35:27,629 - app.utils.i18n - INFO - Loading translations
2025-03-08 16:35:27,630 - app.utils.i18n - INFO - Loaded 87 translations for en
2025-03-08 16:35:27,631 - app.utils.i18n - INFO - Loaded 88 translations for zh_CN
2025-03-08 16:35:27,631 - app.utils.i18n - INFO - Loaded 87 translations for zh_TW
2025-03-08 16:35:27,631 - app.utils.i18n - INFO - Total loaded translations: 262
2025-03-08 16:35:27,631 - app.utils.i18n - INFO - Available locales: ['en', 'zh_CN', 'zh_TW']
2025-03-08 16:35:27,632 - app.utils.i18n - INFO - Using configured locale: en
2025-03-08 16:35:27,632 - app.utils.i18n - INFO - === Translation Status ===
2025-03-08 16:35:27,632 - app.utils.i18n - INFO - Current locale: en
2025-03-08 16:35:27,632 - app.utils.i18n - INFO - Available locales: ['en', 'zh_CN', 'zh_TW']
2025-03-08 16:35:27,632 - app.utils.i18n - INFO - Initialized: True
2025-03-08 16:35:27,632 - app.utils.i18n - INFO - Loaded strings for current locale: 87
2025-03-08 16:35:27,632 - app.utils.i18n - INFO - =====================
2025-03-08 16:35:27,633 - app.utils.i18n - INFO - Translations initialized successfully
2025-03-08 16:35:27,633 - __main__ - INFO - Installed Qt translation for en
2025-03-08 16:35:27,633 - __main__ - INFO - Translations initialized. Current locale: en
2025-03-08 16:35:27,635 - __main__ - INFO - Theme applied successfully
2025-03-08 16:35:27,635 - __main__ - INFO - Creating main window...
2025-03-08 16:35:27,636 - app.gui.main_window - INFO - Initializing MainWindow
2025-03-08 16:35:27,637 - app.gui.image_list_widget - INFO - Initializing ImageBrowser
2025-03-08 16:35:27,638 - app.gui.image_list_widget - INFO - Preview label initialized
2025-03-08 16:35:27,638 - app.gui.image_list_widget - INFO - btn_import created
2025-03-08 16:35:27,638 - app.gui.image_list_widget - INFO - btn_remove created
2025-03-08 16:35:27,638 - app.gui.image_list_widget - INFO - btn_clear created
2025-03-08 16:35:27,639 - app.gui.image_list_widget - INFO - Buttons created
2025-03-08 16:35:27,639 - app.gui.image_list_widget - INFO - Setting up ImageBrowser UI
2025-03-08 16:35:27,639 - app.gui.image_list_widget - INFO - QHBoxLayout created
2025-03-08 16:35:27,639 - app.gui.image_list_widget - INFO - Button group created
2025-03-08 16:35:27,640 - app.gui.image_list_widget - INFO - List group created
2025-03-08 16:35:27,640 - app.gui.image_list_widget - INFO - QVBoxLayout created
2025-03-08 16:35:27,641 - app.gui.image_list_widget - INFO - Groups added to left panel
2025-03-08 16:35:27,641 - app.gui.image_list_widget - INFO - Left panel added to layout
2025-03-08 16:35:27,641 - app.gui.image_list_widget - INFO - Preview group added to layout
2025-03-08 16:35:27,642 - app.gui.image_list_widget - INFO - Layout set
2025-03-08 16:35:27,642 - app.gui.image_list_widget - INFO - Button states updated
2025-03-08 16:35:27,642 - app.gui.image_list_widget - INFO - UI setup complete
2025-03-08 16:35:27,643 - app.gui.image_list_widget - INFO - Signals connected
2025-03-08 16:35:27,643 - app.gui.image_list_widget - INFO - ImageBrowser initialization complete
2025-03-08 16:35:27,649 - app.utils.i18n - WARNING - Missing translation for key 'main_window.iterations_tooltip' in locale en
2025-03-08 16:35:27,650 - app.gui.result_visualizer - INFO - Initializing ResultVisualizer
2025-03-08 16:35:27,652 - app.gui.result_visualizer - INFO - ResultVisualizer initialization complete
2025-03-08 16:35:27,680 - app.gui.main_window - INFO - MainWindow initialization complete
2025-03-08 16:35:27,680 - app.gui.settings_dialog - INFO - Initializing SettingsDialog
2025-03-08 16:35:27,685 - app.gui.settings_dialog - INFO - SettingsDialog initialization complete
2025-03-08 16:35:27,848 - __main__ - INFO - Main window initialized and shown
2025-03-08 16:35:38,605 - app.utils.i18n - INFO - Set locale to zh_CN
2025-03-08 16:35:39,373 - app.utils.i18n - INFO - Set locale to en
2025-03-08 16:35:40,150 - app.utils.i18n - INFO - Set locale to zh_TW
2025-03-08 16:35:42,928 - app.utils.i18n - INFO - Set locale to en
2025-03-08 16:35:44,022 - app.utils.i18n - INFO - Set locale to zh_CN
2025-03-08 16:35:44,623 - app.utils.i18n - INFO - Set locale to zh_TW
2025-03-08 16:35:45,270 - app.utils.i18n - INFO - Set locale to en
2025-03-08 16:35:45,590 - app.utils.i18n - INFO - Set locale to zh_CN
2025-03-08 16:35:45,986 - app.utils.i18n - INFO - Set locale to zh_TW
2025-03-08 16:35:49,615 - app.gui.about_dialog - INFO - Initializing AboutDialog
2025-03-08 16:35:49,623 - app.gui.about_dialog - INFO - AboutDialog initialization complete
2025-03-08 16:35:52,795 - app.gui.settings_dialog - INFO - Initializing SettingsDialog
2025-03-08 16:35:52,813 - app.gui.settings_dialog - INFO - SettingsDialog initialization complete
2025-03-08 16:36:56,514 - __main__ - INFO - Logging initialized
2025-03-08 16:36:56,554 - __main__ - INFO - Application started: MicroAI-Colony 1.0.0
2025-03-08 16:36:56,554 - __main__ - INFO - Platform: win32, Python: 3.11.0 (main, Oct 24 2022, 18:26:48) [MSC v.1933 64 bit (AMD64)]
2025-03-08 16:36:56,554 - __main__ - INFO - Using font: Microsoft YaHei UI
2025-03-08 16:36:56,556 - app.utils.path_manager - INFO - Application directories created successfully
2025-03-08 16:36:56,556 - __main__ - INFO - Application directories created
2025-03-08 16:36:56,557 - app.utils.config - INFO - Configuration loaded successfully
2025-03-08 16:36:56,557 - app.utils.config - INFO - Configuration loaded successfully
2025-03-08 16:36:56,557 - __main__ - INFO - Configuration initialized
2025-03-08 16:36:56,557 - app.utils.i18n - INFO - Loading translations
2025-03-08 16:36:56,559 - app.utils.i18n - INFO - Loaded 88 translations for en
2025-03-08 16:36:56,560 - app.utils.i18n - INFO - Loaded 88 translations for zh_CN
2025-03-08 16:36:56,560 - app.utils.i18n - INFO - Loaded 87 translations for zh_TW
2025-03-08 16:36:56,560 - app.utils.i18n - INFO - Total loaded translations: 263
2025-03-08 16:36:56,561 - app.utils.i18n - INFO - Available locales: ['en', 'zh_CN', 'zh_TW']
2025-03-08 16:36:56,561 - app.utils.i18n - INFO - Using configured locale: en
2025-03-08 16:36:56,561 - app.utils.i18n - INFO - === Translation Status ===
2025-03-08 16:36:56,561 - app.utils.i18n - INFO - Current locale: en
2025-03-08 16:36:56,561 - app.utils.i18n - INFO - Available locales: ['en', 'zh_CN', 'zh_TW']
2025-03-08 16:36:56,562 - app.utils.i18n - INFO - Initialized: True
2025-03-08 16:36:56,562 - app.utils.i18n - INFO - Loaded strings for current locale: 88
2025-03-08 16:36:56,562 - app.utils.i18n - INFO - =====================
2025-03-08 16:36:56,562 - app.utils.i18n - INFO - Translations initialized successfully
2025-03-08 16:36:56,562 - __main__ - INFO - Installed Qt translation for en
2025-03-08 16:36:56,562 - __main__ - INFO - Translations initialized. Current locale: en
2025-03-08 16:36:56,564 - __main__ - INFO - Theme applied successfully
2025-03-08 16:36:56,564 - __main__ - INFO - Creating main window...
2025-03-08 16:36:56,565 - app.gui.main_window - INFO - Initializing MainWindow
2025-03-08 16:36:56,566 - app.gui.image_list_widget - INFO - Initializing ImageBrowser
2025-03-08 16:36:56,568 - app.gui.image_list_widget - INFO - Preview label initialized
2025-03-08 16:36:56,569 - app.gui.image_list_widget - INFO - btn_import created
2025-03-08 16:36:56,569 - app.gui.image_list_widget - INFO - btn_remove created
2025-03-08 16:36:56,569 - app.gui.image_list_widget - INFO - btn_clear created
2025-03-08 16:36:56,569 - app.gui.image_list_widget - INFO - Buttons created
2025-03-08 16:36:56,569 - app.gui.image_list_widget - INFO - Setting up ImageBrowser UI
2025-03-08 16:36:56,569 - app.gui.image_list_widget - INFO - QHBoxLayout created
2025-03-08 16:36:56,570 - app.gui.image_list_widget - INFO - Button group created
2025-03-08 16:36:56,570 - app.gui.image_list_widget - INFO - List group created
2025-03-08 16:36:56,571 - app.gui.image_list_widget - INFO - QVBoxLayout created
2025-03-08 16:36:56,571 - app.gui.image_list_widget - INFO - Groups added to left panel
2025-03-08 16:36:56,571 - app.gui.image_list_widget - INFO - Left panel added to layout
2025-03-08 16:36:56,571 - app.gui.image_list_widget - INFO - Preview group added to layout
2025-03-08 16:36:56,571 - app.gui.image_list_widget - INFO - Layout set
2025-03-08 16:36:56,572 - app.gui.image_list_widget - INFO - Button states updated
2025-03-08 16:36:56,572 - app.gui.image_list_widget - INFO - UI setup complete
2025-03-08 16:36:56,572 - app.gui.image_list_widget - INFO - Signals connected
2025-03-08 16:36:56,572 - app.gui.image_list_widget - INFO - ImageBrowser initialization complete
2025-03-08 16:36:56,582 - app.gui.result_visualizer - INFO - Initializing ResultVisualizer
2025-03-08 16:36:56,584 - app.gui.result_visualizer - INFO - ResultVisualizer initialization complete
2025-03-08 16:36:56,615 - app.gui.main_window - INFO - MainWindow initialization complete
2025-03-08 16:36:56,615 - app.gui.settings_dialog - INFO - Initializing SettingsDialog
2025-03-08 16:36:56,623 - app.gui.settings_dialog - INFO - SettingsDialog initialization complete
2025-03-08 16:36:56,807 - __main__ - INFO - Main window initialized and shown
2025-03-08 16:37:01,573 - app.gui.settings_dialog - INFO - Initializing SettingsDialog
2025-03-08 16:37:01,581 - app.gui.settings_dialog - INFO - SettingsDialog initialization complete
2025-03-08 16:37:04,368 - app.utils.i18n - INFO - Set locale to zh_CN
2025-03-08 16:37:04,938 - app.utils.i18n - INFO - Set locale to zh_TW
2025-03-08 16:37:05,426 - app.utils.i18n - INFO - Set locale to zh_CN
2025-03-08 16:37:05,766 - app.utils.i18n - INFO - Set locale to zh_CN
2025-03-08 16:37:06,020 - app.utils.i18n - INFO - Set locale to zh_TW
2025-03-08 16:37:09,039 - app.utils.i18n - INFO - Set locale to zh_CN
2025-03-08 16:37:14,894 - app.utils.i18n - INFO - Set locale to zh_CN
2025-03-08 16:37:15,434 - app.utils.i18n - INFO - Set locale to zh_TW
2025-03-08 16:37:15,810 - app.utils.i18n - INFO - Set locale to zh_CN
2025-03-08 16:37:16,257 - app.utils.i18n - INFO - Set locale to en
2025-03-08 16:37:16,567 - app.utils.i18n - INFO - Set locale to zh_CN
2025-03-08 16:37:16,936 - app.utils.i18n - INFO - Set locale to zh_TW
2025-03-08 16:37:17,387 - app.utils.i18n - INFO - Set locale to zh_CN
2025-03-08 16:37:17,745 - app.utils.i18n - INFO - Set locale to zh_TW
2025-03-08 16:37:18,072 - app.utils.i18n - INFO - Set locale to zh_CN
2025-03-08 16:37:18,356 - app.utils.i18n - INFO - Set locale to zh_TW
2025-03-08 16:37:18,748 - app.utils.i18n - INFO - Set locale to zh_CN
2025-03-08 16:37:19,043 - app.utils.i18n - INFO - Set locale to zh_TW
2025-03-08 16:37:19,502 - app.utils.i18n - INFO - Set locale to en
2025-03-08 16:37:19,792 - app.utils.i18n - INFO - Set locale to zh_CN
2025-03-08 16:37:20,151 - app.utils.i18n - INFO - Set locale to zh_TW
2025-03-08 16:37:21,005 - app.utils.i18n - INFO - Set locale to zh_CN
2025-03-08 16:37:21,312 - app.utils.i18n - INFO - Set locale to en
2025-03-08 16:37:22,782 - app.utils.i18n - INFO - Set locale to zh_CN
2025-03-08 16:37:23,197 - app.utils.i18n - INFO - Set locale to zh_TW
2025-03-08 16:38:20,638 - app.gui.about_dialog - INFO - Initializing AboutDialog
2025-03-08 16:38:20,646 - app.gui.about_dialog - INFO - AboutDialog initialization complete
2025-03-08 16:38:26,481 - app.gui.settings_dialog - INFO - Initializing SettingsDialog
2025-03-08 16:38:26,488 - app.gui.settings_dialog - INFO - SettingsDialog initialization complete
2025-03-08 16:39:12,275 - app.gui.settings_dialog - INFO - Initializing SettingsDialog
2025-03-08 16:39:12,282 - app.gui.settings_dialog - INFO - SettingsDialog initialization complete
2025-03-08 16:41:22,782 - __main__ - INFO - Logging initialized
2025-03-08 16:41:22,818 - __main__ - INFO - Application started: MicroAI-Colony 1.0.0
2025-03-08 16:41:22,819 - __main__ - INFO - Platform: win32, Python: 3.11.0 (main, Oct 24 2022, 18:26:48) [MSC v.1933 64 bit (AMD64)]
2025-03-08 16:41:22,819 - __main__ - INFO - Using font: Microsoft YaHei UI
2025-03-08 16:41:22,820 - app.utils.path_manager - INFO - Application directories created successfully
2025-03-08 16:41:22,820 - __main__ - INFO - Application directories created
2025-03-08 16:41:22,820 - app.utils.config - INFO - Configuration loaded successfully
2025-03-08 16:41:22,821 - app.utils.config - INFO - Configuration loaded successfully
2025-03-08 16:41:22,821 - __main__ - INFO - Configuration initialized
2025-03-08 16:41:22,821 - app.utils.i18n - INFO - Loading translations
2025-03-08 16:41:22,823 - app.utils.i18n - INFO - Loaded 88 translations for en
2025-03-08 16:41:22,823 - app.utils.i18n - INFO - Loaded 111 translations for zh_CN
2025-03-08 16:41:22,824 - app.utils.i18n - INFO - Loaded 87 translations for zh_TW
2025-03-08 16:41:22,824 - app.utils.i18n - INFO - Total loaded translations: 286
2025-03-08 16:41:22,824 - app.utils.i18n - INFO - Available locales: ['en', 'zh_CN', 'zh_TW']
2025-03-08 16:41:22,824 - app.utils.i18n - INFO - Using configured locale: en
2025-03-08 16:41:22,824 - app.utils.i18n - INFO - === Translation Status ===
2025-03-08 16:41:22,824 - app.utils.i18n - INFO - Current locale: en
2025-03-08 16:41:22,825 - app.utils.i18n - INFO - Available locales: ['en', 'zh_CN', 'zh_TW']
2025-03-08 16:41:22,825 - app.utils.i18n - INFO - Initialized: True
2025-03-08 16:41:22,825 - app.utils.i18n - INFO - Loaded strings for current locale: 88
2025-03-08 16:41:22,825 - app.utils.i18n - INFO - =====================
2025-03-08 16:41:22,825 - app.utils.i18n - INFO - Translations initialized successfully
2025-03-08 16:41:22,826 - __main__ - INFO - Installed Qt translation for en
2025-03-08 16:41:22,826 - __main__ - INFO - Translations initialized. Current locale: en
2025-03-08 16:41:22,827 - __main__ - INFO - Theme applied successfully
2025-03-08 16:41:22,827 - __main__ - INFO - Creating main window...
2025-03-08 16:41:22,828 - app.gui.main_window - INFO - Initializing MainWindow
2025-03-08 16:41:22,830 - app.gui.image_list_widget - INFO - Initializing ImageBrowser
2025-03-08 16:41:22,831 - app.gui.image_list_widget - INFO - Preview label initialized
2025-03-08 16:41:22,831 - app.gui.image_list_widget - INFO - btn_import created
2025-03-08 16:41:22,832 - app.gui.image_list_widget - INFO - btn_remove created
2025-03-08 16:41:22,832 - app.gui.image_list_widget - INFO - btn_clear created
2025-03-08 16:41:22,832 - app.gui.image_list_widget - INFO - Buttons created
2025-03-08 16:41:22,832 - app.gui.image_list_widget - INFO - Setting up ImageBrowser UI
2025-03-08 16:41:22,833 - app.gui.image_list_widget - INFO - QHBoxLayout created
2025-03-08 16:41:22,833 - app.gui.image_list_widget - INFO - Button group created
2025-03-08 16:41:22,835 - app.gui.image_list_widget - INFO - List group created
2025-03-08 16:41:22,835 - app.gui.image_list_widget - INFO - QVBoxLayout created
2025-03-08 16:41:22,835 - app.gui.image_list_widget - INFO - Groups added to left panel
2025-03-08 16:41:22,836 - app.gui.image_list_widget - INFO - Left panel added to layout
2025-03-08 16:41:22,836 - app.gui.image_list_widget - INFO - Preview group added to layout
2025-03-08 16:41:22,837 - app.gui.image_list_widget - INFO - Layout set
2025-03-08 16:41:22,837 - app.gui.image_list_widget - INFO - Button states updated
2025-03-08 16:41:22,837 - app.gui.image_list_widget - INFO - UI setup complete
2025-03-08 16:41:22,838 - app.gui.image_list_widget - INFO - Signals connected
2025-03-08 16:41:22,838 - app.gui.image_list_widget - INFO - ImageBrowser initialization complete
2025-03-08 16:41:22,847 - app.gui.result_visualizer - INFO - Initializing ResultVisualizer
2025-03-08 16:41:22,849 - app.gui.result_visualizer - INFO - ResultVisualizer initialization complete
2025-03-08 16:41:22,882 - app.gui.main_window - INFO - MainWindow initialization complete
2025-03-08 16:41:22,882 - app.gui.settings_dialog - INFO - Initializing SettingsDialog
2025-03-08 16:41:22,888 - app.gui.settings_dialog - INFO - SettingsDialog initialization complete
2025-03-08 16:41:23,056 - __main__ - INFO - Main window initialized and shown
2025-03-08 16:42:22,609 - app.gui.about_dialog - INFO - Initializing AboutDialog
2025-03-08 16:42:22,619 - app.gui.about_dialog - INFO - AboutDialog initialization complete
2025-03-08 16:42:28,174 - app.gui.settings_dialog - INFO - Initializing SettingsDialog
2025-03-08 16:42:28,180 - app.gui.settings_dialog - INFO - SettingsDialog initialization complete
2025-03-08 16:42:30,425 - app.utils.i18n - INFO - Set locale to zh_CN
2025-03-08 16:42:30,908 - app.utils.i18n - INFO - Set locale to zh_TW
2025-03-08 16:42:31,322 - app.utils.i18n - INFO - Set locale to zh_CN
2025-03-08 16:42:31,701 - app.utils.i18n - INFO - Set locale to en
2025-03-08 16:42:33,245 - app.utils.i18n - INFO - Set locale to zh_TW
2025-03-08 16:42:34,919 - app.utils.i18n - INFO - Set locale to zh_CN
2025-03-08 16:42:35,359 - app.utils.i18n - INFO - Set locale to zh_TW
2025-03-08 16:42:35,807 - app.utils.i18n - INFO - Set locale to en
2025-03-08 16:42:36,122 - app.utils.i18n - INFO - Set locale to zh_CN
2025-03-08 16:42:36,556 - app.utils.i18n - INFO - Set locale to en
2025-03-08 16:42:37,012 - app.utils.i18n - INFO - Set locale to zh_TW
2025-03-08 16:43:53,505 - __main__ - INFO - Logging initialized
2025-03-08 16:43:53,542 - __main__ - INFO - Application started: MicroAI-Colony 1.0.0
2025-03-08 16:43:53,542 - __main__ - INFO - Platform: win32, Python: 3.11.0 (main, Oct 24 2022, 18:26:48) [MSC v.1933 64 bit (AMD64)]
2025-03-08 16:43:53,543 - __main__ - INFO - Using font: Microsoft YaHei UI
2025-03-08 16:43:53,543 - app.utils.path_manager - INFO - Application directories created successfully
2025-03-08 16:43:53,543 - __main__ - INFO - Application directories created
2025-03-08 16:43:53,544 - app.utils.config - INFO - Configuration loaded successfully
2025-03-08 16:43:53,544 - app.utils.config - INFO - Configuration loaded successfully
2025-03-08 16:43:53,544 - __main__ - INFO - Configuration initialized
2025-03-08 16:43:53,544 - app.utils.i18n - INFO - Loading translations
2025-03-08 16:43:53,545 - app.utils.i18n - INFO - Loaded 88 translations for en
2025-03-08 16:43:53,546 - app.utils.i18n - INFO - Loaded 111 translations for zh_CN
2025-03-08 16:43:53,546 - app.utils.i18n - INFO - Loaded 111 translations for zh_TW
2025-03-08 16:43:53,546 - app.utils.i18n - INFO - Total loaded translations: 310
2025-03-08 16:43:53,546 - app.utils.i18n - INFO - Available locales: ['en', 'zh_CN', 'zh_TW']
2025-03-08 16:43:53,547 - app.utils.i18n - INFO - Using configured locale: en
2025-03-08 16:43:53,547 - app.utils.i18n - INFO - === Translation Status ===
2025-03-08 16:43:53,547 - app.utils.i18n - INFO - Current locale: en
2025-03-08 16:43:53,547 - app.utils.i18n - INFO - Available locales: ['en', 'zh_CN', 'zh_TW']
2025-03-08 16:43:53,547 - app.utils.i18n - INFO - Initialized: True
2025-03-08 16:43:53,547 - app.utils.i18n - INFO - Loaded strings for current locale: 88
2025-03-08 16:43:53,547 - app.utils.i18n - INFO - =====================
2025-03-08 16:43:53,547 - app.utils.i18n - INFO - Translations initialized successfully
2025-03-08 16:43:53,549 - __main__ - INFO - Installed Qt translation for en
2025-03-08 16:43:53,549 - __main__ - INFO - Translations initialized. Current locale: en
2025-03-08 16:43:53,550 - __main__ - INFO - Theme applied successfully
2025-03-08 16:43:53,550 - __main__ - INFO - Creating main window...
2025-03-08 16:43:53,551 - app.gui.main_window - INFO - Initializing MainWindow
2025-03-08 16:43:53,552 - app.gui.image_list_widget - INFO - Initializing ImageBrowser
2025-03-08 16:43:53,553 - app.gui.image_list_widget - INFO - Preview label initialized
2025-03-08 16:43:53,553 - app.gui.image_list_widget - INFO - btn_import created
2025-03-08 16:43:53,554 - app.gui.image_list_widget - INFO - btn_remove created
2025-03-08 16:43:53,554 - app.gui.image_list_widget - INFO - btn_clear created
2025-03-08 16:43:53,554 - app.gui.image_list_widget - INFO - Buttons created
2025-03-08 16:43:53,554 - app.gui.image_list_widget - INFO - Setting up ImageBrowser UI
2025-03-08 16:43:53,555 - app.gui.image_list_widget - INFO - QHBoxLayout created
2025-03-08 16:43:53,555 - app.gui.image_list_widget - INFO - Button group created
2025-03-08 16:43:53,556 - app.gui.image_list_widget - INFO - List group created
2025-03-08 16:43:53,556 - app.gui.image_list_widget - INFO - QVBoxLayout created
2025-03-08 16:43:53,556 - app.gui.image_list_widget - INFO - Groups added to left panel
2025-03-08 16:43:53,557 - app.gui.image_list_widget - INFO - Left panel added to layout
2025-03-08 16:43:53,557 - app.gui.image_list_widget - INFO - Preview group added to layout
2025-03-08 16:43:53,557 - app.gui.image_list_widget - INFO - Layout set
2025-03-08 16:43:53,558 - app.gui.image_list_widget - INFO - Button states updated
2025-03-08 16:43:53,558 - app.gui.image_list_widget - INFO - UI setup complete
2025-03-08 16:43:53,558 - app.gui.image_list_widget - INFO - Signals connected
2025-03-08 16:43:53,558 - app.gui.image_list_widget - INFO - ImageBrowser initialization complete
2025-03-08 16:43:53,568 - app.gui.result_visualizer - INFO - Initializing ResultVisualizer
2025-03-08 16:43:53,569 - app.gui.result_visualizer - INFO - ResultVisualizer initialization complete
2025-03-08 16:43:53,600 - app.gui.main_window - INFO - MainWindow initialization complete
2025-03-08 16:43:53,600 - app.gui.settings_dialog - INFO - Initializing SettingsDialog
2025-03-08 16:43:53,606 - app.gui.settings_dialog - INFO - SettingsDialog initialization complete
2025-03-08 16:43:53,791 - __main__ - INFO - Main window initialized and shown
2025-03-08 16:44:49,154 - app.utils.i18n - INFO - Set locale to zh_CN
2025-03-08 16:44:49,987 - app.utils.i18n - INFO - Set locale to zh_TW
2025-03-08 16:44:50,715 - app.utils.i18n - INFO - Set locale to en
2025-03-08 16:44:51,235 - app.utils.i18n - INFO - Set locale to zh_CN
2025-03-08 16:44:51,690 - app.utils.i18n - INFO - Set locale to zh_TW
2025-03-08 16:45:08,613 - app.utils.i18n - INFO - Set locale to zh_CN
2025-03-08 16:45:10,503 - app.gui.about_dialog - INFO - Initializing AboutDialog
2025-03-08 16:45:10,510 - app.gui.about_dialog - INFO - AboutDialog initialization complete
2025-03-08 16:45:14,581 - app.gui.settings_dialog - INFO - Initializing SettingsDialog
2025-03-08 16:45:14,587 - app.gui.settings_dialog - INFO - SettingsDialog initialization complete
2025-03-08 16:48:51,284 - __main__ - INFO - Logging initialized
2025-03-08 16:48:51,320 - __main__ - INFO - Application started: MicroAI-Colony 1.0.0
2025-03-08 16:48:51,320 - __main__ - INFO - Platform: win32, Python: 3.11.0 (main, Oct 24 2022, 18:26:48) [MSC v.1933 64 bit (AMD64)]
2025-03-08 16:48:51,321 - __main__ - INFO - Using font: Microsoft YaHei UI
2025-03-08 16:48:51,321 - app.utils.path_manager - INFO - Application directories created successfully
2025-03-08 16:48:51,321 - __main__ - INFO - Application directories created
2025-03-08 16:48:51,322 - app.utils.config - INFO - Configuration loaded successfully
2025-03-08 16:48:51,323 - app.utils.config - INFO - Configuration loaded successfully
2025-03-08 16:48:51,323 - __main__ - INFO - Configuration initialized
2025-03-08 16:48:51,323 - app.utils.i18n - INFO - Loading translations
2025-03-08 16:48:51,324 - app.utils.i18n - INFO - Loaded 88 translations for en
2025-03-08 16:48:51,324 - app.utils.i18n - INFO - Loaded 113 translations for zh_CN
2025-03-08 16:48:51,324 - app.utils.i18n - INFO - Loaded 113 translations for zh_TW
2025-03-08 16:48:51,324 - app.utils.i18n - INFO - Total loaded translations: 314
2025-03-08 16:48:51,325 - app.utils.i18n - INFO - Available locales: ['en', 'zh_CN', 'zh_TW']
2025-03-08 16:48:51,325 - app.utils.i18n - INFO - Using configured locale: en
2025-03-08 16:48:51,325 - app.utils.i18n - INFO - === Translation Status ===
2025-03-08 16:48:51,325 - app.utils.i18n - INFO - Current locale: en
2025-03-08 16:48:51,325 - app.utils.i18n - INFO - Available locales: ['en', 'zh_CN', 'zh_TW']
2025-03-08 16:48:51,325 - app.utils.i18n - INFO - Initialized: True
2025-03-08 16:48:51,325 - app.utils.i18n - INFO - Loaded strings for current locale: 88
2025-03-08 16:48:51,326 - app.utils.i18n - INFO - =====================
2025-03-08 16:48:51,326 - app.utils.i18n - INFO - Translations initialized successfully
2025-03-08 16:48:51,326 - __main__ - INFO - Installed Qt translation for en
2025-03-08 16:48:51,327 - __main__ - INFO - Translations initialized. Current locale: en
2025-03-08 16:48:51,327 - __main__ - INFO - Theme applied successfully
2025-03-08 16:48:51,329 - __main__ - INFO - Creating main window...
2025-03-08 16:48:51,329 - app.gui.main_window - INFO - Initializing MainWindow
2025-03-08 16:48:51,330 - app.gui.image_list_widget - INFO - Initializing ImageBrowser
2025-03-08 16:48:51,331 - app.gui.image_list_widget - INFO - Preview label initialized
2025-03-08 16:48:51,331 - app.gui.image_list_widget - INFO - btn_import created
2025-03-08 16:48:51,332 - app.gui.image_list_widget - INFO - btn_remove created
2025-03-08 16:48:51,332 - app.gui.image_list_widget - INFO - btn_clear created
2025-03-08 16:48:51,332 - app.gui.image_list_widget - INFO - Buttons created
2025-03-08 16:48:51,332 - app.gui.image_list_widget - INFO - Setting up ImageBrowser UI
2025-03-08 16:48:51,333 - app.gui.image_list_widget - INFO - QHBoxLayout created
2025-03-08 16:48:51,333 - app.gui.image_list_widget - INFO - Button group created
2025-03-08 16:48:51,334 - app.gui.image_list_widget - INFO - List group created
2025-03-08 16:48:51,334 - app.gui.image_list_widget - INFO - QVBoxLayout created
2025-03-08 16:48:51,335 - app.gui.image_list_widget - INFO - Groups added to left panel
2025-03-08 16:48:51,335 - app.gui.image_list_widget - INFO - Left panel added to layout
2025-03-08 16:48:51,336 - app.gui.image_list_widget - INFO - Preview group added to layout
2025-03-08 16:48:51,336 - app.gui.image_list_widget - INFO - Layout set
2025-03-08 16:48:51,336 - app.gui.image_list_widget - INFO - Button states updated
2025-03-08 16:48:51,336 - app.gui.image_list_widget - INFO - UI setup complete
2025-03-08 16:48:51,337 - app.gui.image_list_widget - INFO - Signals connected
2025-03-08 16:48:51,337 - app.gui.image_list_widget - INFO - ImageBrowser initialization complete
2025-03-08 16:48:51,346 - app.gui.result_visualizer - INFO - Initializing ResultVisualizer
2025-03-08 16:48:51,349 - app.gui.result_visualizer - INFO - ResultVisualizer initialization complete
2025-03-08 16:48:51,379 - app.gui.main_window - INFO - MainWindow initialization complete
2025-03-08 16:48:51,379 - app.gui.settings_dialog - INFO - Initializing SettingsDialog
2025-03-08 16:48:51,384 - app.gui.settings_dialog - INFO - SettingsDialog initialization complete
2025-03-08 16:48:51,552 - __main__ - INFO - Main window initialized and shown
2025-03-08 16:48:54,670 - app.utils.i18n - INFO - Set locale to zh_CN
2025-03-08 16:48:55,582 - app.utils.i18n - INFO - Set locale to zh_TW
2025-03-08 16:49:01,536 - app.utils.i18n - INFO - Set locale to zh_CN
2025-03-08 16:52:05,655 - __main__ - INFO - Logging initialized
2025-03-08 16:52:05,703 - __main__ - INFO - Application started: MicroAI-Colony 1.0.0
2025-03-08 16:52:05,704 - __main__ - INFO - Platform: win32, Python: 3.11.0 (main, Oct 24 2022, 18:26:48) [MSC v.1933 64 bit (AMD64)]
2025-03-08 16:52:05,704 - __main__ - INFO - Using font: Microsoft YaHei UI
2025-03-08 16:52:05,705 - app.utils.path_manager - INFO - Application directories created successfully
2025-03-08 16:52:05,705 - __main__ - INFO - Application directories created
2025-03-08 16:52:05,707 - app.utils.config - INFO - Configuration loaded successfully
2025-03-08 16:52:05,708 - app.utils.config - INFO - Configuration loaded successfully
2025-03-08 16:52:05,708 - __main__ - INFO - Configuration initialized
2025-03-08 16:52:05,708 - app.utils.i18n - INFO - Loading translations
2025-03-08 16:52:05,709 - app.utils.i18n - INFO - Loaded 121 translations for en
2025-03-08 16:52:05,710 - app.utils.i18n - INFO - Loaded 121 translations for zh_CN
2025-03-08 16:52:05,710 - app.utils.i18n - INFO - Loaded 121 translations for zh_TW
2025-03-08 16:52:05,711 - app.utils.i18n - INFO - Total loaded translations: 363
2025-03-08 16:52:05,711 - app.utils.i18n - INFO - Available locales: ['en', 'zh_CN', 'zh_TW']
2025-03-08 16:52:05,711 - app.utils.i18n - INFO - Using configured locale: en
2025-03-08 16:52:05,711 - app.utils.i18n - INFO - === Translation Status ===
2025-03-08 16:52:05,712 - app.utils.i18n - INFO - Current locale: en
2025-03-08 16:52:05,712 - app.utils.i18n - INFO - Available locales: ['en', 'zh_CN', 'zh_TW']
2025-03-08 16:52:05,712 - app.utils.i18n - INFO - Initialized: True
2025-03-08 16:52:05,712 - app.utils.i18n - INFO - Loaded strings for current locale: 121
2025-03-08 16:52:05,712 - app.utils.i18n - INFO - =====================
2025-03-08 16:52:05,712 - app.utils.i18n - INFO - Translations initialized successfully
2025-03-08 16:52:05,714 - __main__ - INFO - Installed Qt translation for en
2025-03-08 16:52:05,715 - __main__ - INFO - Translations initialized. Current locale: en
2025-03-08 16:52:05,715 - __main__ - INFO - Theme applied successfully
2025-03-08 16:52:05,716 - __main__ - INFO - Creating main window...
2025-03-08 16:52:05,717 - app.gui.main_window - INFO - Initializing MainWindow
2025-03-08 16:52:05,718 - app.gui.image_list_widget - INFO - Initializing ImageBrowser
2025-03-08 16:52:05,719 - app.gui.image_list_widget - INFO - Preview label initialized
2025-03-08 16:52:05,720 - app.gui.image_list_widget - INFO - btn_import created
2025-03-08 16:52:05,720 - app.gui.image_list_widget - INFO - btn_remove created
2025-03-08 16:52:05,720 - app.gui.image_list_widget - INFO - btn_clear created
2025-03-08 16:52:05,720 - app.gui.image_list_widget - INFO - Buttons created
2025-03-08 16:52:05,721 - app.gui.image_list_widget - INFO - Setting up ImageBrowser UI
2025-03-08 16:52:05,721 - app.gui.image_list_widget - INFO - QHBoxLayout created
2025-03-08 16:52:05,721 - app.gui.image_list_widget - INFO - Button group created
2025-03-08 16:52:05,723 - app.gui.image_list_widget - INFO - List group created
2025-03-08 16:52:05,724 - app.gui.image_list_widget - INFO - QVBoxLayout created
2025-03-08 16:52:05,724 - app.gui.image_list_widget - INFO - Groups added to left panel
2025-03-08 16:52:05,724 - app.gui.image_list_widget - INFO - Left panel added to layout
2025-03-08 16:52:05,725 - app.gui.image_list_widget - INFO - Preview group added to layout
2025-03-08 16:52:05,725 - app.gui.image_list_widget - INFO - Layout set
2025-03-08 16:52:05,726 - app.gui.image_list_widget - INFO - Button states updated
2025-03-08 16:52:05,726 - app.gui.image_list_widget - INFO - UI setup complete
2025-03-08 16:52:05,726 - app.gui.image_list_widget - INFO - Signals connected
2025-03-08 16:52:05,726 - app.gui.image_list_widget - INFO - ImageBrowser initialization complete
2025-03-08 16:52:05,738 - app.gui.result_visualizer - INFO - Initializing ResultVisualizer
2025-03-08 16:52:05,740 - app.gui.result_visualizer - INFO - ResultVisualizer initialization complete
2025-03-08 16:52:05,781 - app.gui.main_window - INFO - MainWindow initialization complete
2025-03-08 16:52:05,781 - app.gui.settings_dialog - INFO - Initializing SettingsDialog
2025-03-08 16:52:05,789 - app.gui.settings_dialog - INFO - SettingsDialog initialization complete
2025-03-08 16:52:06,031 - __main__ - INFO - Main window initialized and shown
2025-03-08 16:52:09,213 - app.utils.i18n - INFO - Set locale to en
2025-03-08 16:52:09,767 - app.utils.i18n - INFO - Set locale to zh_CN
2025-03-08 16:52:10,326 - app.utils.i18n - INFO - Set locale to zh_TW
2025-03-08 16:52:10,973 - app.utils.i18n - INFO - Set locale to en
2025-03-08 16:52:11,939 - app.utils.i18n - INFO - Set locale to zh_CN
2025-03-08 16:52:12,389 - app.utils.i18n - INFO - Set locale to zh_TW
2025-03-08 16:52:12,986 - app.utils.i18n - INFO - Set locale to zh_CN
2025-03-08 16:52:13,427 - app.utils.i18n - INFO - Set locale to zh_TW
2025-03-08 16:52:14,235 - app.utils.i18n - INFO - Set locale to zh_CN
2025-03-08 16:53:49,039 - __main__ - INFO - Logging initialized
2025-03-08 16:53:49,093 - __main__ - INFO - Application started: MicroAI-Colony 1.0.0
2025-03-08 16:53:49,093 - __main__ - INFO - Platform: win32, Python: 3.11.0 (main, Oct 24 2022, 18:26:48) [MSC v.1933 64 bit (AMD64)]
2025-03-08 16:53:49,093 - __main__ - INFO - Using font: Microsoft YaHei UI
2025-03-08 16:53:49,094 - app.utils.path_manager - INFO - Application directories created successfully
2025-03-08 16:53:49,094 - __main__ - INFO - Application directories created
2025-03-08 16:53:49,095 - app.utils.config - INFO - Configuration loaded successfully
2025-03-08 16:53:49,095 - app.utils.config - INFO - Configuration loaded successfully
2025-03-08 16:53:49,095 - __main__ - INFO - Configuration initialized
2025-03-08 16:53:49,095 - app.utils.i18n - INFO - Loading translations
2025-03-08 16:53:49,096 - app.utils.i18n - INFO - Loaded 121 translations for en
2025-03-08 16:53:49,097 - app.utils.i18n - INFO - Loaded 121 translations for zh_CN
2025-03-08 16:53:49,097 - app.utils.i18n - INFO - Loaded 121 translations for zh_TW
2025-03-08 16:53:49,098 - app.utils.i18n - INFO - Total loaded translations: 363
2025-03-08 16:53:49,098 - app.utils.i18n - INFO - Available locales: ['en', 'zh_CN', 'zh_TW']
2025-03-08 16:53:49,098 - app.utils.i18n - INFO - Using configured locale: en
2025-03-08 16:53:49,098 - app.utils.i18n - INFO - === Translation Status ===
2025-03-08 16:53:49,098 - app.utils.i18n - INFO - Current locale: en
2025-03-08 16:53:49,098 - app.utils.i18n - INFO - Available locales: ['en', 'zh_CN', 'zh_TW']
2025-03-08 16:53:49,098 - app.utils.i18n - INFO - Initialized: True
2025-03-08 16:53:49,100 - app.utils.i18n - INFO - Loaded strings for current locale: 121
2025-03-08 16:53:49,100 - app.utils.i18n - INFO - =====================
2025-03-08 16:53:49,100 - app.utils.i18n - INFO - Translations initialized successfully
2025-03-08 16:53:49,100 - __main__ - INFO - Installed Qt translation for en
2025-03-08 16:53:49,100 - __main__ - INFO - Translations initialized. Current locale: en
2025-03-08 16:53:49,101 - __main__ - INFO - Theme applied successfully
2025-03-08 16:53:49,101 - __main__ - INFO - Creating main window...
2025-03-08 16:53:49,102 - app.gui.main_window - INFO - Initializing MainWindow
2025-03-08 16:53:49,103 - app.gui.image_list_widget - INFO - Initializing ImageBrowser
2025-03-08 16:53:49,105 - app.gui.image_list_widget - INFO - Preview label initialized
2025-03-08 16:53:49,105 - app.gui.image_list_widget - INFO - btn_import created
2025-03-08 16:53:49,105 - app.gui.image_list_widget - INFO - btn_remove created
2025-03-08 16:53:49,106 - app.gui.image_list_widget - INFO - btn_clear created
2025-03-08 16:53:49,106 - app.gui.image_list_widget - INFO - Buttons created
2025-03-08 16:53:49,106 - app.gui.image_list_widget - INFO - Setting up ImageBrowser UI
2025-03-08 16:53:49,106 - app.gui.image_list_widget - INFO - QHBoxLayout created
2025-03-08 16:53:49,106 - app.gui.image_list_widget - INFO - Button group created
2025-03-08 16:53:49,107 - app.gui.image_list_widget - INFO - List group created
2025-03-08 16:53:49,107 - app.gui.image_list_widget - INFO - QVBoxLayout created
2025-03-08 16:53:49,108 - app.gui.image_list_widget - INFO - Groups added to left panel
2025-03-08 16:53:49,108 - app.gui.image_list_widget - INFO - Left panel added to layout
2025-03-08 16:53:49,108 - app.gui.image_list_widget - INFO - Preview group added to layout
2025-03-08 16:53:49,110 - app.gui.image_list_widget - INFO - Layout set
2025-03-08 16:53:49,110 - app.gui.image_list_widget - INFO - Button states updated
2025-03-08 16:53:49,111 - app.gui.image_list_widget - INFO - UI setup complete
2025-03-08 16:53:49,111 - app.gui.image_list_widget - INFO - Signals connected
2025-03-08 16:53:49,111 - app.gui.image_list_widget - INFO - ImageBrowser initialization complete
2025-03-08 16:53:49,121 - app.gui.result_visualizer - INFO - Initializing ResultVisualizer
2025-03-08 16:53:49,124 - app.gui.result_visualizer - INFO - ResultVisualizer initialization complete
2025-03-08 16:53:49,162 - app.gui.main_window - INFO - MainWindow initialization complete
2025-03-08 16:53:49,163 - app.gui.settings_dialog - INFO - Initializing SettingsDialog
2025-03-08 16:53:49,171 - app.gui.settings_dialog - INFO - SettingsDialog initialization complete
2025-03-08 16:53:49,333 - __main__ - INFO - Main window initialized and shown
2025-03-08 16:53:50,547 - app.utils.i18n - INFO - Set locale to zh_CN
2025-03-08 16:53:51,121 - app.utils.i18n - INFO - Set locale to zh_TW
2025-03-08 16:53:53,386 - app.utils.i18n - INFO - Set locale to zh_CN
2025-03-08 16:54:32,281 - __main__ - INFO - Logging initialized
2025-03-08 16:54:32,335 - __main__ - INFO - Application started: MicroAI-Colony 1.0.0
2025-03-08 16:54:32,335 - __main__ - INFO - Platform: win32, Python: 3.11.0 (main, Oct 24 2022, 18:26:48) [MSC v.1933 64 bit (AMD64)]
2025-03-08 16:54:32,335 - __main__ - INFO - Using font: Microsoft YaHei UI
2025-03-08 16:54:32,337 - app.utils.path_manager - INFO - Application directories created successfully
2025-03-08 16:54:32,337 - __main__ - INFO - Application directories created
2025-03-08 16:54:32,338 - app.utils.config - INFO - Configuration loaded successfully
2025-03-08 16:54:32,339 - app.utils.config - INFO - Configuration loaded successfully
2025-03-08 16:54:32,339 - __main__ - INFO - Configuration initialized
2025-03-08 16:54:32,339 - app.utils.i18n - INFO - Loading translations
2025-03-08 16:54:32,340 - app.utils.i18n - INFO - Loaded 121 translations for en
2025-03-08 16:54:32,340 - app.utils.i18n - INFO - Loaded 121 translations for zh_CN
2025-03-08 16:54:32,341 - app.utils.i18n - INFO - Loaded 121 translations for zh_TW
2025-03-08 16:54:32,341 - app.utils.i18n - INFO - Total loaded translations: 363
2025-03-08 16:54:32,341 - app.utils.i18n - INFO - Available locales: ['en', 'zh_CN', 'zh_TW']
2025-03-08 16:54:32,341 - app.utils.i18n - INFO - Using configured locale: en
2025-03-08 16:54:32,341 - app.utils.i18n - INFO - === Translation Status ===
2025-03-08 16:54:32,341 - app.utils.i18n - INFO - Current locale: en
2025-03-08 16:54:32,341 - app.utils.i18n - INFO - Available locales: ['en', 'zh_CN', 'zh_TW']
2025-03-08 16:54:32,341 - app.utils.i18n - INFO - Initialized: True
2025-03-08 16:54:32,342 - app.utils.i18n - INFO - Loaded strings for current locale: 121
2025-03-08 16:54:32,342 - app.utils.i18n - INFO - =====================
2025-03-08 16:54:32,342 - app.utils.i18n - INFO - Translations initialized successfully
2025-03-08 16:54:32,343 - __main__ - INFO - Installed Qt translation for en
2025-03-08 16:54:32,343 - __main__ - INFO - Translations initialized. Current locale: en
2025-03-08 16:54:32,343 - __main__ - INFO - Theme applied successfully
2025-03-08 16:54:32,344 - __main__ - INFO - Creating main window...
2025-03-08 16:54:32,344 - app.gui.main_window - INFO - Initializing MainWindow
2025-03-08 16:54:32,345 - app.gui.image_list_widget - INFO - Initializing ImageBrowser
2025-03-08 16:54:32,347 - app.gui.image_list_widget - INFO - Preview label initialized
2025-03-08 16:54:32,347 - app.gui.image_list_widget - INFO - btn_import created
2025-03-08 16:54:32,348 - app.gui.image_list_widget - INFO - btn_remove created
2025-03-08 16:54:32,348 - app.gui.image_list_widget - INFO - btn_clear created
2025-03-08 16:54:32,348 - app.gui.image_list_widget - INFO - Buttons created
2025-03-08 16:54:32,348 - app.gui.image_list_widget - INFO - Setting up ImageBrowser UI
2025-03-08 16:54:32,349 - app.gui.image_list_widget - INFO - QHBoxLayout created
2025-03-08 16:54:32,349 - app.gui.image_list_widget - INFO - Button group created
2025-03-08 16:54:32,350 - app.gui.image_list_widget - INFO - List group created
2025-03-08 16:54:32,350 - app.gui.image_list_widget - INFO - QVBoxLayout created
2025-03-08 16:54:32,350 - app.gui.image_list_widget - INFO - Groups added to left panel
2025-03-08 16:54:32,350 - app.gui.image_list_widget - INFO - Left panel added to layout
2025-03-08 16:54:32,351 - app.gui.image_list_widget - INFO - Preview group added to layout
2025-03-08 16:54:32,351 - app.gui.image_list_widget - INFO - Layout set
2025-03-08 16:54:32,351 - app.gui.image_list_widget - INFO - Button states updated
2025-03-08 16:54:32,351 - app.gui.image_list_widget - INFO - UI setup complete
2025-03-08 16:54:32,351 - app.gui.image_list_widget - INFO - Signals connected
2025-03-08 16:54:32,352 - app.gui.image_list_widget - INFO - ImageBrowser initialization complete
2025-03-08 16:54:32,362 - app.gui.result_visualizer - INFO - Initializing ResultVisualizer
2025-03-08 16:54:32,364 - app.gui.result_visualizer - INFO - ResultVisualizer initialization complete
2025-03-08 16:54:32,399 - app.gui.main_window - INFO - MainWindow initialization complete
2025-03-08 16:54:32,399 - app.gui.settings_dialog - INFO - Initializing SettingsDialog
2025-03-08 16:54:32,407 - app.gui.settings_dialog - INFO - SettingsDialog initialization complete
2025-03-08 16:54:32,577 - __main__ - INFO - Main window initialized and shown
2025-03-08 18:56:06,284 - app - INFO - Application initialized
2025-03-08 18:56:17,111 - app.utils - INFO - Utility modules loaded
2025-03-08 18:56:17,122 - app - INFO - Initializing application components...
2025-03-08 18:56:17,123 - app.check_resources - INFO - Starting resource checks...
2025-03-08 18:56:19,542 - app.check_resources - ERROR - Missing package: PyQt6
2025-03-08 18:56:19,543 - app.check_resources - ERROR - Missing package: opencv-python
2025-03-08 18:56:19,545 - app.check_resources - ERROR - Missing package: Pillow
2025-03-08 18:56:19,546 - app.check_resources - ERROR - Outdated package: matplotlib (found 3.10.1, need 3.4.0)
2025-03-08 18:56:19,546 - app.check_resources - ERROR - Package check failed
2025-03-08 18:56:19,546 - app - ERROR - Resource check failed
2025-03-08 18:56:20,501 - app.gui - INFO - GUI modules loaded
2025-03-08 18:56:20,610 - app - INFO - Initializing application components...
2025-03-08 18:56:20,610 - app.check_resources - INFO - Starting resource checks...
2025-03-08 18:56:20,623 - app.check_resources - ERROR - Missing package: PyQt6
2025-03-08 18:56:20,623 - app.check_resources - ERROR - Missing package: opencv-python
2025-03-08 18:56:20,624 - app.check_resources - ERROR - Missing package: Pillow
2025-03-08 18:56:20,624 - app.check_resources - ERROR - Outdated package: matplotlib (found 3.10.1, need 3.4.0)
2025-03-08 18:56:20,624 - app.check_resources - ERROR - Package check failed
2025-03-08 18:56:20,624 - app - ERROR - Resource check failed
2025-03-08 18:56:20,625 - app.main - ERROR - Application initialization failed
2025-03-08 19:09:19,419 - app - INFO - Application initialized
2025-03-08 19:09:23,078 - app.utils - INFO - Utility modules loaded
2025-03-08 19:09:23,080 - app - INFO - Initializing application components...
2025-03-08 19:09:23,080 - app.check_resources - INFO - Starting resource checks...
2025-03-08 19:09:24,097 - app.check_resources - ERROR - Missing package: PyQt6
2025-03-08 19:09:24,098 - app.check_resources - ERROR - Missing package: opencv-python
2025-03-08 19:09:24,098 - app.check_resources - ERROR - Missing package: Pillow
2025-03-08 19:09:24,098 - app.check_resources - ERROR - Outdated package: matplotlib (found 3.10.1, need 3.4.0)
2025-03-08 19:09:24,098 - app.check_resources - ERROR - Package check failed
2025-03-08 19:09:24,098 - app - ERROR - Resource check failed
2025-03-08 19:09:24,504 - app.gui - INFO - GUI modules loaded
2025-03-08 19:09:24,587 - app - INFO - Initializing application components...
2025-03-08 19:09:24,588 - app.check_resources - INFO - Starting resource checks...
2025-03-08 19:09:24,595 - app.check_resources - ERROR - Missing package: PyQt6
2025-03-08 19:09:24,595 - app.check_resources - ERROR - Missing package: opencv-python
2025-03-08 19:09:24,595 - app.check_resources - ERROR - Missing package: Pillow
2025-03-08 19:09:24,595 - app.check_resources - ERROR - Outdated package: matplotlib (found 3.10.1, need 3.4.0)
2025-03-08 19:09:24,595 - app.check_resources - ERROR - Package check failed
2025-03-08 19:09:24,595 - app - ERROR - Resource check failed
2025-03-08 19:09:24,596 - app.main - ERROR - Application initialization failed
