2025-03-06 00:02:28,879 - root - INFO - Logging initialized
2025-03-06 00:02:28,887 - root - INFO - Application directories created
2025-03-06 00:02:29,101 - app.config - INFO - Using defaults configuration from: C:\Users\ETPau\Documents\GitHub\CNN-\app\config\defaults\defaults.yaml
2025-03-06 00:02:29,181 - app.config - INFO - Copied default config to: C:\Users\ETPau\Documents\GitHub\CNN-\app\config\config.yaml
2025-03-06 00:02:29,183 - root - INFO - Configuration initialized
2025-03-06 00:02:38,375 - app.utils.i18n - INFO - Loaded translations: ['en', 'zh']
2025-03-06 00:02:39,258 - app.gui.main_window - INFO - Starting in demo mode
2025-03-06 00:02:39,259 - app.models.inference - INFO - Running in demo mode - using mock predictions
2025-03-06 00:02:39,259 - app.gui.main_window - INFO - Model initialized successfully
2025-03-06 00:02:40,100 - app.config.config_manager - INFO - Configuration saved to C:\Users\ETPau\Documents\GitHub\CNN-\app\config\defaults\defaults.yaml
2025-03-06 00:02:40,106 - app.gui.image_list_widget - INFO - Image loaded: OIP-C.jpg
2025-03-06 00:02:40,107 - app.gui.image_list_widget - INFO - Image loaded: R-C.jpg
2025-03-06 00:02:40,107 - app.gui.image_list_widget - INFO - Image loaded: t019872959c62f44875.jpg
2025-03-06 00:02:45,521 - app.gui.image_list_widget - INFO - Processing complete: OIP-C.jpg
2025-03-06 00:02:45,521 - app.gui.image_list_widget - INFO - Processing complete: R-C.jpg
2025-03-06 00:02:45,523 - app.gui.image_list_widget - INFO - Processing complete: t019872959c62f44875.jpg
2025-03-06 00:02:46,121 - app.gui.result_viewer - ERROR - Failed to setup UI: 'ResultViewer' object has no attribute 'setup_multi_image_view'
2025-03-06 00:02:46,122 - app.gui.main_window - ERROR - Failed to show results: 'ResultViewer' object has no attribute 'setup_multi_image_view'
2025-03-06 00:02:48,438 - app.config.config_manager - INFO - Configuration saved to C:\Users\ETPau\Documents\GitHub\CNN-\app\config\defaults\defaults.yaml
2025-03-06 00:24:48,119 - root - INFO - Logging initialized
2025-03-06 00:24:48,137 - root - INFO - Application directories created
2025-03-06 00:24:48,226 - app.config - INFO - Using defaults configuration from: c:\Users\ETPau\Documents\GitHub\CNN-\app\config\defaults\defaults.yaml
2025-03-06 00:24:48,259 - app.config - INFO - Copied default config to: c:\Users\ETPau\Documents\GitHub\CNN-\app\config\config.yaml
2025-03-06 00:24:48,260 - root - INFO - Configuration initialized
2025-03-06 00:24:52,992 - app.utils.i18n - INFO - Loaded translations: ['en', 'zh']
2025-03-06 00:24:53,027 - root - ERROR - Failed to initialize application: unmatched '}' (result_viewer.py, line 794)
2025-03-06 00:24:53,028 - root - ERROR - Application failed to start: Failed to initialize application: unmatched '}' (result_viewer.py, line 794)
2025-03-06 09:51:24,768 - root - INFO - Logging initialized
2025-03-06 09:51:24,770 - root - INFO - Application directories created
2025-03-06 09:51:24,827 - app.config - INFO - Using defaults configuration from: c:\Users\ETPau\Documents\GitHub\CNN-\app\config\defaults\defaults.yaml
2025-03-06 09:51:24,842 - app.config - INFO - Copied default config to: c:\Users\ETPau\Documents\GitHub\CNN-\app\config\config.yaml
2025-03-06 09:51:24,844 - root - INFO - Configuration initialized
2025-03-06 09:51:28,506 - app.utils.i18n - INFO - Loaded translations: ['en', 'zh']
2025-03-06 09:51:28,527 - root - ERROR - Failed to initialize application: unmatched '}' (result_viewer.py, line 794)
2025-03-06 09:51:28,527 - root - ERROR - Application failed to start: Failed to initialize application: unmatched '}' (result_viewer.py, line 794)
2025-03-06 09:55:23,026 - root - INFO - Logging initialized
2025-03-06 09:55:23,029 - root - INFO - Application directories created
2025-03-06 09:55:23,076 - app.config - INFO - Using defaults configuration from: c:\Users\ETPau\Documents\GitHub\CNN-\app\config\defaults\defaults.yaml
2025-03-06 09:55:23,095 - app.config - INFO - Copied default config to: c:\Users\ETPau\Documents\GitHub\CNN-\app\config\config.yaml
2025-03-06 09:55:23,095 - root - INFO - Configuration initialized
2025-03-06 09:55:25,704 - app.utils.i18n - INFO - Loaded translations: ['en', 'zh']
2025-03-06 09:55:25,722 - root - ERROR - Failed to initialize application: unmatched '}' (result_viewer.py, line 794)
2025-03-06 09:55:25,722 - root - ERROR - Application failed to start: Failed to initialize application: unmatched '}' (result_viewer.py, line 794)
2025-03-06 10:01:02,947 - root - INFO - Logging initialized
2025-03-06 10:01:02,949 - root - INFO - Application directories created
2025-03-06 10:01:02,989 - app.config - INFO - Using defaults configuration from: C:\Users\ETPau\Documents\GitHub\CNN-\app\config\defaults\defaults.yaml
2025-03-06 10:01:03,004 - app.config - INFO - Copied default config to: C:\Users\ETPau\Documents\GitHub\CNN-\app\config\config.yaml
2025-03-06 10:01:03,006 - root - INFO - Configuration initialized
2025-03-06 10:01:05,281 - app.utils.i18n - INFO - Loaded translations: ['en', 'zh']
2025-03-06 10:01:05,605 - app.gui.main_window - INFO - Starting in demo mode
2025-03-06 10:01:05,605 - app.models.inference - INFO - Running in demo mode - using mock predictions
2025-03-06 10:01:05,605 - app.gui.main_window - INFO - Model initialized successfully
2025-03-06 10:01:05,801 - app.config.config_manager - INFO - Configuration saved to C:\Users\ETPau\Documents\GitHub\CNN-\app\config\defaults\defaults.yaml
2025-03-06 10:01:05,803 - app.gui.image_list_widget - INFO - Image loaded: OIP-C.jpg
2025-03-06 10:01:05,803 - app.gui.image_list_widget - INFO - Image loaded: R-C.jpg
2025-03-06 10:01:05,804 - app.gui.image_list_widget - INFO - Image loaded: t019872959c62f44875.jpg
2025-03-06 10:01:09,550 - app.gui.image_list_widget - INFO - Processing complete: OIP-C.jpg
2025-03-06 10:01:09,550 - app.gui.image_list_widget - INFO - Processing complete: R-C.jpg
2025-03-06 10:01:09,550 - app.gui.image_list_widget - INFO - Processing complete: t019872959c62f44875.jpg
2025-03-06 10:01:10,233 - app.gui.result_viewer - ERROR - Failed to populate summary: No valid results to show
2025-03-06 10:01:10,235 - app.gui.result_viewer - ERROR - Failed to create comparison plots: No valid data for comparison plots
2025-03-06 10:01:10,235 - app.gui.result_viewer - ERROR - Failed to create comparison plots: No valid data for comparison plots
2025-03-06 10:01:10,326 - app.gui.result_viewer - ERROR - Failed to create plots: 'run_number'
2025-03-06 10:01:10,326 - app.gui.result_viewer - ERROR - Failed to update detail plots: 'run_number'
2025-03-06 10:01:10,368 - app.gui.result_viewer - ERROR - Failed to create plots: 'run_number'
2025-03-06 10:01:10,368 - app.gui.result_viewer - ERROR - Failed to create plots: 'run_number'
2025-03-06 10:01:18,059 - app.utils.batch_analyzer - INFO - Processing image: OIP-C
2025-03-06 10:01:19,275 - app.utils.batch_analyzer - INFO - Plots created in C:\Users\ETPau\Desktop\MicroAI Detect\2\results\batch\20250306_100118\plots
2025-03-06 10:01:19,397 - app.utils.batch_analyzer - INFO - Processing image: R-C
2025-03-06 10:01:20,533 - app.utils.batch_analyzer - INFO - Plots created in C:\Users\ETPau\Desktop\MicroAI Detect\2\results\batch\20250306_100118\plots
2025-03-06 10:01:20,600 - app.utils.batch_analyzer - INFO - Processing image: t019872959c62f44875
2025-03-06 10:01:21,736 - app.utils.batch_analyzer - INFO - Plots created in C:\Users\ETPau\Desktop\MicroAI Detect\2\results\batch\20250306_100118\plots
2025-03-06 10:01:21,845 - app.gui.image_list_widget - INFO - Processing complete: OIP-C.jpg
2025-03-06 10:01:21,845 - app.gui.image_list_widget - INFO - Processing complete: R-C.jpg
2025-03-06 10:01:21,847 - app.gui.image_list_widget - INFO - Processing complete: t019872959c62f44875.jpg
2025-03-06 10:01:47,387 - app.config.config_manager - INFO - Configuration saved to C:\Users\ETPau\Documents\GitHub\CNN-\app\config\defaults\defaults.yaml
2025-03-06 10:03:34,125 - root - INFO - Logging initialized
2025-03-06 10:03:34,137 - root - INFO - Application directories created
2025-03-06 10:03:34,185 - app.config - INFO - Using defaults configuration from: C:\Users\ETPau\Documents\GitHub\CNN-\app\config\defaults\defaults.yaml
2025-03-06 10:03:34,208 - app.config - INFO - Copied default config to: C:\Users\ETPau\Documents\GitHub\CNN-\app\config\config.yaml
2025-03-06 10:03:34,208 - root - INFO - Configuration initialized
2025-03-06 10:03:36,587 - app.utils.i18n - INFO - Loaded translations: ['en', 'zh']
2025-03-06 10:03:36,859 - app.gui.main_window - INFO - Starting in demo mode
2025-03-06 10:03:36,860 - app.models.inference - INFO - Running in demo mode - using mock predictions
2025-03-06 10:03:36,860 - app.gui.main_window - INFO - Model initialized successfully
2025-03-06 10:03:37,080 - app.config.config_manager - INFO - Configuration saved to C:\Users\ETPau\Documents\GitHub\CNN-\app\config\defaults\defaults.yaml
2025-03-06 10:03:37,081 - app.gui.image_list_widget - INFO - Image loaded: OIP-C.jpg
2025-03-06 10:03:37,081 - app.gui.image_list_widget - INFO - Image loaded: R-C.jpg
2025-03-06 10:03:37,082 - app.gui.image_list_widget - INFO - Image loaded: t019872959c62f44875.jpg
2025-03-06 10:03:39,382 - app.gui.image_list_widget - INFO - Processing complete: OIP-C.jpg
2025-03-06 10:03:39,383 - app.gui.image_list_widget - INFO - Processing complete: R-C.jpg
2025-03-06 10:03:39,383 - app.gui.image_list_widget - INFO - Processing complete: t019872959c62f44875.jpg
2025-03-06 10:03:40,020 - app.gui.result_viewer - ERROR - Failed to populate summary: No valid results to show
2025-03-06 10:03:40,021 - app.gui.result_viewer - ERROR - Failed to create comparison plots: No valid data for comparison plots
2025-03-06 10:03:40,021 - app.gui.result_viewer - ERROR - Failed to create comparison plots: No valid data for comparison plots
2025-03-06 10:03:50,910 - app.utils.batch_analyzer - INFO - Processing image: OIP-C
2025-03-06 10:03:52,094 - app.utils.batch_analyzer - INFO - Plots created in C:\Users\ETPau\Desktop\MicroAI Detect\2\results\batch\20250306_100350\plots
2025-03-06 10:03:52,197 - app.utils.batch_analyzer - INFO - Processing image: R-C
2025-03-06 10:03:53,439 - app.utils.batch_analyzer - INFO - Plots created in C:\Users\ETPau\Desktop\MicroAI Detect\2\results\batch\20250306_100350\plots
2025-03-06 10:03:53,503 - app.utils.batch_analyzer - INFO - Processing image: t019872959c62f44875
2025-03-06 10:03:54,650 - app.utils.batch_analyzer - INFO - Plots created in C:\Users\ETPau\Desktop\MicroAI Detect\2\results\batch\20250306_100350\plots
2025-03-06 10:03:54,773 - app.gui.image_list_widget - INFO - Processing complete: OIP-C.jpg
2025-03-06 10:03:54,773 - app.gui.image_list_widget - INFO - Processing complete: R-C.jpg
2025-03-06 10:03:54,773 - app.gui.image_list_widget - INFO - Processing complete: t019872959c62f44875.jpg
2025-03-06 10:04:02,333 - app.config.config_manager - INFO - Configuration saved to C:\Users\ETPau\Documents\GitHub\CNN-\app\config\defaults\defaults.yaml
2025-03-06 10:10:35,978 - root - INFO - Logging initialized
2025-03-06 10:10:35,980 - root - INFO - Application directories created
2025-03-06 10:10:36,024 - app.config - INFO - Using defaults configuration from: C:\Users\ETPau\Documents\GitHub\CNN-\app\config\defaults\defaults.yaml
2025-03-06 10:10:36,041 - app.config - INFO - Copied default config to: C:\Users\ETPau\Documents\GitHub\CNN-\app\config\config.yaml
2025-03-06 10:10:36,041 - root - INFO - Configuration initialized
2025-03-06 10:10:38,454 - app.utils.i18n - INFO - Loaded translations: ['en', 'zh']
2025-03-06 10:10:38,725 - app.gui.main_window - INFO - Starting in demo mode
2025-03-06 10:10:38,726 - app.models.inference - INFO - Running in demo mode - using mock predictions
2025-03-06 10:10:38,726 - app.gui.main_window - INFO - Model initialized successfully
2025-03-06 10:10:38,913 - app.config.config_manager - INFO - Configuration saved to C:\Users\ETPau\Documents\GitHub\CNN-\app\config\defaults\defaults.yaml
2025-03-06 10:10:38,914 - app.gui.image_list_widget - INFO - Image loaded: OIP-C.jpg
2025-03-06 10:10:38,915 - app.gui.image_list_widget - INFO - Image loaded: R-C.jpg
2025-03-06 10:10:38,915 - app.gui.image_list_widget - INFO - Image loaded: t019872959c62f44875.jpg
2025-03-06 10:10:41,951 - app.gui.image_list_widget - INFO - Processing complete: OIP-C.jpg
2025-03-06 10:10:41,952 - app.gui.image_list_widget - INFO - Processing complete: R-C.jpg
2025-03-06 10:10:41,952 - app.gui.image_list_widget - INFO - Processing complete: t019872959c62f44875.jpg
2025-03-06 10:10:42,867 - app.gui.result_viewer - ERROR - Failed to populate summary: No valid results to show
2025-03-06 10:10:42,869 - app.gui.result_viewer - ERROR - Failed to create comparison plots: No valid data for comparison plots
2025-03-06 10:10:42,871 - app.gui.result_viewer - ERROR - Failed to create comparison plots: No valid data for comparison plots
2025-03-06 10:10:52,592 - app.utils.batch_analyzer - INFO - Processing image: OIP-C
2025-03-06 10:10:53,829 - app.utils.batch_analyzer - INFO - Plots created in C:\Users\ETPau\Desktop\MicroAI Detect\2\results\batch\20250306_101052\plots
2025-03-06 10:10:53,964 - app.utils.batch_analyzer - INFO - Processing image: R-C
2025-03-06 10:10:55,140 - app.utils.batch_analyzer - INFO - Plots created in C:\Users\ETPau\Desktop\MicroAI Detect\2\results\batch\20250306_101052\plots
2025-03-06 10:10:55,192 - app.utils.batch_analyzer - INFO - Processing image: t019872959c62f44875
2025-03-06 10:10:56,403 - app.utils.batch_analyzer - INFO - Plots created in C:\Users\ETPau\Desktop\MicroAI Detect\2\results\batch\20250306_101052\plots
2025-03-06 10:10:56,507 - app.gui.image_list_widget - INFO - Processing complete: OIP-C.jpg
2025-03-06 10:10:56,507 - app.gui.image_list_widget - INFO - Processing complete: R-C.jpg
2025-03-06 10:10:56,507 - app.gui.image_list_widget - INFO - Processing complete: t019872959c62f44875.jpg
2025-03-06 10:11:03,196 - app.config.config_manager - INFO - Configuration saved to C:\Users\ETPau\Documents\GitHub\CNN-\app\config\defaults\defaults.yaml
2025-03-06 10:16:03,999 - root - INFO - Logging initialized
2025-03-06 10:16:04,002 - root - INFO - Application directories created
2025-03-06 10:16:04,046 - app.config - INFO - Using defaults configuration from: C:\Users\ETPau\Documents\GitHub\CNN-\app\config\defaults\defaults.yaml
2025-03-06 10:16:04,062 - app.config - INFO - Copied default config to: C:\Users\ETPau\Documents\GitHub\CNN-\app\config\config.yaml
2025-03-06 10:16:04,063 - root - INFO - Configuration initialized
2025-03-06 10:16:06,511 - app.utils.i18n - INFO - Loaded translations: ['en', 'zh']
2025-03-06 10:16:06,809 - app.gui.main_window - INFO - Starting in demo mode
2025-03-06 10:16:06,809 - app.models.inference - INFO - Running in demo mode - using mock predictions
2025-03-06 10:16:06,810 - app.gui.main_window - INFO - Model initialized successfully
2025-03-06 10:16:07,073 - app.config.config_manager - INFO - Configuration saved to C:\Users\ETPau\Documents\GitHub\CNN-\app\config\defaults\defaults.yaml
2025-03-06 10:16:07,075 - app.gui.image_list_widget - INFO - Image loaded: OIP-C.jpg
2025-03-06 10:16:07,076 - app.gui.image_list_widget - INFO - Image loaded: R-C.jpg
2025-03-06 10:16:07,076 - app.gui.image_list_widget - INFO - Image loaded: t019872959c62f44875.jpg
2025-03-06 10:16:10,327 - app.gui.image_list_widget - INFO - Processing complete: OIP-C.jpg
2025-03-06 10:16:10,327 - app.gui.image_list_widget - INFO - Processing complete: R-C.jpg
2025-03-06 10:16:10,328 - app.gui.image_list_widget - INFO - Processing complete: t019872959c62f44875.jpg
2025-03-06 10:16:12,347 - app.gui.result_viewer - ERROR - Failed to populate summary: No valid results to show
2025-03-06 10:16:12,349 - app.gui.result_viewer - INFO - Creating comparison plots...
2025-03-06 10:16:12,349 - app.gui.result_viewer - INFO - Processing 3 results
2025-03-06 10:16:12,349 - app.gui.result_viewer - INFO - Checking result for C:\Users\ETPau\Desktop\MicroAI Detect\2\PIC\OIP-C.jpg
2025-03-06 10:16:12,351 - app.gui.result_viewer - INFO - Result keys: ['dataframe', 'output_dir']
2025-03-06 10:16:12,351 - app.gui.result_viewer - INFO - Skipping C:\Users\ETPau\Desktop\MicroAI Detect\2\PIC\OIP-C.jpg: no statistics
2025-03-06 10:16:12,351 - app.gui.result_viewer - INFO - Checking result for C:\Users\ETPau\Desktop\MicroAI Detect\2\PIC\R-C.jpg
2025-03-06 10:16:12,352 - app.gui.result_viewer - INFO - Result keys: ['dataframe', 'output_dir']
2025-03-06 10:16:12,352 - app.gui.result_viewer - INFO - Skipping C:\Users\ETPau\Desktop\MicroAI Detect\2\PIC\R-C.jpg: no statistics
2025-03-06 10:16:12,352 - app.gui.result_viewer - INFO - Checking result for C:\Users\ETPau\Desktop\MicroAI Detect\2\PIC\t019872959c62f44875.jpg
2025-03-06 10:16:12,353 - app.gui.result_viewer - INFO - Result keys: ['dataframe', 'output_dir']
2025-03-06 10:16:12,353 - app.gui.result_viewer - INFO - Skipping C:\Users\ETPau\Desktop\MicroAI Detect\2\PIC\t019872959c62f44875.jpg: no statistics
2025-03-06 10:16:12,353 - app.gui.result_viewer - ERROR - Failed to create comparison plots: No valid data for comparison plots
2025-03-06 10:16:12,353 - app.gui.result_viewer - ERROR - Failed to create comparison plots: No valid data for comparison plots
2025-03-06 10:16:12,732 - app.gui.result_viewer - INFO - Looking for valid result in 3 results
2025-03-06 10:16:12,732 - app.gui.result_viewer - INFO - Checking result for C:\Users\ETPau\Desktop\MicroAI Detect\2\PIC\OIP-C.jpg
2025-03-06 10:16:12,733 - app.gui.result_viewer - INFO - Result keys: ['dataframe', 'output_dir']
2025-03-06 10:16:12,733 - app.gui.result_viewer - INFO - Found valid result for C:\Users\ETPau\Desktop\MicroAI Detect\2\PIC\OIP-C.jpg
2025-03-06 10:16:12,733 - app.gui.result_viewer - INFO - DataFrame columns: ['count', 'confidence', 'boxes', 'scores', 'statistics']
2025-03-06 10:16:21,243 - app.config.config_manager - INFO - Configuration saved to C:\Users\ETPau\Documents\GitHub\CNN-\app\config\defaults\defaults.yaml
2025-03-06 10:19:07,074 - root - INFO - Logging initialized
2025-03-06 10:19:07,079 - root - INFO - Application directories created
2025-03-06 10:19:07,144 - app.config - INFO - Using defaults configuration from: C:\Users\ETPau\Documents\GitHub\CNN-\app\config\defaults\defaults.yaml
2025-03-06 10:19:07,177 - app.config - INFO - Copied default config to: C:\Users\ETPau\Documents\GitHub\CNN-\app\config\config.yaml
2025-03-06 10:19:07,177 - root - INFO - Configuration initialized
2025-03-06 10:19:13,908 - app.utils.i18n - INFO - Loaded translations: ['en', 'zh']
2025-03-06 10:19:15,014 - app.gui.main_window - INFO - Starting in demo mode
2025-03-06 10:19:15,014 - app.models.inference - INFO - Running in demo mode - using mock predictions
2025-03-06 10:19:15,015 - app.gui.main_window - INFO - Model initialized successfully
2025-03-06 10:19:15,568 - app.config.config_manager - INFO - Configuration saved to C:\Users\ETPau\Documents\GitHub\CNN-\app\config\defaults\defaults.yaml
2025-03-06 10:19:15,575 - app.gui.image_list_widget - INFO - Image loaded: OIP-C.jpg
2025-03-06 10:19:15,576 - app.gui.image_list_widget - INFO - Image loaded: R-C.jpg
2025-03-06 10:19:15,576 - app.gui.image_list_widget - INFO - Image loaded: t019872959c62f44875.jpg
2025-03-06 10:19:18,902 - app.gui.image_list_widget - INFO - Processing complete: OIP-C.jpg
2025-03-06 10:19:18,902 - app.gui.image_list_widget - INFO - Processing complete: R-C.jpg
2025-03-06 10:19:18,903 - app.gui.image_list_widget - INFO - Processing complete: t019872959c62f44875.jpg
2025-03-06 10:19:20,008 - app.gui.result_viewer - INFO - Statistics: {'count_stats': {'mean': 138.0, 'std': 0.0, 'cv': 0.0, 'min': 138.0, 'max': 138.0, 'median': 138.0, 'q1': 138.0, 'q3': 138.0}, 'confidence_stats': {'mean': 0.908213913384891, 'std': 0.0, 'min': 0.908213913384891, 'max': 0.908213913384891}}
2025-03-06 10:19:20,009 - app.gui.result_viewer - INFO - Statistics: {'count_stats': {'mean': 190.0, 'std': 0.0, 'cv': 0.0, 'min': 190.0, 'max': 190.0, 'median': 190.0, 'q1': 190.0, 'q3': 190.0}, 'confidence_stats': {'mean': 0.9880421938450719, 'std': 0.0, 'min': 0.9880421938450719, 'max': 0.9880421938450719}}
2025-03-06 10:19:20,010 - app.gui.result_viewer - INFO - Statistics: {'count_stats': {'mean': 81.0, 'std': 0.0, 'cv': 0.0, 'min': 81.0, 'max': 81.0, 'median': 81.0, 'q1': 81.0, 'q3': 81.0}, 'confidence_stats': {'mean': 0.8001775518089618, 'std': 0.0, 'min': 0.8001775518089618, 'max': 0.8001775518089618}}
2025-03-06 10:19:20,011 - app.gui.result_viewer - ERROR - Failed to populate summary: No valid results to show
2025-03-06 10:19:20,018 - app.gui.result_viewer - INFO - Creating comparison plots...
2025-03-06 10:19:20,019 - app.gui.result_viewer - INFO - Processing 3 results
2025-03-06 10:19:20,019 - app.gui.result_viewer - INFO - Checking result for C:\Users\ETPau\Desktop\MicroAI Detect\2\PIC\OIP-C.jpg
2025-03-06 10:19:20,019 - app.gui.result_viewer - INFO - Result keys: ['dataframe', 'output_dir']
2025-03-06 10:19:20,020 - app.gui.result_viewer - INFO - Statistics: {'count_stats': {'mean': 138.0, 'std': 0.0, 'cv': 0.0, 'min': 138.0, 'max': 138.0, 'median': 138.0, 'q1': 138.0, 'q3': 138.0}, 'confidence_stats': {'mean': 0.908213913384891, 'std': 0.0, 'min': 0.908213913384891, 'max': 0.908213913384891}}
2025-03-06 10:19:20,020 - app.gui.result_viewer - INFO - Count stats: {'count_stats': {'mean': 138.0, 'std': 0.0, 'cv': 0.0, 'min': 138.0, 'max': 138.0, 'median': 138.0, 'q1': 138.0, 'q3': 138.0}, 'confidence_stats': {'mean': 0.908213913384891, 'std': 0.0, 'min': 0.908213913384891, 'max': 0.908213913384891}}
2025-03-06 10:19:20,020 - app.gui.result_viewer - INFO - Count stats keys: ['count_stats', 'confidence_stats']
2025-03-06 10:19:20,020 - app.gui.result_viewer - INFO - Skipping C:\Users\ETPau\Desktop\MicroAI Detect\2\PIC\OIP-C.jpg: missing required stats ['mean', 'median', 'std', 'cv']
2025-03-06 10:19:20,021 - app.gui.result_viewer - INFO - Checking result for C:\Users\ETPau\Desktop\MicroAI Detect\2\PIC\R-C.jpg
2025-03-06 10:19:20,021 - app.gui.result_viewer - INFO - Result keys: ['dataframe', 'output_dir']
2025-03-06 10:19:20,021 - app.gui.result_viewer - INFO - Statistics: {'count_stats': {'mean': 190.0, 'std': 0.0, 'cv': 0.0, 'min': 190.0, 'max': 190.0, 'median': 190.0, 'q1': 190.0, 'q3': 190.0}, 'confidence_stats': {'mean': 0.9880421938450719, 'std': 0.0, 'min': 0.9880421938450719, 'max': 0.9880421938450719}}
2025-03-06 10:19:20,023 - app.gui.result_viewer - INFO - Count stats: {'count_stats': {'mean': 190.0, 'std': 0.0, 'cv': 0.0, 'min': 190.0, 'max': 190.0, 'median': 190.0, 'q1': 190.0, 'q3': 190.0}, 'confidence_stats': {'mean': 0.9880421938450719, 'std': 0.0, 'min': 0.9880421938450719, 'max': 0.9880421938450719}}
2025-03-06 10:19:20,023 - app.gui.result_viewer - INFO - Count stats keys: ['count_stats', 'confidence_stats']
2025-03-06 10:19:20,023 - app.gui.result_viewer - INFO - Skipping C:\Users\ETPau\Desktop\MicroAI Detect\2\PIC\R-C.jpg: missing required stats ['mean', 'median', 'std', 'cv']
2025-03-06 10:19:20,024 - app.gui.result_viewer - INFO - Checking result for C:\Users\ETPau\Desktop\MicroAI Detect\2\PIC\t019872959c62f44875.jpg
2025-03-06 10:19:20,024 - app.gui.result_viewer - INFO - Result keys: ['dataframe', 'output_dir']
2025-03-06 10:19:20,025 - app.gui.result_viewer - INFO - Statistics: {'count_stats': {'mean': 81.0, 'std': 0.0, 'cv': 0.0, 'min': 81.0, 'max': 81.0, 'median': 81.0, 'q1': 81.0, 'q3': 81.0}, 'confidence_stats': {'mean': 0.8001775518089618, 'std': 0.0, 'min': 0.8001775518089618, 'max': 0.8001775518089618}}
2025-03-06 10:19:20,025 - app.gui.result_viewer - INFO - Count stats: {'count_stats': {'mean': 81.0, 'std': 0.0, 'cv': 0.0, 'min': 81.0, 'max': 81.0, 'median': 81.0, 'q1': 81.0, 'q3': 81.0}, 'confidence_stats': {'mean': 0.8001775518089618, 'std': 0.0, 'min': 0.8001775518089618, 'max': 0.8001775518089618}}
2025-03-06 10:19:20,026 - app.gui.result_viewer - INFO - Count stats keys: ['count_stats', 'confidence_stats']
2025-03-06 10:19:20,026 - app.gui.result_viewer - INFO - Skipping C:\Users\ETPau\Desktop\MicroAI Detect\2\PIC\t019872959c62f44875.jpg: missing required stats ['mean', 'median', 'std', 'cv']
2025-03-06 10:19:20,026 - app.gui.result_viewer - ERROR - Failed to create comparison plots: No valid data for comparison plots
2025-03-06 10:19:20,027 - app.gui.result_viewer - ERROR - Failed to create comparison plots: No valid data for comparison plots
2025-03-06 10:19:20,742 - app.gui.result_viewer - INFO - Looking for valid result in 3 results
2025-03-06 10:19:20,743 - app.gui.result_viewer - INFO - Checking result for C:\Users\ETPau\Desktop\MicroAI Detect\2\PIC\OIP-C.jpg
2025-03-06 10:19:20,743 - app.gui.result_viewer - INFO - Result keys: ['dataframe', 'output_dir']
2025-03-06 10:19:20,744 - app.gui.result_viewer - INFO - Found valid result for C:\Users\ETPau\Desktop\MicroAI Detect\2\PIC\OIP-C.jpg
2025-03-06 10:19:20,744 - app.gui.result_viewer - INFO - DataFrame columns: ['count', 'confidence', 'boxes', 'scores', 'statistics']
2025-03-06 10:19:28,394 - app.utils.batch_analyzer - INFO - Processing image: OIP-C
2025-03-06 10:19:30,396 - app.utils.batch_analyzer - INFO - Plots created in C:\Users\ETPau\Desktop\MicroAI Detect\2\results\batch\20250306_101928\plots
2025-03-06 10:19:30,591 - app.utils.batch_analyzer - INFO - Processing image: R-C
2025-03-06 10:19:32,685 - app.utils.batch_analyzer - INFO - Plots created in C:\Users\ETPau\Desktop\MicroAI Detect\2\results\batch\20250306_101928\plots
2025-03-06 10:19:32,760 - app.utils.batch_analyzer - INFO - Processing image: t019872959c62f44875
2025-03-06 10:19:34,751 - app.utils.batch_analyzer - INFO - Plots created in C:\Users\ETPau\Desktop\MicroAI Detect\2\results\batch\20250306_101928\plots
2025-03-06 10:19:34,928 - app.gui.image_list_widget - INFO - Processing complete: OIP-C.jpg
2025-03-06 10:19:34,929 - app.gui.image_list_widget - INFO - Processing complete: R-C.jpg
2025-03-06 10:19:34,929 - app.gui.image_list_widget - INFO - Processing complete: t019872959c62f44875.jpg
2025-03-06 10:19:38,680 - app.gui.result_viewer - INFO - Skipping C:\Users\ETPau\Desktop\MicroAI Detect\2\PIC\OIP-C.jpg: no statistics column
2025-03-06 10:19:38,680 - app.gui.result_viewer - INFO - Skipping C:\Users\ETPau\Desktop\MicroAI Detect\2\PIC\R-C.jpg: no statistics column
2025-03-06 10:19:38,680 - app.gui.result_viewer - INFO - Skipping C:\Users\ETPau\Desktop\MicroAI Detect\2\PIC\t019872959c62f44875.jpg: no statistics column
2025-03-06 10:19:38,680 - app.gui.result_viewer - ERROR - Failed to populate summary: No valid results to show
2025-03-06 10:19:38,682 - app.gui.result_viewer - INFO - Creating comparison plots...
2025-03-06 10:19:38,682 - app.gui.result_viewer - INFO - Processing 3 results
2025-03-06 10:19:38,682 - app.gui.result_viewer - INFO - Checking result for C:\Users\ETPau\Desktop\MicroAI Detect\2\PIC\OIP-C.jpg
2025-03-06 10:19:38,684 - app.gui.result_viewer - INFO - Result keys: ['dataframe', 'statistics', 'output_dir']
2025-03-06 10:19:38,684 - app.gui.result_viewer - INFO - Skipping C:\Users\ETPau\Desktop\MicroAI Detect\2\PIC\OIP-C.jpg: no statistics column
2025-03-06 10:19:38,684 - app.gui.result_viewer - INFO - Checking result for C:\Users\ETPau\Desktop\MicroAI Detect\2\PIC\R-C.jpg
2025-03-06 10:19:38,684 - app.gui.result_viewer - INFO - Result keys: ['dataframe', 'statistics', 'output_dir']
2025-03-06 10:19:38,684 - app.gui.result_viewer - INFO - Skipping C:\Users\ETPau\Desktop\MicroAI Detect\2\PIC\R-C.jpg: no statistics column
2025-03-06 10:19:38,685 - app.gui.result_viewer - INFO - Checking result for C:\Users\ETPau\Desktop\MicroAI Detect\2\PIC\t019872959c62f44875.jpg
2025-03-06 10:19:38,685 - app.gui.result_viewer - INFO - Result keys: ['dataframe', 'statistics', 'output_dir']
2025-03-06 10:19:38,685 - app.gui.result_viewer - INFO - Skipping C:\Users\ETPau\Desktop\MicroAI Detect\2\PIC\t019872959c62f44875.jpg: no statistics column
2025-03-06 10:19:38,685 - app.gui.result_viewer - ERROR - Failed to create comparison plots: No valid data for comparison plots
2025-03-06 10:19:38,686 - app.gui.result_viewer - ERROR - Failed to create comparison plots: No valid data for comparison plots
2025-03-06 10:19:39,124 - app.gui.result_viewer - INFO - Looking for valid result in 3 results
2025-03-06 10:19:39,125 - app.gui.result_viewer - INFO - Checking result for C:\Users\ETPau\Desktop\MicroAI Detect\2\PIC\OIP-C.jpg
2025-03-06 10:19:39,126 - app.gui.result_viewer - INFO - Result keys: ['dataframe', 'statistics', 'output_dir']
2025-03-06 10:19:39,126 - app.gui.result_viewer - INFO - Found valid result for C:\Users\ETPau\Desktop\MicroAI Detect\2\PIC\OIP-C.jpg
2025-03-06 10:19:39,126 - app.gui.result_viewer - INFO - DataFrame columns: ['run_number', 'count', 'confidence']
2025-03-06 10:19:39,127 - app.gui.result_viewer - INFO - Statistics keys: ['count_stats', 'confidence_stats']
2025-03-06 10:19:47,137 - app.config.config_manager - INFO - Configuration saved to C:\Users\ETPau\Documents\GitHub\CNN-\app\config\defaults\defaults.yaml
2025-03-06 10:21:37,238 - root - INFO - Logging initialized
2025-03-06 10:21:37,242 - root - INFO - Application directories created
2025-03-06 10:21:37,300 - app.config - INFO - Using defaults configuration from: C:\Users\ETPau\Documents\GitHub\CNN-\app\config\defaults\defaults.yaml
2025-03-06 10:21:37,333 - app.config - INFO - Copied default config to: C:\Users\ETPau\Documents\GitHub\CNN-\app\config\config.yaml
2025-03-06 10:21:37,333 - root - INFO - Configuration initialized
2025-03-06 10:21:41,767 - app.utils.i18n - INFO - Loaded translations: ['en', 'zh']
2025-03-06 10:21:42,366 - app.gui.main_window - INFO - Starting in demo mode
2025-03-06 10:21:42,367 - app.models.inference - INFO - Running in demo mode - using mock predictions
2025-03-06 10:21:42,368 - app.gui.main_window - INFO - Model initialized successfully
2025-03-06 10:21:42,987 - app.config.config_manager - INFO - Configuration saved to C:\Users\ETPau\Documents\GitHub\CNN-\app\config\defaults\defaults.yaml
2025-03-06 10:21:42,999 - app.gui.image_list_widget - INFO - Image loaded: OIP-C.jpg
2025-03-06 10:21:43,000 - app.gui.image_list_widget - INFO - Image loaded: R-C.jpg
2025-03-06 10:21:43,001 - app.gui.image_list_widget - INFO - Image loaded: t019872959c62f44875.jpg
2025-03-06 10:21:55,157 - app.gui.image_list_widget - INFO - Processing complete: OIP-C.jpg
2025-03-06 10:21:55,158 - app.gui.image_list_widget - INFO - Processing complete: R-C.jpg
2025-03-06 10:21:55,158 - app.gui.image_list_widget - INFO - Processing complete: t019872959c62f44875.jpg
2025-03-06 10:21:56,768 - app.gui.result_viewer - INFO - Statistics: {'count_stats': {'mean': 165.0, 'std': 0.0, 'cv': 0.0, 'min': 165.0, 'max': 165.0, 'median': 165.0, 'q1': 165.0, 'q3': 165.0}, 'confidence_stats': {'mean': 0.9252798347826375, 'std': 0.0, 'min': 0.9252798347826375, 'max': 0.9252798347826375}}
2025-03-06 10:21:56,769 - app.gui.result_viewer - INFO - Statistics: {'count_stats': {'mean': 121.0, 'std': 0.0, 'cv': 0.0, 'min': 121.0, 'max': 121.0, 'median': 121.0, 'q1': 121.0, 'q3': 121.0}, 'confidence_stats': {'mean': 0.9620753290894939, 'std': 0.0, 'min': 0.9620753290894939, 'max': 0.9620753290894939}}
2025-03-06 10:21:56,769 - app.gui.result_viewer - INFO - Statistics: {'count_stats': {'mean': 188.0, 'std': 0.0, 'cv': 0.0, 'min': 188.0, 'max': 188.0, 'median': 188.0, 'q1': 188.0, 'q3': 188.0}, 'confidence_stats': {'mean': 0.9231649406313741, 'std': 0.0, 'min': 0.9231649406313741, 'max': 0.9231649406313741}}
2025-03-06 10:21:56,770 - app.gui.result_viewer - ERROR - Failed to populate summary: No valid results to show
2025-03-06 10:21:56,772 - app.gui.result_viewer - INFO - Creating comparison plots...
2025-03-06 10:21:56,772 - app.gui.result_viewer - INFO - Processing 3 results
2025-03-06 10:21:56,772 - app.gui.result_viewer - INFO - Checking result for C:\Users\ETPau\Desktop\MicroAI Detect\2\PIC\OIP-C.jpg
2025-03-06 10:21:56,772 - app.gui.result_viewer - INFO - Result keys: ['dataframe', 'output_dir']
2025-03-06 10:21:56,773 - app.gui.result_viewer - ERROR - Failed to create comparison plots: cannot access local variable 'stats' where it is not associated with a value
2025-03-06 10:21:56,773 - app.gui.result_viewer - ERROR - Failed to create comparison plots: cannot access local variable 'stats' where it is not associated with a value
2025-03-06 10:21:57,257 - app.gui.result_viewer - INFO - Looking for valid result in 3 results
2025-03-06 10:21:57,258 - app.gui.result_viewer - INFO - Checking result for C:\Users\ETPau\Desktop\MicroAI Detect\2\PIC\OIP-C.jpg
2025-03-06 10:21:57,259 - app.gui.result_viewer - INFO - Result keys: ['dataframe', 'output_dir']
2025-03-06 10:21:57,259 - app.gui.result_viewer - INFO - Found valid result for C:\Users\ETPau\Desktop\MicroAI Detect\2\PIC\OIP-C.jpg
2025-03-06 10:21:57,259 - app.gui.result_viewer - INFO - DataFrame columns: ['count', 'confidence', 'boxes', 'scores', 'statistics']
2025-03-06 10:22:04,412 - app.utils.batch_analyzer - INFO - Processing image: OIP-C
2025-03-06 10:22:06,211 - app.utils.batch_analyzer - INFO - Plots created in C:\Users\ETPau\Desktop\MicroAI Detect\2\results\batch\20250306_102204\plots
2025-03-06 10:22:06,374 - app.utils.batch_analyzer - INFO - Processing image: R-C
2025-03-06 10:22:08,297 - app.utils.batch_analyzer - INFO - Plots created in C:\Users\ETPau\Desktop\MicroAI Detect\2\results\batch\20250306_102204\plots
2025-03-06 10:22:08,370 - app.utils.batch_analyzer - INFO - Processing image: t019872959c62f44875
2025-03-06 10:22:10,249 - app.utils.batch_analyzer - INFO - Plots created in C:\Users\ETPau\Desktop\MicroAI Detect\2\results\batch\20250306_102204\plots
2025-03-06 10:22:10,444 - app.gui.image_list_widget - INFO - Processing complete: OIP-C.jpg
2025-03-06 10:22:10,444 - app.gui.image_list_widget - INFO - Processing complete: R-C.jpg
2025-03-06 10:22:10,445 - app.gui.image_list_widget - INFO - Processing complete: t019872959c62f44875.jpg
2025-03-06 10:22:15,374 - app.gui.result_viewer - INFO - Skipping C:\Users\ETPau\Desktop\MicroAI Detect\2\PIC\OIP-C.jpg: no statistics column
2025-03-06 10:22:15,376 - app.gui.result_viewer - INFO - Skipping C:\Users\ETPau\Desktop\MicroAI Detect\2\PIC\R-C.jpg: no statistics column
2025-03-06 10:22:15,376 - app.gui.result_viewer - INFO - Skipping C:\Users\ETPau\Desktop\MicroAI Detect\2\PIC\t019872959c62f44875.jpg: no statistics column
2025-03-06 10:22:15,376 - app.gui.result_viewer - ERROR - Failed to populate summary: No valid results to show
2025-03-06 10:22:15,378 - app.gui.result_viewer - INFO - Creating comparison plots...
2025-03-06 10:22:15,378 - app.gui.result_viewer - INFO - Processing 3 results
2025-03-06 10:22:15,379 - app.gui.result_viewer - INFO - Checking result for C:\Users\ETPau\Desktop\MicroAI Detect\2\PIC\OIP-C.jpg
2025-03-06 10:22:15,379 - app.gui.result_viewer - INFO - Result keys: ['dataframe', 'statistics', 'output_dir']
2025-03-06 10:22:15,380 - app.gui.result_viewer - INFO - Skipping C:\Users\ETPau\Desktop\MicroAI Detect\2\PIC\OIP-C.jpg: no statistics column
2025-03-06 10:22:15,380 - app.gui.result_viewer - INFO - Checking result for C:\Users\ETPau\Desktop\MicroAI Detect\2\PIC\R-C.jpg
2025-03-06 10:22:15,381 - app.gui.result_viewer - INFO - Result keys: ['dataframe', 'statistics', 'output_dir']
2025-03-06 10:22:15,381 - app.gui.result_viewer - INFO - Skipping C:\Users\ETPau\Desktop\MicroAI Detect\2\PIC\R-C.jpg: no statistics column
2025-03-06 10:22:15,381 - app.gui.result_viewer - INFO - Checking result for C:\Users\ETPau\Desktop\MicroAI Detect\2\PIC\t019872959c62f44875.jpg
2025-03-06 10:22:15,381 - app.gui.result_viewer - INFO - Result keys: ['dataframe', 'statistics', 'output_dir']
2025-03-06 10:22:15,383 - app.gui.result_viewer - INFO - Skipping C:\Users\ETPau\Desktop\MicroAI Detect\2\PIC\t019872959c62f44875.jpg: no statistics column
2025-03-06 10:22:15,383 - app.gui.result_viewer - ERROR - Failed to create comparison plots: No valid data for comparison plots
2025-03-06 10:22:15,383 - app.gui.result_viewer - ERROR - Failed to create comparison plots: No valid data for comparison plots
2025-03-06 10:22:16,008 - app.gui.result_viewer - INFO - Looking for valid result in 3 results
2025-03-06 10:22:16,008 - app.gui.result_viewer - INFO - Checking result for C:\Users\ETPau\Desktop\MicroAI Detect\2\PIC\OIP-C.jpg
2025-03-06 10:22:16,009 - app.gui.result_viewer - INFO - Result keys: ['dataframe', 'statistics', 'output_dir']
2025-03-06 10:22:16,009 - app.gui.result_viewer - INFO - Found valid result for C:\Users\ETPau\Desktop\MicroAI Detect\2\PIC\OIP-C.jpg
2025-03-06 10:22:16,009 - app.gui.result_viewer - INFO - DataFrame columns: ['run_number', 'count', 'confidence']
2025-03-06 10:22:16,010 - app.gui.result_viewer - INFO - Statistics keys: ['count_stats', 'confidence_stats']
2025-03-06 10:22:26,042 - app.config.config_manager - INFO - Configuration saved to C:\Users\ETPau\Documents\GitHub\CNN-\app\config\defaults\defaults.yaml
2025-03-06 10:28:49,523 - root - INFO - Logging initialized
2025-03-06 10:28:49,528 - root - INFO - Application directories created
2025-03-06 10:28:49,622 - app.config - INFO - Using defaults configuration from: C:\Users\ETPau\Documents\GitHub\CNN-\app\config\defaults\defaults.yaml
2025-03-06 10:28:49,650 - app.config - INFO - Copied default config to: C:\Users\ETPau\Documents\GitHub\CNN-\app\config\config.yaml
2025-03-06 10:28:49,650 - root - INFO - Configuration initialized
2025-03-06 10:28:55,115 - app.utils.i18n - INFO - Loaded translations: ['en', 'zh']
2025-03-06 10:28:55,687 - app.gui.main_window - INFO - Starting in demo mode
2025-03-06 10:28:55,688 - app.models.inference - INFO - Running in demo mode - using mock predictions
2025-03-06 10:28:55,689 - app.gui.main_window - INFO - Model initialized successfully
2025-03-06 10:28:55,968 - app.config.config_manager - INFO - Configuration saved to C:\Users\ETPau\Documents\GitHub\CNN-\app\config\defaults\defaults.yaml
2025-03-06 10:28:55,971 - app.gui.image_list_widget - INFO - Image loaded: OIP-C.jpg
2025-03-06 10:28:55,972 - app.gui.image_list_widget - INFO - Image loaded: R-C.jpg
2025-03-06 10:28:55,972 - app.gui.image_list_widget - INFO - Image loaded: t019872959c62f44875.jpg
2025-03-06 10:29:05,240 - app.gui.image_list_widget - INFO - Processing complete: OIP-C.jpg
2025-03-06 10:29:05,241 - app.gui.image_list_widget - INFO - Processing complete: R-C.jpg
2025-03-06 10:29:05,241 - app.gui.image_list_widget - INFO - Processing complete: t019872959c62f44875.jpg
2025-03-06 10:29:06,134 - app.gui.result_viewer - INFO - Statistics: {'count_stats': {'mean': 61.0, 'std': 0.0, 'cv': 0.0, 'min': 61.0, 'max': 61.0, 'median': 61.0, 'q1': 61.0, 'q3': 61.0}, 'confidence_stats': {'mean': 0.8613178638730183, 'std': 0.0, 'min': 0.8613178638730183, 'max': 0.8613178638730183}}
2025-03-06 10:29:06,135 - app.gui.result_viewer - INFO - Statistics: {'count_stats': {'mean': 144.0, 'std': 0.0, 'cv': 0.0, 'min': 144.0, 'max': 144.0, 'median': 144.0, 'q1': 144.0, 'q3': 144.0}, 'confidence_stats': {'mean': 0.8233290782894234, 'std': 0.0, 'min': 0.8233290782894234, 'max': 0.8233290782894234}}
2025-03-06 10:29:06,135 - app.gui.result_viewer - INFO - Statistics: {'count_stats': {'mean': 78.0, 'std': 0.0, 'cv': 0.0, 'min': 78.0, 'max': 78.0, 'median': 78.0, 'q1': 78.0, 'q3': 78.0}, 'confidence_stats': {'mean': 0.8038818879747561, 'std': 0.0, 'min': 0.8038818879747561, 'max': 0.8038818879747561}}
2025-03-06 10:29:06,136 - app.gui.result_viewer - ERROR - Failed to populate summary: No valid results to show
2025-03-06 10:29:06,137 - app.gui.result_viewer - INFO - Creating comparison plots...
2025-03-06 10:29:06,137 - app.gui.result_viewer - INFO - Processing 3 results
2025-03-06 10:29:06,137 - app.gui.result_viewer - INFO - Checking result for C:\Users\ETPau\Desktop\MicroAI Detect\2\PIC\OIP-C.jpg
2025-03-06 10:29:06,138 - app.gui.result_viewer - INFO - Result keys: ['dataframe', 'output_dir']
2025-03-06 10:29:06,138 - app.gui.result_viewer - ERROR - Failed to create comparison plots: cannot access local variable 'stats' where it is not associated with a value
2025-03-06 10:29:06,138 - app.gui.result_viewer - ERROR - Failed to create comparison plots: cannot access local variable 'stats' where it is not associated with a value
2025-03-06 10:29:06,604 - app.gui.result_viewer - INFO - Looking for valid result in 3 results
2025-03-06 10:29:06,605 - app.gui.result_viewer - INFO - Checking result for C:\Users\ETPau\Desktop\MicroAI Detect\2\PIC\OIP-C.jpg
2025-03-06 10:29:06,605 - app.gui.result_viewer - INFO - Result keys: ['dataframe', 'output_dir']
2025-03-06 10:29:06,606 - app.gui.result_viewer - INFO - Found valid result for C:\Users\ETPau\Desktop\MicroAI Detect\2\PIC\OIP-C.jpg
2025-03-06 10:29:06,606 - app.gui.result_viewer - INFO - DataFrame columns: ['count', 'confidence', 'boxes', 'scores', 'statistics']
2025-03-06 10:29:28,672 - app.utils.batch_analyzer - INFO - Processing image: OIP-C
2025-03-06 10:29:30,426 - app.utils.batch_analyzer - INFO - Plots created in C:\Users\ETPau\Desktop\MicroAI Detect\2\results\batch\20250306_102928\plots
2025-03-06 10:29:30,592 - app.utils.batch_analyzer - INFO - Processing image: R-C
2025-03-06 10:29:32,187 - app.utils.batch_analyzer - INFO - Plots created in C:\Users\ETPau\Desktop\MicroAI Detect\2\results\batch\20250306_102928\plots
2025-03-06 10:29:32,245 - app.utils.batch_analyzer - INFO - Processing image: t019872959c62f44875
2025-03-06 10:29:33,996 - app.utils.batch_analyzer - INFO - Plots created in C:\Users\ETPau\Desktop\MicroAI Detect\2\results\batch\20250306_102928\plots
2025-03-06 10:29:34,141 - app.gui.image_list_widget - INFO - Processing complete: OIP-C.jpg
2025-03-06 10:29:34,141 - app.gui.image_list_widget - INFO - Processing complete: R-C.jpg
2025-03-06 10:29:34,142 - app.gui.image_list_widget - INFO - Processing complete: t019872959c62f44875.jpg
2025-03-06 10:29:36,307 - app.gui.result_viewer - INFO - Skipping C:\Users\ETPau\Desktop\MicroAI Detect\2\PIC\OIP-C.jpg: no statistics column
2025-03-06 10:29:36,307 - app.gui.result_viewer - INFO - Skipping C:\Users\ETPau\Desktop\MicroAI Detect\2\PIC\R-C.jpg: no statistics column
2025-03-06 10:29:36,307 - app.gui.result_viewer - INFO - Skipping C:\Users\ETPau\Desktop\MicroAI Detect\2\PIC\t019872959c62f44875.jpg: no statistics column
2025-03-06 10:29:36,308 - app.gui.result_viewer - ERROR - Failed to populate summary: No valid results to show
2025-03-06 10:29:36,309 - app.gui.result_viewer - INFO - Creating comparison plots...
2025-03-06 10:29:36,309 - app.gui.result_viewer - INFO - Processing 3 results
2025-03-06 10:29:36,312 - app.gui.result_viewer - INFO - Checking result for C:\Users\ETPau\Desktop\MicroAI Detect\2\PIC\OIP-C.jpg
2025-03-06 10:29:36,313 - app.gui.result_viewer - INFO - Result keys: ['dataframe', 'statistics', 'output_dir']
2025-03-06 10:29:36,313 - app.gui.result_viewer - INFO - Skipping C:\Users\ETPau\Desktop\MicroAI Detect\2\PIC\OIP-C.jpg: no statistics column
2025-03-06 10:29:36,313 - app.gui.result_viewer - INFO - Checking result for C:\Users\ETPau\Desktop\MicroAI Detect\2\PIC\R-C.jpg
2025-03-06 10:29:36,313 - app.gui.result_viewer - INFO - Result keys: ['dataframe', 'statistics', 'output_dir']
2025-03-06 10:29:36,313 - app.gui.result_viewer - INFO - Skipping C:\Users\ETPau\Desktop\MicroAI Detect\2\PIC\R-C.jpg: no statistics column
2025-03-06 10:29:36,314 - app.gui.result_viewer - INFO - Checking result for C:\Users\ETPau\Desktop\MicroAI Detect\2\PIC\t019872959c62f44875.jpg
2025-03-06 10:29:36,314 - app.gui.result_viewer - INFO - Result keys: ['dataframe', 'statistics', 'output_dir']
2025-03-06 10:29:36,314 - app.gui.result_viewer - INFO - Skipping C:\Users\ETPau\Desktop\MicroAI Detect\2\PIC\t019872959c62f44875.jpg: no statistics column
2025-03-06 10:29:36,315 - app.gui.result_viewer - ERROR - Failed to create comparison plots: No valid data for comparison plots
2025-03-06 10:29:36,315 - app.gui.result_viewer - ERROR - Failed to create comparison plots: No valid data for comparison plots
2025-03-06 10:29:36,644 - app.gui.result_viewer - INFO - Looking for valid result in 3 results
2025-03-06 10:29:36,645 - app.gui.result_viewer - INFO - Checking result for C:\Users\ETPau\Desktop\MicroAI Detect\2\PIC\OIP-C.jpg
2025-03-06 10:29:36,645 - app.gui.result_viewer - INFO - Result keys: ['dataframe', 'statistics', 'output_dir']
2025-03-06 10:29:36,645 - app.gui.result_viewer - INFO - Found valid result for C:\Users\ETPau\Desktop\MicroAI Detect\2\PIC\OIP-C.jpg
2025-03-06 10:29:36,645 - app.gui.result_viewer - INFO - DataFrame columns: ['run_number', 'count', 'confidence']
2025-03-06 10:29:36,646 - app.gui.result_viewer - INFO - Statistics keys: ['count_stats', 'confidence_stats']
2025-03-06 10:29:41,260 - app.config.config_manager - INFO - Configuration saved to C:\Users\ETPau\Documents\GitHub\CNN-\app\config\defaults\defaults.yaml
2025-03-06 10:39:18,541 - root - INFO - Logging initialized
2025-03-06 10:39:18,547 - root - INFO - Application directories created
2025-03-06 10:39:18,647 - app.config - INFO - Using defaults configuration from: C:\Users\ETPau\Documents\GitHub\CNN-\app\config\defaults\defaults.yaml
2025-03-06 10:39:18,683 - app.config - INFO - Copied default config to: C:\Users\ETPau\Documents\GitHub\CNN-\app\config\config.yaml
2025-03-06 10:39:18,684 - root - INFO - Configuration initialized
2025-03-06 10:39:23,381 - app.utils.i18n - INFO - Loaded translations: ['en', 'zh']
2025-03-06 10:39:23,814 - app.gui.main_window - INFO - Starting in demo mode
2025-03-06 10:39:23,815 - app.models.inference - INFO - Running in demo mode - using mock predictions
2025-03-06 10:39:23,815 - app.gui.main_window - INFO - Model initialized successfully
2025-03-06 10:39:24,177 - app.config.config_manager - INFO - Configuration saved to C:\Users\ETPau\Documents\GitHub\CNN-\app\config\defaults\defaults.yaml
2025-03-06 10:39:24,181 - app.gui.image_list_widget - INFO - Image loaded: OIP-C.jpg
2025-03-06 10:39:24,183 - app.gui.image_list_widget - INFO - Image loaded: R-C.jpg
2025-03-06 10:39:24,183 - app.gui.image_list_widget - INFO - Image loaded: t019872959c62f44875.jpg
2025-03-06 10:39:26,401 - app.gui.image_list_widget - INFO - Processing complete: OIP-C.jpg
2025-03-06 10:39:26,402 - app.gui.image_list_widget - INFO - Processing complete: R-C.jpg
2025-03-06 10:39:26,402 - app.gui.image_list_widget - INFO - Processing complete: t019872959c62f44875.jpg
2025-03-06 10:39:27,136 - app.gui.result_viewer - INFO - Statistics: {'count_stats': {'mean': 128.0, 'std': 0.0, 'cv': 0.0, 'min': 128.0, 'max': 128.0, 'median': 128.0, 'q1': 128.0, 'q3': 128.0}, 'confidence_stats': {'mean': 0.8627835701918969, 'std': 0.0, 'min': 0.8627835701918969, 'max': 0.8627835701918969}}
2025-03-06 10:39:27,136 - app.gui.result_viewer - INFO - Statistics: {'count_stats': {'mean': 163.0, 'std': 0.0, 'cv': 0.0, 'min': 163.0, 'max': 163.0, 'median': 163.0, 'q1': 163.0, 'q3': 163.0}, 'confidence_stats': {'mean': 0.8088263358551352, 'std': 0.0, 'min': 0.8088263358551352, 'max': 0.8088263358551352}}
2025-03-06 10:39:27,137 - app.gui.result_viewer - INFO - Statistics: {'count_stats': {'mean': 54.0, 'std': 0.0, 'cv': 0.0, 'min': 54.0, 'max': 54.0, 'median': 54.0, 'q1': 54.0, 'q3': 54.0}, 'confidence_stats': {'mean': 0.8947068083294182, 'std': 0.0, 'min': 0.8947068083294182, 'max': 0.8947068083294182}}
2025-03-06 10:39:27,137 - app.gui.result_viewer - ERROR - Failed to populate summary: No valid results to show
2025-03-06 10:39:27,140 - app.gui.result_viewer - INFO - Creating comparison plots...
2025-03-06 10:39:27,140 - app.gui.result_viewer - INFO - Processing 3 results
2025-03-06 10:39:27,140 - app.gui.result_viewer - INFO - Checking result for C:\Users\ETPau\Desktop\MicroAI Detect\2\PIC\OIP-C.jpg
2025-03-06 10:39:27,141 - app.gui.result_viewer - INFO - Found statistics in DataFrame
2025-03-06 10:39:27,141 - app.gui.result_viewer - INFO - Successfully added data for C:\Users\ETPau\Desktop\MicroAI Detect\2\PIC\OIP-C.jpg
2025-03-06 10:39:27,141 - app.gui.result_viewer - INFO - Checking result for C:\Users\ETPau\Desktop\MicroAI Detect\2\PIC\R-C.jpg
2025-03-06 10:39:27,142 - app.gui.result_viewer - INFO - Found statistics in DataFrame
2025-03-06 10:39:27,142 - app.gui.result_viewer - INFO - Successfully added data for C:\Users\ETPau\Desktop\MicroAI Detect\2\PIC\R-C.jpg
2025-03-06 10:39:27,142 - app.gui.result_viewer - INFO - Checking result for C:\Users\ETPau\Desktop\MicroAI Detect\2\PIC\t019872959c62f44875.jpg
2025-03-06 10:39:27,143 - app.gui.result_viewer - INFO - Found statistics in DataFrame
2025-03-06 10:39:27,143 - app.gui.result_viewer - INFO - Successfully added data for C:\Users\ETPau\Desktop\MicroAI Detect\2\PIC\t019872959c62f44875.jpg
2025-03-06 10:39:27,890 - app.gui.result_viewer - INFO - Looking for valid result in 3 results
2025-03-06 10:39:27,891 - app.gui.result_viewer - INFO - Checking result for C:\Users\ETPau\Desktop\MicroAI Detect\2\PIC\OIP-C.jpg
2025-03-06 10:39:27,891 - app.gui.result_viewer - INFO - Result keys: ['dataframe', 'output_dir']
2025-03-06 10:39:27,891 - app.gui.result_viewer - INFO - Found valid result for C:\Users\ETPau\Desktop\MicroAI Detect\2\PIC\OIP-C.jpg
2025-03-06 10:39:27,892 - app.gui.result_viewer - INFO - DataFrame columns: ['count', 'confidence', 'boxes', 'scores', 'statistics']
2025-03-06 10:39:45,200 - app.utils.batch_analyzer - INFO - Processing image: OIP-C
2025-03-06 10:39:47,851 - app.utils.batch_analyzer - INFO - Plots created in C:\Users\ETPau\Desktop\MicroAI Detect\2\results\batch\20250306_103945\plots
2025-03-06 10:39:48,074 - app.utils.batch_analyzer - INFO - Processing image: R-C
2025-03-06 10:39:50,476 - app.utils.batch_analyzer - INFO - Plots created in C:\Users\ETPau\Desktop\MicroAI Detect\2\results\batch\20250306_103945\plots
2025-03-06 10:39:50,542 - app.utils.batch_analyzer - INFO - Processing image: t019872959c62f44875
2025-03-06 10:39:52,492 - app.utils.batch_analyzer - INFO - Plots created in C:\Users\ETPau\Desktop\MicroAI Detect\2\results\batch\20250306_103945\plots
2025-03-06 10:39:52,642 - app.gui.image_list_widget - INFO - Processing complete: OIP-C.jpg
2025-03-06 10:39:52,642 - app.gui.image_list_widget - INFO - Processing complete: R-C.jpg
2025-03-06 10:39:52,642 - app.gui.image_list_widget - INFO - Processing complete: t019872959c62f44875.jpg
2025-03-06 10:39:55,020 - app.gui.result_viewer - INFO - Skipping C:\Users\ETPau\Desktop\MicroAI Detect\2\PIC\OIP-C.jpg: no statistics column
2025-03-06 10:39:55,020 - app.gui.result_viewer - INFO - Skipping C:\Users\ETPau\Desktop\MicroAI Detect\2\PIC\R-C.jpg: no statistics column
2025-03-06 10:39:55,021 - app.gui.result_viewer - INFO - Skipping C:\Users\ETPau\Desktop\MicroAI Detect\2\PIC\t019872959c62f44875.jpg: no statistics column
2025-03-06 10:39:55,021 - app.gui.result_viewer - ERROR - Failed to populate summary: No valid results to show
2025-03-06 10:39:55,023 - app.gui.result_viewer - INFO - Creating comparison plots...
2025-03-06 10:39:55,023 - app.gui.result_viewer - INFO - Processing 3 results
2025-03-06 10:39:55,023 - app.gui.result_viewer - INFO - Checking result for C:\Users\ETPau\Desktop\MicroAI Detect\2\PIC\OIP-C.jpg
2025-03-06 10:39:55,024 - app.gui.result_viewer - INFO - Found statistics in result
2025-03-06 10:39:55,024 - app.gui.result_viewer - INFO - Successfully added data for C:\Users\ETPau\Desktop\MicroAI Detect\2\PIC\OIP-C.jpg
2025-03-06 10:39:55,024 - app.gui.result_viewer - INFO - Checking result for C:\Users\ETPau\Desktop\MicroAI Detect\2\PIC\R-C.jpg
2025-03-06 10:39:55,024 - app.gui.result_viewer - INFO - Found statistics in result
2025-03-06 10:39:55,024 - app.gui.result_viewer - INFO - Successfully added data for C:\Users\ETPau\Desktop\MicroAI Detect\2\PIC\R-C.jpg
2025-03-06 10:39:55,025 - app.gui.result_viewer - INFO - Checking result for C:\Users\ETPau\Desktop\MicroAI Detect\2\PIC\t019872959c62f44875.jpg
2025-03-06 10:39:55,025 - app.gui.result_viewer - INFO - Found statistics in result
2025-03-06 10:39:55,025 - app.gui.result_viewer - INFO - Successfully added data for C:\Users\ETPau\Desktop\MicroAI Detect\2\PIC\t019872959c62f44875.jpg
2025-03-06 10:39:55,659 - app.gui.result_viewer - INFO - Looking for valid result in 3 results
2025-03-06 10:39:55,659 - app.gui.result_viewer - INFO - Checking result for C:\Users\ETPau\Desktop\MicroAI Detect\2\PIC\OIP-C.jpg
2025-03-06 10:39:55,659 - app.gui.result_viewer - INFO - Result keys: ['dataframe', 'statistics', 'output_dir']
2025-03-06 10:39:55,660 - app.gui.result_viewer - INFO - Found valid result for C:\Users\ETPau\Desktop\MicroAI Detect\2\PIC\OIP-C.jpg
2025-03-06 10:39:55,660 - app.gui.result_viewer - INFO - DataFrame columns: ['run_number', 'count', 'confidence']
2025-03-06 10:39:55,660 - app.gui.result_viewer - INFO - Statistics keys: ['count_stats', 'confidence_stats']
2025-03-06 10:40:01,663 - app.config.config_manager - INFO - Configuration saved to C:\Users\ETPau\Documents\GitHub\CNN-\app\config\defaults\defaults.yaml
2025-03-06 10:47:37,163 - root - INFO - Logging initialized
2025-03-06 10:47:37,166 - root - INFO - Application directories created
2025-03-06 10:47:37,244 - app.config - INFO - Using defaults configuration from: C:\Users\ETPau\Documents\GitHub\CNN-\app\config\defaults\defaults.yaml
2025-03-06 10:47:37,267 - app.config - INFO - Copied default config to: C:\Users\ETPau\Documents\GitHub\CNN-\app\config\config.yaml
2025-03-06 10:47:37,267 - root - INFO - Configuration initialized
2025-03-06 10:47:42,078 - app.utils.i18n - INFO - Loaded translations: ['en', 'zh']
2025-03-06 10:47:42,825 - app.gui.main_window - INFO - Starting in demo mode
2025-03-06 10:47:42,827 - app.models.inference - INFO - Running in demo mode - using mock predictions
2025-03-06 10:47:42,829 - app.gui.main_window - INFO - Model initialized successfully
2025-03-06 10:47:43,530 - app.config.config_manager - INFO - Configuration saved to C:\Users\ETPau\Documents\GitHub\CNN-\app\config\defaults\defaults.yaml
2025-03-06 10:47:43,537 - app.gui.image_list_widget - INFO - Image loaded: OIP-C.jpg
2025-03-06 10:47:43,539 - app.gui.image_list_widget - INFO - Image loaded: R-C.jpg
2025-03-06 10:47:43,540 - app.gui.image_list_widget - INFO - Image loaded: t019872959c62f44875.jpg
2025-03-06 10:47:46,121 - app.gui.image_list_widget - INFO - Processing complete: OIP-C.jpg
2025-03-06 10:47:46,122 - app.gui.image_list_widget - INFO - Processing complete: R-C.jpg
2025-03-06 10:47:46,123 - app.gui.image_list_widget - INFO - Processing complete: t019872959c62f44875.jpg
2025-03-06 10:47:48,812 - app.gui.result_viewer - INFO - Populating summary table...
2025-03-06 10:47:48,818 - app.gui.result_viewer - INFO - Found statistics in DataFrame
2025-03-06 10:47:48,818 - app.gui.result_viewer - INFO - Successfully added summary data for C:\Users\ETPau\Desktop\MicroAI Detect\2\PIC\OIP-C.jpg
2025-03-06 10:47:48,819 - app.gui.result_viewer - INFO - Found statistics in DataFrame
2025-03-06 10:47:48,820 - app.gui.result_viewer - INFO - Successfully added summary data for C:\Users\ETPau\Desktop\MicroAI Detect\2\PIC\R-C.jpg
2025-03-06 10:47:48,821 - app.gui.result_viewer - INFO - Found statistics in DataFrame
2025-03-06 10:47:48,821 - app.gui.result_viewer - INFO - Successfully added summary data for C:\Users\ETPau\Desktop\MicroAI Detect\2\PIC\t019872959c62f44875.jpg
2025-03-06 10:47:48,833 - app.gui.result_viewer - INFO - Creating comparison plots...
2025-03-06 10:47:48,834 - app.gui.result_viewer - INFO - Processing 3 results
2025-03-06 10:47:48,834 - app.gui.result_viewer - INFO - Checking result for C:\Users\ETPau\Desktop\MicroAI Detect\2\PIC\OIP-C.jpg
2025-03-06 10:47:48,835 - app.gui.result_viewer - INFO - Found statistics in DataFrame
2025-03-06 10:47:48,835 - app.gui.result_viewer - INFO - Successfully added data for C:\Users\ETPau\Desktop\MicroAI Detect\2\PIC\OIP-C.jpg
2025-03-06 10:47:48,835 - app.gui.result_viewer - INFO - Checking result for C:\Users\ETPau\Desktop\MicroAI Detect\2\PIC\R-C.jpg
2025-03-06 10:47:48,837 - app.gui.result_viewer - INFO - Found statistics in DataFrame
2025-03-06 10:47:48,837 - app.gui.result_viewer - INFO - Successfully added data for C:\Users\ETPau\Desktop\MicroAI Detect\2\PIC\R-C.jpg
2025-03-06 10:47:48,837 - app.gui.result_viewer - INFO - Checking result for C:\Users\ETPau\Desktop\MicroAI Detect\2\PIC\t019872959c62f44875.jpg
2025-03-06 10:47:48,837 - app.gui.result_viewer - INFO - Found statistics in DataFrame
2025-03-06 10:47:48,838 - app.gui.result_viewer - INFO - Successfully added data for C:\Users\ETPau\Desktop\MicroAI Detect\2\PIC\t019872959c62f44875.jpg
2025-03-06 10:47:49,629 - app.gui.result_viewer - INFO - Looking for valid result in 3 results
2025-03-06 10:47:49,629 - app.gui.result_viewer - INFO - Checking result for C:\Users\ETPau\Desktop\MicroAI Detect\2\PIC\OIP-C.jpg
2025-03-06 10:47:49,630 - app.gui.result_viewer - INFO - Result keys: ['dataframe', 'output_dir']
2025-03-06 10:47:49,630 - app.gui.result_viewer - INFO - Found valid result for C:\Users\ETPau\Desktop\MicroAI Detect\2\PIC\OIP-C.jpg
2025-03-06 10:47:49,630 - app.gui.result_viewer - INFO - DataFrame columns: ['count', 'confidence', 'boxes', 'scores', 'statistics']
2025-03-06 10:47:57,822 - app.utils.batch_analyzer - INFO - Processing image: OIP-C
2025-03-06 10:47:59,631 - app.utils.batch_analyzer - INFO - Plots created in C:\Users\ETPau\Desktop\MicroAI Detect\2\results\batch\20250306_104757\plots
2025-03-06 10:47:59,836 - app.utils.batch_analyzer - INFO - Processing image: R-C
2025-03-06 10:48:01,803 - app.utils.batch_analyzer - INFO - Plots created in C:\Users\ETPau\Desktop\MicroAI Detect\2\results\batch\20250306_104757\plots
2025-03-06 10:48:01,859 - app.utils.batch_analyzer - INFO - Processing image: t019872959c62f44875
2025-03-06 10:48:03,593 - app.utils.batch_analyzer - INFO - Plots created in C:\Users\ETPau\Desktop\MicroAI Detect\2\results\batch\20250306_104757\plots
2025-03-06 10:48:03,785 - app.gui.image_list_widget - INFO - Processing complete: OIP-C.jpg
2025-03-06 10:48:03,786 - app.gui.image_list_widget - INFO - Processing complete: R-C.jpg
2025-03-06 10:48:03,787 - app.gui.image_list_widget - INFO - Processing complete: t019872959c62f44875.jpg
2025-03-06 10:48:06,821 - app.gui.result_viewer - INFO - Populating summary table...
2025-03-06 10:48:06,821 - app.gui.result_viewer - INFO - Found statistics in result
2025-03-06 10:48:06,822 - app.gui.result_viewer - INFO - Successfully added summary data for C:\Users\ETPau\Desktop\MicroAI Detect\2\PIC\OIP-C.jpg
2025-03-06 10:48:06,822 - app.gui.result_viewer - INFO - Found statistics in result
2025-03-06 10:48:06,822 - app.gui.result_viewer - INFO - Successfully added summary data for C:\Users\ETPau\Desktop\MicroAI Detect\2\PIC\R-C.jpg
2025-03-06 10:48:06,823 - app.gui.result_viewer - INFO - Found statistics in result
2025-03-06 10:48:06,823 - app.gui.result_viewer - INFO - Successfully added summary data for C:\Users\ETPau\Desktop\MicroAI Detect\2\PIC\t019872959c62f44875.jpg
2025-03-06 10:48:06,824 - app.gui.result_viewer - INFO - Creating comparison plots...
2025-03-06 10:48:06,824 - app.gui.result_viewer - INFO - Processing 3 results
2025-03-06 10:48:06,824 - app.gui.result_viewer - INFO - Checking result for C:\Users\ETPau\Desktop\MicroAI Detect\2\PIC\OIP-C.jpg
2025-03-06 10:48:06,825 - app.gui.result_viewer - INFO - Found statistics in result
2025-03-06 10:48:06,825 - app.gui.result_viewer - INFO - Successfully added data for C:\Users\ETPau\Desktop\MicroAI Detect\2\PIC\OIP-C.jpg
2025-03-06 10:48:06,825 - app.gui.result_viewer - INFO - Checking result for C:\Users\ETPau\Desktop\MicroAI Detect\2\PIC\R-C.jpg
2025-03-06 10:48:06,825 - app.gui.result_viewer - INFO - Found statistics in result
2025-03-06 10:48:06,825 - app.gui.result_viewer - INFO - Successfully added data for C:\Users\ETPau\Desktop\MicroAI Detect\2\PIC\R-C.jpg
2025-03-06 10:48:06,825 - app.gui.result_viewer - INFO - Checking result for C:\Users\ETPau\Desktop\MicroAI Detect\2\PIC\t019872959c62f44875.jpg
2025-03-06 10:48:06,827 - app.gui.result_viewer - INFO - Found statistics in result
2025-03-06 10:48:06,827 - app.gui.result_viewer - INFO - Successfully added data for C:\Users\ETPau\Desktop\MicroAI Detect\2\PIC\t019872959c62f44875.jpg
2025-03-06 10:48:07,415 - app.gui.result_viewer - INFO - Looking for valid result in 3 results
2025-03-06 10:48:07,416 - app.gui.result_viewer - INFO - Checking result for C:\Users\ETPau\Desktop\MicroAI Detect\2\PIC\OIP-C.jpg
2025-03-06 10:48:07,416 - app.gui.result_viewer - INFO - Result keys: ['dataframe', 'statistics', 'output_dir']
2025-03-06 10:48:07,416 - app.gui.result_viewer - INFO - Found valid result for C:\Users\ETPau\Desktop\MicroAI Detect\2\PIC\OIP-C.jpg
2025-03-06 10:48:07,416 - app.gui.result_viewer - INFO - DataFrame columns: ['run_number', 'count', 'confidence']
2025-03-06 10:48:07,417 - app.gui.result_viewer - INFO - Statistics keys: ['count_stats', 'confidence_stats']
2025-03-06 10:48:13,576 - app.config.config_manager - INFO - Configuration saved to C:\Users\ETPau\Documents\GitHub\CNN-\app\config\defaults\defaults.yaml
2025-03-06 11:38:01,394 - root - INFO - Logging initialized
2025-03-06 11:38:01,397 - root - INFO - Application directories created
2025-03-06 11:38:01,399 - root - ERROR - Failed to initialize application: No module named 'app'
2025-03-06 11:38:01,399 - root - ERROR - Application failed to start: Failed to initialize application: No module named 'app'
2025-03-06 12:07:39,824 - root - INFO - Logging initialized
2025-03-06 12:07:39,827 - root - INFO - Application directories created
2025-03-06 12:07:39,827 - root - ERROR - Failed to initialize application: attempted relative import with no known parent package
2025-03-06 12:07:39,827 - root - ERROR - Application failed to start: Failed to initialize application: attempted relative import with no known parent package
2025-03-06 12:10:13,378 - root - INFO - Logging initialized
2025-03-06 12:10:13,382 - root - INFO - Application directories created
2025-03-06 12:10:13,518 - app-pyside6.config - INFO - Using defaults configuration from: C:\Users\ETPau\Documents\GitHub\CNN-\app-pyside6\config\defaults\defaults.yaml
2025-03-06 12:10:13,531 - app-pyside6.config - INFO - Copied default config to: C:\Users\ETPau\Documents\GitHub\CNN-\app-pyside6\config\config.yaml
2025-03-06 12:10:13,532 - root - INFO - Configuration initialized
2025-03-06 12:10:16,911 - root - ERROR - Failed to initialize application: cannot import name 'QAction' from 'PySide6.QtWidgets' (C:\Users\ETPau\AppData\Local\Programs\Python\Python311\Lib\site-packages\PySide6\QtWidgets.pyd)
2025-03-06 12:10:16,912 - root - ERROR - Application failed to start: Failed to initialize application: cannot import name 'QAction' from 'PySide6.QtWidgets' (C:\Users\ETPau\AppData\Local\Programs\Python\Python311\Lib\site-packages\PySide6\QtWidgets.pyd)
2025-03-06 12:52:40,618 - root - INFO - Logging initialized
2025-03-06 12:52:40,622 - root - INFO - Application directories created
2025-03-06 12:52:40,725 - app_pyside6.config - INFO - Using defaults configuration from: C:\Users\ETPau\Documents\GitHub\CNN-\app_pyside6\config\defaults\defaults.yaml
2025-03-06 12:52:40,737 - app_pyside6.config - INFO - Copied default config to: C:\Users\ETPau\Documents\GitHub\CNN-\app_pyside6\config\config.yaml
2025-03-06 12:52:40,739 - root - INFO - Configuration initialized
2025-03-06 12:52:44,360 - root - ERROR - Failed to initialize application: No module named 'app'
2025-03-06 12:52:44,361 - root - ERROR - Application failed to start: Failed to initialize application: No module named 'app'
2025-03-06 12:56:35,760 - root - INFO - Logging initialized
2025-03-06 12:56:35,775 - root - INFO - Application directories created
2025-03-06 12:56:35,829 - app_pyside6.config - INFO - Using defaults configuration from: C:\Users\ETPau\Documents\GitHub\CNN-\app_pyside6\config\defaults\defaults.yaml
2025-03-06 12:56:35,836 - app_pyside6.config - INFO - Copied default config to: C:\Users\ETPau\Documents\GitHub\CNN-\app_pyside6\config\config.yaml
2025-03-06 12:56:35,837 - root - INFO - Configuration initialized
2025-03-06 12:56:37,993 - root - ERROR - Failed to initialize application: No module named 'app'
2025-03-06 12:56:37,993 - root - ERROR - Application failed to start: Failed to initialize application: No module named 'app'
2025-03-06 13:00:50,629 - root - INFO - Logging initialized
2025-03-06 13:00:50,645 - root - INFO - Application directories created
2025-03-06 13:00:50,708 - app_pyside6.config - INFO - Using defaults configuration from: C:\Users\ETPau\Documents\GitHub\CNN-\app_pyside6\config\defaults\defaults.yaml
2025-03-06 13:00:50,716 - app_pyside6.config - INFO - Copied default config to: C:\Users\ETPau\Documents\GitHub\CNN-\app_pyside6\config\config.yaml
2025-03-06 13:00:50,716 - root - INFO - Configuration initialized
2025-03-06 13:00:52,855 - app_pyside6.utils.i18n - INFO - Loaded translations: ['en', 'zh']
2025-03-06 13:00:53,085 - app_pyside6.gui.main_window - INFO - Starting in demo mode
2025-03-06 13:00:53,085 - app_pyside6.models.inference - INFO - Running in demo mode - using mock predictions
2025-03-06 13:00:53,085 - app_pyside6.gui.main_window - INFO - Model initialized successfully
2025-03-06 13:00:53,557 - app_pyside6.config.config_manager - INFO - Configuration saved to C:\Users\ETPau\Documents\GitHub\CNN-\app_pyside6\config\defaults\defaults.yaml
2025-03-06 13:00:53,562 - app_pyside6.gui.image_list_widget - INFO - Image loaded: OIP-C.jpg
2025-03-06 13:00:53,565 - app_pyside6.gui.image_list_widget - INFO - Image loaded: R-C.jpg
2025-03-06 13:00:53,565 - app_pyside6.gui.image_list_widget - INFO - Image loaded: t019872959c62f44875.jpg
2025-03-06 13:01:01,567 - app_pyside6.gui.image_list_widget - INFO - Processing complete: OIP-C.jpg
2025-03-06 13:01:01,567 - app_pyside6.gui.image_list_widget - INFO - Processing complete: R-C.jpg
2025-03-06 13:01:01,567 - app_pyside6.gui.image_list_widget - INFO - Processing complete: t019872959c62f44875.jpg
2025-03-06 13:01:02,734 - app_pyside6.gui.result_viewer - INFO - Populating summary table...
2025-03-06 13:01:02,751 - app_pyside6.gui.result_viewer - INFO - Found statistics in DataFrame
2025-03-06 13:01:02,751 - app_pyside6.gui.result_viewer - INFO - Successfully added summary data for C:\Users\ETPau\Desktop\MicroAI Detect\2\PIC\OIP-C.jpg
2025-03-06 13:01:02,751 - app_pyside6.gui.result_viewer - INFO - Found statistics in DataFrame
2025-03-06 13:01:02,753 - app_pyside6.gui.result_viewer - INFO - Successfully added summary data for C:\Users\ETPau\Desktop\MicroAI Detect\2\PIC\R-C.jpg
2025-03-06 13:01:02,753 - app_pyside6.gui.result_viewer - INFO - Found statistics in DataFrame
2025-03-06 13:01:02,753 - app_pyside6.gui.result_viewer - INFO - Successfully added summary data for C:\Users\ETPau\Desktop\MicroAI Detect\2\PIC\t019872959c62f44875.jpg
2025-03-06 13:01:02,759 - app_pyside6.gui.result_viewer - INFO - Creating comparison plots...
2025-03-06 13:01:02,759 - app_pyside6.gui.result_viewer - INFO - Processing 3 results
2025-03-06 13:01:02,759 - app_pyside6.gui.result_viewer - INFO - Checking result for C:\Users\ETPau\Desktop\MicroAI Detect\2\PIC\OIP-C.jpg
2025-03-06 13:01:02,759 - app_pyside6.gui.result_viewer - INFO - Found statistics in DataFrame
2025-03-06 13:01:02,760 - app_pyside6.gui.result_viewer - INFO - Successfully added data for C:\Users\ETPau\Desktop\MicroAI Detect\2\PIC\OIP-C.jpg
2025-03-06 13:01:02,760 - app_pyside6.gui.result_viewer - INFO - Checking result for C:\Users\ETPau\Desktop\MicroAI Detect\2\PIC\R-C.jpg
2025-03-06 13:01:02,760 - app_pyside6.gui.result_viewer - INFO - Found statistics in DataFrame
2025-03-06 13:01:02,760 - app_pyside6.gui.result_viewer - INFO - Successfully added data for C:\Users\ETPau\Desktop\MicroAI Detect\2\PIC\R-C.jpg
2025-03-06 13:01:02,760 - app_pyside6.gui.result_viewer - INFO - Checking result for C:\Users\ETPau\Desktop\MicroAI Detect\2\PIC\t019872959c62f44875.jpg
2025-03-06 13:01:02,760 - app_pyside6.gui.result_viewer - INFO - Found statistics in DataFrame
2025-03-06 13:01:02,760 - app_pyside6.gui.result_viewer - INFO - Successfully added data for C:\Users\ETPau\Desktop\MicroAI Detect\2\PIC\t019872959c62f44875.jpg
2025-03-06 13:01:03,237 - app_pyside6.gui.result_viewer - INFO - Looking for valid result in 3 results
2025-03-06 13:01:03,237 - app_pyside6.gui.result_viewer - INFO - Checking result for C:\Users\ETPau\Desktop\MicroAI Detect\2\PIC\OIP-C.jpg
2025-03-06 13:01:03,237 - app_pyside6.gui.result_viewer - INFO - Result keys: ['dataframe', 'output_dir']
2025-03-06 13:01:03,237 - app_pyside6.gui.result_viewer - INFO - Found valid result for C:\Users\ETPau\Desktop\MicroAI Detect\2\PIC\OIP-C.jpg
2025-03-06 13:01:03,237 - app_pyside6.gui.result_viewer - INFO - DataFrame columns: ['count', 'confidence', 'boxes', 'scores', 'statistics']
2025-03-06 13:01:12,284 - app_pyside6.utils.batch_analyzer - INFO - Processing image: OIP-C
2025-03-06 13:01:13,500 - app_pyside6.utils.batch_analyzer - INFO - Plots created in C:\Users\ETPau\Desktop\MicroAI Detect\2\results\batch\20250306_130112\plots
2025-03-06 13:01:14,264 - app_pyside6.utils.batch_analyzer - INFO - Processing image: R-C
2025-03-06 13:01:15,507 - app_pyside6.utils.batch_analyzer - INFO - Plots created in C:\Users\ETPau\Desktop\MicroAI Detect\2\results\batch\20250306_130112\plots
2025-03-06 13:01:15,535 - app_pyside6.utils.batch_analyzer - INFO - Processing image: t019872959c62f44875
2025-03-06 13:01:16,730 - app_pyside6.utils.batch_analyzer - INFO - Plots created in C:\Users\ETPau\Desktop\MicroAI Detect\2\results\batch\20250306_130112\plots
2025-03-06 13:01:16,823 - app_pyside6.gui.image_list_widget - INFO - Processing complete: OIP-C.jpg
2025-03-06 13:01:16,823 - app_pyside6.gui.image_list_widget - INFO - Processing complete: R-C.jpg
2025-03-06 13:01:16,823 - app_pyside6.gui.image_list_widget - INFO - Processing complete: t019872959c62f44875.jpg
2025-03-06 13:01:18,699 - app_pyside6.gui.result_viewer - INFO - Populating summary table...
2025-03-06 13:01:18,699 - app_pyside6.gui.result_viewer - INFO - Found statistics in result
2025-03-06 13:01:18,699 - app_pyside6.gui.result_viewer - INFO - Successfully added summary data for C:\Users\ETPau\Desktop\MicroAI Detect\2\PIC\OIP-C.jpg
2025-03-06 13:01:18,699 - app_pyside6.gui.result_viewer - INFO - Found statistics in result
2025-03-06 13:01:18,699 - app_pyside6.gui.result_viewer - INFO - Successfully added summary data for C:\Users\ETPau\Desktop\MicroAI Detect\2\PIC\R-C.jpg
2025-03-06 13:01:18,699 - app_pyside6.gui.result_viewer - INFO - Found statistics in result
2025-03-06 13:01:18,699 - app_pyside6.gui.result_viewer - INFO - Successfully added summary data for C:\Users\ETPau\Desktop\MicroAI Detect\2\PIC\t019872959c62f44875.jpg
2025-03-06 13:01:18,700 - app_pyside6.gui.result_viewer - INFO - Creating comparison plots...
2025-03-06 13:01:18,700 - app_pyside6.gui.result_viewer - INFO - Processing 3 results
2025-03-06 13:01:18,700 - app_pyside6.gui.result_viewer - INFO - Checking result for C:\Users\ETPau\Desktop\MicroAI Detect\2\PIC\OIP-C.jpg
2025-03-06 13:01:18,700 - app_pyside6.gui.result_viewer - INFO - Found statistics in result
2025-03-06 13:01:18,700 - app_pyside6.gui.result_viewer - INFO - Successfully added data for C:\Users\ETPau\Desktop\MicroAI Detect\2\PIC\OIP-C.jpg
2025-03-06 13:01:18,700 - app_pyside6.gui.result_viewer - INFO - Checking result for C:\Users\ETPau\Desktop\MicroAI Detect\2\PIC\R-C.jpg
2025-03-06 13:01:18,700 - app_pyside6.gui.result_viewer - INFO - Found statistics in result
2025-03-06 13:01:18,700 - app_pyside6.gui.result_viewer - INFO - Successfully added data for C:\Users\ETPau\Desktop\MicroAI Detect\2\PIC\R-C.jpg
2025-03-06 13:01:18,700 - app_pyside6.gui.result_viewer - INFO - Checking result for C:\Users\ETPau\Desktop\MicroAI Detect\2\PIC\t019872959c62f44875.jpg
2025-03-06 13:01:18,700 - app_pyside6.gui.result_viewer - INFO - Found statistics in result
2025-03-06 13:01:18,701 - app_pyside6.gui.result_viewer - INFO - Successfully added data for C:\Users\ETPau\Desktop\MicroAI Detect\2\PIC\t019872959c62f44875.jpg
2025-03-06 13:01:19,253 - app_pyside6.gui.result_viewer - INFO - Looking for valid result in 3 results
2025-03-06 13:01:19,253 - app_pyside6.gui.result_viewer - INFO - Checking result for C:\Users\ETPau\Desktop\MicroAI Detect\2\PIC\OIP-C.jpg
2025-03-06 13:01:19,253 - app_pyside6.gui.result_viewer - INFO - Result keys: ['dataframe', 'output_dir', 'statistics']
2025-03-06 13:01:19,253 - app_pyside6.gui.result_viewer - INFO - Found valid result for C:\Users\ETPau\Desktop\MicroAI Detect\2\PIC\OIP-C.jpg
2025-03-06 13:01:19,253 - app_pyside6.gui.result_viewer - INFO - DataFrame columns: ['run_number', 'count', 'confidence']
2025-03-06 13:01:19,253 - app_pyside6.gui.result_viewer - INFO - Statistics keys: ['confidence_stats', 'count_stats']
2025-03-06 13:01:35,452 - app_pyside6.utils.i18n - INFO - Language changed to en
2025-03-06 13:01:35,455 - app_pyside6.config.config_manager - INFO - Configuration saved to C:\Users\ETPau\Documents\GitHub\CNN-\app_pyside6\config\defaults\defaults.yaml
2025-03-06 13:01:37,908 - app_pyside6.utils.i18n - INFO - Language changed to zh
2025-03-06 13:01:37,910 - app_pyside6.config.config_manager - INFO - Configuration saved to C:\Users\ETPau\Documents\GitHub\CNN-\app_pyside6\config\defaults\defaults.yaml
2025-03-06 13:01:43,176 - app_pyside6.config.config_manager - INFO - Configuration saved to C:\Users\ETPau\Documents\GitHub\CNN-\app_pyside6\config\defaults\defaults.yaml
2025-03-06 13:01:49,990 - app_pyside6.utils.batch_analyzer - INFO - Processing image: OIP-C
2025-03-06 13:01:51,144 - app_pyside6.utils.batch_analyzer - INFO - Plots created in C:\Users\ETPau\Desktop\MicroAI Detect\2\results\batch\20250306_130149\plots
2025-03-06 13:01:51,171 - app_pyside6.utils.batch_analyzer - INFO - Processing image: R-C
2025-03-06 13:01:52,287 - app_pyside6.utils.batch_analyzer - INFO - Plots created in C:\Users\ETPau\Desktop\MicroAI Detect\2\results\batch\20250306_130149\plots
2025-03-06 13:01:52,312 - app_pyside6.utils.batch_analyzer - INFO - Processing image: t019872959c62f44875
2025-03-06 13:01:53,971 - app_pyside6.utils.batch_analyzer - INFO - Plots created in C:\Users\ETPau\Desktop\MicroAI Detect\2\results\batch\20250306_130149\plots
2025-03-06 13:01:54,120 - app_pyside6.gui.image_list_widget - INFO - Processing complete: OIP-C.jpg
2025-03-06 13:01:54,120 - app_pyside6.gui.image_list_widget - INFO - Processing complete: R-C.jpg
2025-03-06 13:01:54,120 - app_pyside6.gui.image_list_widget - INFO - Processing complete: t019872959c62f44875.jpg
2025-03-06 13:01:57,564 - app_pyside6.gui.result_viewer - INFO - Populating summary table...
2025-03-06 13:01:57,564 - app_pyside6.gui.result_viewer - INFO - Found statistics in result
2025-03-06 13:01:57,564 - app_pyside6.gui.result_viewer - INFO - Successfully added summary data for C:\Users\ETPau\Desktop\MicroAI Detect\2\PIC\OIP-C.jpg
2025-03-06 13:01:57,564 - app_pyside6.gui.result_viewer - INFO - Found statistics in result
2025-03-06 13:01:57,564 - app_pyside6.gui.result_viewer - INFO - Successfully added summary data for C:\Users\ETPau\Desktop\MicroAI Detect\2\PIC\R-C.jpg
2025-03-06 13:01:57,564 - app_pyside6.gui.result_viewer - INFO - Found statistics in result
2025-03-06 13:01:57,564 - app_pyside6.gui.result_viewer - INFO - Successfully added summary data for C:\Users\ETPau\Desktop\MicroAI Detect\2\PIC\t019872959c62f44875.jpg
2025-03-06 13:01:57,565 - app_pyside6.gui.result_viewer - INFO - Creating comparison plots...
2025-03-06 13:01:57,565 - app_pyside6.gui.result_viewer - INFO - Processing 3 results
2025-03-06 13:01:57,565 - app_pyside6.gui.result_viewer - INFO - Checking result for C:\Users\ETPau\Desktop\MicroAI Detect\2\PIC\OIP-C.jpg
2025-03-06 13:01:57,565 - app_pyside6.gui.result_viewer - INFO - Found statistics in result
2025-03-06 13:01:57,565 - app_pyside6.gui.result_viewer - INFO - Successfully added data for C:\Users\ETPau\Desktop\MicroAI Detect\2\PIC\OIP-C.jpg
2025-03-06 13:01:57,565 - app_pyside6.gui.result_viewer - INFO - Checking result for C:\Users\ETPau\Desktop\MicroAI Detect\2\PIC\R-C.jpg
2025-03-06 13:01:57,565 - app_pyside6.gui.result_viewer - INFO - Found statistics in result
2025-03-06 13:01:57,565 - app_pyside6.gui.result_viewer - INFO - Successfully added data for C:\Users\ETPau\Desktop\MicroAI Detect\2\PIC\R-C.jpg
2025-03-06 13:01:57,565 - app_pyside6.gui.result_viewer - INFO - Checking result for C:\Users\ETPau\Desktop\MicroAI Detect\2\PIC\t019872959c62f44875.jpg
2025-03-06 13:01:57,565 - app_pyside6.gui.result_viewer - INFO - Found statistics in result
2025-03-06 13:01:57,565 - app_pyside6.gui.result_viewer - INFO - Successfully added data for C:\Users\ETPau\Desktop\MicroAI Detect\2\PIC\t019872959c62f44875.jpg
2025-03-06 13:01:58,002 - app_pyside6.gui.result_viewer - INFO - Looking for valid result in 3 results
2025-03-06 13:01:58,002 - app_pyside6.gui.result_viewer - INFO - Checking result for C:\Users\ETPau\Desktop\MicroAI Detect\2\PIC\OIP-C.jpg
2025-03-06 13:01:58,002 - app_pyside6.gui.result_viewer - INFO - Result keys: ['dataframe', 'output_dir', 'statistics']
2025-03-06 13:01:58,002 - app_pyside6.gui.result_viewer - INFO - Found valid result for C:\Users\ETPau\Desktop\MicroAI Detect\2\PIC\OIP-C.jpg
2025-03-06 13:01:58,002 - app_pyside6.gui.result_viewer - INFO - DataFrame columns: ['run_number', 'count', 'confidence']
2025-03-06 13:01:58,002 - app_pyside6.gui.result_viewer - INFO - Statistics keys: ['confidence_stats', 'count_stats']
2025-03-06 13:02:03,968 - app_pyside6.config.config_manager - INFO - Configuration saved to C:\Users\ETPau\Documents\GitHub\CNN-\app_pyside6\config\defaults\defaults.yaml
2025-03-06 13:02:03,973 - app_pyside6.gui.image_list_widget - INFO - Image loaded: OIP-C.jpg
2025-03-06 13:02:05,761 - app_pyside6.utils.batch_analyzer - INFO - Processing image: OIP-C
2025-03-06 13:02:06,896 - app_pyside6.utils.batch_analyzer - INFO - Plots created in C:\Users\ETPau\Desktop\MicroAI Detect\1\results\batch\20250306_130205\plots
2025-03-06 13:02:06,931 - app_pyside6.gui.image_list_widget - INFO - Processing complete: OIP-C.jpg
2025-03-06 13:02:10,366 - app_pyside6.gui.result_viewer - INFO - Looking for valid result in 1 results
2025-03-06 13:02:10,366 - app_pyside6.gui.result_viewer - INFO - Checking result for C:\Users\ETPau\Desktop\MicroAI Detect\1\PIC\OIP-C.jpg
2025-03-06 13:02:10,366 - app_pyside6.gui.result_viewer - INFO - Result keys: ['dataframe', 'output_dir', 'statistics']
2025-03-06 13:02:10,366 - app_pyside6.gui.result_viewer - INFO - Found valid result for C:\Users\ETPau\Desktop\MicroAI Detect\1\PIC\OIP-C.jpg
2025-03-06 13:02:10,367 - app_pyside6.gui.result_viewer - INFO - DataFrame columns: ['run_number', 'count', 'confidence']
2025-03-06 13:02:10,367 - app_pyside6.gui.result_viewer - INFO - Statistics keys: ['confidence_stats', 'count_stats']
2025-03-06 13:02:10,394 - app_pyside6.gui.result_viewer - INFO - Looking for valid result in 1 results
2025-03-06 13:02:10,394 - app_pyside6.gui.result_viewer - INFO - Checking result for C:\Users\ETPau\Desktop\MicroAI Detect\1\PIC\OIP-C.jpg
2025-03-06 13:02:10,394 - app_pyside6.gui.result_viewer - INFO - Result keys: ['dataframe', 'output_dir', 'statistics']
2025-03-06 13:02:10,394 - app_pyside6.gui.result_viewer - INFO - Found valid result for C:\Users\ETPau\Desktop\MicroAI Detect\1\PIC\OIP-C.jpg
2025-03-06 13:02:10,395 - app_pyside6.gui.result_viewer - INFO - DataFrame columns: ['run_number', 'count', 'confidence']
2025-03-06 13:02:10,395 - app_pyside6.gui.result_viewer - INFO - Statistics keys: ['confidence_stats', 'count_stats']
2025-03-06 13:02:10,398 - app_pyside6.gui.result_viewer - INFO - Looking for valid result in 1 results
2025-03-06 13:02:10,398 - app_pyside6.gui.result_viewer - INFO - Checking result for C:\Users\ETPau\Desktop\MicroAI Detect\1\PIC\OIP-C.jpg
2025-03-06 13:02:10,398 - app_pyside6.gui.result_viewer - INFO - Result keys: ['dataframe', 'output_dir', 'statistics']
2025-03-06 13:02:10,398 - app_pyside6.gui.result_viewer - INFO - Found valid result for C:\Users\ETPau\Desktop\MicroAI Detect\1\PIC\OIP-C.jpg
2025-03-06 13:02:10,398 - app_pyside6.gui.result_viewer - INFO - DataFrame columns: ['run_number', 'count', 'confidence']
2025-03-06 13:02:10,398 - app_pyside6.gui.result_viewer - INFO - Statistics keys: ['confidence_stats', 'count_stats']
2025-03-06 13:02:10,400 - app_pyside6.gui.result_viewer - INFO - Looking for valid result in 1 results
2025-03-06 13:02:10,400 - app_pyside6.gui.result_viewer - INFO - Checking result for C:\Users\ETPau\Desktop\MicroAI Detect\1\PIC\OIP-C.jpg
2025-03-06 13:02:10,400 - app_pyside6.gui.result_viewer - INFO - Result keys: ['dataframe', 'output_dir', 'statistics']
2025-03-06 13:02:10,401 - app_pyside6.gui.result_viewer - INFO - Found valid result for C:\Users\ETPau\Desktop\MicroAI Detect\1\PIC\OIP-C.jpg
2025-03-06 13:02:10,401 - app_pyside6.gui.result_viewer - INFO - DataFrame columns: ['run_number', 'count', 'confidence']
2025-03-06 13:02:10,401 - app_pyside6.gui.result_viewer - INFO - Statistics keys: ['confidence_stats', 'count_stats']
2025-03-06 13:02:24,964 - app_pyside6.config.config_manager - INFO - Configuration saved to C:\Users\ETPau\Documents\GitHub\CNN-\app_pyside6\config\defaults\defaults.yaml
2025-03-06 13:07:03,768 - root - INFO - Logging initialized
2025-03-06 13:07:03,783 - root - INFO - Application directories created
2025-03-06 13:07:03,836 - app_pyside6.config - INFO - Using defaults configuration from: C:\Users\ETPau\Documents\GitHub\CNN-\app_pyside6\config\defaults\defaults.yaml
2025-03-06 13:07:03,842 - app_pyside6.config - INFO - Copied default config to: C:\Users\ETPau\Documents\GitHub\CNN-\app_pyside6\config\config.yaml
2025-03-06 13:07:03,842 - root - INFO - Configuration initialized
2025-03-06 13:07:05,594 - app_pyside6.utils.i18n - INFO - Loaded translations: ['en', 'zh']
2025-03-06 13:07:05,662 - app_pyside6.gui.main_window - INFO - Starting in demo mode
2025-03-06 13:07:05,662 - app_pyside6.models.inference - INFO - Running in demo mode - using mock predictions
2025-03-06 13:07:05,662 - app_pyside6.gui.main_window - INFO - Model initialized successfully
2025-03-06 13:07:05,825 - app_pyside6.config.config_manager - INFO - Configuration saved to C:\Users\ETPau\Documents\GitHub\CNN-\app_pyside6\config\defaults\defaults.yaml
2025-03-06 13:07:05,827 - app_pyside6.gui.image_list_widget - INFO - Image loaded: OIP-C.jpg
2025-03-06 13:08:26,600 - app_pyside6.config.config_manager - INFO - Configuration saved to C:\Users\ETPau\Documents\GitHub\CNN-\app_pyside6\config\defaults\defaults.yaml
2025-03-06 13:08:26,600 - app_pyside6.utils.path_manager - INFO - Created project: 3
2025-03-06 13:08:38,080 - app_pyside6.gui.image_list_widget - INFO - Image loaded: 2121.jpg
2025-03-06 13:08:38,080 - app_pyside6.gui.image_list_widget - INFO - Image loaded: 2021041310020608608.jpg
2025-03-06 13:08:38,080 - app_pyside6.gui.image_list_widget - INFO - Image loaded: OIP-C.jpg
2025-03-06 13:08:38,080 - app_pyside6.gui.image_list_widget - INFO - Image loaded: R-C.jpg
2025-03-06 13:08:38,081 - app_pyside6.gui.image_list_widget - INFO - Image loaded: t019872959c62f44875.jpg
2025-03-06 13:08:41,984 - app_pyside6.utils.batch_analyzer - INFO - Processing image: 2121
2025-03-06 13:08:42,958 - app_pyside6.utils.batch_analyzer - INFO - Plots created in C:\Users\ETPau\Desktop\MicroAI Detect\3\results\batch\20250306_130841\plots
2025-03-06 13:08:43,379 - app_pyside6.utils.batch_analyzer - INFO - Processing image: 2021041310020608608
2025-03-06 13:08:44,358 - app_pyside6.utils.batch_analyzer - INFO - Plots created in C:\Users\ETPau\Desktop\MicroAI Detect\3\results\batch\20250306_130841\plots
2025-03-06 13:08:44,382 - app_pyside6.utils.batch_analyzer - INFO - Processing image: OIP-C
2025-03-06 13:08:45,441 - app_pyside6.utils.batch_analyzer - INFO - Plots created in C:\Users\ETPau\Desktop\MicroAI Detect\3\results\batch\20250306_130841\plots
2025-03-06 13:08:45,477 - app_pyside6.utils.batch_analyzer - INFO - Processing image: R-C
2025-03-06 13:08:46,457 - app_pyside6.utils.batch_analyzer - INFO - Plots created in C:\Users\ETPau\Desktop\MicroAI Detect\3\results\batch\20250306_130841\plots
2025-03-06 13:08:46,492 - app_pyside6.utils.batch_analyzer - INFO - Processing image: t019872959c62f44875
2025-03-06 13:08:47,467 - app_pyside6.utils.batch_analyzer - INFO - Plots created in C:\Users\ETPau\Desktop\MicroAI Detect\3\results\batch\20250306_130841\plots
2025-03-06 13:08:47,576 - app_pyside6.gui.image_list_widget - INFO - Processing complete: 2021041310020608608.jpg
2025-03-06 13:08:47,576 - app_pyside6.gui.image_list_widget - INFO - Processing complete: 2121.jpg
2025-03-06 13:08:47,577 - app_pyside6.gui.image_list_widget - INFO - Processing complete: OIP-C.jpg
2025-03-06 13:08:47,577 - app_pyside6.gui.image_list_widget - INFO - Processing complete: R-C.jpg
2025-03-06 13:08:47,577 - app_pyside6.gui.image_list_widget - INFO - Processing complete: t019872959c62f44875.jpg
2025-03-06 13:08:52,528 - app_pyside6.utils.batch_analyzer - INFO - Processing image: 2121
2025-03-06 13:08:54,122 - app_pyside6.utils.batch_analyzer - INFO - Plots created in C:\Users\ETPau\Desktop\MicroAI Detect\3\results\batch\20250306_130852\plots
2025-03-06 13:08:54,205 - app_pyside6.utils.batch_analyzer - INFO - Processing image: 2021041310020608608
2025-03-06 13:08:55,670 - app_pyside6.utils.batch_analyzer - INFO - Plots created in C:\Users\ETPau\Desktop\MicroAI Detect\3\results\batch\20250306_130852\plots
2025-03-06 13:08:55,765 - app_pyside6.utils.batch_analyzer - INFO - Processing image: OIP-C
2025-03-06 13:08:57,180 - app_pyside6.utils.batch_analyzer - INFO - Plots created in C:\Users\ETPau\Desktop\MicroAI Detect\3\results\batch\20250306_130852\plots
2025-03-06 13:08:57,291 - app_pyside6.utils.batch_analyzer - INFO - Processing image: R-C
2025-03-06 13:08:58,630 - app_pyside6.utils.batch_analyzer - INFO - Plots created in C:\Users\ETPau\Desktop\MicroAI Detect\3\results\batch\20250306_130852\plots
2025-03-06 13:08:58,716 - app_pyside6.utils.batch_analyzer - INFO - Processing image: t019872959c62f44875
2025-03-06 13:08:59,906 - app_pyside6.utils.batch_analyzer - INFO - Plots created in C:\Users\ETPau\Desktop\MicroAI Detect\3\results\batch\20250306_130852\plots
2025-03-06 13:09:00,462 - app_pyside6.gui.image_list_widget - INFO - Processing complete: 2021041310020608608.jpg
2025-03-06 13:09:00,463 - app_pyside6.gui.image_list_widget - INFO - Processing complete: 2121.jpg
2025-03-06 13:09:00,463 - app_pyside6.gui.image_list_widget - INFO - Processing complete: OIP-C.jpg
2025-03-06 13:09:00,463 - app_pyside6.gui.image_list_widget - INFO - Processing complete: R-C.jpg
2025-03-06 13:09:00,463 - app_pyside6.gui.image_list_widget - INFO - Processing complete: t019872959c62f44875.jpg
2025-03-06 13:09:03,056 - app_pyside6.gui.result_viewer - INFO - Populating summary table...
2025-03-06 13:09:03,056 - app_pyside6.gui.result_viewer - INFO - Found statistics in result
2025-03-06 13:09:03,056 - app_pyside6.gui.result_viewer - INFO - Successfully added summary data for C:\Users\ETPau\Desktop\MicroAI Detect\3\PIC\2021041310020608608.jpg
2025-03-06 13:09:03,056 - app_pyside6.gui.result_viewer - INFO - Found statistics in result
2025-03-06 13:09:03,056 - app_pyside6.gui.result_viewer - INFO - Successfully added summary data for C:\Users\ETPau\Desktop\MicroAI Detect\3\PIC\2121.jpg
2025-03-06 13:09:03,056 - app_pyside6.gui.result_viewer - INFO - Found statistics in result
2025-03-06 13:09:03,056 - app_pyside6.gui.result_viewer - INFO - Successfully added summary data for C:\Users\ETPau\Desktop\MicroAI Detect\3\PIC\OIP-C.jpg
2025-03-06 13:09:03,056 - app_pyside6.gui.result_viewer - INFO - Found statistics in result
2025-03-06 13:09:03,057 - app_pyside6.gui.result_viewer - INFO - Successfully added summary data for C:\Users\ETPau\Desktop\MicroAI Detect\3\PIC\R-C.jpg
2025-03-06 13:09:03,057 - app_pyside6.gui.result_viewer - INFO - Found statistics in result
2025-03-06 13:09:03,057 - app_pyside6.gui.result_viewer - INFO - Successfully added summary data for C:\Users\ETPau\Desktop\MicroAI Detect\3\PIC\t019872959c62f44875.jpg
2025-03-06 13:09:03,059 - app_pyside6.gui.result_viewer - INFO - Creating comparison plots...
2025-03-06 13:09:03,059 - app_pyside6.gui.result_viewer - INFO - Processing 5 results
2025-03-06 13:09:03,059 - app_pyside6.gui.result_viewer - INFO - Checking result for C:\Users\ETPau\Desktop\MicroAI Detect\3\PIC\2021041310020608608.jpg
2025-03-06 13:09:03,059 - app_pyside6.gui.result_viewer - INFO - Found statistics in result
2025-03-06 13:09:03,059 - app_pyside6.gui.result_viewer - INFO - Successfully added data for C:\Users\ETPau\Desktop\MicroAI Detect\3\PIC\2021041310020608608.jpg
2025-03-06 13:09:03,059 - app_pyside6.gui.result_viewer - INFO - Checking result for C:\Users\ETPau\Desktop\MicroAI Detect\3\PIC\2121.jpg
2025-03-06 13:09:03,059 - app_pyside6.gui.result_viewer - INFO - Found statistics in result
2025-03-06 13:09:03,059 - app_pyside6.gui.result_viewer - INFO - Successfully added data for C:\Users\ETPau\Desktop\MicroAI Detect\3\PIC\2121.jpg
2025-03-06 13:09:03,059 - app_pyside6.gui.result_viewer - INFO - Checking result for C:\Users\ETPau\Desktop\MicroAI Detect\3\PIC\OIP-C.jpg
2025-03-06 13:09:03,060 - app_pyside6.gui.result_viewer - INFO - Found statistics in result
2025-03-06 13:09:03,060 - app_pyside6.gui.result_viewer - INFO - Successfully added data for C:\Users\ETPau\Desktop\MicroAI Detect\3\PIC\OIP-C.jpg
2025-03-06 13:09:03,060 - app_pyside6.gui.result_viewer - INFO - Checking result for C:\Users\ETPau\Desktop\MicroAI Detect\3\PIC\R-C.jpg
2025-03-06 13:09:03,060 - app_pyside6.gui.result_viewer - INFO - Found statistics in result
2025-03-06 13:09:03,060 - app_pyside6.gui.result_viewer - INFO - Successfully added data for C:\Users\ETPau\Desktop\MicroAI Detect\3\PIC\R-C.jpg
2025-03-06 13:09:03,060 - app_pyside6.gui.result_viewer - INFO - Checking result for C:\Users\ETPau\Desktop\MicroAI Detect\3\PIC\t019872959c62f44875.jpg
2025-03-06 13:09:03,060 - app_pyside6.gui.result_viewer - INFO - Found statistics in result
2025-03-06 13:09:03,060 - app_pyside6.gui.result_viewer - INFO - Successfully added data for C:\Users\ETPau\Desktop\MicroAI Detect\3\PIC\t019872959c62f44875.jpg
2025-03-06 13:09:03,440 - app_pyside6.gui.result_viewer - INFO - Looking for valid result in 5 results
2025-03-06 13:09:03,440 - app_pyside6.gui.result_viewer - INFO - Checking result for C:\Users\ETPau\Desktop\MicroAI Detect\3\PIC\2021041310020608608.jpg
2025-03-06 13:09:03,440 - app_pyside6.gui.result_viewer - INFO - Result keys: ['dataframe', 'output_dir', 'statistics']
2025-03-06 13:09:03,440 - app_pyside6.gui.result_viewer - INFO - Found valid result for C:\Users\ETPau\Desktop\MicroAI Detect\3\PIC\2021041310020608608.jpg
2025-03-06 13:09:03,440 - app_pyside6.gui.result_viewer - INFO - DataFrame columns: ['run_number', 'count', 'confidence']
2025-03-06 13:09:03,441 - app_pyside6.gui.result_viewer - INFO - Statistics keys: ['confidence_stats', 'count_stats']
2025-03-06 13:09:32,450 - app_pyside6.gui.image_list_widget - INFO - Processing complete: 2121.jpg
2025-03-06 13:09:32,451 - app_pyside6.gui.image_list_widget - INFO - Processing complete: 2021041310020608608.jpg
2025-03-06 13:09:32,451 - app_pyside6.gui.image_list_widget - INFO - Processing complete: OIP-C.jpg
2025-03-06 13:09:32,451 - app_pyside6.gui.image_list_widget - INFO - Processing complete: R-C.jpg
2025-03-06 13:09:32,451 - app_pyside6.gui.image_list_widget - INFO - Processing complete: t019872959c62f44875.jpg
2025-03-06 13:09:36,664 - app_pyside6.gui.result_viewer - INFO - Populating summary table...
2025-03-06 13:09:36,664 - app_pyside6.gui.result_viewer - INFO - Found statistics in DataFrame
2025-03-06 13:09:36,664 - app_pyside6.gui.result_viewer - INFO - Successfully added summary data for C:\Users\ETPau\Desktop\MicroAI Detect\3\PIC\2121.jpg
2025-03-06 13:09:36,665 - app_pyside6.gui.result_viewer - INFO - Found statistics in DataFrame
2025-03-06 13:09:36,665 - app_pyside6.gui.result_viewer - INFO - Successfully added summary data for C:\Users\ETPau\Desktop\MicroAI Detect\3\PIC\2021041310020608608.jpg
2025-03-06 13:09:36,665 - app_pyside6.gui.result_viewer - INFO - Found statistics in DataFrame
2025-03-06 13:09:36,665 - app_pyside6.gui.result_viewer - INFO - Successfully added summary data for C:\Users\ETPau\Desktop\MicroAI Detect\3\PIC\OIP-C.jpg
2025-03-06 13:09:36,665 - app_pyside6.gui.result_viewer - INFO - Found statistics in DataFrame
2025-03-06 13:09:36,665 - app_pyside6.gui.result_viewer - INFO - Successfully added summary data for C:\Users\ETPau\Desktop\MicroAI Detect\3\PIC\R-C.jpg
2025-03-06 13:09:36,665 - app_pyside6.gui.result_viewer - INFO - Found statistics in DataFrame
2025-03-06 13:09:36,665 - app_pyside6.gui.result_viewer - INFO - Successfully added summary data for C:\Users\ETPau\Desktop\MicroAI Detect\3\PIC\t019872959c62f44875.jpg
2025-03-06 13:09:36,666 - app_pyside6.gui.result_viewer - INFO - Creating comparison plots...
2025-03-06 13:09:36,666 - app_pyside6.gui.result_viewer - INFO - Processing 5 results
2025-03-06 13:09:36,666 - app_pyside6.gui.result_viewer - INFO - Checking result for C:\Users\ETPau\Desktop\MicroAI Detect\3\PIC\2121.jpg
2025-03-06 13:09:36,666 - app_pyside6.gui.result_viewer - INFO - Found statistics in DataFrame
2025-03-06 13:09:36,666 - app_pyside6.gui.result_viewer - INFO - Successfully added data for C:\Users\ETPau\Desktop\MicroAI Detect\3\PIC\2121.jpg
2025-03-06 13:09:36,666 - app_pyside6.gui.result_viewer - INFO - Checking result for C:\Users\ETPau\Desktop\MicroAI Detect\3\PIC\2021041310020608608.jpg
2025-03-06 13:09:36,667 - app_pyside6.gui.result_viewer - INFO - Found statistics in DataFrame
2025-03-06 13:09:36,667 - app_pyside6.gui.result_viewer - INFO - Successfully added data for C:\Users\ETPau\Desktop\MicroAI Detect\3\PIC\2021041310020608608.jpg
2025-03-06 13:09:36,667 - app_pyside6.gui.result_viewer - INFO - Checking result for C:\Users\ETPau\Desktop\MicroAI Detect\3\PIC\OIP-C.jpg
2025-03-06 13:09:36,667 - app_pyside6.gui.result_viewer - INFO - Found statistics in DataFrame
2025-03-06 13:09:36,667 - app_pyside6.gui.result_viewer - INFO - Successfully added data for C:\Users\ETPau\Desktop\MicroAI Detect\3\PIC\OIP-C.jpg
2025-03-06 13:09:36,667 - app_pyside6.gui.result_viewer - INFO - Checking result for C:\Users\ETPau\Desktop\MicroAI Detect\3\PIC\R-C.jpg
2025-03-06 13:09:36,667 - app_pyside6.gui.result_viewer - INFO - Found statistics in DataFrame
2025-03-06 13:09:36,667 - app_pyside6.gui.result_viewer - INFO - Successfully added data for C:\Users\ETPau\Desktop\MicroAI Detect\3\PIC\R-C.jpg
2025-03-06 13:09:36,667 - app_pyside6.gui.result_viewer - INFO - Checking result for C:\Users\ETPau\Desktop\MicroAI Detect\3\PIC\t019872959c62f44875.jpg
2025-03-06 13:09:36,667 - app_pyside6.gui.result_viewer - INFO - Found statistics in DataFrame
2025-03-06 13:09:36,667 - app_pyside6.gui.result_viewer - INFO - Successfully added data for C:\Users\ETPau\Desktop\MicroAI Detect\3\PIC\t019872959c62f44875.jpg
2025-03-06 13:09:37,031 - app_pyside6.gui.result_viewer - INFO - Looking for valid result in 5 results
2025-03-06 13:09:37,031 - app_pyside6.gui.result_viewer - INFO - Checking result for C:\Users\ETPau\Desktop\MicroAI Detect\3\PIC\2121.jpg
2025-03-06 13:09:37,032 - app_pyside6.gui.result_viewer - INFO - Result keys: ['dataframe', 'output_dir']
2025-03-06 13:09:37,032 - app_pyside6.gui.result_viewer - INFO - Found valid result for C:\Users\ETPau\Desktop\MicroAI Detect\3\PIC\2121.jpg
2025-03-06 13:09:37,032 - app_pyside6.gui.result_viewer - INFO - DataFrame columns: ['count', 'confidence', 'boxes', 'scores', 'statistics']
2025-03-06 13:10:14,251 - app_pyside6.utils.batch_analyzer - INFO - Processing image: 2121
2025-03-06 13:10:15,356 - app_pyside6.utils.batch_analyzer - INFO - Plots created in C:\Users\ETPau\Desktop\MicroAI Detect\3\results\batch\20250306_131014\plots
2025-03-06 13:10:15,443 - app_pyside6.utils.batch_analyzer - INFO - Processing image: 2021041310020608608
2025-03-06 13:10:16,660 - app_pyside6.utils.batch_analyzer - INFO - Plots created in C:\Users\ETPau\Desktop\MicroAI Detect\3\results\batch\20250306_131014\plots
2025-03-06 13:10:16,732 - app_pyside6.utils.batch_analyzer - INFO - Processing image: OIP-C
2025-03-06 13:10:17,858 - app_pyside6.utils.batch_analyzer - INFO - Plots created in C:\Users\ETPau\Desktop\MicroAI Detect\3\results\batch\20250306_131014\plots
2025-03-06 13:10:17,949 - app_pyside6.utils.batch_analyzer - INFO - Processing image: R-C
2025-03-06 13:10:19,084 - app_pyside6.utils.batch_analyzer - INFO - Plots created in C:\Users\ETPau\Desktop\MicroAI Detect\3\results\batch\20250306_131014\plots
2025-03-06 13:10:19,158 - app_pyside6.utils.batch_analyzer - INFO - Processing image: t019872959c62f44875
2025-03-06 13:10:20,420 - app_pyside6.utils.batch_analyzer - INFO - Plots created in C:\Users\ETPau\Desktop\MicroAI Detect\3\results\batch\20250306_131014\plots
2025-03-06 13:10:20,829 - app_pyside6.gui.image_list_widget - INFO - Processing complete: 2021041310020608608.jpg
2025-03-06 13:10:20,830 - app_pyside6.gui.image_list_widget - INFO - Processing complete: 2121.jpg
2025-03-06 13:10:20,830 - app_pyside6.gui.image_list_widget - INFO - Processing complete: OIP-C.jpg
2025-03-06 13:10:20,830 - app_pyside6.gui.image_list_widget - INFO - Processing complete: R-C.jpg
2025-03-06 13:10:20,830 - app_pyside6.gui.image_list_widget - INFO - Processing complete: t019872959c62f44875.jpg
2025-03-06 13:10:23,360 - app_pyside6.gui.result_viewer - INFO - Populating summary table...
2025-03-06 13:10:23,360 - app_pyside6.gui.result_viewer - INFO - Found statistics in result
2025-03-06 13:10:23,360 - app_pyside6.gui.result_viewer - INFO - Successfully added summary data for C:\Users\ETPau\Desktop\MicroAI Detect\3\PIC\2021041310020608608.jpg
2025-03-06 13:10:23,360 - app_pyside6.gui.result_viewer - INFO - Found statistics in result
2025-03-06 13:10:23,360 - app_pyside6.gui.result_viewer - INFO - Successfully added summary data for C:\Users\ETPau\Desktop\MicroAI Detect\3\PIC\2121.jpg
2025-03-06 13:10:23,360 - app_pyside6.gui.result_viewer - INFO - Found statistics in result
2025-03-06 13:10:23,360 - app_pyside6.gui.result_viewer - INFO - Successfully added summary data for C:\Users\ETPau\Desktop\MicroAI Detect\3\PIC\OIP-C.jpg
2025-03-06 13:10:23,360 - app_pyside6.gui.result_viewer - INFO - Found statistics in result
2025-03-06 13:10:23,360 - app_pyside6.gui.result_viewer - INFO - Successfully added summary data for C:\Users\ETPau\Desktop\MicroAI Detect\3\PIC\R-C.jpg
2025-03-06 13:10:23,361 - app_pyside6.gui.result_viewer - INFO - Found statistics in result
2025-03-06 13:10:23,361 - app_pyside6.gui.result_viewer - INFO - Successfully added summary data for C:\Users\ETPau\Desktop\MicroAI Detect\3\PIC\t019872959c62f44875.jpg
2025-03-06 13:10:23,362 - app_pyside6.gui.result_viewer - INFO - Creating comparison plots...
2025-03-06 13:10:23,362 - app_pyside6.gui.result_viewer - INFO - Processing 5 results
2025-03-06 13:10:23,362 - app_pyside6.gui.result_viewer - INFO - Checking result for C:\Users\ETPau\Desktop\MicroAI Detect\3\PIC\2021041310020608608.jpg
2025-03-06 13:10:23,362 - app_pyside6.gui.result_viewer - INFO - Found statistics in result
2025-03-06 13:10:23,362 - app_pyside6.gui.result_viewer - INFO - Successfully added data for C:\Users\ETPau\Desktop\MicroAI Detect\3\PIC\2021041310020608608.jpg
2025-03-06 13:10:23,363 - app_pyside6.gui.result_viewer - INFO - Checking result for C:\Users\ETPau\Desktop\MicroAI Detect\3\PIC\2121.jpg
2025-03-06 13:10:23,363 - app_pyside6.gui.result_viewer - INFO - Found statistics in result
2025-03-06 13:10:23,363 - app_pyside6.gui.result_viewer - INFO - Successfully added data for C:\Users\ETPau\Desktop\MicroAI Detect\3\PIC\2121.jpg
2025-03-06 13:10:23,363 - app_pyside6.gui.result_viewer - INFO - Checking result for C:\Users\ETPau\Desktop\MicroAI Detect\3\PIC\OIP-C.jpg
2025-03-06 13:10:23,363 - app_pyside6.gui.result_viewer - INFO - Found statistics in result
2025-03-06 13:10:23,363 - app_pyside6.gui.result_viewer - INFO - Successfully added data for C:\Users\ETPau\Desktop\MicroAI Detect\3\PIC\OIP-C.jpg
2025-03-06 13:10:23,363 - app_pyside6.gui.result_viewer - INFO - Checking result for C:\Users\ETPau\Desktop\MicroAI Detect\3\PIC\R-C.jpg
2025-03-06 13:10:23,363 - app_pyside6.gui.result_viewer - INFO - Found statistics in result
2025-03-06 13:10:23,363 - app_pyside6.gui.result_viewer - INFO - Successfully added data for C:\Users\ETPau\Desktop\MicroAI Detect\3\PIC\R-C.jpg
2025-03-06 13:10:23,364 - app_pyside6.gui.result_viewer - INFO - Checking result for C:\Users\ETPau\Desktop\MicroAI Detect\3\PIC\t019872959c62f44875.jpg
2025-03-06 13:10:23,364 - app_pyside6.gui.result_viewer - INFO - Found statistics in result
2025-03-06 13:10:23,364 - app_pyside6.gui.result_viewer - INFO - Successfully added data for C:\Users\ETPau\Desktop\MicroAI Detect\3\PIC\t019872959c62f44875.jpg
2025-03-06 13:10:24,044 - app_pyside6.gui.result_viewer - INFO - Looking for valid result in 5 results
2025-03-06 13:10:24,044 - app_pyside6.gui.result_viewer - INFO - Checking result for C:\Users\ETPau\Desktop\MicroAI Detect\3\PIC\2021041310020608608.jpg
2025-03-06 13:10:24,045 - app_pyside6.gui.result_viewer - INFO - Result keys: ['dataframe', 'output_dir', 'statistics']
2025-03-06 13:10:24,045 - app_pyside6.gui.result_viewer - INFO - Found valid result for C:\Users\ETPau\Desktop\MicroAI Detect\3\PIC\2021041310020608608.jpg
2025-03-06 13:10:24,045 - app_pyside6.gui.result_viewer - INFO - DataFrame columns: ['run_number', 'count', 'confidence']
2025-03-06 13:10:24,045 - app_pyside6.gui.result_viewer - INFO - Statistics keys: ['confidence_stats', 'count_stats']
2025-03-06 13:10:34,930 - app_pyside6.config.config_manager - INFO - Configuration saved to C:\Users\ETPau\Documents\GitHub\CNN-\app_pyside6\config\defaults\defaults.yaml
2025-03-06 17:19:27,999 - root - INFO - Logging initialized
2025-03-06 17:19:28,001 - root - INFO - Application directories created
2025-03-06 17:19:28,095 - app_pyside6.config - INFO - Using defaults configuration from: C:\Users\ETPau\Documents\GitHub\CNN-\app_pyside6\config\defaults\defaults.yaml
2025-03-06 17:19:28,105 - app_pyside6.config - INFO - Copied default config to: C:\Users\ETPau\Documents\GitHub\CNN-\app_pyside6\config\config.yaml
2025-03-06 17:19:28,107 - root - INFO - Configuration initialized
2025-03-06 17:19:32,720 - app_pyside6.utils.i18n - INFO - Loaded translations: ['en', 'zh']
2025-03-06 17:19:46,332 - app_pyside6.gui.main_window - INFO - Starting in demo mode
2025-03-06 17:19:46,443 - app_pyside6.models.inference - INFO - Running in demo mode - using mock predictions
2025-03-06 17:19:46,443 - app_pyside6.gui.main_window - INFO - Model initialized successfully
2025-03-06 17:19:46,834 - app_pyside6.config.config_manager - INFO - Configuration saved to C:\Users\ETPau\Documents\GitHub\CNN-\app_pyside6\config\defaults\defaults.yaml
2025-03-06 17:19:46,840 - app_pyside6.gui.image_list_widget - INFO - Image loaded: 2021041310020608608.jpg
2025-03-06 17:19:46,841 - app_pyside6.gui.image_list_widget - INFO - Image loaded: 2121.jpg
2025-03-06 17:19:46,842 - app_pyside6.gui.image_list_widget - INFO - Image loaded: OIP-C.jpg
2025-03-06 17:19:46,842 - app_pyside6.gui.image_list_widget - INFO - Image loaded: R-C.jpg
2025-03-06 17:19:46,843 - app_pyside6.gui.image_list_widget - INFO - Image loaded: t019872959c62f44875.jpg
2025-03-06 17:20:13,388 - app_pyside6.utils.i18n - INFO - Language changed to en
2025-03-06 17:20:13,392 - app_pyside6.config.config_manager - INFO - Configuration saved to C:\Users\ETPau\Documents\GitHub\CNN-\app_pyside6\config\defaults\defaults.yaml
2025-03-06 17:20:20,913 - app_pyside6.utils.i18n - INFO - Language changed to zh
2025-03-06 17:20:20,917 - app_pyside6.config.config_manager - INFO - Configuration saved to C:\Users\ETPau\Documents\GitHub\CNN-\app_pyside6\config\defaults\defaults.yaml
2025-03-06 17:20:40,650 - app_pyside6.config.config_manager - INFO - Configuration saved to C:\Users\ETPau\Documents\GitHub\CNN-\app_pyside6\config\defaults\defaults.yaml
2025-03-06 17:25:51,673 - root - INFO - Logging initialized
2025-03-06 17:25:51,675 - root - INFO - Application directories created
2025-03-06 17:25:51,732 - app_pyside6.config - INFO - Using defaults configuration from: C:\Users\ETPau\Documents\GitHub\CNN-\app_pyside6\config\defaults\defaults.yaml
2025-03-06 17:25:51,739 - app_pyside6.config - INFO - Copied default config to: C:\Users\ETPau\Documents\GitHub\CNN-\app_pyside6\config\config.yaml
2025-03-06 17:25:51,739 - root - INFO - Configuration initialized
2025-03-06 17:25:54,150 - app_pyside6.utils.i18n - INFO - Loaded translations: ['en', 'zh']
2025-03-06 17:26:03,734 - app_pyside6.models.inference - INFO - Initializing model on device: cuda
2025-03-06 17:26:03,734 - app_pyside6.models.inference - ERROR - Failed to load model: Model weights not found at checkpoints\checkpoint-31.pth
2025-03-06 17:26:03,735 - app_pyside6.gui.main_window - ERROR - Model initialization failed: Model weights not found at checkpoints\checkpoint-31.pth
2025-03-06 17:27:05,489 - app_pyside6.config.config_manager - INFO - Configuration saved to C:\Users\ETPau\Documents\GitHub\CNN-\app_pyside6\config\defaults\defaults.yaml
2025-03-06 17:27:05,489 - app_pyside6.models.inference - INFO - Running in demo mode - using mock predictions
2025-03-06 17:27:05,489 - app_pyside6.gui.main_window - INFO - Fallback to demo mode successful
2025-03-06 17:27:12,478 - app_pyside6.config.config_manager - INFO - Configuration saved to C:\Users\ETPau\Documents\GitHub\CNN-\app_pyside6\config\defaults\defaults.yaml
2025-03-06 17:27:12,483 - app_pyside6.gui.image_list_widget - INFO - Image loaded: 2021041310020608608.jpg
2025-03-06 17:27:12,485 - app_pyside6.gui.image_list_widget - INFO - Image loaded: 2121.jpg
2025-03-06 17:27:12,485 - app_pyside6.gui.image_list_widget - INFO - Image loaded: OIP-C.jpg
2025-03-06 17:27:12,486 - app_pyside6.gui.image_list_widget - INFO - Image loaded: R-C.jpg
2025-03-06 17:27:12,486 - app_pyside6.gui.image_list_widget - INFO - Image loaded: t019872959c62f44875.jpg
2025-03-06 17:27:20,931 - app_pyside6.gui.image_list_widget - INFO - Processing complete: 2021041310020608608.jpg
2025-03-06 17:27:20,932 - app_pyside6.gui.image_list_widget - INFO - Processing complete: 2121.jpg
2025-03-06 17:27:20,932 - app_pyside6.gui.image_list_widget - INFO - Processing complete: OIP-C.jpg
2025-03-06 17:27:20,932 - app_pyside6.gui.image_list_widget - INFO - Processing complete: R-C.jpg
2025-03-06 17:27:20,933 - app_pyside6.gui.image_list_widget - INFO - Processing complete: t019872959c62f44875.jpg
2025-03-06 17:27:24,206 - app_pyside6.gui.result_viewer - INFO - Populating summary table...
2025-03-06 17:27:24,210 - app_pyside6.gui.result_viewer - INFO - Found statistics in DataFrame
2025-03-06 17:27:24,210 - app_pyside6.gui.result_viewer - INFO - Successfully added summary data for C:\Users\ETPau\Desktop\MicroAI Detect\3\PIC\2021041310020608608.jpg
2025-03-06 17:27:24,211 - app_pyside6.gui.result_viewer - INFO - Found statistics in DataFrame
2025-03-06 17:27:24,211 - app_pyside6.gui.result_viewer - INFO - Successfully added summary data for C:\Users\ETPau\Desktop\MicroAI Detect\3\PIC\2121.jpg
2025-03-06 17:27:24,212 - app_pyside6.gui.result_viewer - INFO - Found statistics in DataFrame
2025-03-06 17:27:24,212 - app_pyside6.gui.result_viewer - INFO - Successfully added summary data for C:\Users\ETPau\Desktop\MicroAI Detect\3\PIC\OIP-C.jpg
2025-03-06 17:27:24,212 - app_pyside6.gui.result_viewer - INFO - Found statistics in DataFrame
2025-03-06 17:27:24,213 - app_pyside6.gui.result_viewer - INFO - Successfully added summary data for C:\Users\ETPau\Desktop\MicroAI Detect\3\PIC\R-C.jpg
2025-03-06 17:27:24,213 - app_pyside6.gui.result_viewer - INFO - Found statistics in DataFrame
2025-03-06 17:27:24,213 - app_pyside6.gui.result_viewer - INFO - Successfully added summary data for C:\Users\ETPau\Desktop\MicroAI Detect\3\PIC\t019872959c62f44875.jpg
2025-03-06 17:27:24,220 - app_pyside6.gui.result_viewer - INFO - Creating comparison plots...
2025-03-06 17:27:24,220 - app_pyside6.gui.result_viewer - INFO - Processing 5 results
2025-03-06 17:27:24,220 - app_pyside6.gui.result_viewer - INFO - Checking result for C:\Users\ETPau\Desktop\MicroAI Detect\3\PIC\2021041310020608608.jpg
2025-03-06 17:27:24,220 - app_pyside6.gui.result_viewer - INFO - Found statistics in DataFrame
2025-03-06 17:27:24,221 - app_pyside6.gui.result_viewer - INFO - Successfully added data for C:\Users\ETPau\Desktop\MicroAI Detect\3\PIC\2021041310020608608.jpg
2025-03-06 17:27:24,221 - app_pyside6.gui.result_viewer - INFO - Checking result for C:\Users\ETPau\Desktop\MicroAI Detect\3\PIC\2121.jpg
2025-03-06 17:27:24,221 - app_pyside6.gui.result_viewer - INFO - Found statistics in DataFrame
2025-03-06 17:27:24,221 - app_pyside6.gui.result_viewer - INFO - Successfully added data for C:\Users\ETPau\Desktop\MicroAI Detect\3\PIC\2121.jpg
2025-03-06 17:27:24,221 - app_pyside6.gui.result_viewer - INFO - Checking result for C:\Users\ETPau\Desktop\MicroAI Detect\3\PIC\OIP-C.jpg
2025-03-06 17:27:24,221 - app_pyside6.gui.result_viewer - INFO - Found statistics in DataFrame
2025-03-06 17:27:24,222 - app_pyside6.gui.result_viewer - INFO - Successfully added data for C:\Users\ETPau\Desktop\MicroAI Detect\3\PIC\OIP-C.jpg
2025-03-06 17:27:24,222 - app_pyside6.gui.result_viewer - INFO - Checking result for C:\Users\ETPau\Desktop\MicroAI Detect\3\PIC\R-C.jpg
2025-03-06 17:27:24,222 - app_pyside6.gui.result_viewer - INFO - Found statistics in DataFrame
2025-03-06 17:27:24,222 - app_pyside6.gui.result_viewer - INFO - Successfully added data for C:\Users\ETPau\Desktop\MicroAI Detect\3\PIC\R-C.jpg
2025-03-06 17:27:24,223 - app_pyside6.gui.result_viewer - INFO - Checking result for C:\Users\ETPau\Desktop\MicroAI Detect\3\PIC\t019872959c62f44875.jpg
2025-03-06 17:27:24,223 - app_pyside6.gui.result_viewer - INFO - Found statistics in DataFrame
2025-03-06 17:27:24,223 - app_pyside6.gui.result_viewer - INFO - Successfully added data for C:\Users\ETPau\Desktop\MicroAI Detect\3\PIC\t019872959c62f44875.jpg
2025-03-06 17:27:24,830 - app_pyside6.gui.result_viewer - INFO - Looking for valid result in 5 results
2025-03-06 17:27:24,830 - app_pyside6.gui.result_viewer - INFO - Checking result for C:\Users\ETPau\Desktop\MicroAI Detect\3\PIC\2021041310020608608.jpg
2025-03-06 17:27:24,830 - app_pyside6.gui.result_viewer - INFO - Result keys: ['dataframe', 'output_dir']
2025-03-06 17:27:24,830 - app_pyside6.gui.result_viewer - INFO - Found valid result for C:\Users\ETPau\Desktop\MicroAI Detect\3\PIC\2021041310020608608.jpg
2025-03-06 17:27:24,832 - app_pyside6.gui.result_viewer - INFO - DataFrame columns: ['count', 'confidence', 'boxes', 'scores', 'statistics']
2025-03-06 17:27:30,450 - app_pyside6.gui.result_viewer - INFO - Populating summary table...
2025-03-06 17:27:30,450 - app_pyside6.gui.result_viewer - INFO - Found statistics in DataFrame
2025-03-06 17:27:30,451 - app_pyside6.gui.result_viewer - INFO - Successfully added summary data for C:\Users\ETPau\Desktop\MicroAI Detect\3\PIC\2021041310020608608.jpg
2025-03-06 17:27:30,451 - app_pyside6.gui.result_viewer - INFO - Found statistics in DataFrame
2025-03-06 17:27:30,451 - app_pyside6.gui.result_viewer - INFO - Successfully added summary data for C:\Users\ETPau\Desktop\MicroAI Detect\3\PIC\2121.jpg
2025-03-06 17:27:30,451 - app_pyside6.gui.result_viewer - INFO - Found statistics in DataFrame
2025-03-06 17:27:30,452 - app_pyside6.gui.result_viewer - INFO - Successfully added summary data for C:\Users\ETPau\Desktop\MicroAI Detect\3\PIC\OIP-C.jpg
2025-03-06 17:27:30,452 - app_pyside6.gui.result_viewer - INFO - Found statistics in DataFrame
2025-03-06 17:27:30,452 - app_pyside6.gui.result_viewer - INFO - Successfully added summary data for C:\Users\ETPau\Desktop\MicroAI Detect\3\PIC\R-C.jpg
2025-03-06 17:27:30,453 - app_pyside6.gui.result_viewer - INFO - Found statistics in DataFrame
2025-03-06 17:27:30,453 - app_pyside6.gui.result_viewer - INFO - Successfully added summary data for C:\Users\ETPau\Desktop\MicroAI Detect\3\PIC\t019872959c62f44875.jpg
2025-03-06 17:27:30,454 - app_pyside6.gui.result_viewer - INFO - Creating comparison plots...
2025-03-06 17:27:30,455 - app_pyside6.gui.result_viewer - INFO - Processing 5 results
2025-03-06 17:27:30,455 - app_pyside6.gui.result_viewer - INFO - Checking result for C:\Users\ETPau\Desktop\MicroAI Detect\3\PIC\2021041310020608608.jpg
2025-03-06 17:27:30,456 - app_pyside6.gui.result_viewer - INFO - Found statistics in DataFrame
2025-03-06 17:27:30,456 - app_pyside6.gui.result_viewer - INFO - Successfully added data for C:\Users\ETPau\Desktop\MicroAI Detect\3\PIC\2021041310020608608.jpg
2025-03-06 17:27:30,456 - app_pyside6.gui.result_viewer - INFO - Checking result for C:\Users\ETPau\Desktop\MicroAI Detect\3\PIC\2121.jpg
2025-03-06 17:27:30,456 - app_pyside6.gui.result_viewer - INFO - Found statistics in DataFrame
2025-03-06 17:27:30,458 - app_pyside6.gui.result_viewer - INFO - Successfully added data for C:\Users\ETPau\Desktop\MicroAI Detect\3\PIC\2121.jpg
2025-03-06 17:27:30,458 - app_pyside6.gui.result_viewer - INFO - Checking result for C:\Users\ETPau\Desktop\MicroAI Detect\3\PIC\OIP-C.jpg
2025-03-06 17:27:30,459 - app_pyside6.gui.result_viewer - INFO - Found statistics in DataFrame
2025-03-06 17:27:30,459 - app_pyside6.gui.result_viewer - INFO - Successfully added data for C:\Users\ETPau\Desktop\MicroAI Detect\3\PIC\OIP-C.jpg
2025-03-06 17:27:30,459 - app_pyside6.gui.result_viewer - INFO - Checking result for C:\Users\ETPau\Desktop\MicroAI Detect\3\PIC\R-C.jpg
2025-03-06 17:27:30,459 - app_pyside6.gui.result_viewer - INFO - Found statistics in DataFrame
2025-03-06 17:27:30,460 - app_pyside6.gui.result_viewer - INFO - Successfully added data for C:\Users\ETPau\Desktop\MicroAI Detect\3\PIC\R-C.jpg
2025-03-06 17:27:30,460 - app_pyside6.gui.result_viewer - INFO - Checking result for C:\Users\ETPau\Desktop\MicroAI Detect\3\PIC\t019872959c62f44875.jpg
2025-03-06 17:27:30,460 - app_pyside6.gui.result_viewer - INFO - Found statistics in DataFrame
2025-03-06 17:27:30,461 - app_pyside6.gui.result_viewer - INFO - Successfully added data for C:\Users\ETPau\Desktop\MicroAI Detect\3\PIC\t019872959c62f44875.jpg
2025-03-06 17:27:31,021 - app_pyside6.gui.result_viewer - INFO - Looking for valid result in 5 results
2025-03-06 17:27:31,022 - app_pyside6.gui.result_viewer - INFO - Checking result for C:\Users\ETPau\Desktop\MicroAI Detect\3\PIC\2021041310020608608.jpg
2025-03-06 17:27:31,022 - app_pyside6.gui.result_viewer - INFO - Result keys: ['dataframe', 'output_dir']
2025-03-06 17:27:31,024 - app_pyside6.gui.result_viewer - INFO - Found valid result for C:\Users\ETPau\Desktop\MicroAI Detect\3\PIC\2021041310020608608.jpg
2025-03-06 17:27:31,024 - app_pyside6.gui.result_viewer - INFO - DataFrame columns: ['count', 'confidence', 'boxes', 'scores', 'statistics']
2025-03-06 17:27:36,776 - app_pyside6.config.config_manager - INFO - Configuration saved to C:\Users\ETPau\Documents\GitHub\CNN-\app_pyside6\config\defaults\defaults.yaml
2025-03-06 17:32:35,259 - root - INFO - Logging initialized
2025-03-06 17:32:35,262 - root - INFO - Application directories created
2025-03-06 17:32:35,352 - app_pyside6.config - INFO - Using defaults configuration from: C:\Users\ETPau\Documents\GitHub\CNN-\app_pyside6\config\defaults\defaults.yaml
2025-03-06 17:32:35,362 - app_pyside6.config - INFO - Copied default config to: C:\Users\ETPau\Documents\GitHub\CNN-\app_pyside6\config\config.yaml
2025-03-06 17:32:35,363 - root - INFO - Configuration initialized
2025-03-06 17:32:37,846 - app_pyside6.utils.i18n - INFO - Loaded translations: ['en', 'zh']
2025-03-06 17:32:46,012 - app_pyside6.gui.main_window - INFO - Starting in demo mode
2025-03-06 17:32:46,047 - app_pyside6.models.inference - INFO - Running in demo mode - using mock predictions
2025-03-06 17:32:46,047 - app_pyside6.gui.main_window - INFO - Model initialized successfully
2025-03-06 17:32:46,357 - app_pyside6.config.config_manager - INFO - Configuration saved to C:\Users\ETPau\Documents\GitHub\CNN-\app_pyside6\config\defaults\defaults.yaml
2025-03-06 17:32:46,362 - app_pyside6.gui.image_list_widget - INFO - Image loaded: 2021041310020608608.jpg
2025-03-06 17:32:46,366 - app_pyside6.gui.image_list_widget - INFO - Image loaded: 2121.jpg
2025-03-06 17:32:46,367 - app_pyside6.gui.image_list_widget - INFO - Image loaded: OIP-C.jpg
2025-03-06 17:32:46,367 - app_pyside6.gui.image_list_widget - INFO - Image loaded: R-C.jpg
2025-03-06 17:32:46,368 - app_pyside6.gui.image_list_widget - INFO - Image loaded: t019872959c62f44875.jpg
2025-03-06 17:33:08,355 - app_pyside6.gui.image_list_widget - INFO - Processing complete: 2021041310020608608.jpg
2025-03-06 17:33:08,355 - app_pyside6.gui.image_list_widget - INFO - Processing complete: 2121.jpg
2025-03-06 17:33:08,356 - app_pyside6.gui.image_list_widget - INFO - Processing complete: OIP-C.jpg
2025-03-06 17:33:08,356 - app_pyside6.gui.image_list_widget - INFO - Processing complete: R-C.jpg
2025-03-06 17:33:08,356 - app_pyside6.gui.image_list_widget - INFO - Processing complete: t019872959c62f44875.jpg
2025-03-06 17:33:10,255 - app_pyside6.gui.result_viewer - INFO - Populating summary table...
2025-03-06 17:33:10,256 - app_pyside6.gui.result_viewer - INFO - Found statistics in DataFrame
2025-03-06 17:33:10,256 - app_pyside6.gui.result_viewer - INFO - Successfully added summary data for C:\Users\ETPau\Desktop\MicroAI Detect\3\PIC\2021041310020608608.jpg
2025-03-06 17:33:10,256 - app_pyside6.gui.result_viewer - INFO - Found statistics in DataFrame
2025-03-06 17:33:10,257 - app_pyside6.gui.result_viewer - INFO - Successfully added summary data for C:\Users\ETPau\Desktop\MicroAI Detect\3\PIC\2121.jpg
2025-03-06 17:33:10,257 - app_pyside6.gui.result_viewer - INFO - Found statistics in DataFrame
2025-03-06 17:33:10,257 - app_pyside6.gui.result_viewer - INFO - Successfully added summary data for C:\Users\ETPau\Desktop\MicroAI Detect\3\PIC\OIP-C.jpg
2025-03-06 17:33:10,258 - app_pyside6.gui.result_viewer - INFO - Found statistics in DataFrame
2025-03-06 17:33:10,258 - app_pyside6.gui.result_viewer - INFO - Successfully added summary data for C:\Users\ETPau\Desktop\MicroAI Detect\3\PIC\R-C.jpg
2025-03-06 17:33:10,258 - app_pyside6.gui.result_viewer - INFO - Found statistics in DataFrame
2025-03-06 17:33:10,258 - app_pyside6.gui.result_viewer - INFO - Successfully added summary data for C:\Users\ETPau\Desktop\MicroAI Detect\3\PIC\t019872959c62f44875.jpg
2025-03-06 17:33:10,260 - app_pyside6.gui.result_viewer - INFO - Creating comparison plots...
2025-03-06 17:33:10,261 - app_pyside6.gui.result_viewer - INFO - Processing 5 results
2025-03-06 17:33:10,261 - app_pyside6.gui.result_viewer - INFO - Checking result for C:\Users\ETPau\Desktop\MicroAI Detect\3\PIC\2021041310020608608.jpg
2025-03-06 17:33:10,261 - app_pyside6.gui.result_viewer - INFO - Found statistics in DataFrame
2025-03-06 17:33:10,261 - app_pyside6.gui.result_viewer - INFO - Successfully added data for C:\Users\ETPau\Desktop\MicroAI Detect\3\PIC\2021041310020608608.jpg
2025-03-06 17:33:10,262 - app_pyside6.gui.result_viewer - INFO - Checking result for C:\Users\ETPau\Desktop\MicroAI Detect\3\PIC\2121.jpg
2025-03-06 17:33:10,262 - app_pyside6.gui.result_viewer - INFO - Found statistics in DataFrame
2025-03-06 17:33:10,262 - app_pyside6.gui.result_viewer - INFO - Successfully added data for C:\Users\ETPau\Desktop\MicroAI Detect\3\PIC\2121.jpg
2025-03-06 17:33:10,262 - app_pyside6.gui.result_viewer - INFO - Checking result for C:\Users\ETPau\Desktop\MicroAI Detect\3\PIC\OIP-C.jpg
2025-03-06 17:33:10,263 - app_pyside6.gui.result_viewer - INFO - Found statistics in DataFrame
2025-03-06 17:33:10,263 - app_pyside6.gui.result_viewer - INFO - Successfully added data for C:\Users\ETPau\Desktop\MicroAI Detect\3\PIC\OIP-C.jpg
2025-03-06 17:33:10,263 - app_pyside6.gui.result_viewer - INFO - Checking result for C:\Users\ETPau\Desktop\MicroAI Detect\3\PIC\R-C.jpg
2025-03-06 17:33:10,263 - app_pyside6.gui.result_viewer - INFO - Found statistics in DataFrame
2025-03-06 17:33:10,264 - app_pyside6.gui.result_viewer - INFO - Successfully added data for C:\Users\ETPau\Desktop\MicroAI Detect\3\PIC\R-C.jpg
2025-03-06 17:33:10,264 - app_pyside6.gui.result_viewer - INFO - Checking result for C:\Users\ETPau\Desktop\MicroAI Detect\3\PIC\t019872959c62f44875.jpg
2025-03-06 17:33:10,264 - app_pyside6.gui.result_viewer - INFO - Found statistics in DataFrame
2025-03-06 17:33:10,264 - app_pyside6.gui.result_viewer - INFO - Successfully added data for C:\Users\ETPau\Desktop\MicroAI Detect\3\PIC\t019872959c62f44875.jpg
2025-03-06 17:33:10,906 - app_pyside6.gui.result_viewer - INFO - Looking for valid result in 5 results
2025-03-06 17:33:10,906 - app_pyside6.gui.result_viewer - INFO - Checking result for C:\Users\ETPau\Desktop\MicroAI Detect\3\PIC\2021041310020608608.jpg
2025-03-06 17:33:10,906 - app_pyside6.gui.result_viewer - INFO - Result keys: ['dataframe', 'output_dir']
2025-03-06 17:33:10,906 - app_pyside6.gui.result_viewer - INFO - Found valid result for C:\Users\ETPau\Desktop\MicroAI Detect\3\PIC\2021041310020608608.jpg
2025-03-06 17:33:10,906 - app_pyside6.gui.result_viewer - INFO - DataFrame columns: ['count', 'confidence', 'boxes', 'scores', 'statistics']
2025-03-06 17:36:31,342 - app_pyside6.utils.batch_analyzer - INFO - Processing image: 2021041310020608608
2025-03-06 17:36:33,158 - app_pyside6.utils.batch_analyzer - INFO - Plots created in C:\Users\ETPau\Desktop\MicroAI Detect\3\results\batch\20250306_173631\plots
2025-03-06 17:36:34,222 - app_pyside6.utils.batch_analyzer - INFO - Processing image: 2121
2025-03-06 17:36:35,952 - app_pyside6.utils.batch_analyzer - INFO - Plots created in C:\Users\ETPau\Desktop\MicroAI Detect\3\results\batch\20250306_173631\plots
2025-03-06 17:36:35,977 - app_pyside6.utils.batch_analyzer - INFO - Processing image: OIP-C
2025-03-06 17:36:37,642 - app_pyside6.utils.batch_analyzer - INFO - Plots created in C:\Users\ETPau\Desktop\MicroAI Detect\3\results\batch\20250306_173631\plots
2025-03-06 17:36:37,683 - app_pyside6.utils.batch_analyzer - INFO - Processing image: R-C
2025-03-06 17:36:38,994 - app_pyside6.utils.batch_analyzer - INFO - Plots created in C:\Users\ETPau\Desktop\MicroAI Detect\3\results\batch\20250306_173631\plots
2025-03-06 17:36:39,035 - app_pyside6.utils.batch_analyzer - INFO - Processing image: t019872959c62f44875
2025-03-06 17:36:40,397 - app_pyside6.utils.batch_analyzer - INFO - Plots created in C:\Users\ETPau\Desktop\MicroAI Detect\3\results\batch\20250306_173631\plots
2025-03-06 17:36:40,552 - app_pyside6.gui.image_list_widget - INFO - Processing complete: 2021041310020608608.jpg
2025-03-06 17:36:40,552 - app_pyside6.gui.image_list_widget - INFO - Processing complete: 2121.jpg
2025-03-06 17:36:40,554 - app_pyside6.gui.image_list_widget - INFO - Processing complete: OIP-C.jpg
2025-03-06 17:36:40,554 - app_pyside6.gui.image_list_widget - INFO - Processing complete: R-C.jpg
2025-03-06 17:36:40,555 - app_pyside6.gui.image_list_widget - INFO - Processing complete: t019872959c62f44875.jpg
2025-03-06 17:36:51,763 - app_pyside6.gui.result_viewer - INFO - Populating summary table...
2025-03-06 17:36:51,764 - app_pyside6.gui.result_viewer - INFO - Found statistics in result
2025-03-06 17:36:51,765 - app_pyside6.gui.result_viewer - INFO - Successfully added summary data for C:\Users\ETPau\Desktop\MicroAI Detect\3\PIC\2021041310020608608.jpg
2025-03-06 17:36:51,765 - app_pyside6.gui.result_viewer - INFO - Found statistics in result
2025-03-06 17:36:51,765 - app_pyside6.gui.result_viewer - INFO - Successfully added summary data for C:\Users\ETPau\Desktop\MicroAI Detect\3\PIC\2121.jpg
2025-03-06 17:36:51,765 - app_pyside6.gui.result_viewer - INFO - Found statistics in result
2025-03-06 17:36:51,766 - app_pyside6.gui.result_viewer - INFO - Successfully added summary data for C:\Users\ETPau\Desktop\MicroAI Detect\3\PIC\OIP-C.jpg
2025-03-06 17:36:51,766 - app_pyside6.gui.result_viewer - INFO - Found statistics in result
2025-03-06 17:36:51,766 - app_pyside6.gui.result_viewer - INFO - Successfully added summary data for C:\Users\ETPau\Desktop\MicroAI Detect\3\PIC\R-C.jpg
2025-03-06 17:36:51,766 - app_pyside6.gui.result_viewer - INFO - Found statistics in result
2025-03-06 17:36:51,767 - app_pyside6.gui.result_viewer - INFO - Successfully added summary data for C:\Users\ETPau\Desktop\MicroAI Detect\3\PIC\t019872959c62f44875.jpg
2025-03-06 17:36:51,768 - app_pyside6.gui.result_viewer - INFO - Creating comparison plots...
2025-03-06 17:36:51,768 - app_pyside6.gui.result_viewer - INFO - Processing 5 results
2025-03-06 17:36:51,768 - app_pyside6.gui.result_viewer - INFO - Checking result for C:\Users\ETPau\Desktop\MicroAI Detect\3\PIC\2021041310020608608.jpg
2025-03-06 17:36:51,768 - app_pyside6.gui.result_viewer - INFO - Found statistics in result
2025-03-06 17:36:51,769 - app_pyside6.gui.result_viewer - INFO - Successfully added data for C:\Users\ETPau\Desktop\MicroAI Detect\3\PIC\2021041310020608608.jpg
2025-03-06 17:36:51,769 - app_pyside6.gui.result_viewer - INFO - Checking result for C:\Users\ETPau\Desktop\MicroAI Detect\3\PIC\2121.jpg
2025-03-06 17:36:51,769 - app_pyside6.gui.result_viewer - INFO - Found statistics in result
2025-03-06 17:36:51,769 - app_pyside6.gui.result_viewer - INFO - Successfully added data for C:\Users\ETPau\Desktop\MicroAI Detect\3\PIC\2121.jpg
2025-03-06 17:36:51,769 - app_pyside6.gui.result_viewer - INFO - Checking result for C:\Users\ETPau\Desktop\MicroAI Detect\3\PIC\OIP-C.jpg
2025-03-06 17:36:51,770 - app_pyside6.gui.result_viewer - INFO - Found statistics in result
2025-03-06 17:36:51,770 - app_pyside6.gui.result_viewer - INFO - Successfully added data for C:\Users\ETPau\Desktop\MicroAI Detect\3\PIC\OIP-C.jpg
2025-03-06 17:36:51,770 - app_pyside6.gui.result_viewer - INFO - Checking result for C:\Users\ETPau\Desktop\MicroAI Detect\3\PIC\R-C.jpg
2025-03-06 17:36:51,770 - app_pyside6.gui.result_viewer - INFO - Found statistics in result
2025-03-06 17:36:51,770 - app_pyside6.gui.result_viewer - INFO - Successfully added data for C:\Users\ETPau\Desktop\MicroAI Detect\3\PIC\R-C.jpg
2025-03-06 17:36:51,770 - app_pyside6.gui.result_viewer - INFO - Checking result for C:\Users\ETPau\Desktop\MicroAI Detect\3\PIC\t019872959c62f44875.jpg
2025-03-06 17:36:51,770 - app_pyside6.gui.result_viewer - INFO - Found statistics in result
2025-03-06 17:36:51,772 - app_pyside6.gui.result_viewer - INFO - Successfully added data for C:\Users\ETPau\Desktop\MicroAI Detect\3\PIC\t019872959c62f44875.jpg
2025-03-06 17:36:52,224 - app_pyside6.gui.result_viewer - INFO - Looking for valid result in 5 results
2025-03-06 17:36:52,225 - app_pyside6.gui.result_viewer - INFO - Checking result for C:\Users\ETPau\Desktop\MicroAI Detect\3\PIC\2021041310020608608.jpg
2025-03-06 17:36:52,225 - app_pyside6.gui.result_viewer - INFO - Result keys: ['dataframe', 'output_dir', 'statistics']
2025-03-06 17:36:52,225 - app_pyside6.gui.result_viewer - INFO - Found valid result for C:\Users\ETPau\Desktop\MicroAI Detect\3\PIC\2021041310020608608.jpg
2025-03-06 17:36:52,226 - app_pyside6.gui.result_viewer - INFO - DataFrame columns: ['run_number', 'count', 'confidence']
2025-03-06 17:36:52,226 - app_pyside6.gui.result_viewer - INFO - Statistics keys: ['confidence_stats', 'count_stats']
2025-03-06 17:37:36,766 - app_pyside6.config.config_manager - INFO - Configuration saved to C:\Users\ETPau\Documents\GitHub\CNN-\app_pyside6\config\defaults\defaults.yaml
2025-03-06 17:37:36,768 - app_pyside6.gui.image_list_widget - INFO - Image loaded: OIP-C.jpg
2025-03-06 17:37:39,745 - app_pyside6.utils.batch_analyzer - INFO - Processing image: OIP-C
2025-03-06 17:37:41,085 - app_pyside6.utils.batch_analyzer - INFO - Plots created in C:\Users\ETPau\Desktop\MicroAI Detect\1\results\batch\20250306_173739\plots
2025-03-06 17:37:41,111 - app_pyside6.gui.image_list_widget - INFO - Processing complete: OIP-C.jpg
2025-03-06 17:37:47,876 - app_pyside6.gui.result_viewer - INFO - Looking for valid result in 1 results
2025-03-06 17:37:47,877 - app_pyside6.gui.result_viewer - INFO - Checking result for C:\Users\ETPau\Desktop\MicroAI Detect\1\PIC\OIP-C.jpg
2025-03-06 17:37:47,877 - app_pyside6.gui.result_viewer - INFO - Result keys: ['dataframe', 'output_dir', 'statistics']
2025-03-06 17:37:47,877 - app_pyside6.gui.result_viewer - INFO - Found valid result for C:\Users\ETPau\Desktop\MicroAI Detect\1\PIC\OIP-C.jpg
2025-03-06 17:37:47,877 - app_pyside6.gui.result_viewer - INFO - DataFrame columns: ['run_number', 'count', 'confidence']
2025-03-06 17:37:47,878 - app_pyside6.gui.result_viewer - INFO - Statistics keys: ['confidence_stats', 'count_stats']
2025-03-06 17:37:47,888 - app_pyside6.gui.result_viewer - INFO - Looking for valid result in 1 results
2025-03-06 17:37:47,889 - app_pyside6.gui.result_viewer - INFO - Checking result for C:\Users\ETPau\Desktop\MicroAI Detect\1\PIC\OIP-C.jpg
2025-03-06 17:37:47,889 - app_pyside6.gui.result_viewer - INFO - Result keys: ['dataframe', 'output_dir', 'statistics']
2025-03-06 17:37:47,889 - app_pyside6.gui.result_viewer - INFO - Found valid result for C:\Users\ETPau\Desktop\MicroAI Detect\1\PIC\OIP-C.jpg
2025-03-06 17:37:47,889 - app_pyside6.gui.result_viewer - INFO - DataFrame columns: ['run_number', 'count', 'confidence']
2025-03-06 17:37:47,890 - app_pyside6.gui.result_viewer - INFO - Statistics keys: ['confidence_stats', 'count_stats']
2025-03-06 17:37:47,892 - app_pyside6.gui.result_viewer - INFO - Looking for valid result in 1 results
2025-03-06 17:37:47,893 - app_pyside6.gui.result_viewer - INFO - Checking result for C:\Users\ETPau\Desktop\MicroAI Detect\1\PIC\OIP-C.jpg
2025-03-06 17:37:47,894 - app_pyside6.gui.result_viewer - INFO - Result keys: ['dataframe', 'output_dir', 'statistics']
2025-03-06 17:37:47,894 - app_pyside6.gui.result_viewer - INFO - Found valid result for C:\Users\ETPau\Desktop\MicroAI Detect\1\PIC\OIP-C.jpg
2025-03-06 17:37:47,894 - app_pyside6.gui.result_viewer - INFO - DataFrame columns: ['run_number', 'count', 'confidence']
2025-03-06 17:37:47,895 - app_pyside6.gui.result_viewer - INFO - Statistics keys: ['confidence_stats', 'count_stats']
2025-03-06 17:37:47,896 - app_pyside6.gui.result_viewer - INFO - Looking for valid result in 1 results
2025-03-06 17:37:47,897 - app_pyside6.gui.result_viewer - INFO - Checking result for C:\Users\ETPau\Desktop\MicroAI Detect\1\PIC\OIP-C.jpg
2025-03-06 17:37:47,897 - app_pyside6.gui.result_viewer - INFO - Result keys: ['dataframe', 'output_dir', 'statistics']
2025-03-06 17:37:47,897 - app_pyside6.gui.result_viewer - INFO - Found valid result for C:\Users\ETPau\Desktop\MicroAI Detect\1\PIC\OIP-C.jpg
2025-03-06 17:37:47,897 - app_pyside6.gui.result_viewer - INFO - DataFrame columns: ['run_number', 'count', 'confidence']
2025-03-06 17:37:47,898 - app_pyside6.gui.result_viewer - INFO - Statistics keys: ['confidence_stats', 'count_stats']
2025-03-06 17:38:01,797 - app_pyside6.config.config_manager - INFO - Configuration saved to C:\Users\ETPau\Documents\GitHub\CNN-\app_pyside6\config\defaults\defaults.yaml
2025-03-06 17:45:11,690 - root - INFO - Logging initialized
2025-03-06 17:45:11,692 - root - INFO - Application directories created
2025-03-06 17:45:11,770 - app_pyside6.config - INFO - Using defaults configuration from: C:\Users\ETPau\Documents\GitHub\CNN-\app_pyside6\config\defaults\defaults.yaml
2025-03-06 17:45:11,779 - app_pyside6.config - INFO - Copied default config to: C:\Users\ETPau\Documents\GitHub\CNN-\app_pyside6\config\config.yaml
2025-03-06 17:45:11,780 - root - INFO - Configuration initialized
2025-03-06 17:45:17,057 - app_pyside6.utils.i18n - INFO - Loaded translations: ['en', 'zh']
2025-03-06 17:45:17,115 - root - ERROR - Failed to initialize application: No module named 'torch'
2025-03-06 17:45:17,115 - root - ERROR - Application failed to start: Failed to initialize application: No module named 'torch'
2025-03-06 18:01:45,394 - root - INFO - Logging initialized
2025-03-06 18:01:45,395 - root - INFO - Application directories created
2025-03-06 18:01:45,487 - app_pyside6.config - INFO - Using defaults configuration from: C:\Users\ETPau\Documents\GitHub\CNN-\app_pyside6\config\defaults\defaults.yaml
2025-03-06 18:01:45,496 - app_pyside6.config - INFO - Copied default config to: C:\Users\ETPau\Documents\GitHub\CNN-\app_pyside6\config\config.yaml
2025-03-06 18:01:45,498 - root - INFO - Configuration initialized
2025-03-06 18:01:50,783 - app_pyside6.utils.i18n - INFO - Loaded translations: ['en', 'zh']
2025-03-06 18:01:59,152 - app_pyside6.gui.main_window - INFO - Starting in demo mode
2025-03-06 18:01:59,153 - app_pyside6.models.inference - INFO - Running in demo mode - using mock predictions
2025-03-06 18:01:59,153 - app_pyside6.gui.main_window - INFO - Model initialized successfully
2025-03-06 18:01:59,427 - app_pyside6.config.config_manager - INFO - Configuration saved to C:\Users\ETPau\Documents\GitHub\CNN-\app_pyside6\config\defaults\defaults.yaml
2025-03-06 18:01:59,435 - app_pyside6.gui.image_list_widget - INFO - Image loaded: OIP-C.jpg
2025-03-06 18:02:04,377 - app_pyside6.gui.image_list_widget - INFO - Processing complete: OIP-C.jpg
2025-03-06 18:02:06,695 - app_pyside6.gui.result_viewer - INFO - Looking for valid result in 1 results
2025-03-06 18:02:06,697 - app_pyside6.gui.result_viewer - INFO - Checking result for C:\Users\ETPau\Desktop\MicroAI Detect\1\PIC\OIP-C.jpg
2025-03-06 18:02:06,697 - app_pyside6.gui.result_viewer - INFO - Result keys: ['dataframe', 'output_dir']
2025-03-06 18:02:06,697 - app_pyside6.gui.result_viewer - INFO - Found valid result for C:\Users\ETPau\Desktop\MicroAI Detect\1\PIC\OIP-C.jpg
2025-03-06 18:02:06,698 - app_pyside6.gui.result_viewer - INFO - DataFrame columns: ['count', 'confidence', 'boxes', 'scores', 'statistics']
2025-03-06 18:02:18,472 - app_pyside6.utils.batch_analyzer - INFO - Processing image: OIP-C
2025-03-06 18:02:19,907 - app_pyside6.utils.batch_analyzer - INFO - Plots created in C:\Users\ETPau\Desktop\MicroAI Detect\1\results\batch\20250306_180218\plots
2025-03-06 18:02:20,151 - app_pyside6.gui.image_list_widget - INFO - Processing complete: OIP-C.jpg
2025-03-06 18:02:25,615 - app_pyside6.gui.result_viewer - INFO - Looking for valid result in 1 results
2025-03-06 18:02:25,616 - app_pyside6.gui.result_viewer - INFO - Checking result for C:\Users\ETPau\Desktop\MicroAI Detect\1\PIC\OIP-C.jpg
2025-03-06 18:02:25,616 - app_pyside6.gui.result_viewer - INFO - Result keys: ['dataframe', 'output_dir', 'statistics']
2025-03-06 18:02:25,616 - app_pyside6.gui.result_viewer - INFO - Found valid result for C:\Users\ETPau\Desktop\MicroAI Detect\1\PIC\OIP-C.jpg
2025-03-06 18:02:25,616 - app_pyside6.gui.result_viewer - INFO - DataFrame columns: ['run_number', 'count', 'confidence']
2025-03-06 18:02:25,617 - app_pyside6.gui.result_viewer - INFO - Statistics keys: ['confidence_stats', 'count_stats']
2025-03-06 18:02:25,624 - app_pyside6.gui.result_viewer - INFO - Looking for valid result in 1 results
2025-03-06 18:02:25,625 - app_pyside6.gui.result_viewer - INFO - Checking result for C:\Users\ETPau\Desktop\MicroAI Detect\1\PIC\OIP-C.jpg
2025-03-06 18:02:25,625 - app_pyside6.gui.result_viewer - INFO - Result keys: ['dataframe', 'output_dir', 'statistics']
2025-03-06 18:02:25,625 - app_pyside6.gui.result_viewer - INFO - Found valid result for C:\Users\ETPau\Desktop\MicroAI Detect\1\PIC\OIP-C.jpg
2025-03-06 18:02:25,625 - app_pyside6.gui.result_viewer - INFO - DataFrame columns: ['run_number', 'count', 'confidence']
2025-03-06 18:02:25,626 - app_pyside6.gui.result_viewer - INFO - Statistics keys: ['confidence_stats', 'count_stats']
2025-03-06 18:02:25,627 - app_pyside6.gui.result_viewer - INFO - Looking for valid result in 1 results
2025-03-06 18:02:25,628 - app_pyside6.gui.result_viewer - INFO - Checking result for C:\Users\ETPau\Desktop\MicroAI Detect\1\PIC\OIP-C.jpg
2025-03-06 18:02:25,629 - app_pyside6.gui.result_viewer - INFO - Result keys: ['dataframe', 'output_dir', 'statistics']
2025-03-06 18:02:25,629 - app_pyside6.gui.result_viewer - INFO - Found valid result for C:\Users\ETPau\Desktop\MicroAI Detect\1\PIC\OIP-C.jpg
2025-03-06 18:02:25,629 - app_pyside6.gui.result_viewer - INFO - DataFrame columns: ['run_number', 'count', 'confidence']
2025-03-06 18:02:25,629 - app_pyside6.gui.result_viewer - INFO - Statistics keys: ['confidence_stats', 'count_stats']
2025-03-06 18:02:25,630 - app_pyside6.gui.result_viewer - INFO - Looking for valid result in 1 results
2025-03-06 18:02:25,630 - app_pyside6.gui.result_viewer - INFO - Checking result for C:\Users\ETPau\Desktop\MicroAI Detect\1\PIC\OIP-C.jpg
2025-03-06 18:02:25,632 - app_pyside6.gui.result_viewer - INFO - Result keys: ['dataframe', 'output_dir', 'statistics']
2025-03-06 18:02:25,632 - app_pyside6.gui.result_viewer - INFO - Found valid result for C:\Users\ETPau\Desktop\MicroAI Detect\1\PIC\OIP-C.jpg
2025-03-06 18:02:25,632 - app_pyside6.gui.result_viewer - INFO - DataFrame columns: ['run_number', 'count', 'confidence']
2025-03-06 18:02:25,632 - app_pyside6.gui.result_viewer - INFO - Statistics keys: ['confidence_stats', 'count_stats']
2025-03-06 18:03:47,708 - app_pyside6.config.config_manager - INFO - Configuration saved to C:\Users\ETPau\Documents\GitHub\CNN-\app_pyside6\config\defaults\defaults.yaml
2025-03-06 18:03:47,712 - app_pyside6.gui.image_list_widget - INFO - Image loaded: OIP-C.jpg
2025-03-06 18:03:47,712 - app_pyside6.gui.image_list_widget - INFO - Image loaded: R-C.jpg
2025-03-06 18:03:47,713 - app_pyside6.gui.image_list_widget - INFO - Image loaded: t019872959c62f44875.jpg
2025-03-06 18:03:59,126 - app_pyside6.utils.batch_analyzer - INFO - Processing image: OIP-C
2025-03-06 18:04:00,659 - app_pyside6.utils.batch_analyzer - INFO - Plots created in C:\Users\ETPau\Desktop\MicroAI Detect\2\results\batch\20250306_180359\plots
2025-03-06 18:04:00,761 - app_pyside6.utils.batch_analyzer - INFO - Processing image: R-C
2025-03-06 18:04:03,220 - app_pyside6.utils.batch_analyzer - INFO - Plots created in C:\Users\ETPau\Desktop\MicroAI Detect\2\results\batch\20250306_180359\plots
2025-03-06 18:04:03,290 - app_pyside6.utils.batch_analyzer - INFO - Processing image: t019872959c62f44875
2025-03-06 18:04:05,219 - app_pyside6.utils.batch_analyzer - INFO - Plots created in C:\Users\ETPau\Desktop\MicroAI Detect\2\results\batch\20250306_180359\plots
2025-03-06 18:04:05,423 - app_pyside6.gui.image_list_widget - INFO - Processing complete: OIP-C.jpg
2025-03-06 18:04:05,423 - app_pyside6.gui.image_list_widget - INFO - Processing complete: R-C.jpg
2025-03-06 18:04:05,423 - app_pyside6.gui.image_list_widget - INFO - Processing complete: t019872959c62f44875.jpg
2025-03-06 18:04:09,285 - app_pyside6.gui.result_viewer - INFO - Populating summary table...
2025-03-06 18:04:09,286 - app_pyside6.gui.result_viewer - INFO - Found statistics in result
2025-03-06 18:04:09,286 - app_pyside6.gui.result_viewer - INFO - Successfully added summary data for C:\Users\ETPau\Desktop\MicroAI Detect\2\PIC\OIP-C.jpg
2025-03-06 18:04:09,286 - app_pyside6.gui.result_viewer - INFO - Found statistics in result
2025-03-06 18:04:09,287 - app_pyside6.gui.result_viewer - INFO - Successfully added summary data for C:\Users\ETPau\Desktop\MicroAI Detect\2\PIC\R-C.jpg
2025-03-06 18:04:09,287 - app_pyside6.gui.result_viewer - INFO - Found statistics in result
2025-03-06 18:04:09,287 - app_pyside6.gui.result_viewer - INFO - Successfully added summary data for C:\Users\ETPau\Desktop\MicroAI Detect\2\PIC\t019872959c62f44875.jpg
2025-03-06 18:04:09,289 - app_pyside6.gui.result_viewer - INFO - Creating comparison plots...
2025-03-06 18:04:09,290 - app_pyside6.gui.result_viewer - INFO - Processing 3 results
2025-03-06 18:04:09,290 - app_pyside6.gui.result_viewer - INFO - Checking result for C:\Users\ETPau\Desktop\MicroAI Detect\2\PIC\OIP-C.jpg
2025-03-06 18:04:09,290 - app_pyside6.gui.result_viewer - INFO - Found statistics in result
2025-03-06 18:04:09,291 - app_pyside6.gui.result_viewer - INFO - Successfully added data for C:\Users\ETPau\Desktop\MicroAI Detect\2\PIC\OIP-C.jpg
2025-03-06 18:04:09,291 - app_pyside6.gui.result_viewer - INFO - Checking result for C:\Users\ETPau\Desktop\MicroAI Detect\2\PIC\R-C.jpg
2025-03-06 18:04:09,291 - app_pyside6.gui.result_viewer - INFO - Found statistics in result
2025-03-06 18:04:09,291 - app_pyside6.gui.result_viewer - INFO - Successfully added data for C:\Users\ETPau\Desktop\MicroAI Detect\2\PIC\R-C.jpg
2025-03-06 18:04:09,292 - app_pyside6.gui.result_viewer - INFO - Checking result for C:\Users\ETPau\Desktop\MicroAI Detect\2\PIC\t019872959c62f44875.jpg
2025-03-06 18:04:09,292 - app_pyside6.gui.result_viewer - INFO - Found statistics in result
2025-03-06 18:04:09,292 - app_pyside6.gui.result_viewer - INFO - Successfully added data for C:\Users\ETPau\Desktop\MicroAI Detect\2\PIC\t019872959c62f44875.jpg
2025-03-06 18:04:09,741 - app_pyside6.gui.result_viewer - INFO - Looking for valid result in 3 results
2025-03-06 18:04:09,742 - app_pyside6.gui.result_viewer - INFO - Checking result for C:\Users\ETPau\Desktop\MicroAI Detect\2\PIC\OIP-C.jpg
2025-03-06 18:04:09,742 - app_pyside6.gui.result_viewer - INFO - Result keys: ['dataframe', 'output_dir', 'statistics']
2025-03-06 18:04:09,742 - app_pyside6.gui.result_viewer - INFO - Found valid result for C:\Users\ETPau\Desktop\MicroAI Detect\2\PIC\OIP-C.jpg
2025-03-06 18:04:09,742 - app_pyside6.gui.result_viewer - INFO - DataFrame columns: ['run_number', 'count', 'confidence']
2025-03-06 18:04:09,743 - app_pyside6.gui.result_viewer - INFO - Statistics keys: ['confidence_stats', 'count_stats']
2025-03-06 18:04:54,737 - app_pyside6.config.config_manager - INFO - Configuration saved to C:\Users\ETPau\Documents\GitHub\CNN-\app_pyside6\config\defaults\defaults.yaml
2025-03-06 18:04:54,739 - app_pyside6.gui.image_list_widget - INFO - Image loaded: 2021041310020608608.jpg
2025-03-06 18:04:54,740 - app_pyside6.gui.image_list_widget - INFO - Image loaded: 2121.jpg
2025-03-06 18:04:54,740 - app_pyside6.gui.image_list_widget - INFO - Image loaded: OIP-C.jpg
2025-03-06 18:04:54,740 - app_pyside6.gui.image_list_widget - INFO - Image loaded: R-C.jpg
2025-03-06 18:04:54,742 - app_pyside6.gui.image_list_widget - INFO - Image loaded: t019872959c62f44875.jpg
2025-03-06 18:05:35,745 - app_pyside6.utils.batch_analyzer - INFO - Processing image: 2021041310020608608
2025-03-06 18:05:37,584 - app_pyside6.utils.batch_analyzer - INFO - Plots created in C:\Users\ETPau\Desktop\MicroAI Detect\3\results\batch\20250306_180535\plots
2025-03-06 18:05:37,661 - app_pyside6.utils.batch_analyzer - INFO - Processing image: 2121
2025-03-06 18:05:39,231 - app_pyside6.utils.batch_analyzer - INFO - Plots created in C:\Users\ETPau\Desktop\MicroAI Detect\3\results\batch\20250306_180535\plots
2025-03-06 18:05:39,286 - app_pyside6.utils.batch_analyzer - INFO - Processing image: OIP-C
2025-03-06 18:05:40,802 - app_pyside6.utils.batch_analyzer - INFO - Plots created in C:\Users\ETPau\Desktop\MicroAI Detect\3\results\batch\20250306_180535\plots
2025-03-06 18:05:40,858 - app_pyside6.utils.batch_analyzer - INFO - Processing image: R-C
2025-03-06 18:05:42,265 - app_pyside6.utils.batch_analyzer - INFO - Plots created in C:\Users\ETPau\Desktop\MicroAI Detect\3\results\batch\20250306_180535\plots
2025-03-06 18:05:42,319 - app_pyside6.utils.batch_analyzer - INFO - Processing image: t019872959c62f44875
2025-03-06 18:05:43,564 - app_pyside6.utils.batch_analyzer - INFO - Plots created in C:\Users\ETPau\Desktop\MicroAI Detect\3\results\batch\20250306_180535\plots
2025-03-06 18:05:43,766 - app_pyside6.gui.image_list_widget - INFO - Processing complete: 2021041310020608608.jpg
2025-03-06 18:05:43,766 - app_pyside6.gui.image_list_widget - INFO - Processing complete: 2121.jpg
2025-03-06 18:05:43,766 - app_pyside6.gui.image_list_widget - INFO - Processing complete: OIP-C.jpg
2025-03-06 18:05:43,767 - app_pyside6.gui.image_list_widget - INFO - Processing complete: R-C.jpg
2025-03-06 18:05:43,767 - app_pyside6.gui.image_list_widget - INFO - Processing complete: t019872959c62f44875.jpg
2025-03-06 18:05:57,249 - app_pyside6.gui.result_viewer - INFO - Populating summary table...
2025-03-06 18:05:57,249 - app_pyside6.gui.result_viewer - INFO - Found statistics in result
2025-03-06 18:05:57,249 - app_pyside6.gui.result_viewer - INFO - Successfully added summary data for C:\Users\ETPau\Desktop\MicroAI Detect\3\PIC\2021041310020608608.jpg
2025-03-06 18:05:57,249 - app_pyside6.gui.result_viewer - INFO - Found statistics in result
2025-03-06 18:05:57,249 - app_pyside6.gui.result_viewer - INFO - Successfully added summary data for C:\Users\ETPau\Desktop\MicroAI Detect\3\PIC\2121.jpg
2025-03-06 18:05:57,249 - app_pyside6.gui.result_viewer - INFO - Found statistics in result
2025-03-06 18:05:57,251 - app_pyside6.gui.result_viewer - INFO - Successfully added summary data for C:\Users\ETPau\Desktop\MicroAI Detect\3\PIC\OIP-C.jpg
2025-03-06 18:05:57,251 - app_pyside6.gui.result_viewer - INFO - Found statistics in result
2025-03-06 18:05:57,251 - app_pyside6.gui.result_viewer - INFO - Successfully added summary data for C:\Users\ETPau\Desktop\MicroAI Detect\3\PIC\R-C.jpg
2025-03-06 18:05:57,251 - app_pyside6.gui.result_viewer - INFO - Found statistics in result
2025-03-06 18:05:57,251 - app_pyside6.gui.result_viewer - INFO - Successfully added summary data for C:\Users\ETPau\Desktop\MicroAI Detect\3\PIC\t019872959c62f44875.jpg
2025-03-06 18:05:57,252 - app_pyside6.gui.result_viewer - INFO - Creating comparison plots...
2025-03-06 18:05:57,253 - app_pyside6.gui.result_viewer - INFO - Processing 5 results
2025-03-06 18:05:57,253 - app_pyside6.gui.result_viewer - INFO - Checking result for C:\Users\ETPau\Desktop\MicroAI Detect\3\PIC\2021041310020608608.jpg
2025-03-06 18:05:57,253 - app_pyside6.gui.result_viewer - INFO - Found statistics in result
2025-03-06 18:05:57,253 - app_pyside6.gui.result_viewer - INFO - Successfully added data for C:\Users\ETPau\Desktop\MicroAI Detect\3\PIC\2021041310020608608.jpg
2025-03-06 18:05:57,253 - app_pyside6.gui.result_viewer - INFO - Checking result for C:\Users\ETPau\Desktop\MicroAI Detect\3\PIC\2121.jpg
2025-03-06 18:05:57,254 - app_pyside6.gui.result_viewer - INFO - Found statistics in result
2025-03-06 18:05:57,254 - app_pyside6.gui.result_viewer - INFO - Successfully added data for C:\Users\ETPau\Desktop\MicroAI Detect\3\PIC\2121.jpg
2025-03-06 18:05:57,254 - app_pyside6.gui.result_viewer - INFO - Checking result for C:\Users\ETPau\Desktop\MicroAI Detect\3\PIC\OIP-C.jpg
2025-03-06 18:05:57,254 - app_pyside6.gui.result_viewer - INFO - Found statistics in result
2025-03-06 18:05:57,254 - app_pyside6.gui.result_viewer - INFO - Successfully added data for C:\Users\ETPau\Desktop\MicroAI Detect\3\PIC\OIP-C.jpg
2025-03-06 18:05:57,254 - app_pyside6.gui.result_viewer - INFO - Checking result for C:\Users\ETPau\Desktop\MicroAI Detect\3\PIC\R-C.jpg
2025-03-06 18:05:57,254 - app_pyside6.gui.result_viewer - INFO - Found statistics in result
2025-03-06 18:05:57,256 - app_pyside6.gui.result_viewer - INFO - Successfully added data for C:\Users\ETPau\Desktop\MicroAI Detect\3\PIC\R-C.jpg
2025-03-06 18:05:57,256 - app_pyside6.gui.result_viewer - INFO - Checking result for C:\Users\ETPau\Desktop\MicroAI Detect\3\PIC\t019872959c62f44875.jpg
2025-03-06 18:05:57,256 - app_pyside6.gui.result_viewer - INFO - Found statistics in result
2025-03-06 18:05:57,256 - app_pyside6.gui.result_viewer - INFO - Successfully added data for C:\Users\ETPau\Desktop\MicroAI Detect\3\PIC\t019872959c62f44875.jpg
2025-03-06 18:05:57,729 - app_pyside6.gui.result_viewer - INFO - Looking for valid result in 5 results
2025-03-06 18:05:57,731 - app_pyside6.gui.result_viewer - INFO - Checking result for C:\Users\ETPau\Desktop\MicroAI Detect\3\PIC\2021041310020608608.jpg
2025-03-06 18:05:57,731 - app_pyside6.gui.result_viewer - INFO - Result keys: ['dataframe', 'output_dir', 'statistics']
2025-03-06 18:05:57,731 - app_pyside6.gui.result_viewer - INFO - Found valid result for C:\Users\ETPau\Desktop\MicroAI Detect\3\PIC\2021041310020608608.jpg
2025-03-06 18:05:57,731 - app_pyside6.gui.result_viewer - INFO - DataFrame columns: ['run_number', 'count', 'confidence']
2025-03-06 18:05:57,732 - app_pyside6.gui.result_viewer - INFO - Statistics keys: ['confidence_stats', 'count_stats']
2025-03-06 18:06:16,129 - app_pyside6.config.config_manager - INFO - Configuration saved to C:\Users\ETPau\Documents\GitHub\CNN-\app_pyside6\config\defaults\defaults.yaml
2025-03-06 18:21:54,151 - root - INFO - Logging initialized
2025-03-06 18:21:54,153 - root - INFO - Application directories created
2025-03-06 18:21:54,246 - app_pyside6.config - INFO - Using defaults configuration from: C:\Users\ETPau\Documents\GitHub\CNN-\app_pyside6\config\defaults\defaults.yaml
2025-03-06 18:21:54,254 - app_pyside6.config - INFO - Copied default config to: C:\Users\ETPau\Documents\GitHub\CNN-\app_pyside6\config\config.yaml
2025-03-06 18:21:54,255 - root - INFO - Configuration initialized
2025-03-06 18:21:58,474 - app_pyside6.utils.i18n - INFO - Loaded translations: ['en', 'zh']
2025-03-06 18:22:08,769 - app_pyside6.gui.main_window - INFO - Starting in demo mode
2025-03-06 18:22:08,769 - app_pyside6.models.inference - INFO - Running in demo mode - using mock predictions
2025-03-06 18:22:08,769 - app_pyside6.gui.main_window - INFO - Model initialized successfully
2025-03-06 18:22:09,005 - app_pyside6.config.config_manager - INFO - Configuration saved to C:\Users\ETPau\Documents\GitHub\CNN-\app_pyside6\config\defaults\defaults.yaml
2025-03-06 18:22:09,008 - app_pyside6.gui.image_list_widget - INFO - Image loaded: 2021041310020608608.jpg
2025-03-06 18:22:09,009 - app_pyside6.gui.image_list_widget - INFO - Image loaded: 2121.jpg
2025-03-06 18:22:09,010 - app_pyside6.gui.image_list_widget - INFO - Image loaded: OIP-C.jpg
2025-03-06 18:22:09,010 - app_pyside6.gui.image_list_widget - INFO - Image loaded: R-C.jpg
2025-03-06 18:22:09,011 - app_pyside6.gui.image_list_widget - INFO - Image loaded: t019872959c62f44875.jpg
2025-03-06 18:22:14,376 - app_pyside6.gui.image_list_widget - INFO - Processing complete: 2021041310020608608.jpg
2025-03-06 18:22:14,378 - app_pyside6.gui.image_list_widget - INFO - Processing complete: 2121.jpg
2025-03-06 18:22:14,378 - app_pyside6.gui.image_list_widget - INFO - Processing complete: OIP-C.jpg
2025-03-06 18:22:14,378 - app_pyside6.gui.image_list_widget - INFO - Processing complete: R-C.jpg
2025-03-06 18:22:14,378 - app_pyside6.gui.image_list_widget - INFO - Processing complete: t019872959c62f44875.jpg
2025-03-06 18:22:18,745 - app_pyside6.gui.result_viewer - INFO - Populating summary table...
2025-03-06 18:22:18,749 - app_pyside6.gui.result_viewer - INFO - Found statistics in DataFrame
2025-03-06 18:22:18,749 - app_pyside6.gui.result_viewer - INFO - Successfully added summary data for C:\Users\ETPau\Desktop\MicroAI Detect\3\PIC\2021041310020608608.jpg
2025-03-06 18:22:18,750 - app_pyside6.gui.result_viewer - INFO - Found statistics in DataFrame
2025-03-06 18:22:18,750 - app_pyside6.gui.result_viewer - INFO - Successfully added summary data for C:\Users\ETPau\Desktop\MicroAI Detect\3\PIC\2121.jpg
2025-03-06 18:22:18,751 - app_pyside6.gui.result_viewer - INFO - Found statistics in DataFrame
2025-03-06 18:22:18,751 - app_pyside6.gui.result_viewer - INFO - Successfully added summary data for C:\Users\ETPau\Desktop\MicroAI Detect\3\PIC\OIP-C.jpg
2025-03-06 18:22:18,751 - app_pyside6.gui.result_viewer - INFO - Found statistics in DataFrame
2025-03-06 18:22:18,751 - app_pyside6.gui.result_viewer - INFO - Successfully added summary data for C:\Users\ETPau\Desktop\MicroAI Detect\3\PIC\R-C.jpg
2025-03-06 18:22:18,751 - app_pyside6.gui.result_viewer - INFO - Found statistics in DataFrame
2025-03-06 18:22:18,752 - app_pyside6.gui.result_viewer - INFO - Successfully added summary data for C:\Users\ETPau\Desktop\MicroAI Detect\3\PIC\t019872959c62f44875.jpg
2025-03-06 18:22:18,755 - app_pyside6.gui.result_viewer - INFO - Creating comparison plots...
2025-03-06 18:22:18,755 - app_pyside6.gui.result_viewer - INFO - Processing 5 results
2025-03-06 18:22:18,755 - app_pyside6.gui.result_viewer - INFO - Checking result for C:\Users\ETPau\Desktop\MicroAI Detect\3\PIC\2021041310020608608.jpg
2025-03-06 18:22:18,757 - app_pyside6.gui.result_viewer - INFO - Found statistics in DataFrame
2025-03-06 18:22:18,757 - app_pyside6.gui.result_viewer - INFO - Successfully added data for C:\Users\ETPau\Desktop\MicroAI Detect\3\PIC\2021041310020608608.jpg
2025-03-06 18:22:18,757 - app_pyside6.gui.result_viewer - INFO - Checking result for C:\Users\ETPau\Desktop\MicroAI Detect\3\PIC\2121.jpg
2025-03-06 18:22:18,757 - app_pyside6.gui.result_viewer - INFO - Found statistics in DataFrame
2025-03-06 18:22:18,757 - app_pyside6.gui.result_viewer - INFO - Successfully added data for C:\Users\ETPau\Desktop\MicroAI Detect\3\PIC\2121.jpg
2025-03-06 18:22:18,757 - app_pyside6.gui.result_viewer - INFO - Checking result for C:\Users\ETPau\Desktop\MicroAI Detect\3\PIC\OIP-C.jpg
2025-03-06 18:22:18,758 - app_pyside6.gui.result_viewer - INFO - Found statistics in DataFrame
2025-03-06 18:22:18,758 - app_pyside6.gui.result_viewer - INFO - Successfully added data for C:\Users\ETPau\Desktop\MicroAI Detect\3\PIC\OIP-C.jpg
2025-03-06 18:22:18,758 - app_pyside6.gui.result_viewer - INFO - Checking result for C:\Users\ETPau\Desktop\MicroAI Detect\3\PIC\R-C.jpg
2025-03-06 18:22:18,758 - app_pyside6.gui.result_viewer - INFO - Found statistics in DataFrame
2025-03-06 18:22:18,758 - app_pyside6.gui.result_viewer - INFO - Successfully added data for C:\Users\ETPau\Desktop\MicroAI Detect\3\PIC\R-C.jpg
2025-03-06 18:22:18,758 - app_pyside6.gui.result_viewer - INFO - Checking result for C:\Users\ETPau\Desktop\MicroAI Detect\3\PIC\t019872959c62f44875.jpg
2025-03-06 18:22:18,759 - app_pyside6.gui.result_viewer - INFO - Found statistics in DataFrame
2025-03-06 18:22:18,759 - app_pyside6.gui.result_viewer - INFO - Successfully added data for C:\Users\ETPau\Desktop\MicroAI Detect\3\PIC\t019872959c62f44875.jpg
2025-03-06 18:22:19,146 - app_pyside6.gui.result_viewer - INFO - Looking for valid result in 5 results
2025-03-06 18:22:19,148 - app_pyside6.gui.result_viewer - INFO - Checking result for C:\Users\ETPau\Desktop\MicroAI Detect\3\PIC\2021041310020608608.jpg
2025-03-06 18:22:19,148 - app_pyside6.gui.result_viewer - INFO - Result keys: ['dataframe', 'output_dir']
2025-03-06 18:22:19,148 - app_pyside6.gui.result_viewer - INFO - Found valid result for C:\Users\ETPau\Desktop\MicroAI Detect\3\PIC\2021041310020608608.jpg
2025-03-06 18:22:19,148 - app_pyside6.gui.result_viewer - INFO - DataFrame columns: ['count', 'confidence', 'boxes', 'scores', 'statistics']
2025-03-06 18:22:27,846 - app_pyside6.utils.batch_analyzer - INFO - Processing image: 2021041310020608608
2025-03-06 18:22:29,019 - app_pyside6.utils.batch_analyzer - INFO - Plots created in C:\Users\ETPau\Desktop\MicroAI Detect\3\results\batch\20250306_182227\plots
2025-03-06 18:22:29,176 - app_pyside6.utils.batch_analyzer - INFO - Processing image: 2121
2025-03-06 18:22:30,642 - app_pyside6.utils.batch_analyzer - INFO - Plots created in C:\Users\ETPau\Desktop\MicroAI Detect\3\results\batch\20250306_182227\plots
2025-03-06 18:22:30,718 - app_pyside6.utils.batch_analyzer - INFO - Processing image: OIP-C
2025-03-06 18:22:32,394 - app_pyside6.utils.batch_analyzer - INFO - Plots created in C:\Users\ETPau\Desktop\MicroAI Detect\3\results\batch\20250306_182227\plots
2025-03-06 18:22:32,466 - app_pyside6.utils.batch_analyzer - INFO - Processing image: R-C
2025-03-06 18:22:33,993 - app_pyside6.utils.batch_analyzer - INFO - Plots created in C:\Users\ETPau\Desktop\MicroAI Detect\3\results\batch\20250306_182227\plots
2025-03-06 18:22:34,042 - app_pyside6.utils.batch_analyzer - INFO - Processing image: t019872959c62f44875
2025-03-06 18:22:35,581 - app_pyside6.utils.batch_analyzer - INFO - Plots created in C:\Users\ETPau\Desktop\MicroAI Detect\3\results\batch\20250306_182227\plots
2025-03-06 18:22:35,751 - app_pyside6.gui.image_list_widget - INFO - Processing complete: 2021041310020608608.jpg
2025-03-06 18:22:35,752 - app_pyside6.gui.image_list_widget - INFO - Processing complete: 2121.jpg
2025-03-06 18:22:35,752 - app_pyside6.gui.image_list_widget - INFO - Processing complete: OIP-C.jpg
2025-03-06 18:22:35,752 - app_pyside6.gui.image_list_widget - INFO - Processing complete: R-C.jpg
2025-03-06 18:22:35,754 - app_pyside6.gui.image_list_widget - INFO - Processing complete: t019872959c62f44875.jpg
2025-03-06 18:22:37,797 - app_pyside6.gui.result_viewer - INFO - Populating summary table...
2025-03-06 18:22:37,799 - app_pyside6.gui.result_viewer - INFO - Found statistics in result
2025-03-06 18:22:37,799 - app_pyside6.gui.result_viewer - INFO - Successfully added summary data for C:\Users\ETPau\Desktop\MicroAI Detect\3\PIC\2021041310020608608.jpg
2025-03-06 18:22:37,799 - app_pyside6.gui.result_viewer - INFO - Found statistics in result
2025-03-06 18:22:37,799 - app_pyside6.gui.result_viewer - INFO - Successfully added summary data for C:\Users\ETPau\Desktop\MicroAI Detect\3\PIC\2121.jpg
2025-03-06 18:22:37,800 - app_pyside6.gui.result_viewer - INFO - Found statistics in result
2025-03-06 18:22:37,800 - app_pyside6.gui.result_viewer - INFO - Successfully added summary data for C:\Users\ETPau\Desktop\MicroAI Detect\3\PIC\OIP-C.jpg
2025-03-06 18:22:37,800 - app_pyside6.gui.result_viewer - INFO - Found statistics in result
2025-03-06 18:22:37,800 - app_pyside6.gui.result_viewer - INFO - Successfully added summary data for C:\Users\ETPau\Desktop\MicroAI Detect\3\PIC\R-C.jpg
2025-03-06 18:22:37,800 - app_pyside6.gui.result_viewer - INFO - Found statistics in result
2025-03-06 18:22:37,801 - app_pyside6.gui.result_viewer - INFO - Successfully added summary data for C:\Users\ETPau\Desktop\MicroAI Detect\3\PIC\t019872959c62f44875.jpg
2025-03-06 18:22:37,802 - app_pyside6.gui.result_viewer - INFO - Creating comparison plots...
2025-03-06 18:22:37,802 - app_pyside6.gui.result_viewer - INFO - Processing 5 results
2025-03-06 18:22:37,802 - app_pyside6.gui.result_viewer - INFO - Checking result for C:\Users\ETPau\Desktop\MicroAI Detect\3\PIC\2021041310020608608.jpg
2025-03-06 18:22:37,802 - app_pyside6.gui.result_viewer - INFO - Found statistics in result
2025-03-06 18:22:37,804 - app_pyside6.gui.result_viewer - INFO - Successfully added data for C:\Users\ETPau\Desktop\MicroAI Detect\3\PIC\2021041310020608608.jpg
2025-03-06 18:22:37,804 - app_pyside6.gui.result_viewer - INFO - Checking result for C:\Users\ETPau\Desktop\MicroAI Detect\3\PIC\2121.jpg
2025-03-06 18:22:37,804 - app_pyside6.gui.result_viewer - INFO - Found statistics in result
2025-03-06 18:22:37,804 - app_pyside6.gui.result_viewer - INFO - Successfully added data for C:\Users\ETPau\Desktop\MicroAI Detect\3\PIC\2121.jpg
2025-03-06 18:22:37,804 - app_pyside6.gui.result_viewer - INFO - Checking result for C:\Users\ETPau\Desktop\MicroAI Detect\3\PIC\OIP-C.jpg
2025-03-06 18:22:37,804 - app_pyside6.gui.result_viewer - INFO - Found statistics in result
2025-03-06 18:22:37,805 - app_pyside6.gui.result_viewer - INFO - Successfully added data for C:\Users\ETPau\Desktop\MicroAI Detect\3\PIC\OIP-C.jpg
2025-03-06 18:22:37,805 - app_pyside6.gui.result_viewer - INFO - Checking result for C:\Users\ETPau\Desktop\MicroAI Detect\3\PIC\R-C.jpg
2025-03-06 18:22:37,805 - app_pyside6.gui.result_viewer - INFO - Found statistics in result
2025-03-06 18:22:37,805 - app_pyside6.gui.result_viewer - INFO - Successfully added data for C:\Users\ETPau\Desktop\MicroAI Detect\3\PIC\R-C.jpg
2025-03-06 18:22:37,805 - app_pyside6.gui.result_viewer - INFO - Checking result for C:\Users\ETPau\Desktop\MicroAI Detect\3\PIC\t019872959c62f44875.jpg
2025-03-06 18:22:37,805 - app_pyside6.gui.result_viewer - INFO - Found statistics in result
2025-03-06 18:22:37,807 - app_pyside6.gui.result_viewer - INFO - Successfully added data for C:\Users\ETPau\Desktop\MicroAI Detect\3\PIC\t019872959c62f44875.jpg
2025-03-06 18:22:38,198 - app_pyside6.gui.result_viewer - INFO - Looking for valid result in 5 results
2025-03-06 18:22:38,199 - app_pyside6.gui.result_viewer - INFO - Checking result for C:\Users\ETPau\Desktop\MicroAI Detect\3\PIC\2021041310020608608.jpg
2025-03-06 18:22:38,199 - app_pyside6.gui.result_viewer - INFO - Result keys: ['dataframe', 'output_dir', 'statistics']
2025-03-06 18:22:38,199 - app_pyside6.gui.result_viewer - INFO - Found valid result for C:\Users\ETPau\Desktop\MicroAI Detect\3\PIC\2021041310020608608.jpg
2025-03-06 18:22:38,200 - app_pyside6.gui.result_viewer - INFO - DataFrame columns: ['run_number', 'count', 'confidence']
2025-03-06 18:22:38,200 - app_pyside6.gui.result_viewer - INFO - Statistics keys: ['confidence_stats', 'count_stats']
2025-03-06 18:22:56,466 - app_pyside6.utils.batch_analyzer - INFO - Processing image: 2021041310020608608
2025-03-06 18:22:57,866 - app_pyside6.utils.batch_analyzer - INFO - Plots created in C:\Users\ETPau\Desktop\MicroAI Detect\3\results\batch\20250306_182256\plots
2025-03-06 18:22:57,917 - app_pyside6.utils.batch_analyzer - INFO - Processing image: 2121
2025-03-06 18:22:59,044 - app_pyside6.utils.batch_analyzer - INFO - Plots created in C:\Users\ETPau\Desktop\MicroAI Detect\3\results\batch\20250306_182256\plots
2025-03-06 18:22:59,088 - app_pyside6.utils.batch_analyzer - INFO - Processing image: OIP-C
2025-03-06 18:23:00,201 - app_pyside6.utils.batch_analyzer - INFO - Plots created in C:\Users\ETPau\Desktop\MicroAI Detect\3\results\batch\20250306_182256\plots
2025-03-06 18:23:00,254 - app_pyside6.utils.batch_analyzer - INFO - Processing image: R-C
2025-03-06 18:23:01,998 - app_pyside6.utils.batch_analyzer - INFO - Plots created in C:\Users\ETPau\Desktop\MicroAI Detect\3\results\batch\20250306_182256\plots
2025-03-06 18:23:02,066 - app_pyside6.utils.batch_analyzer - INFO - Processing image: t019872959c62f44875
2025-03-06 18:23:03,565 - app_pyside6.utils.batch_analyzer - INFO - Plots created in C:\Users\ETPau\Desktop\MicroAI Detect\3\results\batch\20250306_182256\plots
2025-03-06 18:23:03,767 - app_pyside6.gui.image_list_widget - INFO - Processing complete: 2021041310020608608.jpg
2025-03-06 18:23:03,768 - app_pyside6.gui.image_list_widget - INFO - Processing complete: 2121.jpg
2025-03-06 18:23:03,768 - app_pyside6.gui.image_list_widget - INFO - Processing complete: OIP-C.jpg
2025-03-06 18:23:03,769 - app_pyside6.gui.image_list_widget - INFO - Processing complete: R-C.jpg
2025-03-06 18:23:03,769 - app_pyside6.gui.image_list_widget - INFO - Processing complete: t019872959c62f44875.jpg
2025-03-06 18:23:07,777 - app_pyside6.gui.result_viewer - INFO - Populating summary table...
2025-03-06 18:23:07,777 - app_pyside6.gui.result_viewer - INFO - Found statistics in result
2025-03-06 18:23:07,779 - app_pyside6.gui.result_viewer - INFO - Successfully added summary data for C:\Users\ETPau\Desktop\MicroAI Detect\3\PIC\2021041310020608608.jpg
2025-03-06 18:23:07,779 - app_pyside6.gui.result_viewer - INFO - Found statistics in result
2025-03-06 18:23:07,779 - app_pyside6.gui.result_viewer - INFO - Successfully added summary data for C:\Users\ETPau\Desktop\MicroAI Detect\3\PIC\2121.jpg
2025-03-06 18:23:07,779 - app_pyside6.gui.result_viewer - INFO - Found statistics in result
2025-03-06 18:23:07,779 - app_pyside6.gui.result_viewer - INFO - Successfully added summary data for C:\Users\ETPau\Desktop\MicroAI Detect\3\PIC\OIP-C.jpg
2025-03-06 18:23:07,780 - app_pyside6.gui.result_viewer - INFO - Found statistics in result
2025-03-06 18:23:07,780 - app_pyside6.gui.result_viewer - INFO - Successfully added summary data for C:\Users\ETPau\Desktop\MicroAI Detect\3\PIC\R-C.jpg
2025-03-06 18:23:07,780 - app_pyside6.gui.result_viewer - INFO - Found statistics in result
2025-03-06 18:23:07,780 - app_pyside6.gui.result_viewer - INFO - Successfully added summary data for C:\Users\ETPau\Desktop\MicroAI Detect\3\PIC\t019872959c62f44875.jpg
2025-03-06 18:23:07,781 - app_pyside6.gui.result_viewer - INFO - Creating comparison plots...
2025-03-06 18:23:07,781 - app_pyside6.gui.result_viewer - INFO - Processing 5 results
2025-03-06 18:23:07,781 - app_pyside6.gui.result_viewer - INFO - Checking result for C:\Users\ETPau\Desktop\MicroAI Detect\3\PIC\2021041310020608608.jpg
2025-03-06 18:23:07,781 - app_pyside6.gui.result_viewer - INFO - Found statistics in result
2025-03-06 18:23:07,781 - app_pyside6.gui.result_viewer - INFO - Successfully added data for C:\Users\ETPau\Desktop\MicroAI Detect\3\PIC\2021041310020608608.jpg
2025-03-06 18:23:07,781 - app_pyside6.gui.result_viewer - INFO - Checking result for C:\Users\ETPau\Desktop\MicroAI Detect\3\PIC\2121.jpg
2025-03-06 18:23:07,782 - app_pyside6.gui.result_viewer - INFO - Found statistics in result
2025-03-06 18:23:07,782 - app_pyside6.gui.result_viewer - INFO - Successfully added data for C:\Users\ETPau\Desktop\MicroAI Detect\3\PIC\2121.jpg
2025-03-06 18:23:07,782 - app_pyside6.gui.result_viewer - INFO - Checking result for C:\Users\ETPau\Desktop\MicroAI Detect\3\PIC\OIP-C.jpg
2025-03-06 18:23:07,782 - app_pyside6.gui.result_viewer - INFO - Found statistics in result
2025-03-06 18:23:07,782 - app_pyside6.gui.result_viewer - INFO - Successfully added data for C:\Users\ETPau\Desktop\MicroAI Detect\3\PIC\OIP-C.jpg
2025-03-06 18:23:07,782 - app_pyside6.gui.result_viewer - INFO - Checking result for C:\Users\ETPau\Desktop\MicroAI Detect\3\PIC\R-C.jpg
2025-03-06 18:23:07,783 - app_pyside6.gui.result_viewer - INFO - Found statistics in result
2025-03-06 18:23:07,783 - app_pyside6.gui.result_viewer - INFO - Successfully added data for C:\Users\ETPau\Desktop\MicroAI Detect\3\PIC\R-C.jpg
2025-03-06 18:23:07,783 - app_pyside6.gui.result_viewer - INFO - Checking result for C:\Users\ETPau\Desktop\MicroAI Detect\3\PIC\t019872959c62f44875.jpg
2025-03-06 18:23:07,783 - app_pyside6.gui.result_viewer - INFO - Found statistics in result
2025-03-06 18:23:07,784 - app_pyside6.gui.result_viewer - INFO - Successfully added data for C:\Users\ETPau\Desktop\MicroAI Detect\3\PIC\t019872959c62f44875.jpg
2025-03-06 18:23:08,147 - app_pyside6.gui.result_viewer - INFO - Looking for valid result in 5 results
2025-03-06 18:23:08,148 - app_pyside6.gui.result_viewer - INFO - Checking result for C:\Users\ETPau\Desktop\MicroAI Detect\3\PIC\2021041310020608608.jpg
2025-03-06 18:23:08,148 - app_pyside6.gui.result_viewer - INFO - Result keys: ['dataframe', 'output_dir', 'statistics']
2025-03-06 18:23:08,148 - app_pyside6.gui.result_viewer - INFO - Found valid result for C:\Users\ETPau\Desktop\MicroAI Detect\3\PIC\2021041310020608608.jpg
2025-03-06 18:23:08,148 - app_pyside6.gui.result_viewer - INFO - DataFrame columns: ['run_number', 'count', 'confidence']
2025-03-06 18:23:08,149 - app_pyside6.gui.result_viewer - INFO - Statistics keys: ['confidence_stats', 'count_stats']
2025-03-06 18:23:11,628 - app_pyside6.config.config_manager - INFO - Configuration saved to C:\Users\ETPau\Documents\GitHub\CNN-\app_pyside6\config\defaults\defaults.yaml
2025-03-06 18:25:58,547 - root - INFO - Logging initialized
2025-03-06 18:25:58,550 - root - INFO - Application directories created
2025-03-06 18:25:58,612 - app_pyside6.config - INFO - Using defaults configuration from: C:\Users\ETPau\Documents\GitHub\CNN-\app_pyside6\config\defaults\defaults.yaml
2025-03-06 18:25:58,621 - app_pyside6.config - INFO - Copied default config to: C:\Users\ETPau\Documents\GitHub\CNN-\app_pyside6\config\config.yaml
2025-03-06 18:25:58,622 - root - INFO - Configuration initialized
2025-03-06 18:26:03,336 - app_pyside6.utils.i18n - INFO - Loaded translations: ['en', 'zh']
2025-03-06 18:26:12,477 - app_pyside6.gui.main_window - INFO - Starting in demo mode
2025-03-06 18:26:12,478 - app_pyside6.models.inference - INFO - Running in demo mode - using mock predictions
2025-03-06 18:26:12,478 - app_pyside6.gui.main_window - INFO - Model initialized successfully
2025-03-06 18:26:12,752 - app_pyside6.config.config_manager - INFO - Configuration saved to C:\Users\ETPau\Documents\GitHub\CNN-\app_pyside6\config\defaults\defaults.yaml
2025-03-06 18:26:12,755 - app_pyside6.gui.image_list_widget - INFO - Image loaded: 2021041310020608608.jpg
2025-03-06 18:26:12,756 - app_pyside6.gui.image_list_widget - INFO - Image loaded: 2121.jpg
2025-03-06 18:26:12,756 - app_pyside6.gui.image_list_widget - INFO - Image loaded: OIP-C.jpg
2025-03-06 18:26:12,756 - app_pyside6.gui.image_list_widget - INFO - Image loaded: R-C.jpg
2025-03-06 18:26:12,757 - app_pyside6.gui.image_list_widget - INFO - Image loaded: t019872959c62f44875.jpg
2025-03-06 18:26:22,648 - app_pyside6.gui.image_list_widget - INFO - Processing complete: 2021041310020608608.jpg
2025-03-06 18:26:22,649 - app_pyside6.gui.image_list_widget - INFO - Processing complete: 2121.jpg
2025-03-06 18:26:22,649 - app_pyside6.gui.image_list_widget - INFO - Processing complete: OIP-C.jpg
2025-03-06 18:26:22,649 - app_pyside6.gui.image_list_widget - INFO - Processing complete: R-C.jpg
2025-03-06 18:26:22,649 - app_pyside6.gui.image_list_widget - INFO - Processing complete: t019872959c62f44875.jpg
2025-03-06 18:26:25,774 - app_pyside6.gui.result_viewer - INFO - Populating summary table...
2025-03-06 18:26:25,775 - app_pyside6.gui.result_viewer - INFO - Found statistics in DataFrame
2025-03-06 18:26:25,776 - app_pyside6.gui.result_viewer - INFO - Successfully added summary data for C:\Users\ETPau\Desktop\MicroAI Detect\3\PIC\2021041310020608608.jpg
2025-03-06 18:26:25,776 - app_pyside6.gui.result_viewer - INFO - Found statistics in DataFrame
2025-03-06 18:26:25,776 - app_pyside6.gui.result_viewer - INFO - Successfully added summary data for C:\Users\ETPau\Desktop\MicroAI Detect\3\PIC\2121.jpg
2025-03-06 18:26:25,776 - app_pyside6.gui.result_viewer - INFO - Found statistics in DataFrame
2025-03-06 18:26:25,776 - app_pyside6.gui.result_viewer - INFO - Successfully added summary data for C:\Users\ETPau\Desktop\MicroAI Detect\3\PIC\OIP-C.jpg
2025-03-06 18:26:25,777 - app_pyside6.gui.result_viewer - INFO - Found statistics in DataFrame
2025-03-06 18:26:25,777 - app_pyside6.gui.result_viewer - INFO - Successfully added summary data for C:\Users\ETPau\Desktop\MicroAI Detect\3\PIC\R-C.jpg
2025-03-06 18:26:25,777 - app_pyside6.gui.result_viewer - INFO - Found statistics in DataFrame
2025-03-06 18:26:25,777 - app_pyside6.gui.result_viewer - INFO - Successfully added summary data for C:\Users\ETPau\Desktop\MicroAI Detect\3\PIC\t019872959c62f44875.jpg
2025-03-06 18:26:25,778 - app_pyside6.gui.result_viewer - INFO - Creating comparison plots...
2025-03-06 18:26:25,780 - app_pyside6.gui.result_viewer - INFO - Processing 5 results
2025-03-06 18:26:25,780 - app_pyside6.gui.result_viewer - INFO - Checking result for C:\Users\ETPau\Desktop\MicroAI Detect\3\PIC\2021041310020608608.jpg
2025-03-06 18:26:25,780 - app_pyside6.gui.result_viewer - INFO - Found statistics in DataFrame
2025-03-06 18:26:25,780 - app_pyside6.gui.result_viewer - INFO - Successfully added data for C:\Users\ETPau\Desktop\MicroAI Detect\3\PIC\2021041310020608608.jpg
2025-03-06 18:26:25,780 - app_pyside6.gui.result_viewer - INFO - Checking result for C:\Users\ETPau\Desktop\MicroAI Detect\3\PIC\2121.jpg
2025-03-06 18:26:25,780 - app_pyside6.gui.result_viewer - INFO - Found statistics in DataFrame
2025-03-06 18:26:25,780 - app_pyside6.gui.result_viewer - INFO - Successfully added data for C:\Users\ETPau\Desktop\MicroAI Detect\3\PIC\2121.jpg
2025-03-06 18:26:25,780 - app_pyside6.gui.result_viewer - INFO - Checking result for C:\Users\ETPau\Desktop\MicroAI Detect\3\PIC\OIP-C.jpg
2025-03-06 18:26:25,782 - app_pyside6.gui.result_viewer - INFO - Found statistics in DataFrame
2025-03-06 18:26:25,782 - app_pyside6.gui.result_viewer - INFO - Successfully added data for C:\Users\ETPau\Desktop\MicroAI Detect\3\PIC\OIP-C.jpg
2025-03-06 18:26:25,782 - app_pyside6.gui.result_viewer - INFO - Checking result for C:\Users\ETPau\Desktop\MicroAI Detect\3\PIC\R-C.jpg
2025-03-06 18:26:25,782 - app_pyside6.gui.result_viewer - INFO - Found statistics in DataFrame
2025-03-06 18:26:25,782 - app_pyside6.gui.result_viewer - INFO - Successfully added data for C:\Users\ETPau\Desktop\MicroAI Detect\3\PIC\R-C.jpg
2025-03-06 18:26:25,782 - app_pyside6.gui.result_viewer - INFO - Checking result for C:\Users\ETPau\Desktop\MicroAI Detect\3\PIC\t019872959c62f44875.jpg
2025-03-06 18:26:25,783 - app_pyside6.gui.result_viewer - INFO - Found statistics in DataFrame
2025-03-06 18:26:25,783 - app_pyside6.gui.result_viewer - INFO - Successfully added data for C:\Users\ETPau\Desktop\MicroAI Detect\3\PIC\t019872959c62f44875.jpg
2025-03-06 18:26:26,252 - app_pyside6.gui.result_viewer - INFO - Looking for valid result in 5 results
2025-03-06 18:26:26,252 - app_pyside6.gui.result_viewer - INFO - Checking result for C:\Users\ETPau\Desktop\MicroAI Detect\3\PIC\2021041310020608608.jpg
2025-03-06 18:26:26,253 - app_pyside6.gui.result_viewer - INFO - Result keys: ['dataframe', 'output_dir']
2025-03-06 18:26:26,253 - app_pyside6.gui.result_viewer - INFO - Found valid result for C:\Users\ETPau\Desktop\MicroAI Detect\3\PIC\2021041310020608608.jpg
2025-03-06 18:26:26,253 - app_pyside6.gui.result_viewer - INFO - DataFrame columns: ['count', 'confidence', 'boxes', 'scores', 'statistics']
2025-03-06 18:26:32,218 - app_pyside6.utils.batch_analyzer - INFO - Processing image: 2021041310020608608
2025-03-06 18:26:34,040 - app_pyside6.utils.batch_analyzer - INFO - Plots created in C:\Users\ETPau\Desktop\MicroAI Detect\3\results\batch\20250306_182632\plots
2025-03-06 18:26:34,282 - app_pyside6.utils.batch_analyzer - INFO - Processing image: 2121
2025-03-06 18:26:36,176 - app_pyside6.utils.batch_analyzer - INFO - Plots created in C:\Users\ETPau\Desktop\MicroAI Detect\3\results\batch\20250306_182632\plots
2025-03-06 18:26:36,243 - app_pyside6.utils.batch_analyzer - INFO - Processing image: OIP-C
2025-03-06 18:26:37,814 - app_pyside6.utils.batch_analyzer - INFO - Plots created in C:\Users\ETPau\Desktop\MicroAI Detect\3\results\batch\20250306_182632\plots
2025-03-06 18:26:37,864 - app_pyside6.utils.batch_analyzer - INFO - Processing image: R-C
2025-03-06 18:26:39,310 - app_pyside6.utils.batch_analyzer - INFO - Plots created in C:\Users\ETPau\Desktop\MicroAI Detect\3\results\batch\20250306_182632\plots
2025-03-06 18:26:39,369 - app_pyside6.utils.batch_analyzer - INFO - Processing image: t019872959c62f44875
2025-03-06 18:26:40,633 - app_pyside6.utils.batch_analyzer - INFO - Plots created in C:\Users\ETPau\Desktop\MicroAI Detect\3\results\batch\20250306_182632\plots
2025-03-06 18:26:40,795 - app_pyside6.gui.image_list_widget - INFO - Processing complete: 2021041310020608608.jpg
2025-03-06 18:26:40,795 - app_pyside6.gui.image_list_widget - INFO - Processing complete: 2121.jpg
2025-03-06 18:26:40,795 - app_pyside6.gui.image_list_widget - INFO - Processing complete: OIP-C.jpg
2025-03-06 18:26:40,797 - app_pyside6.gui.image_list_widget - INFO - Processing complete: R-C.jpg
2025-03-06 18:26:40,797 - app_pyside6.gui.image_list_widget - INFO - Processing complete: t019872959c62f44875.jpg
2025-03-06 18:26:43,480 - app_pyside6.gui.result_viewer - INFO - Populating summary table...
2025-03-06 18:26:43,481 - app_pyside6.gui.result_viewer - INFO - Found statistics in result
2025-03-06 18:26:43,481 - app_pyside6.gui.result_viewer - INFO - Successfully added summary data for C:\Users\ETPau\Desktop\MicroAI Detect\3\PIC\2021041310020608608.jpg
2025-03-06 18:26:43,481 - app_pyside6.gui.result_viewer - INFO - Found statistics in result
2025-03-06 18:26:43,481 - app_pyside6.gui.result_viewer - INFO - Successfully added summary data for C:\Users\ETPau\Desktop\MicroAI Detect\3\PIC\2121.jpg
2025-03-06 18:26:43,481 - app_pyside6.gui.result_viewer - INFO - Found statistics in result
2025-03-06 18:26:43,482 - app_pyside6.gui.result_viewer - INFO - Successfully added summary data for C:\Users\ETPau\Desktop\MicroAI Detect\3\PIC\OIP-C.jpg
2025-03-06 18:26:43,482 - app_pyside6.gui.result_viewer - INFO - Found statistics in result
2025-03-06 18:26:43,482 - app_pyside6.gui.result_viewer - INFO - Successfully added summary data for C:\Users\ETPau\Desktop\MicroAI Detect\3\PIC\R-C.jpg
2025-03-06 18:26:43,482 - app_pyside6.gui.result_viewer - INFO - Found statistics in result
2025-03-06 18:26:43,483 - app_pyside6.gui.result_viewer - INFO - Successfully added summary data for C:\Users\ETPau\Desktop\MicroAI Detect\3\PIC\t019872959c62f44875.jpg
2025-03-06 18:26:43,484 - app_pyside6.gui.result_viewer - INFO - Creating comparison plots...
2025-03-06 18:26:43,484 - app_pyside6.gui.result_viewer - INFO - Processing 5 results
2025-03-06 18:26:43,484 - app_pyside6.gui.result_viewer - INFO - Checking result for C:\Users\ETPau\Desktop\MicroAI Detect\3\PIC\2021041310020608608.jpg
2025-03-06 18:26:43,484 - app_pyside6.gui.result_viewer - INFO - Found statistics in result
2025-03-06 18:26:43,484 - app_pyside6.gui.result_viewer - INFO - Successfully added data for C:\Users\ETPau\Desktop\MicroAI Detect\3\PIC\2021041310020608608.jpg
2025-03-06 18:26:43,485 - app_pyside6.gui.result_viewer - INFO - Checking result for C:\Users\ETPau\Desktop\MicroAI Detect\3\PIC\2121.jpg
2025-03-06 18:26:43,485 - app_pyside6.gui.result_viewer - INFO - Found statistics in result
2025-03-06 18:26:43,485 - app_pyside6.gui.result_viewer - INFO - Successfully added data for C:\Users\ETPau\Desktop\MicroAI Detect\3\PIC\2121.jpg
2025-03-06 18:26:43,485 - app_pyside6.gui.result_viewer - INFO - Checking result for C:\Users\ETPau\Desktop\MicroAI Detect\3\PIC\OIP-C.jpg
2025-03-06 18:26:43,485 - app_pyside6.gui.result_viewer - INFO - Found statistics in result
2025-03-06 18:26:43,486 - app_pyside6.gui.result_viewer - INFO - Successfully added data for C:\Users\ETPau\Desktop\MicroAI Detect\3\PIC\OIP-C.jpg
2025-03-06 18:26:43,486 - app_pyside6.gui.result_viewer - INFO - Checking result for C:\Users\ETPau\Desktop\MicroAI Detect\3\PIC\R-C.jpg
2025-03-06 18:26:43,486 - app_pyside6.gui.result_viewer - INFO - Found statistics in result
2025-03-06 18:26:43,486 - app_pyside6.gui.result_viewer - INFO - Successfully added data for C:\Users\ETPau\Desktop\MicroAI Detect\3\PIC\R-C.jpg
2025-03-06 18:26:43,486 - app_pyside6.gui.result_viewer - INFO - Checking result for C:\Users\ETPau\Desktop\MicroAI Detect\3\PIC\t019872959c62f44875.jpg
2025-03-06 18:26:43,486 - app_pyside6.gui.result_viewer - INFO - Found statistics in result
2025-03-06 18:26:43,486 - app_pyside6.gui.result_viewer - INFO - Successfully added data for C:\Users\ETPau\Desktop\MicroAI Detect\3\PIC\t019872959c62f44875.jpg
2025-03-06 18:26:43,950 - app_pyside6.gui.result_viewer - INFO - Looking for valid result in 5 results
2025-03-06 18:26:43,951 - app_pyside6.gui.result_viewer - INFO - Checking result for C:\Users\ETPau\Desktop\MicroAI Detect\3\PIC\2021041310020608608.jpg
2025-03-06 18:26:43,951 - app_pyside6.gui.result_viewer - INFO - Result keys: ['dataframe', 'output_dir', 'statistics']
2025-03-06 18:26:43,951 - app_pyside6.gui.result_viewer - INFO - Found valid result for C:\Users\ETPau\Desktop\MicroAI Detect\3\PIC\2021041310020608608.jpg
2025-03-06 18:26:43,951 - app_pyside6.gui.result_viewer - INFO - DataFrame columns: ['run_number', 'count', 'confidence']
2025-03-06 18:26:43,951 - app_pyside6.gui.result_viewer - INFO - Statistics keys: ['confidence_stats', 'count_stats']
2025-03-06 18:26:46,436 - app_pyside6.config.config_manager - INFO - Configuration saved to C:\Users\ETPau\Documents\GitHub\CNN-\app_pyside6\config\defaults\defaults.yaml
2025-03-06 18:45:34,834 - root - INFO - Logging initialized
2025-03-06 18:45:34,837 - root - INFO - Application directories created
2025-03-06 18:45:34,982 - app_pyside6.config - INFO - Using defaults configuration from: C:\Users\ETPau\Documents\GitHub\CNN-\app_pyside6\config\defaults\defaults.yaml
2025-03-06 18:45:35,001 - app_pyside6.config - INFO - Copied default config to: C:\Users\ETPau\Documents\GitHub\CNN-\app_pyside6\config\config.yaml
2025-03-06 18:45:35,003 - root - INFO - Configuration initialized
2025-03-06 18:45:41,406 - app_pyside6.utils.i18n - INFO - Loaded translations: ['en', 'zh']
2025-03-06 18:45:53,635 - app_pyside6.gui.main_window - INFO - Starting in demo mode
2025-03-06 18:45:53,636 - app_pyside6.models.inference - INFO - Running in demo mode - using mock predictions
2025-03-06 18:45:53,636 - app_pyside6.gui.main_window - INFO - Model initialized successfully
2025-03-06 18:45:53,979 - app_pyside6.config.config_manager - INFO - Configuration saved to C:\Users\ETPau\Documents\GitHub\CNN-\app_pyside6\config\defaults\defaults.yaml
2025-03-06 18:45:53,986 - app_pyside6.gui.image_list_widget - INFO - Image loaded: 2021041310020608608.jpg
2025-03-06 18:45:53,989 - app_pyside6.gui.image_list_widget - INFO - Image loaded: 2121.jpg
2025-03-06 18:45:53,989 - app_pyside6.gui.image_list_widget - INFO - Image loaded: OIP-C.jpg
2025-03-06 18:45:53,991 - app_pyside6.gui.image_list_widget - INFO - Image loaded: R-C.jpg
2025-03-06 18:45:53,992 - app_pyside6.gui.image_list_widget - INFO - Image loaded: t019872959c62f44875.jpg
2025-03-06 18:46:00,075 - app_pyside6.utils.batch_analyzer - INFO - Processing image: 2021041310020608608
2025-03-06 18:46:02,289 - app_pyside6.utils.batch_analyzer - INFO - Plots created in C:\Users\ETPau\Desktop\MicroAI Detect\3\results\batch\20250306_184600\plots
2025-03-06 18:46:02,609 - app_pyside6.utils.batch_analyzer - INFO - Processing image: 2121
2025-03-06 18:46:04,657 - app_pyside6.utils.batch_analyzer - INFO - Plots created in C:\Users\ETPau\Desktop\MicroAI Detect\3\results\batch\20250306_184600\plots
2025-03-06 18:46:04,749 - app_pyside6.utils.batch_analyzer - INFO - Processing image: OIP-C
2025-03-06 18:46:06,662 - app_pyside6.utils.batch_analyzer - INFO - Plots created in C:\Users\ETPau\Desktop\MicroAI Detect\3\results\batch\20250306_184600\plots
2025-03-06 18:46:06,744 - app_pyside6.utils.batch_analyzer - INFO - Processing image: R-C
2025-03-06 18:46:08,967 - app_pyside6.utils.batch_analyzer - INFO - Plots created in C:\Users\ETPau\Desktop\MicroAI Detect\3\results\batch\20250306_184600\plots
2025-03-06 18:46:09,032 - app_pyside6.utils.batch_analyzer - INFO - Processing image: t019872959c62f44875
2025-03-06 18:46:10,610 - app_pyside6.utils.batch_analyzer - INFO - Plots created in C:\Users\ETPau\Desktop\MicroAI Detect\3\results\batch\20250306_184600\plots
2025-03-06 18:46:10,833 - app_pyside6.gui.image_list_widget - INFO - Processing complete: 2021041310020608608.jpg
2025-03-06 18:46:10,834 - app_pyside6.gui.image_list_widget - INFO - Processing complete: 2121.jpg
2025-03-06 18:46:10,835 - app_pyside6.gui.image_list_widget - INFO - Processing complete: OIP-C.jpg
2025-03-06 18:46:10,835 - app_pyside6.gui.image_list_widget - INFO - Processing complete: R-C.jpg
2025-03-06 18:46:10,836 - app_pyside6.gui.image_list_widget - INFO - Processing complete: t019872959c62f44875.jpg
2025-03-06 18:46:14,259 - app_pyside6.gui.result_viewer - INFO - Populating summary table...
2025-03-06 18:46:14,259 - app_pyside6.gui.result_viewer - INFO - Found statistics in result
2025-03-06 18:46:14,260 - app_pyside6.gui.result_viewer - INFO - Successfully added summary data for C:\Users\ETPau\Desktop\MicroAI Detect\3\PIC\2021041310020608608.jpg
2025-03-06 18:46:14,260 - app_pyside6.gui.result_viewer - INFO - Found statistics in result
2025-03-06 18:46:14,260 - app_pyside6.gui.result_viewer - INFO - Successfully added summary data for C:\Users\ETPau\Desktop\MicroAI Detect\3\PIC\2121.jpg
2025-03-06 18:46:14,262 - app_pyside6.gui.result_viewer - INFO - Found statistics in result
2025-03-06 18:46:14,262 - app_pyside6.gui.result_viewer - INFO - Successfully added summary data for C:\Users\ETPau\Desktop\MicroAI Detect\3\PIC\OIP-C.jpg
2025-03-06 18:46:14,262 - app_pyside6.gui.result_viewer - INFO - Found statistics in result
2025-03-06 18:46:14,262 - app_pyside6.gui.result_viewer - INFO - Successfully added summary data for C:\Users\ETPau\Desktop\MicroAI Detect\3\PIC\R-C.jpg
2025-03-06 18:46:14,262 - app_pyside6.gui.result_viewer - INFO - Found statistics in result
2025-03-06 18:46:14,263 - app_pyside6.gui.result_viewer - INFO - Successfully added summary data for C:\Users\ETPau\Desktop\MicroAI Detect\3\PIC\t019872959c62f44875.jpg
2025-03-06 18:46:14,269 - app_pyside6.gui.result_viewer - INFO - Creating comparison plots...
2025-03-06 18:46:14,270 - app_pyside6.gui.result_viewer - INFO - Processing 5 results
2025-03-06 18:46:14,270 - app_pyside6.gui.result_viewer - INFO - Checking result for C:\Users\ETPau\Desktop\MicroAI Detect\3\PIC\2021041310020608608.jpg
2025-03-06 18:46:14,270 - app_pyside6.gui.result_viewer - INFO - Found statistics in result
2025-03-06 18:46:14,271 - app_pyside6.gui.result_viewer - INFO - Successfully added data for C:\Users\ETPau\Desktop\MicroAI Detect\3\PIC\2021041310020608608.jpg
2025-03-06 18:46:14,271 - app_pyside6.gui.result_viewer - INFO - Checking result for C:\Users\ETPau\Desktop\MicroAI Detect\3\PIC\2121.jpg
2025-03-06 18:46:14,271 - app_pyside6.gui.result_viewer - INFO - Found statistics in result
2025-03-06 18:46:14,271 - app_pyside6.gui.result_viewer - INFO - Successfully added data for C:\Users\ETPau\Desktop\MicroAI Detect\3\PIC\2121.jpg
2025-03-06 18:46:14,272 - app_pyside6.gui.result_viewer - INFO - Checking result for C:\Users\ETPau\Desktop\MicroAI Detect\3\PIC\OIP-C.jpg
2025-03-06 18:46:14,272 - app_pyside6.gui.result_viewer - INFO - Found statistics in result
2025-03-06 18:46:14,272 - app_pyside6.gui.result_viewer - INFO - Successfully added data for C:\Users\ETPau\Desktop\MicroAI Detect\3\PIC\OIP-C.jpg
2025-03-06 18:46:14,272 - app_pyside6.gui.result_viewer - INFO - Checking result for C:\Users\ETPau\Desktop\MicroAI Detect\3\PIC\R-C.jpg
2025-03-06 18:46:14,273 - app_pyside6.gui.result_viewer - INFO - Found statistics in result
2025-03-06 18:46:14,273 - app_pyside6.gui.result_viewer - INFO - Successfully added data for C:\Users\ETPau\Desktop\MicroAI Detect\3\PIC\R-C.jpg
2025-03-06 18:46:14,273 - app_pyside6.gui.result_viewer - INFO - Checking result for C:\Users\ETPau\Desktop\MicroAI Detect\3\PIC\t019872959c62f44875.jpg
2025-03-06 18:46:14,273 - app_pyside6.gui.result_viewer - INFO - Found statistics in result
2025-03-06 18:46:14,274 - app_pyside6.gui.result_viewer - INFO - Successfully added data for C:\Users\ETPau\Desktop\MicroAI Detect\3\PIC\t019872959c62f44875.jpg
2025-03-06 18:46:14,811 - app_pyside6.gui.result_viewer - INFO - Looking for valid result in 5 results
2025-03-06 18:46:14,811 - app_pyside6.gui.result_viewer - INFO - Checking result for C:\Users\ETPau\Desktop\MicroAI Detect\3\PIC\2021041310020608608.jpg
2025-03-06 18:46:14,812 - app_pyside6.gui.result_viewer - INFO - Result keys: ['dataframe', 'output_dir', 'statistics']
2025-03-06 18:46:14,812 - app_pyside6.gui.result_viewer - INFO - Found valid result for C:\Users\ETPau\Desktop\MicroAI Detect\3\PIC\2021041310020608608.jpg
2025-03-06 18:46:14,812 - app_pyside6.gui.result_viewer - INFO - DataFrame columns: ['run_number', 'count', 'confidence']
2025-03-06 18:46:14,812 - app_pyside6.gui.result_viewer - INFO - Statistics keys: ['confidence_stats', 'count_stats']
2025-03-06 18:46:17,906 - app_pyside6.config.config_manager - INFO - Configuration saved to C:\Users\ETPau\Documents\GitHub\CNN-\app_pyside6\config\defaults\defaults.yaml
2025-03-06 18:47:42,586 - root - INFO - Logging initialized
2025-03-06 18:47:42,602 - root - INFO - Application directories created
2025-03-06 18:47:42,705 - app_pyside6.config - INFO - Using defaults configuration from: C:\Users\ETPau\Documents\GitHub\CNN-\app_pyside6\config\defaults\defaults.yaml
2025-03-06 18:47:42,722 - app_pyside6.config - INFO - Copied default config to: C:\Users\ETPau\Documents\GitHub\CNN-\app_pyside6\config\config.yaml
2025-03-06 18:47:42,724 - root - INFO - Configuration initialized
2025-03-06 18:47:47,335 - app_pyside6.utils.i18n - INFO - Loaded translations: ['en', 'zh']
2025-03-06 18:47:56,530 - app_pyside6.models.inference - INFO - Running in demo mode - using mock predictions
2025-03-06 18:47:56,531 - app_pyside6.gui.main_window - INFO - Model initialized successfully
2025-03-06 18:47:56,822 - app_pyside6.config.config_manager - INFO - Configuration saved to C:\Users\ETPau\Documents\GitHub\CNN-\app_pyside6\config\defaults\defaults.yaml
2025-03-06 18:47:56,825 - app_pyside6.gui.image_list_widget - INFO - Image loaded: 2021041310020608608.jpg
2025-03-06 18:47:56,826 - app_pyside6.gui.image_list_widget - INFO - Image loaded: 2121.jpg
2025-03-06 18:47:56,826 - app_pyside6.gui.image_list_widget - INFO - Image loaded: OIP-C.jpg
2025-03-06 18:47:56,827 - app_pyside6.gui.image_list_widget - INFO - Image loaded: R-C.jpg
2025-03-06 18:47:56,827 - app_pyside6.gui.image_list_widget - INFO - Image loaded: t019872959c62f44875.jpg
2025-03-06 18:48:14,001 - app_pyside6.gui.image_list_widget - INFO - Processing complete: 2021041310020608608.jpg
2025-03-06 18:48:14,001 - app_pyside6.gui.image_list_widget - INFO - Processing complete: 2121.jpg
2025-03-06 18:48:14,002 - app_pyside6.gui.image_list_widget - INFO - Processing complete: OIP-C.jpg
2025-03-06 18:48:14,003 - app_pyside6.gui.image_list_widget - INFO - Processing complete: R-C.jpg
2025-03-06 18:48:14,003 - app_pyside6.gui.image_list_widget - INFO - Processing complete: t019872959c62f44875.jpg
2025-03-06 18:48:17,254 - app_pyside6.utils.batch_analyzer - INFO - Processing image: 2021041310020608608
2025-03-06 18:48:20,098 - app_pyside6.utils.batch_analyzer - INFO - Plots created in C:\Users\ETPau\Desktop\MicroAI Detect\3\results\batch\20250306_184817\plots
2025-03-06 18:48:20,419 - app_pyside6.utils.batch_analyzer - INFO - Processing image: 2121
2025-03-06 18:48:22,469 - app_pyside6.utils.batch_analyzer - INFO - Plots created in C:\Users\ETPau\Desktop\MicroAI Detect\3\results\batch\20250306_184817\plots
2025-03-06 18:48:22,546 - app_pyside6.utils.batch_analyzer - INFO - Processing image: OIP-C
2025-03-06 18:48:24,448 - app_pyside6.utils.batch_analyzer - INFO - Plots created in C:\Users\ETPau\Desktop\MicroAI Detect\3\results\batch\20250306_184817\plots
2025-03-06 18:48:24,553 - app_pyside6.utils.batch_analyzer - INFO - Processing image: R-C
2025-03-06 18:48:27,082 - app_pyside6.utils.batch_analyzer - INFO - Plots created in C:\Users\ETPau\Desktop\MicroAI Detect\3\results\batch\20250306_184817\plots
2025-03-06 18:48:27,136 - app_pyside6.utils.batch_analyzer - INFO - Processing image: t019872959c62f44875
2025-03-06 18:48:29,371 - app_pyside6.utils.batch_analyzer - INFO - Plots created in C:\Users\ETPau\Desktop\MicroAI Detect\3\results\batch\20250306_184817\plots
2025-03-06 18:48:29,661 - app_pyside6.gui.image_list_widget - INFO - Processing complete: 2021041310020608608.jpg
2025-03-06 18:48:29,662 - app_pyside6.gui.image_list_widget - INFO - Processing complete: 2121.jpg
2025-03-06 18:48:29,662 - app_pyside6.gui.image_list_widget - INFO - Processing complete: OIP-C.jpg
2025-03-06 18:48:29,663 - app_pyside6.gui.image_list_widget - INFO - Processing complete: R-C.jpg
2025-03-06 18:48:29,663 - app_pyside6.gui.image_list_widget - INFO - Processing complete: t019872959c62f44875.jpg
2025-03-06 18:48:42,454 - app_pyside6.config.config_manager - INFO - Configuration saved to C:\Users\ETPau\Documents\GitHub\CNN-\app_pyside6\config\defaults\defaults.yaml
2025-03-06 18:53:11,502 - root - INFO - Logging initialized
2025-03-06 18:53:11,506 - root - INFO - Application directories created
2025-03-06 18:53:11,602 - app_pyside6.config - INFO - Using defaults configuration from: C:\Users\ETPau\Documents\GitHub\CNN-\app_pyside6\config\defaults\defaults.yaml
2025-03-06 18:53:11,613 - app_pyside6.config - INFO - Copied default config to: C:\Users\ETPau\Documents\GitHub\CNN-\app_pyside6\config\config.yaml
2025-03-06 18:53:11,615 - root - INFO - Configuration initialized
2025-03-06 18:53:17,220 - app_pyside6.utils.i18n - INFO - Loaded translations: ['en', 'zh']
2025-03-06 18:53:27,576 - app_pyside6.models.inference - INFO - Running in demo mode - using mock predictions
2025-03-06 18:53:27,577 - app_pyside6.gui.main_window - INFO - Model initialized successfully
2025-03-06 18:53:28,001 - app_pyside6.config.config_manager - INFO - Configuration saved to C:\Users\ETPau\Documents\GitHub\CNN-\app_pyside6\config\defaults\defaults.yaml
2025-03-06 18:53:28,005 - app_pyside6.gui.image_list_widget - INFO - Image loaded: 2021041310020608608.jpg
2025-03-06 18:53:28,008 - app_pyside6.gui.image_list_widget - INFO - Image loaded: 2121.jpg
2025-03-06 18:53:28,009 - app_pyside6.gui.image_list_widget - INFO - Image loaded: OIP-C.jpg
2025-03-06 18:53:28,010 - app_pyside6.gui.image_list_widget - INFO - Image loaded: R-C.jpg
2025-03-06 18:53:28,011 - app_pyside6.gui.image_list_widget - INFO - Image loaded: t019872959c62f44875.jpg
2025-03-06 18:53:35,246 - app_pyside6.gui.image_list_widget - INFO - Processing complete: 2021041310020608608.jpg
2025-03-06 18:53:35,246 - app_pyside6.gui.image_list_widget - INFO - Processing complete: 2121.jpg
2025-03-06 18:53:35,247 - app_pyside6.gui.image_list_widget - INFO - Processing complete: OIP-C.jpg
2025-03-06 18:53:35,247 - app_pyside6.gui.image_list_widget - INFO - Processing complete: R-C.jpg
2025-03-06 18:53:35,248 - app_pyside6.gui.image_list_widget - INFO - Processing complete: t019872959c62f44875.jpg
2025-03-06 18:53:36,853 - app_pyside6.utils.batch_analyzer - INFO - Processing image: 2021041310020608608
2025-03-06 18:53:38,249 - app_pyside6.utils.batch_analyzer - INFO - Plots created in C:\Users\ETPau\Desktop\MicroAI Detect\3\results\batch\20250306_185336\plots
2025-03-06 18:53:38,395 - app_pyside6.utils.batch_analyzer - INFO - Processing image: 2121
2025-03-06 18:53:39,776 - app_pyside6.utils.batch_analyzer - INFO - Plots created in C:\Users\ETPau\Desktop\MicroAI Detect\3\results\batch\20250306_185336\plots
2025-03-06 18:53:39,818 - app_pyside6.utils.batch_analyzer - INFO - Processing image: OIP-C
2025-03-06 18:53:41,074 - app_pyside6.utils.batch_analyzer - INFO - Plots created in C:\Users\ETPau\Desktop\MicroAI Detect\3\results\batch\20250306_185336\plots
2025-03-06 18:53:41,126 - app_pyside6.utils.batch_analyzer - INFO - Processing image: R-C
2025-03-06 18:53:42,621 - app_pyside6.utils.batch_analyzer - INFO - Plots created in C:\Users\ETPau\Desktop\MicroAI Detect\3\results\batch\20250306_185336\plots
2025-03-06 18:53:42,679 - app_pyside6.utils.batch_analyzer - INFO - Processing image: t019872959c62f44875
2025-03-06 18:53:44,103 - app_pyside6.utils.batch_analyzer - INFO - Plots created in C:\Users\ETPau\Desktop\MicroAI Detect\3\results\batch\20250306_185336\plots
2025-03-06 18:53:44,268 - app_pyside6.gui.image_list_widget - INFO - Processing complete: 2021041310020608608.jpg
2025-03-06 18:53:44,269 - app_pyside6.gui.image_list_widget - INFO - Processing complete: 2121.jpg
2025-03-06 18:53:44,270 - app_pyside6.gui.image_list_widget - INFO - Processing complete: OIP-C.jpg
2025-03-06 18:53:44,271 - app_pyside6.gui.image_list_widget - INFO - Processing complete: R-C.jpg
2025-03-06 18:53:44,271 - app_pyside6.gui.image_list_widget - INFO - Processing complete: t019872959c62f44875.jpg
2025-03-06 18:53:45,947 - app_pyside6.gui.result_viewer - INFO - Populating summary table...
2025-03-06 18:53:45,948 - app_pyside6.gui.result_viewer - INFO - Found statistics in result
2025-03-06 18:53:45,948 - app_pyside6.gui.result_viewer - INFO - Successfully added summary data for C:\Users\ETPau\Desktop\MicroAI Detect\3\PIC\2021041310020608608.jpg
2025-03-06 18:53:45,949 - app_pyside6.gui.result_viewer - INFO - Found statistics in result
2025-03-06 18:53:45,949 - app_pyside6.gui.result_viewer - INFO - Successfully added summary data for C:\Users\ETPau\Desktop\MicroAI Detect\3\PIC\2121.jpg
2025-03-06 18:53:45,949 - app_pyside6.gui.result_viewer - INFO - Found statistics in result
2025-03-06 18:53:45,949 - app_pyside6.gui.result_viewer - INFO - Successfully added summary data for C:\Users\ETPau\Desktop\MicroAI Detect\3\PIC\OIP-C.jpg
2025-03-06 18:53:45,950 - app_pyside6.gui.result_viewer - INFO - Found statistics in result
2025-03-06 18:53:45,950 - app_pyside6.gui.result_viewer - INFO - Successfully added summary data for C:\Users\ETPau\Desktop\MicroAI Detect\3\PIC\R-C.jpg
2025-03-06 18:53:45,950 - app_pyside6.gui.result_viewer - INFO - Found statistics in result
2025-03-06 18:53:45,950 - app_pyside6.gui.result_viewer - INFO - Successfully added summary data for C:\Users\ETPau\Desktop\MicroAI Detect\3\PIC\t019872959c62f44875.jpg
2025-03-06 18:53:45,956 - app_pyside6.gui.result_viewer - INFO - Creating comparison plots...
2025-03-06 18:53:45,956 - app_pyside6.gui.result_viewer - INFO - Processing 5 results
2025-03-06 18:53:45,956 - app_pyside6.gui.result_viewer - INFO - Checking result for C:\Users\ETPau\Desktop\MicroAI Detect\3\PIC\2021041310020608608.jpg
2025-03-06 18:53:45,956 - app_pyside6.gui.result_viewer - INFO - Found statistics in result
2025-03-06 18:53:45,957 - app_pyside6.gui.result_viewer - INFO - Successfully added data for C:\Users\ETPau\Desktop\MicroAI Detect\3\PIC\2021041310020608608.jpg
2025-03-06 18:53:45,957 - app_pyside6.gui.result_viewer - INFO - Checking result for C:\Users\ETPau\Desktop\MicroAI Detect\3\PIC\2121.jpg
2025-03-06 18:53:45,957 - app_pyside6.gui.result_viewer - INFO - Found statistics in result
2025-03-06 18:53:45,957 - app_pyside6.gui.result_viewer - INFO - Successfully added data for C:\Users\ETPau\Desktop\MicroAI Detect\3\PIC\2121.jpg
2025-03-06 18:53:45,957 - app_pyside6.gui.result_viewer - INFO - Checking result for C:\Users\ETPau\Desktop\MicroAI Detect\3\PIC\OIP-C.jpg
2025-03-06 18:53:45,958 - app_pyside6.gui.result_viewer - INFO - Found statistics in result
2025-03-06 18:53:45,958 - app_pyside6.gui.result_viewer - INFO - Successfully added data for C:\Users\ETPau\Desktop\MicroAI Detect\3\PIC\OIP-C.jpg
2025-03-06 18:53:45,958 - app_pyside6.gui.result_viewer - INFO - Checking result for C:\Users\ETPau\Desktop\MicroAI Detect\3\PIC\R-C.jpg
2025-03-06 18:53:45,958 - app_pyside6.gui.result_viewer - INFO - Found statistics in result
2025-03-06 18:53:45,958 - app_pyside6.gui.result_viewer - INFO - Successfully added data for C:\Users\ETPau\Desktop\MicroAI Detect\3\PIC\R-C.jpg
2025-03-06 18:53:45,958 - app_pyside6.gui.result_viewer - INFO - Checking result for C:\Users\ETPau\Desktop\MicroAI Detect\3\PIC\t019872959c62f44875.jpg
2025-03-06 18:53:45,960 - app_pyside6.gui.result_viewer - INFO - Found statistics in result
2025-03-06 18:53:45,960 - app_pyside6.gui.result_viewer - INFO - Successfully added data for C:\Users\ETPau\Desktop\MicroAI Detect\3\PIC\t019872959c62f44875.jpg
2025-03-06 18:53:46,415 - app_pyside6.gui.result_viewer - INFO - Looking for valid result in 5 results
2025-03-06 18:53:46,415 - app_pyside6.gui.result_viewer - INFO - Checking result for C:\Users\ETPau\Desktop\MicroAI Detect\3\PIC\2021041310020608608.jpg
2025-03-06 18:53:46,417 - app_pyside6.gui.result_viewer - INFO - Result keys: ['dataframe', 'output_dir', 'statistics']
2025-03-06 18:53:46,417 - app_pyside6.gui.result_viewer - INFO - Found valid result for C:\Users\ETPau\Desktop\MicroAI Detect\3\PIC\2021041310020608608.jpg
2025-03-06 18:53:46,417 - app_pyside6.gui.result_viewer - INFO - DataFrame columns: ['run_number', 'count', 'confidence']
2025-03-06 18:53:46,417 - app_pyside6.gui.result_viewer - INFO - Statistics keys: ['confidence_stats', 'count_stats']
2025-03-06 18:53:50,434 - app_pyside6.config.config_manager - INFO - Configuration saved to C:\Users\ETPau\Documents\GitHub\CNN-\app_pyside6\config\defaults\defaults.yaml
2025-03-06 18:55:36,817 - root - INFO - Logging initialized
2025-03-06 18:55:36,819 - root - INFO - Application directories created
2025-03-06 18:55:36,884 - app_pyside6.config - INFO - Using defaults configuration from: C:\Users\ETPau\Documents\GitHub\CNN-\app_pyside6\config\defaults\defaults.yaml
2025-03-06 18:55:36,892 - app_pyside6.config - INFO - Copied default config to: C:\Users\ETPau\Documents\GitHub\CNN-\app_pyside6\config\config.yaml
2025-03-06 18:55:36,893 - root - INFO - Configuration initialized
2025-03-06 18:55:40,829 - app_pyside6.utils.i18n - INFO - Loaded translations: ['en', 'zh']
2025-03-06 18:55:50,027 - app_pyside6.models.inference - INFO - Running in demo mode - using mock predictions
2025-03-06 18:55:50,028 - app_pyside6.gui.main_window - INFO - Model initialized successfully
2025-03-06 18:55:50,302 - app_pyside6.config.config_manager - INFO - Configuration saved to C:\Users\ETPau\Documents\GitHub\CNN-\app_pyside6\config\defaults\defaults.yaml
2025-03-06 18:55:50,304 - app_pyside6.gui.image_list_widget - INFO - Image loaded: 2021041310020608608.jpg
2025-03-06 18:55:50,306 - app_pyside6.gui.image_list_widget - INFO - Image loaded: 2121.jpg
2025-03-06 18:55:50,306 - app_pyside6.gui.image_list_widget - INFO - Image loaded: OIP-C.jpg
2025-03-06 18:55:50,307 - app_pyside6.gui.image_list_widget - INFO - Image loaded: R-C.jpg
2025-03-06 18:55:50,307 - app_pyside6.gui.image_list_widget - INFO - Image loaded: t019872959c62f44875.jpg
2025-03-06 18:56:13,393 - app_pyside6.gui.image_list_widget - INFO - Processing complete: 2021041310020608608.jpg
2025-03-06 18:56:13,393 - app_pyside6.gui.image_list_widget - INFO - Processing complete: 2121.jpg
2025-03-06 18:56:13,394 - app_pyside6.gui.image_list_widget - INFO - Processing complete: OIP-C.jpg
2025-03-06 18:56:13,394 - app_pyside6.gui.image_list_widget - INFO - Processing complete: R-C.jpg
2025-03-06 18:56:13,394 - app_pyside6.gui.image_list_widget - INFO - Processing complete: t019872959c62f44875.jpg
2025-03-06 18:56:14,717 - app_pyside6.utils.batch_analyzer - INFO - Processing image: 2021041310020608608
2025-03-06 18:56:16,155 - app_pyside6.utils.batch_analyzer - INFO - Plots created in C:\Users\ETPau\Desktop\MicroAI Detect\3\results\batch\20250306_185614\plots
2025-03-06 18:56:16,331 - app_pyside6.utils.batch_analyzer - INFO - Processing image: 2121
2025-03-06 18:56:17,879 - app_pyside6.utils.batch_analyzer - INFO - Plots created in C:\Users\ETPau\Desktop\MicroAI Detect\3\results\batch\20250306_185614\plots
2025-03-06 18:56:17,950 - app_pyside6.utils.batch_analyzer - INFO - Processing image: OIP-C
2025-03-06 18:56:19,391 - app_pyside6.utils.batch_analyzer - INFO - Plots created in C:\Users\ETPau\Desktop\MicroAI Detect\3\results\batch\20250306_185614\plots
2025-03-06 18:56:19,452 - app_pyside6.utils.batch_analyzer - INFO - Processing image: R-C
2025-03-06 18:56:21,361 - app_pyside6.utils.batch_analyzer - INFO - Plots created in C:\Users\ETPau\Desktop\MicroAI Detect\3\results\batch\20250306_185614\plots
2025-03-06 18:56:21,419 - app_pyside6.utils.batch_analyzer - INFO - Processing image: t019872959c62f44875
2025-03-06 18:56:22,948 - app_pyside6.utils.batch_analyzer - INFO - Plots created in C:\Users\ETPau\Desktop\MicroAI Detect\3\results\batch\20250306_185614\plots
2025-03-06 18:56:23,114 - app_pyside6.gui.image_list_widget - INFO - Processing complete: 2021041310020608608.jpg
2025-03-06 18:56:23,115 - app_pyside6.gui.image_list_widget - INFO - Processing complete: 2121.jpg
2025-03-06 18:56:23,115 - app_pyside6.gui.image_list_widget - INFO - Processing complete: OIP-C.jpg
2025-03-06 18:56:23,115 - app_pyside6.gui.image_list_widget - INFO - Processing complete: R-C.jpg
2025-03-06 18:56:23,116 - app_pyside6.gui.image_list_widget - INFO - Processing complete: t019872959c62f44875.jpg
2025-03-06 18:56:27,119 - app_pyside6.gui.result_viewer - INFO - Populating summary table...
2025-03-06 18:56:27,119 - app_pyside6.gui.result_viewer - INFO - Found statistics in result
2025-03-06 18:56:27,119 - app_pyside6.gui.result_viewer - INFO - Successfully added summary data for C:\Users\ETPau\Desktop\MicroAI Detect\3\PIC\2021041310020608608.jpg
2025-03-06 18:56:27,120 - app_pyside6.gui.result_viewer - INFO - Found statistics in result
2025-03-06 18:56:27,120 - app_pyside6.gui.result_viewer - INFO - Successfully added summary data for C:\Users\ETPau\Desktop\MicroAI Detect\3\PIC\2121.jpg
2025-03-06 18:56:27,120 - app_pyside6.gui.result_viewer - INFO - Found statistics in result
2025-03-06 18:56:27,120 - app_pyside6.gui.result_viewer - INFO - Successfully added summary data for C:\Users\ETPau\Desktop\MicroAI Detect\3\PIC\OIP-C.jpg
2025-03-06 18:56:27,120 - app_pyside6.gui.result_viewer - INFO - Found statistics in result
2025-03-06 18:56:27,120 - app_pyside6.gui.result_viewer - INFO - Successfully added summary data for C:\Users\ETPau\Desktop\MicroAI Detect\3\PIC\R-C.jpg
2025-03-06 18:56:27,120 - app_pyside6.gui.result_viewer - INFO - Found statistics in result
2025-03-06 18:56:27,121 - app_pyside6.gui.result_viewer - INFO - Successfully added summary data for C:\Users\ETPau\Desktop\MicroAI Detect\3\PIC\t019872959c62f44875.jpg
2025-03-06 18:56:27,123 - app_pyside6.gui.result_viewer - INFO - Creating comparison plots...
2025-03-06 18:56:27,124 - app_pyside6.gui.result_viewer - INFO - Processing 5 results
2025-03-06 18:56:27,124 - app_pyside6.gui.result_viewer - INFO - Checking result for C:\Users\ETPau\Desktop\MicroAI Detect\3\PIC\2021041310020608608.jpg
2025-03-06 18:56:27,124 - app_pyside6.gui.result_viewer - INFO - Found statistics in result
2025-03-06 18:56:27,125 - app_pyside6.gui.result_viewer - INFO - Successfully added data for C:\Users\ETPau\Desktop\MicroAI Detect\3\PIC\2021041310020608608.jpg
2025-03-06 18:56:27,125 - app_pyside6.gui.result_viewer - INFO - Checking result for C:\Users\ETPau\Desktop\MicroAI Detect\3\PIC\2121.jpg
2025-03-06 18:56:27,125 - app_pyside6.gui.result_viewer - INFO - Found statistics in result
2025-03-06 18:56:27,125 - app_pyside6.gui.result_viewer - INFO - Successfully added data for C:\Users\ETPau\Desktop\MicroAI Detect\3\PIC\2121.jpg
2025-03-06 18:56:27,125 - app_pyside6.gui.result_viewer - INFO - Checking result for C:\Users\ETPau\Desktop\MicroAI Detect\3\PIC\OIP-C.jpg
2025-03-06 18:56:27,126 - app_pyside6.gui.result_viewer - INFO - Found statistics in result
2025-03-06 18:56:27,126 - app_pyside6.gui.result_viewer - INFO - Successfully added data for C:\Users\ETPau\Desktop\MicroAI Detect\3\PIC\OIP-C.jpg
2025-03-06 18:56:27,126 - app_pyside6.gui.result_viewer - INFO - Checking result for C:\Users\ETPau\Desktop\MicroAI Detect\3\PIC\R-C.jpg
2025-03-06 18:56:27,126 - app_pyside6.gui.result_viewer - INFO - Found statistics in result
2025-03-06 18:56:27,126 - app_pyside6.gui.result_viewer - INFO - Successfully added data for C:\Users\ETPau\Desktop\MicroAI Detect\3\PIC\R-C.jpg
2025-03-06 18:56:27,126 - app_pyside6.gui.result_viewer - INFO - Checking result for C:\Users\ETPau\Desktop\MicroAI Detect\3\PIC\t019872959c62f44875.jpg
2025-03-06 18:56:27,126 - app_pyside6.gui.result_viewer - INFO - Found statistics in result
2025-03-06 18:56:27,128 - app_pyside6.gui.result_viewer - INFO - Successfully added data for C:\Users\ETPau\Desktop\MicroAI Detect\3\PIC\t019872959c62f44875.jpg
2025-03-06 18:56:27,608 - app_pyside6.gui.result_viewer - INFO - Looking for valid result in 5 results
2025-03-06 18:56:27,608 - app_pyside6.gui.result_viewer - INFO - Checking result for C:\Users\ETPau\Desktop\MicroAI Detect\3\PIC\2021041310020608608.jpg
2025-03-06 18:56:27,609 - app_pyside6.gui.result_viewer - INFO - Result keys: ['dataframe', 'output_dir', 'statistics']
2025-03-06 18:56:27,609 - app_pyside6.gui.result_viewer - INFO - Found valid result for C:\Users\ETPau\Desktop\MicroAI Detect\3\PIC\2021041310020608608.jpg
2025-03-06 18:56:27,610 - app_pyside6.gui.result_viewer - INFO - DataFrame columns: ['run_number', 'count', 'confidence']
2025-03-06 18:56:27,610 - app_pyside6.gui.result_viewer - INFO - Statistics keys: ['confidence_stats', 'count_stats']
2025-03-06 18:56:31,261 - app_pyside6.config.config_manager - INFO - Configuration saved to C:\Users\ETPau\Documents\GitHub\CNN-\app_pyside6\config\defaults\defaults.yaml
2025-03-06 19:03:16,675 - root - INFO - Logging initialized
2025-03-06 19:03:16,677 - root - INFO - Application directories created
2025-03-06 19:03:16,753 - app_pyside6.config - INFO - Using defaults configuration from: C:\Users\ETPau\Documents\GitHub\CNN-\app_pyside6\config\defaults\defaults.yaml
2025-03-06 19:03:16,763 - app_pyside6.config - INFO - Copied default config to: C:\Users\ETPau\Documents\GitHub\CNN-\app_pyside6\config\config.yaml
2025-03-06 19:03:16,764 - root - INFO - Configuration initialized
2025-03-06 19:03:21,494 - app_pyside6.utils.i18n - INFO - Loaded translations: ['en', 'zh']
2025-03-06 19:03:37,632 - app_pyside6.models.inference - INFO - Running in demo mode - using mock predictions
2025-03-06 19:03:37,632 - app_pyside6.gui.main_window - INFO - Model initialized successfully
2025-03-06 19:03:37,972 - app_pyside6.config.config_manager - INFO - Configuration saved to C:\Users\ETPau\Documents\GitHub\CNN-\app_pyside6\config\defaults\defaults.yaml
2025-03-06 19:03:37,975 - app_pyside6.gui.image_list_widget - INFO - Image loaded: 2021041310020608608.jpg
2025-03-06 19:03:37,977 - app_pyside6.gui.image_list_widget - INFO - Image loaded: 2121.jpg
2025-03-06 19:03:37,977 - app_pyside6.gui.image_list_widget - INFO - Image loaded: OIP-C.jpg
2025-03-06 19:03:37,978 - app_pyside6.gui.image_list_widget - INFO - Image loaded: R-C.jpg
2025-03-06 19:03:37,979 - app_pyside6.gui.image_list_widget - INFO - Image loaded: t019872959c62f44875.jpg
2025-03-06 19:03:42,817 - app_pyside6.gui.image_list_widget - INFO - Processing complete: 2021041310020608608.jpg
2025-03-06 19:03:42,818 - app_pyside6.gui.image_list_widget - INFO - Processing complete: 2121.jpg
2025-03-06 19:03:42,818 - app_pyside6.gui.image_list_widget - INFO - Processing complete: OIP-C.jpg
2025-03-06 19:03:42,818 - app_pyside6.gui.image_list_widget - INFO - Processing complete: R-C.jpg
2025-03-06 19:03:42,819 - app_pyside6.gui.image_list_widget - INFO - Processing complete: t019872959c62f44875.jpg
2025-03-06 19:03:45,254 - app_pyside6.utils.batch_analyzer - INFO - Processing image: 2021041310020608608
2025-03-06 19:03:47,170 - app_pyside6.utils.batch_analyzer - INFO - Plots created in C:\Users\ETPau\Desktop\MicroAI Detect\3\results\batch\20250306_190345\plots
2025-03-06 19:03:47,484 - app_pyside6.utils.batch_analyzer - INFO - Processing image: 2121
2025-03-06 19:03:49,469 - app_pyside6.utils.batch_analyzer - INFO - Plots created in C:\Users\ETPau\Desktop\MicroAI Detect\3\results\batch\20250306_190345\plots
2025-03-06 19:03:49,532 - app_pyside6.utils.batch_analyzer - INFO - Processing image: OIP-C
2025-03-06 19:03:51,410 - app_pyside6.utils.batch_analyzer - INFO - Plots created in C:\Users\ETPau\Desktop\MicroAI Detect\3\results\batch\20250306_190345\plots
2025-03-06 19:03:51,491 - app_pyside6.utils.batch_analyzer - INFO - Processing image: R-C
2025-03-06 19:03:54,137 - app_pyside6.utils.batch_analyzer - INFO - Plots created in C:\Users\ETPau\Desktop\MicroAI Detect\3\results\batch\20250306_190345\plots
2025-03-06 19:03:54,209 - app_pyside6.utils.batch_analyzer - INFO - Processing image: t019872959c62f44875
2025-03-06 19:03:56,335 - app_pyside6.utils.batch_analyzer - INFO - Plots created in C:\Users\ETPau\Desktop\MicroAI Detect\3\results\batch\20250306_190345\plots
2025-03-06 19:03:56,593 - app_pyside6.gui.image_list_widget - INFO - Processing complete: 2021041310020608608.jpg
2025-03-06 19:03:56,594 - app_pyside6.gui.image_list_widget - INFO - Processing complete: 2121.jpg
2025-03-06 19:03:56,595 - app_pyside6.gui.image_list_widget - INFO - Processing complete: OIP-C.jpg
2025-03-06 19:03:56,595 - app_pyside6.gui.image_list_widget - INFO - Processing complete: R-C.jpg
2025-03-06 19:03:56,595 - app_pyside6.gui.image_list_widget - INFO - Processing complete: t019872959c62f44875.jpg
2025-03-06 19:04:00,046 - app_pyside6.gui.result_viewer - INFO - Populating summary table...
2025-03-06 19:04:00,047 - app_pyside6.gui.result_viewer - INFO - Found statistics in result
2025-03-06 19:04:00,048 - app_pyside6.gui.result_viewer - INFO - Successfully added summary data for C:\Users\ETPau\Desktop\MicroAI Detect\3\PIC\2021041310020608608.jpg
2025-03-06 19:04:00,048 - app_pyside6.gui.result_viewer - INFO - Found statistics in result
2025-03-06 19:04:00,048 - app_pyside6.gui.result_viewer - INFO - Successfully added summary data for C:\Users\ETPau\Desktop\MicroAI Detect\3\PIC\2121.jpg
2025-03-06 19:04:00,050 - app_pyside6.gui.result_viewer - INFO - Found statistics in result
2025-03-06 19:04:00,050 - app_pyside6.gui.result_viewer - INFO - Successfully added summary data for C:\Users\ETPau\Desktop\MicroAI Detect\3\PIC\OIP-C.jpg
2025-03-06 19:04:00,050 - app_pyside6.gui.result_viewer - INFO - Found statistics in result
2025-03-06 19:04:00,051 - app_pyside6.gui.result_viewer - INFO - Successfully added summary data for C:\Users\ETPau\Desktop\MicroAI Detect\3\PIC\R-C.jpg
2025-03-06 19:04:00,051 - app_pyside6.gui.result_viewer - INFO - Found statistics in result
2025-03-06 19:04:00,051 - app_pyside6.gui.result_viewer - INFO - Successfully added summary data for C:\Users\ETPau\Desktop\MicroAI Detect\3\PIC\t019872959c62f44875.jpg
2025-03-06 19:04:00,055 - app_pyside6.gui.result_viewer - INFO - Creating comparison plots...
2025-03-06 19:04:00,055 - app_pyside6.gui.result_viewer - INFO - Processing 5 results
2025-03-06 19:04:00,055 - app_pyside6.gui.result_viewer - INFO - Checking result for C:\Users\ETPau\Desktop\MicroAI Detect\3\PIC\2021041310020608608.jpg
2025-03-06 19:04:00,056 - app_pyside6.gui.result_viewer - INFO - Found statistics in result
2025-03-06 19:04:00,057 - app_pyside6.gui.result_viewer - INFO - Successfully added data for C:\Users\ETPau\Desktop\MicroAI Detect\3\PIC\2021041310020608608.jpg
2025-03-06 19:04:00,057 - app_pyside6.gui.result_viewer - INFO - Checking result for C:\Users\ETPau\Desktop\MicroAI Detect\3\PIC\2121.jpg
2025-03-06 19:04:00,057 - app_pyside6.gui.result_viewer - INFO - Found statistics in result
2025-03-06 19:04:00,057 - app_pyside6.gui.result_viewer - INFO - Successfully added data for C:\Users\ETPau\Desktop\MicroAI Detect\3\PIC\2121.jpg
2025-03-06 19:04:00,058 - app_pyside6.gui.result_viewer - INFO - Checking result for C:\Users\ETPau\Desktop\MicroAI Detect\3\PIC\OIP-C.jpg
2025-03-06 19:04:00,058 - app_pyside6.gui.result_viewer - INFO - Found statistics in result
2025-03-06 19:04:00,059 - app_pyside6.gui.result_viewer - INFO - Successfully added data for C:\Users\ETPau\Desktop\MicroAI Detect\3\PIC\OIP-C.jpg
2025-03-06 19:04:00,059 - app_pyside6.gui.result_viewer - INFO - Checking result for C:\Users\ETPau\Desktop\MicroAI Detect\3\PIC\R-C.jpg
2025-03-06 19:04:00,059 - app_pyside6.gui.result_viewer - INFO - Found statistics in result
2025-03-06 19:04:00,059 - app_pyside6.gui.result_viewer - INFO - Successfully added data for C:\Users\ETPau\Desktop\MicroAI Detect\3\PIC\R-C.jpg
2025-03-06 19:04:00,059 - app_pyside6.gui.result_viewer - INFO - Checking result for C:\Users\ETPau\Desktop\MicroAI Detect\3\PIC\t019872959c62f44875.jpg
2025-03-06 19:04:00,061 - app_pyside6.gui.result_viewer - INFO - Found statistics in result
2025-03-06 19:04:00,061 - app_pyside6.gui.result_viewer - INFO - Successfully added data for C:\Users\ETPau\Desktop\MicroAI Detect\3\PIC\t019872959c62f44875.jpg
2025-03-06 19:04:00,877 - app_pyside6.gui.result_viewer - INFO - Looking for valid result in 5 results
2025-03-06 19:04:00,878 - app_pyside6.gui.result_viewer - INFO - Checking result for C:\Users\ETPau\Desktop\MicroAI Detect\3\PIC\2021041310020608608.jpg
2025-03-06 19:04:00,878 - app_pyside6.gui.result_viewer - INFO - Result keys: ['dataframe', 'output_dir', 'statistics']
2025-03-06 19:04:00,878 - app_pyside6.gui.result_viewer - INFO - Found valid result for C:\Users\ETPau\Desktop\MicroAI Detect\3\PIC\2021041310020608608.jpg
2025-03-06 19:04:00,879 - app_pyside6.gui.result_viewer - INFO - DataFrame columns: ['run_number', 'count', 'confidence']
2025-03-06 19:04:00,879 - app_pyside6.gui.result_viewer - INFO - Statistics keys: ['confidence_stats', 'count_stats']
2025-03-06 19:04:05,277 - app_pyside6.config.config_manager - INFO - Configuration saved to C:\Users\ETPau\Documents\GitHub\CNN-\app_pyside6\config\defaults\defaults.yaml
2025-03-06 19:08:04,036 - root - INFO - Logging initialized
2025-03-06 19:08:04,044 - root - INFO - Application directories created
2025-03-06 19:08:04,189 - app_pyside6.config - INFO - Using defaults configuration from: C:\Users\ETPau\Documents\GitHub\CNN-\app_pyside6\config\defaults\defaults.yaml
2025-03-06 19:08:04,207 - app_pyside6.config - INFO - Copied default config to: C:\Users\ETPau\Documents\GitHub\CNN-\app_pyside6\config\config.yaml
2025-03-06 19:08:04,209 - root - INFO - Configuration initialized
2025-03-06 19:08:09,219 - app_pyside6.utils.i18n - INFO - Loaded translations: ['en', 'zh']
2025-03-06 19:08:18,075 - app_pyside6.models.inference - INFO - Running in demo mode - using mock predictions
2025-03-06 19:08:18,075 - app_pyside6.gui.main_window - INFO - Model initialized successfully
2025-03-06 19:08:18,273 - app_pyside6.config.config_manager - INFO - Configuration saved to C:\Users\ETPau\Documents\GitHub\CNN-\app_pyside6\config\defaults\defaults.yaml
2025-03-06 19:08:18,275 - app_pyside6.gui.image_list_widget - INFO - Image loaded: 2021041310020608608.jpg
2025-03-06 19:08:18,275 - app_pyside6.gui.image_list_widget - INFO - Image loaded: 2121.jpg
2025-03-06 19:08:18,276 - app_pyside6.gui.image_list_widget - INFO - Image loaded: OIP-C.jpg
2025-03-06 19:08:18,276 - app_pyside6.gui.image_list_widget - INFO - Image loaded: R-C.jpg
2025-03-06 19:08:18,276 - app_pyside6.gui.image_list_widget - INFO - Image loaded: t019872959c62f44875.jpg
2025-03-06 19:08:22,222 - app_pyside6.gui.image_list_widget - INFO - Processing complete: 2021041310020608608.jpg
2025-03-06 19:08:22,224 - app_pyside6.gui.image_list_widget - INFO - Processing complete: 2121.jpg
2025-03-06 19:08:22,224 - app_pyside6.gui.image_list_widget - INFO - Processing complete: OIP-C.jpg
2025-03-06 19:08:22,224 - app_pyside6.gui.image_list_widget - INFO - Processing complete: R-C.jpg
2025-03-06 19:08:22,225 - app_pyside6.gui.image_list_widget - INFO - Processing complete: t019872959c62f44875.jpg
2025-03-06 19:08:25,233 - app_pyside6.utils.batch_analyzer - INFO - Processing image: 2021041310020608608
2025-03-06 19:08:26,660 - app_pyside6.utils.batch_analyzer - INFO - Plots created in C:\Users\ETPau\Desktop\MicroAI Detect\3\results\batch\20250306_190825\plots
2025-03-06 19:08:26,859 - app_pyside6.utils.batch_analyzer - INFO - Processing image: 2121
2025-03-06 19:08:28,675 - app_pyside6.utils.batch_analyzer - INFO - Plots created in C:\Users\ETPau\Desktop\MicroAI Detect\3\results\batch\20250306_190825\plots
2025-03-06 19:08:28,752 - app_pyside6.utils.batch_analyzer - INFO - Processing image: OIP-C
2025-03-06 19:08:30,678 - app_pyside6.utils.batch_analyzer - INFO - Plots created in C:\Users\ETPau\Desktop\MicroAI Detect\3\results\batch\20250306_190825\plots
2025-03-06 19:08:30,749 - app_pyside6.utils.batch_analyzer - INFO - Processing image: R-C
2025-03-06 19:08:32,834 - app_pyside6.utils.batch_analyzer - INFO - Plots created in C:\Users\ETPau\Desktop\MicroAI Detect\3\results\batch\20250306_190825\plots
2025-03-06 19:08:32,920 - app_pyside6.utils.batch_analyzer - INFO - Processing image: t019872959c62f44875
2025-03-06 19:08:34,686 - app_pyside6.utils.batch_analyzer - INFO - Plots created in C:\Users\ETPau\Desktop\MicroAI Detect\3\results\batch\20250306_190825\plots
2025-03-06 19:08:34,910 - app_pyside6.gui.image_list_widget - INFO - Processing complete: 2021041310020608608.jpg
2025-03-06 19:08:34,910 - app_pyside6.gui.image_list_widget - INFO - Processing complete: 2121.jpg
2025-03-06 19:08:34,911 - app_pyside6.gui.image_list_widget - INFO - Processing complete: OIP-C.jpg
2025-03-06 19:08:34,911 - app_pyside6.gui.image_list_widget - INFO - Processing complete: R-C.jpg
2025-03-06 19:08:34,911 - app_pyside6.gui.image_list_widget - INFO - Processing complete: t019872959c62f44875.jpg
2025-03-06 19:08:47,417 - app_pyside6.config.config_manager - INFO - Configuration saved to C:\Users\ETPau\Documents\GitHub\CNN-\app_pyside6\config\defaults\defaults.yaml
2025-03-06 19:25:11,265 - root - INFO - Logging initialized
2025-03-06 19:25:11,268 - root - INFO - Application directories created
2025-03-06 19:25:11,423 - app_pyside6.config - INFO - Using defaults configuration from: C:\Users\ETPau\Documents\GitHub\CNN-\app_pyside6\config\defaults\defaults.yaml
2025-03-06 19:25:11,439 - app_pyside6.config - INFO - Copied default config to: C:\Users\ETPau\Documents\GitHub\CNN-\app_pyside6\config\config.yaml
2025-03-06 19:25:11,440 - root - INFO - Configuration initialized
2025-03-06 19:25:17,856 - app_pyside6.utils.i18n - INFO - Loaded translations: ['en', 'zh']
2025-03-06 19:25:30,202 - app_pyside6.gui.main_window - INFO - Starting in demo mode
2025-03-06 19:25:30,202 - app_pyside6.models.inference - INFO - Running in demo mode - using mock predictions
2025-03-06 19:26:42,461 - app_pyside6.config.config_manager - INFO - Configuration saved to C:\Users\ETPau\Documents\GitHub\CNN-\app_pyside6\config\defaults\defaults.yaml
2025-03-06 19:26:42,468 - app_pyside6.gui.image_list_widget - INFO - Image loaded: OIP-C.jpg
2025-03-06 19:26:45,592 - app_pyside6.gui.image_list_widget - INFO - Processing complete: OIP-C.jpg
2025-03-06 19:26:47,469 - app_pyside6.utils.batch_analyzer - INFO - Processing image: OIP-C
2025-03-06 19:26:49,020 - app_pyside6.utils.batch_analyzer - INFO - Plots created in C:\Users\ETPau\Desktop\MicroAI Detect\1\results\batch\20250306_192647\plots
2025-03-06 19:26:49,267 - app_pyside6.gui.image_list_widget - INFO - Processing complete: OIP-C.jpg
2025-03-06 19:26:51,051 - app_pyside6.gui.result_viewer - INFO - Looking for valid result in 1 results
2025-03-06 19:26:51,052 - app_pyside6.gui.result_viewer - INFO - Checking result for C:\Users\ETPau\Desktop\MicroAI Detect\1\PIC\OIP-C.jpg
2025-03-06 19:26:51,052 - app_pyside6.gui.result_viewer - INFO - Result keys: ['dataframe', 'output_dir', 'statistics']
2025-03-06 19:26:51,052 - app_pyside6.gui.result_viewer - INFO - Found valid result for C:\Users\ETPau\Desktop\MicroAI Detect\1\PIC\OIP-C.jpg
2025-03-06 19:26:51,052 - app_pyside6.gui.result_viewer - INFO - DataFrame columns: ['run_number', 'count', 'confidence']
2025-03-06 19:26:51,052 - app_pyside6.gui.result_viewer - INFO - Statistics keys: ['confidence_stats', 'count_stats']
2025-03-06 19:26:51,066 - app_pyside6.gui.result_viewer - INFO - Looking for valid result in 1 results
2025-03-06 19:26:51,067 - app_pyside6.gui.result_viewer - INFO - Checking result for C:\Users\ETPau\Desktop\MicroAI Detect\1\PIC\OIP-C.jpg
2025-03-06 19:26:51,067 - app_pyside6.gui.result_viewer - INFO - Result keys: ['dataframe', 'output_dir', 'statistics']
2025-03-06 19:26:51,067 - app_pyside6.gui.result_viewer - INFO - Found valid result for C:\Users\ETPau\Desktop\MicroAI Detect\1\PIC\OIP-C.jpg
2025-03-06 19:26:51,067 - app_pyside6.gui.result_viewer - INFO - DataFrame columns: ['run_number', 'count', 'confidence']
2025-03-06 19:26:51,067 - app_pyside6.gui.result_viewer - INFO - Statistics keys: ['confidence_stats', 'count_stats']
2025-03-06 19:26:51,072 - app_pyside6.gui.result_viewer - INFO - Looking for valid result in 1 results
2025-03-06 19:26:51,073 - app_pyside6.gui.result_viewer - INFO - Checking result for C:\Users\ETPau\Desktop\MicroAI Detect\1\PIC\OIP-C.jpg
2025-03-06 19:26:51,073 - app_pyside6.gui.result_viewer - INFO - Result keys: ['dataframe', 'output_dir', 'statistics']
2025-03-06 19:26:51,073 - app_pyside6.gui.result_viewer - INFO - Found valid result for C:\Users\ETPau\Desktop\MicroAI Detect\1\PIC\OIP-C.jpg
2025-03-06 19:26:51,073 - app_pyside6.gui.result_viewer - INFO - DataFrame columns: ['run_number', 'count', 'confidence']
2025-03-06 19:26:51,073 - app_pyside6.gui.result_viewer - INFO - Statistics keys: ['confidence_stats', 'count_stats']
2025-03-06 19:26:51,075 - app_pyside6.gui.result_viewer - INFO - Looking for valid result in 1 results
2025-03-06 19:26:51,075 - app_pyside6.gui.result_viewer - INFO - Checking result for C:\Users\ETPau\Desktop\MicroAI Detect\1\PIC\OIP-C.jpg
2025-03-06 19:26:51,076 - app_pyside6.gui.result_viewer - INFO - Result keys: ['dataframe', 'output_dir', 'statistics']
2025-03-06 19:26:51,076 - app_pyside6.gui.result_viewer - INFO - Found valid result for C:\Users\ETPau\Desktop\MicroAI Detect\1\PIC\OIP-C.jpg
2025-03-06 19:26:51,076 - app_pyside6.gui.result_viewer - INFO - DataFrame columns: ['run_number', 'count', 'confidence']
2025-03-06 19:26:51,076 - app_pyside6.gui.result_viewer - INFO - Statistics keys: ['confidence_stats', 'count_stats']
2025-03-06 19:27:00,119 - app_pyside6.config.config_manager - INFO - Configuration saved to C:\Users\ETPau\Documents\GitHub\CNN-\app_pyside6\config\defaults\defaults.yaml
2025-03-06 19:27:00,122 - app_pyside6.gui.image_list_widget - INFO - Image loaded: OIP-C.jpg
2025-03-06 19:27:00,124 - app_pyside6.gui.image_list_widget - INFO - Image loaded: R-C.jpg
2025-03-06 19:27:00,126 - app_pyside6.gui.image_list_widget - INFO - Image loaded: t019872959c62f44875.jpg
2025-03-06 19:27:02,214 - app_pyside6.utils.batch_analyzer - INFO - Processing image: OIP-C
2025-03-06 19:27:03,945 - app_pyside6.utils.batch_analyzer - INFO - Plots created in C:\Users\ETPau\Desktop\MicroAI Detect\2\results\batch\20250306_192702\plots
2025-03-06 19:27:04,008 - app_pyside6.utils.batch_analyzer - INFO - Processing image: R-C
2025-03-06 19:27:06,075 - app_pyside6.utils.batch_analyzer - INFO - Plots created in C:\Users\ETPau\Desktop\MicroAI Detect\2\results\batch\20250306_192702\plots
2025-03-06 19:27:06,129 - app_pyside6.utils.batch_analyzer - INFO - Processing image: t019872959c62f44875
2025-03-06 19:27:07,563 - app_pyside6.utils.batch_analyzer - INFO - Plots created in C:\Users\ETPau\Desktop\MicroAI Detect\2\results\batch\20250306_192702\plots
2025-03-06 19:27:07,697 - app_pyside6.gui.image_list_widget - INFO - Processing complete: OIP-C.jpg
2025-03-06 19:27:07,699 - app_pyside6.gui.image_list_widget - INFO - Processing complete: R-C.jpg
2025-03-06 19:27:07,699 - app_pyside6.gui.image_list_widget - INFO - Processing complete: t019872959c62f44875.jpg
2025-03-06 19:27:09,508 - app_pyside6.gui.result_viewer - INFO - Populating summary table...
2025-03-06 19:27:09,509 - app_pyside6.gui.result_viewer - INFO - Found statistics in result
2025-03-06 19:27:09,509 - app_pyside6.gui.result_viewer - INFO - Successfully added summary data for C:\Users\ETPau\Desktop\MicroAI Detect\2\PIC\OIP-C.jpg
2025-03-06 19:27:09,511 - app_pyside6.gui.result_viewer - INFO - Found statistics in result
2025-03-06 19:27:09,511 - app_pyside6.gui.result_viewer - INFO - Successfully added summary data for C:\Users\ETPau\Desktop\MicroAI Detect\2\PIC\R-C.jpg
2025-03-06 19:27:09,511 - app_pyside6.gui.result_viewer - INFO - Found statistics in result
2025-03-06 19:27:09,511 - app_pyside6.gui.result_viewer - INFO - Successfully added summary data for C:\Users\ETPau\Desktop\MicroAI Detect\2\PIC\t019872959c62f44875.jpg
2025-03-06 19:27:09,512 - app_pyside6.gui.result_viewer - INFO - Creating comparison plots...
2025-03-06 19:27:09,512 - app_pyside6.gui.result_viewer - INFO - Processing 3 results
2025-03-06 19:27:09,513 - app_pyside6.gui.result_viewer - INFO - Checking result for C:\Users\ETPau\Desktop\MicroAI Detect\2\PIC\OIP-C.jpg
2025-03-06 19:27:09,513 - app_pyside6.gui.result_viewer - INFO - Found statistics in result
2025-03-06 19:27:09,513 - app_pyside6.gui.result_viewer - INFO - Successfully added data for C:\Users\ETPau\Desktop\MicroAI Detect\2\PIC\OIP-C.jpg
2025-03-06 19:27:09,514 - app_pyside6.gui.result_viewer - INFO - Checking result for C:\Users\ETPau\Desktop\MicroAI Detect\2\PIC\R-C.jpg
2025-03-06 19:27:09,514 - app_pyside6.gui.result_viewer - INFO - Found statistics in result
2025-03-06 19:27:09,514 - app_pyside6.gui.result_viewer - INFO - Successfully added data for C:\Users\ETPau\Desktop\MicroAI Detect\2\PIC\R-C.jpg
2025-03-06 19:27:09,514 - app_pyside6.gui.result_viewer - INFO - Checking result for C:\Users\ETPau\Desktop\MicroAI Detect\2\PIC\t019872959c62f44875.jpg
2025-03-06 19:27:09,514 - app_pyside6.gui.result_viewer - INFO - Found statistics in result
2025-03-06 19:27:09,514 - app_pyside6.gui.result_viewer - INFO - Successfully added data for C:\Users\ETPau\Desktop\MicroAI Detect\2\PIC\t019872959c62f44875.jpg
2025-03-06 19:27:10,054 - app_pyside6.gui.result_viewer - INFO - Looking for valid result in 3 results
2025-03-06 19:27:10,054 - app_pyside6.gui.result_viewer - INFO - Checking result for C:\Users\ETPau\Desktop\MicroAI Detect\2\PIC\OIP-C.jpg
2025-03-06 19:27:10,054 - app_pyside6.gui.result_viewer - INFO - Result keys: ['dataframe', 'output_dir', 'statistics']
2025-03-06 19:27:10,056 - app_pyside6.gui.result_viewer - INFO - Found valid result for C:\Users\ETPau\Desktop\MicroAI Detect\2\PIC\OIP-C.jpg
2025-03-06 19:27:10,056 - app_pyside6.gui.result_viewer - INFO - DataFrame columns: ['run_number', 'count', 'confidence']
2025-03-06 19:27:10,056 - app_pyside6.gui.result_viewer - INFO - Statistics keys: ['confidence_stats', 'count_stats']
2025-03-06 19:35:43,311 - root - INFO - Logging initialized
2025-03-06 19:35:43,314 - root - INFO - Application directories created
2025-03-06 19:35:43,380 - app_pyside6.config - INFO - Using defaults configuration from: C:\Users\ETPau\Documents\GitHub\CNN-\app_pyside6\config\defaults\defaults.yaml
2025-03-06 19:35:43,388 - app_pyside6.config - INFO - Copied default config to: C:\Users\ETPau\Documents\GitHub\CNN-\app_pyside6\config\config.yaml
2025-03-06 19:35:43,388 - root - INFO - Configuration initialized
2025-03-06 19:35:46,955 - app_pyside6.utils.i18n - INFO - Loaded translations: ['en', 'zh']
2025-03-06 19:35:55,817 - app_pyside6.gui.main_window - INFO - Starting in demo mode
2025-03-06 19:35:55,817 - app_pyside6.models.inference - INFO - Running in demo mode - using mock predictions
2025-03-06 19:36:07,964 - app_pyside6.config.config_manager - INFO - Configuration saved to C:\Users\ETPau\Documents\GitHub\CNN-\app_pyside6\config\defaults\defaults.yaml
2025-03-06 19:36:07,967 - app_pyside6.gui.image_list_widget - INFO - Image loaded: OIP-C.jpg
2025-03-06 19:36:10,667 - app_pyside6.utils.batch_analyzer - INFO - Processing image: OIP-C
2025-03-06 19:36:11,960 - app_pyside6.utils.batch_analyzer - INFO - Plots created in C:\Users\ETPau\Desktop\MicroAI Detect\1\results\batch\20250306_193610\plots
2025-03-06 19:36:12,119 - app_pyside6.gui.image_list_widget - INFO - Processing complete: OIP-C.jpg
2025-03-06 19:36:13,962 - app_pyside6.config.config_manager - INFO - Configuration saved to C:\Users\ETPau\Documents\GitHub\CNN-\app_pyside6\config\defaults\defaults.yaml
2025-03-06 19:40:04,561 - root - INFO - Logging initialized
2025-03-06 19:40:04,576 - root - INFO - Application directories created
2025-03-06 19:40:04,674 - app_pyside6.config - INFO - Using defaults configuration from: C:\Users\ETPau\Documents\GitHub\CNN-\app_pyside6\config\defaults\defaults.yaml
2025-03-06 19:40:04,688 - app_pyside6.config - INFO - Copied default config to: C:\Users\ETPau\Documents\GitHub\CNN-\app_pyside6\config\config.yaml
2025-03-06 19:40:04,690 - root - INFO - Configuration initialized
2025-03-06 19:40:08,742 - app_pyside6.utils.i18n - INFO - Loaded translations: ['en', 'zh']
2025-03-06 19:40:16,420 - app_pyside6.gui.main_window - INFO - Starting in demo mode
2025-03-06 19:40:16,420 - app_pyside6.models.inference - INFO - Running in demo mode - using mock predictions
2025-03-06 19:40:20,965 - app_pyside6.config.config_manager - INFO - Configuration saved to C:\Users\ETPau\Documents\GitHub\CNN-\app_pyside6\config\defaults\defaults.yaml
2025-03-06 19:40:20,969 - app_pyside6.gui.image_list_widget - INFO - Image loaded: OIP-C.jpg
2025-03-06 19:40:23,887 - app_pyside6.gui.image_list_widget - INFO - Processing complete: OIP-C.jpg
2025-03-06 19:40:26,265 - app_pyside6.gui.image_list_widget - INFO - Processing complete: OIP-C.jpg
2025-03-06 19:40:26,960 - app_pyside6.gui.image_list_widget - INFO - Processing complete: OIP-C.jpg
2025-03-06 19:40:27,765 - app_pyside6.gui.result_viewer - INFO - Looking for valid result in 1 results
2025-03-06 19:40:27,767 - app_pyside6.gui.result_viewer - INFO - Checking result for C:\Users\ETPau\Desktop\MicroAI Detect\1\PIC\OIP-C.jpg
2025-03-06 19:40:27,767 - app_pyside6.gui.result_viewer - INFO - Result keys: ['dataframe', 'output_dir']
2025-03-06 19:40:27,767 - app_pyside6.gui.result_viewer - INFO - Found valid result for C:\Users\ETPau\Desktop\MicroAI Detect\1\PIC\OIP-C.jpg
2025-03-06 19:40:27,767 - app_pyside6.gui.result_viewer - INFO - DataFrame columns: ['count', 'confidence', 'boxes', 'scores', 'statistics']
2025-03-06 19:40:31,497 - app_pyside6.utils.batch_analyzer - INFO - Processing image: OIP-C
2025-03-06 19:40:33,366 - app_pyside6.utils.batch_analyzer - INFO - Plots created in C:\Users\ETPau\Desktop\MicroAI Detect\1\results\batch\20250306_194031\plots
2025-03-06 19:40:33,657 - app_pyside6.gui.image_list_widget - INFO - Processing complete: OIP-C.jpg
2025-03-06 19:40:35,432 - app_pyside6.gui.result_viewer - INFO - Looking for valid result in 1 results
2025-03-06 19:40:35,432 - app_pyside6.gui.result_viewer - INFO - Checking result for C:\Users\ETPau\Desktop\MicroAI Detect\1\PIC\OIP-C.jpg
2025-03-06 19:40:35,434 - app_pyside6.gui.result_viewer - INFO - Result keys: ['dataframe', 'output_dir', 'statistics']
2025-03-06 19:40:35,434 - app_pyside6.gui.result_viewer - INFO - Found valid result for C:\Users\ETPau\Desktop\MicroAI Detect\1\PIC\OIP-C.jpg
2025-03-06 19:40:35,435 - app_pyside6.gui.result_viewer - INFO - DataFrame columns: ['run_number', 'count', 'confidence']
2025-03-06 19:40:35,435 - app_pyside6.gui.result_viewer - INFO - Statistics keys: ['confidence_stats', 'count_stats']
2025-03-06 19:40:35,451 - app_pyside6.gui.result_viewer - INFO - Looking for valid result in 1 results
2025-03-06 19:40:35,451 - app_pyside6.gui.result_viewer - INFO - Checking result for C:\Users\ETPau\Desktop\MicroAI Detect\1\PIC\OIP-C.jpg
2025-03-06 19:40:35,451 - app_pyside6.gui.result_viewer - INFO - Result keys: ['dataframe', 'output_dir', 'statistics']
2025-03-06 19:40:35,451 - app_pyside6.gui.result_viewer - INFO - Found valid result for C:\Users\ETPau\Desktop\MicroAI Detect\1\PIC\OIP-C.jpg
2025-03-06 19:40:35,453 - app_pyside6.gui.result_viewer - INFO - DataFrame columns: ['run_number', 'count', 'confidence']
2025-03-06 19:40:35,453 - app_pyside6.gui.result_viewer - INFO - Statistics keys: ['confidence_stats', 'count_stats']
2025-03-06 19:40:35,457 - app_pyside6.gui.result_viewer - INFO - Looking for valid result in 1 results
2025-03-06 19:40:35,458 - app_pyside6.gui.result_viewer - INFO - Checking result for C:\Users\ETPau\Desktop\MicroAI Detect\1\PIC\OIP-C.jpg
2025-03-06 19:40:35,458 - app_pyside6.gui.result_viewer - INFO - Result keys: ['dataframe', 'output_dir', 'statistics']
2025-03-06 19:40:35,458 - app_pyside6.gui.result_viewer - INFO - Found valid result for C:\Users\ETPau\Desktop\MicroAI Detect\1\PIC\OIP-C.jpg
2025-03-06 19:40:35,459 - app_pyside6.gui.result_viewer - INFO - DataFrame columns: ['run_number', 'count', 'confidence']
2025-03-06 19:40:35,459 - app_pyside6.gui.result_viewer - INFO - Statistics keys: ['confidence_stats', 'count_stats']
2025-03-06 19:40:35,461 - app_pyside6.gui.result_viewer - INFO - Looking for valid result in 1 results
2025-03-06 19:40:35,461 - app_pyside6.gui.result_viewer - INFO - Checking result for C:\Users\ETPau\Desktop\MicroAI Detect\1\PIC\OIP-C.jpg
2025-03-06 19:40:35,462 - app_pyside6.gui.result_viewer - INFO - Result keys: ['dataframe', 'output_dir', 'statistics']
2025-03-06 19:40:35,462 - app_pyside6.gui.result_viewer - INFO - Found valid result for C:\Users\ETPau\Desktop\MicroAI Detect\1\PIC\OIP-C.jpg
2025-03-06 19:40:35,462 - app_pyside6.gui.result_viewer - INFO - DataFrame columns: ['run_number', 'count', 'confidence']
2025-03-06 19:40:35,462 - app_pyside6.gui.result_viewer - INFO - Statistics keys: ['confidence_stats', 'count_stats']
2025-03-06 19:41:21,722 - app_pyside6.config.config_manager - INFO - Configuration saved to C:\Users\ETPau\Documents\GitHub\CNN-\app_pyside6\config\defaults\defaults.yaml
2025-03-06 19:41:21,745 - app_pyside6.gui.image_list_widget - INFO - Image loaded: OIP-C.jpg
2025-03-06 19:41:21,745 - app_pyside6.gui.image_list_widget - INFO - Image loaded: R-C.jpg
2025-03-06 19:41:21,745 - app_pyside6.gui.image_list_widget - INFO - Image loaded: t019872959c62f44875.jpg
2025-03-06 19:41:23,463 - app_pyside6.utils.batch_analyzer - INFO - Processing image: OIP-C
2025-03-06 19:41:24,728 - app_pyside6.utils.batch_analyzer - INFO - Plots created in C:\Users\ETPau\Desktop\MicroAI Detect\2\results\batch\20250306_194123\plots
2025-03-06 19:41:24,770 - app_pyside6.utils.batch_analyzer - INFO - Processing image: R-C
2025-03-06 19:41:26,209 - app_pyside6.utils.batch_analyzer - INFO - Plots created in C:\Users\ETPau\Desktop\MicroAI Detect\2\results\batch\20250306_194123\plots
2025-03-06 19:41:26,257 - app_pyside6.utils.batch_analyzer - INFO - Processing image: t019872959c62f44875
2025-03-06 19:41:27,428 - app_pyside6.utils.batch_analyzer - INFO - Plots created in C:\Users\ETPau\Desktop\MicroAI Detect\2\results\batch\20250306_194123\plots
2025-03-06 19:41:27,533 - app_pyside6.gui.image_list_widget - INFO - Processing complete: OIP-C.jpg
2025-03-06 19:41:27,533 - app_pyside6.gui.image_list_widget - INFO - Processing complete: R-C.jpg
2025-03-06 19:41:27,535 - app_pyside6.gui.image_list_widget - INFO - Processing complete: t019872959c62f44875.jpg
2025-03-06 19:41:30,970 - app_pyside6.gui.result_viewer - INFO - Populating summary table...
2025-03-06 19:41:30,972 - app_pyside6.gui.result_viewer - INFO - Found statistics in result
2025-03-06 19:41:30,974 - app_pyside6.gui.result_viewer - INFO - Successfully added summary data for C:\Users\ETPau\Desktop\MicroAI Detect\2\PIC\OIP-C.jpg
2025-03-06 19:41:30,974 - app_pyside6.gui.result_viewer - INFO - Found statistics in result
2025-03-06 19:41:30,975 - app_pyside6.gui.result_viewer - INFO - Successfully added summary data for C:\Users\ETPau\Desktop\MicroAI Detect\2\PIC\R-C.jpg
2025-03-06 19:41:30,975 - app_pyside6.gui.result_viewer - INFO - Found statistics in result
2025-03-06 19:41:30,975 - app_pyside6.gui.result_viewer - INFO - Successfully added summary data for C:\Users\ETPau\Desktop\MicroAI Detect\2\PIC\t019872959c62f44875.jpg
2025-03-06 19:41:30,976 - app_pyside6.gui.result_viewer - INFO - Creating comparison plots...
2025-03-06 19:41:30,976 - app_pyside6.gui.result_viewer - INFO - Processing 3 results
2025-03-06 19:41:30,976 - app_pyside6.gui.result_viewer - INFO - Checking result for C:\Users\ETPau\Desktop\MicroAI Detect\2\PIC\OIP-C.jpg
2025-03-06 19:41:30,976 - app_pyside6.gui.result_viewer - INFO - Found statistics in result
2025-03-06 19:41:30,976 - app_pyside6.gui.result_viewer - INFO - Successfully added data for C:\Users\ETPau\Desktop\MicroAI Detect\2\PIC\OIP-C.jpg
2025-03-06 19:41:30,978 - app_pyside6.gui.result_viewer - INFO - Checking result for C:\Users\ETPau\Desktop\MicroAI Detect\2\PIC\R-C.jpg
2025-03-06 19:41:30,978 - app_pyside6.gui.result_viewer - INFO - Found statistics in result
2025-03-06 19:41:30,978 - app_pyside6.gui.result_viewer - INFO - Successfully added data for C:\Users\ETPau\Desktop\MicroAI Detect\2\PIC\R-C.jpg
2025-03-06 19:41:30,978 - app_pyside6.gui.result_viewer - INFO - Checking result for C:\Users\ETPau\Desktop\MicroAI Detect\2\PIC\t019872959c62f44875.jpg
2025-03-06 19:41:30,978 - app_pyside6.gui.result_viewer - INFO - Found statistics in result
2025-03-06 19:41:30,979 - app_pyside6.gui.result_viewer - INFO - Successfully added data for C:\Users\ETPau\Desktop\MicroAI Detect\2\PIC\t019872959c62f44875.jpg
2025-03-06 19:41:31,574 - app_pyside6.gui.result_viewer - INFO - Looking for valid result in 3 results
2025-03-06 19:41:31,575 - app_pyside6.gui.result_viewer - INFO - Checking result for C:\Users\ETPau\Desktop\MicroAI Detect\2\PIC\OIP-C.jpg
2025-03-06 19:41:31,575 - app_pyside6.gui.result_viewer - INFO - Result keys: ['dataframe', 'output_dir', 'statistics']
2025-03-06 19:41:31,576 - app_pyside6.gui.result_viewer - INFO - Found valid result for C:\Users\ETPau\Desktop\MicroAI Detect\2\PIC\OIP-C.jpg
2025-03-06 19:41:31,576 - app_pyside6.gui.result_viewer - INFO - DataFrame columns: ['run_number', 'count', 'confidence']
2025-03-06 19:41:31,576 - app_pyside6.gui.result_viewer - INFO - Statistics keys: ['confidence_stats', 'count_stats']
2025-03-06 19:42:43,425 - app_pyside6.config.config_manager - INFO - Configuration saved to C:\Users\ETPau\Documents\GitHub\CNN-\app_pyside6\config\defaults\defaults.yaml
2025-03-06 19:43:40,311 - root - INFO - Logging initialized
2025-03-06 19:43:40,314 - root - INFO - Application directories created
2025-03-06 19:43:40,386 - app_pyside6.config - INFO - Using defaults configuration from: C:\Users\ETPau\Documents\GitHub\CNN-\app_pyside6\config\defaults\defaults.yaml
2025-03-06 19:43:40,399 - app_pyside6.config - INFO - Copied default config to: C:\Users\ETPau\Documents\GitHub\CNN-\app_pyside6\config\config.yaml
2025-03-06 19:43:40,401 - root - INFO - Configuration initialized
2025-03-06 19:43:45,237 - app_pyside6.utils.i18n - INFO - Loaded translations: ['en', 'zh']
2025-03-06 19:43:55,924 - app_pyside6.gui.main_window - INFO - Starting in demo mode
2025-03-06 19:43:55,925 - app_pyside6.models.inference - INFO - Running in demo mode - using mock predictions
2025-03-06 19:46:02,416 - app_pyside6.config.config_manager - INFO - Configuration saved to C:\Users\ETPau\Documents\GitHub\CNN-\app_pyside6\config\defaults\defaults.yaml
2025-03-06 19:46:02,419 - app_pyside6.gui.image_list_widget - INFO - Image loaded: OIP-C.jpg
2025-03-06 19:46:04,465 - app_pyside6.gui.image_list_widget - INFO - Processing complete: OIP-C.jpg
2025-03-06 19:46:05,236 - app_pyside6.gui.result_viewer - INFO - Looking for valid result in 1 results
2025-03-06 19:46:05,238 - app_pyside6.gui.result_viewer - INFO - Checking result for C:\Users\ETPau\Desktop\MicroAI Detect\1\PIC\OIP-C.jpg
2025-03-06 19:46:05,238 - app_pyside6.gui.result_viewer - INFO - Result keys: ['dataframe', 'output_dir']
2025-03-06 19:46:05,238 - app_pyside6.gui.result_viewer - INFO - Found valid result for C:\Users\ETPau\Desktop\MicroAI Detect\1\PIC\OIP-C.jpg
2025-03-06 19:46:05,238 - app_pyside6.gui.result_viewer - INFO - DataFrame columns: ['count', 'confidence', 'boxes', 'scores', 'statistics']
2025-03-06 19:46:09,290 - app_pyside6.utils.batch_analyzer - INFO - Processing image: OIP-C
2025-03-06 19:46:10,906 - app_pyside6.utils.batch_analyzer - INFO - Plots created in C:\Users\ETPau\Desktop\MicroAI Detect\1\results\batch\20250306_194609\plots
2025-03-06 19:46:11,161 - app_pyside6.gui.image_list_widget - INFO - Processing complete: OIP-C.jpg
2025-03-06 19:46:13,060 - app_pyside6.gui.result_viewer - INFO - Looking for valid result in 1 results
2025-03-06 19:46:13,061 - app_pyside6.gui.result_viewer - INFO - Checking result for C:\Users\ETPau\Desktop\MicroAI Detect\1\PIC\OIP-C.jpg
2025-03-06 19:46:13,061 - app_pyside6.gui.result_viewer - INFO - Result keys: ['dataframe', 'output_dir', 'statistics']
2025-03-06 19:46:13,061 - app_pyside6.gui.result_viewer - INFO - Found valid result for C:\Users\ETPau\Desktop\MicroAI Detect\1\PIC\OIP-C.jpg
2025-03-06 19:46:13,061 - app_pyside6.gui.result_viewer - INFO - DataFrame columns: ['run_number', 'count', 'confidence']
2025-03-06 19:46:13,062 - app_pyside6.gui.result_viewer - INFO - Statistics keys: ['confidence_stats', 'count_stats']
2025-03-06 19:46:13,069 - app_pyside6.gui.result_viewer - INFO - Looking for valid result in 1 results
2025-03-06 19:46:13,071 - app_pyside6.gui.result_viewer - INFO - Checking result for C:\Users\ETPau\Desktop\MicroAI Detect\1\PIC\OIP-C.jpg
2025-03-06 19:46:13,071 - app_pyside6.gui.result_viewer - INFO - Result keys: ['dataframe', 'output_dir', 'statistics']
2025-03-06 19:46:13,071 - app_pyside6.gui.result_viewer - INFO - Found valid result for C:\Users\ETPau\Desktop\MicroAI Detect\1\PIC\OIP-C.jpg
2025-03-06 19:46:13,071 - app_pyside6.gui.result_viewer - INFO - DataFrame columns: ['run_number', 'count', 'confidence']
2025-03-06 19:46:13,072 - app_pyside6.gui.result_viewer - INFO - Statistics keys: ['confidence_stats', 'count_stats']
2025-03-06 19:46:13,074 - app_pyside6.gui.result_viewer - INFO - Looking for valid result in 1 results
2025-03-06 19:46:13,075 - app_pyside6.gui.result_viewer - INFO - Checking result for C:\Users\ETPau\Desktop\MicroAI Detect\1\PIC\OIP-C.jpg
2025-03-06 19:46:13,075 - app_pyside6.gui.result_viewer - INFO - Result keys: ['dataframe', 'output_dir', 'statistics']
2025-03-06 19:46:13,075 - app_pyside6.gui.result_viewer - INFO - Found valid result for C:\Users\ETPau\Desktop\MicroAI Detect\1\PIC\OIP-C.jpg
2025-03-06 19:46:13,075 - app_pyside6.gui.result_viewer - INFO - DataFrame columns: ['run_number', 'count', 'confidence']
2025-03-06 19:46:13,075 - app_pyside6.gui.result_viewer - INFO - Statistics keys: ['confidence_stats', 'count_stats']
2025-03-06 19:46:13,077 - app_pyside6.gui.result_viewer - INFO - Looking for valid result in 1 results
2025-03-06 19:46:13,078 - app_pyside6.gui.result_viewer - INFO - Checking result for C:\Users\ETPau\Desktop\MicroAI Detect\1\PIC\OIP-C.jpg
2025-03-06 19:46:13,078 - app_pyside6.gui.result_viewer - INFO - Result keys: ['dataframe', 'output_dir', 'statistics']
2025-03-06 19:46:13,078 - app_pyside6.gui.result_viewer - INFO - Found valid result for C:\Users\ETPau\Desktop\MicroAI Detect\1\PIC\OIP-C.jpg
2025-03-06 19:46:13,078 - app_pyside6.gui.result_viewer - INFO - DataFrame columns: ['run_number', 'count', 'confidence']
2025-03-06 19:46:13,079 - app_pyside6.gui.result_viewer - INFO - Statistics keys: ['confidence_stats', 'count_stats']
2025-03-06 19:46:21,321 - app_pyside6.config.config_manager - INFO - Configuration saved to C:\Users\ETPau\Documents\GitHub\CNN-\app_pyside6\config\defaults\defaults.yaml
2025-03-06 19:46:21,323 - app_pyside6.gui.image_list_widget - INFO - Image loaded: OIP-C.jpg
2025-03-06 19:46:21,323 - app_pyside6.gui.image_list_widget - INFO - Image loaded: R-C.jpg
2025-03-06 19:46:21,324 - app_pyside6.gui.image_list_widget - INFO - Image loaded: t019872959c62f44875.jpg
2025-03-06 19:46:22,672 - app_pyside6.utils.batch_analyzer - INFO - Processing image: OIP-C
2025-03-06 19:46:24,354 - app_pyside6.utils.batch_analyzer - INFO - Plots created in C:\Users\ETPau\Desktop\MicroAI Detect\2\results\batch\20250306_194622\plots
2025-03-06 19:46:24,416 - app_pyside6.utils.batch_analyzer - INFO - Processing image: R-C
2025-03-06 19:46:26,235 - app_pyside6.utils.batch_analyzer - INFO - Plots created in C:\Users\ETPau\Desktop\MicroAI Detect\2\results\batch\20250306_194622\plots
2025-03-06 19:46:26,294 - app_pyside6.utils.batch_analyzer - INFO - Processing image: t019872959c62f44875
2025-03-06 19:46:27,988 - app_pyside6.utils.batch_analyzer - INFO - Plots created in C:\Users\ETPau\Desktop\MicroAI Detect\2\results\batch\20250306_194622\plots
2025-03-06 19:46:28,180 - app_pyside6.gui.image_list_widget - INFO - Processing complete: OIP-C.jpg
2025-03-06 19:46:28,181 - app_pyside6.gui.image_list_widget - INFO - Processing complete: R-C.jpg
2025-03-06 19:46:28,181 - app_pyside6.gui.image_list_widget - INFO - Processing complete: t019872959c62f44875.jpg
2025-03-06 19:46:30,956 - app_pyside6.gui.result_viewer - INFO - Populating summary table...
2025-03-06 19:46:30,956 - app_pyside6.gui.result_viewer - INFO - Found statistics in result
2025-03-06 19:46:30,957 - app_pyside6.gui.result_viewer - INFO - Successfully added summary data for C:\Users\ETPau\Desktop\MicroAI Detect\2\PIC\OIP-C.jpg
2025-03-06 19:46:30,957 - app_pyside6.gui.result_viewer - INFO - Found statistics in result
2025-03-06 19:46:30,958 - app_pyside6.gui.result_viewer - INFO - Successfully added summary data for C:\Users\ETPau\Desktop\MicroAI Detect\2\PIC\R-C.jpg
2025-03-06 19:46:30,958 - app_pyside6.gui.result_viewer - INFO - Found statistics in result
2025-03-06 19:46:30,958 - app_pyside6.gui.result_viewer - INFO - Successfully added summary data for C:\Users\ETPau\Desktop\MicroAI Detect\2\PIC\t019872959c62f44875.jpg
2025-03-06 19:46:30,961 - app_pyside6.gui.result_viewer - INFO - Creating comparison plots...
2025-03-06 19:46:30,962 - app_pyside6.gui.result_viewer - INFO - Processing 3 results
2025-03-06 19:46:30,962 - app_pyside6.gui.result_viewer - INFO - Checking result for C:\Users\ETPau\Desktop\MicroAI Detect\2\PIC\OIP-C.jpg
2025-03-06 19:46:30,963 - app_pyside6.gui.result_viewer - INFO - Found statistics in result
2025-03-06 19:46:30,963 - app_pyside6.gui.result_viewer - INFO - Successfully added data for C:\Users\ETPau\Desktop\MicroAI Detect\2\PIC\OIP-C.jpg
2025-03-06 19:46:30,964 - app_pyside6.gui.result_viewer - INFO - Checking result for C:\Users\ETPau\Desktop\MicroAI Detect\2\PIC\R-C.jpg
2025-03-06 19:46:30,964 - app_pyside6.gui.result_viewer - INFO - Found statistics in result
2025-03-06 19:46:30,965 - app_pyside6.gui.result_viewer - INFO - Successfully added data for C:\Users\ETPau\Desktop\MicroAI Detect\2\PIC\R-C.jpg
2025-03-06 19:46:30,965 - app_pyside6.gui.result_viewer - INFO - Checking result for C:\Users\ETPau\Desktop\MicroAI Detect\2\PIC\t019872959c62f44875.jpg
2025-03-06 19:46:30,965 - app_pyside6.gui.result_viewer - INFO - Found statistics in result
2025-03-06 19:46:30,966 - app_pyside6.gui.result_viewer - INFO - Successfully added data for C:\Users\ETPau\Desktop\MicroAI Detect\2\PIC\t019872959c62f44875.jpg
2025-03-06 19:46:31,800 - app_pyside6.gui.result_viewer - INFO - Looking for valid result in 3 results
2025-03-06 19:46:31,801 - app_pyside6.gui.result_viewer - INFO - Checking result for C:\Users\ETPau\Desktop\MicroAI Detect\2\PIC\OIP-C.jpg
2025-03-06 19:46:31,801 - app_pyside6.gui.result_viewer - INFO - Result keys: ['dataframe', 'output_dir', 'statistics']
2025-03-06 19:46:31,802 - app_pyside6.gui.result_viewer - INFO - Found valid result for C:\Users\ETPau\Desktop\MicroAI Detect\2\PIC\OIP-C.jpg
2025-03-06 19:46:31,802 - app_pyside6.gui.result_viewer - INFO - DataFrame columns: ['run_number', 'count', 'confidence']
2025-03-06 19:46:31,802 - app_pyside6.gui.result_viewer - INFO - Statistics keys: ['confidence_stats', 'count_stats']
2025-03-06 19:46:40,214 - app_pyside6.utils.batch_analyzer - INFO - Processing image: OIP-C
2025-03-06 19:46:41,908 - app_pyside6.utils.batch_analyzer - INFO - Plots created in C:\Users\ETPau\Desktop\MicroAI Detect\2\results\batch\20250306_194640\plots
2025-03-06 19:46:41,979 - app_pyside6.utils.batch_analyzer - INFO - Processing image: R-C
2025-03-06 19:46:43,680 - app_pyside6.utils.batch_analyzer - INFO - Plots created in C:\Users\ETPau\Desktop\MicroAI Detect\2\results\batch\20250306_194640\plots
2025-03-06 19:46:43,753 - app_pyside6.utils.batch_analyzer - INFO - Processing image: t019872959c62f44875
2025-03-06 19:46:45,685 - app_pyside6.utils.batch_analyzer - INFO - Plots created in C:\Users\ETPau\Desktop\MicroAI Detect\2\results\batch\20250306_194640\plots
2025-03-06 19:46:45,875 - app_pyside6.gui.image_list_widget - INFO - Processing complete: OIP-C.jpg
2025-03-06 19:46:45,875 - app_pyside6.gui.image_list_widget - INFO - Processing complete: R-C.jpg
2025-03-06 19:46:45,876 - app_pyside6.gui.image_list_widget - INFO - Processing complete: t019872959c62f44875.jpg
2025-03-06 19:46:53,968 - app_pyside6.gui.result_viewer - INFO - Populating summary table...
2025-03-06 19:46:53,968 - app_pyside6.gui.result_viewer - INFO - Found statistics in result
2025-03-06 19:46:53,969 - app_pyside6.gui.result_viewer - INFO - Successfully added summary data for C:\Users\ETPau\Desktop\MicroAI Detect\2\PIC\OIP-C.jpg
2025-03-06 19:46:53,969 - app_pyside6.gui.result_viewer - INFO - Found statistics in result
2025-03-06 19:46:53,969 - app_pyside6.gui.result_viewer - INFO - Successfully added summary data for C:\Users\ETPau\Desktop\MicroAI Detect\2\PIC\R-C.jpg
2025-03-06 19:46:53,969 - app_pyside6.gui.result_viewer - INFO - Found statistics in result
2025-03-06 19:46:53,969 - app_pyside6.gui.result_viewer - INFO - Successfully added summary data for C:\Users\ETPau\Desktop\MicroAI Detect\2\PIC\t019872959c62f44875.jpg
2025-03-06 19:46:53,970 - app_pyside6.gui.result_viewer - INFO - Creating comparison plots...
2025-03-06 19:46:53,970 - app_pyside6.gui.result_viewer - INFO - Processing 3 results
2025-03-06 19:46:53,970 - app_pyside6.gui.result_viewer - INFO - Checking result for C:\Users\ETPau\Desktop\MicroAI Detect\2\PIC\OIP-C.jpg
2025-03-06 19:46:53,972 - app_pyside6.gui.result_viewer - INFO - Found statistics in result
2025-03-06 19:46:53,972 - app_pyside6.gui.result_viewer - INFO - Successfully added data for C:\Users\ETPau\Desktop\MicroAI Detect\2\PIC\OIP-C.jpg
2025-03-06 19:46:53,972 - app_pyside6.gui.result_viewer - INFO - Checking result for C:\Users\ETPau\Desktop\MicroAI Detect\2\PIC\R-C.jpg
2025-03-06 19:46:53,972 - app_pyside6.gui.result_viewer - INFO - Found statistics in result
2025-03-06 19:46:53,973 - app_pyside6.gui.result_viewer - INFO - Successfully added data for C:\Users\ETPau\Desktop\MicroAI Detect\2\PIC\R-C.jpg
2025-03-06 19:46:53,973 - app_pyside6.gui.result_viewer - INFO - Checking result for C:\Users\ETPau\Desktop\MicroAI Detect\2\PIC\t019872959c62f44875.jpg
2025-03-06 19:46:53,973 - app_pyside6.gui.result_viewer - INFO - Found statistics in result
2025-03-06 19:46:53,973 - app_pyside6.gui.result_viewer - INFO - Successfully added data for C:\Users\ETPau\Desktop\MicroAI Detect\2\PIC\t019872959c62f44875.jpg
2025-03-06 19:46:54,505 - app_pyside6.gui.result_viewer - INFO - Looking for valid result in 3 results
2025-03-06 19:46:54,506 - app_pyside6.gui.result_viewer - INFO - Checking result for C:\Users\ETPau\Desktop\MicroAI Detect\2\PIC\OIP-C.jpg
2025-03-06 19:46:54,506 - app_pyside6.gui.result_viewer - INFO - Result keys: ['dataframe', 'output_dir', 'statistics']
2025-03-06 19:46:54,506 - app_pyside6.gui.result_viewer - INFO - Found valid result for C:\Users\ETPau\Desktop\MicroAI Detect\2\PIC\OIP-C.jpg
2025-03-06 19:46:54,506 - app_pyside6.gui.result_viewer - INFO - DataFrame columns: ['run_number', 'count', 'confidence']
2025-03-06 19:46:54,507 - app_pyside6.gui.result_viewer - INFO - Statistics keys: ['confidence_stats', 'count_stats']
2025-03-06 19:47:00,861 - app_pyside6.utils.batch_analyzer - INFO - Processing image: OIP-C
2025-03-06 19:47:02,999 - app_pyside6.utils.batch_analyzer - INFO - Plots created in C:\Users\ETPau\Desktop\MicroAI Detect\2\results\batch\20250306_194700\plots
2025-03-06 19:47:03,083 - app_pyside6.utils.batch_analyzer - INFO - Processing image: R-C
2025-03-06 19:47:05,177 - app_pyside6.utils.batch_analyzer - INFO - Plots created in C:\Users\ETPau\Desktop\MicroAI Detect\2\results\batch\20250306_194700\plots
2025-03-06 19:47:05,252 - app_pyside6.utils.batch_analyzer - INFO - Processing image: t019872959c62f44875
2025-03-06 19:47:07,292 - app_pyside6.utils.batch_analyzer - INFO - Plots created in C:\Users\ETPau\Desktop\MicroAI Detect\2\results\batch\20250306_194700\plots
2025-03-06 19:47:07,481 - app_pyside6.gui.image_list_widget - INFO - Processing complete: OIP-C.jpg
2025-03-06 19:47:07,483 - app_pyside6.gui.image_list_widget - INFO - Processing complete: R-C.jpg
2025-03-06 19:47:07,484 - app_pyside6.gui.image_list_widget - INFO - Processing complete: t019872959c62f44875.jpg
2025-03-06 19:47:09,526 - app_pyside6.gui.result_viewer - INFO - Populating summary table...
2025-03-06 19:47:09,526 - app_pyside6.gui.result_viewer - INFO - Found statistics in result
2025-03-06 19:47:09,526 - app_pyside6.gui.result_viewer - INFO - Successfully added summary data for C:\Users\ETPau\Desktop\MicroAI Detect\2\PIC\OIP-C.jpg
2025-03-06 19:47:09,526 - app_pyside6.gui.result_viewer - INFO - Found statistics in result
2025-03-06 19:47:09,526 - app_pyside6.gui.result_viewer - INFO - Successfully added summary data for C:\Users\ETPau\Desktop\MicroAI Detect\2\PIC\R-C.jpg
2025-03-06 19:47:09,528 - app_pyside6.gui.result_viewer - INFO - Found statistics in result
2025-03-06 19:47:09,528 - app_pyside6.gui.result_viewer - INFO - Successfully added summary data for C:\Users\ETPau\Desktop\MicroAI Detect\2\PIC\t019872959c62f44875.jpg
2025-03-06 19:47:09,529 - app_pyside6.gui.result_viewer - INFO - Creating comparison plots...
2025-03-06 19:47:09,529 - app_pyside6.gui.result_viewer - INFO - Processing 3 results
2025-03-06 19:47:09,529 - app_pyside6.gui.result_viewer - INFO - Checking result for C:\Users\ETPau\Desktop\MicroAI Detect\2\PIC\OIP-C.jpg
2025-03-06 19:47:09,529 - app_pyside6.gui.result_viewer - INFO - Found statistics in result
2025-03-06 19:47:09,530 - app_pyside6.gui.result_viewer - INFO - Successfully added data for C:\Users\ETPau\Desktop\MicroAI Detect\2\PIC\OIP-C.jpg
2025-03-06 19:47:09,530 - app_pyside6.gui.result_viewer - INFO - Checking result for C:\Users\ETPau\Desktop\MicroAI Detect\2\PIC\R-C.jpg
2025-03-06 19:47:09,530 - app_pyside6.gui.result_viewer - INFO - Found statistics in result
2025-03-06 19:47:09,531 - app_pyside6.gui.result_viewer - INFO - Successfully added data for C:\Users\ETPau\Desktop\MicroAI Detect\2\PIC\R-C.jpg
2025-03-06 19:47:09,531 - app_pyside6.gui.result_viewer - INFO - Checking result for C:\Users\ETPau\Desktop\MicroAI Detect\2\PIC\t019872959c62f44875.jpg
2025-03-06 19:47:09,531 - app_pyside6.gui.result_viewer - INFO - Found statistics in result
2025-03-06 19:47:09,531 - app_pyside6.gui.result_viewer - INFO - Successfully added data for C:\Users\ETPau\Desktop\MicroAI Detect\2\PIC\t019872959c62f44875.jpg
2025-03-06 19:47:10,542 - app_pyside6.gui.result_viewer - INFO - Looking for valid result in 3 results
2025-03-06 19:47:10,542 - app_pyside6.gui.result_viewer - INFO - Checking result for C:\Users\ETPau\Desktop\MicroAI Detect\2\PIC\OIP-C.jpg
2025-03-06 19:47:10,542 - app_pyside6.gui.result_viewer - INFO - Result keys: ['dataframe', 'output_dir', 'statistics']
2025-03-06 19:47:10,543 - app_pyside6.gui.result_viewer - INFO - Found valid result for C:\Users\ETPau\Desktop\MicroAI Detect\2\PIC\OIP-C.jpg
2025-03-06 19:47:10,543 - app_pyside6.gui.result_viewer - INFO - DataFrame columns: ['run_number', 'count', 'confidence']
2025-03-06 19:47:10,543 - app_pyside6.gui.result_viewer - INFO - Statistics keys: ['confidence_stats', 'count_stats']
2025-03-06 19:47:16,289 - app_pyside6.config.config_manager - INFO - Configuration saved to C:\Users\ETPau\Documents\GitHub\CNN-\app_pyside6\config\defaults\defaults.yaml
2025-03-06 19:48:42,024 - root - INFO - Logging initialized
2025-03-06 19:48:42,027 - root - INFO - Application directories created
2025-03-06 19:48:42,111 - app_pyside6.config - INFO - Using defaults configuration from: C:\Users\ETPau\Documents\GitHub\CNN-\app_pyside6\config\defaults\defaults.yaml
2025-03-06 19:48:42,124 - app_pyside6.config - INFO - Copied default config to: C:\Users\ETPau\Documents\GitHub\CNN-\app_pyside6\config\config.yaml
2025-03-06 19:48:42,125 - root - INFO - Configuration initialized
2025-03-06 19:48:46,433 - app_pyside6.utils.i18n - INFO - Loaded translations: ['en', 'zh']
2025-03-06 19:48:54,325 - app_pyside6.gui.main_window - INFO - Starting in demo mode
2025-03-06 19:48:54,325 - app_pyside6.models.inference - INFO - Running in demo mode - using mock predictions
2025-03-06 19:50:01,314 - app_pyside6.config.config_manager - INFO - Configuration saved to C:\Users\ETPau\Documents\GitHub\CNN-\app_pyside6\config\defaults\defaults.yaml
2025-03-06 19:50:01,318 - app_pyside6.gui.image_list_widget - INFO - Image loaded: OIP-C.jpg
2025-03-06 19:50:01,319 - app_pyside6.gui.image_list_widget - INFO - Image loaded: R-C.jpg
2025-03-06 19:50:01,320 - app_pyside6.gui.image_list_widget - INFO - Image loaded: t019872959c62f44875.jpg
2025-03-06 19:50:03,622 - app_pyside6.utils.batch_analyzer - INFO - Processing image: OIP-C
2025-03-06 19:50:05,605 - app_pyside6.utils.batch_analyzer - INFO - Plots created in C:\Users\ETPau\Desktop\MicroAI Detect\2\results\batch\20250306_195003\plots
2025-03-06 19:50:05,864 - app_pyside6.utils.batch_analyzer - INFO - Processing image: R-C
2025-03-06 19:50:07,761 - app_pyside6.utils.batch_analyzer - INFO - Plots created in C:\Users\ETPau\Desktop\MicroAI Detect\2\results\batch\20250306_195003\plots
2025-03-06 19:50:07,819 - app_pyside6.utils.batch_analyzer - INFO - Processing image: t019872959c62f44875
2025-03-06 19:50:09,796 - app_pyside6.utils.batch_analyzer - INFO - Plots created in C:\Users\ETPau\Desktop\MicroAI Detect\2\results\batch\20250306_195003\plots
2025-03-06 19:50:09,953 - app_pyside6.gui.image_list_widget - INFO - Processing complete: OIP-C.jpg
2025-03-06 19:50:09,954 - app_pyside6.gui.image_list_widget - INFO - Processing complete: R-C.jpg
2025-03-06 19:50:09,954 - app_pyside6.gui.image_list_widget - INFO - Processing complete: t019872959c62f44875.jpg
2025-03-06 19:50:11,979 - app_pyside6.gui.result_viewer - INFO - Populating summary table...
2025-03-06 19:50:11,979 - app_pyside6.gui.result_viewer - INFO - Found statistics in result
2025-03-06 19:50:11,979 - app_pyside6.gui.result_viewer - INFO - Successfully added summary data for C:\Users\ETPau\Desktop\MicroAI Detect\2\PIC\OIP-C.jpg
2025-03-06 19:50:11,980 - app_pyside6.gui.result_viewer - INFO - Found statistics in result
2025-03-06 19:50:11,980 - app_pyside6.gui.result_viewer - INFO - Successfully added summary data for C:\Users\ETPau\Desktop\MicroAI Detect\2\PIC\R-C.jpg
2025-03-06 19:50:11,980 - app_pyside6.gui.result_viewer - INFO - Found statistics in result
2025-03-06 19:50:11,981 - app_pyside6.gui.result_viewer - INFO - Successfully added summary data for C:\Users\ETPau\Desktop\MicroAI Detect\2\PIC\t019872959c62f44875.jpg
2025-03-06 19:50:11,983 - app_pyside6.gui.result_viewer - INFO - Creating comparison plots...
2025-03-06 19:50:11,983 - app_pyside6.gui.result_viewer - INFO - Processing 3 results
2025-03-06 19:50:11,983 - app_pyside6.gui.result_viewer - INFO - Checking result for C:\Users\ETPau\Desktop\MicroAI Detect\2\PIC\OIP-C.jpg
2025-03-06 19:50:11,983 - app_pyside6.gui.result_viewer - INFO - Found statistics in result
2025-03-06 19:50:11,984 - app_pyside6.gui.result_viewer - INFO - Successfully added data for C:\Users\ETPau\Desktop\MicroAI Detect\2\PIC\OIP-C.jpg
2025-03-06 19:50:11,984 - app_pyside6.gui.result_viewer - INFO - Checking result for C:\Users\ETPau\Desktop\MicroAI Detect\2\PIC\R-C.jpg
2025-03-06 19:50:11,984 - app_pyside6.gui.result_viewer - INFO - Found statistics in result
2025-03-06 19:50:11,984 - app_pyside6.gui.result_viewer - INFO - Successfully added data for C:\Users\ETPau\Desktop\MicroAI Detect\2\PIC\R-C.jpg
2025-03-06 19:50:11,984 - app_pyside6.gui.result_viewer - INFO - Checking result for C:\Users\ETPau\Desktop\MicroAI Detect\2\PIC\t019872959c62f44875.jpg
2025-03-06 19:50:11,985 - app_pyside6.gui.result_viewer - INFO - Found statistics in result
2025-03-06 19:50:11,985 - app_pyside6.gui.result_viewer - INFO - Successfully added data for C:\Users\ETPau\Desktop\MicroAI Detect\2\PIC\t019872959c62f44875.jpg
2025-03-06 19:50:12,849 - app_pyside6.gui.result_viewer - INFO - Looking for valid result in 3 results
2025-03-06 19:50:12,850 - app_pyside6.gui.result_viewer - INFO - Checking result for C:\Users\ETPau\Desktop\MicroAI Detect\2\PIC\OIP-C.jpg
2025-03-06 19:50:12,850 - app_pyside6.gui.result_viewer - INFO - Result keys: ['dataframe', 'output_dir', 'statistics']
2025-03-06 19:50:12,851 - app_pyside6.gui.result_viewer - INFO - Found valid result for C:\Users\ETPau\Desktop\MicroAI Detect\2\PIC\OIP-C.jpg
2025-03-06 19:50:12,851 - app_pyside6.gui.result_viewer - INFO - DataFrame columns: ['run_number', 'count', 'confidence']
2025-03-06 19:50:12,851 - app_pyside6.gui.result_viewer - INFO - Statistics keys: ['confidence_stats', 'count_stats']
2025-03-06 19:50:15,118 - app_pyside6.gui.result_viewer - INFO - Populating summary table...
2025-03-06 19:50:15,118 - app_pyside6.gui.result_viewer - INFO - Found statistics in result
2025-03-06 19:50:15,119 - app_pyside6.gui.result_viewer - INFO - Successfully added summary data for C:\Users\ETPau\Desktop\MicroAI Detect\2\PIC\OIP-C.jpg
2025-03-06 19:50:15,119 - app_pyside6.gui.result_viewer - INFO - Found statistics in result
2025-03-06 19:50:15,120 - app_pyside6.gui.result_viewer - INFO - Successfully added summary data for C:\Users\ETPau\Desktop\MicroAI Detect\2\PIC\R-C.jpg
2025-03-06 19:50:15,120 - app_pyside6.gui.result_viewer - INFO - Found statistics in result
2025-03-06 19:50:15,121 - app_pyside6.gui.result_viewer - INFO - Successfully added summary data for C:\Users\ETPau\Desktop\MicroAI Detect\2\PIC\t019872959c62f44875.jpg
2025-03-06 19:50:15,123 - app_pyside6.gui.result_viewer - INFO - Creating comparison plots...
2025-03-06 19:50:15,123 - app_pyside6.gui.result_viewer - INFO - Processing 3 results
2025-03-06 19:50:15,124 - app_pyside6.gui.result_viewer - INFO - Checking result for C:\Users\ETPau\Desktop\MicroAI Detect\2\PIC\OIP-C.jpg
2025-03-06 19:50:15,124 - app_pyside6.gui.result_viewer - INFO - Found statistics in result
2025-03-06 19:50:15,125 - app_pyside6.gui.result_viewer - INFO - Successfully added data for C:\Users\ETPau\Desktop\MicroAI Detect\2\PIC\OIP-C.jpg
2025-03-06 19:50:15,126 - app_pyside6.gui.result_viewer - INFO - Checking result for C:\Users\ETPau\Desktop\MicroAI Detect\2\PIC\R-C.jpg
2025-03-06 19:50:15,126 - app_pyside6.gui.result_viewer - INFO - Found statistics in result
2025-03-06 19:50:15,126 - app_pyside6.gui.result_viewer - INFO - Successfully added data for C:\Users\ETPau\Desktop\MicroAI Detect\2\PIC\R-C.jpg
2025-03-06 19:50:15,133 - app_pyside6.gui.result_viewer - INFO - Checking result for C:\Users\ETPau\Desktop\MicroAI Detect\2\PIC\t019872959c62f44875.jpg
2025-03-06 19:50:15,135 - app_pyside6.gui.result_viewer - INFO - Found statistics in result
2025-03-06 19:50:15,135 - app_pyside6.gui.result_viewer - INFO - Successfully added data for C:\Users\ETPau\Desktop\MicroAI Detect\2\PIC\t019872959c62f44875.jpg
2025-03-06 19:50:15,704 - app_pyside6.gui.result_viewer - INFO - Looking for valid result in 3 results
2025-03-06 19:50:15,706 - app_pyside6.gui.result_viewer - INFO - Checking result for C:\Users\ETPau\Desktop\MicroAI Detect\2\PIC\OIP-C.jpg
2025-03-06 19:50:15,706 - app_pyside6.gui.result_viewer - INFO - Result keys: ['dataframe', 'output_dir', 'statistics']
2025-03-06 19:50:15,707 - app_pyside6.gui.result_viewer - INFO - Found valid result for C:\Users\ETPau\Desktop\MicroAI Detect\2\PIC\OIP-C.jpg
2025-03-06 19:50:15,707 - app_pyside6.gui.result_viewer - INFO - DataFrame columns: ['run_number', 'count', 'confidence']
2025-03-06 19:50:15,707 - app_pyside6.gui.result_viewer - INFO - Statistics keys: ['confidence_stats', 'count_stats']
2025-03-06 19:50:17,011 - app_pyside6.gui.result_viewer - INFO - Populating summary table...
2025-03-06 19:50:17,011 - app_pyside6.gui.result_viewer - INFO - Found statistics in result
2025-03-06 19:50:17,012 - app_pyside6.gui.result_viewer - INFO - Successfully added summary data for C:\Users\ETPau\Desktop\MicroAI Detect\2\PIC\OIP-C.jpg
2025-03-06 19:50:17,012 - app_pyside6.gui.result_viewer - INFO - Found statistics in result
2025-03-06 19:50:17,013 - app_pyside6.gui.result_viewer - INFO - Successfully added summary data for C:\Users\ETPau\Desktop\MicroAI Detect\2\PIC\R-C.jpg
2025-03-06 19:50:17,013 - app_pyside6.gui.result_viewer - INFO - Found statistics in result
2025-03-06 19:50:17,013 - app_pyside6.gui.result_viewer - INFO - Successfully added summary data for C:\Users\ETPau\Desktop\MicroAI Detect\2\PIC\t019872959c62f44875.jpg
2025-03-06 19:50:17,014 - app_pyside6.gui.result_viewer - INFO - Creating comparison plots...
2025-03-06 19:50:17,014 - app_pyside6.gui.result_viewer - INFO - Processing 3 results
2025-03-06 19:50:17,014 - app_pyside6.gui.result_viewer - INFO - Checking result for C:\Users\ETPau\Desktop\MicroAI Detect\2\PIC\OIP-C.jpg
2025-03-06 19:50:17,016 - app_pyside6.gui.result_viewer - INFO - Found statistics in result
2025-03-06 19:50:17,016 - app_pyside6.gui.result_viewer - INFO - Successfully added data for C:\Users\ETPau\Desktop\MicroAI Detect\2\PIC\OIP-C.jpg
2025-03-06 19:50:17,016 - app_pyside6.gui.result_viewer - INFO - Checking result for C:\Users\ETPau\Desktop\MicroAI Detect\2\PIC\R-C.jpg
2025-03-06 19:50:17,016 - app_pyside6.gui.result_viewer - INFO - Found statistics in result
2025-03-06 19:50:17,016 - app_pyside6.gui.result_viewer - INFO - Successfully added data for C:\Users\ETPau\Desktop\MicroAI Detect\2\PIC\R-C.jpg
2025-03-06 19:50:17,017 - app_pyside6.gui.result_viewer - INFO - Checking result for C:\Users\ETPau\Desktop\MicroAI Detect\2\PIC\t019872959c62f44875.jpg
2025-03-06 19:50:17,017 - app_pyside6.gui.result_viewer - INFO - Found statistics in result
2025-03-06 19:50:17,017 - app_pyside6.gui.result_viewer - INFO - Successfully added data for C:\Users\ETPau\Desktop\MicroAI Detect\2\PIC\t019872959c62f44875.jpg
2025-03-06 19:50:17,565 - app_pyside6.gui.result_viewer - INFO - Looking for valid result in 3 results
2025-03-06 19:50:17,566 - app_pyside6.gui.result_viewer - INFO - Checking result for C:\Users\ETPau\Desktop\MicroAI Detect\2\PIC\OIP-C.jpg
2025-03-06 19:50:17,566 - app_pyside6.gui.result_viewer - INFO - Result keys: ['dataframe', 'output_dir', 'statistics']
2025-03-06 19:50:17,566 - app_pyside6.gui.result_viewer - INFO - Found valid result for C:\Users\ETPau\Desktop\MicroAI Detect\2\PIC\OIP-C.jpg
2025-03-06 19:50:17,566 - app_pyside6.gui.result_viewer - INFO - DataFrame columns: ['run_number', 'count', 'confidence']
2025-03-06 19:50:17,567 - app_pyside6.gui.result_viewer - INFO - Statistics keys: ['confidence_stats', 'count_stats']
2025-03-06 19:50:24,661 - app_pyside6.config.config_manager - INFO - Configuration saved to C:\Users\ETPau\Documents\GitHub\CNN-\app_pyside6\config\defaults\defaults.yaml
2025-03-06 20:04:56,179 - root - INFO - Logging initialized
2025-03-06 20:04:56,182 - root - INFO - Application directories created
2025-03-06 20:04:56,248 - app_pyside6.config - INFO - Using defaults configuration from: C:\Users\ETPau\Documents\GitHub\CNN-\app_pyside6\config\defaults\defaults.yaml
2025-03-06 20:04:56,258 - app_pyside6.config - INFO - Copied default config to: C:\Users\ETPau\Documents\GitHub\CNN-\app_pyside6\config\config.yaml
2025-03-06 20:04:56,259 - root - INFO - Configuration initialized
2025-03-06 20:05:00,179 - app_pyside6.utils.i18n - INFO - Loaded translations: ['en', 'zh']
2025-03-06 20:05:11,183 - app_pyside6.gui.main_window - INFO - Starting in demo mode
2025-03-06 20:05:11,183 - app_pyside6.models.inference - INFO - Running in demo mode - using mock predictions
2025-03-06 20:05:20,865 - app_pyside6.config.config_manager - INFO - Configuration saved to C:\Users\ETPau\Documents\GitHub\CNN-\app_pyside6\config\defaults\defaults.yaml
2025-03-06 20:05:20,867 - app_pyside6.gui.image_list_widget - INFO - Image loaded: OIP-C.jpg
2025-03-06 20:05:23,231 - app_pyside6.utils.batch_analyzer - INFO - Processing image: OIP-C
2025-03-06 20:05:24,527 - app_pyside6.utils.batch_analyzer - INFO - Plots created in C:\Users\ETPau\Desktop\MicroAI Detect\1\results\batch\20250306_200523\plots
2025-03-06 20:05:24,682 - app_pyside6.gui.image_list_widget - INFO - Processing complete: OIP-C.jpg
2025-03-06 20:05:26,523 - app_pyside6.gui.result_viewer - INFO - Looking for valid result in 1 results
2025-03-06 20:05:26,523 - app_pyside6.gui.result_viewer - INFO - Checking result for C:\Users\ETPau\Desktop\MicroAI Detect\1\PIC\OIP-C.jpg
2025-03-06 20:05:26,524 - app_pyside6.gui.result_viewer - INFO - Result keys: ['dataframe', 'output_dir', 'statistics']
2025-03-06 20:05:26,524 - app_pyside6.gui.result_viewer - INFO - Found valid result for C:\Users\ETPau\Desktop\MicroAI Detect\1\PIC\OIP-C.jpg
2025-03-06 20:05:26,524 - app_pyside6.gui.result_viewer - INFO - DataFrame columns: ['run_number', 'count', 'confidence']
2025-03-06 20:05:26,524 - app_pyside6.gui.result_viewer - INFO - Statistics keys: ['confidence_stats', 'count_stats']
2025-03-06 20:05:26,533 - app_pyside6.gui.result_viewer - INFO - Looking for valid result in 1 results
2025-03-06 20:05:26,533 - app_pyside6.gui.result_viewer - INFO - Checking result for C:\Users\ETPau\Desktop\MicroAI Detect\1\PIC\OIP-C.jpg
2025-03-06 20:05:26,533 - app_pyside6.gui.result_viewer - INFO - Result keys: ['dataframe', 'output_dir', 'statistics']
2025-03-06 20:05:26,533 - app_pyside6.gui.result_viewer - INFO - Found valid result for C:\Users\ETPau\Desktop\MicroAI Detect\1\PIC\OIP-C.jpg
2025-03-06 20:05:26,534 - app_pyside6.gui.result_viewer - INFO - DataFrame columns: ['run_number', 'count', 'confidence']
2025-03-06 20:05:26,534 - app_pyside6.gui.result_viewer - INFO - Statistics keys: ['confidence_stats', 'count_stats']
2025-03-06 20:05:26,536 - app_pyside6.gui.result_viewer - INFO - Looking for valid result in 1 results
2025-03-06 20:05:26,536 - app_pyside6.gui.result_viewer - INFO - Checking result for C:\Users\ETPau\Desktop\MicroAI Detect\1\PIC\OIP-C.jpg
2025-03-06 20:05:26,536 - app_pyside6.gui.result_viewer - INFO - Result keys: ['dataframe', 'output_dir', 'statistics']
2025-03-06 20:05:26,536 - app_pyside6.gui.result_viewer - INFO - Found valid result for C:\Users\ETPau\Desktop\MicroAI Detect\1\PIC\OIP-C.jpg
2025-03-06 20:05:26,536 - app_pyside6.gui.result_viewer - INFO - DataFrame columns: ['run_number', 'count', 'confidence']
2025-03-06 20:05:26,537 - app_pyside6.gui.result_viewer - INFO - Statistics keys: ['confidence_stats', 'count_stats']
2025-03-06 20:05:26,538 - app_pyside6.gui.result_viewer - INFO - Looking for valid result in 1 results
2025-03-06 20:05:26,539 - app_pyside6.gui.result_viewer - INFO - Checking result for C:\Users\ETPau\Desktop\MicroAI Detect\1\PIC\OIP-C.jpg
2025-03-06 20:05:26,539 - app_pyside6.gui.result_viewer - INFO - Result keys: ['dataframe', 'output_dir', 'statistics']
2025-03-06 20:05:26,539 - app_pyside6.gui.result_viewer - INFO - Found valid result for C:\Users\ETPau\Desktop\MicroAI Detect\1\PIC\OIP-C.jpg
2025-03-06 20:05:26,539 - app_pyside6.gui.result_viewer - INFO - DataFrame columns: ['run_number', 'count', 'confidence']
2025-03-06 20:05:26,540 - app_pyside6.gui.result_viewer - INFO - Statistics keys: ['confidence_stats', 'count_stats']
2025-03-06 20:05:33,933 - app_pyside6.config.config_manager - INFO - Configuration saved to C:\Users\ETPau\Documents\GitHub\CNN-\app_pyside6\config\defaults\defaults.yaml
2025-03-06 20:05:33,935 - app_pyside6.gui.image_list_widget - INFO - Image loaded: OIP-C.jpg
2025-03-06 20:05:33,935 - app_pyside6.gui.image_list_widget - INFO - Image loaded: R-C.jpg
2025-03-06 20:05:33,936 - app_pyside6.gui.image_list_widget - INFO - Image loaded: t019872959c62f44875.jpg
2025-03-06 20:05:37,199 - app_pyside6.utils.batch_analyzer - INFO - Processing image: OIP-C
2025-03-06 20:05:38,771 - app_pyside6.utils.batch_analyzer - INFO - Plots created in C:\Users\ETPau\Desktop\MicroAI Detect\2\results\batch\20250306_200537\plots
2025-03-06 20:05:38,833 - app_pyside6.utils.batch_analyzer - INFO - Processing image: R-C
2025-03-06 20:05:40,244 - app_pyside6.utils.batch_analyzer - INFO - Plots created in C:\Users\ETPau\Desktop\MicroAI Detect\2\results\batch\20250306_200537\plots
2025-03-06 20:05:40,299 - app_pyside6.utils.batch_analyzer - INFO - Processing image: t019872959c62f44875
2025-03-06 20:05:41,614 - app_pyside6.utils.batch_analyzer - INFO - Plots created in C:\Users\ETPau\Desktop\MicroAI Detect\2\results\batch\20250306_200537\plots
2025-03-06 20:05:41,738 - app_pyside6.gui.image_list_widget - INFO - Processing complete: OIP-C.jpg
2025-03-06 20:05:41,739 - app_pyside6.gui.image_list_widget - INFO - Processing complete: R-C.jpg
2025-03-06 20:05:41,739 - app_pyside6.gui.image_list_widget - INFO - Processing complete: t019872959c62f44875.jpg
2025-03-06 20:06:02,952 - app_pyside6.gui.settings_dialog - ERROR - Failed to apply settings: 'dict' object has no attribute 'set'
2025-03-06 20:06:06,712 - app_pyside6.gui.result_viewer - INFO - Populating summary table...
2025-03-06 20:06:06,712 - app_pyside6.gui.result_viewer - INFO - Found statistics in result
2025-03-06 20:06:06,712 - app_pyside6.gui.result_viewer - INFO - Successfully added summary data for C:\Users\ETPau\Desktop\MicroAI Detect\2\PIC\OIP-C.jpg
2025-03-06 20:06:06,712 - app_pyside6.gui.result_viewer - INFO - Found statistics in result
2025-03-06 20:06:06,714 - app_pyside6.gui.result_viewer - INFO - Successfully added summary data for C:\Users\ETPau\Desktop\MicroAI Detect\2\PIC\R-C.jpg
2025-03-06 20:06:06,714 - app_pyside6.gui.result_viewer - INFO - Found statistics in result
2025-03-06 20:06:06,714 - app_pyside6.gui.result_viewer - INFO - Successfully added summary data for C:\Users\ETPau\Desktop\MicroAI Detect\2\PIC\t019872959c62f44875.jpg
2025-03-06 20:06:06,716 - app_pyside6.gui.result_viewer - INFO - Creating comparison plots...
2025-03-06 20:06:06,716 - app_pyside6.gui.result_viewer - INFO - Processing 3 results
2025-03-06 20:06:06,716 - app_pyside6.gui.result_viewer - INFO - Checking result for C:\Users\ETPau\Desktop\MicroAI Detect\2\PIC\OIP-C.jpg
2025-03-06 20:06:06,716 - app_pyside6.gui.result_viewer - INFO - Found statistics in result
2025-03-06 20:06:06,716 - app_pyside6.gui.result_viewer - INFO - Successfully added data for C:\Users\ETPau\Desktop\MicroAI Detect\2\PIC\OIP-C.jpg
2025-03-06 20:06:06,717 - app_pyside6.gui.result_viewer - INFO - Checking result for C:\Users\ETPau\Desktop\MicroAI Detect\2\PIC\R-C.jpg
2025-03-06 20:06:06,717 - app_pyside6.gui.result_viewer - INFO - Found statistics in result
2025-03-06 20:06:06,717 - app_pyside6.gui.result_viewer - INFO - Successfully added data for C:\Users\ETPau\Desktop\MicroAI Detect\2\PIC\R-C.jpg
2025-03-06 20:06:06,717 - app_pyside6.gui.result_viewer - INFO - Checking result for C:\Users\ETPau\Desktop\MicroAI Detect\2\PIC\t019872959c62f44875.jpg
2025-03-06 20:06:06,718 - app_pyside6.gui.result_viewer - INFO - Found statistics in result
2025-03-06 20:06:06,718 - app_pyside6.gui.result_viewer - INFO - Successfully added data for C:\Users\ETPau\Desktop\MicroAI Detect\2\PIC\t019872959c62f44875.jpg
2025-03-06 20:06:07,382 - app_pyside6.gui.result_viewer - INFO - Looking for valid result in 3 results
2025-03-06 20:06:07,382 - app_pyside6.gui.result_viewer - INFO - Checking result for C:\Users\ETPau\Desktop\MicroAI Detect\2\PIC\OIP-C.jpg
2025-03-06 20:06:07,384 - app_pyside6.gui.result_viewer - INFO - Result keys: ['dataframe', 'output_dir', 'statistics']
2025-03-06 20:06:07,384 - app_pyside6.gui.result_viewer - INFO - Found valid result for C:\Users\ETPau\Desktop\MicroAI Detect\2\PIC\OIP-C.jpg
2025-03-06 20:06:07,384 - app_pyside6.gui.result_viewer - INFO - DataFrame columns: ['run_number', 'count', 'confidence']
2025-03-06 20:06:07,384 - app_pyside6.gui.result_viewer - INFO - Statistics keys: ['confidence_stats', 'count_stats']
2025-03-06 20:06:10,921 - app_pyside6.config.config_manager - INFO - Configuration saved to C:\Users\ETPau\Documents\GitHub\CNN-\app_pyside6\config\defaults\defaults.yaml
2025-03-06 20:46:57,599 - root - INFO - Logging initialized
2025-03-06 20:46:57,601 - root - INFO - Application directories created
2025-03-06 20:46:57,689 - app_pyside6.config - INFO - Using defaults configuration from: C:\Users\ETPau\Documents\GitHub\CNN-\app_pyside6\config\defaults\defaults.yaml
2025-03-06 20:46:57,698 - app_pyside6.config - INFO - Copied default config to: C:\Users\ETPau\Documents\GitHub\CNN-\app_pyside6\config\config.yaml
2025-03-06 20:46:57,700 - root - INFO - Configuration initialized
2025-03-06 20:47:03,109 - app_pyside6.utils.i18n - INFO - Loaded translations: ['en', 'zh']
2025-03-06 20:47:14,289 - app_pyside6.gui.main_window - INFO - Starting in demo mode
2025-03-06 20:47:14,289 - app_pyside6.models.inference - INFO - Running in demo mode - using mock predictions
2025-03-06 20:47:19,590 - app_pyside6.config.config_manager - INFO - Configuration saved to C:\Users\ETPau\Documents\GitHub\CNN-\app_pyside6\config\defaults\defaults.yaml
2025-03-06 20:47:19,597 - app_pyside6.gui.image_list_widget - INFO - Image loaded: OIP-C.jpg
2025-03-06 20:47:22,339 - app_pyside6.gui.image_list_widget - INFO - Processing complete: OIP-C.jpg
2025-03-06 20:47:23,848 - app_pyside6.gui.result_viewer - INFO - Looking for valid result in 1 results
2025-03-06 20:47:23,848 - app_pyside6.gui.result_viewer - INFO - Checking result for C:\Users\ETPau\Desktop\MicroAI Detect\1\PIC\OIP-C.jpg
2025-03-06 20:47:23,849 - app_pyside6.gui.result_viewer - INFO - Result keys: ['dataframe', 'output_dir']
2025-03-06 20:47:23,849 - app_pyside6.gui.result_viewer - INFO - Found valid result for C:\Users\ETPau\Desktop\MicroAI Detect\1\PIC\OIP-C.jpg
2025-03-06 20:47:23,849 - app_pyside6.gui.result_viewer - INFO - DataFrame columns: ['count', 'confidence', 'boxes', 'scores', 'statistics']
2025-03-06 20:47:26,191 - app_pyside6.gui.result_viewer - ERROR - Failed to cleanup on close: 'ResultViewer' object has no attribute 'cleanup_plots'
2025-03-06 20:47:28,553 - app_pyside6.utils.batch_analyzer - INFO - Processing image: OIP-C
2025-03-06 20:47:29,982 - app_pyside6.utils.batch_analyzer - INFO - Plots created in C:\Users\ETPau\Desktop\MicroAI Detect\1\results\batch\20250306_204728\plots
2025-03-06 20:47:30,270 - app_pyside6.gui.image_list_widget - INFO - Processing complete: OIP-C.jpg
2025-03-06 20:47:36,246 - app_pyside6.gui.result_viewer - INFO - Looking for valid result in 1 results
2025-03-06 20:47:36,247 - app_pyside6.gui.result_viewer - INFO - Checking result for C:\Users\ETPau\Desktop\MicroAI Detect\1\PIC\OIP-C.jpg
2025-03-06 20:47:36,247 - app_pyside6.gui.result_viewer - INFO - Result keys: ['dataframe', 'output_dir', 'statistics']
2025-03-06 20:47:36,247 - app_pyside6.gui.result_viewer - INFO - Found valid result for C:\Users\ETPau\Desktop\MicroAI Detect\1\PIC\OIP-C.jpg
2025-03-06 20:47:36,249 - app_pyside6.gui.result_viewer - INFO - DataFrame columns: ['run_number', 'count', 'confidence']
2025-03-06 20:47:36,249 - app_pyside6.gui.result_viewer - INFO - Statistics keys: ['confidence_stats', 'count_stats']
2025-03-06 20:47:36,267 - app_pyside6.gui.result_viewer - INFO - Looking for valid result in 1 results
2025-03-06 20:47:36,268 - app_pyside6.gui.result_viewer - INFO - Checking result for C:\Users\ETPau\Desktop\MicroAI Detect\1\PIC\OIP-C.jpg
2025-03-06 20:47:36,268 - app_pyside6.gui.result_viewer - INFO - Result keys: ['dataframe', 'output_dir', 'statistics']
2025-03-06 20:47:36,268 - app_pyside6.gui.result_viewer - INFO - Found valid result for C:\Users\ETPau\Desktop\MicroAI Detect\1\PIC\OIP-C.jpg
2025-03-06 20:47:36,269 - app_pyside6.gui.result_viewer - INFO - DataFrame columns: ['run_number', 'count', 'confidence']
2025-03-06 20:47:36,269 - app_pyside6.gui.result_viewer - INFO - Statistics keys: ['confidence_stats', 'count_stats']
2025-03-06 20:47:36,272 - app_pyside6.gui.result_viewer - INFO - Looking for valid result in 1 results
2025-03-06 20:47:36,272 - app_pyside6.gui.result_viewer - INFO - Checking result for C:\Users\ETPau\Desktop\MicroAI Detect\1\PIC\OIP-C.jpg
2025-03-06 20:47:36,272 - app_pyside6.gui.result_viewer - INFO - Result keys: ['dataframe', 'output_dir', 'statistics']
2025-03-06 20:47:36,274 - app_pyside6.gui.result_viewer - INFO - Found valid result for C:\Users\ETPau\Desktop\MicroAI Detect\1\PIC\OIP-C.jpg
2025-03-06 20:47:36,274 - app_pyside6.gui.result_viewer - INFO - DataFrame columns: ['run_number', 'count', 'confidence']
2025-03-06 20:47:36,275 - app_pyside6.gui.result_viewer - INFO - Statistics keys: ['confidence_stats', 'count_stats']
2025-03-06 20:47:36,278 - app_pyside6.gui.result_viewer - INFO - Looking for valid result in 1 results
2025-03-06 20:47:36,278 - app_pyside6.gui.result_viewer - INFO - Checking result for C:\Users\ETPau\Desktop\MicroAI Detect\1\PIC\OIP-C.jpg
2025-03-06 20:47:36,279 - app_pyside6.gui.result_viewer - INFO - Result keys: ['dataframe', 'output_dir', 'statistics']
2025-03-06 20:47:36,279 - app_pyside6.gui.result_viewer - INFO - Found valid result for C:\Users\ETPau\Desktop\MicroAI Detect\1\PIC\OIP-C.jpg
2025-03-06 20:47:36,279 - app_pyside6.gui.result_viewer - INFO - DataFrame columns: ['run_number', 'count', 'confidence']
2025-03-06 20:47:36,281 - app_pyside6.gui.result_viewer - INFO - Statistics keys: ['confidence_stats', 'count_stats']
2025-03-06 20:47:44,596 - app_pyside6.gui.result_viewer - ERROR - Failed to cleanup on close: 'ResultViewer' object has no attribute 'cleanup_plots'
2025-03-06 20:47:49,518 - app_pyside6.config.config_manager - INFO - Configuration saved to C:\Users\ETPau\Documents\GitHub\CNN-\app_pyside6\config\defaults\defaults.yaml
2025-03-06 20:47:49,522 - app_pyside6.gui.image_list_widget - INFO - Image loaded: OIP-C.jpg
2025-03-06 20:47:49,524 - app_pyside6.gui.image_list_widget - INFO - Image loaded: R-C.jpg
2025-03-06 20:47:49,525 - app_pyside6.gui.image_list_widget - INFO - Image loaded: t019872959c62f44875.jpg
2025-03-06 20:47:51,213 - app_pyside6.utils.batch_analyzer - INFO - Processing image: OIP-C
2025-03-06 20:47:52,411 - app_pyside6.utils.batch_analyzer - INFO - Plots created in C:\Users\ETPau\Desktop\MicroAI Detect\2\results\batch\20250306_204751\plots
2025-03-06 20:47:52,469 - app_pyside6.utils.batch_analyzer - INFO - Processing image: R-C
2025-03-06 20:47:53,866 - app_pyside6.utils.batch_analyzer - INFO - Plots created in C:\Users\ETPau\Desktop\MicroAI Detect\2\results\batch\20250306_204751\plots
2025-03-06 20:47:53,917 - app_pyside6.utils.batch_analyzer - INFO - Processing image: t019872959c62f44875
2025-03-06 20:47:55,160 - app_pyside6.utils.batch_analyzer - INFO - Plots created in C:\Users\ETPau\Desktop\MicroAI Detect\2\results\batch\20250306_204751\plots
2025-03-06 20:47:55,288 - app_pyside6.gui.image_list_widget - INFO - Processing complete: OIP-C.jpg
2025-03-06 20:47:55,289 - app_pyside6.gui.image_list_widget - INFO - Processing complete: R-C.jpg
2025-03-06 20:47:55,289 - app_pyside6.gui.image_list_widget - INFO - Processing complete: t019872959c62f44875.jpg
2025-03-06 20:47:56,887 - app_pyside6.gui.result_viewer - INFO - Populating summary table...
2025-03-06 20:47:56,887 - app_pyside6.gui.result_viewer - INFO - Found statistics in result
2025-03-06 20:47:56,887 - app_pyside6.gui.result_viewer - INFO - Successfully added summary data for C:\Users\ETPau\Desktop\MicroAI Detect\2\PIC\OIP-C.jpg
2025-03-06 20:47:56,901 - app_pyside6.gui.result_viewer - INFO - Found statistics in result
2025-03-06 20:47:56,901 - app_pyside6.gui.result_viewer - INFO - Successfully added summary data for C:\Users\ETPau\Desktop\MicroAI Detect\2\PIC\R-C.jpg
2025-03-06 20:47:56,901 - app_pyside6.gui.result_viewer - INFO - Found statistics in result
2025-03-06 20:47:56,903 - app_pyside6.gui.result_viewer - INFO - Successfully added summary data for C:\Users\ETPau\Desktop\MicroAI Detect\2\PIC\t019872959c62f44875.jpg
2025-03-06 20:47:56,904 - app_pyside6.gui.result_viewer - INFO - Creating comparison plots...
2025-03-06 20:47:56,904 - app_pyside6.gui.result_viewer - INFO - Processing 3 results
2025-03-06 20:47:56,904 - app_pyside6.gui.result_viewer - INFO - Checking result for C:\Users\ETPau\Desktop\MicroAI Detect\2\PIC\OIP-C.jpg
2025-03-06 20:47:56,904 - app_pyside6.gui.result_viewer - INFO - Found statistics in result
2025-03-06 20:47:56,904 - app_pyside6.gui.result_viewer - INFO - Successfully added data for C:\Users\ETPau\Desktop\MicroAI Detect\2\PIC\OIP-C.jpg
2025-03-06 20:47:56,905 - app_pyside6.gui.result_viewer - INFO - Checking result for C:\Users\ETPau\Desktop\MicroAI Detect\2\PIC\R-C.jpg
2025-03-06 20:47:56,905 - app_pyside6.gui.result_viewer - INFO - Found statistics in result
2025-03-06 20:47:56,905 - app_pyside6.gui.result_viewer - INFO - Successfully added data for C:\Users\ETPau\Desktop\MicroAI Detect\2\PIC\R-C.jpg
2025-03-06 20:47:56,905 - app_pyside6.gui.result_viewer - INFO - Checking result for C:\Users\ETPau\Desktop\MicroAI Detect\2\PIC\t019872959c62f44875.jpg
2025-03-06 20:47:56,906 - app_pyside6.gui.result_viewer - INFO - Found statistics in result
2025-03-06 20:47:56,906 - app_pyside6.gui.result_viewer - INFO - Successfully added data for C:\Users\ETPau\Desktop\MicroAI Detect\2\PIC\t019872959c62f44875.jpg
2025-03-06 20:47:57,044 - app_pyside6.gui.result_viewer - ERROR - Failed to update detail plots: 'ResultViewer' object has no attribute 'details_plot_container'
2025-03-06 20:47:57,049 - app_pyside6.gui.result_viewer - ERROR - Failed to update details: 'ResultViewer' object has no attribute 'details_plot_container'
2025-03-06 20:47:57,051 - app_pyside6.gui.result_viewer - INFO - Looking for valid result in 3 results
2025-03-06 20:47:57,051 - app_pyside6.gui.result_viewer - INFO - Checking result for C:\Users\ETPau\Desktop\MicroAI Detect\2\PIC\OIP-C.jpg
2025-03-06 20:47:57,051 - app_pyside6.gui.result_viewer - INFO - Result keys: ['dataframe', 'output_dir', 'statistics']
2025-03-06 20:47:57,051 - app_pyside6.gui.result_viewer - INFO - Found valid result for C:\Users\ETPau\Desktop\MicroAI Detect\2\PIC\OIP-C.jpg
2025-03-06 20:47:57,052 - app_pyside6.gui.result_viewer - INFO - DataFrame columns: ['run_number', 'count', 'confidence']
2025-03-06 20:47:57,052 - app_pyside6.gui.result_viewer - INFO - Statistics keys: ['confidence_stats', 'count_stats']
2025-03-06 20:48:04,202 - app_pyside6.gui.result_viewer - ERROR - Failed to update detail plots: 'ResultViewer' object has no attribute 'details_plot_container'
2025-03-06 20:48:04,202 - app_pyside6.gui.result_viewer - ERROR - Failed to update details: 'ResultViewer' object has no attribute 'details_plot_container'
2025-03-06 20:48:05,864 - app_pyside6.gui.result_viewer - ERROR - Failed to update detail plots: 'ResultViewer' object has no attribute 'details_plot_container'
2025-03-06 20:48:05,865 - app_pyside6.gui.result_viewer - ERROR - Failed to update details: 'ResultViewer' object has no attribute 'details_plot_container'
2025-03-06 20:48:07,533 - app_pyside6.gui.result_viewer - ERROR - Failed to update detail plots: 'ResultViewer' object has no attribute 'details_plot_container'
2025-03-06 20:48:07,535 - app_pyside6.gui.result_viewer - ERROR - Failed to update details: 'ResultViewer' object has no attribute 'details_plot_container'
2025-03-06 20:48:10,581 - app_pyside6.gui.result_viewer - ERROR - Failed to cleanup on close: 'ResultViewer' object has no attribute 'cleanup_plots'
2025-03-06 20:48:11,326 - app_pyside6.config.config_manager - INFO - Configuration saved to C:\Users\ETPau\Documents\GitHub\CNN-\app_pyside6\config\defaults\defaults.yaml
2025-03-06 22:41:18,539 - root - INFO - Logging initialized
2025-03-06 22:41:18,541 - root - INFO - Application directories created
2025-03-06 22:41:18,623 - app_pyside6.config - INFO - Using defaults configuration from: c:\Users\ETPau\Documents\GitHub\CNN-\app_pyside6\config\defaults\defaults.yaml
2025-03-06 22:41:18,630 - app_pyside6.config - INFO - Copied default config to: c:\Users\ETPau\Documents\GitHub\CNN-\app_pyside6\config\config.yaml
2025-03-06 22:41:18,631 - root - INFO - Configuration initialized
2025-03-06 22:41:23,536 - app_pyside6.utils.i18n - INFO - Loaded translations: ['en', 'zh']
2025-03-06 22:41:31,695 - app_pyside6.gui.main_window - INFO - Starting in demo mode
2025-03-06 22:41:31,695 - app_pyside6.models.inference - INFO - Running in demo mode - using mock predictions
2025-03-06 22:43:45,154 - app_pyside6.config.config_manager - INFO - Configuration saved to c:\Users\ETPau\Documents\GitHub\CNN-\app_pyside6\config\defaults\defaults.yaml
2025-03-06 22:43:45,160 - app_pyside6.gui.image_list_widget - INFO - Image loaded: OIP-C.jpg
2025-03-06 22:43:45,161 - app_pyside6.gui.image_list_widget - INFO - Image loaded: R-C.jpg
2025-03-06 22:43:45,161 - app_pyside6.gui.image_list_widget - INFO - Image loaded: t019872959c62f44875.jpg
2025-03-06 22:43:46,906 - app_pyside6.gui.image_list_widget - INFO - Processing complete: OIP-C.jpg
2025-03-06 22:43:46,906 - app_pyside6.gui.image_list_widget - INFO - Processing complete: R-C.jpg
2025-03-06 22:43:46,907 - app_pyside6.gui.image_list_widget - INFO - Processing complete: t019872959c62f44875.jpg
2025-03-06 22:43:47,673 - app_pyside6.gui.main_window - ERROR - Failed to show results: 'ResultViewer' object has no attribute 'setup_ui'
2025-03-06 22:43:49,733 - app_pyside6.gui.image_list_widget - INFO - Processing complete: OIP-C.jpg
2025-03-06 22:43:49,733 - app_pyside6.gui.image_list_widget - INFO - Processing complete: R-C.jpg
2025-03-06 22:43:49,734 - app_pyside6.gui.image_list_widget - INFO - Processing complete: t019872959c62f44875.jpg
2025-03-06 22:43:50,246 - app_pyside6.gui.main_window - ERROR - Failed to show results: 'ResultViewer' object has no attribute 'setup_ui'
2025-03-06 22:43:52,501 - app_pyside6.utils.batch_analyzer - INFO - Processing image: OIP-C
2025-03-06 22:43:53,633 - app_pyside6.utils.batch_analyzer - INFO - Plots created in C:\Users\ETPau\Desktop\MicroAI Detect\2\results\batch\20250306_224352\plots
2025-03-06 22:43:53,783 - app_pyside6.utils.batch_analyzer - INFO - Processing image: R-C
2025-03-06 22:43:54,719 - app_pyside6.utils.batch_analyzer - INFO - Plots created in C:\Users\ETPau\Desktop\MicroAI Detect\2\results\batch\20250306_224352\plots
2025-03-06 22:43:54,755 - app_pyside6.utils.batch_analyzer - INFO - Processing image: t019872959c62f44875
2025-03-06 22:43:55,693 - app_pyside6.utils.batch_analyzer - INFO - Plots created in C:\Users\ETPau\Desktop\MicroAI Detect\2\results\batch\20250306_224352\plots
2025-03-06 22:43:55,792 - app_pyside6.gui.image_list_widget - INFO - Processing complete: OIP-C.jpg
2025-03-06 22:43:55,792 - app_pyside6.gui.image_list_widget - INFO - Processing complete: R-C.jpg
2025-03-06 22:43:55,793 - app_pyside6.gui.image_list_widget - INFO - Processing complete: t019872959c62f44875.jpg
2025-03-06 22:43:57,665 - app_pyside6.gui.main_window - ERROR - Failed to show results: 'ResultViewer' object has no attribute 'setup_ui'
2025-03-06 22:43:59,846 - app_pyside6.config.config_manager - INFO - Configuration saved to c:\Users\ETPau\Documents\GitHub\CNN-\app_pyside6\config\defaults\defaults.yaml
2025-03-06 23:09:55,396 - root - INFO - Logging initialized
2025-03-06 23:09:55,398 - root - INFO - Application directories created
2025-03-06 23:09:55,488 - app_pyside6.config - INFO - Using defaults configuration from: c:\Users\ETPau\Documents\GitHub\CNN-\app_pyside6\config\defaults\defaults.yaml
2025-03-06 23:09:55,498 - app_pyside6.config - INFO - Copied default config to: c:\Users\ETPau\Documents\GitHub\CNN-\app_pyside6\config\config.yaml
2025-03-06 23:09:55,499 - root - INFO - Configuration initialized
2025-03-06 23:10:00,647 - app_pyside6.utils.i18n - INFO - Loaded translations: ['en', 'zh']
2025-03-06 23:10:10,998 - app_pyside6.gui.main_window - INFO - Starting in demo mode
2025-03-06 23:10:10,999 - app_pyside6.models.inference - INFO - Running in demo mode - using mock predictions
2025-03-06 23:10:16,239 - app_pyside6.config.config_manager - INFO - Configuration saved to c:\Users\ETPau\Documents\GitHub\CNN-\app_pyside6\config\defaults\defaults.yaml
2025-03-06 23:10:16,248 - app_pyside6.gui.image_list_widget - INFO - Image loaded: OIP-C.jpg
2025-03-06 23:10:16,249 - app_pyside6.gui.image_list_widget - INFO - Image loaded: R-C.jpg
2025-03-06 23:10:16,249 - app_pyside6.gui.image_list_widget - INFO - Image loaded: t019872959c62f44875.jpg
2025-03-06 23:10:18,013 - app_pyside6.gui.image_list_widget - INFO - Processing complete: OIP-C.jpg
2025-03-06 23:10:18,013 - app_pyside6.gui.image_list_widget - INFO - Processing complete: R-C.jpg
2025-03-06 23:10:18,013 - app_pyside6.gui.image_list_widget - INFO - Processing complete: t019872959c62f44875.jpg
2025-03-06 23:10:19,112 - app_pyside6.gui.result_viewer - INFO - Populating summary table...
2025-03-06 23:10:19,114 - app_pyside6.gui.result_viewer - INFO - Found statistics in DataFrame
2025-03-06 23:10:19,115 - app_pyside6.gui.result_viewer - INFO - Successfully added summary data for C:\Users\ETPau\Desktop\MicroAI Detect\2\PIC\OIP-C.jpg
2025-03-06 23:10:19,115 - app_pyside6.gui.result_viewer - INFO - Found statistics in DataFrame
2025-03-06 23:10:19,116 - app_pyside6.gui.result_viewer - INFO - Successfully added summary data for C:\Users\ETPau\Desktop\MicroAI Detect\2\PIC\R-C.jpg
2025-03-06 23:10:19,116 - app_pyside6.gui.result_viewer - INFO - Found statistics in DataFrame
2025-03-06 23:10:19,116 - app_pyside6.gui.result_viewer - INFO - Successfully added summary data for C:\Users\ETPau\Desktop\MicroAI Detect\2\PIC\t019872959c62f44875.jpg
2025-03-06 23:10:19,135 - app_pyside6.gui.result_viewer - ERROR - Failed to update detail plots: 'ResultViewer' object has no attribute 'create_plots'
2025-03-06 23:10:19,136 - app_pyside6.gui.result_viewer - INFO - Looking for valid result in 3 results
2025-03-06 23:10:19,138 - app_pyside6.gui.result_viewer - INFO - Checking result for C:\Users\ETPau\Desktop\MicroAI Detect\2\PIC\OIP-C.jpg
2025-03-06 23:10:19,138 - app_pyside6.gui.result_viewer - INFO - Found valid result for C:\Users\ETPau\Desktop\MicroAI Detect\2\PIC\OIP-C.jpg
2025-03-06 23:10:19,138 - app_pyside6.gui.result_viewer - INFO - DataFrame columns: ['count', 'confidence', 'boxes', 'scores', 'statistics']
2025-03-06 23:10:19,139 - app_pyside6.gui.result_viewer - ERROR - Failed to create plots: 'ResultViewer' object has no attribute 'create_plots'
2025-03-06 23:10:19,140 - app_pyside6.gui.main_window - ERROR - Failed to show results: 'ResultViewer' object has no attribute 'export_results'
2025-03-06 23:10:21,758 - app_pyside6.utils.batch_analyzer - INFO - Processing image: OIP-C
2025-03-06 23:10:23,593 - app_pyside6.utils.batch_analyzer - INFO - Plots created in C:\Users\ETPau\Desktop\MicroAI Detect\2\results\batch\20250306_231021\plots
2025-03-06 23:10:23,857 - app_pyside6.utils.batch_analyzer - INFO - Processing image: R-C
2025-03-06 23:10:25,268 - app_pyside6.utils.batch_analyzer - INFO - Plots created in C:\Users\ETPau\Desktop\MicroAI Detect\2\results\batch\20250306_231021\plots
2025-03-06 23:10:25,306 - app_pyside6.utils.batch_analyzer - INFO - Processing image: t019872959c62f44875
2025-03-06 23:10:26,396 - app_pyside6.utils.batch_analyzer - INFO - Plots created in C:\Users\ETPau\Desktop\MicroAI Detect\2\results\batch\20250306_231021\plots
2025-03-06 23:10:26,491 - app_pyside6.gui.image_list_widget - INFO - Processing complete: OIP-C.jpg
2025-03-06 23:10:26,491 - app_pyside6.gui.image_list_widget - INFO - Processing complete: R-C.jpg
2025-03-06 23:10:26,491 - app_pyside6.gui.image_list_widget - INFO - Processing complete: t019872959c62f44875.jpg
2025-03-06 23:10:28,706 - app_pyside6.gui.result_viewer - INFO - Populating summary table...
2025-03-06 23:10:28,706 - app_pyside6.gui.result_viewer - INFO - Found statistics in result
2025-03-06 23:10:28,707 - app_pyside6.gui.result_viewer - INFO - Successfully added summary data for C:\Users\ETPau\Desktop\MicroAI Detect\2\PIC\OIP-C.jpg
2025-03-06 23:10:28,707 - app_pyside6.gui.result_viewer - INFO - Found statistics in result
2025-03-06 23:10:28,707 - app_pyside6.gui.result_viewer - INFO - Successfully added summary data for C:\Users\ETPau\Desktop\MicroAI Detect\2\PIC\R-C.jpg
2025-03-06 23:10:28,707 - app_pyside6.gui.result_viewer - INFO - Found statistics in result
2025-03-06 23:10:28,708 - app_pyside6.gui.result_viewer - INFO - Successfully added summary data for C:\Users\ETPau\Desktop\MicroAI Detect\2\PIC\t019872959c62f44875.jpg
2025-03-06 23:10:28,718 - app_pyside6.gui.result_viewer - ERROR - Failed to update detail plots: 'ResultViewer' object has no attribute 'create_plots'
2025-03-06 23:10:28,719 - app_pyside6.gui.result_viewer - INFO - Looking for valid result in 3 results
2025-03-06 23:10:28,719 - app_pyside6.gui.result_viewer - INFO - Checking result for C:\Users\ETPau\Desktop\MicroAI Detect\2\PIC\OIP-C.jpg
2025-03-06 23:10:28,720 - app_pyside6.gui.result_viewer - INFO - Found valid result for C:\Users\ETPau\Desktop\MicroAI Detect\2\PIC\OIP-C.jpg
2025-03-06 23:10:28,720 - app_pyside6.gui.result_viewer - INFO - DataFrame columns: ['run_number', 'count', 'confidence']
2025-03-06 23:10:28,720 - app_pyside6.gui.result_viewer - INFO - Statistics keys: ['confidence_stats', 'count_stats']
2025-03-06 23:10:28,720 - app_pyside6.gui.result_viewer - ERROR - Failed to create plots: 'ResultViewer' object has no attribute 'create_plots'
2025-03-06 23:10:28,722 - app_pyside6.gui.main_window - ERROR - Failed to show results: 'ResultViewer' object has no attribute 'export_results'
2025-03-06 23:10:30,532 - app_pyside6.config.config_manager - INFO - Configuration saved to c:\Users\ETPau\Documents\GitHub\CNN-\app_pyside6\config\defaults\defaults.yaml
2025-03-06 23:21:06,731 - root - INFO - Logging initialized
2025-03-06 23:21:06,746 - root - INFO - Application directories created
2025-03-06 23:21:06,849 - app_pyside6.config - INFO - Using defaults configuration from: c:\Users\ETPau\Documents\GitHub\CNN-\app_pyside6\config\defaults\defaults.yaml
2025-03-06 23:21:06,865 - app_pyside6.config - INFO - Copied default config to: c:\Users\ETPau\Documents\GitHub\CNN-\app_pyside6\config\config.yaml
2025-03-06 23:21:06,866 - root - INFO - Configuration initialized
2025-03-06 23:21:11,883 - app_pyside6.utils.i18n - INFO - Loaded translations: ['en', 'zh']
2025-03-06 23:21:19,923 - app_pyside6.gui.main_window - INFO - Starting in demo mode
2025-03-06 23:21:19,923 - app_pyside6.models.inference - INFO - Running in demo mode - using mock predictions
2025-03-06 23:21:28,311 - app_pyside6.config.config_manager - INFO - Configuration saved to c:\Users\ETPau\Documents\GitHub\CNN-\app_pyside6\config\defaults\defaults.yaml
2025-03-06 23:21:28,312 - app_pyside6.gui.image_list_widget - INFO - Image loaded: OIP-C.jpg
2025-03-06 23:21:37,142 - app_pyside6.gui.image_list_widget - INFO - Processing complete: OIP-C.jpg
2025-03-06 23:21:37,811 - app_pyside6.gui.result_viewer - INFO - Looking for valid result in 1 results
2025-03-06 23:21:37,811 - app_pyside6.gui.result_viewer - INFO - Checking result for C:\Users\ETPau\Desktop\MicroAI Detect\1\PIC\OIP-C.jpg
2025-03-06 23:21:37,812 - app_pyside6.gui.result_viewer - INFO - Found valid result for C:\Users\ETPau\Desktop\MicroAI Detect\1\PIC\OIP-C.jpg
2025-03-06 23:21:37,812 - app_pyside6.gui.result_viewer - INFO - DataFrame columns: ['count', 'confidence', 'boxes', 'scores', 'statistics']
2025-03-06 23:21:41,919 - app_pyside6.gui.result_viewer - INFO - Looking for valid result in 1 results
2025-03-06 23:21:41,920 - app_pyside6.gui.result_viewer - INFO - Checking result for C:\Users\ETPau\Desktop\MicroAI Detect\1\PIC\OIP-C.jpg
2025-03-06 23:21:41,920 - app_pyside6.gui.result_viewer - INFO - Found valid result for C:\Users\ETPau\Desktop\MicroAI Detect\1\PIC\OIP-C.jpg
2025-03-06 23:21:41,921 - app_pyside6.gui.result_viewer - INFO - DataFrame columns: ['count', 'confidence', 'boxes', 'scores', 'statistics']
2025-03-06 23:21:41,923 - app_pyside6.gui.result_viewer - INFO - Looking for valid result in 1 results
2025-03-06 23:21:41,923 - app_pyside6.gui.result_viewer - INFO - Checking result for C:\Users\ETPau\Desktop\MicroAI Detect\1\PIC\OIP-C.jpg
2025-03-06 23:21:41,923 - app_pyside6.gui.result_viewer - INFO - Found valid result for C:\Users\ETPau\Desktop\MicroAI Detect\1\PIC\OIP-C.jpg
2025-03-06 23:21:41,923 - app_pyside6.gui.result_viewer - INFO - DataFrame columns: ['count', 'confidence', 'boxes', 'scores', 'statistics']
2025-03-06 23:21:41,925 - app_pyside6.gui.result_viewer - INFO - Looking for valid result in 1 results
2025-03-06 23:21:41,926 - app_pyside6.gui.result_viewer - INFO - Checking result for C:\Users\ETPau\Desktop\MicroAI Detect\1\PIC\OIP-C.jpg
2025-03-06 23:21:41,926 - app_pyside6.gui.result_viewer - INFO - Found valid result for C:\Users\ETPau\Desktop\MicroAI Detect\1\PIC\OIP-C.jpg
2025-03-06 23:21:41,926 - app_pyside6.gui.result_viewer - INFO - DataFrame columns: ['count', 'confidence', 'boxes', 'scores', 'statistics']
2025-03-06 23:21:45,627 - app_pyside6.utils.batch_analyzer - INFO - Processing image: OIP-C
2025-03-06 23:21:46,860 - app_pyside6.utils.batch_analyzer - INFO - Plots created in C:\Users\ETPau\Desktop\MicroAI Detect\1\results\batch\20250306_232145\plots
2025-03-06 23:21:46,990 - app_pyside6.gui.image_list_widget - INFO - Processing complete: OIP-C.jpg
2025-03-06 23:21:49,029 - app_pyside6.gui.result_viewer - INFO - Looking for valid result in 1 results
2025-03-06 23:21:49,029 - app_pyside6.gui.result_viewer - INFO - Checking result for C:\Users\ETPau\Desktop\MicroAI Detect\1\PIC\OIP-C.jpg
2025-03-06 23:21:49,030 - app_pyside6.gui.result_viewer - INFO - Found valid result for C:\Users\ETPau\Desktop\MicroAI Detect\1\PIC\OIP-C.jpg
2025-03-06 23:21:49,030 - app_pyside6.gui.result_viewer - INFO - DataFrame columns: ['run_number', 'count', 'confidence']
2025-03-06 23:21:49,030 - app_pyside6.gui.result_viewer - INFO - Statistics keys: ['confidence_stats', 'count_stats']
2025-03-06 23:21:49,056 - app_pyside6.gui.result_viewer - INFO - Looking for valid result in 1 results
2025-03-06 23:21:49,057 - app_pyside6.gui.result_viewer - INFO - Checking result for C:\Users\ETPau\Desktop\MicroAI Detect\1\PIC\OIP-C.jpg
2025-03-06 23:21:49,057 - app_pyside6.gui.result_viewer - INFO - Found valid result for C:\Users\ETPau\Desktop\MicroAI Detect\1\PIC\OIP-C.jpg
2025-03-06 23:21:49,058 - app_pyside6.gui.result_viewer - INFO - DataFrame columns: ['run_number', 'count', 'confidence']
2025-03-06 23:21:49,058 - app_pyside6.gui.result_viewer - INFO - Statistics keys: ['confidence_stats', 'count_stats']
2025-03-06 23:21:49,061 - app_pyside6.gui.result_viewer - INFO - Looking for valid result in 1 results
2025-03-06 23:21:49,061 - app_pyside6.gui.result_viewer - INFO - Checking result for C:\Users\ETPau\Desktop\MicroAI Detect\1\PIC\OIP-C.jpg
2025-03-06 23:21:49,063 - app_pyside6.gui.result_viewer - INFO - Found valid result for C:\Users\ETPau\Desktop\MicroAI Detect\1\PIC\OIP-C.jpg
2025-03-06 23:21:49,063 - app_pyside6.gui.result_viewer - INFO - DataFrame columns: ['run_number', 'count', 'confidence']
2025-03-06 23:21:49,063 - app_pyside6.gui.result_viewer - INFO - Statistics keys: ['confidence_stats', 'count_stats']
2025-03-06 23:21:49,068 - app_pyside6.gui.result_viewer - INFO - Looking for valid result in 1 results
2025-03-06 23:21:49,069 - app_pyside6.gui.result_viewer - INFO - Checking result for C:\Users\ETPau\Desktop\MicroAI Detect\1\PIC\OIP-C.jpg
2025-03-06 23:21:49,069 - app_pyside6.gui.result_viewer - INFO - Found valid result for C:\Users\ETPau\Desktop\MicroAI Detect\1\PIC\OIP-C.jpg
2025-03-06 23:21:49,069 - app_pyside6.gui.result_viewer - INFO - DataFrame columns: ['run_number', 'count', 'confidence']
2025-03-06 23:21:49,069 - app_pyside6.gui.result_viewer - INFO - Statistics keys: ['confidence_stats', 'count_stats']
2025-03-06 23:21:59,569 - app_pyside6.utils.batch_analyzer - INFO - Processing image: OIP-C
2025-03-06 23:22:00,890 - app_pyside6.utils.batch_analyzer - INFO - Plots created in C:\Users\ETPau\Desktop\MicroAI Detect\1\results\batch\20250306_232159\plots
2025-03-06 23:22:00,928 - app_pyside6.gui.image_list_widget - INFO - Processing complete: OIP-C.jpg
2025-03-06 23:22:02,662 - app_pyside6.gui.result_viewer - INFO - Looking for valid result in 1 results
2025-03-06 23:22:02,662 - app_pyside6.gui.result_viewer - INFO - Checking result for C:\Users\ETPau\Desktop\MicroAI Detect\1\PIC\OIP-C.jpg
2025-03-06 23:22:02,663 - app_pyside6.gui.result_viewer - INFO - Found valid result for C:\Users\ETPau\Desktop\MicroAI Detect\1\PIC\OIP-C.jpg
2025-03-06 23:22:02,663 - app_pyside6.gui.result_viewer - INFO - DataFrame columns: ['run_number', 'count', 'confidence']
2025-03-06 23:22:02,663 - app_pyside6.gui.result_viewer - INFO - Statistics keys: ['confidence_stats', 'count_stats']
2025-03-06 23:22:02,671 - app_pyside6.gui.result_viewer - INFO - Looking for valid result in 1 results
2025-03-06 23:22:02,671 - app_pyside6.gui.result_viewer - INFO - Checking result for C:\Users\ETPau\Desktop\MicroAI Detect\1\PIC\OIP-C.jpg
2025-03-06 23:22:02,671 - app_pyside6.gui.result_viewer - INFO - Found valid result for C:\Users\ETPau\Desktop\MicroAI Detect\1\PIC\OIP-C.jpg
2025-03-06 23:22:02,671 - app_pyside6.gui.result_viewer - INFO - DataFrame columns: ['run_number', 'count', 'confidence']
2025-03-06 23:22:02,672 - app_pyside6.gui.result_viewer - INFO - Statistics keys: ['confidence_stats', 'count_stats']
2025-03-06 23:22:02,675 - app_pyside6.gui.result_viewer - INFO - Looking for valid result in 1 results
2025-03-06 23:22:02,675 - app_pyside6.gui.result_viewer - INFO - Checking result for C:\Users\ETPau\Desktop\MicroAI Detect\1\PIC\OIP-C.jpg
2025-03-06 23:22:02,676 - app_pyside6.gui.result_viewer - INFO - Found valid result for C:\Users\ETPau\Desktop\MicroAI Detect\1\PIC\OIP-C.jpg
2025-03-06 23:22:02,676 - app_pyside6.gui.result_viewer - INFO - DataFrame columns: ['run_number', 'count', 'confidence']
2025-03-06 23:22:02,676 - app_pyside6.gui.result_viewer - INFO - Statistics keys: ['confidence_stats', 'count_stats']
2025-03-06 23:22:02,679 - app_pyside6.gui.result_viewer - INFO - Looking for valid result in 1 results
2025-03-06 23:22:02,679 - app_pyside6.gui.result_viewer - INFO - Checking result for C:\Users\ETPau\Desktop\MicroAI Detect\1\PIC\OIP-C.jpg
2025-03-06 23:22:02,679 - app_pyside6.gui.result_viewer - INFO - Found valid result for C:\Users\ETPau\Desktop\MicroAI Detect\1\PIC\OIP-C.jpg
2025-03-06 23:22:02,680 - app_pyside6.gui.result_viewer - INFO - DataFrame columns: ['run_number', 'count', 'confidence']
2025-03-06 23:22:02,680 - app_pyside6.gui.result_viewer - INFO - Statistics keys: ['confidence_stats', 'count_stats']
2025-03-06 23:22:15,893 - app_pyside6.config.config_manager - INFO - Configuration saved to c:\Users\ETPau\Documents\GitHub\CNN-\app_pyside6\config\defaults\defaults.yaml
2025-03-06 23:22:15,922 - app_pyside6.gui.image_list_widget - INFO - Image loaded: OIP-C.jpg
2025-03-06 23:22:15,922 - app_pyside6.gui.image_list_widget - INFO - Image loaded: R-C.jpg
2025-03-06 23:22:15,922 - app_pyside6.gui.image_list_widget - INFO - Image loaded: t019872959c62f44875.jpg
2025-03-06 23:22:18,673 - app_pyside6.gui.image_list_widget - INFO - Processing complete: OIP-C.jpg
2025-03-06 23:22:18,673 - app_pyside6.gui.image_list_widget - INFO - Processing complete: R-C.jpg
2025-03-06 23:22:18,674 - app_pyside6.gui.image_list_widget - INFO - Processing complete: t019872959c62f44875.jpg
2025-03-06 23:22:19,204 - app_pyside6.gui.result_viewer - INFO - Populating summary table...
2025-03-06 23:22:19,205 - app_pyside6.gui.result_viewer - INFO - Found statistics in DataFrame
2025-03-06 23:22:19,205 - app_pyside6.gui.result_viewer - INFO - Successfully added summary data for C:\Users\ETPau\Desktop\MicroAI Detect\2\PIC\OIP-C.jpg
2025-03-06 23:22:19,206 - app_pyside6.gui.result_viewer - INFO - Found statistics in DataFrame
2025-03-06 23:22:19,206 - app_pyside6.gui.result_viewer - INFO - Successfully added summary data for C:\Users\ETPau\Desktop\MicroAI Detect\2\PIC\R-C.jpg
2025-03-06 23:22:19,206 - app_pyside6.gui.result_viewer - INFO - Found statistics in DataFrame
2025-03-06 23:22:19,208 - app_pyside6.gui.result_viewer - INFO - Successfully added summary data for C:\Users\ETPau\Desktop\MicroAI Detect\2\PIC\t019872959c62f44875.jpg
2025-03-06 23:22:19,210 - app_pyside6.gui.result_viewer - INFO - Found statistics in DataFrame
2025-03-06 23:22:19,210 - app_pyside6.gui.result_viewer - INFO - Successfully added data for C:\Users\ETPau\Desktop\MicroAI Detect\2\PIC\OIP-C.jpg
2025-03-06 23:22:19,210 - app_pyside6.gui.result_viewer - INFO - Found statistics in DataFrame
2025-03-06 23:22:19,211 - app_pyside6.gui.result_viewer - INFO - Successfully added data for C:\Users\ETPau\Desktop\MicroAI Detect\2\PIC\R-C.jpg
2025-03-06 23:22:19,211 - app_pyside6.gui.result_viewer - INFO - Found statistics in DataFrame
2025-03-06 23:22:19,211 - app_pyside6.gui.result_viewer - INFO - Successfully added data for C:\Users\ETPau\Desktop\MicroAI Detect\2\PIC\t019872959c62f44875.jpg
2025-03-06 23:22:19,671 - app_pyside6.gui.result_viewer - INFO - Looking for valid result in 3 results
2025-03-06 23:22:19,672 - app_pyside6.gui.result_viewer - INFO - Checking result for C:\Users\ETPau\Desktop\MicroAI Detect\2\PIC\OIP-C.jpg
2025-03-06 23:22:19,672 - app_pyside6.gui.result_viewer - INFO - Found valid result for C:\Users\ETPau\Desktop\MicroAI Detect\2\PIC\OIP-C.jpg
2025-03-06 23:22:19,673 - app_pyside6.gui.result_viewer - INFO - DataFrame columns: ['count', 'confidence', 'boxes', 'scores', 'statistics']
2025-03-06 23:22:25,623 - app_pyside6.gui.result_viewer - INFO - Found statistics in DataFrame
2025-03-06 23:22:25,624 - app_pyside6.gui.result_viewer - INFO - Successfully added data for C:\Users\ETPau\Desktop\MicroAI Detect\2\PIC\OIP-C.jpg
2025-03-06 23:22:25,624 - app_pyside6.gui.result_viewer - INFO - Found statistics in DataFrame
2025-03-06 23:22:25,624 - app_pyside6.gui.result_viewer - INFO - Successfully added data for C:\Users\ETPau\Desktop\MicroAI Detect\2\PIC\R-C.jpg
2025-03-06 23:22:25,624 - app_pyside6.gui.result_viewer - INFO - Found statistics in DataFrame
2025-03-06 23:22:25,624 - app_pyside6.gui.result_viewer - INFO - Successfully added data for C:\Users\ETPau\Desktop\MicroAI Detect\2\PIC\t019872959c62f44875.jpg
2025-03-06 23:22:29,112 - app_pyside6.gui.result_viewer - INFO - Found statistics in DataFrame
2025-03-06 23:22:29,112 - app_pyside6.gui.result_viewer - INFO - Successfully added data for C:\Users\ETPau\Desktop\MicroAI Detect\2\PIC\OIP-C.jpg
2025-03-06 23:22:29,112 - app_pyside6.gui.result_viewer - INFO - Found statistics in DataFrame
2025-03-06 23:22:29,113 - app_pyside6.gui.result_viewer - INFO - Successfully added data for C:\Users\ETPau\Desktop\MicroAI Detect\2\PIC\R-C.jpg
2025-03-06 23:22:29,113 - app_pyside6.gui.result_viewer - INFO - Found statistics in DataFrame
2025-03-06 23:22:29,113 - app_pyside6.gui.result_viewer - INFO - Successfully added data for C:\Users\ETPau\Desktop\MicroAI Detect\2\PIC\t019872959c62f44875.jpg
2025-03-06 23:22:32,030 - app_pyside6.utils.batch_analyzer - INFO - Processing image: OIP-C
2025-03-06 23:22:33,061 - app_pyside6.utils.batch_analyzer - INFO - Plots created in C:\Users\ETPau\Desktop\MicroAI Detect\2\results\batch\20250306_232232\plots
2025-03-06 23:22:33,105 - app_pyside6.utils.batch_analyzer - INFO - Processing image: R-C
2025-03-06 23:22:34,150 - app_pyside6.utils.batch_analyzer - INFO - Plots created in C:\Users\ETPau\Desktop\MicroAI Detect\2\results\batch\20250306_232232\plots
2025-03-06 23:22:34,217 - app_pyside6.utils.batch_analyzer - INFO - Processing image: t019872959c62f44875
2025-03-06 23:22:35,252 - app_pyside6.utils.batch_analyzer - INFO - Plots created in C:\Users\ETPau\Desktop\MicroAI Detect\2\results\batch\20250306_232232\plots
2025-03-06 23:22:35,357 - app_pyside6.gui.image_list_widget - INFO - Processing complete: OIP-C.jpg
2025-03-06 23:22:35,358 - app_pyside6.gui.image_list_widget - INFO - Processing complete: R-C.jpg
2025-03-06 23:22:35,358 - app_pyside6.gui.image_list_widget - INFO - Processing complete: t019872959c62f44875.jpg
2025-03-06 23:22:37,222 - app_pyside6.gui.result_viewer - INFO - Populating summary table...
2025-03-06 23:22:37,223 - app_pyside6.gui.result_viewer - INFO - Found statistics in result
2025-03-06 23:22:37,223 - app_pyside6.gui.result_viewer - INFO - Successfully added summary data for C:\Users\ETPau\Desktop\MicroAI Detect\2\PIC\OIP-C.jpg
2025-03-06 23:22:37,223 - app_pyside6.gui.result_viewer - INFO - Found statistics in result
2025-03-06 23:22:37,223 - app_pyside6.gui.result_viewer - INFO - Successfully added summary data for C:\Users\ETPau\Desktop\MicroAI Detect\2\PIC\R-C.jpg
2025-03-06 23:22:37,224 - app_pyside6.gui.result_viewer - INFO - Found statistics in result
2025-03-06 23:22:37,224 - app_pyside6.gui.result_viewer - INFO - Successfully added summary data for C:\Users\ETPau\Desktop\MicroAI Detect\2\PIC\t019872959c62f44875.jpg
2025-03-06 23:22:37,226 - app_pyside6.gui.result_viewer - INFO - Found statistics in result
2025-03-06 23:22:37,227 - app_pyside6.gui.result_viewer - INFO - Successfully added data for C:\Users\ETPau\Desktop\MicroAI Detect\2\PIC\OIP-C.jpg
2025-03-06 23:22:37,227 - app_pyside6.gui.result_viewer - INFO - Found statistics in result
2025-03-06 23:22:37,227 - app_pyside6.gui.result_viewer - INFO - Successfully added data for C:\Users\ETPau\Desktop\MicroAI Detect\2\PIC\R-C.jpg
2025-03-06 23:22:37,227 - app_pyside6.gui.result_viewer - INFO - Found statistics in result
2025-03-06 23:22:37,227 - app_pyside6.gui.result_viewer - INFO - Successfully added data for C:\Users\ETPau\Desktop\MicroAI Detect\2\PIC\t019872959c62f44875.jpg
2025-03-06 23:22:37,551 - app_pyside6.gui.result_viewer - INFO - Looking for valid result in 3 results
2025-03-06 23:22:37,552 - app_pyside6.gui.result_viewer - INFO - Checking result for C:\Users\ETPau\Desktop\MicroAI Detect\2\PIC\OIP-C.jpg
2025-03-06 23:22:37,552 - app_pyside6.gui.result_viewer - INFO - Found valid result for C:\Users\ETPau\Desktop\MicroAI Detect\2\PIC\OIP-C.jpg
2025-03-06 23:22:37,552 - app_pyside6.gui.result_viewer - INFO - DataFrame columns: ['run_number', 'count', 'confidence']
2025-03-06 23:22:37,552 - app_pyside6.gui.result_viewer - INFO - Statistics keys: ['confidence_stats', 'count_stats']
2025-03-06 23:22:42,108 - app_pyside6.gui.result_viewer - INFO - Found statistics in result
2025-03-06 23:22:42,108 - app_pyside6.gui.result_viewer - INFO - Successfully added data for C:\Users\ETPau\Desktop\MicroAI Detect\2\PIC\OIP-C.jpg
2025-03-06 23:22:42,109 - app_pyside6.gui.result_viewer - INFO - Found statistics in result
2025-03-06 23:22:42,109 - app_pyside6.gui.result_viewer - INFO - Successfully added data for C:\Users\ETPau\Desktop\MicroAI Detect\2\PIC\R-C.jpg
2025-03-06 23:22:42,109 - app_pyside6.gui.result_viewer - INFO - Found statistics in result
2025-03-06 23:22:42,109 - app_pyside6.gui.result_viewer - INFO - Successfully added data for C:\Users\ETPau\Desktop\MicroAI Detect\2\PIC\t019872959c62f44875.jpg
2025-03-06 23:22:45,555 - app_pyside6.config.config_manager - INFO - Configuration saved to c:\Users\ETPau\Documents\GitHub\CNN-\app_pyside6\config\defaults\defaults.yaml
